//字库
#include "font_lib.h"

/*
 (0) .(1) :(2) /(3) %(4) 
0(5) 1(6) 2(7) 3(8) 4(9) 5(10) 6(11) 7(12) 8(13) 9(14) 
A(15) B(16) C(17) D(18) E(19) F(20) G(21) H(22) I(23) J(24) K(25) L(26) M(27) N(28) O(29) P(30) Q(31) R(32) S(33) T(34) U(35) V(36) W(37) X(38) Y(39) Z(40) 
a(41) b(42) c(43) d(44) e(45) f(46) g(47) h(48) i(49) j(50) k(51) l(52) m(53) n(54) o(55) p(56) q(57) r(58) s(59) t(60) u(61) v(62) w(63) x(64) y(65) z(66)
*/
// .:/%0123456789ABCDEFGHIJKLMNOPQRSTUVWXYZabcdefghijklmnopqrstuvwxyz

const unsigned char eng_8x16[ENG_FONT_NUM][16] = {
0x00,0x00,0x00,0x00,0x00,0x00,0x00,0x00,0x00,0x00,0x00,0x00,0x00,0x00,0x00,0x00,/*" ",0*/
0x00,0x00,0x00,0x00,0x00,0x00,0x00,0x00,0x00,0x00,0x00,0x00,0x60,0x60,0x00,0x00,/*".",1*/
0x00,0x00,0x00,0x00,0x00,0x00,0x18,0x18,0x00,0x00,0x00,0x00,0x18,0x18,0x00,0x00,/*":",2*/
0x00,0x00,0x02,0x04,0x04,0x04,0x08,0x08,0x10,0x10,0x10,0x20,0x20,0x40,0x40,0x00,/*"/",3*/
0x00,0x00,0x00,0x44,0xA4,0xA8,0xA8,0xB0,0x54,0x1A,0x2A,0x2A,0x4A,0x44,0x00,0x00,/*"%",4*/
0x00,0x00,0x00,0x18,0x24,0x42,0x42,0x42,0x42,0x42,0x42,0x42,0x24,0x18,0x00,0x00,/*"0",5*/
0x00,0x00,0x00,0x08,0x38,0x08,0x08,0x08,0x08,0x08,0x08,0x08,0x08,0x3E,0x00,0x00,/*"1",6*/
0x00,0x00,0x00,0x3C,0x42,0x42,0x42,0x02,0x04,0x08,0x10,0x20,0x42,0x7E,0x00,0x00,/*"2",7*/
0x00,0x00,0x00,0x3C,0x42,0x42,0x02,0x04,0x18,0x04,0x02,0x42,0x42,0x3C,0x00,0x00,/*"3",8*/
0x00,0x00,0x00,0x04,0x0C,0x0C,0x14,0x24,0x24,0x44,0x7F,0x04,0x04,0x1F,0x00,0x00,/*"4",9*/
0x00,0x00,0x00,0x7E,0x40,0x40,0x40,0x78,0x44,0x02,0x02,0x42,0x44,0x38,0x00,0x00,/*"5",10*/
0x00,0x00,0x00,0x18,0x24,0x40,0x40,0x5C,0x62,0x42,0x42,0x42,0x22,0x1C,0x00,0x00,/*"6",11*/
0x00,0x00,0x00,0x7E,0x42,0x04,0x04,0x08,0x08,0x10,0x10,0x10,0x10,0x10,0x00,0x00,/*"7",12*/
0x00,0x00,0x00,0x3C,0x42,0x42,0x42,0x24,0x18,0x24,0x42,0x42,0x42,0x3C,0x00,0x00,/*"8",13*/
0x00,0x00,0x00,0x38,0x44,0x42,0x42,0x42,0x46,0x3A,0x02,0x02,0x24,0x18,0x00,0x00,/*"9",14*/
0x00,0x00,0x00,0x10,0x10,0x18,0x28,0x28,0x24,0x3C,0x44,0x42,0x42,0xE7,0x00,0x00,/*"A",15*/
0x00,0x00,0x00,0xF8,0x44,0x44,0x44,0x78,0x44,0x42,0x42,0x42,0x44,0xF8,0x00,0x00,/*"B",16*/
0x00,0x00,0x00,0x3E,0x42,0x42,0x80,0x80,0x80,0x80,0x80,0x42,0x44,0x38,0x00,0x00,/*"C",17*/
0x00,0x00,0x00,0xF8,0x44,0x42,0x42,0x42,0x42,0x42,0x42,0x42,0x44,0xF8,0x00,0x00,/*"D",18*/
0x00,0x00,0x00,0xFC,0x42,0x48,0x48,0x78,0x48,0x48,0x40,0x42,0x42,0xFC,0x00,0x00,/*"E",19*/
0x00,0x00,0x00,0xFC,0x42,0x48,0x48,0x78,0x48,0x48,0x40,0x40,0x40,0xE0,0x00,0x00,/*"F",20*/
0x00,0x00,0x00,0x3C,0x44,0x44,0x80,0x80,0x80,0x8E,0x84,0x44,0x44,0x38,0x00,0x00,/*"G",21*/
0x00,0x00,0x00,0xE7,0x42,0x42,0x42,0x42,0x7E,0x42,0x42,0x42,0x42,0xE7,0x00,0x00,/*"H",22*/
0x00,0x00,0x00,0x7C,0x10,0x10,0x10,0x10,0x10,0x10,0x10,0x10,0x10,0x7C,0x00,0x00,/*"I",23*/
0x00,0x00,0x00,0x3E,0x08,0x08,0x08,0x08,0x08,0x08,0x08,0x08,0x08,0x08,0x88,0xF0,/*"J",24*/
0x00,0x00,0x00,0xEE,0x44,0x48,0x50,0x70,0x50,0x48,0x48,0x44,0x44,0xEE,0x00,0x00,/*"K",25*/
0x00,0x00,0x00,0xE0,0x40,0x40,0x40,0x40,0x40,0x40,0x40,0x40,0x42,0xFE,0x00,0x00,/*"L",26*/
0x00,0x00,0x00,0xEE,0x6C,0x6C,0x6C,0x6C,0x6C,0x54,0x54,0x54,0x54,0xD6,0x00,0x00,/*"M",27*/
0x00,0x00,0x00,0xC7,0x62,0x62,0x52,0x52,0x4A,0x4A,0x4A,0x46,0x46,0xE2,0x00,0x00,/*"N",28*/
0x00,0x00,0x00,0x38,0x44,0x82,0x82,0x82,0x82,0x82,0x82,0x82,0x44,0x38,0x00,0x00,/*"O",29*/
0x00,0x00,0x00,0xFC,0x42,0x42,0x42,0x42,0x7C,0x40,0x40,0x40,0x40,0xE0,0x00,0x00,/*"P",30*/
0x00,0x00,0x00,0x38,0x44,0x82,0x82,0x82,0x82,0x82,0x82,0xB2,0x4C,0x38,0x06,0x00,/*"Q",31*/
0x00,0x00,0x00,0xFC,0x42,0x42,0x42,0x7C,0x48,0x48,0x44,0x44,0x42,0xE3,0x00,0x00,/*"R",32*/
0x00,0x00,0x00,0x3E,0x42,0x42,0x40,0x20,0x18,0x04,0x02,0x42,0x42,0x7C,0x00,0x00,/*"S",33*/
0x00,0x00,0x00,0xFE,0x92,0x10,0x10,0x10,0x10,0x10,0x10,0x10,0x10,0x38,0x00,0x00,/*"T",34*/
0x00,0x00,0x00,0xE7,0x42,0x42,0x42,0x42,0x42,0x42,0x42,0x42,0x42,0x3C,0x00,0x00,/*"U",35*/
0x00,0x00,0x00,0xE7,0x42,0x42,0x44,0x24,0x24,0x28,0x28,0x18,0x10,0x10,0x00,0x00,/*"V",36*/
0x00,0x00,0x00,0xD6,0x54,0x54,0x54,0x54,0x54,0x6C,0x28,0x28,0x28,0x28,0x00,0x00,/*"W",37*/
0x00,0x00,0x00,0xE7,0x42,0x24,0x24,0x18,0x18,0x18,0x24,0x24,0x42,0xE7,0x00,0x00,/*"X",38*/
0x00,0x00,0x00,0xEE,0x44,0x44,0x28,0x28,0x10,0x10,0x10,0x10,0x10,0x38,0x00,0x00,/*"Y",39*/
0x00,0x00,0x00,0x7E,0x84,0x04,0x08,0x08,0x10,0x20,0x20,0x42,0x42,0xFC,0x00,0x00,/*"Z",40*/
0x00,0x00,0x00,0x00,0x00,0x00,0x00,0x38,0x44,0x0C,0x34,0x44,0x4C,0x36,0x00,0x00,/*"a",41*/
0x00,0x00,0x00,0x00,0xC0,0x40,0x40,0x58,0x64,0x42,0x42,0x42,0x64,0x58,0x00,0x00,/*"b",42*/
0x00,0x00,0x00,0x00,0x00,0x00,0x00,0x1C,0x22,0x40,0x40,0x40,0x22,0x1C,0x00,0x00,/*"c",43*/
0x00,0x00,0x00,0x00,0x06,0x02,0x02,0x3E,0x42,0x42,0x42,0x42,0x46,0x3B,0x00,0x00,/*"d",44*/
0x00,0x00,0x00,0x00,0x00,0x00,0x00,0x3C,0x42,0x42,0x7E,0x40,0x42,0x3C,0x00,0x00,/*"e",45*/
0x00,0x00,0x00,0x00,0x0C,0x12,0x10,0x7C,0x10,0x10,0x10,0x10,0x10,0x7C,0x00,0x00,/*"f",46*/
0x00,0x00,0x00,0x00,0x00,0x00,0x00,0x3E,0x44,0x44,0x38,0x40,0x3C,0x42,0x42,0x3C,/*"g",47*/
0x00,0x00,0x00,0x00,0xC0,0x40,0x40,0x5C,0x62,0x42,0x42,0x42,0x42,0xE7,0x00,0x00,/*"h",48*/
0x00,0x00,0x00,0x30,0x30,0x00,0x00,0x70,0x10,0x10,0x10,0x10,0x10,0x7C,0x00,0x00,/*"i",49*/
0x00,0x00,0x00,0x0C,0x0C,0x00,0x00,0x1C,0x04,0x04,0x04,0x04,0x04,0x04,0x44,0x78,/*"j",50*/
0x00,0x00,0x00,0x00,0xC0,0x40,0x40,0x4E,0x48,0x50,0x70,0x48,0x44,0xEE,0x00,0x00,/*"k",51*/
0x00,0x00,0x00,0x10,0x70,0x10,0x10,0x10,0x10,0x10,0x10,0x10,0x10,0x7C,0x00,0x00,/*"l",52*/
0x00,0x00,0x00,0x00,0x00,0x00,0x00,0xFE,0x49,0x49,0x49,0x49,0x49,0xED,0x00,0x00,/*"m",53*/
0x00,0x00,0x00,0x00,0x00,0x00,0x00,0xDC,0x62,0x42,0x42,0x42,0x42,0xE7,0x00,0x00,/*"n",54*/
0x00,0x00,0x00,0x00,0x00,0x00,0x00,0x3C,0x42,0x42,0x42,0x42,0x42,0x3C,0x00,0x00,/*"o",55*/
0x00,0x00,0x00,0x00,0x00,0x00,0x00,0xD8,0x64,0x42,0x42,0x42,0x64,0x58,0x40,0xE0,/*"p",56*/
0x00,0x00,0x00,0x00,0x00,0x00,0x00,0x1A,0x26,0x42,0x42,0x42,0x26,0x1A,0x02,0x07,/*"q",57*/
0x00,0x00,0x00,0x00,0x00,0x00,0x00,0xEE,0x32,0x20,0x20,0x20,0x20,0xF8,0x00,0x00,/*"r",58*/
0x00,0x00,0x00,0x00,0x00,0x00,0x00,0x3E,0x42,0x40,0x3C,0x02,0x42,0x7C,0x00,0x00,/*"s",59*/
0x00,0x00,0x00,0x00,0x00,0x10,0x10,0x7C,0x10,0x10,0x10,0x10,0x12,0x0C,0x00,0x00,/*"t",60*/
0x00,0x00,0x00,0x00,0x00,0x00,0x00,0xC6,0x42,0x42,0x42,0x42,0x46,0x3B,0x00,0x00,/*"u",61*/
0x00,0x00,0x00,0x00,0x00,0x00,0x00,0xEE,0x44,0x44,0x28,0x28,0x10,0x10,0x00,0x00,/*"v",62*/
0x00,0x00,0x00,0x00,0x00,0x00,0x00,0xDB,0x89,0x4A,0x5A,0x54,0x24,0x24,0x00,0x00,/*"w",63*/
0x00,0x00,0x00,0x00,0x00,0x00,0x00,0x76,0x24,0x18,0x18,0x18,0x24,0x6E,0x00,0x00,/*"x",64*/
0x00,0x00,0x00,0x00,0x00,0x00,0x00,0xE7,0x42,0x24,0x24,0x18,0x18,0x10,0x10,0x60,/*"y",65*/
0x00,0x00,0x00,0x00,0x00,0x00,0x00,0x7E,0x44,0x08,0x10,0x10,0x22,0x7E,0x00,0x00,/*"z",66*/
0x00,0x00,0x00,0x00,0x00,0x00,0x00,0x00,0x7E,0x00,0x00,0x00,0x00,0x00,0x00,0x00,/*"-",67*/

0x00,0x00,0x00,0x3C,0x42,0x42,0x62,0x04,0x08,0x08,0x08,0x00,0x18,0x18,0x00,0x00,/*"?",68*/

0x00,0x00,0x00,0x00,0x00,0x08,0x08,0x08,0x7F,0x08,0x08,0x08,0x00,0x00,0x00,0x00,/*"+",69*/

0x00,0x00,0x00,0x10,0x10,0x10,0x10,0x10,0x10,0x10,0x00,0x00,0x10,0x10,0x00,0x00,/*"!",70*/

0x00,0x02,0x04,0x08,0x08,0x10,0x10,0x10,0x10,0x10,0x10,0x08,0x08,0x04,0x02,0x00,/*"(",71*/
0x00,0x40,0x20,0x10,0x10,0x08,0x08,0x08,0x08,0x08,0x08,0x10,0x10,0x20,0x40,0x00,/*")",72*/

};


//.(0) 0(1) 1(2) 2(3) 3(4) 4(5) 5(6) 6(7) 7(8) 8(9) 9(10)
const unsigned char num_16x32[13][64]={//宋体
0x00,0x00,0x00,0x00,0x00,0x00,0x00,0x00,0x00,0x00,0x00,0x00,0x00,0x00,0x00,0x00,
0x00,0x00,0x00,0x00,0x00,0x00,0x00,0x00,0x00,0x00,0x00,0x00,0x00,0x00,0x00,0x00,
0x00,0x00,0x00,0x00,0x00,0x00,0x00,0x00,0x00,0x00,0x00,0x00,0x00,0x00,0x00,0x00,
0x1C,0x00,0x3E,0x00,0x3E,0x00,0x1C,0x00,0x00,0x00,0x00,0x00,0x00,0x00,0x00,0x00,/*".",0*/
0x00,0x00,0x00,0x00,0x00,0x00,0x00,0x00,0x00,0x00,0x00,0x00,0x03,0xE0,0x07,0x30,
0x0E,0x38,0x1C,0x1C,0x1C,0x1C,0x1C,0x0C,0x38,0x0E,0x38,0x0E,0x38,0x0E,0x38,0x0E,
0x38,0x0E,0x38,0x0E,0x38,0x0E,0x38,0x0E,0x38,0x0E,0x38,0x0E,0x1C,0x0C,0x1C,0x1C,
0x1C,0x1C,0x0E,0x38,0x07,0x30,0x03,0xE0,0x00,0x00,0x00,0x00,0x00,0x00,0x00,0x00,/*"0",1*/
0x00,0x00,0x00,0x00,0x00,0x00,0x00,0x00,0x00,0x00,0x00,0x00,0x00,0xC0,0x01,0xC0,
0x1F,0xC0,0x01,0xC0,0x01,0xC0,0x01,0xC0,0x01,0xC0,0x01,0xC0,0x01,0xC0,0x01,0xC0,
0x01,0xC0,0x01,0xC0,0x01,0xC0,0x01,0xC0,0x01,0xC0,0x01,0xC0,0x01,0xC0,0x01,0xC0,
0x01,0xC0,0x01,0xC0,0x03,0xE0,0x1F,0xFC,0x00,0x00,0x00,0x00,0x00,0x00,0x00,0x00,/*"1",2*/
0x00,0x00,0x00,0x00,0x00,0x00,0x00,0x00,0x00,0x00,0x00,0x00,0x07,0xF0,0x0C,0x3C,
0x18,0x1C,0x30,0x0E,0x30,0x0E,0x38,0x0E,0x38,0x0E,0x00,0x0E,0x00,0x1C,0x00,0x1C,
0x00,0x38,0x00,0x70,0x00,0xE0,0x01,0xC0,0x03,0x80,0x03,0x00,0x06,0x06,0x0C,0x06,
0x18,0x06,0x30,0x0E,0x3F,0xFC,0x3F,0xFC,0x00,0x00,0x00,0x00,0x00,0x00,0x00,0x00,/*"2",3*/
0x00,0x00,0x00,0x00,0x00,0x00,0x00,0x00,0x00,0x00,0x00,0x00,0x07,0xE0,0x1C,0x70,
0x38,0x38,0x38,0x1C,0x38,0x1C,0x38,0x1C,0x00,0x1C,0x00,0x1C,0x00,0x38,0x00,0x70,
0x03,0xE0,0x00,0x78,0x00,0x1C,0x00,0x0C,0x00,0x0E,0x00,0x0E,0x38,0x0E,0x38,0x0E,
0x38,0x0C,0x38,0x1C,0x1C,0x38,0x07,0xE0,0x00,0x00,0x00,0x00,0x00,0x00,0x00,0x00,/*"3",4*/
0x00,0x00,0x00,0x00,0x00,0x00,0x00,0x00,0x00,0x00,0x00,0x00,0x00,0x70,0x00,0x70,
0x00,0xF0,0x00,0xF0,0x01,0xF0,0x01,0xF0,0x03,0x70,0x06,0x70,0x06,0x70,0x0C,0x70,
0x0C,0x70,0x18,0x70,0x38,0x70,0x30,0x70,0x60,0x70,0x7F,0xFE,0x00,0x70,0x00,0x70,
0x00,0x70,0x00,0x70,0x00,0x70,0x03,0xFE,0x00,0x00,0x00,0x00,0x00,0x00,0x00,0x00,/*"4",5*/
0x00,0x00,0x00,0x00,0x00,0x00,0x00,0x00,0x00,0x00,0x00,0x00,0x0F,0xFE,0x0F,0xFE,
0x18,0x00,0x18,0x00,0x18,0x00,0x18,0x00,0x18,0x00,0x18,0x00,0x1B,0xF0,0x1E,0x38,
0x1C,0x1C,0x18,0x0C,0x00,0x0E,0x00,0x0E,0x00,0x0E,0x00,0x0E,0x38,0x0E,0x38,0x0E,
0x30,0x1C,0x30,0x1C,0x1C,0x38,0x07,0xE0,0x00,0x00,0x00,0x00,0x00,0x00,0x00,0x00,/*"5",6*/
0x00,0x00,0x00,0x00,0x00,0x00,0x00,0x00,0x00,0x00,0x00,0x00,0x01,0xF0,0x07,0x1C,
0x0E,0x1C,0x0C,0x1C,0x1C,0x00,0x18,0x00,0x18,0x00,0x38,0x00,0x3B,0xF0,0x3F,0x38,
0x3C,0x1C,0x3C,0x0C,0x38,0x0E,0x38,0x0E,0x38,0x0E,0x38,0x0E,0x38,0x0E,0x1C,0x0E,
0x1C,0x0C,0x0E,0x1C,0x0F,0x38,0x03,0xF0,0x00,0x00,0x00,0x00,0x00,0x00,0x00,0x00,/*"6",7*/
0x00,0x00,0x00,0x00,0x00,0x00,0x00,0x00,0x00,0x00,0x00,0x00,0x1F,0xFE,0x1F,0xFE,
0x18,0x0C,0x38,0x18,0x30,0x18,0x30,0x30,0x00,0x30,0x00,0x60,0x00,0x60,0x00,0x60,
0x00,0xC0,0x00,0xC0,0x01,0x80,0x01,0x80,0x01,0x80,0x01,0x80,0x03,0x80,0x03,0x80,
0x03,0x80,0x03,0x80,0x03,0x80,0x03,0x80,0x00,0x00,0x00,0x00,0x00,0x00,0x00,0x00,/*"7",8*/
0x00,0x00,0x00,0x00,0x00,0x00,0x00,0x00,0x00,0x00,0x00,0x00,0x07,0xF0,0x0E,0x38,
0x1C,0x1C,0x38,0x0E,0x38,0x0E,0x38,0x0E,0x3C,0x0E,0x3C,0x0C,0x1F,0x1C,0x0F,0xB0,
0x07,0xE0,0x1C,0xF8,0x38,0x7C,0x38,0x3C,0x70,0x1E,0x70,0x0E,0x70,0x0E,0x70,0x0E,
0x70,0x0E,0x38,0x1C,0x1C,0x38,0x07,0xE0,0x00,0x00,0x00,0x00,0x00,0x00,0x00,0x00,/*"8",9*/
0x00,0x00,0x00,0x00,0x00,0x00,0x00,0x00,0x00,0x00,0x00,0x00,0x07,0xE0,0x1C,0x30,
0x38,0x18,0x38,0x1C,0x70,0x0C,0x70,0x0E,0x70,0x0E,0x70,0x0E,0x70,0x0E,0x70,0x0E,
0x78,0x1E,0x38,0x3E,0x1C,0x7E,0x0F,0xCE,0x00,0x0E,0x00,0x1C,0x00,0x1C,0x00,0x18,
0x38,0x38,0x38,0x70,0x38,0xE0,0x0F,0xC0,0x00,0x00,0x00,0x00,0x00,0x00,0x00,0x00,/*"9",10*/
0x00,0x00,0x00,0x00,0x00,0x00,0x00,0x00,0x00,0x00,0x00,0x00,0x00,0x00,0x00,0x00,
0x00,0x00,0x00,0x00,0x00,0x00,0x00,0x00,0x00,0x00,0x00,0x00,0x00,0x00,0x00,0x00,
0x00,0x00,0x00,0x00,0x00,0x00,0x00,0x00,0x00,0x00,0x00,0x00,0x00,0x00,0x00,0x00,
0x00,0x00,0x00,0x00,0x00,0x00,0x00,0x00,0x00,0x00,0x00,0x00,0x00,0x00,0x00,0x00,/*" ",11*/
0x00,0x00,0x00,0x00,0x00,0x00,0x00,0x00,0x00,0x00,0x00,0x00,0x00,0x00,0x00,0x00,
0x00,0x00,0x00,0x00,0x00,0x00,0x00,0x00,0x00,0x00,0x00,0x00,0x00,0x00,0x00,0x00,
0x7F,0xFF,0x00,0x00,0x00,0x00,0x00,0x00,0x00,0x00,0x00,0x00,0x00,0x00,0x00,0x00,
0x00,0x00,0x00,0x00,0x00,0x00,0x00,0x00,0x00,0x00,0x00,0x00,0x00,0x00,0x00,0x00,/*"-",12*/

};

const unsigned char num_10x20[13][40] = {
0x00,0x00,0x00,0x00,0x00,0x00,0x00,0x00,0x00,0x00,0x00,0x00,0x00,0x00,0x00,0x00,
0x00,0x00,0x00,0x00,0x00,0x00,0x00,0x00,0x00,0x00,0x00,0x00,0x00,0x00,0x70,0x00,
0x70,0x00,0x00,0x00,0x00,0x00,0x00,0x00,/*".",0*/
0x00,0x00,0x00,0x00,0x00,0x00,0x1F,0x00,0x31,0x80,0x31,0x80,0x60,0xC0,0x60,0xC0,
0x60,0xC0,0x60,0xC0,0x60,0xC0,0x60,0xC0,0x60,0xC0,0x60,0xC0,0x31,0x80,0x31,0x80,
0x1F,0x00,0x00,0x00,0x00,0x00,0x00,0x00,/*"0",1*/
0x00,0x00,0x00,0x00,0x00,0x00,0x06,0x00,0x1E,0x00,0x06,0x00,0x06,0x00,0x06,0x00,
0x06,0x00,0x06,0x00,0x06,0x00,0x06,0x00,0x06,0x00,0x06,0x00,0x06,0x00,0x06,0x00,
0x1F,0x80,0x00,0x00,0x00,0x00,0x00,0x00,/*"1",2*/
0x00,0x00,0x00,0x00,0x00,0x00,0x1F,0x00,0x31,0x80,0x60,0xC0,0x60,0xC0,0x60,0xC0,
0x00,0xC0,0x01,0x80,0x03,0x00,0x06,0x00,0x0C,0x00,0x18,0x00,0x30,0xC0,0x60,0xC0,
0x7F,0xC0,0x00,0x00,0x00,0x00,0x00,0x00,/*"2",3*/
0x00,0x00,0x00,0x00,0x00,0x00,0x3E,0x00,0x63,0x00,0x61,0x80,0x61,0x80,0x01,0x80,
0x03,0x00,0x0F,0x00,0x01,0x80,0x00,0xC0,0x00,0xC0,0x60,0xC0,0x60,0xC0,0x61,0x80,
0x3F,0x00,0x00,0x00,0x00,0x00,0x00,0x00,/*"3",4*/
0x00,0x00,0x00,0x00,0x00,0x00,0x03,0x00,0x07,0x00,0x07,0x00,0x0F,0x00,0x0F,0x00,
0x1B,0x00,0x33,0x00,0x33,0x00,0x63,0x00,0x7F,0xC0,0x03,0x00,0x03,0x00,0x03,0x00,
0x0F,0xC0,0x00,0x00,0x00,0x00,0x00,0x00,/*"4",5*/
0x00,0x00,0x00,0x00,0x00,0x00,0x3F,0xC0,0x30,0x00,0x30,0x00,0x30,0x00,0x30,0x00,
0x3F,0x00,0x39,0x80,0x00,0xC0,0x00,0xC0,0x00,0xC0,0x60,0xC0,0x60,0xC0,0x61,0x80,
0x3F,0x00,0x00,0x00,0x00,0x00,0x00,0x00,/*"5",6*/
0x00,0x00,0x00,0x00,0x00,0x00,0x0F,0x00,0x19,0x80,0x31,0x80,0x60,0x00,0x60,0x00,
0x7F,0x00,0x71,0x80,0x60,0xC0,0x60,0xC0,0x60,0xC0,0x60,0xC0,0x30,0xC0,0x31,0x80,
0x1F,0x00,0x00,0x00,0x00,0x00,0x00,0x00,/*"6",7*/
0x00,0x00,0x00,0x00,0x00,0x00,0x7F,0xC0,0x60,0xC0,0x61,0x80,0x03,0x00,0x03,0x00,
0x03,0x00,0x06,0x00,0x06,0x00,0x0C,0x00,0x0C,0x00,0x0C,0x00,0x0C,0x00,0x0C,0x00,
0x0C,0x00,0x00,0x00,0x00,0x00,0x00,0x00,/*"7",8*/
0x00,0x00,0x00,0x00,0x00,0x00,0x1F,0x00,0x31,0x80,0x60,0xC0,0x60,0xC0,0x60,0xC0,
0x31,0x80,0x1F,0x00,0x31,0x80,0x60,0xC0,0x60,0xC0,0x60,0xC0,0x60,0xC0,0x31,0x80,
0x1F,0x00,0x00,0x00,0x00,0x00,0x00,0x00,/*"8",9*/
0x00,0x00,0x00,0x00,0x00,0x00,0x1F,0x00,0x31,0x80,0x61,0x80,0x60,0xC0,0x60,0xC0,
0x60,0xC0,0x61,0xC0,0x33,0xC0,0x1E,0xC0,0x00,0xC0,0x01,0x80,0x31,0x80,0x33,0x00,
0x1E,0x00,0x00,0x00,0x00,0x00,0x00,0x00,/*"9",10*/
0x00,0x00,0x00,0x00,0x00,0x00,0x00,0x00,0x00,0x00,0x00,0x00,0x00,0x00,0x00,0x00,
0x00,0x00,0x00,0x00,0x00,0x00,0x00,0x00,0x00,0x00,0x00,0x00,0x00,0x00,0x00,0x00,
0x00,0x00,0x00,0x00,0x00,0x00,0x00,0x00,/*" ",11*/
0x00,0x00,0x00,0x00,0x00,0x00,0x00,0x00,0x00,0x00,0x00,0x00,0x00,0x00,0x00,0x00,
0x00,0x00,0x7F,0xC0,0x00,0x00,0x00,0x00,0x00,0x00,0x00,0x00,0x00,0x00,0x00,0x00,
0x00,0x00,0x00,0x00,0x00,0x00,0x00,0x00,/*"-",12*/
};

const unsigned char chn_16x16[CHN_FONT_NUM][32] = {
0x00,0x00,0x00,0x00,0x00,0x00,0x00,0x00,0x00,0x00,0x00,0x00,0x00,0x00,0x00,0x00,
0x00,0x00,0x30,0x00,0x30,0x00,0x00,0x00,0x30,0x00,0x30,0x00,0x00,0x00,0x00,0x00,/*"：",0*/
0x10,0x40,0x10,0x20,0x10,0x20,0x13,0xFE,0xFA,0x02,0x14,0x44,0x10,0x40,0x1B,0xFE,
0x30,0x88,0xD0,0x88,0x11,0x08,0x10,0xD0,0x10,0x20,0x10,0x50,0x50,0x88,0x23,0x04,/*"按",1*/
0x08,0x08,0x48,0x1C,0x49,0xE0,0x49,0x00,0x49,0x00,0x7D,0xFC,0x41,0x44,0x41,0x44,
0x79,0x44,0x49,0x28,0x49,0x28,0x49,0x10,0x49,0x10,0x4A,0x28,0x4A,0x44,0x8C,0x82,/*"版",2*/
0x08,0x00,0x0B,0xF8,0x0A,0x08,0x12,0x08,0x12,0x08,0x33,0xF8,0x30,0x40,0x50,0x40,
0x97,0xFC,0x10,0xE0,0x11,0x50,0x12,0x48,0x14,0x44,0x18,0x42,0x10,0x40,0x10,0x40,/*"保",3*/
0x10,0x00,0x11,0xFC,0x11,0x04,0x11,0x04,0xFD,0x14,0x11,0x08,0x11,0x00,0x15,0xFC,
0x19,0x44,0x31,0x44,0xD1,0x28,0x11,0x28,0x11,0x10,0x11,0x28,0x51,0x44,0x21,0x82,/*"报",4*/
0x04,0x00,0x04,0x00,0x0F,0xF0,0x18,0x20,0x64,0x40,0x03,0x80,0x1C,0x70,0xE0,0x0E,
0x1F,0xF0,0x11,0x10,0x11,0x10,0x1F,0xF0,0x11,0x10,0x11,0x10,0x1F,0xF0,0x10,0x10,/*"备",5*/
0x01,0x00,0x01,0x00,0x01,0x00,0x01,0x00,0x7F,0xFC,0x03,0x80,0x05,0x40,0x05,0x40,
0x09,0x20,0x11,0x10,0x21,0x08,0x4F,0xE4,0x81,0x02,0x01,0x00,0x01,0x00,0x01,0x00,/*"本",6*/
0x20,0x00,0x17,0xFC,0x00,0x04,0x40,0x84,0x40,0x84,0x5F,0xF4,0x40,0x84,0x41,0x84,
0x42,0x84,0x44,0x84,0x48,0x84,0x50,0x84,0x42,0x84,0x41,0x04,0x40,0x14,0x40,0x08,/*"闭",7*/
0x10,0x00,0x11,0xFC,0x10,0x00,0x10,0x00,0xFC,0x00,0x13,0xFE,0x30,0x20,0x38,0x20,
0x55,0x28,0x55,0x24,0x92,0x24,0x12,0x22,0x14,0x22,0x10,0x20,0x10,0xA0,0x10,0x40,/*"标",8*/
0x01,0x00,0x01,0x00,0x7F,0xFC,0x01,0x00,0x01,0x00,0x3F,0xF8,0x01,0x00,0x01,0x00,
0xFF,0xFE,0x05,0x00,0x08,0x88,0x18,0x50,0x28,0x20,0xC9,0x18,0x0A,0x06,0x0C,0x00,/*"表",9*/
0x08,0x20,0x08,0x20,0xFF,0xFE,0x08,0x20,0x00,0x10,0x00,0xF8,0x3F,0x00,0x11,0x10,
0x08,0x20,0x01,0x00,0x7F,0xFC,0x05,0x40,0x09,0x20,0x31,0x18,0xC1,0x06,0x01,0x00,/*"菜",10*/
0x02,0x00,0x04,0x40,0x08,0x20,0x1F,0xF0,0x02,0x00,0x7F,0xFC,0x08,0x20,0x10,0x90,
0x23,0x08,0xCC,0x46,0x01,0x80,0x06,0x10,0x18,0x20,0x00,0xC0,0x07,0x00,0x78,0x00,/*"参",11*/
0x01,0x00,0x01,0x00,0x7F,0xFC,0x05,0x40,0x09,0x20,0x31,0x18,0xC1,0x06,0x1F,0xF0,
0x10,0x10,0x1F,0xF0,0x10,0x10,0x1F,0xF0,0x10,0x10,0x00,0x00,0xFF,0xFE,0x00,0x00,/*"查",12*/
0x00,0x00,0x3F,0xFE,0x20,0x00,0x20,0x00,0x20,0x00,0x20,0x00,0x20,0x00,0x20,0x00,
0x20,0x00,0x20,0x00,0x20,0x00,0x20,0x00,0x20,0x00,0x40,0x00,0x40,0x00,0x80,0x00,/*"厂",13*/
0x01,0x00,0x01,0x00,0x21,0x08,0x21,0x08,0x21,0x08,0x21,0x08,0x3F,0xF8,0x01,0x08,
0x01,0x00,0x01,0x00,0x41,0x04,0x41,0x04,0x41,0x04,0x41,0x04,0x7F,0xFC,0x00,0x04,/*"出",14*/
0x00,0x40,0x78,0x40,0x48,0xA0,0x51,0x10,0x52,0x08,0x65,0xF6,0x50,0x40,0x48,0x40,
0x4F,0xFC,0x48,0x40,0x6A,0x50,0x52,0x48,0x44,0x44,0x48,0x44,0x41,0x40,0x40,0x80,/*"除",15*/
0x08,0x40,0x08,0x40,0x08,0x40,0x13,0xF8,0x10,0x40,0x30,0x80,0x37,0xFE,0x50,0x80,
0x91,0x00,0x13,0xF8,0x10,0x08,0x11,0x10,0x10,0xA0,0x10,0x40,0x10,0x20,0x10,0x20,/*"传",16*/
0x04,0x00,0x04,0x00,0xFF,0xFE,0x08,0x00,0x08,0x00,0x13,0xF8,0x10,0x10,0x30,0x20,
0x50,0x40,0x97,0xFE,0x10,0x40,0x10,0x40,0x10,0x40,0x10,0x40,0x11,0x40,0x10,0x80,/*"存",17*/
0x10,0x00,0x10,0x00,0x13,0xFE,0x10,0x20,0xFC,0x20,0x10,0x20,0x10,0x20,0x14,0x20,
0x18,0x20,0x30,0x20,0xD0,0x20,0x10,0x20,0x10,0x20,0x10,0x20,0x50,0xA0,0x20,0x40,/*"打",18*/
0x10,0x10,0x08,0x20,0x04,0x40,0x3F,0xF8,0x21,0x08,0x21,0x08,0x3F,0xF8,0x21,0x08,
0x21,0x08,0x3F,0xF8,0x01,0x00,0x01,0x00,0xFF,0xFE,0x01,0x00,0x01,0x00,0x01,0x00,/*"单",19*/
0x01,0x00,0x21,0x08,0x11,0x08,0x09,0x10,0x09,0x20,0x01,0x00,0x7F,0xF8,0x00,0x08,
0x00,0x08,0x00,0x08,0x3F,0xF8,0x00,0x08,0x00,0x08,0x00,0x08,0x7F,0xF8,0x00,0x08,/*"当",20*/
0x00,0x00,0x3F,0xF0,0x20,0x10,0x20,0x10,0x3F,0xF0,0x20,0x04,0x20,0x04,0x1F,0xFC,
0x00,0x20,0x00,0x20,0xFF,0xFE,0x08,0x20,0x04,0x20,0x04,0x20,0x00,0xA0,0x00,0x40,/*"导",21*/
0x08,0x08,0x08,0x3C,0x0B,0xE0,0x12,0x20,0x12,0x20,0x32,0x20,0x32,0x20,0x53,0xFE,
0x92,0x20,0x12,0x10,0x12,0x10,0x12,0x12,0x12,0x0A,0x12,0x8A,0x13,0x26,0x12,0x12,/*"低",22*/
0x10,0x20,0x10,0x20,0x10,0x20,0x11,0x20,0x11,0x2C,0xFD,0x34,0x11,0x64,0x13,0xA4,
0x11,0x24,0x11,0x34,0x11,0x28,0x1D,0x22,0xE1,0x22,0x41,0x02,0x00,0xFE,0x00,0x00,/*"地",23*/
0x02,0x00,0x02,0x00,0x02,0x00,0x03,0xFC,0x02,0x00,0x02,0x00,0x3F,0xF0,0x20,0x10,
0x20,0x10,0x20,0x10,0x3F,0xF0,0x00,0x00,0x24,0x88,0x22,0x44,0x42,0x44,0x80,0x04,/*"点",24*/
0x01,0x00,0x01,0x00,0x01,0x00,0x3F,0xF8,0x21,0x08,0x21,0x08,0x21,0x08,0x3F,0xF8,
0x21,0x08,0x21,0x08,0x21,0x08,0x3F,0xF8,0x21,0x0A,0x01,0x02,0x01,0x02,0x00,0xFE,/*"电",25*/
0x02,0x00,0x01,0x00,0x7F,0xFE,0x40,0x02,0x80,0x04,0x00,0x00,0x3F,0xF8,0x01,0x00,
0x01,0x00,0x11,0x00,0x11,0xF8,0x11,0x00,0x11,0x00,0x29,0x00,0x47,0xFE,0x80,0x00,/*"定",26*/
0x00,0x40,0x00,0x40,0x7C,0x40,0x00,0x40,0x01,0xFC,0x00,0x44,0xFE,0x44,0x20,0x44,
0x20,0x44,0x20,0x84,0x48,0x84,0x44,0x84,0xFD,0x04,0x45,0x04,0x02,0x28,0x04,0x10,/*"动",27*/
0x01,0x00,0x00,0x80,0x3F,0xFE,0x22,0x20,0x22,0x20,0x3F,0xFC,0x22,0x20,0x22,0x20,
0x23,0xE0,0x20,0x00,0x2F,0xF0,0x24,0x10,0x42,0x20,0x41,0xC0,0x86,0x30,0x38,0x0E,/*"度",28*/
0x00,0x40,0x04,0x40,0x04,0x20,0x08,0x20,0x10,0x10,0x20,0x08,0x40,0x04,0x9F,0xE2,
0x04,0x20,0x04,0x20,0x04,0x20,0x08,0x20,0x08,0x20,0x10,0x20,0x21,0x40,0x40,0x80,/*"分",29*/
0x00,0x00,0x7F,0xFC,0x00,0x80,0x01,0x00,0x03,0x00,0x05,0x60,0x09,0x18,0x31,0x04,
0xC1,0x02,0x00,0x00,0x1F,0xF0,0x10,0x10,0x10,0x10,0x10,0x10,0x1F,0xF0,0x10,0x10,/*"否",30*/
0x10,0x00,0x10,0x00,0x1F,0xFC,0x20,0x00,0x5F,0xF0,0x90,0x10,0x1F,0xF0,0x10,0x10,
0x1F,0xF0,0x04,0x00,0x0F,0xF0,0x18,0x20,0x64,0x40,0x03,0x80,0x1C,0x70,0xE0,0x0E,/*"复",31*/
0x00,0x28,0x00,0x24,0x3F,0xFE,0x20,0x20,0x2F,0xA4,0x20,0x24,0x2F,0xA8,0x28,0x98,
0x28,0x92,0x4F,0xAA,0x40,0x46,0x80,0x82,0x01,0x00,0x48,0x84,0x48,0x12,0x87,0xF2,/*"感",32*/
0x02,0x00,0x01,0x00,0xFF,0xFE,0x00,0x00,0x0F,0xE0,0x08,0x20,0x08,0x20,0x0F,0xE0,
0x00,0x00,0x7F,0xFC,0x40,0x04,0x4F,0xE4,0x48,0x24,0x48,0x24,0x4F,0xE4,0x40,0x0C,/*"高",33*/
0x10,0x10,0x08,0x10,0x08,0x20,0x00,0x00,0x3F,0xF8,0x01,0x00,0x01,0x00,0x01,0x00,
0xFF,0xFE,0x01,0x00,0x02,0x80,0x02,0x80,0x04,0x40,0x08,0x20,0x30,0x18,0xC0,0x06,/*"关",34*/
0x20,0x40,0x3F,0x7E,0x48,0x90,0x85,0x08,0x01,0x00,0x7F,0xFE,0x40,0x02,0x9F,0xE4,
0x10,0x20,0x1F,0xE0,0x10,0x00,0x1F,0xF0,0x10,0x10,0x10,0x10,0x1F,0xF0,0x10,0x10,/*"管",35*/
0x00,0x00,0x1F,0xF0,0x10,0x10,0x10,0x10,0x10,0x10,0x1F,0xF0,0x00,0x00,0xFF,0xFE,
0x08,0x00,0x10,0x00,0x1F,0xF0,0x00,0x10,0x00,0x10,0x00,0x10,0x00,0xA0,0x00,0x40,/*"号",36*/
0x10,0x40,0x10,0x40,0x10,0x40,0x13,0xFE,0x18,0x80,0x54,0x90,0x50,0x90,0x51,0x12,
0x91,0x52,0x11,0x54,0x12,0x90,0x12,0x28,0x14,0x28,0x10,0x44,0x10,0x84,0x11,0x02,/*"恢",37*/
0x10,0x00,0x11,0xF0,0x11,0x10,0x11,0x10,0xFD,0x10,0x11,0x10,0x31,0x10,0x39,0x10,
0x55,0x10,0x55,0x10,0x91,0x10,0x11,0x12,0x11,0x12,0x12,0x12,0x12,0x0E,0x14,0x00,/*"机",38*/
0x20,0x00,0x13,0xFC,0x10,0x04,0x40,0x04,0x47,0xC4,0x44,0x44,0x44,0x44,0x44,0x44,
0x47,0xC4,0x44,0x44,0x44,0x44,0x44,0x44,0x47,0xC4,0x40,0x04,0x40,0x14,0x40,0x08,/*"间",39*/
0x20,0x10,0x20,0x10,0x3B,0x7C,0x21,0x14,0x41,0xFE,0x7A,0x14,0xA2,0x7C,0x27,0x10,
0xF9,0x7C,0x25,0x10,0x25,0xFE,0x22,0x10,0x2A,0x10,0x35,0x00,0x28,0xFE,0x00,0x00,/*"键",40*/
0x08,0x20,0x08,0x20,0x09,0x20,0x11,0x20,0x11,0xFC,0x32,0x20,0x32,0x20,0x54,0x20,
0x90,0x20,0x17,0xFE,0x10,0x20,0x10,0x20,0x10,0x20,0x10,0x20,0x10,0x20,0x10,0x20,/*"件",41*/
0x10,0x00,0x10,0xFC,0x3C,0x24,0x24,0x24,0x48,0x54,0xBE,0x88,0x2A,0x10,0x2A,0x50,
0x3E,0x7C,0x2A,0x90,0x2A,0x10,0x3E,0xFE,0x2A,0x10,0x4A,0x10,0x42,0x10,0x86,0x10,/*"解",42*/
0x24,0x20,0xFF,0x20,0x24,0x7E,0x7E,0xC4,0x82,0x28,0x7A,0x10,0x4A,0x28,0x7A,0xC6,
0x05,0x00,0xFF,0xFE,0x00,0x00,0x3F,0xF8,0x00,0x00,0x3F,0xF8,0x20,0x08,0x3F,0xF8,/*"警",43*/
0x20,0x00,0x23,0xFC,0x22,0x04,0x22,0x04,0xFB,0xFC,0x22,0x20,0x22,0x20,0x2B,0xFE,
0x32,0x20,0xE2,0x20,0x22,0xFC,0x22,0x84,0x22,0x84,0x24,0x84,0xA4,0xFC,0x48,0x84,/*"据",44*/
0x00,0x00,0x7F,0xFC,0x08,0x20,0x08,0x20,0x08,0x20,0x08,0x20,0x08,0x20,0xFF,0xFE,
0x08,0x20,0x08,0x20,0x08,0x20,0x08,0x20,0x10,0x20,0x10,0x20,0x20,0x20,0x40,0x20,/*"开",45*/
0x00,0x00,0x01,0xFC,0xFD,0x24,0x11,0x24,0x11,0xFC,0x11,0x24,0x11,0x24,0x7D,0xFC,
0x10,0x20,0x10,0x20,0x11,0xFC,0x10,0x20,0x1C,0x20,0xE0,0x20,0x43,0xFE,0x00,0x00,/*"理",46*/
0x00,0x00,0x3F,0xFE,0x20,0x00,0x20,0x80,0x20,0x80,0x20,0x80,0x2F,0xFC,0x20,0x84,
0x20,0x84,0x21,0x04,0x21,0x04,0x22,0x04,0x22,0x04,0x44,0x04,0x48,0x28,0x90,0x10,/*"历",47*/
0x00,0x00,0xFF,0xFE,0x04,0x40,0x04,0x40,0x04,0x40,0x7F,0xFC,0x44,0x44,0x44,0x44,
0x44,0x44,0x4A,0xA4,0x4A,0x94,0x51,0x14,0x42,0x04,0x40,0x04,0x40,0x14,0x40,0x08,/*"两",48*/

0x00,0x04,0x7F,0x84,0x08,0x04,0x08,0x24,0x1F,0x24,0x11,0x24,0x21,0x24,0x21,0x24,
0x52,0x24,0x8A,0x24,0x04,0x24,0x04,0x24,0x08,0x04,0x10,0x04,0x20,0x14,0x40,0x08,/*"列",49*/
0x3F,0xF8,0x01,0x00,0x7F,0xFE,0x41,0x02,0x9D,0x74,0x01,0x00,0x1D,0x70,0x02,0x80,
0x0C,0x60,0x32,0x18,0xC1,0x06,0x1F,0xE0,0x00,0x20,0x06,0x40,0x01,0x80,0x00,0x40,/*"零",1*/
0x02,0x00,0x01,0x00,0x7F,0xFC,0x02,0x00,0x44,0x44,0x2F,0x88,0x11,0x10,0x22,0x48,
0x4F,0xE4,0x00,0x20,0x01,0x00,0xFF,0xFE,0x01,0x00,0x01,0x00,0x01,0x00,0x01,0x00,/*"率",2*/
0x20,0x00,0x23,0xFC,0x22,0x04,0xFA,0xF4,0xAA,0x04,0xAA,0xF4,0xAA,0x04,0xA8,0x00,
0xA9,0xF8,0xA9,0x08,0xA9,0xF8,0xB9,0x08,0x21,0xF8,0x21,0x08,0x21,0xF8,0x21,0x08,/*"帽",3*/
0x20,0x00,0x13,0xFC,0x10,0x04,0x40,0x04,0x40,0x04,0x40,0x04,0x40,0x04,0x40,0x04,
0x40,0x04,0x40,0x04,0x40,0x04,0x40,0x04,0x40,0x04,0x40,0x04,0x40,0x14,0x40,0x08,/*"门",4*/
0x08,0x20,0x1C,0x20,0xF0,0x20,0x10,0xA8,0x10,0xA4,0xFC,0xA2,0x11,0x22,0x31,0x20,
0x3A,0x24,0x54,0x24,0x54,0x28,0x90,0x08,0x10,0x10,0x10,0x20,0x10,0xC0,0x13,0x00,/*"秒",5*/
0x00,0x88,0x78,0x88,0x4B,0xFE,0x48,0x88,0x48,0x00,0x79,0xFC,0x49,0x04,0x49,0xFC,
0x49,0x04,0x79,0xFC,0x48,0x20,0x4B,0xFE,0x48,0x50,0x48,0x88,0x49,0x04,0x9A,0x02,/*"膜",6*/
0x10,0x00,0x10,0x00,0x1F,0xFC,0x20,0x80,0x20,0x80,0x40,0x80,0x1F,0xF8,0x10,0x80,
0x10,0x80,0x10,0x80,0xFF,0xFE,0x00,0x80,0x00,0x80,0x00,0x80,0x00,0x80,0x00,0x80,/*"年",7*/
0x22,0x00,0x22,0x7C,0x7F,0x44,0x22,0x44,0x22,0x44,0x3E,0x7C,0x22,0x44,0x22,0x44,
0x3E,0x44,0x22,0x7C,0x22,0x44,0xFF,0x44,0x04,0x84,0x22,0x84,0x41,0x14,0x82,0x08,/*"期",8*/
0x01,0x00,0x00,0x80,0x1F,0xFC,0x10,0x04,0x10,0x04,0x10,0x04,0x1F,0xFC,0x10,0x00,
0x10,0x00,0x10,0x00,0x17,0xFC,0x24,0x04,0x24,0x04,0x44,0x04,0x87,0xFC,0x04,0x04,/*"启",9*/
0x00,0x00,0x3E,0x7C,0x22,0x44,0x22,0x44,0x3E,0x7C,0x01,0x20,0x01,0x10,0xFF,0xFE,
0x02,0x80,0x0C,0x60,0x30,0x18,0xC0,0x06,0x3E,0x7C,0x22,0x44,0x22,0x44,0x3E,0x7C,/*"器",10*/
0x10,0x00,0x10,0x00,0x3F,0xFC,0x20,0x00,0x4F,0xF0,0x80,0x00,0x3F,0xF0,0x00,0x10,
0x00,0x10,0x00,0x10,0x00,0x10,0x00,0x10,0x00,0x0A,0x00,0x0A,0x00,0x06,0x00,0x02,/*"气",11*/
0x10,0x10,0x08,0x10,0x08,0x20,0xFF,0xFE,0x00,0x00,0x3E,0x08,0x22,0x48,0x22,0x48,
0x3E,0x48,0x22,0x48,0x22,0x48,0x3E,0x48,0x22,0x08,0x22,0x08,0x2A,0x28,0x24,0x10,/*"前",12*/
0x00,0x40,0x00,0x40,0xFC,0x7C,0x10,0x84,0x11,0x08,0x22,0xFE,0x3C,0x92,0x64,0x92,
0x64,0xFE,0xA4,0x92,0x24,0x92,0x24,0xFE,0x3C,0x92,0x25,0x12,0x21,0x0A,0x02,0x04,/*"确",13*/
0x00,0x40,0x20,0x40,0x10,0x40,0x10,0x40,0x00,0x40,0x00,0x40,0xF0,0x40,0x10,0x40,
0x10,0xA0,0x10,0xA0,0x10,0xA0,0x15,0x10,0x19,0x10,0x12,0x08,0x04,0x04,0x08,0x02,/*"认",14*/
0x00,0x00,0x1F,0xF0,0x10,0x10,0x10,0x10,0x10,0x10,0x10,0x10,0x10,0x10,0x1F,0xF0,
0x10,0x10,0x10,0x10,0x10,0x10,0x10,0x10,0x10,0x10,0x10,0x10,0x1F,0xF0,0x10,0x10,/*"日",15*/
0x00,0x40,0x20,0x20,0x13,0xFE,0x12,0x02,0x84,0x94,0x41,0x08,0x4A,0x64,0x08,0x90,
0x11,0x08,0x12,0x04,0xE5,0xFA,0x21,0x08,0x21,0x08,0x21,0x08,0x21,0xF8,0x01,0x08,/*"溶",16*/
0x10,0x40,0x10,0x40,0x10,0x40,0xFE,0x7C,0x20,0x84,0x28,0x88,0x49,0x20,0x7E,0x20,
0x08,0x20,0x08,0x50,0x0E,0x50,0xF8,0x50,0x48,0x88,0x08,0x88,0x09,0x04,0x0A,0x02,/*"软",17*/
0x00,0x00,0x00,0x00,0x7F,0xFC,0x00,0x00,0x00,0x00,0x00,0x00,0x00,0x00,0x3F,0xF8,
0x00,0x00,0x00,0x00,0x00,0x00,0x00,0x00,0x00,0x00,0xFF,0xFE,0x00,0x00,0x00,0x00,/*"三",18*/
0x00,0x02,0x7B,0xC2,0x4A,0x42,0x4A,0x4A,0x4A,0x4A,0x4A,0x4A,0x4A,0x4A,0xFF,0xEA,
0x4A,0x4A,0x4A,0x4A,0x4A,0x4A,0x4A,0x4A,0x4A,0x42,0x5A,0x42,0x85,0x4A,0x08,0x84,/*"删",19*/
0x00,0x00,0x21,0xF0,0x11,0x10,0x11,0x10,0x01,0x10,0x02,0x0E,0xF4,0x00,0x13,0xF8,
0x11,0x08,0x11,0x10,0x10,0x90,0x14,0xA0,0x18,0x40,0x10,0xA0,0x03,0x18,0x0C,0x06,/*"设",20*/
0x00,0x08,0x00,0x08,0x7C,0x08,0x44,0x08,0x45,0xFE,0x44,0x08,0x44,0x08,0x7C,0x08,
0x44,0x88,0x44,0x48,0x44,0x48,0x44,0x08,0x7C,0x08,0x44,0x08,0x00,0x28,0x00,0x10,/*"时",21*/
0x01,0x00,0x01,0x00,0x01,0x00,0x3F,0xF8,0x21,0x08,0x21,0x08,0x21,0x08,0x3F,0xF8,
0x21,0x08,0x01,0x00,0x11,0x00,0x09,0x00,0x06,0x00,0x05,0x80,0x18,0x70,0xE0,0x0E,/*"史",22*/
0x00,0x00,0x3F,0xF8,0x00,0x00,0x00,0x00,0x00,0x00,0x00,0x00,0xFF,0xFE,0x01,0x00,
0x01,0x00,0x11,0x10,0x11,0x08,0x21,0x04,0x41,0x02,0x81,0x02,0x05,0x00,0x02,0x00,/*"示",23*/
0x1F,0xF0,0x10,0x10,0x10,0x10,0x1F,0xF0,0x10,0x10,0x10,0x10,0x1F,0xF0,0x00,0x00,
0xFF,0xFE,0x01,0x00,0x11,0x00,0x11,0xF8,0x11,0x00,0x29,0x00,0x45,0x00,0x83,0xFE,/*"是",24*/
0x08,0x20,0x49,0x20,0x2A,0x20,0x08,0x3E,0xFF,0x44,0x2A,0x44,0x49,0x44,0x88,0xA4,
0x10,0x28,0xFE,0x28,0x22,0x10,0x42,0x10,0x64,0x28,0x18,0x28,0x34,0x44,0xC2,0x82,/*"数",25*/
0x10,0xA0,0x11,0x2C,0x11,0x24,0x11,0x24,0xFD,0xAC,0x11,0x24,0x11,0x24,0x15,0xFC,
0x18,0x20,0x31,0xFC,0xD0,0x88,0x10,0x50,0x10,0x20,0x10,0x50,0x50,0x88,0x23,0x06,/*"搜",26*/
0x01,0x00,0x01,0x00,0x3F,0xF8,0x01,0x00,0x01,0x00,0x7F,0xFE,0x42,0x02,0x84,0x24,
0x1F,0xC0,0x01,0x80,0x06,0x10,0x3F,0xF8,0x01,0x08,0x11,0x20,0x25,0x10,0x42,0x08,/*"索",27*/
0x10,0x00,0x11,0xFC,0x11,0x04,0x11,0x04,0xFD,0xFC,0x11,0x04,0x11,0x04,0x15,0xFC,
0x18,0x00,0x33,0xFE,0xD0,0x20,0x11,0x20,0x11,0x3C,0x11,0x20,0x52,0xA0,0x24,0x7E,/*"提",28*/
0x10,0x40,0x10,0x20,0x20,0x20,0x23,0xFE,0x48,0x40,0xF8,0x88,0x11,0x04,0x23,0xFE,
0x40,0x92,0xF8,0x90,0x40,0x90,0x00,0x90,0x19,0x12,0xE1,0x12,0x42,0x0E,0x04,0x00,/*"统",29*/
0x08,0x80,0x08,0x40,0x08,0x40,0x10,0x00,0x17,0xFC,0x30,0x00,0x30,0x08,0x52,0x08,
0x92,0x08,0x11,0x10,0x11,0x10,0x11,0x10,0x11,0x20,0x10,0x20,0x1F,0xFE,0x10,0x00,/*"位",30*/
0x00,0x00,0x23,0xF8,0x12,0x08,0x12,0x08,0x83,0xF8,0x42,0x08,0x42,0x08,0x13,0xF8,
0x10,0x00,0x27,0xFC,0xE4,0xA4,0x24,0xA4,0x24,0xA4,0x24,0xA4,0x2F,0xFE,0x00,0x00,/*"温",31*/
0x02,0x00,0x01,0x00,0x01,0x00,0xFF,0xFE,0x10,0x10,0x10,0x10,0x08,0x20,0x08,0x20,
0x04,0x40,0x02,0x80,0x01,0x00,0x02,0x80,0x04,0x40,0x08,0x20,0x30,0x18,0xC0,0x06,/*"文",32*/
0x01,0x00,0x02,0x00,0x1F,0xF0,0x10,0x10,0x1F,0xF0,0x10,0x10,0x1F,0xF0,0x10,0x10,
0x1F,0xF0,0x10,0x10,0x01,0x00,0x08,0x84,0x48,0x92,0x48,0x12,0x87,0xF0,0x00,0x00,/*"息",33*/
0x00,0xF8,0x3F,0x00,0x04,0x00,0x08,0x20,0x10,0x40,0x3F,0x80,0x01,0x00,0x06,0x10,
0x18,0x08,0x7F,0xFC,0x01,0x04,0x09,0x20,0x11,0x10,0x21,0x08,0x45,0x04,0x02,0x00,/*"系",34*/
0x00,0x00,0x1F,0xF0,0x10,0x10,0x10,0x10,0x1F,0xF0,0x10,0x10,0x10,0x10,0x1F,0xF0,
0x04,0x40,0x44,0x44,0x24,0x44,0x14,0x48,0x14,0x50,0x04,0x40,0xFF,0xFE,0x00,0x00,/*"显",35*/
0x00,0x00,0x7B,0xF8,0x4A,0x08,0x52,0x08,0x53,0xF8,0x62,0x08,0x52,0x08,0x4B,0xF8,
0x4A,0x44,0x4A,0x48,0x6A,0x30,0x52,0x20,0x42,0x10,0x42,0x88,0x43,0x06,0x42,0x00,/*"限",36*/
0x10,0x40,0x10,0x20,0x10,0x20,0x11,0xFE,0xFC,0x00,0x10,0x88,0x31,0x04,0x3A,0x02,
0x54,0x88,0x50,0x88,0x90,0x50,0x10,0x50,0x10,0x20,0x10,0x50,0x10,0x88,0x13,0x06,/*"校",37*/
0x08,0x40,0x08,0x20,0x0B,0xFE,0x10,0x00,0x10,0x00,0x31,0xFC,0x30,0x00,0x50,0x00,
0x91,0xFC,0x10,0x00,0x10,0x00,0x11,0xFC,0x11,0x04,0x11,0x04,0x11,0xFC,0x11,0x04,/*"信",38*/
0x01,0x00,0x00,0x80,0x3F,0xFE,0x20,0x00,0x23,0xF8,0x20,0x10,0x20,0xA0,0x20,0x40,
0x2F,0xFE,0x20,0x42,0x20,0x44,0x20,0x40,0x40,0x40,0x40,0x40,0x81,0x40,0x00,0x80,/*"序",39*/
0x00,0x80,0x20,0x80,0x11,0x00,0x11,0xFC,0x02,0x04,0x04,0x04,0xF3,0xE4,0x12,0x24,
0x12,0x24,0x13,0xE4,0x12,0x24,0x12,0x24,0x17,0xE4,0x18,0x04,0x10,0x28,0x00,0x10,/*"询",40*/
0x00,0x00,0x3F,0xFE,0x20,0x00,0x20,0x80,0x20,0x80,0x20,0x80,0x20,0x80,0x2F,0xFC,
0x20,0x80,0x20,0x80,0x20,0x90,0x20,0x88,0x20,0x88,0x40,0x80,0x5F,0xFE,0x80,0x00,/*"压",41*/
0x08,0x20,0x08,0x20,0x7F,0x20,0x08,0x28,0x08,0x24,0x0F,0x22,0xF0,0x20,0x40,0x20,
0x00,0x00,0x3F,0xF8,0x24,0x48,0x24,0x48,0x24,0x48,0x24,0x48,0xFF,0xFE,0x00,0x00,/*"盐",42*/
0x02,0x00,0x01,0x00,0xFF,0xFE,0x00,0x00,0x00,0x00,0x3F,0xF8,0x00,0x00,0x00,0x00,
0x3F,0xF8,0x00,0x00,0x00,0x00,0x3F,0xF8,0x20,0x08,0x20,0x08,0x3F,0xF8,0x20,0x08,/*"言",43*/
0x20,0x00,0x3F,0xFC,0x40,0x00,0x9F,0xF0,0x00,0x00,0x7F,0xF0,0x11,0x10,0x0A,0x10,
0x7F,0xD0,0x04,0x10,0x3F,0x90,0x04,0x12,0xFF,0xEA,0x04,0x0A,0x04,0x06,0x04,0x02,/*"氧",44*/
0x08,0x80,0x08,0x48,0x0A,0x48,0x12,0x08,0x12,0x08,0x31,0x10,0x31,0x10,0x51,0x10,
0x90,0xA0,0x10,0xA0,0x10,0x40,0x10,0x40,0x10,0xA0,0x11,0x10,0x12,0x08,0x14,0x06,/*"仪",45*/
0x02,0x00,0x01,0x00,0x3F,0xF8,0x00,0x00,0x08,0x20,0x04,0x40,0xFF,0xFE,0x00,0x00,
0x1F,0xF0,0x10,0x10,0x10,0x10,0x1F,0xF0,0x10,0x10,0x10,0x10,0x1F,0xF0,0x10,0x10,/*"音",46*/
0x08,0x20,0x08,0x20,0xFF,0xFE,0x08,0x20,0x01,0x00,0x01,0x00,0x1F,0xF0,0x11,0x10,
0x11,0x10,0x11,0x10,0xFF,0xFE,0x02,0x80,0x04,0x40,0x08,0x20,0x30,0x18,0xC0,0x06,/*"英",47*/
0x00,0x00,0x01,0xFE,0xFC,0x20,0x10,0x20,0x11,0xFC,0x21,0x24,0x3D,0x24,0x65,0xFC,
0x65,0x24,0xA5,0x24,0x25,0xFC,0x25,0x20,0x3C,0xA0,0x24,0x40,0x20,0xB0,0x03,0x0E,/*"硬",97*/


0x00,0x00,0x47,0xFC,0x20,0x40,0x20,0x40,0x03,0xF8,0x00,0x88,0xE0,0x88,0x27,0xFE,
0x20,0x00,0x20,0x00,0x23,0xF8,0x22,0x08,0x2A,0x08,0x32,0x08,0x23,0xF8,0x02,0x08,/*"语",98*/
0x00,0x00,0x1F,0xF8,0x10,0x08,0x10,0x08,0x10,0x08,0x1F,0xF8,0x10,0x08,0x10,0x08,
0x10,0x08,0x1F,0xF8,0x10,0x08,0x10,0x08,0x20,0x08,0x20,0x08,0x40,0x28,0x80,0x10,/*"月",1*/
0x08,0x40,0x08,0x40,0x0F,0xFC,0x10,0x40,0x10,0x40,0x33,0xF8,0x32,0x08,0x53,0xF8,
0x92,0x08,0x13,0xF8,0x12,0x08,0x13,0xF8,0x12,0x08,0x12,0x08,0x1F,0xFE,0x10,0x00,/*"值",2*/
0x10,0x20,0x10,0x20,0x10,0x20,0x11,0x20,0x11,0x20,0xFD,0x20,0x11,0x3C,0x11,0x20,
0x11,0x20,0x11,0x20,0x11,0x20,0x1D,0x20,0xE1,0x20,0x41,0x20,0x07,0xFE,0x00,0x00,/*"址",3*/
0x01,0x00,0x01,0x00,0x01,0x00,0xFF,0xFE,0x01,0x00,0x01,0x00,0x01,0x00,0x3F,0xF8,
0x00,0x00,0x01,0x00,0x08,0x88,0x48,0x84,0x48,0x12,0x48,0x12,0x87,0xF0,0x00,0x00,/*"志",4*/
0x7F,0xFC,0x44,0x44,0x7F,0xFC,0x01,0x00,0x7F,0xFC,0x01,0x00,0x1F,0xF0,0x10,0x10,
0x1F,0xF0,0x10,0x10,0x1F,0xF0,0x10,0x10,0x1F,0xF0,0x10,0x10,0xFF,0xFE,0x00,0x00,/*"置",5*/
0x01,0x00,0x01,0x00,0x01,0x00,0x01,0x00,0x3F,0xF8,0x21,0x08,0x21,0x08,0x21,0x08,
0x21,0x08,0x21,0x08,0x3F,0xF8,0x21,0x08,0x01,0x00,0x01,0x00,0x01,0x00,0x01,0x00,/*"中",6*/
0x10,0x20,0x10,0x20,0x3C,0x20,0x20,0x20,0x41,0xFC,0xBD,0x24,0x11,0x24,0x11,0x24,
0xFD,0x24,0x11,0xFC,0x11,0x24,0x10,0x20,0x14,0x20,0x18,0x20,0x10,0x20,0x00,0x20,/*"钟",7*/
0x01,0x40,0x41,0x20,0x21,0x20,0x23,0xFE,0x02,0x20,0x16,0x20,0x1B,0xFC,0x12,0x20,
0x22,0x20,0x23,0xFC,0xE2,0x20,0x22,0x20,0x22,0x20,0x23,0xFE,0x22,0x00,0x02,0x00,/*"准",8*/
0x00,0x40,0x20,0x40,0x10,0x40,0x17,0xFC,0x84,0x44,0x44,0x44,0x44,0x44,0x14,0x44,
0x17,0xFC,0x24,0x44,0xE0,0x40,0x20,0x48,0x20,0x44,0x2F,0xFE,0x24,0x02,0x00,0x00,/*"浊",9*/
0x01,0x00,0x02,0x00,0x04,0x00,0x1F,0xF0,0x10,0x10,0x10,0x10,0x10,0x10,0x1F,0xF0,
0x10,0x10,0x10,0x10,0x1F,0xF0,0x10,0x10,0x10,0x10,0x10,0x10,0x1F,0xF0,0x10,0x10,/*"自",10*/
0x01,0x00,0x11,0x10,0x11,0x10,0x11,0x10,0x11,0x10,0x29,0x28,0x25,0x24,0x45,0x44,
0x81,0x00,0x01,0x00,0x3F,0xF8,0x01,0x00,0x01,0x00,0x01,0x00,0xFF,0xFE,0x00,0x00,/*"坐",11*/
0x20,0x00,0x17,0xFC,0x00,0x84,0x40,0xA4,0x40,0x94,0x5F,0xF4,0x40,0x84,0x4E,0xA4,
0x4A,0xA4,0x4E,0xA4,0x40,0xC4,0x46,0x54,0x58,0xB4,0x41,0x14,0x42,0x04,0x40,0x0C,/*"阈",110*/


0x00,0x00,0x00,0x00,0x00,0x00,0x00,0x00,0x00,0x00,0x00,0x00,0x00,0x00,0x00,0x00,
0x00,0x00,0x00,0x00,0x00,0x00,0x00,0x00,0x00,0x00,0x00,0x00,0x00,0x00,0x00,0x00,//" ",111


0x00,0x00,0x00,0x00,0x00,0x00,0x7e,0x00,0x40,0x00,0x40,0x00,0x40,0x00,0x78,0x00,
0x44,0x00,0x02,0x00,0x02,0x00,0x42,0x00,0x44,0x00,0x38,0x00,0x00,0x00,0x00,0x00,//" 5",112

0x00,0x00,0x00,0x00,0x00,0x00,0x08,0x18,0x38,0x24,0x08,0x42,0x08,0x42,0x08,0x42,
0x08,0x42,0x08,0x42,0x08,0x42,0x08,0x42,0x08,0x24,0x3e,0x18,0x00,0x00,0x00,0x00,//"10",113

0x00,0x00,0x00,0x00,0x00,0x00,0x3c,0x18,0x42,0x24,0x42,0x42,0x42,0x42,0x02,0x42,
0x04,0x42,0x08,0x42,0x10,0x42,0x20,0x42,0x42,0x24,0x7e,0x18,0x00,0x00,0x00,0x00,//"20",114


0x00,0x00,0x00,0x00,0x00,0x00,0xFC,0x00,0x42,0x00,0x48,0x00,0x48,0x00,0x78,0xDC,
0x48,0x62,0x48,0x42,0x40,0x42,0x42,0x42,0x42,0x42,0xFC,0xE7,0x00,0x00,0x00,0x00, //"En",115

0x00,0x00,0x00,0x00,0x00,0x00,0x00,0x10,0x00,0x70,0x00,0x10,0x00,0x10,0x3E,0x10,
0x44,0x10,0x44,0x10,0x38,0x10,0x40,0x10,0x3C,0x10,0x42,0x7C,0x42,0x00,0x3C,0x00,//"gl",116

0x00,0x00,0x00,0x00,0x00,0x00,0x30,0x00,0x30,0x00,0x00,0x00,0x00,0x00,0x70,0x3E,
0x10,0x42,0x10,0x40,0x10,0x3C,0x10,0x02,0x10,0x42,0x7C,0x7C,0x00,0x00,0x00,0x00,//"is",117

0x00,0x00,0x00,0x00,0x00,0x00,0x00,0x00,0xC0,0x00,0x40,0x00,0x40,0x00,0x5C,0x00,
0x62,0x00,0x42,0x00,0x42,0x00,0x42,0x00,0x42,0x00,0xE7,0x00,0x00,0x00,0x00,0x00,//"h ",118





0x00,0x00,0x00,0x00,0x00,0x00,0x3E,0x00,0x42,0xC0,0x42,0x40,0x80,0x40,0x80,0x5C,
0x80,0x62,0x80,0x42,0x80,0x42,0x42,0x42,0x44,0x42,0x38,0xE7,0x00,0x00,0x00,0x00,//"Ch",119

0x00,0x00,0x00,0x00,0x00,0x00,0x30,0x00,0x30,0x00,0x00,0x00,0x00,0x00,0x70,0xDC,
0x10,0x62,0x10,0x42,0x10,0x42,0x10,0x42,0x10,0x42,0x7C,0xE7,0x00,0x00,0x00,0x00,//"in",120

0x00,0x00,0x00,0x00,0x00,0x00,0x00,0x00,0x00,0x00,0x00,0x00,0x00,0x00,0x3C,0x3E,
0x42,0x42,0x42,0x40,0x7E,0x3C,0x40,0x02,0x42,0x42,0x3C,0x7C,0x00,0x00,0x00,0x00,//"es",121

0x00,0x00,0x00,0x00,0x00,0x00,0x00,0x00,0x00,0x00,0x00,0x00,0x00,0x00,0x3C,0x00,
0x42,0x00,0x42,0x00,0x7E,0x00,0x40,0x00,0x42,0x00,0x3C,0x00,0x00,0x00,0x00,0x00,//"e ",122

0x00,0x00,0x0E,0x00,0x11,0x00,0x21,0x80,0x31,0x80,0x31,0x80,0x03,0x00,0x06,0x00,
0x06,0x00,0x06,0x00,0x06,0x00,0x00,0x00,0x06,0x00,0x06,0x00,0x00,0x00,0x00,0x00,/*"？",123*/

0x23,0xF8,0x22,0x08,0x22,0x08,0x23,0xF8,0xF8,0x00,0x27,0xBC,0x24,0xA4,0x2C,0xA4,
0x37,0xBC,0xE0,0x40,0x2F,0xFE,0x21,0x60,0x22,0x50,0x24,0x48,0xB8,0x46,0x40,0x40,/*"操",124*/
0x09,0x00,0x09,0x00,0x09,0x00,0x11,0xFE,0x12,0x80,0x32,0x80,0x34,0x80,0x50,0xF8,
0x90,0x80,0x10,0x80,0x10,0x80,0x10,0xFC,0x10,0x80,0x10,0x80,0x10,0x80,0x10,0x80,/*"作",125*/
0x00,0x50,0x00,0x48,0x00,0x40,0x3F,0xFE,0x20,0x40,0x20,0x40,0x20,0x44,0x3E,0x44,
0x22,0x44,0x22,0x28,0x22,0x28,0x22,0x12,0x2A,0x32,0x44,0x4A,0x40,0x86,0x81,0x02,/*"成",126*/
0x00,0x40,0x00,0x40,0x00,0x40,0xFE,0x40,0x11,0xFC,0x10,0x44,0x10,0x44,0x10,0x44,
0x10,0x44,0x10,0x84,0x10,0x84,0x1E,0x84,0xF1,0x04,0x41,0x04,0x02,0x28,0x04,0x10,/*"功",127*/

0x00,0x00,0x00,0x00,0x00,0x00,0x00,0xE7,0x00,0x42,0x00,0x42,0x00,0x42,0xD8,0x42,
0x64,0x7E,0x42,0x42,0x42,0x42,0x42,0x42,0x64,0x42,0x58,0xE7,0x40,0x00,0xE0,0x00,/*"pH",128*/

0x00,0x90,0x20,0x90,0x10,0x90,0x13,0xFC,0x00,0x90,0x00,0x90,0xF0,0x90,0x17,0xFE,
0x10,0x90,0x10,0x90,0x11,0x10,0x11,0x10,0x12,0x10,0x28,0x00,0x47,0xFE,0x00,0x00,/*"进",129*/
0x04,0x00,0x02,0x00,0x01,0x00,0x01,0x00,0x01,0x00,0x02,0x80,0x02,0x80,0x02,0x80,
0x04,0x40,0x04,0x40,0x08,0x20,0x08,0x20,0x10,0x10,0x20,0x10,0x40,0x08,0x80,0x06,/*"入",130*/
0x11,0x10,0x11,0x10,0x17,0xFC,0x11,0x10,0xFC,0x00,0x13,0xF8,0x32,0x08,0x3B,0xF8,
0x56,0x08,0x53,0xF8,0x90,0x40,0x17,0xFC,0x10,0xA0,0x11,0x10,0x12,0x08,0x14,0x06,/*"模",131*/
0x00,0x48,0x00,0x44,0x00,0x44,0x00,0x40,0xFF,0xFE,0x00,0x40,0x00,0x40,0x3E,0x40,
0x08,0x40,0x08,0x40,0x08,0x20,0x08,0x22,0x0F,0x12,0x78,0x0A,0x20,0x06,0x00,0x02,/*"式",132*/

0x00,0x40,0x40,0x40,0x27,0xFC,0x20,0x40,0x03,0xF8,0x00,0x40,0xE7,0xFE,0x20,0x00,
0x23,0xF8,0x22,0x08,0x23,0xF8,0x22,0x08,0x2B,0xF8,0x32,0x08,0x22,0x28,0x02,0x10,/*"请",133*/
0x20,0x08,0x20,0x3C,0x27,0xC0,0x20,0x40,0xF8,0x40,0x2F,0xFE,0x20,0x40,0x29,0x40,
0x36,0x5C,0xE4,0x44,0x24,0x44,0x27,0x5C,0x24,0x44,0x24,0x44,0xA7,0xFC,0x44,0x04,/*"插",134*/
0x00,0x80,0x20,0x40,0x17,0xFE,0x11,0x20,0x81,0x20,0x42,0x3C,0x42,0x44,0x16,0x64,
0x12,0x94,0x23,0x48,0xE2,0x48,0x22,0x30,0x22,0x20,0x22,0x50,0x22,0x88,0x03,0x06,/*"液",135*/

0x20,0x40,0x3F,0x7E,0x48,0x90,0x85,0x08,0x01,0x00,0x3F,0xF8,0x01,0x00,0x01,0x00,
0xFF,0xFE,0x00,0x00,0x00,0x20,0x7F,0xFC,0x08,0x20,0x04,0x20,0x04,0xA0,0x00,0x40,/*"等",136*/
0x08,0x40,0x08,0x40,0x10,0x40,0x23,0xFC,0x48,0x40,0x08,0x40,0x17,0xFE,0x30,0x10,
0x50,0x10,0x97,0xFE,0x10,0x10,0x12,0x10,0x11,0x10,0x11,0x10,0x10,0x50,0x10,0x20,/*"待",137*/

0x00,0x00,0x00,0x00,0x00,0x00,0x00,0x00,0x00,0x00,0x00,0x00,0x00,0x00,0x00,0x00,
0x00,0x00,0x00,0x00,0x00,0x00,0x00,0x00,0x60,0x60,0x60,0x60,0x00,0x00,0x00,0x00,/*"..",138*/
0x00,0x00,0x00,0x00,0x00,0x00,0x00,0x00,0x00,0x00,0x00,0x00,0x00,0x00,0x00,0x00,
0x00,0x00,0x00,0x00,0x00,0x00,0x00,0x00,0x60,0x00,0x60,0x00,0x00,0x00,0x00,0x00,/*". ",139*/

0x01,0x00,0x11,0x00,0x11,0x00,0x11,0x00,0x3F,0xF8,0x21,0x00,0x41,0x00,0x01,0x00,
0xFF,0xFE,0x02,0x80,0x04,0x40,0x04,0x40,0x08,0x20,0x10,0x10,0x20,0x08,0xC0,0x06,/*"失",140*/
0x00,0x40,0x7C,0x40,0x44,0x40,0x54,0x80,0x54,0xFE,0x55,0x08,0x56,0x88,0x54,0x88,
0x54,0x88,0x54,0x50,0x54,0x50,0x10,0x20,0x28,0x50,0x24,0x88,0x45,0x04,0x82,0x02,/*"败",141*/

0x20,0x40,0x3F,0x7E,0x48,0x90,0x85,0x08,0x3F,0xF8,0x01,0x08,0x01,0x08,0x3F,0xF8,
0x21,0x00,0x21,0x00,0x3F,0xFC,0x03,0x04,0x05,0x04,0x19,0x28,0xE1,0x10,0x01,0x00,/*"第",142*/
0x00,0x00,0x00,0x00,0x00,0x00,0x00,0x00,0x00,0x00,0x00,0x00,0x00,0x00,0xFF,0xFE,
0x00,0x00,0x00,0x00,0x00,0x00,0x00,0x00,0x00,0x00,0x00,0x00,0x00,0x00,0x00,0x00,/*"一",143*/
0x00,0x00,0x00,0x00,0x00,0x00,0x3F,0xF8,0x00,0x00,0x00,0x00,0x00,0x00,0x00,0x00,
0x00,0x00,0x00,0x00,0x00,0x00,0x00,0x00,0xFF,0xFE,0x00,0x00,0x00,0x00,0x00,0x00,/*"二",144*/

0x00,0x00,0xFF,0xFE,0x02,0x00,0x02,0x00,0x02,0x00,0x02,0x00,0x02,0x40,0x02,0x20,
0x02,0x10,0x02,0x08,0x02,0x08,0x02,0x00,0x02,0x00,0x02,0x00,0x02,0x00,0x02,0x00,/*"下",145*/

0x00,0x00,0x7F,0xFC,0x01,0x00,0x01,0x00,0x01,0x00,0x01,0x00,0x11,0x00,0x11,0xF8,
0x11,0x00,0x11,0x00,0x11,0x00,0x11,0x00,0x11,0x00,0x11,0x00,0xFF,0xFE,0x00,0x00,/*"正",146*/
0x02,0x00,0x02,0x00,0x04,0x00,0xFF,0xFE,0x08,0x00,0x08,0x40,0x10,0x40,0x30,0x40,
0x57,0xFC,0x90,0x40,0x10,0x40,0x10,0x40,0x10,0x40,0x10,0x40,0x1F,0xFE,0x10,0x00,/*"在",147*/


0x00,0x00,0x7F,0xFE,0x00,0x10,0x00,0x10,0x1F,0x10,0x11,0x10,0x11,0x10,0x11,0x10,
0x11,0x10,0x11,0x10,0x1F,0x10,0x11,0x10,0x00,0x10,0x00,0x10,0x00,0x50,0x00,0x20,/*"可",148*/
0x00,0x00,0x3F,0xF0,0x00,0x10,0x00,0x10,0x00,0x10,0x20,0x10,0x20,0x10,0x3F,0xF0,
0x20,0x00,0x20,0x00,0x20,0x00,0x20,0x04,0x20,0x04,0x20,0x04,0x1F,0xFC,0x00,0x00,/*"已",149*/
0x00,0x00,0x3F,0xF8,0x21,0x08,0x21,0x08,0x21,0x08,0x3F,0xF8,0x21,0x08,0x21,0x08,
0x21,0x08,0x3F,0xF8,0x21,0x08,0x21,0x08,0x21,0x08,0x41,0x08,0x41,0x28,0x80,0x10,/*"用",150*/
0x1F,0xF0,0x10,0x10,0x1F,0xF0,0x10,0x10,0x1F,0xF0,0x00,0x00,0xFF,0xFE,0x22,0x00,
0x3E,0xF8,0x22,0x88,0x3E,0x90,0x22,0x50,0x2F,0x20,0xF2,0x50,0x42,0x88,0x03,0x06,/*"最",151*/
0x01,0x00,0x01,0x00,0x01,0x00,0x01,0x00,0x01,0x00,0xFF,0xFE,0x01,0x00,0x01,0x00,
0x02,0x80,0x02,0x80,0x04,0x40,0x04,0x40,0x08,0x20,0x10,0x10,0x20,0x08,0xC0,0x06,/*"大",152*/
0x00,0x40,0x22,0x40,0x12,0x40,0x13,0xF8,0x04,0x40,0x00,0x40,0xF7,0xFC,0x11,0x20,
0x11,0x20,0x11,0x20,0x12,0x24,0x12,0x24,0x14,0x1C,0x28,0x00,0x47,0xFE,0x00,0x00,/*"选",153*/
0x20,0x00,0x27,0xF8,0x22,0x08,0x21,0x10,0xF0,0xA0,0x20,0x40,0x21,0xB0,0x26,0x4E,
0x30,0x40,0xE3,0xF8,0x20,0x40,0x20,0x40,0x27,0xFC,0x20,0x40,0xA0,0x40,0x40,0x40,/*"择",154*/

0x00,0x00,0x3F,0xF0,0x02,0x00,0x02,0x00,0x02,0x00,0x02,0x00,0x7F,0xFC,0x04,0x80,
0x04,0x80,0x04,0x80,0x08,0x80,0x08,0x80,0x10,0x84,0x20,0x84,0x40,0x7C,0x80,0x00,/*"无",155*/


0x01,0x00,0x11,0x10,0x09,0x20,0x01,0x00,0x7F,0xFC,0x05,0x40,0x09,0x20,0x11,0x10,
0x60,0x08,0x01,0x00,0xFF,0xFE,0x02,0x80,0x04,0x40,0x08,0x20,0x30,0x18,0xC0,0x06,/*"类",156*/
0x00,0x04,0x7F,0x84,0x12,0x24,0x12,0x24,0x12,0x24,0xFF,0xA4,0x12,0x24,0x22,0x04,
0x22,0x14,0x41,0x08,0x81,0x00,0x3F,0xF8,0x01,0x00,0x01,0x00,0xFF,0xFE,0x00,0x00,/*"型",157*/

0x10,0x00,0x13,0xFC,0x11,0x08,0x11,0xF8,0xFD,0x08,0x11,0xF8,0x11,0x0E,0x17,0xF8,
0x18,0x08,0x37,0xBC,0xD0,0xA4,0x12,0xA4,0x11,0x28,0x12,0x90,0x54,0xA8,0x28,0x46,/*"摄",158*/
0x00,0x10,0x00,0xF8,0x3F,0x80,0x20,0x80,0x20,0x80,0x20,0x80,0x3F,0xFE,0x20,0x80,
0x20,0x80,0x20,0x40,0x20,0x40,0x20,0x22,0x20,0x12,0x28,0x0A,0x30,0x06,0x20,0x02,/*"氏",159*/

0x10,0x00,0x11,0xFC,0x20,0x08,0x24,0x10,0x44,0x30,0xF8,0x48,0x10,0x84,0x23,0x02,
0x40,0x00,0xFD,0xFC,0x40,0x20,0x00,0x20,0x1C,0x20,0xE0,0x20,0x43,0xFE,0x00,0x00,/*"经",160*/
0x10,0x20,0x10,0x20,0x20,0x20,0x25,0xFE,0x44,0x20,0xF8,0x20,0x10,0xFC,0x20,0x20,
0x40,0x20,0xFD,0xFE,0x40,0x22,0x00,0x22,0x1C,0x2A,0xE0,0x24,0x40,0x20,0x00,0x20,/*"纬",161*/

0x00,0x40,0x20,0x40,0x17,0xFC,0x10,0x40,0x83,0xF8,0x40,0x40,0x47,0xFE,0x10,0x00,
0x13,0xF8,0x22,0x08,0xE3,0xF8,0x22,0x08,0x23,0xF8,0x22,0x08,0x22,0x28,0x02,0x10,/*"清",162*/
0x02,0x00,0x01,0x00,0x7F,0xFE,0x40,0x02,0x88,0x24,0x10,0x10,0x20,0x08,0x00,0x00,
0x1F,0xF0,0x01,0x00,0x01,0x00,0x01,0x00,0x01,0x00,0x01,0x00,0x7F,0xFC,0x00,0x00,/*"空",163*/

0x00,0x00,0x00,0x00,0x00,0x00,0x08,0x40,0x08,0x40,0x08,0x40,0x08,0x40,0x08,0x40,
0x08,0x40,0x08,0x40,0x0C,0xD0,0x0B,0x20,0x08,0x00,0x08,0x00,0x08,0x00,0x00,0x00,/*"μ",164*/

0x00,0x00,0x20,0x00,0x50,0x00,0x50,0xF0,0x23,0x0C,0x02,0x04,0x06,0x00,0x04,0x00,
0x04,0x00,0x04,0x00,0x04,0x04,0x06,0x04,0x03,0x0C,0x01,0xF8,0x00,0x00,0x00,0x00,/*"℃",165*/

0x10,0x20,0x11,0x24,0x3C,0xA4,0x20,0xA8,0x40,0x20,0xBD,0xFC,0x11,0x04,0x11,0x24,
0xFD,0x24,0x11,0x24,0x11,0x24,0x11,0x24,0x14,0x50,0x18,0x88,0x11,0x04,0x02,0x02,/*"锁",166*/

0x00,0x10,0x00,0xF8,0x3F,0x00,0x01,0x00,0x01,0x00,0x3F,0xF8,0x01,0x00,0x01,0x00,
0x01,0x00,0xFF,0xFE,0x01,0x00,0x01,0x00,0x01,0x00,0x01,0x00,0x05,0x00,0x02,0x00,/*"手",167*/

0x00,0x20,0x20,0x20,0x11,0xFC,0x10,0x20,0x00,0x20,0x03,0xFE,0xF0,0x02,0x10,0x94,
0x10,0x50,0x11,0x10,0x10,0x90,0x13,0xFE,0x14,0x28,0x18,0x44,0x10,0x82,0x03,0x02,/*"读",168*/

};

const unsigned char logo_arr[200][16] = {
//0x00,0x00,0x00,0x00,0x00,0x00,0x00,0x00,0x00,0x00,0x00,0x00,0x00,0x00,0x00,0x00,//只有图标 大
//0x00,0x00,0x00,0x00,0x00,0x00,0x00,0x00,0x00,0x00,0x00,0x00,0x00,0x00,0x00,0x00,
//0x00,0x00,0x00,0x00,0x00,0x00,0x00,0x00,0x00,0x00,0x00,0x00,0x00,0x00,0x00,0x00,
//0x00,0x00,0x00,0x00,0x00,0x00,0x00,0x00,0x00,0x00,0x00,0x00,0x00,0x00,0x00,0x00,
//0x00,0x00,0x00,0x00,0x00,0x00,0x00,0x00,0x00,0x00,0x00,0x00,0x00,0x00,0x00,0x00,
//0x00,0x00,0x00,0x00,0x00,0x00,0x00,0x00,0x00,0x00,0x00,0x00,0x00,0x00,0x00,0x00,
//0x00,0x00,0x00,0x00,0x00,0x00,0x00,0x00,0x00,0x00,0x00,0x00,0x00,0x00,0x00,0x00,
//0x00,0x00,0x00,0x00,0x00,0x00,0x00,0x00,0x00,0x00,0x00,0x00,0x00,0x00,0x00,0x00,
//0x00,0x00,0x00,0x00,0x00,0x00,0x00,0x00,0x00,0x00,0x00,0x00,0x00,0x00,0x00,0x00,
//0x00,0x00,0x00,0x00,0x00,0x00,0x00,0x00,0x00,0x00,0x00,0x00,0x00,0x00,0x00,0x00,
//0x00,0x00,0x00,0x00,0x00,0x00,0x00,0x00,0x00,0x00,0x00,0x00,0x00,0x00,0x00,0x00,
//0x00,0x00,0x00,0x00,0x00,0x00,0x00,0x00,0x00,0x00,0x00,0x00,0x00,0x00,0x00,0x00,
//0x00,0x00,0x00,0x00,0x00,0x00,0x00,0x00,0x00,0x00,0x00,0x00,0x00,0x00,0x00,0x00,
//0x00,0x00,0x00,0x00,0x00,0x00,0x00,0x00,0x00,0x00,0x00,0x00,0x00,0x00,0x00,0x00,
//0x00,0x00,0x00,0x00,0x00,0x00,0x00,0x00,0x00,0x00,0x00,0x00,0x00,0x00,0x00,0x00,
//0x00,0x00,0x00,0x00,0x00,0x00,0x00,0x00,0x00,0x00,0x00,0x00,0x00,0x00,0x00,0x00,
//0x00,0x00,0x00,0x00,0x00,0x00,0x00,0x00,0x00,0x00,0x00,0x00,0x00,0x00,0x00,0x00,
//0x00,0x00,0x00,0x00,0x00,0x00,0x00,0x00,0x00,0x00,0x00,0x00,0x00,0x00,0x00,0x00,
//0x00,0x00,0x00,0x00,0x00,0x00,0x00,0x00,0x00,0x00,0x00,0x00,0x00,0x00,0x00,0x00,
//0x00,0x00,0x00,0x00,0x00,0x00,0x00,0x00,0x00,0x00,0x00,0x00,0x00,0x00,0x00,0x00,
//0x00,0x00,0x00,0x00,0x00,0x00,0x00,0x00,0x00,0x00,0x00,0x00,0x00,0x00,0x00,0x00,
//0x00,0x00,0x00,0x00,0x00,0x00,0x00,0x00,0x00,0x00,0x00,0x00,0x00,0x00,0x00,0x00,
//0x00,0x00,0x00,0x00,0x00,0x00,0x00,0x00,0x00,0x00,0x00,0x00,0x00,0x00,0x00,0x00,
//0x00,0x00,0x00,0x00,0x00,0x00,0x00,0x00,0x00,0x00,0x00,0x00,0x00,0x00,0x00,0x00,
//0x00,0x00,0x00,0x00,0x00,0x00,0x00,0x00,0x00,0x00,0x00,0x00,0x00,0x00,0x00,0x00,
//0x00,0x00,0x00,0x00,0x00,0x00,0x00,0x00,0x00,0x00,0x00,0x00,0x00,0x00,0x00,0x00,
//0x00,0x00,0x00,0x00,0x00,0x00,0x00,0x00,0x00,0x00,0x00,0x00,0x00,0x00,0x00,0x00,
//0x00,0x00,0x00,0x00,0x00,0x00,0x00,0x00,0x00,0x00,0x00,0x00,0x00,0x00,0x00,0x00,
//0x00,0x00,0x00,0x00,0x00,0x00,0x00,0x00,0x00,0x00,0x00,0x00,0x00,0x00,0x00,0x00,
//0x00,0x00,0x00,0x00,0x00,0x00,0x00,0x00,0x00,0x00,0x00,0x00,0x00,0x00,0x00,0x00,
//0x00,0x00,0x00,0x00,0x00,0x00,0x00,0x00,0x00,0x00,0x00,0x00,0x00,0x00,0x00,0x00,
//0x00,0x00,0x00,0x00,0x00,0x00,0x00,0x00,0x00,0x00,0x00,0x00,0x00,0x00,0x00,0x00,
//0x00,0x00,0x00,0x00,0x00,0x00,0x00,0x00,0x00,0x00,0x00,0x00,0x00,0x00,0x00,0x00,
//0x00,0x00,0x00,0x00,0x00,0x00,0x00,0x00,0x00,0x00,0x00,0x00,0x00,0x00,0x00,0x00,
//0x00,0x00,0x00,0x00,0x00,0x00,0x00,0x00,0x00,0x00,0x00,0x00,0x00,0x00,0x00,0x00,
//0x00,0x00,0x00,0x00,0x00,0x00,0x00,0x00,0x00,0x00,0x00,0x00,0x00,0x00,0x00,0x00,
//0x00,0x00,0x00,0x00,0x00,0x00,0x00,0x00,0x00,0x00,0x00,0x00,0x00,0x00,0x00,0x00,
//0x00,0x00,0x00,0x00,0x00,0x00,0x00,0x00,0x00,0x00,0x00,0x00,0x00,0x00,0x00,0x00,
//0x00,0x00,0x00,0x00,0x00,0x00,0x00,0x00,0x00,0x00,0x00,0x00,0x00,0x00,0x00,0x00,
//0x00,0x00,0x00,0x00,0x00,0x00,0x00,0x00,0x00,0x00,0x00,0x00,0x00,0x00,0x00,0x00,
//0x00,0x00,0x00,0x00,0x00,0x03,0x00,0x00,0x00,0x00,0x00,0x07,0xFF,0xFF,0xFF,0x80,
//0x00,0x00,0x00,0x00,0x00,0x00,0x00,0x00,0x00,0x1F,0xC0,0x00,0x00,0x00,0x00,0x0F,
//0xFF,0xFF,0xFF,0xE0,0x00,0x00,0x00,0x00,0x00,0x00,0x00,0x00,0x00,0x3F,0xC0,0x00,
//0x00,0x00,0x00,0x0F,0xFF,0xFF,0xFF,0xF0,0x00,0x00,0x00,0x00,0x00,0x00,0x00,0x00,
//0x00,0x7F,0xC0,0x00,0x00,0x00,0x00,0x0F,0xFF,0xFF,0xFF,0xF8,0x00,0x00,0x00,0x00,
//0x00,0x00,0x00,0x00,0x00,0xFF,0xC0,0x00,0x00,0x00,0x00,0x0F,0xFF,0xFF,0xFF,0xFC,
//0x00,0x00,0x00,0x00,0x00,0x00,0x00,0x00,0x01,0xFF,0xC0,0x00,0x00,0x00,0x00,0x07,
//0xFF,0xFF,0xFF,0xFC,0x00,0x00,0x00,0x00,0x00,0x00,0x00,0x00,0x03,0xFF,0xC0,0x00,
//0x00,0x00,0x00,0x07,0xFF,0xFF,0xFF,0xFC,0x00,0x00,0x00,0x00,0x00,0x00,0x00,0x00,
//0x07,0xFF,0xC0,0x00,0x00,0x00,0x00,0x03,0xFF,0xFF,0xFF,0xFE,0x00,0x00,0x00,0x00,
//0x00,0x00,0x00,0x00,0x0F,0xFF,0xC0,0x00,0x00,0x00,0x00,0x03,0xFF,0xFF,0xFF,0xFE,
//0x00,0x00,0x00,0x00,0x00,0x00,0x00,0x00,0x1F,0xFF,0xC0,0x00,0x00,0x00,0x00,0x01,
//0xFF,0xFF,0xFF,0xFE,0x00,0x00,0x00,0x00,0x00,0x00,0x00,0x00,0x1F,0xFF,0xC0,0x00,
//0x00,0x00,0x00,0x01,0xFF,0xFF,0xFF,0xFE,0x00,0x00,0x00,0x00,0x00,0x00,0x00,0x00,
//0x3F,0xFF,0xC0,0x00,0x00,0x00,0x00,0x00,0xFF,0xFF,0xFF,0xFE,0x00,0x00,0x00,0x00,
//0x00,0x00,0x00,0x00,0x3F,0xFF,0xC0,0x00,0x00,0x00,0x00,0x00,0xFF,0xFF,0xFF,0xFE,
//0x00,0x00,0x00,0x00,0x00,0x00,0x00,0x00,0x3F,0xFF,0xC0,0x00,0x00,0x00,0x00,0x00,
//0xFF,0xFF,0xFF,0xFE,0x00,0x00,0x00,0x00,0x00,0x00,0x00,0x00,0x3F,0xFF,0xC0,0x00,
//0x00,0x00,0x00,0x00,0x7F,0xFF,0xFF,0xFE,0x00,0x00,0x00,0x00,0x00,0x00,0x00,0x00,
//0x7F,0xFF,0xC0,0x00,0x00,0x03,0xC0,0x00,0x7F,0xFF,0xFF,0xFE,0x00,0x00,0x00,0x00,
//0x00,0x00,0x00,0x00,0x7F,0xFF,0xC0,0x00,0x00,0x03,0xC0,0x00,0x3F,0xFF,0xFF,0xFE,
//0x00,0x00,0x00,0x00,0x00,0x00,0x00,0x00,0x7F,0xFF,0xC0,0x00,0x00,0x07,0xC0,0x00,
//0x3F,0xFF,0xFF,0xFE,0x00,0x00,0x00,0x00,0x00,0x00,0x00,0x00,0x7F,0xFF,0xC0,0x00,
//0x00,0x07,0xE0,0x00,0x1F,0xFF,0xFF,0xFE,0x00,0x00,0x00,0x00,0x00,0x00,0x00,0x00,
//0x7F,0xFF,0xC0,0x00,0x00,0x07,0xE0,0x00,0x1F,0xFF,0xFF,0xFE,0x00,0x00,0x00,0x00,
//0x00,0x00,0x00,0x00,0x7F,0xFF,0xC0,0x00,0x00,0x0F,0xF0,0x00,0x0F,0xFF,0xFF,0xFE,
//0x00,0x00,0x00,0x00,0x00,0x00,0x00,0x00,0x7F,0xFF,0xC0,0x00,0x00,0x0F,0xF0,0x00,
//0x0F,0xFF,0xFF,0xFE,0x00,0x00,0x00,0x00,0x00,0x00,0x00,0x00,0x7F,0xFF,0xC0,0x00,
//0x00,0x1F,0xF8,0x00,0x07,0xFF,0xFF,0xFE,0x00,0x00,0x00,0x00,0x00,0x00,0x00,0x00,
//0x7F,0xFF,0xC0,0x00,0x00,0x1F,0xF8,0x00,0x07,0xFF,0xFF,0xFE,0x00,0x00,0x00,0x00,
//0x00,0x00,0x00,0x00,0x7F,0xFF,0xC0,0x00,0x00,0x1F,0xF8,0x00,0x07,0xFF,0xFF,0xFE,
//0x00,0x00,0x00,0x00,0x00,0x00,0x00,0x00,0x7F,0xFF,0xC0,0x00,0x00,0x3F,0xFC,0x00,
//0x03,0xFF,0xFF,0xFE,0x00,0x00,0x00,0x00,0x00,0x00,0x00,0x00,0x7F,0xFF,0xC0,0x00,
//0x00,0x3F,0xFC,0x00,0x03,0xFF,0xFF,0xFE,0x00,0x00,0x00,0x00,0x00,0x00,0x00,0x00,
//0x7F,0xFF,0xC0,0x00,0x00,0x7F,0xFE,0x00,0x01,0xFF,0xFF,0xFE,0x00,0x00,0x00,0x00,
//0x00,0x00,0x00,0x00,0x7F,0xFF,0xC0,0x00,0x00,0x7F,0xFE,0x00,0x01,0xFF,0xFF,0xFE,
//0x00,0x00,0x00,0x00,0x00,0x00,0x00,0x00,0x7F,0xFF,0xC0,0x00,0x00,0xFF,0xFF,0x00,
//0x00,0xFF,0xFF,0xFE,0x00,0x00,0x00,0x00,0x00,0x00,0x00,0x00,0x7F,0xFF,0xC0,0x00,
//0x00,0xFF,0xFF,0x00,0x00,0xFF,0xFF,0xFE,0x00,0x00,0x00,0x00,0x00,0x00,0x00,0x00,
//0x7F,0xFF,0xC0,0x00,0x00,0xFF,0xFF,0x00,0x00,0x7F,0xFF,0xFE,0x00,0x00,0x00,0x00,
//0x00,0x00,0x00,0x00,0x7F,0xFF,0xC0,0x00,0x01,0xFF,0xFF,0x80,0x00,0x7F,0xFF,0xFE,
//0x00,0x00,0x00,0x00,0x00,0x00,0x00,0x00,0x7F,0xFF,0xC0,0x00,0x01,0xFF,0xFF,0xC0,
//0x00,0xFF,0xFF,0xFE,0x00,0x00,0x00,0x00,0x00,0x00,0x00,0x00,0x7F,0xFF,0xC0,0x00,
//0x03,0xFF,0xFF,0xFF,0xFF,0xFF,0xFF,0xFE,0x00,0x00,0x00,0x00,0x00,0x00,0x00,0x00,
//0x7F,0xFF,0xC0,0x00,0x03,0xFF,0xFF,0xFF,0xFF,0xFF,0xFF,0xFE,0x00,0x00,0x00,0x00,
//0x00,0x00,0x00,0x00,0x7F,0xFF,0xC0,0x00,0x07,0xFF,0xFF,0xFF,0xFF,0xFF,0xFF,0xFE,
//0x00,0x00,0x00,0x00,0x00,0x00,0x00,0x00,0x7F,0xFF,0xC0,0x00,0x07,0xFF,0xFF,0xFF,
//0xFF,0xFF,0xFF,0xFE,0x00,0x00,0x00,0x00,0x00,0x00,0x00,0x00,0x7F,0xFF,0xC0,0x00,
//0x07,0xFF,0xFF,0xFF,0xFF,0xFF,0xFF,0xFE,0x00,0x00,0x00,0x00,0x00,0x00,0x00,0x00,
//0x7F,0xFF,0xC0,0x00,0x0F,0xFF,0xFF,0xFF,0xFF,0xFF,0xFF,0xFE,0x00,0x00,0x00,0x00,
//0x00,0x00,0x00,0x00,0x7F,0xFF,0xC0,0x00,0x0F,0xFF,0xFF,0xFF,0xFF,0xFF,0xFF,0xFE,
//0x00,0x00,0x00,0x00,0x00,0x00,0x00,0x00,0x7F,0xFF,0xC0,0x00,0x1F,0xFF,0xFF,0xFF,
//0xFF,0xFF,0xFF,0xFE,0x00,0x00,0x00,0x00,0x00,0x00,0x00,0x00,0x7F,0xFF,0xC0,0x00,
//0x1F,0xFF,0xFF,0xFF,0xFF,0xFF,0xFF,0xFE,0x00,0x00,0x00,0x00,0x00,0x00,0x00,0x00,
//0x7F,0xFF,0xC0,0x00,0x1F,0xFF,0xFF,0xFF,0xFF,0xFF,0xFF,0xFE,0x00,0x00,0x00,0x00,
//0x00,0x00,0x00,0x00,0x7F,0xFF,0xC0,0x00,0x3F,0xFF,0xFF,0xFF,0xFF,0xFF,0xFF,0xFE,
//0x00,0x00,0x00,0x00,0x00,0x00,0x00,0x00,0x7F,0xFF,0xC0,0x00,0x3F,0xFF,0xFF,0xFF,
//0xFF,0xFF,0xFF,0xFE,0x00,0x00,0x00,0x00,0x00,0x00,0x00,0x00,0x7F,0xFF,0xC0,0x00,
//0x3F,0xFF,0xFF,0xFF,0xFF,0xFF,0xFF,0xFE,0x00,0x00,0x00,0x00,0x00,0x00,0x00,0x00,
//0x7F,0xFF,0xC0,0x00,0x3F,0xFF,0xFE,0x3F,0xFF,0xFF,0xFF,0xFE,0x00,0x00,0x00,0x00,
//0x00,0x00,0x00,0x00,0x7F,0xFF,0xC0,0x00,0x3F,0xFF,0xFE,0x3F,0xFF,0xFF,0xFF,0xFE,
//0x00,0x00,0x00,0x00,0x00,0x00,0x00,0x00,0x7F,0xFF,0xC0,0x00,0x3F,0xFF,0xFC,0x3F,
//0xFF,0xFF,0xFF,0xFE,0x00,0x00,0x00,0x00,0x00,0x00,0x00,0x00,0x7F,0xFF,0xC0,0x00,
//0x3F,0xFF,0xFC,0x3E,0x00,0x07,0xFF,0xFE,0x00,0x00,0x00,0x00,0x00,0x00,0x00,0x00,
//0x7F,0xFF,0xE0,0x00,0x3F,0xFF,0xF8,0x7C,0x00,0x07,0xFF,0xFE,0x00,0x00,0x00,0x00,
//0x00,0x00,0x00,0x00,0x7F,0xFF,0xE0,0x00,0x3F,0xFF,0xF8,0x7C,0x00,0x03,0xFF,0xFE,
//0x00,0x00,0x00,0x00,0x00,0x00,0x00,0x00,0x7F,0xFF,0xE0,0x00,0x1F,0xFF,0xE0,0xF8,
//0x00,0x03,0xFF,0xFE,0x00,0x00,0x00,0x00,0x00,0x00,0x00,0x00,0x7F,0xFF,0xE0,0x00,
//0x1F,0xFF,0xC0,0xF8,0x00,0x03,0xFF,0xFE,0x00,0x00,0x00,0x00,0x00,0x00,0x00,0x00,
//0x7F,0xFF,0xE0,0x00,0x1F,0xFE,0x01,0xF0,0x00,0x03,0xFF,0xFE,0x00,0x00,0x00,0x00,
//0x00,0x00,0x00,0x00,0x7F,0xFF,0xE0,0x00,0x0F,0xFC,0x07,0xF0,0x00,0x03,0xFF,0xFE,
//0x00,0x00,0x00,0x00,0x00,0x00,0x00,0x00,0x7F,0xFF,0xF0,0x00,0x07,0xFC,0x0F,0xE0,
//0x00,0x03,0xFF,0xFE,0x00,0x00,0x00,0x00,0x00,0x00,0x00,0x00,0x7F,0xFF,0xF0,0x00,
//0x03,0xFE,0x7F,0xC0,0x00,0x03,0xFF,0xFE,0x00,0x00,0x00,0x00,0x00,0x00,0x00,0x00,
//0x7F,0xFF,0xF8,0x00,0x01,0xFF,0xFF,0x80,0x00,0x03,0xFF,0xFE,0x00,0x00,0x00,0x00,
//0x00,0x00,0x00,0x00,0x7F,0xFF,0xF8,0x00,0x00,0xFF,0xFF,0x00,0x00,0x03,0xFF,0xFE,
//0x00,0x00,0x00,0x00,0x00,0x00,0x00,0x00,0x7F,0xFF,0xF8,0x00,0x00,0x3F,0xFC,0x00,
//0x00,0x03,0xFF,0xFE,0x00,0x00,0x00,0x00,0x00,0x00,0x00,0x00,0x7F,0xFF,0xFC,0x00,
//0x00,0x07,0xE0,0x00,0x00,0x03,0xFF,0xFE,0x00,0x00,0x00,0x00,0x00,0x00,0x00,0x00,
//0x7F,0xFF,0xFC,0x00,0x00,0x00,0x00,0x00,0x00,0x03,0xFF,0xFE,0x00,0x00,0x00,0x00,
//0x00,0x00,0x00,0x00,0x7F,0xFF,0xFE,0x00,0x00,0x00,0x00,0x00,0x00,0x03,0xFF,0xFE,
//0x00,0x00,0x00,0x00,0x00,0x00,0x00,0x00,0x7F,0xFF,0xFF,0x00,0x00,0x00,0x00,0x00,
//0x00,0x03,0xFF,0xFE,0x00,0x00,0x00,0x00,0x00,0x00,0x00,0x00,0x7F,0xFF,0xFF,0x00,
//0x00,0x00,0x00,0x00,0x00,0x03,0xFF,0xFE,0x00,0x00,0x00,0x00,0x00,0x00,0x00,0x00,
//0x7F,0xFF,0xFF,0x80,0x00,0x00,0x00,0x00,0x00,0x03,0xFF,0xFE,0x00,0x00,0x00,0x00,
//0x00,0x00,0x00,0x00,0x7F,0xFF,0xFF,0xC0,0x00,0x00,0x00,0x00,0x00,0x03,0xFF,0xFE,
//0x00,0x00,0x00,0x00,0x00,0x00,0x00,0x00,0x7F,0xFF,0xFF,0xE0,0x00,0x00,0x00,0x00,
//0x00,0x03,0xFF,0xFE,0x00,0x00,0x00,0x00,0x00,0x00,0x00,0x00,0x7F,0xFF,0xFF,0xF0,
//0x00,0x00,0x00,0x00,0x00,0x03,0xFF,0xFE,0x00,0x00,0x00,0x00,0x00,0x00,0x00,0x00,
//0x7F,0xFF,0xFF,0xF8,0x00,0x00,0x00,0x00,0x00,0x03,0xFF,0xFE,0x00,0x00,0x00,0x00,
//0x00,0x00,0x00,0x00,0x7F,0xFF,0xFF,0xFE,0x00,0x00,0x00,0x00,0x00,0x03,0xFF,0xFE,
//0x00,0x00,0x00,0x00,0x00,0x00,0x00,0x00,0x7F,0xFF,0xFF,0xFF,0x00,0x00,0x00,0x00,
//0x00,0x03,0xFF,0xFE,0x00,0x00,0x00,0x00,0x00,0x00,0x00,0x00,0x7F,0xFF,0xFF,0xFF,
//0xC0,0x00,0x00,0x00,0x00,0x03,0xFF,0xFE,0x00,0x00,0x00,0x00,0x00,0x00,0x00,0x00,
//0x7F,0xFF,0xFF,0xFF,0xF0,0x00,0x00,0x00,0x00,0x03,0xFF,0xFE,0x00,0x00,0x00,0x00,
//0x00,0x00,0x00,0x00,0x7F,0xFF,0xFF,0xFF,0xFC,0x00,0x00,0x00,0x00,0x03,0xFF,0xFE,
//0x00,0x00,0x00,0x00,0x00,0x00,0x00,0x00,0x7F,0xFF,0xFF,0xFF,0xFF,0xC0,0x00,0x00,
//0x00,0x03,0xFF,0xFE,0x00,0x00,0x00,0x00,0x00,0x00,0x00,0x00,0x7F,0xFF,0xFF,0xFF,
//0xFF,0xFF,0xFF,0xC0,0x00,0x03,0xFF,0xFE,0x00,0x00,0x00,0x00,0x00,0x00,0x00,0x00,
//0x7F,0xFF,0xFF,0xFF,0xFF,0xFF,0xFF,0xE0,0x00,0x03,0xFF,0xFE,0x00,0x00,0x00,0x00,
//0x00,0x00,0x00,0x00,0x7F,0xFF,0xFF,0xFF,0xFF,0xFF,0xFF,0xE0,0x00,0x03,0xFF,0xFE,
//0x00,0x00,0x00,0x00,0x00,0x00,0x00,0x00,0x7F,0xFF,0xFF,0xFF,0xFF,0xFF,0xFF,0xC0,
//0x00,0x03,0xFF,0xFC,0x00,0x00,0x00,0x00,0x00,0x00,0x00,0x00,0x7F,0xFF,0xFF,0xFF,
//0xFF,0xFF,0xFF,0x80,0x00,0x03,0xFF,0xFC,0x00,0x00,0x00,0x00,0x00,0x00,0x00,0x00,
//0x7F,0xFF,0xFF,0xFF,0xFF,0xFF,0xFF,0x00,0x00,0x03,0xFF,0xF8,0x00,0x00,0x00,0x00,
//0x00,0x00,0x00,0x00,0x7F,0xFF,0xFF,0xFF,0xFF,0xFF,0xFE,0x00,0x00,0x03,0xFF,0xF0,
//0x00,0x00,0x00,0x00,0x00,0x00,0x00,0x00,0x7F,0xFF,0xFF,0xFF,0xFF,0xFF,0xFC,0x00,
//0x00,0x03,0xFF,0xE0,0x00,0x00,0x00,0x00,0x00,0x00,0x00,0x00,0x7F,0xFF,0xFF,0xFF,
//0xFF,0xFF,0xF8,0x00,0x00,0x03,0xFF,0xE0,0x00,0x00,0x00,0x00,0x00,0x00,0x00,0x00,
//0x7F,0xFF,0xFF,0xFF,0xFF,0xFF,0xF8,0x00,0x00,0x03,0xFF,0xC0,0x00,0x00,0x00,0x00,
//0x00,0x00,0x00,0x00,0x7F,0xFF,0xFF,0xFF,0xFF,0xFF,0xF0,0x00,0x00,0x03,0xFF,0x80,
//0x00,0x00,0x00,0x00,0x00,0x00,0x00,0x00,0x7F,0xFF,0xFF,0xFF,0xFF,0xFF,0xE0,0x00,
//0x00,0x03,0xFF,0x00,0x00,0x00,0x00,0x00,0x00,0x00,0x00,0x00,0x3F,0xFF,0xFF,0xFF,
//0xFF,0xFF,0xC0,0x00,0x00,0x03,0xFE,0x00,0x00,0x00,0x00,0x00,0x00,0x00,0x00,0x00,
//0x3F,0xFF,0xFF,0xFF,0xFF,0xFF,0x80,0x00,0x00,0x03,0xFC,0x00,0x00,0x00,0x00,0x00,
//0x00,0x00,0x00,0x00,0x1F,0xFF,0xFF,0xFF,0xFF,0xFF,0x00,0x00,0x00,0x03,0xF8,0x00,
//0x00,0x00,0x00,0x00,0x00,0x00,0x00,0x00,0x0F,0xFF,0xFF,0xFF,0xFF,0xFE,0x00,0x00,
//0x00,0x03,0xF0,0x00,0x00,0x00,0x00,0x00,0x00,0x00,0x00,0x00,0x07,0xFF,0xFF,0xFF,
//0xFF,0xFC,0x00,0x00,0x00,0x03,0xE0,0x00,0x00,0x00,0x00,0x00,0x00,0x00,0x00,0x00,
//0x00,0xFF,0xFF,0xFF,0xFF,0xE0,0x00,0x00,0x00,0x01,0xC0,0x00,0x00,0x00,0x00,0x00,
//0x00,0x00,0x00,0x00,0x00,0x00,0x00,0x00,0x00,0x00,0x00,0x00,0x00,0x00,0x00,0x00,
//0x00,0x00,0x00,0x00,0x00,0x00,0x00,0x00,0x00,0x00,0x00,0x00,0x00,0x00,0x00,0x00,
//0x00,0x00,0x00,0x00,0x00,0x00,0x00,0x00,0x00,0x00,0x00,0x00,0x00,0x00,0x00,0x00,
//0x00,0x00,0x00,0x00,0x00,0x00,0x00,0x00,0x00,0x00,0x00,0x00,0x00,0x00,0x00,0x00,
//0x00,0x00,0x00,0x00,0x00,0x00,0x00,0x00,0x00,0x00,0x00,0x00,0x00,0x00,0x00,0x00,
//0x00,0x00,0x00,0x00,0x00,0x00,0x00,0x00,0x00,0x00,0x00,0x00,0x00,0x00,0x00,0x00,
//0x00,0x00,0x00,0x00,0x00,0x00,0x00,0x00,0x00,0x00,0x00,0x00,0x00,0x00,0x00,0x00,
//0x00,0x00,0x00,0x00,0x00,0x00,0x00,0x00,0x00,0x00,0x00,0x00,0x00,0x00,0x00,0x00,
//0x00,0x00,0x00,0x00,0x00,0x00,0x00,0x00,0x00,0x00,0x00,0x00,0x00,0x00,0x00,0x00,
//0x00,0x00,0x00,0x00,0x00,0x00,0x00,0x00,0x00,0x00,0x00,0x00,0x00,0x00,0x00,0x00,
//0x00,0x00,0x00,0x00,0x00,0x00,0x00,0x00,0x00,0x00,0x00,0x00,0x00,0x00,0x00,0x00,
//0x00,0x00,0x00,0x00,0x00,0x00,0x00,0x00,0x00,0x00,0x00,0x00,0x00,0x00,0x00,0x00,
//0x00,0x00,0x00,0x00,0x00,0x00,0x00,0x00,0x00,0x00,0x00,0x00,0x00,0x00,0x00,0x00,
//0x00,0x00,0x00,0x00,0x00,0x00,0x00,0x00,0x00,0x00,0x00,0x00,0x00,0x00,0x00,0x00,
//0x00,0x00,0x00,0x00,0x00,0x00,0x00,0x00,0x00,0x00,0x00,0x00,0x00,0x00,0x00,0x00,
//0x00,0x00,0x00,0x00,0x00,0x00,0x00,0x00,0x00,0x00,0x00,0x00,0x00,0x00,0x00,0x00,
//0x00,0x00,0x00,0x00,0x00,0x00,0x00,0x00,0x00,0x00,0x00,0x00,0x00,0x00,0x00,0x00,
//0x00,0x00,0x00,0x00,0x00,0x00,0x00,0x00,0x00,0x00,0x00,0x00,0x00,0x00,0x00,0x00,
//0x00,0x00,0x00,0x00,0x00,0x00,0x00,0x00,0x00,0x00,0x00,0x00,0x00,0x00,0x00,0x00,
//0x00,0x00,0x00,0x00,0x00,0x00,0x00,0x00,0x00,0x00,0x00,0x00,0x00,0x00,0x00,0x00,
//0x00,0x00,0x00,0x00,0x00,0x00,0x00,0x00,0x00,0x00,0x00,0x00,0x00,0x00,0x00,0x00,
//0x00,0x00,0x00,0x00,0x00,0x00,0x00,0x00,0x00,0x00,0x00,0x00,0x00,0x00,0x00,0x00,
//0x00,0x00,0x00,0x00,0x00,0x00,0x00,0x00,0x00,0x00,0x00,0x00,0x00,0x00,0x00,0x00,
//0x00,0x00,0x00,0x00,0x00,0x00,0x00,0x00,0x00,0x00,0x00,0x00,0x00,0x00,0x00,0x00,
//0x00,0x00,0x00,0x00,0x00,0x00,0x00,0x00,0x00,0x00,0x00,0x00,0x00,0x00,0x00,0x00,
//0x00,0x00,0x00,0x00,0x00,0x00,0x00,0x00,0x00,0x00,0x00,0x00,0x00,0x00,0x00,0x00,
//0x00,0x00,0x00,0x00,0x00,0x00,0x00,0x00,0x00,0x00,0x00,0x00,0x00,0x00,0x00,0x00,
//0x00,0x00,0x00,0x00,0x00,0x00,0x00,0x00,0x00,0x00,0x00,0x00,0x00,0x00,0x00,0x00,
//0x00,0x00,0x00,0x00,0x00,0x00,0x00,0x00,0x00,0x00,0x00,0x00,0x00,0x00,0x00,0x00,
//0x00,0x00,0x00,0x00,0x00,0x00,0x00,0x00,0x00,0x00,0x00,0x00,0x00,0x00,0x00,0x00,
//0x00,0x00,0x00,0x00,0x00,0x00,0x00,0x00,0x00,0x00,0x00,0x00,0x00,0x00,0x00,0x00,
//0x00,0x00,0x00,0x00,0x00,0x00,0x00,0x00,0x00,0x00,0x00,0x00,0x00,0x00,0x00,0x00,
//0x00,0x00,0x00,0x00,0x00,0x00,0x00,0x00,0x00,0x00,0x00,0x00,0x00,0x00,0x00,0x00,
//0x00,0x00,0x00,0x00,0x00,0x00,0x00,0x00,0x00,0x00,0x00,0x00,0x00,0x00,0x00,0x00,
//0x00,0x00,0x00,0x00,0x00,0x00,0x00,0x00,0x00,0x00,0x00,0x00,0x00,0x00,0x00,0x00,
//0x00,0x00,0x00,0x00,0x00,0x00,0x00,0x00,0x00,0x00,0x00,0x00,0x00,0x00,0x00,0x00,
//0x00,0x00,0x00,0x00,0x00,0x00,0x00,0x00,0x00,0x00,0x00,0x00,0x00,0x00,0x00,0x00,
//0x00,0x00,0x00,0x00,0x00,0x00,0x00,0x00,0x00,0x00,0x00,0x00,0x00,0x00,0x00,0x00,
//0x00,0x00,0x00,0x00,0x00,0x00,0x00,0x00,0x00,0x00,0x00,0x00,0x00,0x00,0x00,0x00,
//0x00,0x00,0x00,0x00,0x00,0x00,0x00,0x00,0x00,0x00,0x00,0x00,0x00,0x00,0x00,0x00,





//0x00,0x00,0x00,0x00,0x00,0x00,0x00,0x00,0x00,0x00,0x00,0x00,0x00,0x00,0x00,0x00,//字 图标 大
//0x00,0x00,0x00,0x00,0x00,0x00,0x00,0x00,0x00,0x00,0x00,0x00,0x00,0x00,0x00,0x00,
//0x00,0x00,0x00,0x00,0x00,0x00,0x00,0x00,0x00,0x00,0x00,0x00,0x00,0x00,0x00,0x00,
//0x00,0x00,0x00,0x00,0x00,0x00,0x00,0x00,0x00,0x00,0x00,0x00,0x00,0x00,0x00,0x00,
//0x00,0x00,0x00,0x00,0x00,0x00,0x00,0x00,0x00,0x00,0x00,0x00,0x00,0x00,0x00,0x00,
//0x00,0x00,0x00,0x00,0x00,0x00,0x00,0x00,0x00,0x00,0x00,0x00,0x00,0x00,0x00,0x00,
//0x00,0x00,0x00,0x00,0x00,0x00,0x00,0x00,0x00,0x00,0x00,0x00,0x00,0x00,0x00,0x00,
//0x00,0x00,0x00,0x00,0x00,0x00,0x00,0x00,0x00,0x00,0x00,0x00,0x00,0x00,0x00,0x00,
//0x00,0x00,0x00,0x00,0x00,0x00,0x00,0x00,0x00,0x00,0x00,0x00,0x00,0x00,0x00,0x00,
//0x00,0x00,0x00,0x00,0x00,0x00,0x00,0x00,0x00,0x00,0x00,0x00,0x00,0x00,0x00,0x00,
//0x00,0x00,0x00,0x00,0x00,0x00,0x00,0x00,0x00,0x00,0x00,0x00,0x00,0x00,0x00,0x00,
//0x00,0x00,0x00,0x00,0x00,0x00,0x00,0x00,0x00,0x00,0x00,0x00,0x00,0x00,0x00,0x00,
//0x00,0x00,0x00,0x00,0x00,0x00,0x00,0x00,0x00,0x00,0x00,0x00,0x00,0x00,0x00,0x00,
//0x00,0x00,0x00,0x00,0x00,0x00,0x00,0x00,0x00,0x00,0x00,0x00,0x00,0x00,0x00,0x00,
//0x00,0x00,0x00,0x00,0x00,0x00,0x00,0x00,0x00,0x00,0x00,0x00,0x00,0x00,0x00,0x00,
//0x00,0x00,0x00,0x00,0x00,0x00,0x00,0x00,0x00,0x00,0x00,0x00,0x00,0x00,0x00,0x00,
//0x00,0x00,0x00,0x00,0x00,0x00,0x00,0x00,0x00,0x00,0x00,0x00,0x00,0x00,0x00,0x00,
//0x00,0x00,0x00,0x00,0x00,0x00,0x00,0x00,0x00,0x00,0x00,0x00,0x00,0x00,0x00,0x00,
//0x00,0x00,0x00,0x00,0x00,0x00,0x00,0x00,0x00,0x00,0x00,0x00,0x00,0x00,0x00,0x00,
//0x00,0x00,0x00,0x00,0x00,0x00,0x00,0x00,0x00,0x00,0x00,0x00,0x00,0x00,0x00,0x00,
//0x00,0x00,0x00,0x00,0x00,0x00,0x00,0x00,0x00,0x00,0x00,0x00,0x00,0x00,0x00,0x00,
//0x00,0x00,0x00,0x00,0x00,0x00,0x00,0x00,0x00,0x07,0xC0,0x00,0x00,0x00,0x00,0x0F,
//0xFF,0xFF,0xFF,0x80,0x00,0x00,0x00,0x00,0x00,0x00,0x00,0x00,0x00,0x1F,0xE0,0x00,
//0x00,0x00,0x00,0x1F,0xFF,0xFF,0xFF,0xE0,0x00,0x00,0x00,0x00,0x00,0x00,0x00,0x00,
//0x00,0x3F,0xE0,0x00,0x00,0x00,0x00,0x0F,0xFF,0xFF,0xFF,0xF0,0x00,0x00,0x00,0x00,
//0x00,0x00,0x00,0x00,0x00,0x7F,0xE0,0x00,0x00,0x00,0x00,0x0F,0xFF,0xFF,0xFF,0xF0,
//0x00,0x00,0x00,0x00,0x00,0x00,0x00,0x00,0x00,0xFF,0xE0,0x00,0x00,0x00,0x00,0x07,
//0xFF,0xFF,0xFF,0xF8,0x00,0x00,0x00,0x00,0x00,0x00,0x00,0x00,0x00,0xFF,0xE0,0x00,
//0x00,0x00,0x00,0x07,0xFF,0xFF,0xFF,0xF8,0x00,0x00,0x00,0x00,0x00,0x00,0x00,0x00,
//0x01,0xFF,0xE0,0x00,0x00,0x00,0x00,0x07,0xFF,0xFF,0xFF,0xF8,0x00,0x00,0x00,0x00,
//0x00,0x00,0x00,0x00,0x03,0xFF,0xE0,0x00,0x00,0x00,0x00,0x03,0xFF,0xFF,0xFF,0xF8,
//0x00,0x00,0x00,0x00,0x00,0x00,0x00,0x00,0x07,0xFF,0xE0,0x00,0x00,0x00,0x00,0x03,
//0xFF,0xFF,0xFF,0xF8,0x00,0x00,0x00,0x00,0x00,0x00,0x00,0x00,0x0F,0xFF,0xE0,0x00,
//0x00,0x00,0x00,0x01,0xFF,0xFF,0xFF,0xF8,0x00,0x00,0x00,0x00,0x00,0x00,0x00,0x00,
//0x0F,0xFF,0xE0,0x00,0x00,0x00,0x00,0x01,0xFF,0xFF,0xFF,0xF8,0x00,0x00,0x00,0x00,
//0x00,0x00,0x00,0x00,0x1F,0xFF,0xE0,0x00,0x00,0x00,0x00,0x00,0xFF,0xFF,0xFF,0xF8,
//0x00,0x00,0x00,0x00,0x00,0x00,0x00,0x00,0x1F,0xFF,0xE0,0x00,0x00,0x00,0x00,0x00,
//0xFF,0xFF,0xFF,0xF8,0x00,0x00,0x00,0x00,0x00,0x00,0x00,0x00,0x1F,0xFF,0xE0,0x00,
//0x00,0x00,0x00,0x00,0x7F,0xFF,0xFF,0xF8,0x00,0x00,0x00,0x00,0x00,0x00,0x00,0x00,
//0x1F,0xFF,0xE0,0x00,0x00,0x01,0x80,0x00,0x7F,0xFF,0xFF,0xF8,0x00,0x00,0x00,0x00,
//0x00,0x00,0x00,0x00,0x1F,0xFF,0xE0,0x00,0x00,0x03,0xC0,0x00,0x3F,0xFF,0xFF,0xF8,
//0x00,0x00,0x00,0x00,0x00,0x00,0x00,0x00,0x1F,0xFF,0xE0,0x00,0x00,0x03,0xC0,0x00,
//0x3F,0xFF,0xFF,0xF8,0x00,0x00,0x00,0x00,0x00,0x00,0x00,0x00,0x1F,0xFF,0xE0,0x00,
//0x00,0x07,0xE0,0x00,0x1F,0xFF,0xFF,0xF8,0x00,0x00,0x00,0x00,0x00,0x00,0x00,0x00,
//0x1F,0xFF,0xE0,0x00,0x00,0x07,0xE0,0x00,0x1F,0xFF,0xFF,0xF8,0x00,0x00,0x00,0x00,
//0x00,0x00,0x00,0x00,0x1F,0xFF,0xE0,0x00,0x00,0x0F,0xE0,0x00,0x1F,0xFF,0xFF,0xF8,
//0x00,0x00,0x00,0x00,0x00,0x00,0x00,0x00,0x1F,0xFF,0xE0,0x00,0x00,0x0F,0xF0,0x00,
//0x0F,0xFF,0xFF,0xF8,0x00,0x00,0x00,0x00,0x00,0x00,0x00,0x00,0x1F,0xFF,0xE0,0x00,
//0x00,0x0F,0xF0,0x00,0x0F,0xFF,0xFF,0xF8,0x00,0x00,0x00,0x00,0x00,0x00,0x00,0x00,
//0x1F,0xFF,0xE0,0x00,0x00,0x1F,0xF8,0x00,0x07,0xFF,0xFF,0xF8,0x00,0x00,0x00,0x00,
//0x00,0x00,0x00,0x00,0x1F,0xFF,0xE0,0x00,0x00,0x1F,0xF8,0x00,0x07,0xFF,0xFF,0xF8,
//0x00,0x00,0x00,0x00,0x00,0x00,0x00,0x00,0x1F,0xFF,0xE0,0x00,0x00,0x3F,0xFC,0x00,
//0x03,0xFF,0xFF,0xF8,0x00,0x00,0x00,0x00,0x00,0x00,0x00,0x00,0x1F,0xFF,0xE0,0x00,
//0x00,0x3F,0xFC,0x00,0x03,0xFF,0xFF,0xF8,0x00,0x00,0x00,0x00,0x00,0x00,0x00,0x00,
//0x1F,0xFF,0xE0,0x00,0x00,0x7F,0xFC,0x00,0x01,0xFF,0xFF,0xF8,0x00,0x00,0x00,0x00,
//0x00,0x00,0x00,0x00,0x1F,0xFF,0xE0,0x00,0x00,0x7F,0xFE,0x00,0x01,0xFF,0xFF,0xF8,
//0x00,0x00,0x00,0x00,0x00,0x00,0x00,0x00,0x1F,0xFF,0xE0,0x00,0x00,0x7F,0xFE,0x00,
//0x00,0xFF,0xFF,0xF8,0x00,0x00,0x00,0x00,0x00,0x00,0x00,0x00,0x1F,0xFF,0xE0,0x00,
//0x00,0xFF,0xFF,0x00,0x00,0xFF,0xFF,0xF8,0x00,0x00,0x00,0x00,0x00,0x00,0x00,0x00,
//0x1F,0xFF,0xE0,0x00,0x00,0xFF,0xFF,0x00,0x00,0xFF,0xFF,0xF8,0x00,0x00,0x00,0x00,
//0x00,0x00,0x00,0x00,0x1F,0xFF,0xE0,0x00,0x01,0xFF,0xFF,0x80,0x00,0xFF,0xFF,0xF8,
//0x00,0x00,0x00,0x00,0x00,0x00,0x00,0x00,0x1F,0xFF,0xE0,0x00,0x01,0xFF,0xFF,0xC0,
//0x01,0xFF,0xFF,0xF8,0x00,0x00,0x00,0x00,0x00,0x00,0x00,0x00,0x1F,0xFF,0xE0,0x00,
//0x01,0xFF,0xFF,0xFF,0xFF,0xFF,0xFF,0xF8,0x00,0x00,0x00,0x00,0x00,0x00,0x00,0x00,
//0x1F,0xFF,0xE0,0x00,0x03,0xFF,0xFF,0xFF,0xFF,0xFF,0xFF,0xF8,0x00,0x00,0x00,0x00,
//0x00,0x00,0x00,0x00,0x1F,0xFF,0xE0,0x00,0x03,0xFF,0xFF,0xFF,0xFF,0xFF,0xFF,0xF8,
//0x00,0x00,0x00,0x00,0x00,0x00,0x00,0x00,0x1F,0xFF,0xE0,0x00,0x07,0xFF,0xFF,0xFF,
//0xFF,0xFF,0xFF,0xF8,0x00,0x00,0x00,0x00,0x00,0x00,0x00,0x00,0x1F,0xFF,0xE0,0x00,
//0x07,0xFF,0xFF,0xFF,0xFF,0xFF,0xFF,0xF8,0x00,0x00,0x00,0x00,0x00,0x00,0x00,0x00,
//0x1F,0xFF,0xE0,0x00,0x0F,0xFF,0xFF,0xFF,0xFF,0xFF,0xFF,0xF8,0x00,0x00,0x00,0x00,
//0x00,0x00,0x00,0x00,0x1F,0xFF,0xE0,0x00,0x0F,0xFF,0xFF,0xFF,0xFF,0xFF,0xFF,0xF8,
//0x00,0x00,0x00,0x00,0x00,0x00,0x00,0x00,0x1F,0xFF,0xE0,0x00,0x0F,0xFF,0xFF,0xFF,
//0xFF,0xFF,0xFF,0xF8,0x00,0x00,0x00,0x00,0x00,0x00,0x00,0x00,0x1F,0xFF,0xE0,0x00,
//0x1F,0xFF,0xFF,0xFF,0xFF,0xFF,0xFF,0xF8,0x00,0x00,0x00,0x00,0x00,0x00,0x00,0x00,
//0x1F,0xFF,0xE0,0x00,0x1F,0xFF,0xFF,0xFF,0xFF,0xFF,0xFF,0xF8,0x00,0x00,0x00,0x00,
//0x00,0x00,0x00,0x00,0x1F,0xFF,0xE0,0x00,0x1F,0xFF,0xFF,0xFF,0xFF,0xFF,0xFF,0xF8,
//0x00,0x00,0x00,0x00,0x00,0x00,0x00,0x00,0x1F,0xFF,0xE0,0x00,0x3F,0xFF,0xFF,0xFF,
//0xFF,0xFF,0xFF,0xF8,0x00,0x00,0x00,0x00,0x00,0x00,0x00,0x00,0x1F,0xFF,0xE0,0x00,
//0x3F,0xFF,0xFC,0x3F,0xFF,0xFF,0xFF,0xF8,0x00,0x00,0x00,0x00,0x00,0x00,0x00,0x00,
//0x1F,0xFF,0xE0,0x00,0x3F,0xFF,0xFC,0x3F,0xFF,0xFF,0xFF,0xF8,0x00,0x00,0x00,0x00,
//0x00,0x00,0x00,0x00,0x1F,0xFF,0xE0,0x00,0x3F,0xFF,0xFC,0x3F,0xFF,0xFF,0xFF,0xF8,
//0x00,0x00,0x00,0x00,0x00,0x00,0x00,0x00,0x1F,0xFF,0xE0,0x00,0x3F,0xFF,0xFC,0x3C,
//0x00,0x0F,0xFF,0xF8,0x00,0x00,0x00,0x00,0x00,0x00,0x00,0x00,0x1F,0xFF,0xE0,0x00,
//0x3F,0xFF,0xF8,0x78,0x00,0x07,0xFF,0xF8,0x00,0x00,0x00,0x00,0x00,0x00,0x00,0x00,
//0x1F,0xFF,0xE0,0x00,0x1F,0xFF,0xF0,0x78,0x00,0x07,0xFF,0xF8,0x00,0x00,0x00,0x00,
//0x00,0x00,0x00,0x00,0x1F,0xFF,0xE0,0x00,0x1F,0xFF,0xE0,0xF8,0x00,0x07,0xFF,0xF8,
//0x00,0x00,0x00,0x00,0x00,0x00,0x00,0x00,0x1F,0xFF,0xF0,0x00,0x1F,0xFF,0x80,0xF0,
//0x00,0x07,0xFF,0xF8,0x00,0x00,0x00,0x00,0x00,0x00,0x00,0x00,0x1F,0xFF,0xF0,0x00,
//0x0F,0xFE,0x01,0xF0,0x00,0x07,0xFF,0xF8,0x00,0x00,0x00,0x00,0x00,0x00,0x00,0x00,
//0x1F,0xFF,0xF0,0x00,0x07,0xFC,0x07,0xE0,0x00,0x07,0xFF,0xF8,0x00,0x00,0x00,0x00,
//0x00,0x00,0x00,0x00,0x1F,0xFF,0xF0,0x00,0x07,0xFC,0x0F,0xE0,0x00,0x07,0xFF,0xF8,
//0x00,0x00,0x00,0x00,0x00,0x00,0x00,0x00,0x1F,0xFF,0xF8,0x00,0x03,0xFE,0x7F,0xC0,
//0x00,0x07,0xFF,0xF8,0x00,0x00,0x00,0x00,0x00,0x00,0x00,0x00,0x1F,0xFF,0xF8,0x00,
//0x01,0xFF,0xFF,0x80,0x00,0x07,0xFF,0xF8,0x00,0x00,0x00,0x00,0x00,0x00,0x00,0x00,
//0x1F,0xFF,0xF8,0x00,0x00,0x7F,0xFE,0x00,0x00,0x07,0xFF,0xF8,0x00,0x00,0x00,0x00,
//0x00,0x00,0x00,0x00,0x1F,0xFF,0xFC,0x00,0x00,0x1F,0xF8,0x00,0x00,0x07,0xFF,0xF8,
//0x00,0x00,0x00,0x00,0x00,0x00,0x00,0x00,0x1F,0xFF,0xFE,0x00,0x00,0x00,0x00,0x00,
//0x00,0x07,0xFF,0xF8,0x00,0x00,0x00,0x00,0x00,0x00,0x00,0x00,0x1F,0xFF,0xFE,0x00,
//0x00,0x00,0x00,0x00,0x00,0x07,0xFF,0xF8,0x00,0x00,0x00,0x00,0x00,0x00,0x00,0x00,
//0x1F,0xFF,0xFF,0x00,0x00,0x00,0x00,0x00,0x00,0x07,0xFF,0xF8,0x00,0x00,0x00,0x00,
//0x00,0x00,0x00,0x00,0x1F,0xFF,0xFF,0x00,0x00,0x00,0x00,0x00,0x00,0x07,0xFF,0xF8,
//0x00,0x00,0x00,0x00,0x00,0x00,0x00,0x00,0x1F,0xFF,0xFF,0x80,0x00,0x00,0x00,0x00,
//0x00,0x07,0xFF,0xF8,0x00,0x00,0x00,0x00,0x00,0x00,0x00,0x00,0x1F,0xFF,0xFF,0xC0,
//0x00,0x00,0x00,0x00,0x00,0x07,0xFF,0xF8,0x00,0x00,0x00,0x00,0x00,0x00,0x00,0x00,
//0x1F,0xFF,0xFF,0xE0,0x00,0x00,0x00,0x00,0x00,0x07,0xFF,0xF8,0x00,0x00,0x00,0x00,
//0x00,0x00,0x00,0x00,0x1F,0xFF,0xFF,0xF0,0x00,0x00,0x00,0x00,0x00,0x07,0xFF,0xF8,
//0x00,0x00,0x00,0x00,0x00,0x00,0x00,0x00,0x1F,0xFF,0xFF,0xF8,0x00,0x00,0x00,0x00,
//0x00,0x07,0xFF,0xF8,0x00,0x00,0x00,0x00,0x00,0x00,0x00,0x00,0x1F,0xFF,0xFF,0xFC,
//0x00,0x00,0x00,0x00,0x00,0x07,0xFF,0xF8,0x00,0x00,0x00,0x00,0x00,0x00,0x00,0x00,
//0x1F,0xFF,0xFF,0xFF,0x00,0x00,0x00,0x00,0x00,0x07,0xFF,0xF8,0x00,0x00,0x00,0x00,
//0x00,0x00,0x00,0x00,0x1F,0xFF,0xFF,0xFF,0x80,0x00,0x00,0x00,0x00,0x07,0xFF,0xF8,
//0x00,0x00,0x00,0x00,0x00,0x00,0x00,0x00,0x1F,0xFF,0xFF,0xFF,0xE0,0x00,0x00,0x00,
//0x00,0x07,0xFF,0xF8,0x00,0x00,0x00,0x00,0x00,0x00,0x00,0x00,0x1F,0xFF,0xFF,0xFF,
//0xF8,0x00,0x00,0x00,0x00,0x07,0xFF,0xF8,0x00,0x00,0x00,0x00,0x00,0x00,0x00,0x00,
//0x1F,0xFF,0xFF,0xFF,0xFF,0x00,0x00,0x00,0x00,0x07,0xFF,0xF8,0x00,0x00,0x00,0x00,
//0x00,0x00,0x00,0x00,0x1F,0xFF,0xFF,0xFF,0xFF,0xF8,0x00,0x00,0x00,0x07,0xFF,0xF8,
//0x00,0x00,0x00,0x00,0x00,0x00,0x00,0x00,0x1F,0xFF,0xFF,0xFF,0xFF,0xFF,0xFF,0xC0,
//0x00,0x07,0xFF,0xF8,0x00,0x00,0x00,0x00,0x00,0x00,0x00,0x00,0x1F,0xFF,0xFF,0xFF,
//0xFF,0xFF,0xFF,0xC0,0x00,0x07,0xFF,0xF8,0x00,0x00,0x00,0x00,0x00,0x00,0x00,0x00,
//0x1F,0xFF,0xFF,0xFF,0xFF,0xFF,0xFF,0xC0,0x00,0x07,0xFF,0xF8,0x00,0x00,0x00,0x00,
//0x00,0x00,0x00,0x00,0x1F,0xFF,0xFF,0xFF,0xFF,0xFF,0xFF,0x80,0x00,0x07,0xFF,0xF8,
//0x00,0x00,0x00,0x00,0x00,0x00,0x00,0x00,0x1F,0xFF,0xFF,0xFF,0xFF,0xFF,0xFF,0x00,
//0x00,0x07,0xFF,0xF0,0x00,0x00,0x00,0x00,0x00,0x00,0x00,0x00,0x1F,0xFF,0xFF,0xFF,
//0xFF,0xFF,0xFE,0x00,0x00,0x07,0xFF,0xE0,0x00,0x00,0x00,0x00,0x00,0x00,0x00,0x00,
//0x1F,0xFF,0xFF,0xFF,0xFF,0xFF,0xFC,0x00,0x00,0x07,0xFF,0xC0,0x00,0x00,0x00,0x00,
//0x00,0x00,0x00,0x00,0x1F,0xFF,0xFF,0xFF,0xFF,0xFF,0xF8,0x00,0x00,0x07,0xFF,0x80,
//0x00,0x00,0x00,0x00,0x00,0x00,0x00,0x00,0x1F,0xFF,0xFF,0xFF,0xFF,0xFF,0xF0,0x00,
//0x00,0x07,0xFF,0x80,0x00,0x00,0x00,0x00,0x00,0x00,0x00,0x00,0x1F,0xFF,0xFF,0xFF,
//0xFF,0xFF,0xE0,0x00,0x00,0x07,0xFF,0x00,0x00,0x00,0x00,0x00,0x00,0x00,0x00,0x00,
//0x1F,0xFF,0xFF,0xFF,0xFF,0xFF,0xE0,0x00,0x00,0x07,0xFE,0x00,0x00,0x00,0x00,0x00,
//0x00,0x00,0x00,0x00,0x1F,0xFF,0xFF,0xFF,0xFF,0xFF,0xC0,0x00,0x00,0x07,0xFC,0x00,
//0x00,0x00,0x00,0x00,0x00,0x00,0x00,0x00,0x1F,0xFF,0xFF,0xFF,0xFF,0xFF,0x80,0x00,
//0x00,0x07,0xF8,0x00,0x00,0x00,0x00,0x00,0x00,0x00,0x00,0x00,0x0F,0xFF,0xFF,0xFF,
//0xFF,0xFF,0x00,0x00,0x00,0x07,0xF0,0x00,0x00,0x00,0x00,0x00,0x00,0x00,0x00,0x00,
//0x07,0xFF,0xFF,0xFF,0xFF,0xFE,0x00,0x00,0x00,0x07,0xE0,0x00,0x00,0x00,0x00,0x00,
//0x00,0x00,0x00,0x00,0x03,0xFF,0xFF,0xFF,0xFF,0xFC,0x00,0x00,0x00,0x07,0xC0,0x00,
//0x00,0x00,0x00,0x00,0x00,0x00,0x00,0x00,0x00,0x00,0x00,0x00,0x00,0x00,0x00,0x00,
//0x00,0x00,0x00,0x00,0x00,0x00,0x00,0x00,0x00,0x00,0x00,0x00,0x00,0x00,0x00,0x00,
//0x00,0x00,0x00,0x00,0x00,0x00,0x00,0x00,0x00,0x00,0x00,0x00,0x00,0x00,0x00,0x00,
//0x00,0x00,0x00,0x00,0x00,0x00,0x00,0x00,0x00,0x00,0x00,0x00,0x00,0x00,0x00,0x00,
//0x00,0x00,0x00,0x00,0x00,0x00,0x00,0x00,0x00,0x00,0x00,0x00,0x00,0x00,0x00,0x00,
//0x00,0x00,0x00,0x00,0x00,0x00,0x00,0x00,0x00,0x00,0x00,0x00,0x00,0x00,0x00,0x00,
//0x00,0x00,0x00,0x00,0x00,0x00,0x00,0x00,0x00,0x00,0x00,0x00,0x00,0x00,0x00,0x00,
//0x00,0x00,0x00,0x00,0x00,0x00,0x00,0x00,0x00,0x00,0x00,0x00,0x00,0x00,0x00,0x00,
//0x00,0x00,0x00,0x00,0x00,0x00,0x00,0x00,0x00,0x00,0x00,0x00,0x00,0x00,0x00,0x00,
//0x00,0x00,0x00,0x00,0x00,0x00,0x00,0x00,0x00,0x00,0x00,0x00,0x00,0x00,0x00,0x00,
//0x00,0x00,0x00,0x00,0x00,0x00,0x00,0x00,0x00,0x00,0x00,0x00,0x00,0x00,0x00,0x00,
//0x00,0x00,0x00,0x00,0x00,0x00,0x00,0x00,0x00,0x00,0x00,0x00,0x00,0x00,0x00,0x00,
//0x00,0x00,0x00,0x00,0x00,0x00,0x00,0x00,0x00,0x00,0x00,0x00,0x00,0x00,0x00,0x00,
//0x00,0x00,0x00,0x00,0x00,0x00,0x00,0x00,0x00,0x00,0x00,0x00,0x00,0x00,0x00,0x00,
//0x00,0x00,0x00,0x00,0x00,0x00,0x00,0x00,0x00,0x00,0x00,0x00,0x00,0x00,0x00,0x00,
//0x00,0x00,0x00,0x00,0x00,0x00,0x00,0x00,0x00,0x00,0x00,0x00,0x00,0x00,0x00,0x00,
//0x00,0x00,0x00,0x00,0x00,0x00,0x00,0x00,0x00,0x00,0x00,0x00,0x00,0x00,0x00,0x00,
//0x00,0x00,0x00,0x00,0x00,0x00,0x00,0x00,0x00,0x00,0x00,0x00,0x00,0x00,0x00,0x00,
//0x00,0x00,0x00,0x00,0x00,0x00,0x00,0x00,0x00,0x00,0x00,0x00,0x00,0x00,0x00,0x00,
//0x00,0x00,0x00,0x00,0x00,0x00,0x00,0x00,0x00,0x00,0x00,0x00,0x00,0x00,0x00,0x00,
//0x00,0x00,0x00,0x00,0x00,0x00,0x00,0x00,0x00,0x00,0x00,0x00,0x00,0x00,0x00,0x00,
//0x00,0x00,0x00,0x00,0x00,0x00,0x00,0x00,0x00,0x00,0x00,0x00,0x00,0x00,0x00,0x00,
//0x00,0x00,0x00,0x00,0x00,0x00,0x00,0x00,0x00,0x00,0x00,0x00,0x00,0x02,0x00,0x00,
//0x00,0x00,0x00,0x40,0x00,0x80,0x00,0x60,0x00,0x40,0x00,0x80,0x20,0x00,0x00,0x00,
//0x00,0x1E,0x00,0x00,0x1F,0xFF,0x00,0x78,0x00,0xF0,0x01,0xFC,0x00,0x7C,0x00,0xF0,
//0x3F,0xFF,0xE0,0x00,0x00,0x1E,0x00,0x00,0x3F,0xFF,0x80,0x78,0x00,0xF0,0x03,0xFC,
//0x00,0x7E,0x00,0xF0,0x3F,0xFF,0xF0,0x00,0x00,0x1E,0x00,0x00,0x7E,0x07,0xC0,0x78,
//0x00,0xF0,0x03,0xFE,0x00,0x7F,0x00,0xF0,0x3F,0xFF,0xF0,0x00,0x00,0x1E,0x00,0x00,
//0x78,0x03,0xE0,0x78,0x00,0xF0,0x07,0x9E,0x00,0x7F,0x80,0xF0,0x00,0x01,0xF8,0x00,
//0x00,0x1E,0x00,0x00,0x70,0x01,0xE0,0x78,0x00,0xF0,0x07,0x8F,0x00,0x7F,0xC0,0xF0,
//0x00,0x00,0xF8,0x00,0x00,0x1E,0x00,0x00,0xF0,0x00,0xE0,0x78,0x01,0xF0,0x0F,0x8F,
//0x00,0x7B,0xE0,0xF0,0x3C,0x00,0x78,0x00,0x00,0x1E,0x00,0x00,0xF0,0x00,0xE0,0x78,
//0xFF,0xF0,0x0F,0x0F,0x80,0x79,0xF0,0xF0,0x3C,0x00,0x78,0x00,0x00,0x1E,0x00,0x00,
//0xF0,0x00,0xE0,0x78,0xFF,0xF0,0x1F,0x07,0x80,0x78,0xF8,0xF0,0x3C,0x00,0x78,0x00,
//0x00,0x1E,0x00,0x00,0xF0,0x00,0xE0,0x78,0xFF,0xF0,0x1E,0x07,0xC0,0x78,0x7C,0xF0,
//0x3C,0x00,0x78,0x00,0x00,0x1F,0x00,0x00,0xF0,0x01,0xE0,0x78,0x00,0xF0,0x3E,0x03,
//0xC0,0x78,0x3F,0xF0,0x3C,0x00,0xF8,0x00,0x00,0x0F,0x00,0x00,0x78,0x01,0xE0,0x78,
//0x00,0xF0,0x3C,0x03,0xE0,0x78,0x1F,0xF0,0x3C,0x00,0xF8,0x00,0x00,0x0F,0x80,0x00,
//0x7C,0x03,0xE0,0x78,0x00,0xF0,0x3C,0x03,0xE0,0x78,0x0F,0xF0,0x3E,0x03,0xF8,0x00,
//0x00,0x07,0xFF,0xF0,0x3F,0xFF,0xC0,0x78,0x00,0xF0,0x78,0x7F,0xE0,0x78,0x07,0xF0,
//0x3F,0xFF,0xF0,0x00,0x00,0x03,0xFF,0xF0,0x1F,0xFF,0x80,0x78,0x00,0xF0,0x78,0x7F,
//0xF0,0x78,0x03,0xF0,0x3F,0xFF,0xF0,0x00,0x00,0x00,0xFF,0xF8,0x0F,0xFF,0x00,0x78,
//0x00,0xF0,0xF0,0x7F,0xF0,0x78,0x01,0xF0,0x3F,0xFF,0xE0,0x00,0x00,0x00,0x00,0x00,
//0x00,0x00,0x00,0x00,0x00,0x00,0x00,0x00,0x00,0x00,0x00,0x00,0x00,0x00,0x00,0x00,
//0x00,0x00,0x00,0x00,0x00,0x00,0x00,0x00,0x00,0x00,0x00,0x00,0x00,0x00,0x00,0x00,
//0x00,0x00,0x00,0x00,0x00,0x00,0x00,0x00,0x00,0x00,0x00,0x00,0x00,0x00,0x00,0x00,
//0x00,0x00,0x00,0x00,0x00,0x00,0x00,0x00,0x00,0x00,0x00,0x00,0x00,0x00,0x00,0x00,
//0x00,0x00,0x00,0x00,0x00,0x00,0x00,0x00,0x00,0x00,0x00,0x00,0x00,0x00,0x00,0x00,
//0x00,0x00,0x00,0x00,0x00,0x00,0x00,0x00,0x00,0x00,0x00,0x00,0x00,0x00,0x00,0x00,
//0x00,0x00,0x00,0x00,0x00,0x00,0x00,0x00,0x00,0x00,0x00,0x00,0x00,0x00,0x00,0x00,
//0x00,0x00,0x00,0x00,0x00,0x00,0x00,0x00,0x00,0x00,0x00,0x00,0x00,0x00,0x00,0x00,
//0x00,0x00,0x00,0x00,0x00,0x00,0x00,0x00,0x00,0x00,0x00,0x00,0x00,0x00,0x00,0x00,
//0x00,0x00,0x00,0x00,0x00,0x00,0x00,0x00,0x00,0x00,0x00,0x00,0x00,0x00,0x00,0x00,
//0x00,0x00,0x00,0x00,0x00,0x00,0x00,0x00,0x00,0x00,0x00,0x00,0x00,0x00,0x00,0x00,
//0x00,0x00,0x00,0x00,0x00,0x00,0x00,0x00,0x00,0x00,0x00,0x00,0x00,0x00,0x00,0x00,
//0x00,0x00,0x00,0x00,0x00,0x00,0x00,0x00,0x00,0x00,0x00,0x00,0x00,0x00,0x00,0x00,
//0x00,0x00,0x00,0x00,0x00,0x00,0x00,0x00,0x00,0x00,0x00,0x00,0x00,0x00,0x00,0x00,
//0x00,0x00,0x00,0x00,0x00,0x00,0x00,0x00,0x00,0x00,0x00,0x00,0x00,0x00,0x00,0x00,
//0x00,0x00,0x00,0x00,0x00,0x00,0x00,0x00,0x00,0x00,0x00,0x00,0x00,0x00,0x00,0x00,
//0x00,0x00,0x00,0x00,0x00,0x00,0x00,0x00,0x00,0x00,0x00,0x00,0x00,0x00,0x00,0x00,
//0x00,0x00,0x00,0x00,0x00,0x00,0x00,0x00,0x00,0x00,0x00,0x00,0x00,0x00,0x00,0x00,
//0x00,0x00,0x00,0x00,0x00,0x00,0x00,0x00,0x00,0x00,0x00,0x00,0x00,0x00,0x00,0x00,
//0x00,0x00,0x00,0x00,0x00,0x00,0x00,0x00,0x00,0x00,0x00,0x00,0x00,0x00,0x00,0x00,
//0x00,0x00,0x00,0x00,0x00,0x00,0x00,0x00,0x00,0x00,0x00,0x00,0x00,0x00,0x00,0x00,

//0x00,0x00,0x00,0x00,0x00,0x00,0x00,0x00,0x00,0x00,0x00,0x00,0x00,0x00,0x00,0x00,//只有字中等
//0x00,0x00,0x00,0x00,0x00,0x00,0x00,0x00,0x00,0x00,0x00,0x00,0x00,0x00,0x00,0x00,
//0x00,0x00,0x00,0x00,0x00,0x00,0x00,0x00,0x00,0x00,0x00,0x00,0x00,0x00,0x00,0x00,
//0x00,0x00,0x00,0x00,0x00,0x00,0x00,0x00,0x00,0x00,0x00,0x00,0x00,0x00,0x00,0x00,
//0x00,0x00,0x00,0x00,0x00,0x00,0x00,0x00,0x00,0x00,0x00,0x00,0x00,0x00,0x00,0x00,
//0x00,0x00,0x00,0x00,0x00,0x00,0x00,0x00,0x00,0x00,0x00,0x00,0x00,0x00,0x00,0x00,
//0x00,0x00,0x00,0x00,0x00,0x00,0x00,0x00,0x00,0x00,0x00,0x00,0x00,0x00,0x00,0x00,
//0x00,0x00,0x00,0x00,0x00,0x00,0x00,0x00,0x00,0x00,0x00,0x00,0x00,0x00,0x00,0x00,
//0x00,0x00,0x00,0x00,0x00,0x00,0x00,0x00,0x00,0x00,0x00,0x00,0x00,0x00,0x00,0x00,
//0x00,0x00,0x00,0x00,0x00,0x00,0x00,0x00,0x00,0x00,0x00,0x00,0x00,0x00,0x00,0x00,
//0x00,0x00,0x00,0x00,0x00,0x00,0x00,0x00,0x00,0x00,0x00,0x00,0x00,0x00,0x00,0x00,
//0x00,0x00,0x00,0x00,0x00,0x00,0x00,0x00,0x00,0x00,0x00,0x00,0x00,0x00,0x00,0x00,
//0x00,0x00,0x00,0x00,0x00,0x00,0x00,0x00,0x00,0x00,0x00,0x00,0x00,0x00,0x00,0x00,
//0x00,0x00,0x00,0x00,0x00,0x00,0x00,0x00,0x00,0x00,0x00,0x00,0x00,0x00,0x00,0x00,
//0x00,0x00,0x00,0x00,0x00,0x00,0x00,0x00,0x00,0x00,0x00,0x00,0x00,0x00,0x00,0x00,
//0x00,0x00,0x00,0x00,0x00,0x00,0x00,0x00,0x00,0x00,0x00,0x00,0x00,0x00,0x00,0x00,
//0x00,0x00,0x00,0x00,0x00,0x00,0x00,0x00,0x00,0x00,0x00,0x00,0x00,0x00,0x00,0x00,
//0x00,0x00,0x00,0x00,0x00,0x00,0x00,0x00,0x00,0x00,0x00,0x00,0x00,0x00,0x00,0x00,
//0x00,0x00,0x00,0x00,0x00,0x00,0x00,0x00,0x00,0x00,0x00,0x00,0x00,0x00,0x00,0x00,
//0x00,0x00,0x00,0x00,0x00,0x00,0x00,0x00,0x00,0x00,0x00,0x00,0x00,0x00,0x00,0x00,
//0x00,0x00,0x00,0x00,0x00,0x00,0x00,0x00,0x00,0x00,0x00,0x00,0x00,0x00,0x00,0x00,
//0x00,0x00,0x00,0x00,0x00,0x00,0x00,0x00,0x00,0x00,0x00,0x00,0x00,0x00,0x00,0x00,
//0x00,0x00,0x00,0x00,0x00,0x00,0x00,0x00,0x00,0x00,0x00,0x00,0x00,0x00,0x00,0x00,
//0x00,0x00,0x00,0x00,0x00,0x00,0x00,0x00,0x00,0x00,0x00,0x00,0x00,0x00,0x00,0x00,
//0x00,0x00,0x00,0x00,0x00,0x00,0x00,0x00,0x00,0x00,0x00,0x00,0x00,0x00,0x00,0x00,
//0x00,0x00,0x00,0x00,0x00,0x00,0x00,0x00,0x00,0x00,0x00,0x00,0x00,0x00,0x00,0x00,
//0x00,0x00,0x00,0x00,0x00,0x00,0x00,0x00,0x00,0x00,0x00,0x00,0x00,0x00,0x00,0x00,
//0x00,0x00,0x00,0x00,0x00,0x00,0x00,0x00,0x00,0x00,0x00,0x00,0x00,0x00,0x00,0x00,
//0x00,0x00,0x00,0x00,0x00,0x00,0x00,0x00,0x00,0x00,0x00,0x00,0x00,0x00,0x00,0x00,
//0x00,0x00,0x00,0x00,0x00,0x00,0x00,0x00,0x00,0x00,0x00,0x00,0x00,0x00,0x00,0x00,
//0x00,0x00,0x00,0x00,0x00,0x00,0x00,0x00,0x00,0x00,0x00,0x00,0x00,0x00,0x00,0x00,
//0x00,0x00,0x00,0x00,0x00,0x00,0x00,0x00,0x00,0x00,0x00,0x00,0x00,0x00,0x00,0x00,
//0x00,0x00,0x00,0x00,0x00,0x00,0x00,0x00,0x00,0x00,0x00,0x00,0x00,0x00,0x00,0x00,
//0x00,0x00,0x00,0x00,0x00,0x00,0x00,0x00,0x00,0x00,0x00,0x00,0x00,0x00,0x00,0x00,
//0x00,0x00,0x00,0x00,0x00,0x00,0x00,0x00,0x00,0x00,0x00,0x00,0x00,0x00,0x00,0x00,
//0x00,0x00,0x00,0x00,0x00,0x00,0x00,0x00,0x00,0x00,0x00,0x00,0x00,0x00,0x00,0x00,
//0x00,0x00,0x00,0x00,0x00,0x00,0x00,0x00,0x00,0x00,0x00,0x00,0x00,0x00,0x00,0x00,
//0x00,0x00,0x00,0x00,0x00,0x00,0x00,0x00,0x00,0x00,0x00,0x00,0x00,0x00,0x00,0x00,
//0x00,0x00,0x00,0x00,0x00,0x00,0x00,0x00,0x00,0x00,0x00,0x00,0x00,0x00,0x00,0x00,
//0x00,0x00,0x00,0x00,0x00,0x00,0x00,0x00,0x00,0x00,0x00,0x00,0x00,0x00,0x00,0x00,
//0x00,0x00,0x00,0x00,0x00,0x00,0x00,0x00,0x00,0x00,0x00,0x00,0x00,0x00,0x00,0x00,
//0x00,0x00,0x00,0x00,0x00,0x00,0x00,0x00,0x00,0x00,0x00,0x00,0x00,0x00,0x00,0x00,
//0x00,0x00,0x00,0x00,0x00,0x00,0x00,0x00,0x00,0x00,0x00,0x00,0x00,0x00,0x00,0x00,
//0x00,0x00,0x00,0x00,0x00,0x00,0x00,0x00,0x00,0x00,0x00,0x00,0x00,0x00,0x00,0x00,
//0x00,0x00,0x00,0x00,0x00,0x00,0x00,0x00,0x00,0x00,0x00,0x00,0x00,0x00,0x00,0x00,
//0x00,0x00,0x00,0x00,0x00,0x00,0x00,0x00,0x00,0x00,0x00,0x00,0x00,0x00,0x00,0x00,
//0x00,0x00,0x00,0x00,0x00,0x00,0x00,0x00,0x00,0x00,0x00,0x00,0x00,0x00,0x00,0x00,
//0x00,0x00,0x00,0x00,0x00,0x00,0x00,0x00,0x00,0x00,0x00,0x00,0x00,0x00,0x00,0x00,
//0x00,0x00,0x00,0x00,0x00,0x00,0x00,0x00,0x00,0x00,0x00,0x00,0x00,0x00,0x00,0x00,
//0x00,0x00,0x00,0x00,0x00,0x00,0x00,0x00,0x00,0x00,0x00,0x00,0x00,0x00,0x00,0x00,
//0x00,0x00,0x00,0x00,0x00,0x00,0x00,0x00,0x00,0x00,0x00,0x00,0x00,0x00,0x00,0x00,
//0x00,0x00,0x00,0x00,0x00,0x00,0x00,0x00,0x00,0x00,0x00,0x00,0x00,0x00,0x00,0x00,
//0x00,0x00,0x00,0x00,0x00,0x00,0x00,0x00,0x00,0x00,0x00,0x00,0x00,0x00,0x00,0x00,
//0x00,0x00,0x00,0x00,0x00,0x00,0x00,0x00,0x00,0x00,0x00,0x00,0x00,0x00,0x00,0x00,
//0x00,0x00,0x00,0x00,0x00,0x00,0x00,0x00,0x00,0x00,0x00,0x00,0x00,0x00,0x00,0x00,
//0x00,0x00,0x00,0x00,0x00,0x00,0x00,0x00,0x00,0x00,0x00,0x00,0x00,0x00,0x00,0x00,
//0x00,0x00,0x00,0x00,0x00,0x00,0x00,0x00,0x00,0x00,0x00,0x00,0x00,0x00,0x00,0x00,
//0x00,0x00,0x00,0x00,0x00,0x00,0x00,0x00,0x00,0x00,0x00,0x00,0x00,0x00,0x00,0x00,
//0x00,0x00,0x00,0x00,0x00,0x00,0x00,0x00,0x00,0x00,0x00,0x00,0x00,0x00,0x00,0x00,
//0x00,0x00,0x00,0x00,0x00,0x00,0x00,0x00,0x00,0x00,0x00,0x00,0x00,0x00,0x00,0x00,
//0x00,0x00,0x00,0x00,0x00,0x00,0x00,0x00,0x00,0x00,0x00,0x00,0x00,0x00,0x00,0x00,
//0x00,0x00,0x00,0x00,0x00,0x00,0x00,0x00,0x00,0x00,0x00,0x00,0x00,0x00,0x00,0x00,
//0x00,0x00,0x00,0x00,0x00,0x00,0x00,0x00,0x00,0x00,0x00,0x00,0x00,0x00,0x00,0x00,
//0x00,0x00,0x00,0x00,0x00,0x00,0x00,0x00,0x00,0x00,0x00,0x00,0x00,0x00,0x00,0x00,
//0x00,0x00,0x00,0x00,0x00,0x00,0x00,0x00,0x00,0x00,0x00,0x00,0x00,0x00,0x00,0x00,
//0x00,0x00,0x00,0x00,0x00,0x00,0x00,0x00,0x00,0x00,0x00,0x00,0x00,0x00,0x00,0x00,
//0x00,0x00,0x00,0x00,0x00,0x00,0x00,0x00,0x00,0x00,0x00,0x00,0x00,0x00,0x00,0x00,
//0x00,0x00,0x00,0x00,0x00,0x00,0x00,0x00,0x00,0x00,0x00,0x00,0x00,0x00,0x00,0x00,
//0x00,0x00,0x00,0x00,0x00,0x00,0x00,0x00,0x00,0x00,0x00,0x00,0x00,0x00,0x00,0x00,
//0x00,0x00,0x00,0x00,0x00,0x00,0x00,0x00,0x00,0x00,0x00,0x00,0x00,0x00,0x00,0x00,
//0x00,0x00,0x00,0x00,0x00,0x00,0x00,0x00,0x00,0x00,0x00,0x00,0x00,0x00,0x00,0x00,
//0x00,0x00,0x00,0x00,0x00,0x00,0x00,0x00,0x00,0x00,0x00,0x00,0x00,0x00,0x00,0x00,
//0x00,0x00,0x00,0x00,0x00,0x00,0x00,0x00,0x00,0x00,0x00,0x00,0x00,0x00,0x00,0x00,
//0x00,0x00,0x00,0x00,0x00,0x00,0x00,0x00,0x00,0x00,0x00,0x00,0x00,0x00,0x00,0x00,
//0x00,0x00,0x00,0x00,0x00,0x00,0x00,0x00,0x00,0x00,0x00,0x00,0x00,0x00,0x00,0x00,
//0x00,0x00,0x00,0x00,0x00,0x00,0x00,0x00,0x00,0x00,0x00,0x00,0x00,0x00,0x00,0x00,
//0x00,0x00,0x00,0x00,0x00,0x00,0x00,0x00,0x00,0x00,0x00,0x00,0x00,0x00,0x00,0x00,
//0x00,0x00,0x00,0x00,0x00,0x00,0x00,0x00,0x00,0x00,0x00,0x00,0x00,0x00,0x00,0x00,
//0x00,0x00,0x00,0x00,0x00,0x00,0x00,0x00,0x00,0x00,0x00,0x00,0x00,0x00,0x00,0x00,
//0x00,0x00,0x00,0x00,0x00,0x00,0x00,0x00,0x00,0x00,0x00,0x00,0x00,0x00,0x00,0x00,
//0x00,0x00,0x00,0x00,0x00,0x00,0x00,0x00,0x00,0x00,0x00,0x00,0x00,0x00,0x00,0x00,
//0x00,0x00,0x00,0x00,0x00,0x00,0x00,0x00,0x00,0x00,0x00,0x00,0x00,0x00,0x00,0x00,
//0x00,0x00,0x00,0x00,0x00,0x00,0x00,0x00,0x00,0x00,0x00,0x00,0x00,0x00,0x00,0x00,
//0x00,0x00,0x00,0x00,0x00,0x00,0x00,0x00,0x00,0x00,0x00,0x00,0x00,0x00,0x00,0x00,
//0x00,0x00,0x00,0x00,0x00,0x00,0x00,0x00,0x00,0x00,0x00,0x00,0x00,0x00,0x00,0x00,
//0x00,0x00,0x00,0x00,0x00,0x00,0x00,0x00,0x00,0x00,0x00,0x00,0x00,0x00,0x00,0x00,
//0x00,0x00,0x00,0x00,0x00,0x00,0x00,0x00,0x00,0x00,0x00,0x00,0x00,0x00,0x00,0x00,
//0x00,0x00,0x00,0x00,0x00,0x00,0x00,0x00,0x00,0x00,0x00,0x00,0x00,0x00,0x00,0x00,
//0x00,0x00,0x00,0x00,0x00,0x00,0x00,0x00,0x00,0x00,0x00,0x00,0x00,0x00,0x00,0x00,
//0x00,0x00,0x00,0x00,0x00,0x00,0x00,0x00,0x00,0x00,0x00,0x00,0x00,0x00,0x00,0x00,
//0x00,0x00,0x00,0x00,0x00,0x00,0x00,0x00,0x00,0x00,0x00,0x00,0x00,0x00,0x00,0x00,
//0x00,0x00,0x00,0x00,0x00,0x00,0x1F,0x00,0x00,0x7F,0xF0,0x1F,0x00,0x78,0x03,0xF8,
//0x03,0xE0,0x1F,0x0F,0xFF,0xE0,0x00,0x00,0x00,0x00,0x1F,0x00,0x00,0xFF,0xFC,0x1F,
//0x00,0x78,0x07,0xFC,0x03,0xF0,0x1F,0x0F,0xFF,0xF0,0x00,0x00,0x00,0x00,0x1F,0x00,
//0x01,0xFF,0xFE,0x1F,0x00,0x78,0x07,0xFC,0x03,0xF8,0x1F,0x0F,0xFF,0xF8,0x00,0x00,
//0x00,0x00,0x1F,0x00,0x03,0xFF,0xFE,0x1F,0x00,0x78,0x0F,0xFE,0x03,0xFC,0x1F,0x0F,
//0xFF,0xFC,0x00,0x00,0x00,0x00,0x1F,0x00,0x03,0xE0,0x3E,0x1F,0x00,0x78,0x0F,0xBE,
//0x03,0xFE,0x1F,0x00,0x00,0xFC,0x00,0x00,0x00,0x00,0x1F,0x00,0x03,0xE0,0x1F,0x1F,
//0x3F,0xF8,0x0F,0xBE,0x03,0xFF,0x1F,0x0F,0x00,0x7C,0x00,0x00,0x00,0x00,0x1F,0x00,
//0x03,0xC0,0x1F,0x1F,0x3F,0xF8,0x1F,0x1F,0x03,0xDF,0x9F,0x0F,0x80,0x7C,0x00,0x00,
//0x00,0x00,0x1F,0x00,0x03,0xC0,0x1F,0x1F,0x3F,0xF8,0x1F,0x1F,0x03,0xCF,0xDF,0x0F,
//0x00,0x7C,0x00,0x00,0x00,0x00,0x1F,0x00,0x03,0xC0,0x1F,0x1F,0x3F,0xF8,0x3F,0x1F,
//0x83,0xC7,0xFF,0x0F,0x00,0x7C,0x00,0x00,0x00,0x00,0x1F,0x80,0x03,0xE0,0x1F,0x1F,
//0x3F,0xF8,0x3E,0x0F,0x83,0xC3,0xFF,0x0F,0x00,0xFC,0x00,0x00,0x00,0x00,0x1F,0xC0,
//0x03,0xF0,0x3E,0x1F,0x00,0x78,0x7E,0x0F,0xC3,0xC1,0xFF,0x0F,0x83,0xFC,0x00,0x00,
//0x00,0x00,0x0F,0xFF,0xE3,0xFF,0xFE,0x1F,0x00,0x78,0x7C,0xFF,0xC3,0xC0,0xFF,0x0F,
//0xFF,0xFC,0x00,0x00,0x00,0x00,0x07,0xFF,0xE1,0xFF,0xFC,0x1F,0x00,0x78,0xFC,0xFF,
//0xE3,0xC0,0x7F,0x0F,0xFF,0xF8,0x00,0x00,0x00,0x00,0x03,0xFF,0xF0,0xFF,0xFC,0x1F,
//0x00,0x78,0xF9,0xFF,0xE3,0xC0,0x3F,0x0F,0xFF,0xF8,0x00,0x00,0x00,0x00,0x00,0xFF,
//0xF0,0x3F,0xF0,0x1F,0x00,0x78,0xF9,0xFF,0xE3,0xC0,0x1F,0x0F,0xFF,0xE0,0x00,0x00,
//0x00,0x00,0x00,0x00,0x00,0x00,0x00,0x00,0x00,0x00,0x00,0x00,0x00,0x00,0x00,0x00,
//0x00,0x00,0x00,0x00,0x00,0x00,0x00,0x00,0x00,0x00,0x00,0x00,0x00,0x00,0x00,0x00,
//0x00,0x00,0x00,0x00,0x00,0x00,0x00,0x00,0x00,0x00,0x00,0x00,0x00,0x00,0x00,0x00,
//0x00,0x00,0x00,0x00,0x00,0x00,0x00,0x00,0x00,0x00,0x00,0x00,0x00,0x00,0x00,0x00,
//0x00,0x00,0x00,0x00,0x00,0x00,0x00,0x00,0x00,0x00,0x00,0x00,0x00,0x00,0x00,0x00,
//0x00,0x00,0x00,0x00,0x00,0x00,0x00,0x00,0x00,0x00,0x00,0x00,0x00,0x00,0x00,0x00,
//0x00,0x00,0x00,0x00,0x00,0x00,0x00,0x00,0x00,0x00,0x00,0x00,0x00,0x00,0x00,0x00,
//0x00,0x00,0x00,0x00,0x00,0x00,0x00,0x00,0x00,0x00,0x00,0x00,0x00,0x00,0x00,0x00,
//0x00,0x00,0x00,0x00,0x00,0x00,0x00,0x00,0x00,0x00,0x00,0x00,0x00,0x00,0x00,0x00,
//0x00,0x00,0x00,0x00,0x00,0x00,0x00,0x00,0x00,0x00,0x00,0x00,0x00,0x00,0x00,0x00,
//0x00,0x00,0x00,0x00,0x00,0x00,0x00,0x00,0x00,0x00,0x00,0x00,0x00,0x00,0x00,0x00,
//0x00,0x00,0x00,0x00,0x00,0x00,0x00,0x00,0x00,0x00,0x00,0x00,0x00,0x00,0x00,0x00,
//0x00,0x00,0x00,0x00,0x00,0x00,0x00,0x00,0x00,0x00,0x00,0x00,0x00,0x00,0x00,0x00,
//0x00,0x00,0x00,0x00,0x00,0x00,0x00,0x00,0x00,0x00,0x00,0x00,0x00,0x00,0x00,0x00,
//0x00,0x00,0x00,0x00,0x00,0x00,0x00,0x00,0x00,0x00,0x00,0x00,0x00,0x00,0x00,0x00,
//0x00,0x00,0x00,0x00,0x00,0x00,0x00,0x00,0x00,0x00,0x00,0x00,0x00,0x00,0x00,0x00,
//0x00,0x00,0x00,0x00,0x00,0x00,0x00,0x00,0x00,0x00,0x00,0x00,0x00,0x00,0x00,0x00,
//0x00,0x00,0x00,0x00,0x00,0x00,0x00,0x00,0x00,0x00,0x00,0x00,0x00,0x00,0x00,0x00,
//0x00,0x00,0x00,0x00,0x00,0x00,0x00,0x00,0x00,0x00,0x00,0x00,0x00,0x00,0x00,0x00,
//0x00,0x00,0x00,0x00,0x00,0x00,0x00,0x00,0x00,0x00,0x00,0x00,0x00,0x00,0x00,0x00,
//0x00,0x00,0x00,0x00,0x00,0x00,0x00,0x00,0x00,0x00,0x00,0x00,0x00,0x00,0x00,0x00,
//0x00,0x00,0x00,0x00,0x00,0x00,0x00,0x00,0x00,0x00,0x00,0x00,0x00,0x00,0x00,0x00,
//0x00,0x00,0x00,0x00,0x00,0x00,0x00,0x00,0x00,0x00,0x00,0x00,0x00,0x00,0x00,0x00,
//0x00,0x00,0x00,0x00,0x00,0x00,0x00,0x00,0x00,0x00,0x00,0x00,0x00,0x00,0x00,0x00,
//0x00,0x00,0x00,0x00,0x00,0x00,0x00,0x00,0x00,0x00,0x00,0x00,0x00,0x00,0x00,0x00,
//0x00,0x00,0x00,0x00,0x00,0x00,0x00,0x00,0x00,0x00,0x00,0x00,0x00,0x00,0x00,0x00,
//0x00,0x00,0x00,0x00,0x00,0x00,0x00,0x00,0x00,0x00,0x00,0x00,0x00,0x00,0x00,0x00,
//0x00,0x00,0x00,0x00,0x00,0x00,0x00,0x00,0x00,0x00,0x00,0x00,0x00,0x00,0x00,0x00,
//0x00,0x00,0x00,0x00,0x00,0x00,0x00,0x00,0x00,0x00,0x00,0x00,0x00,0x00,0x00,0x00,
//0x00,0x00,0x00,0x00,0x00,0x00,0x00,0x00,0x00,0x00,0x00,0x00,0x00,0x00,0x00,0x00,
//0x00,0x00,0x00,0x00,0x00,0x00,0x00,0x00,0x00,0x00,0x00,0x00,0x00,0x00,0x00,0x00,
//0x00,0x00,0x00,0x00,0x00,0x00,0x00,0x00,0x00,0x00,0x00,0x00,0x00,0x00,0x00,0x00,
//0x00,0x00,0x00,0x00,0x00,0x00,0x00,0x00,0x00,0x00,0x00,0x00,0x00,0x00,0x00,0x00,
//0x00,0x00,0x00,0x00,0x00,0x00,0x00,0x00,0x00,0x00,0x00,0x00,0x00,0x00,0x00,0x00,
//0x00,0x00,0x00,0x00,0x00,0x00,0x00,0x00,0x00,0x00,0x00,0x00,0x00,0x00,0x00,0x00,
//0x00,0x00,0x00,0x00,0x00,0x00,0x00,0x00,0x00,0x00,0x00,0x00,0x00,0x00,0x00,0x00,
//0x00,0x00,0x00,0x00,0x00,0x00,0x00,0x00,0x00,0x00,0x00,0x00,0x00,0x00,0x00,0x00,
//0x00,0x00,0x00,0x00,0x00,0x00,0x00,0x00,0x00,0x00,0x00,0x00,0x00,0x00,0x00,0x00,
//0x00,0x00,0x00,0x00,0x00,0x00,0x00,0x00,0x00,0x00,0x00,0x00,0x00,0x00,0x00,0x00,
//0x00,0x00,0x00,0x00,0x00,0x00,0x00,0x00,0x00,0x00,0x00,0x00,0x00,0x00,0x00,0x00,
//0x00,0x00,0x00,0x00,0x00,0x00,0x00,0x00,0x00,0x00,0x00,0x00,0x00,0x00,0x00,0x00,
//0x00,0x00,0x00,0x00,0x00,0x00,0x00,0x00,0x00,0x00,0x00,0x00,0x00,0x00,0x00,0x00,
//0x00,0x00,0x00,0x00,0x00,0x00,0x00,0x00,0x00,0x00,0x00,0x00,0x00,0x00,0x00,0x00,
//0x00,0x00,0x00,0x00,0x00,0x00,0x00,0x00,0x00,0x00,0x00,0x00,0x00,0x00,0x00,0x00,
//0x00,0x00,0x00,0x00,0x00,0x00,0x00,0x00,0x00,0x00,0x00,0x00,0x00,0x00,0x00,0x00,
//0x00,0x00,0x00,0x00,0x00,0x00,0x00,0x00,0x00,0x00,0x00,0x00,0x00,0x00,0x00,0x00,
//0x00,0x00,0x00,0x00,0x00,0x00,0x00,0x00,0x00,0x00,0x00,0x00,0x00,0x00,0x00,0x00,
//0x00,0x00,0x00,0x00,0x00,0x00,0x00,0x00,0x00,0x00,0x00,0x00,0x00,0x00,0x00,0x00,
//0x00,0x00,0x00,0x00,0x00,0x00,0x00,0x00,0x00,0x00,0x00,0x00,0x00,0x00,0x00,0x00,
//0x00,0x00,0x00,0x00,0x00,0x00,0x00,0x00,0x00,0x00,0x00,0x00,0x00,0x00,0x00,0x00,
//0x00,0x00,0x00,0x00,0x00,0x00,0x00,0x00,0x00,0x00,0x00,0x00,0x00,0x00,0x00,0x00,
//0x00,0x00,0x00,0x00,0x00,0x00,0x00,0x00,0x00,0x00,0x00,0x00,0x00,0x00,0x00,0x00,
//0x00,0x00,0x00,0x00,0x00,0x00,0x00,0x00,0x00,0x00,0x00,0x00,0x00,0x00,0x00,0x00,
//0x00,0x00,0x00,0x00,0x00,0x00,0x00,0x00,0x00,0x00,0x00,0x00,0x00,0x00,0x00,0x00,
//0x00,0x00,0x00,0x00,0x00,0x00,0x00,0x00,0x00,0x00,0x00,0x00,0x00,0x00,0x00,0x00,
//0x00,0x00,0x00,0x00,0x00,0x00,0x00,0x00,0x00,0x00,0x00,0x00,0x00,0x00,0x00,0x00,
//0x00,0x00,0x00,0x00,0x00,0x00,0x00,0x00,0x00,0x00,0x00,0x00,0x00,0x00,0x00,0x00,
//0x00,0x00,0x00,0x00,0x00,0x00,0x00,0x00,0x00,0x00,0x00,0x00,0x00,0x00,0x00,0x00,
//0x00,0x00,0x00,0x00,0x00,0x00,0x00,0x00,0x00,0x00,0x00,0x00,0x00,0x00,0x00,0x00,
//0x00,0x00,0x00,0x00,0x00,0x00,0x00,0x00,0x00,0x00,0x00,0x00,0x00,0x00,0x00,0x00,
//0x00,0x00,0x00,0x00,0x00,0x00,0x00,0x00,0x00,0x00,0x00,0x00,0x00,0x00,0x00,0x00,
//0x00,0x00,0x00,0x00,0x00,0x00,0x00,0x00,0x00,0x00,0x00,0x00,0x00,0x00,0x00,0x00,
//0x00,0x00,0x00,0x00,0x00,0x00,0x00,0x00,0x00,0x00,0x00,0x00,0x00,0x00,0x00,0x00,
//0x00,0x00,0x00,0x00,0x00,0x00,0x00,0x00,0x00,0x00,0x00,0x00,0x00,0x00,0x00,0x00,
//0x00,0x00,0x00,0x00,0x00,0x00,0x00,0x00,0x00,0x00,0x00,0x00,0x00,0x00,0x00,0x00,
//0x00,0x00,0x00,0x00,0x00,0x00,0x00,0x00,0x00,0x00,0x00,0x00,0x00,0x00,0x00,0x00,
//0x00,0x00,0x00,0x00,0x00,0x00,0x00,0x00,0x00,0x00,0x00,0x00,0x00,0x00,0x00,0x00,
//0x00,0x00,0x00,0x00,0x00,0x00,0x00,0x00,0x00,0x00,0x00,0x00,0x00,0x00,0x00,0x00,
//0x00,0x00,0x00,0x00,0x00,0x00,0x00,0x00,0x00,0x00,0x00,0x00,0x00,0x00,0x00,0x00,
//0x00,0x00,0x00,0x00,0x00,0x00,0x00,0x00,0x00,0x00,0x00,0x00,0x00,0x00,0x00,0x00,
//0x00,0x00,0x00,0x00,0x00,0x00,0x00,0x00,0x00,0x00,0x00,0x00,0x00,0x00,0x00,0x00,
//0x00,0x00,0x00,0x00,0x00,0x00,0x00,0x00,0x00,0x00,0x00,0x00,0x00,0x00,0x00,0x00,
//0x00,0x00,0x00,0x00,0x00,0x00,0x00,0x00,0x00,0x00,0x00,0x00,0x00,0x00,0x00,0x00,
//0x00,0x00,0x00,0x00,0x00,0x00,0x00,0x00,0x00,0x00,0x00,0x00,0x00,0x00,0x00,0x00,
//0x00,0x00,0x00,0x00,0x00,0x00,0x00,0x00,0x00,0x00,0x00,0x00,0x00,0x00,0x00,0x00,
//0x00,0x00,0x00,0x00,0x00,0x00,0x00,0x00,0x00,0x00,0x00,0x00,0x00,0x00,0x00,0x00,
//0x00,0x00,0x00,0x00,0x00,0x00,0x00,0x00,0x00,0x00,0x00,0x00,0x00,0x00,0x00,0x00,
//0x00,0x00,0x00,0x00,0x00,0x00,0x00,0x00,0x00,0x00,0x00,0x00,0x00,0x00,0x00,0x00,
//0x00,0x00,0x00,0x00,0x00,0x00,0x00,0x00,0x00,0x00,0x00,0x00,0x00,0x00,0x00,0x00,
//0x00,0x00,0x00,0x00,0x00,0x00,0x00,0x00,0x00,0x00,0x00,0x00,0x00,0x00,0x00,0x00,
//0x00,0x00,0x00,0x00,0x00,0x00,0x00,0x00,0x00,0x00,0x00,0x00,0x00,0x00,0x00,0x00,
//0x00,0x00,0x00,0x00,0x00,0x00,0x00,0x00,0x00,0x00,0x00,0x00,0x00,0x00,0x00,0x00,
//0x00,0x00,0x00,0x00,0x00,0x00,0x00,0x00,0x00,0x00,0x00,0x00,0x00,0x00,0x00,0x00,
//0x00,0x00,0x00,0x00,0x00,0x00,0x00,0x00,0x00,0x00,0x00,0x00,0x00,0x00,0x00,0x00,
//0x00,0x00,0x00,0x00,0x00,0x00,0x00,0x00,0x00,0x00,0x00,0x00,0x00,0x00,0x00,0x00,
//0x00,0x00,0x00,0x00,0x00,0x00,0x00,0x00,0x00,0x00,0x00,0x00,0x00,0x00,0x00,0x00,
//0x00,0x00,0x00,0x00,0x00,0x00,0x00,0x00,0x00,0x00,0x00,0x00,0x00,0x00,0x00,0x00,
//0x00,0x00,0x00,0x00,0x00,0x00,0x00,0x00,0x00,0x00,0x00,0x00,0x00,0x00,0x00,0x00,
//0x00,0x00,0x00,0x00,0x00,0x00,0x00,0x00,0x00,0x00,0x00,0x00,0x00,0x00,0x00,0x00,
//0x00,0x00,0x00,0x00,0x00,0x00,0x00,0x00,0x00,0x00,0x00,0x00,0x00,0x00,0x00,0x00,



////小图标带字
0x00,0x00,0x00,0x00,0x00,0x00,0x00,0x00,0x00,0x00,0x00,0x00,0x00,0x00,0x00,0x00,
0x00,0x00,0x00,0x00,0x00,0x00,0x00,0x00,0x00,0x00,0x00,0x00,0x00,0x00,0x00,0x00,
0x00,0x00,0x00,0x00,0x00,0x00,0x00,0x00,0x00,0x00,0x00,0x00,0x00,0x00,0x00,0x00,
0x00,0x00,0x00,0x00,0x00,0x00,0x00,0x00,0x00,0x00,0x00,0x00,0x00,0x00,0x00,0x00,
0x00,0x00,0x00,0x00,0x00,0x00,0x00,0x00,0x00,0x00,0x00,0x00,0x00,0x00,0x00,0x00,
0x00,0x00,0x00,0x00,0x00,0x00,0x00,0x00,0x00,0x00,0x00,0x00,0x00,0x00,0x00,0x00,
0x00,0x00,0x00,0x00,0x00,0x00,0x00,0x00,0x00,0x00,0x00,0x00,0x00,0x00,0x00,0x00,
0x00,0x00,0x00,0x00,0x00,0x00,0x00,0x00,0x00,0x00,0x00,0x00,0x00,0x00,0x00,0x00,
0x00,0x00,0x00,0x00,0x00,0x00,0x00,0x00,0x00,0x00,0x00,0x00,0x00,0x00,0x00,0x00,
0x00,0x00,0x00,0x00,0x00,0x00,0x00,0x00,0x00,0x00,0x00,0x00,0x00,0x00,0x00,0x00,
0x00,0x00,0x00,0x00,0x00,0x00,0x00,0x00,0x00,0x00,0x00,0x00,0x00,0x00,0x00,0x00,
0x00,0x00,0x00,0x00,0x00,0x00,0x00,0x00,0x00,0x00,0x00,0x00,0x00,0x00,0x00,0x00,
0x00,0x00,0x00,0x00,0x00,0x00,0x00,0x00,0x00,0x00,0x00,0x00,0x00,0x00,0x00,0x00,
0x00,0x00,0x00,0x00,0x00,0x00,0x00,0x00,0x00,0x00,0x00,0x00,0x00,0x00,0x00,0x00,
0x00,0x00,0x00,0x00,0x00,0x00,0x00,0x00,0x00,0x00,0x00,0x00,0x00,0x00,0x00,0x00,
0x00,0x00,0x00,0x00,0x00,0x00,0x00,0x00,0x00,0x00,0x00,0x00,0x00,0x00,0x00,0x00,
0x00,0x00,0x00,0x00,0x00,0x00,0x00,0x00,0x00,0x00,0x00,0x00,0x00,0x00,0x00,0x00,
0x00,0x00,0x00,0x00,0x00,0x00,0x00,0x00,0x00,0x00,0x00,0x00,0x00,0x00,0x00,0x00,
0x00,0x00,0x00,0x00,0x00,0x00,0x00,0x00,0x00,0x00,0x00,0x00,0x00,0x00,0x00,0x00,
0x00,0x00,0x00,0x00,0x00,0x00,0x00,0x00,0x00,0x00,0x00,0x00,0x00,0x00,0x00,0x00,
0x00,0x00,0x00,0x00,0x00,0x00,0x00,0x00,0x00,0x00,0x00,0x00,0x00,0x00,0x00,0x00,
0x00,0x00,0x00,0x00,0x00,0x00,0x00,0x00,0x00,0x00,0x00,0x00,0x00,0x00,0x00,0x00,
0x00,0x00,0x00,0x00,0x00,0x00,0x00,0x00,0x00,0x00,0x00,0x00,0x00,0x00,0x00,0x00,
0x00,0x00,0x00,0x00,0x00,0x00,0x00,0x00,0x00,0x00,0x00,0x00,0x00,0x00,0x00,0x00,
0x00,0x00,0x00,0x00,0x00,0x00,0x00,0x00,0x00,0x00,0x00,0x00,0x00,0x00,0x00,0x00,
0x00,0x00,0x00,0x00,0x00,0x00,0x00,0x00,0x00,0x00,0x00,0x00,0x00,0x00,0x00,0x00,
0x00,0x00,0x00,0x00,0x00,0x00,0x00,0x00,0x00,0x00,0x00,0x00,0x00,0x00,0x00,0x00,
0x00,0x00,0x00,0x00,0x00,0x00,0x00,0x00,0x00,0x00,0x00,0x00,0x00,0x00,0x00,0x00,
0x00,0x00,0x00,0x00,0x00,0x00,0x00,0x00,0x00,0x00,0x00,0x00,0x00,0x00,0x00,0x00,
0x00,0x00,0x00,0x00,0x00,0x00,0x00,0x00,0x00,0x00,0x00,0x00,0x00,0x00,0x00,0x00,
0x00,0x00,0x00,0x00,0x00,0x00,0x00,0x00,0x00,0x00,0x00,0x00,0x00,0x00,0x00,0x00,
0x00,0x00,0x00,0x00,0x00,0x00,0x00,0x00,0x00,0x00,0x00,0x00,0x00,0x00,0x00,0x00,
0x00,0x00,0x00,0x00,0x00,0x00,0x00,0x00,0x00,0x00,0x00,0x00,0x00,0x00,0x00,0x00,
0x00,0x00,0x00,0x00,0x00,0x00,0x00,0x00,0x00,0x00,0x00,0x00,0x00,0x00,0x00,0x00,
0x00,0x00,0x00,0x00,0x00,0x00,0x00,0x00,0x00,0x00,0x00,0x00,0x00,0x00,0x00,0x00,
0x00,0x00,0x00,0x00,0x00,0x00,0x00,0x00,0x00,0x00,0x00,0x00,0x00,0x00,0x00,0x00,
0x00,0x00,0x00,0x00,0x00,0x00,0x00,0x00,0x00,0x00,0x00,0x00,0x00,0x00,0x00,0x00,
0x00,0x00,0x00,0x00,0x00,0x00,0x00,0x00,0x00,0x00,0x00,0x00,0x00,0x00,0x00,0x00,
0x00,0x00,0x00,0x00,0x00,0x00,0x00,0x00,0x00,0x00,0x00,0x00,0x00,0x00,0x00,0x00,
0x00,0x00,0x00,0x00,0x00,0x00,0x00,0x00,0x00,0x00,0x00,0x00,0x00,0x00,0x00,0x00,
0x00,0x00,0x00,0x00,0x00,0x00,0x00,0x00,0x00,0x00,0x00,0x00,0x00,0x00,0x00,0x00,
0x00,0x00,0x00,0x00,0x00,0x00,0x00,0x00,0x00,0x00,0x00,0x00,0x00,0x00,0x00,0x00,
0x00,0x00,0x00,0x00,0x00,0x00,0x00,0x00,0x00,0x00,0x00,0x00,0x00,0x00,0x00,0x00,
0x00,0x00,0x00,0x00,0x00,0x00,0x00,0x00,0x00,0x00,0x00,0x00,0x00,0x00,0x00,0x00,
0x00,0x00,0x00,0x00,0x00,0x00,0x00,0x00,0x00,0x00,0x00,0x00,0x00,0x00,0x00,0x00,
0x00,0x00,0x00,0x00,0x00,0x00,0x00,0x00,0x00,0x00,0x00,0x00,0x00,0x00,0x00,0x00,
0x00,0x00,0x00,0x00,0x00,0x00,0x00,0x00,0x00,0x00,0x00,0xF0,0x00,0x00,0x00,0xFF,
0xFF,0xF8,0x00,0x00,0x00,0x00,0x00,0x00,0x00,0x00,0x00,0x00,0x00,0x00,0x03,0xF0,
0x00,0x00,0x00,0xFF,0xFF,0xFC,0x00,0x00,0x00,0x00,0x00,0x00,0x00,0x00,0x00,0x00,
0x00,0x00,0x07,0xF0,0x00,0x00,0x00,0xFF,0xFF,0xFC,0x00,0x00,0x00,0x00,0x00,0x00,
0x00,0x00,0x00,0x00,0x00,0x00,0x0F,0xF0,0x00,0x00,0x00,0x7F,0xFF,0xFE,0x00,0x00,
0x00,0x00,0x00,0x00,0x00,0x00,0x00,0x00,0x00,0x00,0x0F,0xF0,0x00,0x00,0x00,0x7F,
0xFF,0xFE,0x00,0x00,0x00,0x00,0x00,0x00,0x00,0x00,0x00,0x00,0x00,0x00,0x1F,0xF0,
0x00,0x00,0x00,0x3F,0xFF,0xFE,0x00,0x00,0x00,0x00,0x00,0x00,0x00,0x00,0x00,0x00,
0x00,0x00,0x3F,0xF0,0x00,0x00,0x00,0x3F,0xFF,0xFE,0x00,0x00,0x00,0x00,0x00,0x00,
0x00,0x00,0x00,0x00,0x00,0x00,0x3F,0xF0,0x00,0x00,0x00,0x1F,0xFF,0xFE,0x00,0x00,
0x00,0x00,0x00,0x00,0x00,0x00,0x00,0x00,0x00,0x00,0x7F,0xF0,0x00,0x00,0x00,0x1F,
0xFF,0xFE,0x00,0x00,0x00,0x00,0x00,0x00,0x00,0x00,0x00,0x00,0x00,0x00,0x7F,0xF0,
0x00,0x01,0x80,0x0F,0xFF,0xFE,0x00,0x00,0x00,0x00,0x00,0x00,0x00,0x00,0x00,0x00,
0x00,0x00,0x7F,0xF0,0x00,0x01,0x80,0x0F,0xFF,0xFE,0x00,0x00,0x00,0x00,0x00,0x00,
0x00,0x00,0x00,0x00,0x00,0x00,0x7F,0xF0,0x00,0x03,0xC0,0x07,0xFF,0xFE,0x00,0x00,
0x00,0x00,0x00,0x00,0x00,0x00,0x00,0x00,0x00,0x00,0x7F,0xF0,0x00,0x03,0xC0,0x07,
0xFF,0xFE,0x00,0x00,0x00,0x00,0x00,0x00,0x00,0x00,0x00,0x00,0x00,0x00,0x7F,0xF0,
0x00,0x07,0xC0,0x07,0xFF,0xFE,0x00,0x00,0x00,0x00,0x00,0x00,0x00,0x00,0x00,0x00,
0x00,0x00,0x7F,0xF0,0x00,0x07,0xE0,0x03,0xFF,0xFE,0x00,0x00,0x00,0x00,0x00,0x00,
0x00,0x00,0x00,0x00,0x00,0x00,0x7F,0xF0,0x00,0x07,0xE0,0x03,0xFF,0xFE,0x00,0x00,
0x00,0x00,0x00,0x00,0x00,0x00,0x00,0x00,0x00,0x00,0x7F,0xF0,0x00,0x0F,0xF0,0x01,
0xFF,0xFE,0x00,0x00,0x00,0x00,0x00,0x00,0x00,0x00,0x00,0x00,0x00,0x00,0x7F,0xF0,
0x00,0x0F,0xF0,0x01,0xFF,0xFE,0x00,0x00,0x00,0x00,0x00,0x00,0x00,0x00,0x00,0x00,
0x00,0x00,0x7F,0xF0,0x00,0x1F,0xF8,0x00,0xFF,0xFE,0x00,0x00,0x00,0x00,0x00,0x00,
0x00,0x00,0x00,0x00,0x00,0x00,0x7F,0xF0,0x00,0x1F,0xF8,0x00,0xFF,0xFE,0x00,0x00,
0x00,0x00,0x00,0x00,0x00,0x00,0x00,0x00,0x00,0x00,0x7F,0xF0,0x00,0x1F,0xF8,0x00,
0x7F,0xFE,0x00,0x00,0x00,0x00,0x00,0x00,0x00,0x00,0x00,0x00,0x00,0x00,0x7F,0xF0,
0x00,0x3F,0xFC,0x00,0x7F,0xFE,0x00,0x00,0x00,0x00,0x00,0x00,0x00,0x00,0x00,0x00,
0x00,0x00,0x7F,0xF0,0x00,0x3F,0xFF,0xFF,0xFF,0xFE,0x00,0x00,0x00,0x00,0x00,0x00,
0x00,0x00,0x00,0x00,0x00,0x00,0x7F,0xF0,0x00,0x7F,0xFF,0xFF,0xFF,0xFE,0x00,0x00,
0x00,0x00,0x00,0x00,0x00,0x00,0x00,0x00,0x00,0x00,0x7F,0xF0,0x00,0x7F,0xFF,0xFF,
0xFF,0xFE,0x00,0x00,0x00,0x00,0x00,0x00,0x00,0x00,0x00,0x00,0x00,0x00,0x7F,0xF0,
0x00,0xFF,0xFF,0xFF,0xFF,0xFE,0x00,0x00,0x00,0x00,0x00,0x00,0x00,0x00,0x00,0x00,
0x00,0x00,0x7F,0xF0,0x00,0xFF,0xFF,0xFF,0xFF,0xFE,0x00,0x00,0x00,0x00,0x00,0x00,
0x00,0x00,0x00,0x00,0x00,0x00,0x7F,0xF0,0x00,0xFF,0xFF,0xFF,0xFF,0xFE,0x00,0x00,
0x00,0x00,0x00,0x00,0x00,0x00,0x00,0x00,0x00,0x00,0x7F,0xF0,0x01,0xFF,0xFF,0xFF,
0xFF,0xFE,0x00,0x00,0x00,0x00,0x00,0x00,0x00,0x00,0x00,0x00,0x00,0x00,0x7F,0xF0,
0x01,0xFF,0xFF,0xFF,0xFF,0xFE,0x00,0x00,0x00,0x00,0x00,0x00,0x00,0x00,0x00,0x00,
0x00,0x00,0x7F,0xF0,0x01,0xFF,0xFB,0xFF,0xFF,0xFE,0x00,0x00,0x00,0x00,0x00,0x00,
0x00,0x00,0x00,0x00,0x00,0x00,0x7F,0xF0,0x01,0xFF,0xF1,0xFF,0xFF,0xFE,0x00,0x00,
0x00,0x00,0x00,0x00,0x00,0x00,0x00,0x00,0x00,0x00,0x7F,0xF0,0x01,0xFF,0xF1,0xFF,
0xFF,0xFE,0x00,0x00,0x00,0x00,0x00,0x00,0x00,0x00,0x00,0x00,0x00,0x00,0x7F,0xF0,
0x01,0xFF,0xF3,0x80,0x0F,0xFE,0x00,0x00,0x00,0x00,0x00,0x00,0x00,0x00,0x00,0x00,
0x00,0x00,0x7F,0xF0,0x01,0xFF,0xE3,0x80,0x0F,0xFE,0x00,0x00,0x00,0x00,0x00,0x00,
0x00,0x00,0x00,0x00,0x00,0x00,0x7F,0xF0,0x01,0xFF,0xC7,0x80,0x0F,0xFE,0x00,0x00,
0x00,0x00,0x00,0x00,0x00,0x00,0x00,0x00,0x00,0x00,0x7F,0xF8,0x00,0xFE,0x0F,0x00,
0x0F,0xFE,0x00,0x00,0x00,0x00,0x00,0x00,0x00,0x00,0x00,0x00,0x00,0x00,0x7F,0xF8,
0x00,0xFE,0x1E,0x00,0x0F,0xFE,0x00,0x00,0x00,0x00,0x00,0x00,0x00,0x00,0x00,0x00,
0x00,0x00,0x7F,0xF8,0x00,0x7E,0x7E,0x00,0x0F,0xFE,0x00,0x00,0x00,0x00,0x00,0x00,
0x00,0x00,0x00,0x00,0x00,0x00,0x7F,0xFC,0x00,0x3F,0xF8,0x00,0x0F,0xFE,0x00,0x00,
0x00,0x00,0x00,0x00,0x00,0x00,0x00,0x00,0x00,0x00,0x7F,0xFC,0x00,0x0F,0xF0,0x00,
0x0F,0xFE,0x00,0x00,0x00,0x00,0x00,0x00,0x00,0x00,0x00,0x00,0x00,0x00,0x7F,0xFE,
0x00,0x00,0x00,0x00,0x0F,0xFE,0x00,0x00,0x00,0x00,0x00,0x00,0x00,0x00,0x00,0x00,
0x00,0x00,0x7F,0xFE,0x00,0x00,0x00,0x00,0x0F,0xFE,0x00,0x00,0x00,0x00,0x00,0x00,
0x00,0x00,0x00,0x00,0x00,0x00,0x7F,0xFF,0x00,0x00,0x00,0x00,0x0F,0xFE,0x00,0x00,
0x00,0x00,0x00,0x00,0x00,0x00,0x00,0x00,0x00,0x00,0x7F,0xFF,0x80,0x00,0x00,0x00,
0x0F,0xFE,0x00,0x00,0x00,0x00,0x00,0x00,0x00,0x00,0x00,0x00,0x00,0x00,0x7F,0xFF,
0xC0,0x00,0x00,0x00,0x0F,0xFE,0x00,0x00,0x00,0x00,0x00,0x00,0x00,0x00,0x00,0x00,
0x00,0x00,0x7F,0xFF,0xE0,0x00,0x00,0x00,0x0F,0xFE,0x00,0x00,0x00,0x00,0x00,0x00,
0x00,0x00,0x00,0x00,0x00,0x00,0x7F,0xFF,0xF0,0x00,0x00,0x00,0x0F,0xFE,0x00,0x00,
0x00,0x00,0x00,0x00,0x00,0x00,0x00,0x00,0x00,0x00,0x7F,0xFF,0xF8,0x00,0x00,0x00,
0x0F,0xFE,0x00,0x00,0x00,0x00,0x00,0x00,0x00,0x00,0x00,0x00,0x00,0x00,0x7F,0xFF,
0xFE,0x00,0x00,0x00,0x0F,0xFE,0x00,0x00,0x00,0x00,0x00,0x00,0x00,0x00,0x00,0x00,
0x00,0x00,0x7F,0xFF,0xFF,0x80,0x00,0x00,0x0F,0xFE,0x00,0x00,0x00,0x00,0x00,0x00,
0x00,0x00,0x00,0x00,0x00,0x00,0x7F,0xFF,0xFF,0xF8,0x00,0x00,0x0F,0xFE,0x00,0x00,
0x00,0x00,0x00,0x00,0x00,0x00,0x00,0x00,0x00,0x00,0x7F,0xFF,0xFF,0xFF,0xFE,0x00,
0x0F,0xFE,0x00,0x00,0x00,0x00,0x00,0x00,0x00,0x00,0x00,0x00,0x00,0x00,0x7F,0xFF,
0xFF,0xFF,0xFE,0x00,0x0F,0xFE,0x00,0x00,0x00,0x00,0x00,0x00,0x00,0x00,0x00,0x00,
0x00,0x00,0x7F,0xFF,0xFF,0xFF,0xFC,0x00,0x0F,0xFC,0x00,0x00,0x00,0x00,0x00,0x00,
0x00,0x00,0x00,0x00,0x00,0x00,0x7F,0xFF,0xFF,0xFF,0xF8,0x00,0x0F,0xFC,0x00,0x00,
0x00,0x00,0x00,0x00,0x00,0x00,0x00,0x00,0x00,0x00,0x7F,0xFF,0xFF,0xFF,0xF0,0x00,
0x0F,0xF8,0x00,0x00,0x00,0x00,0x00,0x00,0x00,0x00,0x00,0x00,0x00,0x00,0x7F,0xFF,
0xFF,0xFF,0xE0,0x00,0x0F,0xF0,0x00,0x00,0x00,0x00,0x00,0x00,0x00,0x00,0x00,0x00,
0x00,0x00,0x7F,0xFF,0xFF,0xFF,0xC0,0x00,0x0F,0xE0,0x00,0x00,0x00,0x00,0x00,0x00,
0x00,0x00,0x00,0x00,0x00,0x00,0x7F,0xFF,0xFF,0xFF,0x80,0x00,0x0F,0xC0,0x00,0x00,
0x00,0x00,0x00,0x00,0x00,0x00,0x00,0x00,0x00,0x00,0x3F,0xFF,0xFF,0xFF,0x00,0x00,
0x0F,0x80,0x00,0x00,0x00,0x00,0x00,0x00,0x00,0x00,0x00,0x00,0x00,0x00,0x3F,0xFF,
0xFF,0xFE,0x00,0x00,0x0F,0x00,0x00,0x00,0x00,0x00,0x00,0x00,0x00,0x00,0x00,0x00,
0x00,0x00,0x0F,0xFF,0xFF,0xFC,0x00,0x00,0x0E,0x00,0x00,0x00,0x00,0x00,0x00,0x00,
0x00,0x00,0x00,0x00,0x00,0x00,0x00,0x00,0x00,0x00,0x00,0x00,0x00,0x00,0x00,0x00,
0x00,0x00,0x00,0x00,0x00,0x00,0x00,0x00,0x00,0x00,0x00,0x00,0x00,0x00,0x00,0x00,
0x00,0x00,0x00,0x00,0x00,0x00,0x00,0x00,0x00,0x00,0x00,0x00,0x00,0x00,0x00,0x00,
0x00,0x00,0x00,0x00,0x00,0x00,0x00,0x00,0x00,0x00,0x00,0x00,0x00,0x00,0x00,0x00,
0x00,0x00,0x00,0x00,0x00,0x00,0x00,0x00,0x00,0x00,0x00,0x00,0x00,0x00,0x00,0x00,
0x00,0x00,0x00,0x00,0x00,0x00,0x00,0x00,0x00,0x00,0x00,0x00,0x00,0x00,0x00,0x00,
0x00,0x00,0x00,0x00,0x00,0x00,0x00,0x00,0x00,0x00,0x00,0x00,0x00,0x00,0x00,0x00,
0x00,0x00,0x00,0x00,0x00,0x00,0x00,0x00,0x00,0x00,0x00,0x00,0x00,0x00,0x00,0x00,
0x00,0x00,0x00,0x00,0x00,0x00,0x00,0x00,0x00,0x00,0x00,0x00,0x00,0x00,0x00,0x00,
0x00,0x00,0x00,0x00,0x00,0x00,0x00,0x00,0x00,0x00,0x00,0x00,0x00,0x00,0x00,0x00,
0x00,0x00,0x00,0x00,0x00,0x00,0x00,0x00,0x00,0x00,0x00,0x00,0x00,0x00,0x00,0x00,
0x00,0x00,0x00,0x00,0x00,0x00,0x00,0x00,0x00,0x00,0x00,0x00,0x00,0x00,0x00,0x00,
0x00,0x00,0x00,0x00,0x00,0x00,0x00,0x00,0x00,0x00,0x00,0x00,0x00,0x00,0x00,0x00,
0x00,0x00,0x00,0x00,0x00,0x00,0x00,0x00,0x00,0x00,0x00,0x00,0x00,0x00,0x00,0x00,
0x00,0x00,0x00,0x00,0x00,0x00,0x00,0x00,0x00,0x00,0x00,0x00,0x00,0x00,0x00,0x00,
0x00,0x00,0x00,0x00,0x00,0x00,0x00,0x00,0x00,0x00,0x00,0x00,0x00,0x00,0x00,0x00,
0x00,0x00,0x00,0x00,0x00,0x00,0x00,0x00,0x60,0x00,0x3F,0xC0,0xE0,0x38,0x0F,0xC0,
0x78,0x1C,0x3F,0xFC,0x00,0x00,0x00,0x00,0x00,0x00,0x00,0x00,0x60,0x00,0x7F,0xE0,
0xE0,0x38,0x0F,0xC0,0x7C,0x1C,0x3F,0xFE,0x00,0x00,0x00,0x00,0x00,0x00,0x00,0x00,
0x60,0x00,0xE0,0x70,0xE0,0x38,0x1C,0xE0,0x7E,0x1C,0x00,0x0E,0x00,0x00,0x00,0x00,
0x00,0x00,0x00,0x00,0x60,0x00,0xC0,0x30,0xE0,0x38,0x1C,0xE0,0x77,0x1C,0x00,0x0E,
0x00,0x00,0x00,0x00,0x00,0x00,0x00,0x00,0x60,0x00,0xC0,0x30,0xE7,0xF8,0x18,0x70,
0x73,0x9C,0x38,0x0E,0x00,0x00,0x00,0x00,0x00,0x00,0x00,0x00,0x60,0x00,0xC0,0x30,
0xE7,0xF8,0x38,0x70,0x71,0xDC,0x38,0x0E,0x00,0x00,0x00,0x00,0x00,0x00,0x00,0x00,
0x70,0x00,0xC0,0x30,0xE0,0x38,0x30,0x30,0x70,0xFC,0x38,0x0E,0x00,0x00,0x00,0x00,
0x00,0x00,0x00,0x00,0x78,0x00,0xE0,0x70,0xE0,0x38,0x70,0x38,0x70,0x7C,0x38,0x1E,
0x00,0x00,0x00,0x00,0x00,0x00,0x00,0x00,0x3F,0xF0,0x7F,0xE0,0xE0,0x38,0x73,0xF8,
0x70,0x3C,0x3F,0xFE,0x00,0x00,0x00,0x00,0x00,0x00,0x00,0x00,0x1F,0xF8,0x3F,0xC0,
0xE0,0x38,0xE3,0xFC,0x70,0x1C,0x3F,0xFC,0x00,0x00,0x00,0x00,0x00,0x00,0x00,0x00,
0x00,0x00,0x00,0x00,0x00,0x00,0x00,0x00,0x00,0x00,0x00,0x00,0x00,0x00,0x00,0x00,
0x00,0x00,0x00,0x00,0x00,0x00,0x00,0x00,0x00,0x00,0x00,0x00,0x00,0x00,0x00,0x00,
0x00,0x00,0x00,0x00,0x00,0x00,0x00,0x00,0x00,0x00,0x00,0x00,0x00,0x00,0x00,0x00,
0x00,0x00,0x00,0x00,0x00,0x00,0x00,0x00,0x00,0x00,0x00,0x00,0x00,0x00,0x00,0x00,
0x00,0x00,0x00,0x00,0x00,0x00,0x00,0x00,0x00,0x00,0x00,0x00,0x00,0x00,0x00,0x00,
0x00,0x00,0x00,0x00,0x00,0x00,0x00,0x00,0x00,0x00,0x00,0x00,0x00,0x00,0x00,0x00,
0x00,0x00,0x00,0x00,0x00,0x00,0x00,0x00,0x00,0x00,0x00,0x00,0x00,0x00,0x00,0x00,
0x00,0x00,0x00,0x00,0x00,0x00,0x00,0x00,0x00,0x00,0x00,0x00,0x00,0x00,0x00,0x00,
0x00,0x00,0x00,0x00,0x00,0x00,0x00,0x00,0x00,0x00,0x00,0x00,0x00,0x00,0x00,0x00,
0x00,0x00,0x00,0x00,0x00,0x00,0x00,0x00,0x00,0x00,0x00,0x00,0x00,0x00,0x00,0x00,
0x00,0x00,0x00,0x00,0x00,0x00,0x00,0x00,0x00,0x00,0x00,0x00,0x00,0x00,0x00,0x00,
0x00,0x00,0x00,0x00,0x00,0x00,0x00,0x00,0x00,0x00,0x00,0x00,0x00,0x00,0x00,0x00,
0x00,0x00,0x00,0x00,0x00,0x00,0x00,0x00,0x00,0x00,0x00,0x00,0x00,0x00,0x00,0x00,
0x00,0x00,0x00,0x00,0x00,0x00,0x00,0x00,0x00,0x00,0x00,0x00,0x00,0x00,0x00,0x00,
0x00,0x00,0x00,0x00,0x00,0x00,0x00,0x00,0x00,0x00,0x00,0x00,0x00,0x00,0x00,0x00,
0x00,0x00,0x00,0x00,0x00,0x00,0x00,0x00,0x00,0x00,0x00,0x00,0x00,0x00,0x00,0x00,
0x00,0x00,0x00,0x00,0x00,0x00,0x00,0x00,0x00,0x00,0x00,0x00,0x00,0x00,0x00,0x00,
0x00,0x00,0x00,0x00,0x00,0x00,0x00,0x00,0x00,0x00,0x00,0x00,0x00,0x00,0x00,0x00,
0x00,0x00,0x00,0x00,0x00,0x00,0x00,0x00,0x00,0x00,0x00,0x00,0x00,0x00,0x00,0x00,
0x00,0x00,0x00,0x00,0x00,0x00,0x00,0x00,0x00,0x00,0x00,0x00,0x00,0x00,0x00,0x00,
0x00,0x00,0x00,0x00,0x00,0x00,0x00,0x00,0x00,0x00,0x00,0x00,0x00,0x00,0x00,0x00,
0x00,0x00,0x00,0x00,0x00,0x00,0x00,0x00,0x00,0x00,0x00,0x00,0x00,0x00,0x00,0x00,
0x00,0x00,0x00,0x00,0x00,0x00,0x00,0x00,0x00,0x00,0x00,0x00,0x00,0x00,0x00,0x00,
0x00,0x00,0x00,0x00,0x00,0x00,0x00,0x00,0x00,0x00,0x00,0x00,0x00,0x00,0x00,0x00,
0x00,0x00,0x00,0x00,0x00,0x00,0x00,0x00,0x00,0x00,0x00,0x00,0x00,0x00,0x00,0x00,
0x00,0x00,0x00,0x00,0x00,0x00,0x00,0x00,0x00,0x00,0x00,0x00,0x00,0x00,0x00,0x00,
0x00,0x00,0x00,0x00,0x00,0x00,0x00,0x00,0x00,0x00,0x00,0x00,0x00,0x00,0x00,0x00,
0x00,0x00,0x00,0x00,0x00,0x00,0x00,0x00,0x00,0x00,0x00,0x00,0x00,0x00,0x00,0x00,
0x00,0x00,0x00,0x00,0x00,0x00,0x00,0x00,0x00,0x00,0x00,0x00,0x00,0x00,0x00,0x00,
0x00,0x00,0x00,0x00,0x00,0x00,0x00,0x00,0x00,0x00,0x00,0x00,0x00,0x00,0x00,0x00,
0x00,0x00,0x00,0x00,0x00,0x00,0x00,0x00,0x00,0x00,0x00,0x00,0x00,0x00,0x00,0x00,
0x00,0x00,0x00,0x00,0x00,0x00,0x00,0x00,0x00,0x00,0x00,0x00,0x00,0x00,0x00,0x00,
0x00,0x00,0x00,0x00,0x00,0x00,0x00,0x00,0x00,0x00,0x00,0x00,0x00,0x00,0x00,0x00,
0x00,0x00,0x00,0x00,0x00,0x00,0x00,0x00,0x00,0x00,0x00,0x00,0x00,0x00,0x00,0x00,
0x00,0x00,0x00,0x00,0x00,0x00,0x00,0x00,0x00,0x00,0x00,0x00,0x00,0x00,0x00,0x00,
0x00,0x00,0x00,0x00,0x00,0x00,0x00,0x00,0x00,0x00,0x00,0x00,0x00,0x00,0x00,0x00,
0x00,0x00,0x00,0x00,0x00,0x00,0x00,0x00,0x00,0x00,0x00,0x00,0x00,0x00,0x00,0x00,
0x00,0x00,0x00,0x00,0x00,0x00,0x00,0x00,0x00,0x00,0x00,0x00,0x00,0x00,0x00,0x00,
0x00,0x00,0x00,0x00,0x00,0x00,0x00,0x00,0x00,0x00,0x00,0x00,0x00,0x00,0x00,0x00,
0x00,0x00,0x00,0x00,0x00,0x00,0x00,0x00,0x00,0x00,0x00,0x00,0x00,0x00,0x00,0x00,
0x00,0x00,0x00,0x00,0x00,0x00,0x00,0x00,0x00,0x00,0x00,0x00,0x00,0x00,0x00,0x00,
0x00,0x00,0x00,0x00,0x00,0x00,0x00,0x00,0x00,0x00,0x00,0x00,0x00,0x00,0x00,0x00,
0x00,0x00,0x00,0x00,0x00,0x00,0x00,0x00,0x00,0x00,0x00,0x00,0x00,0x00,0x00,0x00,
0x00,0x00,0x00,0x00,0x00,0x00,0x00,0x00,0x00,0x00,0x00,0x00,0x00,0x00,0x00,0x00,
0x00,0x00,0x00,0x00,0x00,0x00,0x00,0x00,0x00,0x00,0x00,0x00,0x00,0x00,0x00,0x00,
0x00,0x00,0x00,0x00,0x00,0x00,0x00,0x00,0x00,0x00,0x00,0x00,0x00,0x00,0x00,0x00,
};


const unsigned char chuanganqiguanli_cn[5] = { 16, 32, 59, 35, 46 };          //传感器管理
const unsigned char xitongshezhi_cn[4] = { 83, 78, 69, 103 };                 //系统设置
const unsigned char lishishuju_cn[4] = { 47, 71, 74, 44 };                    //历史数据
const unsigned char shijianshezhi_cn[4] = { 70, 39, 69, 103 };                //时间设置
const unsigned char yuyanshezhi_cn[4] = { 98, 92, 69, 103 };                  //语言设置
const unsigned char zidongguanji_cn[4] = { 108, 27, 34, 38 };                 //自动关机
const unsigned char baojingshezhi_cn[4] = { 4, 43, 69, 103 };                 //报警设置

const unsigned char qiyashezhi_cn[4] = { 60, 90, 69, 103 };                   //气压设置
const unsigned char yandushezhi_cn[4] = { 91, 28, 69, 103 };                  //盐度设置
const unsigned char zuobiaochaxun_cn[4] = { 109, 8, 12, 89 };                 //坐标查询
const unsigned char yibiaoxinxi_cn[4] = { 94, 9, 87, 82 };                    //仪表信息

const unsigned char shujubaocun_cn[4] = { 74, 44, 3, 17 };                    //数据保存
const unsigned char shujuxianshi_cn[4] = { 74, 44, 84, 72 };                  //数据显示
const unsigned char shujushanchu_cn[4] = { 74, 44, 68, 15 };                  //数据删除
const unsigned char rizhi_cn[2] = { 64, 102 };                                //日志
const unsigned char chuanganqixiaozhun_cn[5] = { 16, 32, 59, 86, 106 };       //传感器校准
const unsigned char canshushezhi_cn[4] = { 11, 74, 69, 103 };                 //参数设置
const unsigned char chuanganqixinxi_cn[5] = { 16, 32, 59, 87, 82 };           //传感器信息
const unsigned char dimenxianyuzhi_cn[5] = { 22, 53, 85, 110, 100 };          //低门限阈值
const unsigned char gaomenxianyuzhi_cn[5] = { 33, 53, 85, 110, 100 };         //高门限阈值
const unsigned char maomoxiaozhun_cn[4] = { 52, 55, 86, 106 };                //帽膜校准
const unsigned char querenxiaozhun_cn[4] = { 62, 63, 86, 106 };               //确认校准
const unsigned char caidan_cn[2] = { 10, 19 };                                //菜单
const unsigned char riqi_cn[3] = { 64, 57, 0 };                               //日期：
const unsigned char shijian_cn[3] = { 70, 39, 0 };                            //时间：
const unsigned char danwei_cn[4] = { 19, 111, 79, 0 };                        //单位：
const unsigned char rizhiliebiao_cn[4] = { 64, 102, 49, 9 };                  //日志列表
const unsigned char lingdian_cn[2] = { 50, 24 };                              //零点
const unsigned char dandian_cn[2] = { 19, 24 };                               //单点
const unsigned char liangdian_cn[2] = { 48, 24 };                             //两点
const unsigned char sandian_cn[2] = { 67, 24 };                               //三点
const unsigned char dangqianzhi_cn[4] = { 20, 61, 100, 0 };                   //当前值：
const unsigned char xiaozhunzhi_cn[4] = { 86, 106, 100, 0 };                  //校准值：
const unsigned char kaiqi_cn[2] = { 45, 58 };                                 //开启
const unsigned char guanbi_cn[2] = { 34, 7 };                                 //关闭
const unsigned char baocun_cn[2] = { 3, 17 };                                 //保存
const unsigned char zidongsousuoshebei_cn[6] = { 108, 27, 75, 76, 69, 5 };    //自动搜索设备




const unsigned char rongjieyangjiaozhun_cn[5] = { 65, 42, 93, 86, 106 };      //溶解氧校准
const unsigned char rongjieyangjiaozhun_en[] = "DO-Calibration";

const unsigned char zhuodujiaozhun_cn[4] = { 107, 28, 86, 106 };              //浊度校准
const unsigned char zhuodujiaozhun_en[] = "Tur-Calibration";
 
const unsigned char pHjiaozhun_cn[3] = { 128, 86, 106 };                      //pH校准
const unsigned char pHjiaozhun_en[] = "pH-Calibration";

const unsigned char wendujiaozhun_cn[4] = { 80, 28, 86, 106 };                //温度校准
const unsigned char wendujiaozhun_en[] = "Temp-Calibration";


const unsigned char diandaolvjiaozhun_cn[5] = { 25, 21, 51, 86, 106 };        //电导率校准
const unsigned char diandaolvjiaozhun_en[] = "Cond-Calibration";


const unsigned char yingjianbanben_cn[5] = { 97, 41, 2, 6, 0};               //硬件版本：
const unsigned char ruanjianbanben_cn[5] = { 66, 41, 2, 6, 0};               //软件版本：
const unsigned char dizhi_cn[2] = { 23, 101 };

const unsigned char huifuxiaozhunxishu_cn[6] = { 37, 31, 86, 106, 83, 74 };
const unsigned char huifuxiaozhunxishu_en[] = "Reset Cal";


const unsigned char jinrujiaozhunmoshi_cn[6] = { 129, 130, 86, 106, 131, 132 };
const unsigned char jinrujiaozhunmoshi_en[] = "Click Enter";

const unsigned char biaozhunzhi_cn[4] = { 8, 106, 100, 0 };
const unsigned char biaozhunzhi_en[] = "STD Value:";


/*"请",133*//*"插",134*//*"液",135*/
const unsigned char charubiaozhunrongye_cn[7] = { 133, 134, 130, 8, 106, 65, 135 };
const unsigned char charubiaozhunrongye_en[] = "In STD Solution";

const unsigned char dengdaizhong_cn[5] = { 136, 137, 104, 138, 139 };
const unsigned char dengdaizhong_en[] = "Waiting...";

const unsigned char jiaozhunchenggong_cn[4] = { 86, 106, 126, 127 };
//const unsigned char jiaozhunchenggong_en[] = "Successful";

const unsigned char chenggong_en[] = "Successful";
const unsigned char shibai_en[] = "Fail";

const unsigned char jiaozhunshibai_cn[4] = { 86, 106, 140, 141 };


const unsigned char diyidian_cn[4] = { 142, 143, 24, 0 };
const unsigned char diyidian_en[] = "First Point:";

const unsigned char dierdian_cn[4] = { 142, 144, 24, 0 };
const unsigned char dierdian_en[] = "Second Point:";

const unsigned char xiayidian_cn[3] = { 145, 143, 24 };
const unsigned char xiayidian_en[] = "Next Point";

const unsigned char zhengzaisousuo_cn[6] = { 146, 147, 75, 76, 138, 139 };
const unsigned char zhengzaisousuo_en[] = "Searching...";


const unsigned char datasaved[] = "Data saved";
const unsigned char successfully[] = "successfully";

const unsigned char nodata_cn[3] = { 155, 74, 44 };
const unsigned char nodata_en[] = "No Data";

const unsigned char zuidakeyong_cn[5] = { 151, 152, 148, 150, 0 };
const unsigned char zuidakeyong_en[] = "Max Size: ";

const unsigned char maxsize[6] = "50000";

const unsigned char dangqianyiyong_cn[5] = { 20, 61, 149, 150, 0 };
const unsigned char dangqianyiyong_en[] = "Use Size: ";

const unsigned char dangqianxuanze_cn[5] = { 20, 61, 153, 154, 0 };
const unsigned char dangqianxuanze_en[] = "Selected: ";

const unsigned char leixing_cn[3] = { 156, 157, 0};
const unsigned char leixing_en[] = "Type: ";
const unsigned char DT_str[] = "DT:";
const unsigned char SN_str[] = "SN:";

const unsigned char qiya_cn[2] = {60, 90};//气压(kPa)
const unsigned char qiya_en[] = "Pressure";

const unsigned char yandu_cn[2] = {91, 28};//盐度(ppt)
const unsigned char yandu_en[] = "Salinity";

const unsigned char rongjieyang_cn[3] = { 65, 42, 93 };                       //溶解氧
const unsigned char rongjieyang_en[] = "DO";														  		//溶解氧
const unsigned char rongjieyang_en_quan[] = "Dissolved Oxygen";								//溶解氧

const unsigned char diandaolv_cn[3] = { 25, 21, 51 };                         //电导率
const unsigned char diandaolv_en[] = "Cond";														  		//电导率

const unsigned char wendu_cn[2] = { 80, 28 };                                 //温度
const unsigned char wendu_en[] = "Temp";																  		//温度

const unsigned char zhuodu_cn[2] = { 107, 28 };                               //浊度
const unsigned char zhuodu_en[] = "Tur";																  		//浊度

//const unsigned char DOPercent_str[] = "DO(%):";//溶解氧(%)
//const unsigned char DOmgL_str[] = "DO(mg/L):";//溶解氧(mg/L)

const unsigned char jingdu_cn[3] = { 160, 28, 0 };
const unsigned char jingdu_en[] = "Longitude:";
	
const unsigned char weidu_cn[3] = { 161, 28, 0 };
const unsigned char weidu_en[] = "Latitude:";

const unsigned char wuxinghao_cn[4] = { 155, 16, 32, 59 };
const unsigned char wuxinghao_en[] = "No Probe!";

const unsigned char huifuchuchangshezhi_cn[6] = { 37, 31, 14, 13, 69, 103 };  //恢复出厂设置
const unsigned char huifuchuchangshezhi_en[] = "Reset Meter ";						  		//恢复出厂设置

const unsigned char chuchangshezhi_cn[4] = { 14, 13, 69, 103 };  //恢复出厂
const unsigned char chuchangshezhi_en[] = "Reset";						  		//恢复出厂

const unsigned char tishiyinshezhi_cn[5] = { 77, 72, 95, 69, 103 };           //提示音设置
const unsigned char tishiyinshezhi_en[] = "Beep";											  			//提示音设置

const unsigned char baojingyin_cn[3] = { 4, 43, 95 };                         //报警音
const unsigned char baojingyin_en[] = "Alarm Tone";										  			//报警音

const unsigned char anjianyin_cn[3] = { 1, 40, 95 };                          //按键音
const unsigned char anjianyin_en[] = "Keypad Tone";										        //按键音
 
const unsigned char dushusuoding_cn[4] = { 168, 74, 166, 26 };
const unsigned char dushusuoding_en[] = "Auto Lock";

const unsigned char shoudong_cn[2] = { 167, 27 };
const unsigned char shoudong_en[] = "Manual";

const unsigned char zidong_cn[2] = { 108, 27 };
const unsigned char zidong_en[] = "Auto";





const unsigned char dizhi_en[] = "ID:";
const unsigned char chuanganqiguanli_en[] = "Sensors";								  			//传感器管理
const unsigned char xitongshezhi_en[] = "System";											  			//系统设置
const unsigned char lishishuju_en[] = "Historical Data";							  			//历史数据
const unsigned char shijianshezhi_en[] = "Date/Time";									  			//时间设置

const unsigned char yuyanshezhi_en[] = "Language";										  			//语言设置
const unsigned char zidongguanji_en[] = "AutoPower";									  			//自动关机设置
const unsigned char baojingshezhi_en[] = "Alarm";											  			//报警设置
const unsigned char qiyashezhi_en[] = "Air Pressure";										  		//气压设置
const unsigned char yandushezhi_en[] = "Salinity";											  		//盐度设置
const unsigned char zuobiaochaxun_en[] = "GPS Queries";									  		//坐标查询
const unsigned char yibiaoxinxi_en[] = "Meter Info";										  		//仪表信息

const unsigned char shujubaocun_en[] = "Data Store";										  		//数据保存
const unsigned char shujuxianshi_en[] = "Data View";										  		//数据显示
const unsigned char shujushanchu_en[] = "Data Delete";									  		//数据删除
const unsigned char rizhi_en[] = "Data Log";														  		//日志
const unsigned char chuanganqixiaozhun_en[] = "Calibration";						  		//传感器校准
const unsigned char chuanganqicanshushezhi_en[] = "Settings";	  		//传感器参数设置  Parameter Settings
const unsigned char chuanganqixinxi_en[] = "Sensor Info";							  			//传感器信息
const unsigned char baocun_en[] = "Save";																	  	//保存
const unsigned char guanbi_en[] = "OFF";																	  	//关闭
const unsigned char kaiqi_en[] = "ON";														  		  		//开启
const unsigned char dimenxianyuzhi_en[] = "Low TH:";				            //低门限阈值
const unsigned char gaomenxianyuzhi_en[] = "High TH:";					        //高门限阈值
const unsigned char chuchangxulie_en[] = "SN:";						  		  //出厂序列号
const unsigned char yingjianbanben_en[] = "HW Version:";							  		//硬件版本号
const unsigned char ruanjianbanben_en[] = "SW Version:";							  		//软件版本号
const unsigned char rizhiliebiao_en[] = "Log list";											  		//日志列表
const unsigned char lingdian_en[] = "ZeroPoint";												  		//零点
const unsigned char dandian_en[] = "OnePoint";													  		//单点
const unsigned char liangdian_en[] = "TwoPoint";												  		//两点
const unsigned char sandian_en[] = "ThreePoint";												  		//三点
const unsigned char dangqianzhi_en[] = "Current:";											  		//当前值
const unsigned char xiaozhunzhi_en[] = "Standard:";											  		//校准值
const unsigned char maomoxiaozhun_en[] = "Sensor Cap";									  		//帽膜校准
const unsigned char querenxiaozhun_en[] = "Confirm";										  		//确认校准
const unsigned char caidan_en[] = "Menu";																  		//菜单

const unsigned char riqi_en[] = "Date:";																  		//日期
const unsigned char shijian_en[] = "Time:";															  		//时间
const unsigned char danwei_en[] = "Unit:";															  		//单位

const unsigned char zidongsousuoshebei_en[] = "Search Probe";                 //自动搜索设备




const unsigned char DO_uint1[] = " ppt";
const unsigned char DO_uint2[] = "mg/L";
const unsigned char DO_uint3[] = "   %";
const unsigned char *DO_uint[3] = {DO_uint1, DO_uint2, DO_uint3}; 

const unsigned char Sal_uint1[] = " ppt";
const unsigned char Sal_uint2[] = "mg/L";
const unsigned char Sal_uint3[] = "   %";
const unsigned char *Sal_uint[3] = {Sal_uint1, Sal_uint2, Sal_uint3};

const unsigned char HW_version1[] = "Ver.A";
const unsigned char HW_version2[] = "Ver.B";
const unsigned char HW_version3[] = "Ver.C";
const unsigned char HW_version4[] = "Ver.D";
const unsigned char *HW_version[4] = {HW_version1, HW_version2, HW_version3, HW_version4};

const unsigned char *Temp_uint[2] = {FONT_CHN_MENU[69], FONT_CHN_MENU[71]};//摄氏度 华氏度


const unsigned char kPa[4] = "kPa";
const unsigned char Scm[5] = "S/cm";


//这里往下改字库了记得改一下
const unsigned char msg_save_cn[7] = { 73, 30, 3, 17, 69, 103, 123 };//是否保存设置
const unsigned char msg_save_en[] = "Save setting";//"Whether to save the setting";

const unsigned char msg_DelData_cn[7] = { 73, 30, 162, 163, 74, 44, 123 };//是否清空数据
const unsigned char msg_DelData_en[] = "Wipe data";
const unsigned char msg_ConfirmCal_cn[7] = { 73, 30, 62, 63, 86, 106, 123 };//确认校准
const unsigned char msg_ConfirmCal_en[] = "Calibration";
const unsigned char msg_reset_cn[7] = { 73, 30, 37, 31, 14, 13, 123 };//是否恢复出厂
const unsigned char msg_reset_en[] = "Factory restore";
	






const unsigned char msg_successful_cn[4] = {  124, 125, 126, 127 };
const unsigned char msg_fail_cn[4] = { 124, 125, 140, 141 };
const unsigned char msg_SaveSuccessful_cn[6] = { 74, 44, 3, 17, 126, 127};
const unsigned char msg_SaveFail_cn[4] = { 3, 17, 140, 141};
//const unsigned char msg_successful_en[] = "Successful";

const unsigned char shi_cn = 73;
const unsigned char shi_en[] = "Yes";

const unsigned char fou_cn = 30;
const unsigned char fou_en[] = "No";

const unsigned char minute5_cn[3] = {CHN_5_INDEX, 29, 105};
const unsigned char minute10_cn[3] = {CHN_5_INDEX+1, 29, 105};
const unsigned char minute20_cn[3] = {CHN_5_INDEX+2, 29, 105};
	
const unsigned char minute5_en[] = "5  minutes";
const unsigned char minute10_en[] = "10 minutes";
const unsigned char minute20_en[] = "20 minutes";

//	TYPE_DO = 0,           //溶解氧
//	TYPE_pH,               //ph
//	TYPE_Tur,              //浊度
//	TYPE_FCL,              //浊度
//	TYPE_EC,              //浊度
//	TYPE_ORP,              //浊度
//	TYPE_NH4,              //浊度
//	TYPE_F,              //浊度
//	TYPE_CL,              //浊度
//	TYPE_Chl,              //浊度
//	TYPE_Bga,              //浊度
//	TYPE_CODuv,              //浊度

const unsigned char sensor_type_str[13][6] = {" DO  "," pH  "," Tur "," FCL "," EC  "," ORP "," NH4+","  F- "," CL- "," Chl "," Bga ","CODuv","     "};//这里是状态栏标志那个字符串

const unsigned char DO_str[] = "DO";
const unsigned char pH_str[] = "pH";
const unsigned char Tur_str[] = "Tur";
const unsigned char FCL_str[] = "FCL";
const unsigned char EC_str[] = "EC";
const unsigned char ORP_str[] = "ORP";
const unsigned char NH4_str[] = "NH4+";
const unsigned char F_str[] = "F-";
const unsigned char CL_str[] = "CL-";
const unsigned char Chl_str[] = "Chl";
const unsigned char Vga_str[] = "Vga";
const unsigned char CODuv_str[] = "CODuv";

//中文
const unsigned char zhongwen_cn[8] = { 104, 81, CHN_SPACE_INDEX, CHN_SPACE_INDEX, CHN_CH_INDEX, CHN_CH_INDEX+1, CHN_CH_INDEX+2, CHN_CH_INDEX+3};
const unsigned char zhongwen_en[7] = { CHN_CH_INDEX, CHN_CH_INDEX+1, CHN_CH_INDEX+2, CHN_CH_INDEX+3, CHN_SPACE_INDEX, 104, 81};
//英文
const unsigned char yingwen_en[7] = {CHN_EN_INDEX, CHN_EN_INDEX+1, CHN_EN_INDEX+2, CHN_EN_INDEX+3, CHN_SPACE_INDEX, 96, 81 };
const unsigned char yingwen_cn[8] = {96, 81, CHN_SPACE_INDEX, CHN_SPACE_INDEX, CHN_EN_INDEX, CHN_EN_INDEX+1, CHN_EN_INDEX+2, CHN_EN_INDEX+3};
	
const unsigned char battery_image[6][33] = {//电池背景图
0x00,0x00,0x00,0x00,0x00,0x00,0x00,0x00,0x00,0x00,0x00,0x00,0x00,0x00,0x00,0x00,
0x00,0x00,0x00,0x00,0x00,0x00,0x00,0x00,0x00,0x00,0x00,0x00,0x00,0x00,0x00,0x00,
0x00,//没了
	
0xFF,0xFF,0xF0,0x80,0x00,0x10,0x80,0x00,0x1C,0x80,0x00,0x14,0x80,0x00,0x14,0x80,
0x00,0x14,0x80,0x00,0x14,0x80,0x00,0x14,0x80,0x00,0x1C,0x80,0x00,0x10,0xFF,0xFF,
0xF0,//0格电

0xFF,0xFF,0xF0,0x80,0x00,0x10,0xBC,0x00,0x1C,0xBC,0x00,0x14,0xBC,0x00,0x14,0xBC,
0x00,0x14,0xBC,0x00,0x14,0xBC,0x00,0x14,0xBC,0x00,0x1C,0x80,0x00,0x10,0xFF,0xFF,
0xF0,//1格电
	
0xFF,0xFF,0xF0,0x80,0x00,0x10,0xBC,0xF0,0x1C,0xBC,0xF0,0x14,0xBC,0xF0,0x14,0xBC,
0xF0,0x14,0xBC,0xF0,0x14,0xBC,0xF0,0x14,0xBC,0xF0,0x1C,0x80,0x00,0x10,0xFF,0xFF,
0xF0,//2格电

0xFF,0xFF,0xF0,0x80,0x00,0x10,0xBC,0xF3,0xDC,0xBC,0xF3,0xD4,0xBC,0xF3,0xD4,0xBC,
0xF3,0xD4,0xBC,0xF3,0xD4,0xBC,0xF3,0xD4,0xBC,0xF3,0xDC,0x80,0x00,0x10,0xFF,0xFF,
0xF0,//3格电
	
0x00,0x0C,0x00,0x00,0x3E,0x00,0x00,0x4C,0x00,0x30,0x80,0x10,0x79,0x00,0x18,0xFF,
0xFF,0xFC,0x78,0x20,0x18,0x30,0x10,0x10,0x00,0x09,0xC0,0x00,0x07,0xC0,0x00,0x01,
0xC0,//连接usb的时候
};

/*报警标志*/
const unsigned char warning_logo[104] = {
0x00,0x03,0xC0,0x00,0x00,0x07,0xE0,0x00,0x00,0x0F,0xF0,0x00,0x00,0x0F,0xF0,0x00,
0x00,0x1F,0xF8,0x00,0x00,0x1F,0xF8,0x00,0x00,0x3E,0x7C,0x00,0x00,0x7C,0x3E,0x00,
0x00,0x7C,0x3E,0x00,0x00,0xFC,0x3F,0x00,0x00,0xFC,0x3F,0x00,0x01,0xFC,0x3F,0x80,
0x03,0xFC,0x3F,0xC0,0x03,0xFC,0x3F,0xC0,0x07,0xFC,0x3F,0xE0,0x07,0xFC,0x3F,0xE0,
0x0F,0xFE,0x7F,0xF0,0x1F,0xFF,0xFF,0xF8,0x1F,0xFF,0xFF,0xF8,0x3F,0xFE,0x7F,0xFC,
0x3F,0xFC,0x3F,0xFC,0x7F,0xFC,0x3F,0xFE,0xFF,0xFE,0x7F,0xFF,0xFF,0xFF,0xFF,0xFF,
0xFF,0xFF,0xFF,0xFF,0x7F,0xFF,0xFF,0xFE,
};



/*锁图标*/
const unsigned char icon_lock[]={
//0x00,0x7E,0x00,0x00,0xFF,0x00,0x03,0xC3,0xC0,0x03,0x00,0xC0,0x07,0x00,0xE0,0x06,//24*24
//0x00,0x60,0x06,0x00,0x60,0x06,0x00,0x60,0x06,0x00,0x60,0x0F,0xFF,0xF0,0x1F,0xFF,
//0xF8,0x1F,0xFF,0xF8,0x1F,0xFF,0xF8,0x1F,0xFF,0xF8,0x1F,0xC3,0xF8,0x1F,0xDB,0xF8,
//0x1F,0xDB,0xF8,0x1F,0xC3,0xF8,0x1F,0xE7,0xF8,0x1F,0xE7,0xF8,0x1F,0xE7,0xF8,0x1F,
//0xFF,0xF8,0x1F,0xFF,0xF8,0x0F,0xFF,0xE0,
	
0x03,0xC0,0x0E,0x70,0x08,0x10,0x18,0x18,0x18,0x18,0x18,0x18,0x1F,0xF8,0x3F,0xFC,//16*16
0x3F,0xFC,0x3E,0x7C,0x3F,0xFC,0x3E,0x7C,0x3E,0x7C,0x3E,0x7C,0x3F,0xFC,0x1F,0xF8,
};








