:020000040800F2
:10000000809D00203D0200087DBB00085DA0000827
:1000100011AB0008452F00089DD600080000000025
:100020000000000000000000000000003DC50008C6
:100030003B6C000800000000A9C2000889C9000844
:10004000570200085702000857020008570200082C
:10005000570200085702000857020008570200081C
:10006000570200085702000857020008570200080C
:100070005702000849540008570200085554000868
:100080006154000857020008570200085702000890
:1000900057020008570200085702000857020008DC
:1000A00057020008570200085702000857020008CC
:1000B0000DCA00085702000857020008570200083E
:1000C00057020008570200085702000857020008AC
:1000D0005702000891D50008A9D50008C1D500082D
:1000E000570200085702000857020008570200088C
:1000F00057020008000000005702000857020008DD
:10010000570200085702000857020008570200086B
:1001100057020008570200085702000800000000BC
:100120005702000800F002F800F078F80AA090E802
:10013000000C82448344AAF10107DA4501D100F0A2
:100140006DF8AFF2090EBAE80F0013F0010F18BFF7
:10015000FB1A43F001031847B01A0200D01A02003C
:1001600010F8013B0A4413F0030408BF10F8014BD8
:100170001D1108BF10F8015B641E05D010F8016B5B
:10018000641E01F8016BF9D1002D15D010F8014B58
:1001900003F00C030C2BA1EB04040ABF10F8013B85
:1001A000A4EB8314A4EB032405F1010314F8016B01
:1001B0005B1E01F8016BF9D5914238BF10F8013B85
:1001C000D1D370470023002400250026103A28BF11
:1001D00078C1FBD8520728BF30C148BF0B607047B9
:1001E00066291FF02F84642900F0C8810020704721
:1001F0001FB59DE8030000F061FB00F0B7FE0400AE
:10020000002000211EF020FB401C60600020002127
:100210001EF004FBE0601FBD10B510BD00F0F0FF44
:100220001146FFF7E5FF19F00FFF01F093FA03B451
:10023000FFF7F2FF03BC01F003FB00000948804711
:1002400009480047FEE7FEE7FEE7FEE7FEE7FEE7B8
:10025000FEE7FEE7FEE7FEE704480549054A064BD0
:100260007047000009CA000825010008807D0020B1
:10027000809D0020808D0020808D002070B5A0FB27
:100280000140B4F1805170F1000024BF002070BD26
:10029000204600F007F805001CBF214600F0A5FA33
:1002A000284670BD70B5064600F0ECFA056806F108
:1002B0000B0020F00704B4429CBF002070BD2B4609
:1002C0006A68BAB11068A04210D304F108018842EC
:1002D0003CBF5068586007D35168101941601168DD
:1002E000091B016058601460101D70BD13465268F0
:1002F000002AE7D12146284600F0CCFA0028DED1BA
:1003000070BD70B50446051F00F0BCFA0068002CF3
:1003100014BF446870BD002C18BFAC423CBF2046DF
:100320006468F8D301680A18AA4218BF456003D16F
:100330002A6805461144016028684119A1421CBF82
:100340006C6070BD6168696021680844286070BD98
:1003500070B50D460646041F00F094FAD0F800C0B0
:10036000C5B1E6B105F10B0020F00703AB423CBF7D
:10037000002070BD2068984238BFDCF8042013D3F9
:10038000C11A08292FD3E01840F8041B2360FFF797
:10039000B8FF28E03046FFF7B4FF002070BD2846C4
:1003A000BDE87040FFF77EBF002A18BFA2423CBFE5
:1003B00094465268F8D30119914216D11168084445
:1003C000984212D3C11A08293CBF2060506808D354
:1003D0005168E0184160216812681144C91A01602F
:1003E0002360CCF80400201D70BD181FFFF75AFFD2
:1003F000050007D021680A1F211D00F081FD201D86
:10040000FFF77FFF284670BD53EA020C00F06980B9
:100410002DE9F04B4FF00006002B1FBFB3FA83F518
:1004200003FA05F424FA05F65E4012BF1643B2FA49
:1004300082F502FA05F4C5F120051EBF22FA05FC7B
:1004400044EA0C04203556EA044C4FEA144418BF21
:10045000641C4FF000084FF00009904271EB030C50
:1004600039D3002919BFB1FA81F701FA07F6B0FABA
:1004700080F700FA07F6C7F120071EBF20FA07FC35
:1004800046EA0C062037B6FBF4FCA7EB0507103F45
:1004900007F01F0BCBF120060CFA0BFB2CFA06F62B
:1004A00044BFB3460026202FA4BF5E464FF0000B8A
:1004B0005BEA060C08BF4FF0010B19EB0B09ABFB15
:1004C000027C48EB0608C01B06FB02CC0BFB03CCEE
:1004D00071EB0C01C1E70B46024641464846BDE8B8
:1004E000F08B13B54FF000004FF00001AFF3008028
:1004F000BDE81C40704700000FB41CB50C0007AAF3
:10050000009001D02044401E074B7B446946019077
:10051000069800F082FC002C03D06946002000F011
:100520008FFC1CBC5DF814FB3D09000070B504464F
:1005300085690068C10601D5302600E02026C00785
:1005400007D070BDD4E9012130469047206A401C95
:1005500020626D1EF6D570BD70B5044685690078C1
:10056000C00707D170BDD4E9012120209047206A3F
:10057000401C20626D1EF6D570BD00002DE9F041D3
:100580000646002410687529314616A510D0AFF331
:100590000080002802DA404213A507E031688A078C
:1005A00001D512A502E0490704D511A5012401E0F7
:1005B000AFF3008000210A2206F1240709E0B0FB16
:1005C000F2FCB0FBF2F302FB1C003030785418460A
:1005D000491C0028F3D123462A463046BDE8F041A5
:1005E00000F0ADB9000000002D0000002B0000005D
:1005F000200000002DE9F05F894604464FF0000A14
:10060000DFF824B1FB44C0F820A02046E168884709
:1006100000287DD0252806D0D4E901219047206A02
:10062000401C2062F1E700255F462046E1688847CC
:100630002028064607DB312E05D2B81910F8200C09
:1006400008B10543F1E7A80701D525F00405C4F872
:100650001CA00027C4F818A02A2E09D030460DF09F
:10066000B8FA38B304EB8708303EC8F8186019E0D0
:1006700059F8041B204604EB87029161E168884722
:10068000012F064618D1E069002820DA25F0200560
:100690001DE0D8F8180000EB800006EB4000303871
:1006A000C8F818002046E168884706460DF091FA20
:1006B0000028EED1012F0AD02E2E08D12046E16865
:1006C00088477F1C0646022F45F02005C4DBA06941
:1006D000002803DA404245F00105A061E80701D097
:1006E00025F01005A6B1A6F14100192802D8203640
:1006F00045F400654A463146204625604D46FFF7E1
:100700006FFD60B1012807D0ED1D25F0070000E066
:1007100007E000F1080978E705F1040975E73046BC
:100720007AE7206ABDE8F09F5815020030B505460B
:100730000B462A4613F8014B12F8010B08B1A042F0
:10074000F8D01CB1002802D06D1CF1E7284630BD5E
:10075000032A40F2308010F0030C00F0158011F8ED
:10076000013BBCF1020F624498BF11F801CB00F8C5
:10077000013B38BF11F8013BA2F1040298BF00F819
:1007800001CB38BF00F8013B11F0030300F0B88340
:10079000083AC0F0088051F8043B083A51F804CBFD
:1007A000A0E80810F5E7121D5CBF51F8043B40F8C3
:1007B000043BAFF30080D20724BF11F8013B11F8CE
:1007C00001CB48BF11F8012B24BF00F8013B00F812
:1007D00001CB48BF00F8012B704702F0FF0343EA4A
:1007E000032242EA024200F002B84FF0000204295C
:1007F000C0F0128010F0030C00F01B80CCF1040C50
:10080000BCF1020F18BF00F8012BA8BF20F8022B83
:10081000A1EB0C0100F00DB85FEAC17C24BF00F829
:10082000012B00F8012B48BF00F8012B70474FF057
:10083000000200B5134694469646203922BFA0E830
:100840000C50A0E80C50B1F12001BFF4F7AF09073C
:1008500028BFA0E80C5048BF0CC05DF804EB89002D
:1008600028BF40F8042B08BF704748BF20F8022B70
:1008700011F0804F18BF00F8012B70477047704788
:100880007047000000487047287D0020704770477F
:100890007047704738B504460A4600206946AFF3F2
:1008A0000080002808BF38BD02460099204600F0AD
:1008B00065FB012038BD012000F09ABCF8B5AFF30C
:1008C0000080054600200C46102000BF0646A819EF
:1008D000A0420DD9324669460020AFF300800700E0
:1008E00008BF00F085FC0098A04218BF0546C41957
:1008F000FFF7C8FF05600746F01D20F00700461906
:10090000284600F00AF8B44208BFF8BDA21B3146E1
:100910003868BDE8F84000F031BB00210160C0E953
:10092000011070471020704710B500F023FB0068DD
:1009300010BD10B5044600F01DFB046010BD2DE98C
:10094000F0470D4699469246044600F12408016896
:10095000880604D5E06921F01001216000E0012043
:10096000A84201DD471B00E00027A1697A1902EBCC
:100970000900081AA0612078C00602D42046FFF7BB
:10098000D5FD002608E0D4E901211AF806009047B9
:10099000206A401C761C20624E45F4DB2078C0069D
:1009A0000AD52046FFF7C2FD06E0D4E90121302038
:1009B0009047206A401C2062381EA7F10107F4DC32
:1009C00007E0D4E9012118F805009047206A401C8F
:1009D0002062281EA5F10105F3DC2046FFF7BCFDCF
:1009E0002078000602D50220BDE8F0870120FBE751
:1009F00070472DE9FF4F0C461E464FF0FF378BB076
:100A0000D2E90001DDF860800A908A46C1F30A55F8
:100A100005B93D46002108464FF00000BAF1000F2D
:100A200000F4400005DA00EB80004FF4400101EAD9
:100A300050004FEA9059B9F1010F00DDB9460A980C
:100A400050EA4A000ED044F61050A5F2FF35454357
:100A50002F14B8F1000F1ED07542291E1EDDC9F1FA
:100A600000021CE0B8F1010F4FF0000001D030216E
:100A700003E0F24305E02154401CB042FBDB30466A
:100A80000022002121540B99C1F80880C1E90020FF
:100A90000FB0BDE8F08FBD1B6D1CDEE74A4600DAE3
:100AA000694206A800F032FB06AB93E8070003ABEF
:100AB00083E8070050460A9901F033F98DE80700F2
:100AC000A0F500501F3800900398002D0ADD42F277
:100AD0001F014A460844002303A90390684601F019
:100AE000DFFB09E0A0F500504A461F38002303A9A8
:100AF0000390684601F0FEFB8DE807000004000C3F
:100B000003D04FF0FF30410800E01046B8F1000F6D
:100B100003D00022009215461EE0751E05D400F099
:100B200047FA303262556D1EF9D5B34601220843AB
:100B300002D000227F1C04E02078302801D100225E
:100B40007F1E002A099784D01DE0112D07DA00F0DE
:100B50002FFA303262556D1C50EA0102F5D108437C
:100B600002D00098C8B10EE00021681E05E0235CA9
:100B7000625C63542254401E491C8142F7DBAB4641
:100B8000A81B401E0990002004F80B000B98099A3E
:100B9000C0F80880C0E9002B7AE711264FF0000862
:100BA00057E72DE9F04F88460446D21D22F0070191
:100BB00091B0D1E90001CDE90A010CF065FF0246D0
:100BC0000B98C00F01D02D2007E02068810701D5C8
:100BD0002B2002E0202101EAC000032A099001D065
:100BE000072A05DB03464146204600F02FFA0BE1B9
:100BF0002078800601D5E06900E00620B8F1650F95
:100C0000814606D0B8F1660F18D0B8F1670F70D1E1
:100C100031E00020B9F1110F009001DB112301E058
:100C200009F101030AAA01A90CA8FFF7E2FEDDE918
:100C30000C70002609F10105834647E001204B4670
:100C400000904FF000470AAA01A90CA8FFF7D1FEB7
:100C5000DDE90DB00C995D46002610B909F10100DF
:100C60000D18B9EB050003D4C0F1FF3609F10105F9
:100C7000A5EB09002BE0B9F1010F01DA4FF00109F2
:100C80000020B9F1110F0090484601DD112300E06A
:100C900003460AAA01A90CA8FFF7ABFEDDE90C7018
:100CA0004D4600268346207800070AD4AB4500DA7B
:100CB0005D4601A8012D04DD411911F8011C302900
:100CC00007D04F4502DA17F1040F04DA01208246FB
:100CD0000FE06D1EEEE7002F02DCED1B3E4403E04B
:100CE000781CA84200DD7D1CB81B00F1010A4FF002
:100CF00000472078000703D4AA4501DB4FF0FF3AF4
:100D00000021B7F1004F0DF143088DF8431024D0B6
:100D100002202B23002F01DA7F422D230A21021EFD
:100D2000A0F1010000DC5FB197FBF1FC97FBF1F251
:100D300001FB1C7C17460CF1300C08F801CDEEE7E6
:100D4000A8F1010003702188090501D5452100E0C3
:100D50006521A0F1010800F8011C09980FA9A1EB79
:100D60000807FF1D00B10120411901EBEA70A169DC
:100D70003844081A401EA0612078C00602D42046DC
:100D8000FFF7D4FB099828B1D4E901219047206AE4
:100D9000401C20622078C00622D52046FFF7C6FB03
:100DA0001EE0002E04DBB34502DD01A8805D00E0FB
:100DB0003020D4E901219047206A401C2062761C33
:100DC000AAF101005FEA000A0AD100F0CFF8C0687A
:100DD0000168405CD4E901219047206A401C2062F0
:100DE000281EA5F10105DCDC07E0D4E9012118F893
:100DF000010B9047206A401C2062381EA7F10107B2
:100E0000F3DC2046FFF7A8FB032011B041E6000009
:100E100001694A1C02610878704700B58FB0CDE9BE
:100E200001310021059105497944CDE903101146AE
:100E30006846FFF7DFFB0FB000BD0000E5FFFFFFD6
:100E40000A6802F8010B0A607047D1E900239A4250
:100E500002D2531C0B601070704700000FB40023C7
:100E600000B589B00CA900910B99CB60214B7B4454
:100E70000693214B7B44079304236FF00042CDE996
:100E800001321E4A7A446B460892024600201EF048
:100E90003BFE09B05DF814FB70B506464FF0FF301D
:100EA00015460C46324686B00091CDE901016946EF
:100EB0000020049004A8FFF7D1FF024604982118EF
:100EC00025B108B1084600E02046286004980028B3
:100ED0000DD0002A02DD0098884208D03246081B57
:100EE00069460094CDE9010404A8FFF7B7FF06B0F6
:100EF00070BD00005B02000073020000B30100003F
:100F000010B5203AC0F00B80B1E81850203AA0E8A4
:100F10001850B1E81850A0E81850BFF4F5AF5FEAD8
:100F2000027C24BFB1E81850A0E8185044BF18C98B
:100F300018C0BDE810405FEA827C24BF51F8043B32
:100F400040F8043B08BF7047D20728BF31F8023B86
:100F500048BF11F8012B28BF20F8023B48BF00F81A
:100F6000012B704700487047207D002000487047E3
:100F7000407D002000487047207D002003464068E7
:100F80008C46002818BF88423CBF03464068F8D30F
:100F900018681844884207D00CF1030020F00700BD
:100FA000001D411A521A0146081D0A60FFF7A9B92F
:100FB00030B5B0F10A024FEA900E71F100034EEA2B
:100FC000817EB0EB0E0061EB91014FEA101E4EEAFC
:100FD000017E10EB0E0041EB11114FEA102E4EEA8C
:100FE000016E10EB0E0041EB11214FEA104E4EEA5C
:100FF000014E10EB0E0041EB1141401841F1000190
:101000004FEAD00040EA41704FEAD10110EB800571
:101010004FEA810444EA907444EB01046D1944EBF7
:101020000404521BA3414FF0000348BF0A3200D50D
:1010300030BD401C41F1000130BD10B5044600F048
:1010400005F90068005D00F0010010BD2DE9F041D8
:101050001F46044603260168072A01F4006004DBEA
:1010600008B116A505E016A503E008B115A500E036
:1010700015A521F010002060A069C01EA0610FB16D
:10108000401EA0612046FFF751FA4FB1D4E901217B
:1010900038469047206A401C2062C01C206206E04F
:1010A000206AFAE7D4E9012115F8010B9047761E72
:1010B000F8D22046FFF750FABDE8F0814E414E00CD
:1010C0006E616E00494E4600696E6600426842B12C
:1010D000016811F8013B23B1521EC0E90012184605
:1010E00070470121C160881E704742685AB1C368C9
:1010F000016843B983688B4205D0491E521CC0E980
:101100000012002070474FF0FF3070472DE9F04784
:10111000814616468AB0354878440DC88DE80D00E2
:1011200032487844801C03AC0DC884E80D0041F6B9
:101130009B300844372190FBF1F290FBF1F5A5F1CB
:10114000800501FB12041B3C02D56442012000E033
:101150000020DFF898A080460027FA44AAF1BE0AD2
:101160000EE0E0070AD03246684607EB470101234C
:101170000AEB810101F0BEF88DE8070064107F1CC6
:10118000002CEED1194F7F44AE3F19E0E80715D08F
:1011900007EB04100DF1180A90E80E008AE80E0023
:1011A000C068F04201D1981908903246012306A97F
:1011B00003A801F09FF803AB83E807006D10641CDF
:1011C000002DE3D14FF0010332466946B8F1000F1C
:1011D00003A802D001F064F801E001F08BF8C9E93E
:1011E0000001C9F808200AB0BDE8F087D40A02005F
:1011F00010B500F0BDFABDE8104000F0B4BA704779
:101200007546FFF7AFFEAE4605006946534620F02F
:101210000700854618B020B5FFF71EF8BDE820404E
:101220004FF000064FF000074FF000084FF0000BA2
:1012300021F00701AC46ACE8C009ACE8C009ACE855
:10124000C009ACE8C0098D467047000010B5FFF733
:101250008DFE001D10BD00BFF1D501002DE9FF4F2F
:1012600006468BB00878FF2806D0491C2D2805D0EB
:1012700000244FF0000908E000200CE00124F8E70A
:1012800009EB8903491C00EB43090878FF28F7D1D3
:1012900014B1C9F100008146107800252C46AA46F9
:1012A00029462D2801D02B2804D1521C2D2813D0DB
:1012B000002082468B461078FF280FD04FF0000C9C
:1012C0000A21521CA5FB017804FB018105FB0C11CE
:1012D000C5194BEB0104EEE70120EAE700210846BF
:1012E0004FF00000BAF1000F02D000EB8000400880
:1012F000C0F38157012F01DD4FF0FF370E9955EAFA
:10130000040009EB01080BD04FF0020918F5FA7F31
:1013100016DA4FEACA70002F706008DD012007E07E
:101320004FEACA70C6E900B00FB0BDE8F08F0020E8
:101330003060FFF71FFEC0F800901821084616E045
:10134000B8F5FA7F18DD002F02DAF748784401E09B
:10135000F6487844D0E90010C6E9001040EACA70A7
:101360007060FFF707FEC0F80090142108460FB028
:10137000BDE8F04F1EF063BB002108464FF00000AF
:10138000B8F10001099002DAC7F1000200E03A4624
:1013900001DAC8F1000106A8FFF7B8FE06AB93E832
:1013A000070003AB83E8070044F23E005BEA040158
:1013B0000090584604D144F21E012C465D4600912F
:1013C000210C0904014306D10099240444EA154480
:1013D0002D041039009104F07F41014306D100999A
:1013E000240244EA15642D020839009104F070418A
:1013F000014306D10099240144EA15742D01091F07
:10140000009104F04041014306D10099A40044EA50
:101410009574AD00891E009104F00041084304D189
:1014200000986D196441401E00904FF001033A4648
:101430006846B8F1000FCDE9014503A902DD00F0CF
:101440006EFF01E000F041FFBAF1000F04460D46C7
:1014500001D084F00044002108464FF000000999B3
:1014600040F2FF77484010F00C0F07D124F0004005
:10147000284303D0C4F30A50B84212D1FFF77AFDD3
:10148000C0F80090C4F30A50B8420AD1A848784482
:10149000D0E90010C6E9001004F000410843706074
:1014A00042E7C6E900543FE72DE9FF4F1F464FF0E2
:1014B000000A4FF0FF38454691B0D7E90146CDF814
:1014C0003CA0FFF753FDC0680168405C1090B9690B
:1014D00012986D1C8847396A814688470028F6D1E2
:1014E000B9F1FF3F0AD0002E24F4D06411DDB9F128
:1014F0002B0F08D0B9F12D0F0BD102E0404615B0EB
:1015000013E744F48064B96912986D1C8847761E0D
:101510008146600504A901D52D2000E02B20002E76
:1015200001F1010B0DF130088DF810003FDDB9F12C
:10153000690F08D0B9F1490F05D0B9F16E0F02D08B
:10154000B9F14E0F1CD13B4601A8009580E850022E
:10155000DDE912126FF002001EF0DAFAC11CCED1E2
:101560000EE0B96912986D1C884781461398761E63
:1015700044F4007405600F98401C002E0F9016DD97
:10158000B9F1300FEDD0B9F1780F02D0B9F1580FA1
:101590000DD10F9801280AD13B46CDE90054DDE971
:1015A0001212001F02961EF0B1FAC11CA7D11099A9
:1015B00089453ED144F0800406E01399681CAAF1E5
:1015C000010A44F400740860B9696D1C1298761E13
:1015D000884730288146F0D02BE01099894505D105
:1015E000200603D4761E44F0800418E048460CF030
:1015F000F0FA08B3761E0DF123018B4544F4007414
:1016000008D2A9F130000BF8010B200607D5AAF18A
:10161000010003E0200602D40AF101008246A00581
:1016200002D51399681C0860B96912986D1C884727
:101630008146002ED1DC53E0002E51DDB9F1650F5B
:1016400002D0B9F1450F4BD1A00549D5B9696D1C40
:101650001298761E24F440748847002E81460CDDD3
:101660002B2804D0B9F12D0F07D144F48074B96947
:1016700012986D1C8847761E8146E00501D52D2104
:1016800000E02B2108F8011BCDF8008021E0761E38
:101690000DF13901884544F400740CD2A9F13000F1
:1016A00010F0FF0088F8000002D10099884509D9A0
:1016B00008F1010806E0E00501D51E4801E042F20C
:1016C0000F708246B96912986D1C8847814613983D
:1016D0000560002E04DD48460CF07BFA0028D6D1C8
:1016E000F96912988847FF2053468BF8000088F864
:1016F000000000200A900B9004AA0CA90AA8FFF78A
:10170000ADFDA00502D46FF00100F8E614F0240F3F
:1017100012D0E0071CD13868DDE90A12031D3B60D6
:101720000068C0E9001213E0E0080200D2080200DD
:1017300096070200F1D8FFFF0AA968460CF0D8F915
:10174000E00705D13868009A011D39600068026021
:101750002846D4E610B50446AFF300802046BDE825
:101760001040FEF764BD002801D000F069B8704752
:1017700010B5012805D0002103A000F067F8012072
:1017800010BD09A1F8E7000053494752544D454D9B
:101790003A204F7574206F662068656170206D6512
:1017A0006D6F7279000000003A2048656170206D0D
:1017B000656D6F727920636F727275707465640005
:1017C0004FF0013C50F8042B51F8043B9A4221D1D0
:1017D000A2EB0C03934313EACC1317D150F8042B5C
:1017E00051F8043B9A4215D1A2EB0C03934313EA40
:1017F000CC130BD150F8042B51F8043B9A4209D179
:10180000A2EB0C03934313EACC13DBD04FF00000A0
:10181000704700BFD01A01BAB1FA81F101F0180186
:1018200022FA01F0CB40C1F12001DBB2C0B2C01AF4
:101830002CFA01F3D11A914311EAC311E6D1704792
:1018400001491820ABBEFEE72600020070B5054630
:101850000C460A2000E06D1C00F011F835B1287824
:101860000028F8D102E0641C00F009F814B12078D7
:101870000028F8D1BDE870400A20AFF3008008B519
:1018800069468DF800000320ABBE08BD2DE9FF4F6F
:101890001F464FF03C0987B04FF00042DDE91410BD
:1018A00001F10108DDF858A002EA40500390002041
:1018B00005908346054604460490B969461E08987B
:1018C0008847AAF1010A0290BAF1000F3BDD0298A5
:1018D0002E2815D0102100F016FA00282EDB4FF02C
:1018E000010B0599014317D0B9F1000F0BDB4A46F4
:1018F000C11700F0F5F905430C43A9F1040905E00F
:10190000012004900BE008B145F00105012005908D
:10191000049820B9361D02E0049800B1361FB96959
:10192000089808F101088847BBF1000FAAF1010AE5
:101930000290C9D00999C1F80080C5E702987028C3
:1019400008D0502806D0F96908988847BBF1000FE5
:1019500014D04FE0002002900120BBF1000F049052
:1019600009D0B969089808F101088847AAF1010966
:10197000B9F1000F07DCF969089888476FF001009A
:101980000BB0BDE8F08F2B2804D02D280CD14FF0E0
:10199000FF300490B969089808F101088847A9F157
:1019A0000109B9F1000FE6DD411CE4D00A2100F085
:1019B000AAF90028DFDB029908F1010801EB810197
:1019C00000EB41000290B969089888470A2100F0AD
:1019D0009AF9099AA9F10109B9F1000FC2F800803A
:1019E00001DD0028E7DAF969089888470499029828
:1019F00000FB016655EA040004D004F040410900F0
:101A000002D006E0039898E0A40044EA9574AD0083
:101A1000B61E04F00041080002D16D196441761E23
:101A2000159810F0240F03D04FF00B095C4803E029
:101A30004FF028096FF07D008246564507DAAAEB81
:101A400006018944B9F1410F01DD4FF04109012040
:101A50000021A9F1010200F043F9024628400B469B
:101A60002140084301D0012100E00021501E0291D5
:101A700043F1FF3128402140084301D0012000E01C
:101A800000200299834651EA0B014FD000210846FD
:101A90004FF00000039900F4400039B100EB8000E2
:101AA0004FF4400100EBD07001EA6000801501287E
:101AB00002DD4FF0FF3000E013D0401C36D002981A
:101AC00060B3BBF1000F0CD14A460120002100F0A9
:101AD00007F928402140084301D0012000E0002000
:101AE000E0B101204A46002100F0FAF8034640190F
:101AF0000A4661412D1A8C4111D3B9F1400F09DD1D
:101B0000159810F0240F02D0AAF1340603E0AAF1D0
:101B1000170600E0761C00254FF0004406E05B1E2F
:101B200042F1FF3220EA030521EA0204CAF1010072
:101B3000B04206DA1B490398084301900020009048
:101B40000EE0039AC4F3D321E80A0A43164940EA97
:101B500044500A433146CDE9000268460CF02EF8A5
:101B6000159810F0240F0BD01598C00715D13868C0
:101B7000DDE90012031D3B600068C0E900120CE0C3
:101B800002A869460BF0B4FF1598C00705D1386864
:101B9000029A011D3960006802604046F0E60000CC
:101BA00002FCFFFF0000F07F0000F03F2DE9FF4F37
:101BB00092461D4685B04FF00041DDE9124BDDE94C
:101BC00014727F1E01EA4B50414940F0FF4940EA40
:101BD0000108002122F020004928049102D04E285B
:101BE00028D04CE03BA0012607C88DE80700A96972
:101BF0000698641C88477F1E014606D41DF806001F
:101C000018B121F0200181420BD0E969069888477C
:101C1000032E34D0082E32D06FF0010009B0BDE899
:101C2000F08F761C032E01D0082EE0D1601CCAF87C
:101C30000000DCE7A9690698641C88477F1E2AD447
:101C400020F02000412826D1A9690698641C884705
:101C50007F1E20D420F020004E281CD1A9690698B0
:101C6000641C88477F1E48F4002849F48009CAF89C
:101C7000004001D4282806D0E969069888475FEA21
:101C8000CB7012D022E0A9690698641C88477F1E99
:101C900001D4002803DAE96906988847BCE72928B7
:101CA000F1D1641CCAF80040E9E71BF0240F07D00B
:101CB00028680499031D2B600068C0E9001805E03E
:101CC0002868021D2A600068C0F800902046A5E739
:101CD0000000F07F494E46494E495459000000002B
:101CE000B2F120030AD5C2F1200301FA02F120FA71
:101CF00003F300FA02F041EA0301704700FA03F12E
:101D00004FF0000070473A2800D2303820F020020F
:101D1000412A01D3A2F13700884201D34FF0FF30AE
:101D200070475FEA400C08BF91F0000F4FEA8C2328
:101D30004FEAC12243EA51514FEA1C5018BF00F547
:101D4000F0404FEA300018BF41F000415FEA6C5CA0
:101D500000F02980BCF1FF3F08BF40F08040704791
:101D6000130C06BF12044FF0100C4FF0000C130EB2
:101D700004BF12020CF1080C130F04BF12010CF186
:101D8000040C930F04BF92000CF1020CD30F04BF9C
:101D900052000CF1010C11464FF00002A0F11F009F
:101DA000A0EB0C00704711F0004F08BF704731F0F6
:101DB00000413FF4D5AF0B0C06BF09044FF0100CE7
:101DC0004FF0000C0B0E04BF09020CF1080C0B0FB6
:101DD00004BF09010CF1040C8B0F04BF89000CF146
:101DE000020CCB0F04BF49000CF1010CCCF1200315
:101DF000A0EB0C0022FA03F302FA0CF241EA030111
:101E000000F10100704720F07F4C80EA030023F0CE
:101E10007F47ACEB070303F57C5300F0004003F170
:101E2000FF032DE980494FEA154B09B44FEA1443EB
:101E300025EA0B4E24EA03480FF2042606EB13278B
:101E400049083E785FEA320203FB0667C7F50007E0
:101E500007FB06F64FEA54374FEAD64606F102066C
:101E600007FB066CCCF1005C4FEA1C472CEA074CE0
:101E700007FB06F40CFB06F504EB15464FEA961635
:101E800034BF00204FF000404FEAD13706FB07FC7B
:101E90004FEA1C4C0CFB0BF7D21B03FB0CF761EB5E
:101EA00007010CFB0EF7B0EB074072EB17420CFB7F
:101EB00008F734BFA2EB0742B2EB074261EB1741D0
:101EC0004FEA0C444FEA910706FB07FC4FEA1C4C13
:101ED0000CFB0BF7B0EBC74072EB573203FB0CF770
:101EE00034BFA2EBC742B2EBC74261EB57310CFBE8
:101EF0000EF7B0EBC70072EB57720CFB08F734BF5C
:101F0000A2EBC702B2EBC70261EB5771039F4FEA26
:101F1000816141EA921104EBCC044FEAD1374FEAD8
:101F2000826206FB07FC42EA90124FEA80604FEAA9
:101F30001C4C0CFB0BF7D21B03FB0CF761EB0701EE
:101F40000CFB0EF7B0EB074072EB17420CFB08F7E7
:101F500034BFA2EB0742B2EB074261EB17414FEAF5
:101F60008C554FEA910704EB9C2406FB07FC4FEAD3
:101F70001C4C0CFB0BF7B0EBC74072EB573203FB6A
:101F80000CF734BFA2EBC742B2EBC74261EB57314B
:101F90000CFB0EF7B0EBC70072EB57720CFB08F7A7
:101FA00034BFA2EBC702B2EBC70261EB577115EB6E
:101FB0004C254FEA816141EA92114FEA82624FEA71
:101FC000D13742EA901206FB07FC44F100044FEAC5
:101FD00080604FEA1C4C0CFB0BF7D21B03FB0CF789
:101FE00061EB07010CFB0EF7B0EB074072EB1742F9
:101FF0000CFB08F734BFA2EB0742B2EB074261EBE0
:10200000174115EB1C154FEA813141EA92414FEA25
:10201000823242EA90424FEA80304FEA0C7644F135
:10202000000448EA03434EEA0B484FF0000EB2EBBF
:10203000080C71EB030724BF624639464EEB0E0EC7
:102040004FF0000B0018524149414BEB0B0BB2EB28
:10205000080C71EB03077BF1000B24BF6246394685
:102060004EEB0E0E4FF0000B0018524149414BEB66
:102070000B0BB2EB080C71EB03077BF1000B24BFD9
:10208000624639464EEB0E0E51EA020718BF46F083
:10209000010616EB0E7655F1000254F1000103D54E
:1020A000BDE88901BDE80088BDE88901BDE80048B8
:1020B000B619524141EB0101A3F101037047808041
:1020C0007F7E7D7C7B7A7978777676757473727192
:1020D00071706F6E6E6D6C6C6B6A6A69686867664A
:1020E00066656464636362616160605F5F5E5E5DDC
:1020F0005D5C5C5B5B5A5A59595858575756565550
:1021000055555454535352525251515050504F4FB1
:102110004F4E4E4D4D4D4C4C4C4B4B4B4A4A4A4901
:102120004949484848474747474646464545454444
:1021300044444443434343424242424141410000FC
:1021400046EA0646A3F570534FEA164646EA42565B
:102150004FEAD22242EA415210B54FEAD121A3F10F
:10216000010300F02FF820F0004000F1020C00F015
:10217000004701EB00501146BCF5006F40EA070034
:1021800000D210BDBAF1000F0AD01CB503B44FF055
:1021900004004FF004014FF000000FBCBDE81040F8
:1021A0004FF00001BBF1010FB9BF04484FF0FF3100
:1021B0000348002140EA070010BD00BFFFFFEF7F8A
:1021C0000000F07F002B9C4630D477002BD01CB54C
:1021D0004FEA370703B44FF010004FF01001BAF187
:1021E000000F06D0BCF1000FDCBF40F0080040F04B
:1021F00008014FF000000FBCBDE810400BF1010BCF
:10220000BBF1010F08BF5FEA170722BF12F10102FD
:1022100011F101014FF0004143F1000300F00040D3
:1022200043EA00007047F9D35708D0E746EA06466C
:1022300013F1400F4FEA16461FDD13F1200FDFBFE9
:1022400016430A46002120335B42BED0C3F120076B
:1022500046EA064602FA07F74FEA164646EA070636
:10226000C3F1200722FA03F201FA07F721FA03F17A
:102270004FF0000342EA0702A7E746EA020646EAF1
:1022800006464FEA164646EA0106BCBF46EA06463F
:10229000360C4FF000034FF000024FF0000194E7BE
:1022A0002DE9804C9A46934670B491E8380007C8EF
:1022B00031EA400C48BF34EA430C03D5FFF7A3FDD5
:1022C000FFF780FFF0BCBDE8008C2DE9804C9A46FA
:1022D000934670B491E8380007C831EA400C48BF13
:1022E00034EA430C03D5FFF78EFDFFF729FFF0BC5E
:1022F000BDE8008C2DE9804C9A46934670B491E875
:10230000380007C810F0804F08BF13F0804F03D18A
:1023100000F01AF8FFF756FFF0BCBDE8008C2DE97D
:10232000804C9A46934670B491E8380007C810F084
:10233000804F08BF13F0804F03D100F005F8FFF77E
:10234000FFFEF0BCBDE8008C20F07F4780EA030070
:1023500023F07F4C07EB0C03A3F57C5300F0004007
:10236000A3F1FE0392F0000F00F0B38095F0000F90
:1023700000F077802DE901494FEA11404FEA1446F9
:1023800021EA004800FB06FC24EA064708FB06F6A3
:1023900007FB08F800FB07F718EB06484CEB164C58
:1023A0004FEA124B18EB07484FEA15464CEB174023
:1023B00022EA0B4E0BFB06FC25EA06470EFB06F64F
:1023C00007FB0EFE0BFB07F71EEB064E4CEB164C05
:1023D0004FF000061EEB074E4CEB174B18EB0B08AB
:1023E00040F1000018EB0E0B58EB000840F1000024
:1023F0008F1A4FF000013CBFC943661B14BFB5EBF9
:10240000040C00213CBFC943F61B4FEA17444EEAB7
:102410008E0E27EA04454FEA1C4704FB07622CEAAC
:10242000074C05FB07F70CFB05F604FB0CFC16EB51
:10243000074642EB174216EB0C4642EB1C421BEBE5
:10244000060658EB0202414146EA9E0601D5BDE868
:102450000189B619524141EB0101A3F10103BDE825
:1024600001894FEA14454FEA114724EA054621EA5B
:10247000074C05FB07F406FB07F70CFB06F105FB11
:102480000CFC11EB074144EB17444FEA124711EBE8
:102490000C4144EB1C4422EA074C05FB07F206FB07
:1024A00007F70CFB06F605FB0CFC16EB074642EBA8
:1024B000174216EB0C4642EB1C456A1854F100011A
:1024C00048BF7047B619524141EB0101A3F1010326
:1024D000704795F0000F37D04FEA11424FEA14478A
:1024E00021EA024624EA074C02FB07F106FB07F744
:1024F0000CFB06F402FB0CFC14EB074441EB174108
:102500004FEA154714EB0C4441EB1C4125EA074CFC
:1025100002FB07F506FB07F70CFB06F602FB0CFCBB
:1025200016EB074645EB174516EB0C4645EB1C42F0
:10253000121951F1000148BF7047B619524141EBE1
:102540000101A3F1010370474FEA14454FEA114717
:1025500024EA054621EA074C05FB07F106FB07F7CD
:102560000CFB06F24FF0000605FB0CFC12EB0742D9
:1025700041EB174112EB0C4251EB1C4148BF704735
:10258000921841EB0101A3F10103704770B50446B5
:1025900000680168C943490620D4816821F001011F
:1025A000816006F045FA054613E006F041FA401B4B
:1025B00002280ED920680068C043400609D4E06CA8
:1025C00040F01000E064206D40F001002065012023
:1025D00070BD20680068C0434006E6D5002070BD8D
:1025E000F8B500260446009600680168C94349060C
:1025F0002ED5816841F001018160164816490068B6
:10260000B0FBF1F000EB400000E0401E009000281D
:10261000FBD106F00DFA054615E006F009FA401B5D
:10262000022810D920680068C04340060BD5E06C32
:1026300040F01000E064206D40F00100206584F857
:1026400048600120F8BD20680068C0434006E4D41B
:102650000020F8BD1000002040420F0010B50A48CD
:1026600005F06AFF6421084805F00EFF064805F0F2
:1026700011FE064CA060044805F099FF052006F005
:10268000D1F8A06810BD000048580020D85700209D
:102690002DE9F041002507462E462C460BE0FFF7BA
:1026A000DDFF1CF0DDFB2A4633461CF015F9641CE7
:1026B00005460E46E4B2BC42F1D338461CF0D0FBCE
:1026C00002460B4628463146BDE8F0411CF0C0B931
:1026D0000949094A843AC968D161002104E0D369F3
:1026E000491CC9B21B69D3618142F8D3D069017812
:1026F00041F0010101707047A05500200E490E4ABB
:10270000843AC968D16170B1052811D00A2811D066
:10271000142807D1086900690069D061017841F087
:10272000010101707047087840F00100087070479F
:102730000869F2E70869EFE7A055002010B518F026
:102740001BFE6A4A0B286ED025DC684C022804F177
:10275000080449D004286BD008287CD1907904283B
:1027600079D1D079022876D10DF0E0F814F024FD6B
:102770004079612854D014F025FD21461BF0AEFDB0
:1027800014F01AFD407961284FD014F01BFDBDE80C
:10279000104003F032BA0C2815D012287ED013282E
:1027A00059D1D0799C2856D1107A512853D10DF0A7
:1027B000BDF815F08FFB03284DD10121BDE8104075
:1027C000022011F023B99079042844D1612002F04D
:1027D00065FE18F08BFD46490020087014F0ECFCF3
:1027E000BDE8104000F0A0BA907904286FD1D079EC
:1027F0000C286CD10DF09AF814F0DEFC40796128B9
:102800000BD014F0DFFC0C2221461BF07CFD14F0F1
:10281000D3FCBDE8104000F065BA14F0CDFCF2E73F
:1028200014F0CAFCA9E728E002E014F0C5FCAEE70A
:10283000907904284BD1D079082848D10DF076F84A
:1028400014F0BAFC4079612811D014F0BBFC214689
:1028500000F054F800E03AE014F0AEFC4079612852
:1028600008D014F0AFFCBDE8104003F0BFB914F07D
:10287000A3FCECE714F0A0FCF5E79079102826D132
:10288000D0799C2823D10DF051F815F023FB512865
:1028900001D052281BD10121022000E018E011F0E4
:1028A000B5F815F01DFB8068124900690069816068
:1028B00015F016FB8068104900690069C16015F0C9
:1028C0000FFB80680069006901690420487110BD30
:1028D000D0799C28FBD1107A5728F8D10DF026F832
:1028E00015F0F8FA35283FF468AF10BD44560020C3
:1028F00028550020D3090208D70902082DE9FF5FF7
:10290000040079D0487884F87000087884F8710061
:10291000C87884F87200887884F87300487984F85D
:102920006800087984F86900C87984F86A008879B1
:1029300084F86B00207804F137010291DFF84092AF
:10294000DFF840A2DFF840B204F12A018F4E4207BF
:10295000039165D520F004002070206F6061484528
:1029600038DB1CF0F7FC002233461CF071F8002223
:10297000874B1CF089FA206F07D21CF0EBFC002279
:1029800033461CF065F883A22FE01CF0E3FC002224
:1029900033461CF05DF80022804B1CF075FA0CD217
:1029A000206F1CF0D7FC002233461CF051F81CF0BD
:1029B00013FA03467AA2042124E0206F1CF0CAFC1B
:1029C000002233461CF044F8002233461CF05CFA27
:1029D0001BD2E5E7504503DA1CF0BCFC71A204E011
:1029E00058450ADA1CF0B6FC70A2CDE900010521B9
:1029F0000298FDF781FD08E0BFE01CF023FE0346CE
:102A00006CA205210298FDF777FDA06E1CF0A2FCD8
:102A1000CDE9000168A206210398FDF76DFDA8E04D
:102A2000216FA0681CF0C2FCA060A16E20691CF0A0
:102A3000BDFC2061204601F0E9FE206F6061E07975
:102A4000401CC0B2E0710328E9D31CF033FE0546F8
:102A5000294620691CF018FD00902946A0681CF04A
:102A600013FD05461BF0F0F8DFF85481002720B372
:102A70001BF098F9022820D398F80020404604F172
:102A8000A80104F19008019132B1077040460CF0A2
:102A900095FF01980CF092FF294640460CF0C1FFCB
:102AA000DDE900100CF0BDFF01980CF09DFF0090D7
:102AB00040460CF099FF054602E0012188F800101D
:102AC000204602F03EFF002850D100981CF042FC46
:102AD000CDE9000138A206210398FDF70DFD4D4513
:102AE00028DB28461CF036FC002233461BF0B0FFE2
:102AF000884605460022264B1CF0C6F904D2CDE9D3
:102B0000005824A2052125E0284641460022234BF7
:102B10001CF0BAF906D333462846414600221CF081
:102B2000B3F923D2284641461CF056F903461CA2AD
:102B3000042118E0554504DA28461CF00BFC19A2C4
:102B400005E05D45284609DA1CF004FC17A2CDE932
:102B5000000105210298FDF7CFFC07E01CF072FD93
:102B6000034614A205210298FDF7C6FCE771A76091
:102B70002761BDE8FF5F18F069BEBDE8FF9F000058
:102B800000401C46000020410000C84200408F4029
:102B90000000244025332E3166000000000059401B
:102BA0002533640025332E326600000025342E3193
:102BB000660000002534640025352E3266000000D2
:102BC000105800201CB50C46002832D0684609F089
:102BD00007FCDDE900010CF089FF164A612102F8CB
:102BE000451F102151709C2191706821D1700021E6
:102BF00011710421517108219171010AD171107272
:102C0000010E5172000C9072200AD0721473200EC3
:102C10005073200C90730748112102F8421C453074
:102C200009F000FE18F00AFEBDE81C400B2018F069
:102C300031BE1CBD445600201CB50C46002832D0C5
:102C4000684609F0CDFBDDE900010CF04FFF164AA4
:102C5000612102F8451F102151709C2191706C2157
:102C6000D170002111710421517108219171010A63
:102C7000D1711072010E5172000C9072200AD07244
:102C80001473200E5073200C90730748112102F822
:102C9000421C453009F0C6FD18F0D0FDBDE81C40CF
:102CA0000B2018F0F7BD1CBD445600200C4810B591
:102CB000612100F8451F042141707522827069224C
:102CC000C270002202714171082100F8421C0448C0
:102CD000453009F0A7FDBDE810400C2018F0DABD22
:102CE0004456002010B500281BD00E48612100F882
:102CF000451F04214170752181704521C17000215B
:102D0000017101214171082100F8421C054845303C
:102D100009F088FD18F092FDBDE81040082018F079
:102D2000B9BD10BD4456002010B500281BD00E4878
:102D3000612100F8451F0421417075218170302107
:102D4000C1700021017106214171082100F8421C67
:102D50000548453009F066FD18F070FDBDE81040EB
:102D6000022018F097BD10BD4456002010B5002871
:102D700018D00D486121752200F8451F04214170CB
:102D800082706922C270002202714171082100F82C
:102D9000421C0548453009F045FDBDE810400420BF
:102DA00018F078BD10BD00004456002010B5002872
:102DB00027D0144A40F8681F612102F8451F1021EE
:102DC00051709C2191705721D17000211171022105
:102DD0005171042191714178D17101781172C178DA
:102DE00051728078907207480D2102F8421C4530DC
:102DF00009F018FD18F022FDBDE81040122018F06F
:102E000049BD10BD4456002010B50446F32000F023
:102E100037F8204000D0012010BD000010B5F92087
:102E200000F02EF80A4C2070F82000F029F86070AD
:102E3000F72000F025F8A0706178000340EA011047
:102E40002178BDE8104040EA11100BF075B9000080
:102E50001856002070B5FC2000F012F80446FB2044
:102E600000F00EF80546FA2000F00AF8000340EAE8
:102E7000051040EA1410BDE870400BF053BA000092
:102E800070B50B4D06464FF480740022214628464B
:102E900005F0C9FD30460BF023F90BF01DF906468D
:102EA00001222146284605F0BEFD304670BD0000D7
:102EB00000040240017842784901807841EA8201A9
:102EC0000143C9B2F52000F00BB8417802784901FE
:102ED000807841EA82010143C9B2F420AFF3008057
:102EE0002DE9F0410B4D0F4606464FF48074002249
:102EF0002146284605F097FD30460BF0F1F838469C
:102F00000BF0EEF821462846BDE8F041012205F01D
:102F10008ABD0000000402400949094AC968843A90
:102F20000029D16104D020B1087840F00100087078
:102F300070470869D061017841F001010170704764
:102F4000A0550020FEE700002DE9F04118F014FA2A
:102F5000B449B54CB54D042601F108070C2814D02E
:102F60000ADCA0F102000A2871D2DFE800F03D700F
:102F7000E2707070577071F31238072867D2DFE87B
:102F800000F0EBEA66661A87B600887903285ED1FE
:102F90004A2002F083FA18F0A9F914F00DF94079EB
:102FA0004A2805D014F00EF9394600F0FFFBBAE0CC
:102FB00014F002F9F8E78879032848D10CF0B6FC40
:102FC00014F0FAF840794A280BD014F0FBF839468F
:102FD00000F030F914F0F0F8BDE8F0414A2100F0BB
:102FE00089BE14F0E9F8F2E7887903282FD10CF0B4
:102FF0009DFC14F0E1F840794A280CD014F0E2F876
:103000000122394600F052FB14F0D6F8BDE8F04139
:103010004A2100F053BE14F0CFF8F1E78879032875
:1030200015D10CF083FC14F0C7F840794A280BD076
:1030300014F0C8F8002100F013FB14F0BDF8BDE84F
:10304000F0414A2100F0AEBE14F0B6F8F2E780E09D
:10305000887903287DD10CF069FC14F0ADF8407933
:103060004A280FD014F0AEF8394600F045FB14F0B2
:10307000A3F840794A2808D014F0A4F8BDE8F0413C
:1030800002F0BBBD14F098F8EEE714F095F8F5E700
:10309000887906285DD10CF049FC14F01BFF2B2821
:1030A00015D16349012008700146022010F0AEFCE2
:1030B00014F016FF80680069846014F011FF8068C6
:1030C0000069C56014F00CFF80680069467114F057
:1030D00073F840794A2807D014F074F8BDE8F0413D
:1030E0005049093100F0E0B814F066F8F6E7887945
:1030F000062873D10CF01AFC14F0ECFE2C2812D127
:103100000121022010F082FC14F0EAFE80680069C0
:10311000846014F0E5FE80680069C56014F0E0FE8C
:1031200080680069467114F047F8BDE8F04100F08E
:10313000D5B88879032851D10CF0F8FB14F03CF88D
:1031400040794A2814D014F03DF8394600F02EFB9F
:1031500003E043E012E055E042E014F02DF840793E
:103160004A2808D014F02EF8BDE8F04102F03EBD28
:1031700014F022F8E9E714F01FF8F5E7887906283B
:1031800001D010282AD10CF0D1FB14F0A3FE462860
:1031900011D008DC03280ED036280CD038280AD0ED
:1031A00045281BD107E0472805D0482803D04A28E6
:1031B00001D04B2812D10121022010F027FC14F07D
:1031C0008FFE80680069846014F08AFE8068006960
:1031D000C56014F085FE806800694671BDE8F08125
:1031E00088790628FAD10CF0A1FB14F073FE35287B
:1031F00011D014F06FFE4C280DD014F06BFE49284E
:1032000009D0EBE788790628E8D10CF08FFB14F0A1
:1032100061FE0328E2D1BDE8F0410121022010F057
:10322000F5BB000044560020D3090208D709020864
:103230001C57002010B504000FD049B1487884F81D
:10324000B400087884F8B500B4F8B40030B106E0F2
:10325000012024F8B40F0A20608010BD0220A4F8D9
:10326000B400C87884F8B60088780D4984F8B700AF
:103270000020088094F8B600B4341BF01DF834F830
:10328000B409012801D114F08DFBB4F8B63004F173
:10329000B800BDE8104003A20421FDF72DB90000DD
:1032A000025700202533640000280DD049B14A7828
:1032B00080F8B420097880F8B510B0F8B41021B1C6
:1032C00004E00121A0F8B41070470221A0F8B41066
:1032D00001490020088070470257002010B50028DF
:1032E0001BD00E484A2100F8451F032141700521DB
:1032F00081701D21C17000210171022141710821DD
:1033000000F8421C0548453009F08CFA18F096FA8E
:10331000BDE81040162018F0BDBA10BD445600207C
:1033200010B5002824D013484A2200F8452F102257
:103330004270052282704422C27000220271022271
:103340004271042282710A0AC27101720A0E42722B
:10335000090C81720D2100F8421C0648453009F025
:1033600061FA18F06BFABDE810400B2018F092BA21
:1033700010BD00004456002010B5002824D013488A
:103380004A2200F8452F1022427005228270342212
:10339000C2700022027102224271042282710A0A62
:1033A000C27101720A0E4272090C81720D2100F87D
:1033B000421C0648453009F035FA18F03FFABDE8DE
:1033C00010400B2018F066BA10BD000044560020D3
:1033D00010B500281AD00E484A2200F8452F0622C0
:1033E0004270052282701D22C2700A0A0271417168
:1033F000082100F8421C0648453009F013FA18F07D
:103400001DFABDE81040172018F044BA10BD0000A6
:103410004456002010B500281AD00E484A2200F861
:10342000452F06224270052282701E22C2700A0AAF
:1034300002714171082100F8421C0648453009F02C
:10344000F1F918F0FBF9BDE81040182018F022BA85
:1034500010BD00004456002070B517F08DFF7D4C64
:103460000B2804F108057DD021DC022850D0042867
:1034700079D0082866D00A2876D1A079032873D19C
:103480000CF054FA13F098FE40790A2878D013F023
:1034900099FE294600F030F913F08EFE40790A2893
:1034A00073D013F08FFEBDE8704002F0A6BB0C286D
:1034B00012D0122868D0132856D1A079062853D1EB
:1034C0000CF034FA14F006FD03284DD1BDE870402D
:1034D0000121022010F09ABAA079032844D10A20D1
:1034E00001F0DCFF17F002FF13F066FE40790A28B6
:1034F0000BD013F067FE294600F058F913F05CFE7C
:10350000BDE870400A2100F0F5BB13F055FEF2E76C
:10351000A079032828D10CF009FA13F04DFE407968
:103520000A280CD013F04EFE0022294600F0BEF807
:1035300013F042FEBDE870400A2100F0BFBB13F05B
:103540003BFEF1E7A07903286FD10CF0EFF913F0FF
:1035500033FE40790A2810D013F034FE002100F029
:103560007FF803E034E013E05FE009E013F024FEAD
:10357000BDE870400A2100F015BC13F01DFEEDE718
:1035800013F01AFE85E700E050E013F015FE8AE71D
:10359000A079032849D10CF0C9F913F00DFE407948
:1035A0000A280FD013F00EFE294600F0FFF813F0A2
:1035B00003FE40790A2808D013F004FEBDE87040ED
:1035C00002F014BB13F0F8FDEEE713F0F5FDF5E79C
:1035D000A079062829D10CF0A9F914F07BFC452824
:1035E0000DD006DC03280AD0362808D038281CD194
:1035F00005E0462803D0472801D0482815D10121ED
:10360000022010F003FA14F06BFC80681249006984
:10361000816014F065FC806810490069C16014F095
:103620005FFC806804210069417170BDA0790628A3
:10363000FBD10CF07BF914F04DFC35283FF446AF7C
:1036400014F048FC4C28F9D014F044FC4928F5D07B
:1036500070BD000044560020D3090208D7090208B3
:1036600010B5002815D000222E2499B10B783033E4
:103670008377C4774B78303380F8203080F821206E
:103680008B78303300F81A3F4470C978303181703C
:10369000C27010BD31238377C477302180F82010A9
:1036A00080F8212000F81A3F4470F0E72DE9F0433C
:1036B00000281DD04C2400F8554F4FF0480C4FF017
:1036C0002D08442380F801C0432180F80280312571
:1036D000C3705F2601714F274FF0200945714AB131
:1036E00037228271C67101724772837280F80B9023
:1036F000BDE8F0833822F4E7002805D029B14A78E4
:1037000000F8662F0978417070473221A0F86610E2
:103710007047000010B500281FD001EB81004FF664
:10372000FF7101EA40010D4800F8452F0622427062
:10373000052282708622C2700A0A02714171082134
:1037400000F8421C0548453009F06CF818F076F88E
:10375000BDE810400B2018F09DB810BD4456002065
:1037600010B500281FD001EB81004FF6FF7101EA70
:1037700040010D4800F8452F062242700522827054
:103780008522C2700A0A02714171082100F8421CA8
:103790000548453009F046F818F050F8BDE81040EB
:1037A0000B2018F077B810BD445600202DE9F04FDB
:1037B0008BB00D464FF00001040000917ED0697877
:1037C00061F30700297861F30F20E97880B261F393
:1037D0000707A97861F30F27697961F3070629794B
:1037E00061F30F261BF066FFDFF8A08341461BF054
:1037F0004BFEE066B8B21BF05DFF41461BF044FE95
:10380000206730B207461BF03DFFE1491BF03CFE4C
:10381000A06638461BF00DFB0022DE4B1BF018F9AA
:103820001BF028F8A067E87B60F30706A87B60F32D
:103830000F2630B21BF026FFC4F884001AF0E2FA1B
:10384000A8B1A06E1BF086FDD34AD44B1BF058FBE9
:103850000022D34B1BF040F81BF00CF8D149A066B6
:10386000884203DC4FF08441884200DAA1661AF0F6
:10387000CDF9002500B9E566207804F12A0B42074E
:1038800004F1300A04F1370904F14E0831D520F073
:1038900004002070206F6061A06E1BF05BFDCDE91D
:1038A0000001C1A206215846FCF726FEE06E1BF07F
:1038B00051FDCDE90001BEA2072100E016E050460F
:1038C000FCF71AFE206F1BF045FDCDE90001B8A200
:1038D00007214846FCF710FEA06F1BF03BFDCDE929
:1038E0000001B3A207214046FCF706FE0BB0BDE87D
:1038F000F08F216FA0681BF059FDA060E16EE068B9
:103900001BF054FDE060A16E20691BF04FFD2061AB
:10391000A16F00981BF04AFD0090204600F076FF52
:10392000206F6061617904F19C0007900C30099070
:103930001838A14E03904A297ED1E079401CC0B2CC
:10394000E071032805D213F043FCB0F8B40002285C
:10395000F2D1E0791BF0AEFE0746394620691BF034
:1039600093FD08903946E0681BF08EFD06903946BD
:10397000A0681BF089FD0290394600981BF084FD79
:1039800004901AF055F980B31AF000FA02282DD3EA
:10399000307848B1357003980CF010F807980CF0A7
:1039A0000DF809980CF00AF8DDE902100CF039F86E
:1039B000DDE906100CF035F8DDE908100CF031F8FF
:1039C000DDE903010CF02DF809980CF00DF80890D2
:1039D00003980CF009F8029007980CF005F806908F
:1039E00003980CF001F8049002E0FFE7012030702A
:1039F000B4F8B40001280AD013F0E0FD07461AF02D
:103A00000DFA401D874202D36C4805702DE0204618
:103A100001F097FF48BB08981BF09CFCCDE9000122
:103A200061A206215846FCF767FD06981BF092FC40
:103A30005FA2CDE9000100E01DE007215046FCF740
:103A40005BFD02981BF086FCCDE9000158A207211E
:103A50004846FCF751FD04981BF07CFCCDE90001C1
:103A600053A207214046FCF747FDE571A560E560DC
:103A700000202561009060790A287FF437AFE07953
:103A8000401CC0B2E0710328FFF430AF1BF012FEFF
:103A90000746394620691BF0F7FC08903946E06874
:103AA0001BF0F2FC06903946A0681BF0EDFC02907A
:103AB000394600981BF0E8FC07461AF0B9F880B3C5
:103AC0001AF064F902282DD3307848B13570039884
:103AD0000BF074FF07980BF071FF09980BF06EFF65
:103AE000DDE902100BF09DFFDDE906100BF099FFF8
:103AF000DDE908100BF095FF394603980BF091FFB4
:103B000009980BF071FF089003980BF06DFF02907D
:103B100007980BF069FF069003980BF065FF0746C6
:103B200002E0FFE701203070204601F00AFF38BBB9
:103B300008981BF00FFCCDE900011BA20621584696
:103B4000FCF7DAFC06981BF005FCCDE9000118A291
:103B500007215046FCF7D0FC02981BF0FBFBCDE997
:103B6000000113A207214846FCF7C6FC38461BF0AB
:103B7000F1FBCDE900010EA207214046FCF7BCFC99
:103B8000E571A560E5602561B0E600000000204118
:103B90000000C84200002440CDCCCCCCCCCCFC3FB3
:103BA0000000404000000C4325352E316600000027
:103BB00025362E3166000000105800201C570020CA
:103BC00010B5002819D00D4800F8452F0622427084
:103BD000052282701422C2700A0A02714171082102
:103BE00000F8421C0548453008F01CFE17F026FE80
:103BF000BDE81040122017F04DBE10BD4456002005
:103C000010B500281AD00E4800F8451F0621417053
:103C1000052181701521C170002101717921417147
:103C2000082100F8421C0648453008F0FBFD17F05B
:103C300005FEBDE81040132017F02CBE10BD00009B
:103C40004456002010B5002819D00D4800F8452F23
:103C500006224270052282701022C2700A0A027186
:103C60004171082100F8421C0548453008F0DAFD92
:103C700017F0E4FDBDE81040122017F00BBE10BD98
:103C80004456002070B50C4C0825294604F8450F11
:103C9000032060700520A0700020E07020710648AD
:103CA000657104F8425D453008F0BCFD2570BDE843
:103CB00070400C2017F0EEBD445600200C4810B5A3
:103CC00000F8451F03214170052181700021C1705A
:103CD00001710821417100F8421C0548453008F087
:103CE000A1FD17F0ABFDBDE81040082017F0D2BDD4
:103CF0004456002070B5002833D000230324052546
:103D0000184808224A2902D00A2910D01CE04A216A
:103D100080F8451080F8464080F84750C02180F870
:103D2000481080F84930102180F84A100CE00A2130
:103D300080F8451080F8464080F8475080F84830B9
:103D400080F8493080F84A20C27006481146453054
:103D500008F068FD17F072FDBDE87040022017F012
:103D600099BD70BD4456002010B5002816D00C48EF
:103D700000F8451F03214170052181700021C170A9
:103D800001710821417100F8421C0548453008F0D6
:103D900049FDBDE81040042017F07CBD10BD0000B7
:103DA000445600200D4810B500F8451F032141700E
:103DB000052181701021C170002101710121417123
:103DC000082100F8421C0548453008F02BFD17F08B
:103DD00035FDBDE810400A2017F05CBD44560020B8
:103DE00010B5002819D00D4800F8452F0622427062
:103DF000052282700722C2700A0A027141710821ED
:103E000000F8421C0548453008F00CFD17F016FD7F
:103E1000BDE81040122017F03DBD10BD44560020F3
:103E200010B500281FD001EB81004FF6FF7101EAA9
:103E300040010D4800F8452F06224270052282708D
:103E40008822C2700A0A02714171082100F8421CDE
:103E50000548453008F0E6FC17F0F0FCBDE81040DE
:103E60000B2017F017BD10BD4456002010B50028D8
:103E70001FD001EB81004FF6FF7101EA40010D48B0
:103E800000F8452F06224270052282708722C270F8
:103E90000A0A02714171082100F8421C05484530A8
:103EA00008F0C0FC17F0CAFCBDE810400B2017F06A
:103EB000F1BC10BD4456002070B517F05DFA744C8B
:103EC0000B2804F108056FD01FDC022850D004280D
:103ED00073D008286AD1A079042867D10BF026FD99
:103EE00013F06AF940795F2861D013F06BF9294625
:103EF0001AF0F4F913F060F940795F285AD013F002
:103F000061F9BDE8704001F078BE0C2815D0122888
:103F100073D013284AD1E0799C2847D1207A5128C0
:103F200044D10BF003FD13F0D5FF03283ED1BDE8CB
:103F30007040012102200FF069BDA079042835D11D
:103F40005F2001F0ABFA17F0D1F913F035F94079A1
:103F50005F280AD013F036F9294600F013F913F060
:103F60002BF9BDE8704000F0FFBA13F025F9F3E734
:103F7000A079042877D1E0790C2874D10BF0D6FC15
:103F800013F01AF940795F280BD013F01BF90C22BB
:103F900029461AF0B8F913F00FF9BDE8704000F0A7
:103FA000C1BA13F009F9F2E72BE006E05BE013F089
:103FB00003F99CE713F000F9A3E7A079042852D194
:103FC000E0791C284FD10BF0B1FC13F0F5F84079E3
:103FD0005F280FD013F0F6F8294600F0D3F813F05D
:103FE000EBF840795F2809D013F0ECF8BDE8704099
:103FF00001F0FCBD13F0E0F8EEE735E013F0DCF87B
:10400000F4E7A07910282ED1E0799C282BD10BF071
:104010008DFC13F05FFF41280FD008DC03280CD083
:1040200036280AD0382808D040281CD105E042287C
:1040300003D0432801D0442815D1012102200FF0DC
:10404000E5FC13F04DFF806812490069816013F0B0
:1040500047FF806810490069C16013F041FF806824
:1040600004210069417170BDE0799C28FBD10BF0FF
:104070005DFC13F02FFF35283FF459AF13F02AFFF2
:104080004C28F9D013F026FF3F28F5D070BD000072
:1040900044560020D3090208D70902081CB50C4673
:1040A000002832D0684608F09BF9DDE900010BF0EA
:1040B0001DFD164A5F2102F8451F102151709C21F9
:1040C00091706621D1700021117104215171082174
:1040D0009171010AD1711072010E5172000C90722F
:1040E000200AD0721473200E5073200C907307486E
:1040F000112102F8421C453008F094FB17F09EFB9A
:10410000BDE81C400B2017F0C5BB1CBD4456002069
:104110001CB50C46002832D0684608F061F9DDE98C
:1041200000010BF0E3FC164A5F2102F8451F102145
:1041300051709C2191706A21D1700021117104216C
:10414000517108219171010AD1711072010E5172E1
:10415000000C9072200AD0721473200E5073200C41
:1041600090730748112102F8421C453008F05AFBB1
:1041700017F064FBBDE81C400B2017F08BBB1CBD87
:10418000445600202DE9FE4F04007DD0487884F885
:104190007000087884F87100C87884F87200887814
:1041A00084F87300487904F8680F08796070C8795A
:1041B000A0708879E070487A2071087A6071C87AB6
:1041C000A071887AE071487B2073087B6073C87B9C
:1041D000A073887BE073487C2074087C6074C87C82
:1041E000A074887CE074487D2075087D6075C87D6A
:1041F000A075887DE075487E2076087E6076C87E52
:10420000A076887EE076683C19F0FCFDA8B1A06E2F
:104210001BF0A0F86B4A6C4B1AF072FE00226B4B3D
:104220001AF05AFB1AF026FB6949A066884203DCA3
:104230004FF08441884200DAA166207804F12A0711
:10424000410704F1300604F1370526D520F00400BB
:104250002070206F6061A06E1BF07CF8CDE900013A
:104260005CA206213846FCF747F9E06E1BF072F8B5
:10427000CDE9000159A207213046FCF73DF9206F36
:104280001BF068F855A200E005E0CDE90001072128
:104290002846FCF731F9BDE8FE8F216FA0681BF0BE
:1042A00085F8A060E16EE0681BF080F8E060A16E28
:1042B00020691BF07BF82061204600F0A7FA206FF0
:1042C0006061E079401CC0B2E0710328E3D31BF0C9
:1042D000F1F98046414620691BF0D6F8029041462C
:1042E000E0681BF0D1F883464146A0681BF0CCF88B
:1042F000824619F09DFCDFF8EC904FF0000890B377
:1043000019F044FD02282FD399F8001004F19C0005
:1043100001904A460C3804F1A809009051B182F886
:10432000008000980BF04AFB01980BF047FB4846D1
:104330000BF044FB514600980BF073FB5946019873
:104340000BF06FFB484602990BF06BFB48460BF0F5
:104350004BFB029000980BF047FB824601980BF054
:1043600043FB834603E0FFE7012189F80010204664
:1043700001F0E7FAE8B902981AF0ECFFCDE9000184
:1043800014A206213846FCF7B7F858461AF0E2FFA7
:10439000CDE9000111A207213046FCF7ADF85046E7
:1043A0001AF0D8FFCDE900010CA207212846FCF73E
:1043B000A3F884F80780C4F80880C4F80C80C4F817
:1043C000108068E7CDCCCCCCCCCCFC3F000040408A
:1043D00000000C4325352E326600000025362E32B3
:1043E000660000001058002010B500281BD00E48B1
:1043F0005F2100F8451F062141709C2181705321E7
:10440000C1700021017101214171082100F8421C95
:104410000548453008F006FA17F010FABDE81040DC
:10442000122017F037BA10BD4456002010B50028EE
:104430001BD00E485F2100F8451F062141709C21CA
:1044400081705121C1700021017101214171082148
:1044500000F8421C0548453008F0E4F917F0EEF981
:10446000BDE81040132017F015BA10BD44560020C7
:104470001CB50C46002832D0684607F0B1FFDDE9D4
:1044800000010BF033FB164A5F2102F8451F102193
:1044900051709C2191706E21D17000211171042105
:1044A000517108219171010AD1711072010E51727E
:1044B000000C9072200AD0721473200E5073200CDE
:1044C00090730748112102F8421C453008F0AAF900
:1044D00017F0B4F9BDE81C400B2017F0DBB91CBD88
:1044E0004456002070B50E4C5F20082504F8450F97
:1044F000042060707520A0706920E0700020207199
:1045000006206071064804F8425C2946453008F0F0
:1045100089F904F8425CBDE870400C2017F0BAB984
:104520004456002010B500281BD00E485F2100F82B
:10453000451F04214170752181704421C170002103
:10454000017102214171082100F8421C05484530E3
:1045500008F068F917F072F9BDE81040082017F06C
:1045600099B910BD4456002010B500281BD00E4844
:104570005F2100F8451F04214170752181703021B1
:10458000C1700021017106214171082100F8421C0F
:104590000548453008F046F917F050F9BDE81040DD
:1045A000022017F077B910BD4456002010B500283E
:1045B00019D00D485F2100F8451F04214170752175
:1045C00081706921C170002101710E2141710821A2
:1045D00000F8421C0448453008F024F9BDE81040BA
:1045E000042017F057B910BD445600201CB50C46E6
:1045F000002832D0684607F0F3FEDDE900010BF039
:1046000075FA164A5F2102F8451F102151709C214E
:1046100091707221D1700021117104215171082112
:104620009171010AD1711072010E5172000C9072D9
:10463000200AD0721473200E5073200C9073074818
:10464000112102F8421C453008F0ECF817F0F6F89A
:10465000BDE81C400B2017F01DB91CBD44560020BE
:104660001CB50C46002832D0684607F0B9FEDDE9DB
:1046700000010BF03BFA164A5F2102F8451F10219A
:1046800051709C2191706021D17000211171042121
:10469000517108219171010AD1711072010E51728C
:1046A000000C9072200AD0721473200E5073200CEC
:1046B00090730748112102F8421C453008F0B2F807
:1046C00017F0BCF8BDE81C40122017F0E3B81CBD81
:1046D000445600201CB50C46002832D0684607F02E
:1046E0007FFEDDE900010BF001FA164A5F2102F8B6
:1046F000451F102151709C2191707621D1700021AD
:1047000011710421517108219171010AD171107246
:10471000010E5172000C9072200AD0721473200E98
:104720005073200C90730748112102F8421C453049
:1047300008F078F817F082F8BDE81C400B2017F05D
:10474000A9B81CBD445600201CB500282BD06846D3
:1047500007F046FEDDE900010BF0C8F9124A5F21BF
:1047600002F8451F102151709C2191706421D17075
:10477000002111710221517104219171010AD1713D
:104780001072010E5172000C907207480D2102F850
:10479000421C453008F046F817F050F8BDE81C40C0
:1047A000122017F077B81CBD4456002030B50346E0
:1047B0004FF6FF704AF201040CE013F8012B504051
:1047C0000022C50702D084EA500000E04008521CD5
:1047D000082AF6D3491E89B2EFD230BD30B505465E
:1047E0000C46881E81B22846FFF7E0FF2919C3B2A4
:1047F00011F8022C9A4206D111F8011CB1EB102FCE
:1048000001D1012030BD002030BD00002DE9F0476E
:10481000002504462F4613F05DFBDFF8CC923628C6
:1048200074D013F057FB372870D013F053FB3C289B
:104830006CD013F04FFB3D2868D013F04BFB3E28A3
:1048400064D013F047FB4D2860D013F043FB4E2893
:104850005CD013F03FFB4F2858D013F03BFB54289B
:1048600054D013F037FB502850D013F033FB3A28C4
:104870004CD013F02FFB3B2848D013F02BFB4528DE
:1048800044D013F027FB4A2840D013F023FB4628DE
:104890003CD013F01FFB472838D013F01BFB4B28EC
:1048A00034D013F017FB482830D013F013FB3F2807
:1048B0002CD013F00FFB402828D013F00BFB41281D
:1048C00024D013F007FB422820D013F003FB432829
:1048D0001CD013F0FFFA442818D013F0FBFA51282B
:1048E00014D013F0F7FA522810D013F0F3FA53282B
:1048F0000CD016F03BFD7D4E0C2825D2DFE800F0F1
:10490000161D3E454C535A616870777E0AF05EFE74
:104910004946D9F8040001F014F8002804D048688A
:10492000017821F008010170BDE8F08719F042F824
:1049300056F8205019F086F805E019F065F856F899
:10494000205019F0A9F807464FF00008012FEBD1CD
:104950006169206F1AF0FEFF1AF0FCFC0022064687
:104960000F4613461AF0CAFB414658D82171A07869
:10497000A8B36078401C6070A17059E019F03EF84F
:1049800056F8205019F082F8DDE719F025F856F8AE
:10499000205019F069F8D6E719F012F856F82050AF
:1049A00019F056F8CFE719F023F856F8205019F00F
:1049B00067F8C8E719F016F856F8205019F05AF8B9
:1049C000C1E719F003F856F8205019F047F8BAE794
:1049D00018F0DEFF56F8205019F022F8B3E714E083
:1049E00018F0E2FF56F8205019F026F8ABE718F05F
:1049F000C9FF56F8205019F00DF8A4E718F0CEFFC3
:104A000056F8205019F012F89DE7E078401CC0B22B
:104A1000E0700328B0D36170E1702171ACE7E17000
:104A2000A078012816D06078401C60700120A0702A
:104A300028461AF08FFC02460B46304627F000410C
:104A40001AF05CFB10D884F8018084F8038084F8A5
:104A5000048069E72079401CC0B220710328E5D3A7
:104A60006170E1702171E1E760780328F1D384F887
:104A7000018019F025F988B3207800072ED4D9F8E1
:104A8000040061794D464079884204D116F06EFCED
:104A900014F0EEFE1EE0144E083606F108077068AA
:104AA00042798A420AD168603078287016F05EFC3C
:104AB00014F0DEFE7868686038780AE0786868602C
:104AC0003878287016F052FC14F0D2FE70686860D6
:104AD00030782870012108460EF098FF207840F0C9
:104AE0000800207020E7000014580020541B020822
:104AF00070B516F041FC7F4C801E04F108051228A9
:104B00006FD2DFE800F01AD672D691D636D6D6AC80
:104B100009D651D6D6D6D7E5A079042861D1602030
:104B200000F0BCFC16F0E2FB73490020087012F0A4
:104B300043FBBDE8704000F027BBA079042850D1AA
:104B4000E0790C284DD10AF0F1FE12F035FB4079E6
:104B500060280BD012F036FB0C22294619F0D3FB4B
:104B600012F02AFBBDE8704000F0ECBA12F024FB12
:104B7000F2E7A079042834D1E079022831D10AF093
:104B8000D5FE12F019FB407960280AD012F01AFB0A
:104B9000294619F0A3FB12F00FFBBDE8704000F0AE
:104BA00093BA12F009FBF3E7A079032819D10AF0B0
:104BB000BDFE12F001FB407960280FD012F002FB1D
:104BC000294600F09FF812F0F7FA4079602809D0E2
:104BD00012F0F8FABDE8704001F00FB812F0ECFAEC
:104BE000EEE766E012F0E8FAF4E7A079042860D175
:104BF000E07908285DD10AF099FE12F0DDFA4079DB
:104C0000602805D012F0DEFA294600F083F81DE096
:104C100012F0D2FAF8E712F0CFFA01E012F0D2FA6D
:104C2000BDE8704000F0E2BFA079042841D1E079EE
:104C300004283ED10AF07AFE12F0BEFA40796028CC
:104C40000AD012F0BFFA294600F0ACF912F0B4FA1B
:104C500040796028E2D1DEE712F0AEFAF3E7A079FE
:104C6000102826D1E0799C2823D10AF05FFE13F0AA
:104C700031F9502801D054281BD1012102200EF017
:104C8000C5FE13F02DF980681C49006900690069B0
:104C9000816013F025F9806819490069006900698D
:104CA000C16013F01DF98068042100690069006982
:104CB000417170BDE0799C28FBD10AF037FE13F0FA
:104CC00009F9352810D013F005F928280CD070BD4B
:104CD000E0799C28FBD1207A5128F8D10AF026FEF1
:104CE00013F0F8F80328F2D1BDE87040012102204A
:104CF0000EF08CBE4456002028550020D30902082F
:104D0000D7090208002804D04A7800F8662F0978ED
:104D1000417070472DE9F04F85B004006DD04878A0
:104D200084F87000087884F87100C87884F87200FC
:104D3000887884F87300487984F86800087984F8E2
:104D40006900C87984F86A00887984F86B000026C5
:104D5000E66619F057F8A8B1A06E1AF0FBFA844A7B
:104D6000844B1AF0CDF80022834B19F0B5FD19F0F1
:104D700081FD8249A066884203DC4FF0844188426D
:104D800000DAA1662078DFF8F8A104F137014207C4
:104D900004F12A0804F13007CAF1000B04913FD551
:104DA00020F004002070206F6061A06E1AF0D2FA2B
:104DB000CDE9000173A206214046FBF79DFBE06EA2
:104DC0001AF0C8FACDE900016EA207213846FBF7B8
:104DD00093FB206F10F1FF4F01D2504504DB00EB35
:104DE0000B01B1F1D47F0BD21AF0B4FACDE9000176
:104DF00066A207210498FBF77FFB05B0BDE8F08FA2
:104E00006449421864498A42F7D21AF01BFC0346EF
:104E1000049805B061A2BDE8F04F0721FBF76CBB19
:104E2000216FA0681AF0C2FAA060E16EE0681AF083
:104E3000BDFAE060A16E20691AF0B8FA2061204640
:104E4000FFF7E4FC206F6061E079401CC0B2E071C4
:104E50000328D2D31AF02EFC0546294620691AF001
:104E600013FB01902946E0681AF00EFB02902946D8
:104E7000A0681AF009FB054618F0E0FEDFF8209163
:104E800088B318F089FF02282ED399F8001004F196
:104E90009C0003904A460C3804F1A809009049B1DF
:104EA000167000980AF08AFD03980AF087FD4846BC
:104EB0000AF084FD294600980AF0B3FDDDE90210EE
:104EC0000AF0AFFD484601990AF0ABFD48460AF0EA
:104ED0008BFD019000980AF087FD054603980AF0C3
:104EE00083FD029003E0FFE7012189F800102046CE
:104EF00000F027FD38BB01981AF02CFACDE900012B
:104F000020A206214046FBF7F7FA02981AF022FA8F
:104F1000CDE900011BA207213846FBF7EDFA15F198
:104F2000FF4F01D2554504DB05EB0B00B0F1D47FF8
:104F30000AD228461AF00EFACDE9000113A2072181
:104F40000498FBF7D9FA0DE012482918124881425B
:104F500008D228461AF076FB034610A207210498CF
:104F6000FBF7CAFAE671A660E660266145E7000035
:104F7000CDCCCCCCCCCCFC3F0000404000000C435E
:104F80000000204125352E326600000025352E31E7
:104F900066000000000038BD00A044032535640011
:104FA000105800201CB5040019D0487884F874000B
:104FB000087884F87500C87884F87600887884F8D2
:104FC00077000749606F1AF0BDFB1AF0C3F9CDE90D
:104FD000000104A2082104F14600FBF78DFA1CBD74
:104FE00000007A4425352E326600000010B50028F6
:104FF0001BD00E48602100F8451F062141709C21FE
:1050000081705121C170002101710121417108217C
:1050100000F8421C0548453007F004FC16F00EFC71
:10502000BDE81040132016F035BC10BD44560020DA
:105030007CB50C46050044D0684607F0D1F9DDE99F
:1050400000010AF053FD1F4A6023102182F8453009
:1050500082F84610B5F866109C25B1F5807F2BD0FC
:10506000A1F57063FF3B04D182F84750682182F8B4
:105070004810002102F8491F042151700821917045
:10508000010AD1701071010E5171000C9071200A4B
:10509000D0711472200E5072200C907209481121A8
:1050A00002F8461C453007F0BDFB16F0C7FBBDE813
:1050B0007C400B2016F0EEBB82F8475082F8483057
:1050C000D7E77CBD4456002010B500281BD00E4801
:1050D000602100F8451F032141709C2181704E2101
:1050E000C1700021017101214171082100F8421CA9
:1050F0000548453007F096FB16F0A0FBBDE81040D0
:105100000E2016F0C7BB10BD445600200C4810B549
:10511000602100F8451F04214170752282706922C8
:10512000C270002202714171082100F8421C04483B
:10513000453007F077FBBDE810400C2016F0AABB05
:105140004456002010B500281BD00E48602100F8FE
:10515000451F04214170752181704521C1700021D6
:10516000017101214171082100F8421C05484530B8
:1051700007F058FB16F062FBBDE81040082016F05F
:1051800089BB10BD4456002010B500281BD00E4826
:10519000602100F8451F0421417075218170302184
:1051A000C1700021017106214171082100F8421CE3
:1051B0000548453007F036FB16F040FBBDE81040CF
:1051C000022016F067BB10BD4456002010B5002821
:1051D00018D00D486021752200F8451F0421417048
:1051E00082706922C270002202714171082100F8A8
:1051F000421C0548453007F015FBBDE8104004206F
:1052000016F048BB10BD00004456002010B5002821
:1052100019D00D48602100F8451F04214170752107
:1052200081707821C1700021017102214171082132
:1052300000F8421C0448453007F0F4FABDE810407D
:10524000062016F027BB10BD4456002010B50028DC
:105250001AD00E48602200F8452F062242709C2288
:1052600082704E22C2700A0A02714171082100F850
:10527000421C0648453007F0D5FA16F0DFFABDE8C3
:105280001040122016F006BB10BD0000445600204E
:105290007CB50C46050043D0684607F0A1F8DDE96F
:1052A00000010AF023FC1F4A60219C2382F845106C
:1052B000102182F84610B5F86610B1F5807F2BD02A
:1052C000A1F57065FF3D04D182F847306C2182F86A
:1052D0004810002102F8491F0421517008219170E3
:1052E000010AD1701071010E5171000C9071200AE9
:1052F000D0711472200E5072200C90720948112146
:1053000002F8461C453007F08DFA16F097FABDE812
:105310007C400B2016F0BEBA82F847306421D6E7F5
:105320007CBD00004456002010B5002827D0144A48
:1053300040F8681F602102F8451F102151709C2120
:1053400091705721D17000211171022151710421F6
:1053500091714178D17101781172C1785172807860
:10536000907207480D2102F8421C453007F05AFAA6
:1053700016F064FABDE81040122016F08BBA10BD8A
:10538000445600204FF461710148FBF72EBA00002B
:105390002A78002010B50E4C6421207820F00700F8
:1053A000207004F12800FBF742FA0020C4F8050041
:1053B000C4F80900A4F80D00E07320616061A061E9
:1053C000A4F80300E06120626062A4F8010010BD4F
:1053D000205700200248002101614161816170472E
:1053E0002057002064210148FBF721BA48570020CC
:1053F00002480021C16101624162704720570020CC
:10540000014812F04FBD0000A05500200D48A0F14A
:105410008402C168D161002905D00878430703D50B
:1054200040F0010008707047D0690069D0610378CE
:105430005B0704D5017841F001010170704781429A
:10544000F2D17047A0550020014803F018B90000C0
:10545000945A0020014803F012B900000C5A0020B1
:10546000014803F00CB90000505A002030B590F804
:10547000404004F01C050124AC40C56B6C6004681E
:1054800063604368102B036803D099600068C260B2
:1054900030BD9A600068C16030BD00002DE9F04168
:1054A00006460C25BC20FAF7FDFE04007CD0002740
:1054B000C4F8907004F18000C4F89470C4F8987037
:1054C000C761076247628762C7620763212E31D0D6
:1054D00012DC30461C2E68D2DFE806F06749A6676A
:1054E00068682C2C89C388498967676767C367A682
:1054F0006767672C676767885B2E57D010DC342E90
:1055000071D006DC222E6FD0242E6ED0252E4CD1E9
:10551000E1E04A2E6AD0512E0CD05A2EF7D109E084
:10552000A6F15C000828D6D2DFE800F0217EB86042
:10553000F33FF2F33346CBA2062104F12200FAF73F
:10554000DBFF002518F080FB00282ED018F02AFC85
:10555000014604F190000AF051FA18F023FC0146CC
:1055600004F19C000AF04AFA18F01CFC44E13346AE
:10557000BEA2062104F12200FAF7BEFF012518F0B1
:105580008DFB0028E1D018F037FC014604F19000B3
:105590000AF034FA18F030FC014604F19C000AF0DD
:1055A0002DFA18F029FC27E153E119E13346B1A2A5
:1055B000072104F12200FAF79FFF022518F068FB8B
:1055C0000028C2D018F012FC014604F190000AF045
:1055D00015FA18F00BFC014604F19C000AF00EFAD3
:1055E00018F004FC08E11FE058E093E0E7E0034610
:1055F000A3A2062104F12200FAF77EFF032518F08A
:1056000035FB0028A1D018F0DFFB014604F1900023
:105610000AF0F4F918F0D8FB014604F19C000AF0F6
:10562000EDF918F0D1FBE7E0334698A2072104F129
:105630002200FAF761FF042518F00CFB002884D043
:1056400018F0B6FB014604F190000AF0D7F918F003
:10565000AFFB014604F19C000AF0D0F918F0A8FB5A
:10566000CAE003468BA2072104F12200FAF744FFA7
:10567000052518F007FB002884D018F0B1FB01467F
:1056800004F190000AF0BAF918F0AAFB014604F1FF
:105690009C000AF0B3F918F0A3FBADE0334680A2FA
:1056A000082104F12200FAF727FF062518F0E4FA92
:1056B000002886D018F08EFB014604F190000AF015
:1056C0009DF918F087FB014604F19C000AF096F959
:1056D00018F080FB90E0334674A2052104F122000B
:1056E000FAF70AFF072518F0BBFA002878D018F05F
:1056F00065FB014604F190000AF080F918F05EFBAA
:10570000014604F19C000AF079F918F057FB73E0A8
:1057100039E01CE0334667A2062104F12200FAF7C3
:10572000EBFE082518F07EFA00286AD018F028FB56
:10573000014604F190000AF061F918F021FB0146DE
:1057400004F19C000AF05AF918F01AFB54E03346B1
:105750005BA2072104F12200FAF7CEFE092518F01A
:105760006DFAE8B318F018FB014604F190000AF056
:1057700045F918F011FB014604F19C000AF03EF9CE
:1057800018F00AFB38E0334650A2072104F122004A
:10579000FAF7B2FE0A2518F03FFA08B318F0EAFA51
:1057A000014604F190000AF029F918F0E3FA0146E5
:1057B00004F19C000AF022F918F0DCFA1CE03346F0
:1057C00045A2072104F12200FAF796FE0B2518F0F6
:1057D0002FFA28B118F0DAFA014604F1900000E03F
:1057E0000FE00AF00BF918F0D1FA014604F19C0021
:1057F0000AF004F918F0CAFA014604F1A8000AF008
:10580000FDF884F861702078314620F00B0040F0FC
:105810000400207066712767E7662046A76601F0DE
:10582000DFF9204601F0FCF9202084F82A0030201E
:1058300084F82B002E2184F82C1084F82D0084F895
:105840002E00284884F82F70416821B11030446040
:105850000570BDE8F081234908314C6044600D704B
:10586000F6E70000444F20253032640070482025C0
:10587000303264005475722025303264000000001C
:1058800046434C202530326400000000454320256B
:10589000303264004F525020253032640000000046
:1058A0004E48334E2025303264000000462D20251E
:1058B00030326400434C2D2025303264000000005B
:1058C00043686C202530326400000000426761208C
:1058D0002530326400000000434F442025303264FC
:1058E00000000000145800200248002141600C21F3
:1058F000017070471C5800200248002141600C21B3
:10590000017070472458002000224FF07E5100F0B3
:1059100062BC00000248002141600C210170704708
:105920001458002008687047D0F880007047C06E97
:105930007047006F70470078C0F340007047C06F39
:1059400070470078C0F3C0007047000070B515F0D4
:1059500013FDA34C142804F1080571D2DFE800F010
:1059600070A61870B2707070357050D50A7074F9E6
:105970008FF8F7F6A079032862D15120FFF78EFD4A
:1059800015F0B4FC11F018FCBDE8704000F0A8BBA5
:10599000A079032854D1E0790E2851D109F0C6FF2F
:1059A00011F00AFC407951280CD011F00BFC8C4905
:1059B0000C22093100F064F911F0FEFBBDE87040E3
:1059C00000F06CBB11F0F8FBF1E7A079032837D1A8
:1059D000E079042834D109F0A9FF11F0EDFB4079FA
:1059E00051280AD011F0EEFB294600F030F911F0F1
:1059F000E3FBBDE8704000F0F1BA11F0DDFBF3E726
:105A0000A07903281CD1E079082819D109F08EFF6C
:105A100011F0D2FB407951280FD011F0D3FB294669
:105A200000F0F2F811F0C8FB4079512809D011F0CC
:105A3000C9FBBDE8704000F0E0B811F0BDFBEEE737
:105A400083E011F0B9FBF4E7A07903287DD1E07978
:105A500004287AD109F06AFF11F0AEFB4079512891
:105A60000AD011F0AFFB294600F022F911F0A4FB97
:105A7000BDE8704000F0F0BA11F09EFBF3E7A079AA
:105A8000032873D1E079042870D109F04FFF11F099
:105A900093FB4079512806D011F094FB2946BDE8CC
:105AA000704000F0C8B811F087FBF7E7E0793028C4
:105AB0005CD109F03BFF11F07FFB847911F07CFB96
:105AC000447187E0A079032850D1E0790C284DD1AA
:105AD00009F02CFF11F070FB407951280FD011F024
:105AE00071FB294600F05CF911F066FB4079512802
:105AF00008D011F067FBBDE8704000F077B811F0F6
:105B00005BFBEEE711F058FBF5E7A07910282DD1EB
:105B1000E07911282AD109F009FF12F0DBF90328F6
:105B200004D0362806D0382820D103E001210220F5
:105B30000DF06CFF012102200DF068FF12F0D0F98A
:105B4000806828490069816004E00FE036E00EE0DB
:105B50001AE026E012F0C4F9806823490069C160A8
:105B600012F0BEF9806804210069417170BDA0790E
:105B70001028FBD1E0797628F8D109F0D7FE12F091
:105B8000A9F9352826D070BDA0791028FBD1E0797D
:105B90002428F8D109F0CAFE12F09CF9112819D076
:105BA00070BDA0791028FBD1E0791528F8D109F053
:105BB000BDFE12F08FF912280CD070BDE0790028DC
:105BC000FBD1607AFC28F8D109F0B0FE12F082F91E
:105BD0000328F2D1BDE87040012102200DF016BF6C
:105BE00044560020D3090208D7090208002803D030
:105BF000017841F0020101707047002803D001785C
:105C000041F001010170704710B5002812D0002248
:105C100084188B5C521CD2B284F87C30042AF7D3EF
:105C20000022091D84188B5C521CD2B284F880308B
:105C3000042AF7D310BD002808D00A7800F8882F6E
:105C40004A7842708A788270C978C170704710B5FE
:105C5000002814D00A782E2430328277C4774A780C
:105C6000303280F82020002280F821208B783033D9
:105C700000F81A3F4470C97830318170C27010BD8D
:105C800030B5002813D0002305E0CC5CC5185B1CA0
:105C900085F85540DBB29342F7D390F85510482968
:105CA00005D190F85610462901D10121017630BD69
:105CB000002808D00A7800F8842F4A7842708A7841
:105CC0008270C978C1707047017841F00801017095
:105CD0007047017821F00801017070472DE9F0410B
:105CE0000746046817F03CFE19F034FB05460E46E3
:105CF00008F0BAF92A46334618F0EEFD18F0BAFD5E
:105D0000054618F031F806463868002840D020785B
:105D1000204FC0073CD02846D4F8881019F01AFE4E
:105D200020F000401C4919F0D9FD02D815F0EEFA18
:105D3000C8B13046D4F8841019F00CFE20F00040B1
:105D4000164919F0CBFD23D815F0E0FA00281FD131
:105D500078684179512916D05A2919D13146BDE8C0
:105D6000F04100F0AFBE78684179512906D05A2938
:105D70000ED12946BDE8F04100F076BE2946BDE8C7
:105D8000F04100F061BA3146BDE8F04100F08ABA56
:105D9000BDE8F081145800209A99993EBD378635A8
:105DA0002DE9FF5F040067D000202318401C11F884
:105DB000012BC0B283F868200428F6D300202318F2
:105DC000401C11F8012BC0B283F86C200428F6D3D4
:105DD00000202318401C11F8012BC0B283F870205A
:105DE0000428F6D318F00EF8A8B1A06E19F0B2FA94
:105DF0006F4A704B19F084F800226F4B18F06CFD5D
:105E000018F038FD6D49A066884203DC4FF08441EC
:105E1000884200DAA1662078694E420704F12A0917
:105E200004F1300804F1370528D520F00400207073
:105E3000206F6061A06E19F08DFACDE9000161A2BA
:105E400006214846FAF758FBE06E19F083FA002263
:105E5000334619F055F8CDE900015CA20721404610
:105E6000FAF74AFB206F19F075FACDE9000157A245
:105E700007212846FAF740FBBDE8FF9F216FA06885
:105E800019F094FAA060E06E19F064FA002233462B
:105E900019F036F806460F46E06819F05BFA32460C
:105EA0003B4618F019FD18F0E5FCE060A16E206992
:105EB00019F07CFA20612046FEF7A8FC206F606193
:105EC000E079401CC0B2E0710328D5D319F0F2FB91
:105ED00006463146206919F0D7FA83463146E06814
:105EE00019F0D2FA82463146A06819F0CDFA029034
:105EF00017F0AAFE374F002678B317F053FF022899
:105F00002CD3397804F19C0001900C3803901830A0
:105F1000009049B13E70039809F050FD019809F0D6
:105F20004DFD009809F04AFDDDE9021009F079FD08
:105F30005146019809F075FD5946009809F071FD28
:105F4000009809F051FD8346039809F04DFD029039
:105F5000019809F049FD824602E0FFE70120387010
:105F60002078C0F3C000E8B9584619F0F3F9CDE93C
:105F7000000114A206214846FAF7BEFA504619F06D
:105F8000E9F9CDE9000111A207214046FAF7B4FA78
:105F9000029819F0DFF9CDE900010CA2072128468B
:105FA000FAF7AAFAE671A660E660266164E70000E7
:105FB000CDCCCCCCCCCCFC3F0000404000000C430E
:105FC0000000594025352E316600000025362E325E
:105FD00066000000105800200120704710B500280E
:105FE0001AD00E48512100F8451F0321417011219C
:105FF00081700021C170017104214171082100F8F4
:10600000421C0648453006F00DFC15F017FCBDE8B3
:1060100010400A2015F03EBC10BD00004456002080
:106020000C4810B5512100F8451F0321417026216D
:1060300081700021C170017106214171082100F8B1
:10604000421C0448453006F0EDFBBDE810400C2032
:1060500015F020BC4456002010B500281AD00E4878
:10606000512100F8451F0321417024218170002136
:10607000C170017102214171082100F8421C0648DB
:10608000453006F0CFFB15F0D9FBBDE810401020DD
:1060900015F000BC10BD00004456002010B50028CB
:1060A0001AD00E48512100F8451F032141700721E5
:1060B00081700021C170017102214171082100F835
:1060C000421C0648453006F0ADFB15F0B7FBBDE8B5
:1060D0001040082015F0DEBB10BD00004456002023
:1060E00010B500281AD00E48512100F8451F032191
:1060F0004170092181700021C17001710721417136
:10610000082100F8421C0648453006F08BFB15F0CC
:1061100095FBBDE81040022015F0BCBB10BD00008F
:106120004456002010B5002818D00D48512100F821
:10613000451F03214170262181700021C17001712A
:1061400006214171082100F8421C0548453006F03F
:1061500069FBBDE81040042015F09CBB10BD000099
:106160004456002070B50C4605002ED020090A28A0
:1061700001D3373000E0303004F00F0285F82500FD
:106180000A2A01D3373200E0303285F826200F4A40
:106190005120012102F8450F1020507030209070DE
:1061A0000020D0701071517102219171D471107260
:1061B00006480B2102F8421C453006F033FB15F06F
:1061C0003DFB012015F066FBAC7170BD445600200C
:1061D000C16700F005B8C0E91F1200F001B8000067
:1061E00010B500282CD0174A5121002302F8451F72
:1061F0001021517011219170D370137104235371C8
:106200000823937110F87C3FD3714378137283781D
:106210005372C37893720379D3724379137383797A
:106220005373C0799073074802F8421C453006F05A
:10623000F9FA15F003FBBDE810400B2015F02ABB5E
:1062400010BD00004456002010B5002826D0144A86
:1062500040F8881F512102F8451F10215170242158
:1062600091700021D170117102215171042191713D
:106270000178D1714178117281785172C078907231
:1062800007480D2102F8421C453006F0CBFA15F004
:10629000D5FABDE81040112015F0FCBA10BD000081
:1062A0004456002010B5002826D0144A40F8841F18
:1062B000512102F8451F10215170152191700021C4
:1062C000D170117102215171042191710178D17144
:1062D0004178117281785172C078907207480D210F
:1062E00002F8421C453006F09DFA15F0A7FABDE809
:1062F00010400F2015F0CEBA10BD0000445600200B
:1063000010B5002826D0144A40F8681F512102F821
:10631000451F10215170762191700021D1701171AB
:1063200002215171042191710178D171417811726A
:1063300081785172C078907207480D2102F8421C92
:10634000453006F06FFA15F079FABDE810401220DA
:1063500015F0A0BA10BD00004456002070B515F02D
:106360000BF89B4C801E04F10805122875D2DFE85B
:1063700000F01AF18CF1ABF136F1F1C609F159F5E3
:1063800075F4F6F2A079042867D15A20FFF786F851
:1063900014F0ACFF8F490020087010F00DFFBDE82D
:1063A000704000F01FBBA079042856D1E0790C287A
:1063B00053D109F0BBFA10F0FFFE40795A280BD0F8
:1063C00010F000FF0C22294617F09DFF10F0F4FE9C
:1063D000BDE8704000F0E4BA10F0EEFEF2E7A079FC
:1063E00004283AD1E079022837D109F09FFA10F059
:1063F000E3FE40795A280FD010F0E4FE294617F04A
:106400006DFF10F0D9FE40795A2808D010F0DAFE5E
:10641000BDE87040FFF7F1BB10F0CEFEEEE710F0E4
:10642000CBFEF5E7A079032817D1E079042814D131
:1064300009F07CFA10F0C0FE40795A280AD010F01A
:10644000C1FE294600F0D8F810F0B6FEBDE8704055
:1064500000F084BA10F0B0FEF3E77BE0A0790328E7
:1064600078D1E079042875D109F060FA10F0A4FE23
:1064700040795A2806D010F0A5FE2946BDE87040A4
:1064800000F0AEB810F098FEF7E7A079042861D1CB
:10649000E07908285ED109F049FA10F08DFE4079C4
:1064A0005A2805D010F08EFE294600F0B1F81DE004
:1064B00010F082FEF8E710F07FFE01E010F082FE9F
:1064C000BDE87040FFF792BBA079042842D1E07983
:1064D00004283FD109F02AFA10F06EFE40795A28BC
:1064E0000AD010F06FFE294600F09CF910F064FE0F
:1064F00040795A28E2D1DEE710F05EFEF3E7A0799A
:10650000102827D1E0799C2824D109F00FFA11F046
:10651000E1FC032804D0362806D038281AD103E03D
:10652000012102200DF072FA012102200DF06EFA15
:1065300011F0D6FC806828490069816011F0D0FC18
:10654000806826490069C16011F0CAFC8068016951
:106550000420487170BD29E001E00DE019E0A07948
:106560001028F7D1E0799C28F4D109F0DFF911F077
:10657000B1FC352826D0EDE7A0791028EAD1E079E2
:106580009C28E7D109F0D2F911F0A4FC112819D008
:10659000E0E7A0791028DDD1E0799C28DAD109F074
:1065A000C5F911F097FC12280CD0D3E7E0799C28AC
:1065B000D0D1207A5128CDD109F0B8F911F08AFC58
:1065C0000328C7D1BDE87040012102200DF01EBA9A
:1065D0004456002028550020D3090208D709020894
:1065E000002808D04A7800F8882F0A784270CA78C4
:1065F00082708978C1707047002808D04A7800F806
:10660000842F0A784270CA7882708978C170704786
:106610002DE9FE4F04005CD0487884F870000878BB
:1066200084F87100C87884F87200887884F8730060
:10663000487984F86800087984F86900C87984F892
:106640006A00887984F86B0017F0DCFBA8B1A06EB3
:1066500018F080FE6A4A6B4B18F052FC00226A4B1D
:1066600018F03AF918F006F96849A066884203DC88
:106670004FF08441884200DAA166207804F12A07AD
:10668000410704F1300604F1370524D520F0040059
:106690002070206F6061A06E18F05CFECDE90001F3
:1066A0005BA206213846F9F727FFE06E18F052FE8C
:1066B000CDE9000158A207213046F9F71DFF206FF0
:1066C00018F048FECDE9000153A207212846F9F74A
:1066D00013FFBDE8FE8F216FA06818F067FEA06071
:1066E000E16EE06818F062FEE060A16E206918F0CB
:1066F0005DFE20612046FEF789F8206F6061E07939
:10670000401CC0B2E0710328E3D318F0D3FF8046E9
:106710004146206918F0B8FE02904146E06818F042
:10672000B3FE83464146A06818F0AEFE824617F0DD
:106730008BFADFF8EC904FF0000890B317F032FBC3
:1067400002282FD399F8001004F19C0001904A46CA
:106750000C3804F1A809009051B182F8008000982B
:1067600009F02CF9019809F029F9484609F026F9B1
:106770005146009809F055F95946019809F051F928
:106780004846029909F04DF9484609F02DF9029062
:10679000009809F029F98246019809F025F9834605
:1067A00003E0FFE7012189F800102046FFF7C9F850
:1067B000E8B9029818F0CEFDCDE9000114A2062137
:1067C0003846F9F799FE584618F0C4FDCDE90001A6
:1067D00011A207213046F9F78FFE504618F0BAFD96
:1067E000CDE900010CA207212846F9F785FE84F8BF
:1067F0000780C4F80880C4F80C80C4F8108068E7EB
:10680000CDCCCCCCCCCCFC3F0000404000000C43B5
:1068100025352E326600000025362E326600000037
:1068200010580020002808D04A7800F86C2F0A7809
:106830004270CA7882708978C170704710B500289C
:106840001BD00E485A2100F8451F062141709C219B
:1068500081705121C1700021017101214171082114
:1068600000F8421C0548453005F0DCFF14F0E6FF57
:10687000BDE81040132015F00DB810BD445600209F
:106880001CB500282BD0684605F0AAFDDDE9000103
:1068900009F02CF9124A5A2102F8451F10215170B3
:1068A0009C2191707A21D1700021117102215171C6
:1068B00004219171010AD1711072010E5172000C04
:1068C000907207480D2102F8421C453005F0AAFFDE
:1068D00014F0B4FFBDE81C400B2014F0DBBF1CBD5E
:1068E0004456002010B5002819D00D485A2100F850
:1068F000451F04214170752181707721C1700021ED
:10690000017102214171082100F8421C0448453000
:1069100005F088FFBDE81040062014F0BBBF10BD95
:10692000445600200C4810B55A2100F8451F042198
:106930004170752282706922C27000220271417119
:10694000082100F8421C0448453005F06BFFBDE803
:1069500010400C2014F09EBF4456002010B50028B3
:106960001BD00E485A2100F8451F032141709C217D
:1069700081708621C17000210171022141710821BD
:1069800000F8421C0548453005F04CFF14F056FF56
:10699000BDE81040102014F07DBF10BD445600200B
:1069A00010B500281BD00E485A2100F8451F0421BD
:1069B0004170752181704521C17000210171012153
:1069C0004171082100F8421C0548453005F02AFFB6
:1069D00014F034FFBDE81040082014F05BBF10BD78
:1069E0004456002010B500281BD00E485A2100F84C
:1069F000451F04214170752181703021C170002133
:106A0000017106214171082100F8421C05484530FA
:106A100005F008FF14F012FFBDE81040022014F04A
:106A200039BF10BD4456002010B5002818D00D48BD
:106A30005A21752200F8451F042141708270692295
:106A4000C270002202714171082100F8421C054801
:106A5000453005F0E7FEBDE81040042014F01ABFF1
:106A600010BD00004456002010B5002827D0144A5D
:106A700040F8881F5A2102F8451F102151709C21AF
:106A800091708621D1700021117102215171042170
:106A900091714178D17101781172C1785172807809
:106AA000907207480D2102F8421C453005F0BAFEED
:106AB00014F0C4FEBDE81040112014F0EBBE10BD70
:106AC0004456002010B5002827D0144A40F8841FEF
:106AD0005A2102F8451F102151709C219170882184
:106AE000D1700021117102215171042191714178FD
:106AF000D17101781172C178517280789072074813
:106B00000D2102F8421C453005F08CFE14F096FE73
:106B1000BDE810400F2014F0BDBE10BD445600204B
:106B200010B5002827D0144A40F8681F5A2102F8EF
:106B3000451F102151709C2191708021D17000213E
:106B4000117102215171042191714178D171017843
:106B50001172C17851728078907207480D2102F845
:106B6000421C453005F05EFE14F068FEBDE81040A2
:106B7000122014F08FBE10BD445600201CB5002812
:106B80002BD0684605F02CFCDDE9000108F0AEFFD3
:106B9000124A5A2102F8451F102151709C21917010
:106BA0007821D1700021117102215171042191715C
:106BB000010AD1711072010E5172000C90720748D7
:106BC0000D2102F8421C453005F02CFE14F036FE73
:106BD000BDE81C400B2014F05DBE1CBD44560020D7
:106BE00030B5202380F84E3080F84F30302280F8C6
:106BF00050202E2580F8515080F8522080F85320E4
:106C0000002480F8544000F8373F602943708270B8
:106C1000C570027102D04271847130BD4471FBE7CE
:106C2000202100F8301F2E22417030218170C27067
:106C300001714171002181717047704770B514F086
:106C40009BFB704C0B2804F1080570D01EDC022859
:106C50004ED004286ED008286BD1A079032868D1C3
:106C600008F064FE10F0A8FA4079342859D010F0EA
:106C7000A9FA00F0CDF810F09FFA4079342853D0EB
:106C800010F0A0FABDE87040FEF7B7BF0C2811D095
:106C900012286FD013284CD1E079062849D1207AE8
:106CA000F42801D0F52844D108F040FE207AF428D9
:106CB0007DD097E0A07903283BD1E079142838D122
:106CC0003420FEF7EBFB14F011FB10F075FA40795D
:106CD00034280AD010F076FA294600F0D3F810F0E4
:106CE0006BFABDE8704000F027BB10F065FAF3E7DF
:106CF000A079032868D108F019FE10F05DFA4079F8
:106D000034280BD010F05EFA0C22294600F093F8DC
:106D100010F052FABDE8704000F0ECBA10F04CFAF6
:106D2000F2E710F049FAA4E710F046FAAAE725E0E6
:106D300000E049E0A079032846D1E079142843D146
:106D400008F0F4FD10F038FA407934280FD010F034
:106D500039FA294600F096F810F02EFA40793428D6
:106D600009D010F02FFABDE87040FEF73FBF10F0D9
:106D700023FAEEE729E010F01FFAF4E7A0791028D3
:106D800022D1E07906281FD108F0D0FD11F0A2F839
:106D9000502801D0542817D1012102200CF036FED2
:106DA00011F09EF8806818490069816000E016E0E3
:106DB00011F096F8806815490069C16011F090F8EB
:106DC000806804210069417170BDA0791028FBD151
:106DD00008F0ACFD11F07EF8352807D070BDA07A20
:106DE000302809D011F076F80328F7D1BDE87040BB
:106DF000012102200CF00ABE10F0DEF9BDE870405F
:106E000000F00EBA44560020D3090208D709020840
:106E100010B500280ED031232E2183773022C17780
:106E200080F82020002480F8214000F81A3F4170AB
:106E30008270C47010BD30B5002819D00AB100238B
:106E40001DE04C2100F8551F482141702D21817013
:106E50004421C17045210171322242713622827172
:106E60005F22C27101724321417220218172C1727D
:106E700030BDCC5CC5185B1C85F85540DBB2934235
:106E8000F7D330BD2DE9F04F85B004007ED04878AF
:106E900084F87000087884F87100C87884F872006B
:106EA000887884F87300487A84F86C00087A84F84B
:106EB0006D00C87A84F86E00887A84F86F00487B89
:106EC00084F87800087B84F87900C87B84F87A001D
:106ED000887B84F87B00487C84F86800087C84F810
:106EE0006900C87C84F86A00887C84F86B00A06F15
:106EF00018F030FACDE90001B4A2082104F13E00F7
:106F0000F9F7FAFA16F07EFFA8B1A06E18F022FA8F
:106F1000B04AB14B17F0F4FF0022B04B17F0DCFC85
:106F200017F0A8FCAE49A066884203DC4FF084410C
:106F3000884200DAA1662078DFF8A8A204F13701C0
:106F4000DFF8A4B2420704F12A0704F130060291E7
:106F500060D520F004002070206F6061A06E18F0F2
:106F6000F9F9CDE90001A1A206213846F9F7C4FAE2
:106F7000E06E18F0EFF9CDE9000194A20721304648
:106F8000F9F7BAFA206F504504DB00E01BE14FF43B
:106F90007A731FE0974900EB0B028A4206D218F081
:106FA000D9F90022944B17F053FD20E09349421881
:106FB00093498A4206D218F0CDF900228E4B17F081
:106FC00047FD1FE08F4942188F498A4208D218F0C6
:106FD00039FB03468DA207210298F9F78DFAEDE0FF
:106FE0008B490144B1F1D97F03D218F0B3F97FA2E4
:106FF00009E010F1FF4FF2D2854949428842EEDAAA
:1070000018F0A8F983A2CDE9000107210298F9F749
:1070100073FAD3E0216FA06818F0C8F9A060E16EA0
:10702000E06818F0C3F9E060A16E206918F0BEF9BD
:1070300020612046FDF7EAFB206F6061E079401C8B
:10704000C0B2E0710328CAD318F034FB05462946C4
:10705000206918F019FA01902946E06818F014FA2E
:1070600003902946A06818F00FFA054616F0F2FDC5
:10707000DFF8A8914FF0000890B316F099FE0228AF
:107080002FD399F8001004F19C0004904A460C3864
:1070900004F1A809009051B182F80080009808F02E
:1070A0008DFC049808F08AFC484608F087FC2946C5
:1070B000009808F0B6FCDDE9031008F0B2FC484681
:1070C000019908F0AEFC484608F08EFC019000984B
:1070D00008F08AFC0546049808F086FC039003E05B
:1070E000FFE7012189F800102046FEF72AFC00285E
:1070F0005CD1019818F02EF9CDE900013BA20621E0
:107100003846F9F7F9F9039818F024F9CDE90001A8
:107110002EA207213046F9F7EFF9554502DB4FF46F
:107120007A7322E0334805EB0B01814207D22846EF
:1071300018F010F90022304B17F08AFC23E02F489A
:1071400029182F48814207D2284618F003F9002257
:10715000294B17F07DFC22E02A4829182A48814251
:1071600009D2284618F06EFA034628A20721029891
:10717000F9F7C2F91AE026482844B0F1D97F04D2C1
:10718000284618F0E7F819A20AE015F1FF4F0DD2D2
:107190001F484042854209DA284618F0DBF81DA254
:1071A000CDE9000107210298F9F7A6F984F80780D4
:1071B000C4F80880C4F80C80C4F8108005B0BDE89D
:1071C000F04F14F043BB05B0BDE8F08F25362E32EA
:1071D00066000000CDCCCCCCCCCCFC3F00004040C5
:1071E00000000C430024744900B03CB825352E3112
:1071F0006600000000D4B00100408F4000C0E3B939
:107200000010A701000086BB0040A20125356400E4
:10721000000038BD25352E326600000010580020D1
:1072200010B500281AD00E48342100F8451F062159
:1072300041708170F521C170002101717921417186
:10724000082100F8421C0648453005F0EBFA14F01E
:10725000F5FABDE81040132014F01CBB10BD00006F
:107260004456002010B5002824D01348342200F8DA
:10727000452F10224270062282702022C270002206
:10728000027102224271042282710A0AC2710172E1
:107290000A0E4272090C81720D2100F8421C064848
:1072A000453005F0BFFA14F0C9FABDE810400B20D4
:1072B00014F0F0BA10BD0000445600200C4810B580
:1072C000342100F8451F03214170062181700021FF
:1072D000C17001710A214171082100F8421C044863
:1072E000453005F09FFABDE810400C2014F0D2BAEA
:1072F0004456002010B500281BD00E48342100F859
:10730000451F0321417006218170D021C1700021E9
:1073100001710F214171082100F8421C05484530D8
:1073200005F080FA14F08AFABDE81040082014F045
:10733000B1BA10BD4456002010B500281BD00E482D
:10734000342100F8451F0321417006218170C021BE
:10735000C170002101710F214171082100F8421C08
:107360000548453005F05EFA14F068FABDE81040B3
:10737000022014F08FBA10BD4456002010B500282A
:1073800018D00D48342100F8451F03214170062113
:1073900081700021C17001710A214171082100F83A
:1073A000421C0548453005F03DFABDE81040042078
:1073B00014F070BA10BD00004456002010B500282B
:1073C00019D00D48342200F8452F062242708270F1
:1073D000F422C2700A0A02714171082100F8421CAD
:1073E0000548453005F01EFA14F028FABDE81040B3
:1073F000132014F04FBA10BD4456002010B50028D9
:1074000027D0144A40F8681F342102F8451F102184
:107410005170062191702421D17000211171022137
:107420005171042191714178D17101781172C17843
:1074300051728078907207480D2102F8421C453045
:1074400005F0F0F914F0FAF9BDE81040122014F03C
:1074500021BA10BD4456002010B5002824D013488E
:10746000342200F8452F1022427006228270282212
:10747000C2700022027102224271042282710A0A41
:10748000C27101720A0E4272090C81720D2100F85C
:10749000421C0648453005F0C5F914F0CFF9BDE8A7
:1074A00010400B2014F0F6B910BD00004456002027
:1074B00070B513F061FF694C0B2804F108056FD01B
:1074C0001FDC022850D0042873D008286AD1A07984
:1074D000042867D108F02AFA0FF06EFE40795D2883
:1074E00061D00FF06FFE294616F0F8FE0FF064FE33
:1074F00040795D285AD00FF065FEBDE87040FEF778
:107500007CBB0C2815D0122873D013284AD1E079FF
:107510009C2847D1207A512844D108F007FA10F06E
:10752000D9FC03283ED1BDE87040012102200CF0B7
:107530006DBAA079042835D15D20FDF7AFFF13F0B7
:10754000D5FE0FF039FE40795D280AD00FF03AFEE3
:10755000294600F089F80FF02FFEBDE8704000F0DA
:107560007BBA0FF029FEF3E7A079042869D1E0790E
:107570000C2866D108F0DAF90FF01EFE40795D287C
:107580000BD00FF01FFE0C22294616F0BCFE0FF0A8
:1075900013FEBDE8704000F03DBA0FF00DFEF2E7BB
:1075A0002BE006E04DE00FF007FE9CE70FF004FE35
:1075B000A3E7A079042844D1E079082841D108F054
:1075C000B5F90FF0F9FD40795D280FD00FF0FAFD05
:1075D000294600F049F80FF0EFFD40795D2809D009
:1075E0000FF0F0FDBDE87040FEF700BB0FF0E4FDCA
:1075F000EEE727E00FF0E0FDF4E7A079102820D1B6
:10760000E0799C281DD108F091F910F063FC032863
:1076100001D0502815D1012102200CF0F7F910F00B
:107620005FFC80680E490069816010F059FC806839
:107630000C490069C16010F053FC806804210069A6
:10764000417170BDE0799C28FBD108F06FF910F012
:1076500041FC35283FF467AF70BD00004456002060
:10766000D3090208D70902082DE9F04F85B00400BC
:1076700072D0487884F87000087884F87100C8786F
:1076800084F87200887884F87300487984F8680078
:10769000087984F86900C87984F86A00887984F8E0
:1076A0006B000025E56616F0ADFBA8B1A06E17F0E3
:1076B00051FE8C4A8C4B17F023FC00228B4B17F0A9
:1076C0000BF917F0D7F88A49A066884203DC4FF01F
:1076D0008441884200DAA1662078DFF818B204F10C
:1076E0003701854E420704F12A0904F1300802915E
:1076F00047D520F004002070206F6061A06E17F065
:1077000029FECDE900017DA206214846F8F7F4FEE6
:10771000E06E17F01FFECDE900017AA20721404676
:10772000F8F7EAFE206F58450ADB17F08BFF034697
:10773000029805B075A2BDE8F04F0721F8F7DCBE4E
:107740007349884209DB17F07DFF03466FA20621CB
:107750000298F8F7D1FE10E010E06E49884203DB92
:1077600017F0F8FD6CA202E017F0F4FD63A2CDE97A
:10777000000107210298F8F7BFFE357005B0BDE89B
:10778000F08F216FA06817F011FEA060E16EE06835
:1077900017F00CFEE060A16E206917F007FE206173
:1077A0002046FDF733F8206F6061E079401CC0B2DD
:1077B000E0710328E2D317F07DFF074639462069C0
:1077C00017F062FE01903946E06817F05DFE039005
:1077D0003946A06817F058FE074616F03BFADFF866
:1077E00040A188B316F0E4FA02282ED39AF80010CC
:1077F00004F19C00049052460C3804F1A80A009051
:1078000049B11570009808F0D9F8049808F0D6F836
:10781000504608F0D3F83946009808F002F9DDE93F
:10782000031008F0FEF85046019908F0FAF85046A7
:1078300008F0DAF80190009808F0D6F807460498A6
:1078400008F0D2F8039003E0FFE701218AF8001066
:107850002046FEF776F8A0BB019817F07BFDCDE936
:10786000000126A206214846F8F746FE039817F0C5
:1078700071FDCDE9000123A207214046F8F73CFE47
:107880005F4509DB206F17F0DDFE03461FA20721CD
:107890000298F8F731FE1FE01D48874209DB3846A1
:1078A00017F0D0FE034619A206210298F8F724FE2D
:1078B00011E018488742384604DB17F04BFD16A24A
:1078C00003E009E017F046FD0CA2CDE90001072115
:1078D0000298F8F711FE3570E571A560E560256145
:1078E0004CE70000CDCCCCCCCCCCFC3F00004040E1
:1078F00000000C4300401C464458002025352E3221
:107900006600000025362E32660000002564000067
:1079100000007A440000C84225352E316600000080
:107920001058002010B500281BD00E485D2100F82B
:10793000451F062141709C2181705121C170002199
:10794000017101214171082100F8421C05484530B0
:1079500004F068FF13F072FFBDE81040132013F02D
:1079600099BF10BD445600201CB50C46002832D0EB
:10797000684604F035FDDDE9000108F0B7F8164A65
:107980005D2102F8451F102151709C2191705B21EF
:10799000D170002111710421517108219171010AE6
:1079A000D1711072010E5172000C9072200AD072C7
:1079B0001473200E5073200C90730748112102F8A5
:1079C000421C453004F02EFF13F038FFBDE81C4088
:1079D0000B2013F05FBF1CBD445600200C4810B5AF
:1079E0005D2100F8451F04214170752282706922D3
:1079F000C270002202714171082100F8421C044843
:107A0000453004F00FFFBDE810400C2013F042BFDA
:107A10004456002010B500281BD00E485D2100F808
:107A2000451F04214170752181704521C1700021DD
:107A3000017101214171082100F8421C05484530BF
:107A400004F0F0FE13F0FAFEBDE81040082013F039
:107A500021BF10BD4456002010B500281BD00E4891
:107A60005D2100F8451F042141707521817030218E
:107A7000C1700021017106214171082100F8421CEA
:107A80000548453004F0CEFE13F0D8FEBDE81040A6
:107A9000022013F0FFBE10BD4456002010B5002890
:107AA00018D00D485D21752200F8451F0421417052
:107AB00082706922C270002202714171082100F8AF
:107AC000421C0548453004F0ADFEBDE810400420DE
:107AD00013F0E0BE10BD00004456002010B5002891
:107AE00027D0144A40F8681F5D2102F8451F102175
:107AF00051709C2191705921D17000211171022186
:107B00005171042191714178D17101781172C1785C
:107B100051728078907207480D2102F8421C45305E
:107B200004F080FE13F08AFEBDE81040122013F02E
:107B3000B1BE10BD4456002072B6FEE7C8224FF415
:107B40004071014805F0ECBDB07B002002464FF4C7
:107B500048610148F8F741BEA05B002010B5094C10
:107B60000021217002F042FB0020FFF7EFFF01200F
:107B70002070002400F026FA641CE4B2C82CF9D36B
:107B800010BD0000385600202DE9FF5F9B46DDF850
:107B9000388015460646A0281FD20198A0281CD27E
:107BA0000024DFF85890DFF858A022E0600701D1E8
:107BB00015F8017B134804F00701405C384210D1EE
:107BC000B8F1000F10D09AF800203046019900F06B
:107BD0003BF8761CF6B2A02E09D3002004B0BDE815
:107BE000F09FB8F1000FEED099F80020EDE7641C8B
:107BF000E4B25C45DAD30120F0E700001500002074
:107C00001400002065FB01082DE9F84F00251F46F0
:107C100014460E468246A946DDF8288010E03B4611
:107C2000224631465046CDF80090FFF7ADFF761C56
:107C3000F6B204EBD704780700D0641C6D1CEDB2DB
:107C40004545ECD3BDE8F88F30B5A02801D2A02976
:107C500001D3002030BD0A4BD50701EB810100F0B4
:107C60000702084C03EB810101EBD000A25C017814
:107C700001D0114300E091430170012030BD0000AC
:107C8000A05B00203B1B02082DE9FC478046DDE994
:107C90000A541E4691460F4610462D2A5BD00BDC37
:107CA000A2F120000C2813D2DFE800F03A6712128C
:107CB000124E1212747B12603A2839D004DC2E283E
:107CC00030D02F2A04D139E03F2849D0402A5BD058
:107CD000394AA9F1610002EB091A192807D8CDE940
:107CE0000054AAF560723946404600F069F8A9F1DF
:107CF0003000092808D8CDE90054AAF52C72334683
:107D00003946404600F05CF8A9F14100192850D8E6
:107D1000AAF548723346CDE900543946404646E05C
:107D2000254AF8E7244ACDE90054103240463EE0A7
:107D3000214ACDE900542032404638E01E4ACDE9C0
:107D400000543032404632E01B4ACDE90054403204
:107D5000394640462BE0CDE90054184A404626E01B
:107D6000164ACDE900541032404620E0134ACDE9CE
:107D7000005420323946404619E0104ACDE90054FB
:107D800030323946404612E00C4ACDE900546032A8
:107D900040460CE0094ACDE900544032394640469D
:107DA00005E0064ACDE9005450323946404600F01D
:107DB00007F8BDE8FC8700001600002046040020FC
:107DC0002DE9F84F1F46DDE90A9814460E46824613
:107DD000002510E03B46224631465046CDF8008053
:107DE000FFF7D2FE761CF6B204EBD704780700D07A
:107DF000641C6D1CEDB24D45ECD3BDE8F88F00005E
:107E00002DE9FF4F83B01E46DDE91198DDF840B043
:107E10001500074613D00024DFF828A00DE0CDE9B7
:107E20000098295D07EB04100AEB4112C0B25B46D3
:107E30000499FFF7C5FF641CE4B2B442EFD307B066
:107E4000BDE8F08FFE0900202DE9FF4F83B01E46EC
:107E5000DDE91198DDF840B01500074613D0002485
:107E6000DFF828A00DE0CDE90098295D07EB0410AC
:107E70000AEB4112C0B25B460499FFF7A1FF641CF4
:107E8000E4B2B442EFD307B0BDE8F08F7E2F0020FC
:107E90002DE9FC479846DDE90A7614008946054637
:107EA0000DD009E0CDE90076434649462846FFF764
:107EB000EBFE0835EDB2641C2278002AF2D1BDE851
:107EC000FC8700007CB5202ADDE9065411D02E2A5B
:107ED0000BD0A2F13006092E10D8CDE90054084C81
:107EE00004EB8212A2F53C6206E0CDE90054044A9C
:107EF00002E0CDE90054034AFFF762FF7CBD0000B9
:107F0000B6040020760700202DE9FC479846DDE9FD
:107F10000A761400894605460DD009E0CDE90076C1
:107F2000434649462846FFF7CDFF1035EDB2641CA5
:107F30002278002AF2D1BDE8FC8700007CB5202A17
:107F4000DDE9065413D02E2A0DD0A2F13006092EF9
:107F500012D8CDE90054094C02EB820204EBC202B4
:107F6000A2F5EB6206E0CDE90054044A02E0CDE957
:107F70000054034AFFF724FF7CBD0000F6070020F1
:107F8000AE0900202DE9FC479846DDE90A76140089
:107F9000894605460DD009E0CDE9007643464946BD
:107FA0002846FFF7CBFF0B35EDB2641C2278002A80
:107FB000F2D1BDE8FC870000014A10705170704793
:107FC000140000202DE9F0411A4D287800282ED009
:107FD000688868B918486860602005F0F1FC702076
:107FE00005F0EEFC052005F0EBFC122005F0E8FCA6
:107FF000002414264FF448682746696811F8010BDD
:10800000696005F09FFC6888401C80B2B0FBF6F107
:10801000688006FB110010B9002005F003FD688898
:10802000404500D16F80641CA4B2142CE5D3BDE898
:10803000F081000038560020A05B002070B5882039
:10804000FAF71EFF04468920FAF71AFF04EB002016
:10805000384C20808A20FAF713FF05468B20FAF768
:108060000FFF05EB002060808C20FAF709FF054622
:108070008D20FAF705FF05EB0020A0808E20FAF78F
:10808000FFFE05468F20FAF7FBFE05EB0020E0809F
:108090009020FAF7F5FE05469120FAF7F1FE05EB80
:1080A000002020819220FAF7EBFE05469320FAF794
:1080B000E7FE05EB002060819420FAF7E1FE05461B
:1080C0009520FAF7DDFE05EB0020A0819620FAF757
:1080D000D7FE05469720FAF7D3FE05EB0020E08196
:1080E0009820FAF7CDFE05469920FAF7C9FE05EB70
:1080F000002020829A20FAF7C3FE05469B20FAF75B
:10810000BFFE05EB002060829C20FAF7B9FE054611
:108110009D20FAF7B5FE05EB0020A0829E20FAF71D
:10812000AFFE05469F20FAF7ABFE05EB0020E0828C
:1081300070BD0000885B0020F8B50024009490F822
:1081400048202546012A12D0012280F848204A689A
:108150001F23072A0DD20668376C521E02EB8202DB
:1081600093409F430B6893401F43376435E00220E0
:10817000F8BD0D2A0BD20668F76BD21F02EB820204
:1081800093409F430B6893401F43F76325E0132AF6
:108190000BD20668B76B0D3A02EB820293409F4305
:1081A0000B6893401F43B76317E00668192A0AD289
:1081B000776B133A02EB820293409F430B68934024
:1081C0001F43776309E0376B193A02EB8202934051
:1081D0009F430B6893401F4337630A6807260A2AA8
:1081E0000AD203685F6902EB42029640B7438E6889
:1081F000964037435F6125E0142A0BD203681F695C
:108200000A3A02EB42029640B7438E6896403743E3
:108210001F6117E003681D2A0AD8DF68143A02EBD1
:1082200042029640B7438E6896403743DF6009E0CC
:10823000DF6D1E3A02EB42029640B7438E689640CD
:108240003743DF650A68102A01D0112A17D10E4A78
:1082500013681B0213D4136843F400031360096806
:1082600010290CD109490A4A0968B1FBF2F101EB66
:108270008101490000E0491E00910029FBD180F8EE
:1082800048502046F8BD000004270140100000209F
:1082900040420F000068806D70470000F8B5040090
:1082A0004FF0000503D0E06C002610B110E0012073
:1082B000F8BD2665564884F84860016841F0010120
:1082C0000160006800F001000090204600F0AAF86C
:1082D000E06CC00671D4E06C20F4885040F00200DD
:1082E000E0644C480168626821F440311143016048
:1082F0006169E0684FF40073084394F83C2093FAF6
:10830000A3F3B3FA83F3216A9A401143084302218D
:1083100094F824C091FAA1F1B1FA81F10CFA01F1BB
:108320000843616B102902D0A26B114308432268F5
:1083300011684FF4807EC943490620D5A169E369DD
:108340000843A1682769194373469F4202D0012F51
:1083500000D00023194394F82C30012B0AD1BCF132
:10836000000F2BD0E36C43F02003E364236D43F054
:10837000010323655368284F3B400B43536021683A
:108380008A68264B1A4002438A602169714522D0CF
:10839000012920D021680A6B22F0F8720A63216853
:1083A00089681F4A1140814225D12665E06C20F082
:1083B000020040F00100E06428E026E04FF460474E
:1083C000236B97FAA7F7B7FA87F75B1EBB400B43FF
:1083D00043F40061CEE721680A6B4FF0F87722F092
:1083E000F873A26A97FAA7F7B7FA87F7521EBA404E
:1083F00013430B63D3E7E06C20F0020040F0100061
:10840000E064206D40F00100206501252846F8BD9C
:108410002038024004270140FF16FCFC89F1FFC010
:10842000FEFF80BF10B586B0044614216846F8F7F9
:10843000FEF91249206888421DD11148016841F4B3
:1084400000710160006800F4007005900C48001F86
:10845000016841F0100101600068694600F01000F9
:1084600005904FF48070009003200190002002904E
:10847000044800F0E9F906B010BD000000240140F6
:1084800020380240001002402DE9F0410446006807
:108490000D4681684FF0000749050BD58068C0057F
:1084A00008D5E06C40F02000E06484F848700120BA
:1084B000BDE8F08100F0BCFA064613E0681C11D05C
:1084C00025B100F0B5FA801BA8420BD920680068DE
:1084D000800707D4E06C40F00400E06484F8487042
:1084E0000320E5E7206800688007E7D5A06918B990
:1084F00021686FF012000860E06C40F40070E064E6
:108500002068816811F0405F14D194F8241089B973
:10851000016B11F0F87F02D0806840050AD4E06C4E
:1085200020F48070E064E06CC00403D4E06C40F0A0
:108530000100E0640020BBE710B5044690F8480055
:10854000012822D0012084F848002046FAF748F894
:1085500000281BD1E16C40F20162914341F480712B
:10856000E16421684A68520505D5E26C22F40052A4
:1085700042F48052E264E26CD3044FF0000206D56C
:10858000236D23F00603236502E0022010BD22655F
:1085900084F848206FF022020A6021688A6812F08D
:1085A000405FF3D18A6842F080428A6010BD10B506
:1085B000044690F84800012807D0012084F84800BC
:1085C0002046F9F7E3FF10B107E0022010BDE16C8F
:1085D00021F4885141F00101E164002184F8481040
:1085E00010BD10B590F821100022022905D00421F9
:1085F000816380F82020012010BD01680B6823F002
:108600000E030B6001680B6823F001030B6090F808
:108610004010012401F01C0304FA03F1C36B5960FC
:1086200080F8214080F82020104610BD10B590F849
:1086300021100024022903D00421816301241AE0BF
:1086400001680A6822F00E020A6001680A6822F0D6
:1086500001020A6090F84010012301F01C0203FAA5
:1086600002F1C26B516080F82130002180F82010A7
:10867000416B01B18847204610BD806B7047F0B454
:10868000C16B0B6801680A6890F84040042504F04B
:108690001C0405FA04F61E4211D056070FD50A68CD
:1086A000920603D40A6822F004020A6090F840108F
:1086B00001F01C018D40C16B4D60C16A1DE00226B6
:1086C00006FA04F71F424FF0000C4FF0010518D0D6
:1086D000970716D50A68920605D40A6822F00A029E
:1086E0000A6080F8215090F8401001F01C018E4083
:1086F000C16B4E6080F820C0816A00291AD0F0BC9E
:1087000008470826A6401E4214D0120712D50A6850
:1087100022F00E020A6090F84010C26B01F01C01BA
:1087200005FA01F15160856380F8215080F820C07E
:10873000016BE2E7F0BC704730B560B11A4B0168DD
:108740001422994209D2194B0B44B3FBF2F2920066
:108750000264174A0AE0012030BD134B5B420B4410
:10876000B3FBF2F2920002640F4A083AC26302229B
:1087700080F821200A6847F6F0739A43F0E9013443
:108780002343D0E902452C4323430469234344692E
:1087900023438469234313430B6000214163012277
:1087A00042770177084630BD08640240F89FFDBF5C
:1087B0000060024070B5044690F8200000250128B2
:1087C0000CD0012084F8200094F821600020012EB4
:1087D00006D084F820000225284670BD022070BD16
:1087E000022684F82160A0632068066826F001064E
:1087F00006602046FCF73AFEE06A0028206801681F
:1088000002D041F00E0106E021F004010160206871
:10881000016841F00A0101602068016841F001012E
:108820000160D9E770B5044600F002F90546601C06
:1088300002D004484068044400F0FAF8401BA0420B
:10884000FAD370BD040000202DE9F84FDFF89491B1
:10885000002209F1040A0AF1040B03274FF00F0C60
:108860000BF1040EB6E0012595402B4073D00C7936
:1088700004F00304012C01D0022C15D186685400A9
:1088800007FA04F826EA0806D1F80C8008FA04F87A
:1088900048EA0608C0F808804468AC430D79C5F37F
:1088A00000159540254345600C79E443A40708D0A2
:1088B000C568540007FA04F6B5438E68A6402E43F7
:1088C000C6600C7904F00304022C11D1D40800EB2B
:1088D0008406356A5407E40E0CFA04F825EA080504
:1088E000D1F8108008FA04F848EA0508C6F8208094
:1088F0000568540007FA04F6B5430E7906F003063E
:10890000A6402E4306604C6814F4403F61D0364CBC
:10891000256845F001052560246822F0030504F070
:1089200001040094314C05EB0408D8F80850940772
:10893000260F0CFA06F4A5432D4CA04201D10024C9
:108940001FE02C4CA04201D101241AE02A4CA04285
:1089500002D1022415E03CE0284CA04201D10324BE
:108960000FE0274CA04201D104240AE0254CA0428C
:1089700001D1052405E0244CA04201D1062400E0E9
:108980000724B4402C43C8F80840D9F800404D46AD
:108990004E689C43F60300D51C432C60DAF8004077
:1089A00055464E689C43B60300D51C432C60DBF84B
:1089B00000405D464E689C43F60200D51C432C6087
:1089C000DEF8004075464E689C43B60200D51C4355
:1089D0002C60521C0B6833FA02F47FF444AFBDE8FC
:1089E000F88F0000000401402038024000000140E0
:1089F000000002400004024000080240000C024057
:108A000000100240001402400018024000690840B3
:108A100000D001207047426921EA02030A4043EA7C
:108A20000241816170470AB1816170470904FBE727
:108A300001488068704700000400002070B5040001
:108A400011D021684CF6CC400860216845F25550A1
:108A50000860D4E9000141602168A0688860FFF7E0
:108A6000E7FF05460CE0012070BDFFF7E1FF401B6A
:108A70002A2805D92068C068800701D0032070BD6E
:108A80002068C0688007F0D121684AF6AA200860F3
:108A9000002070BD00684AF6AA21016000207047DE
:108AA00002488168426811448160704704000020D8
:108AB00010B50024032000F079F80F2000F008F82A
:108AC00008B1012401E000F025F8204610BD0000A7
:108AD00070B50E4E05460024706898B14FF47A7157
:108AE000B1FBF0F00A490968B1FBF0F000F03DFD80
:108AF00040B9102D06D200222946501E00F036F84B
:108B0000356000E00124204670BD00000400002014
:108B1000100000200D4808B5016841F000410160D7
:108B2000016801F000410091011F0A6842F0010252
:108B30000A60096801F001010091016841F080516B
:108B40000160006800F08050009008BD24380240A9
:108B5000002809DB00F01F0201219140400980003C
:108B600000F1E020C0F8001170470000F0B40E4B97
:108B70001B68C3F30223C3F10704042C00D90424A7
:108B80001D1D072D01D2002300E0DB1E012606FA81
:108B900004F56D1E0D409D409E40761E164045EA30
:108BA0000601F0BC04F084BF0CED00E0064A00F0C2
:108BB000070110684FF6FF03184040EA01200349FF
:108BC00008431060704700000CED00E00000FA055B
:108BD000BFF34F8F05480168054A01F4E061114376
:108BE0000160BFF34F8F00BFFDE700000CED00E018
:108BF0000400FA05704700002DE9F0470E46040016
:108C000076D0DFF88081D8F8000000F00100B04293
:108C100014D2012E05D1D8F8001041F00401C8F893
:108C20000010D8F8001021F001013143C8F80010FD
:108C3000D8F8000000F00100B0427DD12078524FFA
:108C4000800705D53868A16820F0F0000843386037
:108C50002078C00759D04C496068083902281AD0DA
:108C600003281BD0096801281BD08905002963DA75
:108C7000396821F0030101433960FFF7D9FE054649
:108C8000606841F28831022813D003281ED00128E1
:108C9000894627D035E009688903E7E70968890133
:108CA000E4E78907E2E7FFF7C3FE411B494501D925
:108CB00024E089463868C0F381000228F3D124E01B
:108CC000FFF7B6FE411B494501D917E089463868D0
:108CD000C0F381000328F3D117E0FFF7A9FE411B81
:108CE00049450BD83868C0F381000128F5D10CE064
:108CF00022E0FFF79DFE411B494502D90320BDE854
:108D0000F087386810F00C0FF3D1D8F80010404607
:108D100001F00101B14211D9012E03D1016841F0E6
:108D200004010160016821F0010131430160006824
:108D300000F00100B04201D00120E0E720784007B8
:108D400005D53868E16820F4E06008433860207891
:108D5000000706D53868216920F4605040EAC10058
:108D6000386000F03FF83968084AC1F30311515CDC
:108D7000C8400749086007480068BDE8F047FFF7AA
:108D8000A7BE0000003C0240083802404DFB01082D
:108D900010000020040000200149012008677047EE
:108DA000000047420448054900680968044AC1F3C5
:108DB0000221515CC8407047100000200838024072
:108DC0005DFB01080448054900680968044AC1F3CD
:108DD000C221515CC8407047100000200838024092
:108DE0005DFB010870B5154D2968154801F00C02AE
:108DF000042A0CD04410082A0AD00C2A0AD0281FB2
:108E00000068C0F342314FF40040491C884070BDF7
:108E1000204670BD0B4AC1F38343D35CC1F381523A
:108E20002968521CC90302D5A3FB040101E0A3FB7E
:108E300000010023F7F7E8FA70BD0000083802408F
:108E40000024F40044FB0108054810B50068000642
:108E500005D5FFF7CFFE02498020891C087010BDA0
:108E60000C3802402DE9F84F04007BD0F648016829
:108E7000006801F00C0600F4803B2078F34DC00739
:108E80003FD0082E12D00C2E02D1BBF5803F0DD062
:108E90006068012811D008B1052818D0286820F48E
:108EA00080302860286820F4802009E0286880034A
:108EB00027D560680028D8D023E0286840F48030A7
:108EC0002860606888B1FFF7B3FD074609E02868AD
:108ED00040F480202860F0E7FFF7AAFDC01B64285B
:108EE00079D828688003F7D50BE0FFF7A1FD074686
:108EF00004E0FFF79DFDC01B6428F1D828688003BB
:108F0000F7D42078DFF8488380074FF001094FF04D
:108F1000000A36D5042E0CD00C2E02D1BBF1000F66
:108F200007D0E068F8B1C8F80090FFF781FD074668
:108F30000BE0286880070BD5E068012812D107E014
:108F4000FFF776FDC01B0228CAD828688007F7D52E
:108F5000BD48001F0168226921F4F85141EA02214D
:108F600001600EE06CE1C8F800A0FFF761FD074664
:108F700004E0FFF75DFDC01B0228B1D82868800718
:108F8000F7D42078C00672D53EB1A069F0B3C8F816
:108F90002090FFF74DFD07464AE02868800502D57E
:108FA000A069002887D0A84F206A3F1F396801F4C4
:108FB0006041884210D903F079F90028BED13868A1
:108FC000216A20F4604008433860217F386861F3EB
:108FD0001F6038600FE0A4E0396821F4604101436C
:108FE0003960217F386861F31F603860206A03F0C0
:108FF0005DF90028A2D1216A4FF4004009EB5131FC
:10900000884091490968C1F3031100E021E0914AC9
:10901000515CC8409049086090480068FFF758FDCF
:1090200000287DD123E0FFF703FDC01B022878D87C
:1090300028688005F7D58448001F0168226A21F45A
:10904000604111430160227F016862F31F6101608A
:109050000DE0C8F820A0FFF7EBFC074604E0FFF79F
:10906000E7FCC01B02285CD828688005F7D420786C
:109070007B4F000721D57B48616979B1C0F800902A
:10908000FFF7D6FC834605E0FFF7D2FCA0EB0B0010
:10909000022846D838688007F6D50EE0C0F800A050
:1090A000FFF7C6FC834605E0FFF7C2FCA0EB0B0010
:1090B000022836D838688007F6D4207840076AD569
:1090C00000200090664810380068C0000AD4644848
:1090D0001038016841F080510160006800F0805054
:1090E0000120009060480168C90511D4016841F46D
:1090F00080710160FFF79CFC834605E0FFF798FC58
:10910000A0EB0B0064280CD857480068C005F5D5C3
:10911000A06801280DD008B1052814D0386801E0F6
:1091200075E073E020F480703860386820F4806067
:1091300002E0386840F480703860A068A0B1FFF7A2
:1091400077FC83460CE0386840F480603860F0E7D4
:10915000FFF76EFCA0EB0B0141F28830814255D83D
:1091600038688005F4D50EE0FFF762FC834607E01F
:10917000FFF75EFCA0EB0B0141F28830814245D83D
:1091800038688005F4D4009828B135481038016853
:1091900021F080510160606A90B30C2E3DD002280E
:1091A000504605D0C8F86000FFF742FC044630E0A6
:1091B0004746C8F86000FFF73BFC064604E0FFF7AF
:1091C00037FC801B022821D828688001F7D4D4E915
:1091D0000A1001431C48226B036823F47D031A43E1
:1091E00011430160C7F86090FFF722FC044604E0D9
:1091F000FFF71EFC001B022808D828688001F7D55D
:1092000020E0FFF715FC001B022802D90320BDE86F
:10921000F88F28688001F4D414E00128F7D00A48B8
:109220000068A26A00F48031914209D1E26A00F438
:109230007011914204D1216B00F44000884201D0AA
:109240000120E4E70020E2E708380240003802404D
:10925000000047424DFB01081000002004000020E0
:1092600034380240800647420070004070B5040068
:1092700009D0606A002540B125616561A56294F856
:10928000510040B10CE0012070BD6068B0F5827FF4
:10929000F4D0E561F2E784F85050204600F044F83D
:1092A000022084F851002068016821F0400101602B
:1092B000A088218900F4827001F404410843A18947
:1092C00001F400610843217C01F002010843217D83
:1092D00001F001010843218B01F400710843217F53
:1092E00001F03801084394F8201001F08001084390
:1092F000218D01F40051084321680860A069042110
:1093000001EA104094F8241001F01001084321688C
:1093100048602068C16921F40061C1616565012070
:1093200084F85100002070BD10B586B004461421A9
:109330006846F7F77CFA13492068884220D1124822
:10934000016841F480510160006800F4805005908C
:109350000D48001F016841F0020101600068694684
:1093600000F00200059038200090022001900020BB
:10937000029003200390052004900448FFF764FA4C
:1093800006B010BD00300140203802400004024009
:109390002DE9F84F044690F8500001250A9E1F461B
:1093A00092468B464FF0000801280ED0012084F829
:1093B0005000FFF73DFB814694F851006168012899
:1093C0000CD0B1F5827F07D102E00220BDE8F88F12
:1093D000A16809B9042801D00220B6E0BBF1000F52
:1093E00027D0BAF1000F24D01FB394F851000428FD
:1093F00002D0052084F8510000206065C4F838A030
:10940000E787A787C4F830B0E786A7862064606442
:1094100020680168490603D4016841F040010160F9
:10942000E068B0F5006F606805D0E8B3012F43D065
:1094300079E0012089E008B1012F34D1206B216847
:109440000088C860206B801C2063E08E401EE08690
:1094500029E02068816889070DD5E18E59B1012D79
:1094600009D1216B0988C160206B801C2063E08ECC
:10947000401EE086002520688168C9070BD0E18F77
:1094800049B1C068A16B0880A06B801CA063E08F0D
:10949000401EE0870125FFF7CBFAA0EB0900B042A0
:1094A00001D3701C50D100E006E0E08E0028D0D13E
:1094B000E08F0028CDD13CE0206B21680078087354
:1094C000206B401C2063E08E401EE0862BE020686D
:1094D000816889070DD5E18E59B1012D09D1216B24
:1094E00009780173206B401C2063E08E401EE086EB
:1094F000002520688168C9070BD0E18F49B1C06899
:10950000A16B0870A06B401CA063E08F401EE08739
:109510000125FFF78DFAA0EB0900B04202D3701CC1
:1095200001D011E086B1E08E0028D0D1E08F002874
:10953000CDD14A463146204602F078FF38B120208E
:109540004FF00108606508E00320804605E0A06850
:1095500018B92068C16880680090012084F8510023
:10956000002084F85000404630E710B5401EB0F1AE
:10957000807F01D3012010BD4FF0E02460610F21F6
:10958000601704F095FA0020A061072020610020F8
:1095900010BD000070B590F83820012A26D00125B2
:1095A00080F83850022280F83920026853689468A5
:1095B00023F070060B68334353600268B2F1804FAA
:1095C00008D00B4B9A4205D00A4B9A4202D00A4B64
:1095D0009A4204D1496824F080031943916080F8CD
:1095E0003950002180F83810084670BD022070BD47
:1095F00000040040000800400008014010B50400CD
:1096000003D094F8390010B107E0012010BD00200C
:1096100084F83800204600F017F8022084F839005A
:10962000211D206803F0F8F9012084F83E0084F839
:109630003A0084F83B0084F83C0084F83D0084F84C
:109640003900002010BD000008B50068B0F1804F5F
:1096500012D10A48016841F001010160006800224E
:1096600000F00100009005211C20FFF77FFABDE803
:1096700008401C20FFF76CBA08BD000024380240E7
:1096800090F83910012901D001207047022180F89B
:1096900039100168CA6842F00102CA600068B0F17E
:1096A000804F08D00949884205D00949884202D034
:1096B0000849884204D1816801F00701062903D0D6
:1096C000016841F001010160002070470004004082
:1096D000000800400008014070B5044690F83800CA
:1096E000012817D0012584F83850022084F8390069
:1096F0002068826822F0770222F47F428260086844
:10970000502830D00DDC20284DD005DC98B310282F
:109710003BD148E0022070BD302844D0402834D1ED
:1097200039E0602828D0702806D0B0F5805F2CD0B2
:10973000B0F5005F29D10AE0CB68D1E901212068AA
:1097400003F0ACF92068816841F0770109E0CB684B
:10975000D1E90121206803F0A1F92068816841F472
:109760008041816011E0CA684968206803F0A8F967
:109770005021206807E016E0CA684968206803F0B5
:10978000B0F96021206803F093F984F83950002083
:1097900084F8380070BDCA684968206803F090F901
:1097A00040212068EFE7226801461046EBE770474A
:1097B00070B50446006801694FF00005C943890788
:1097C00015D4C168C943890711D4E91E016101207C
:1097D0002076206880698007204602D0FFF7E7FFE7
:1097E00004E000F078F8204600F076F8257620684E
:1097F0000169C943490717D4C168C943490713D44C
:109800006FF004010161022020762068806910F465
:10981000407F204602D0FFF7CAFF04E000F05BF86B
:10982000204600F059F8257620680169C9430907E8
:1098300016D4C168C943090712D46FF00801016149
:10984000042020762068C0698007204602D0FFF7F8
:10985000AEFF04E000F03FF8204600F03DF825762A
:1098600020680169C943C90617D4C168C943C9063C
:1098700013D46FF010010161082020762068C069C0
:1098800010F4407F204602D0FFF791FF04E000F083
:1098900022F8204600F020F8257620680169C943A7
:1098A000C90708D1C168C943C90704D1891E01612C
:1098B000204600F012F820680169C943490609D41E
:1098C000C168C943490605D46FF0400101612046D3
:1098D00000F019F870BD7047704710B50068B0F11E
:1098E000804F0FD106F064F810F070FC0FF046FEC8
:1098F00004F078FB06F078F910F08EFBBDE810401C
:1099000011F0CEBF10BD7047704770B504460068B7
:10991000C16821F49071C1602068416921F00101A2
:109920004161206B012804D12068C16821F0100139
:10993000C160206841694FF0000549060FD54169B3
:1099400021F040014161A06B48B14563A06BFEF777
:1099500048FE20B1A06BFEF790FE202806D0E585DA
:10996000202084F83E002563002070BD1020206474
:10997000032070BD704710B5044600680068C043FE
:10998000C0060AD4204611F0FDFC20460DF09AFFD7
:109990002046BDE8104005F0A7BD10BDF8B502682F
:1099A00004461068D168536910F00F0F4FF000059E
:1099B00053D003F0010601F4907737435FD0C2071C
:1099C00005D0CA0503D5226C42F001022264420789
:1099D00005D5DA0703D0226C42F002022264820726
:1099E00005D5DA0703D0226C42F004022264020794
:1099F00007D501F02002324303D0226C42F0080266
:109A00002264226C002A34D0800604D5880602D550
:109A1000204603F069FC20684069216CC0F3801087
:109A2000090700D430B3204603F03DFC20684169AB
:109A300049061BD5416921F040014161A06BA8B1E5
:109A400058494163A06BFEF7F1FD002811D0A06BCF
:109A5000416B01B0BDE8F040084783060FD58B0687
:109A60000DD52046BDE8F84003F03EBC2046FFF788
:109A700081FFF8BD2046FFF77DFF2564F8BD266B0A
:109A80002023012E52D1C60650D5CE064ED51068E1
:109A900050680090506940062AD5A16B086840685C
:109AA0000004000CEAD0A68D8642E7D9E0858869DB
:109AB000202818D0D06820F48070D06020684169D8
:109AC00021F0010141612068416921F040014161BB
:109AD00084F83E3025632068C16821F01001C16020
:109AE000A06BFEF77EFDA08DE18D401A81B219E0DA
:109AF000A08DE18D401A81B2E08D0028BED00029F2
:109B0000BCD0D06820F49070D0602068426922F008
:109B10000102426184F83E3025632068C26822F069
:109B20001002C2602046FFF7EFFEF8BD05062BD5F8
:109B30000D0629D594F83D002128F6D1A068B0F58E
:109B4000805F01D12069B0B1206A411C2162216887
:109B500000784860E08C401E0004000CE084E4D1F2
:109B60002068C16821F08001C1602068C16841F0AF
:109B70004001C160F8BD206A0088C0F30800506051
:109B8000206A801C2062E5E74006F3D54806F1D53F
:109B9000D168204621F04001D16084F83D3000F0CA
:109BA00085F9F8BDD9D1000870B5040004D094F847
:109BB0003D00002510B106E0012070BD84F83C5046
:109BC000204600F023F8242084F83D002068C16876
:109BD00021F40051C160204603F0E2FB20680169D6
:109BE00021F4904101612068416921F02A0141611D
:109BF0002068C16841F40051C1602564202084F8C8
:109C00003D0084F83E00002070BD00002DE9F043C7
:109C100087B0044614216846F6F709FE5D4D2068BA
:109C200000265D490322072380274FF0020C4FF4E2
:109C30000059A84233D1081D056845F480450560E8
:109C4000006800F480400590086840F0010008605A
:109C50000868029600F0010005905002CDE9000C62
:109C600069464E48CDE90323FEF7EEFD4D4D4C48C5
:109C7000C5E90006C5E902672E616E61C5E906699E
:109C80002846FEF759FD08B1FDF756FFA5630022EF
:109C9000022125206C62FEF769FF25203BE03E4D46
:109CA000DFF80481083540453AD1286840F4003097
:109CB0002860286800F400300590086840F008002B
:109CC00008600868029600F0080005906020CDE961
:109CD000000C69463548CDE90323FEF7B5FD314D4B
:109CE0002F4844351430C5E90006C5E902672E61E6
:109CF0004FF440506E61C5E906602846FEF71CFD32
:109D000008B1FDF719FFA5630022042126206C622B
:109D1000FEF72CFF2620FEF71BFF07B0BDE8F083FF
:109D2000DFF88C804045F8D1286840F48020286016
:109D3000286800F480200590086840F0040008605E
:109D40000868029600F0040005904FF44060CDE9E9
:109D5000000C69461748CDE90323FEF775FD114D48
:109D60000F4888352838C5E90006C5E902672E6125
:109D70006E61C5E906692846FEF7DEFC08B1FDF70D
:109D8000DBFEA5630022032127206C62FEF7EEFEB6
:109D90002720C0E7003801401C3802400000024084
:109DA000586002400C5A002000440040000C024061
:109DB000004800400008024090F83E30202B0ED1B1
:109DC00059B152B190F83C30012B08D0012380F8F2
:109DD0003C300023036303F06FBB01207047022077
:109DE000704710B5044611F0F1FA20460DF088FDD9
:109DF0002046BDE8104005F099BB70472DE9F843B7
:109E0000044690F83D001F4615460E4620284BD1CB
:109E1000C6B1BDB194F83C00012845D0012084F8BA
:109E20003C004FF00008C4F84080212084F83D0039
:109E3000FEF7FEFDA5848146E584A068B0F5805F4D
:109E400003D004E00120BDE8F883206920B1354645
:109E5000002684F83C800EE00025FAE780212046A9
:109E600003F064FBA0B9ADB115F8010B216848609F
:109E7000E08C401EE084E08C4B464FF000020097DF
:109E80000028EBD14FF04001204603F04FFB30B1EA
:109E90000320D8E736F8020BC0F30800E6E72020DD
:109EA00084F83D000020CEE70220CCE7704710B5D3
:109EB000044600F04CF9A22000F024F900F075F9F6
:109EC000022000F01FF900F070F9207805F052FD33
:109ED00000F018F900F069F9607805F04BFD00F02A
:109EE00011F900F062F9A07805F044FD00F00AF9DC
:109EF00000F05BF9E07805F03DFD00F003F900F0BB
:109F000054F9207905F036FD00F0FCF800F04DF929
:109F1000607905F02FFD00F0F5F800F046F9A07922
:109F200005F028FD00F0EEF800F03FF9BDE8104024
:109F300000F024B910B500F00AF9A22000F0E2F810
:109F400000F033F9022000F0DDF800F02EF900F007
:109F5000FEF8A32000F0D6F800F027F9012000F069
:109F6000ACF800F07F0004F033F81B4C20700120A7
:109F700000F0A3F800F07F0004F02AF860700120E0
:109F800000F09BF800F03F0004F022F8A0700120E0
:109F900000F093F800F03F0004F01AF8E0700120A0
:109FA00000F08BF800F0070004F012F82071012097
:109FB00000F083F800F01F0004F00AF86071002040
:109FC00000F07BF804F004F8A07100F0D7F8BDE8C9
:109FD000104002F0ABB90000D556002070B50D4618
:109FE000044600F0B4F8A22000F08CF800F0DDF890
:109FF000204600F087F800F0D8F8284600F082F8F4
:10A0000000F0D3F8BDE8704000F0B8B810B510F01B
:10A010008DF900210846FFF7E1FF1F210120FFF71E
:10A02000DDFF82210D20FFF7D9FF00210E20FFF771
:10A03000D5FFFFF77FFF0848417911B1C1780029AA
:10A0400009D101214171C1700348FFF730FFBDE81C
:10A050001040FFF76FBF10BDD5560020FEE710B5CA
:10A06000002010F03BF910F061F9002010F03EF9EB
:10A07000022005F08AFC012010F030F9022005F0E2
:10A0800084FCBDE81040002010F028B910B5002075
:10A0900010F024F910F04AF9012010F027F90220FD
:10A0A00005F073FC012010F019F9022005F06DFC99
:10A0B000BDE81040002010F011B970B5064600242C
:10A0C00010F022F90025002010F008F9022005F018
:10A0D0005CFC012010F002F96006040E10F00EF98D
:10A0E00008B1641CE4B2012005F04FFC6D1CEDB218
:10A0F000082DE8D31EB1FFF7B2FF204670BDFFF771
:10A10000C5FFFAE770B5054610F010F9002010F011
:10A11000E5F80024280601D5012000E0002010F019
:10A12000E5F86806050E022005F02FFC012010F06E
:10A13000D5F8022005F029FC002010F0CFF802200D
:10A1400005F023FC641CE4B2082CE3D370BD10B509
:10A1500010F0ECF8012010F0C9F8012010F0BEF862
:10A16000042005F012FC002010F0C0F8042005F0D7
:10A170000CFCBDE81040002010F0B0B810B510F095
:10A18000D5F8002010F0AAF8002010F0AFF8042055
:10A1900005F0FBFB012010F0A1F8012010F0A6F85B
:10A1A000BDE81040042005F0F0BB10B5002410F00D
:10A1B000ABF8012010F09AF8012005F0E6FB012031
:10A1C00010F08CF8012005F0E0FB07E0641CE4B21D
:10A1D000FA2C03D9FFF7D2FF012010BD10F08EF842
:10A1E0000028F3D110F07AF8002010BD10B5044615
:10A1F000E22003F0E5FB6420FEF714FB242003F0CB
:10A20000DFFB2B2003F0DCFB812003F0D9FB0CB13A
:10A21000C02000E0B22003F0D3FB842003F0D0FB89
:10A22000892003F0CDFBA32003F0CAFBC52003F077
:10A23000C7FBC82003F0C4FB102003F0C1FBD120F2
:10A2400003F0BEFBD52003F0BBFBDA2003F0B8FB24
:10A25000E92003F0B5FBF42003F0B2FB252003F066
:10A26000AFFBF62003F0ACFB5A2003F0A9FBF5206E
:10A2700003F0A6FB002003F0A3FBF72003F0A0FBF4
:10A280009F2003F09DFBF82003F09AFBF12003F0E0
:10A2900097FB9F2003F094FBBDE81040AD2003F036
:10A2A0008FBBF0B585B0DDE90EE4DDE90C7CDDE9BE
:10A2B0000A568DE8E05000F012F821680161206034
:10A2C00005B0F0BD10B50146006800220A6003E049
:10A2D0000469F6F716F820460028F9D110BD2DE9DB
:10A2E000F05F07460AA81C4690E8000D15460E468A
:10A2F0001420DDF83490F5F7D5FF00280FD0C77093
:10A30000067185604471C0F80C8080F806A080F862
:10A3100001B080F802900E99017000210161BDE842
:10A32000F09F00002DE9FE43884604007ED0002601
:10A330001027607830B101280DD0022825D00328DD
:10A3400078D138E0CDE900762179E0780823E26819
:10A35000FDF736FD6EE0A07920B301280BD002286E
:10A3600068D12020CDE900062179E0781023E26849
:10A37000FDF7CAFD5EE01420CDE900062179E07802
:10A380000B23E268FDF7FEFD54E0B8F1000F09D0A1
:10A390000097CDE9017663792179E078A268FDF72D
:10A3A0002FFD47E0CDE900762179E0780823E268C7
:10A3B000FDF76EFD3EE02078E578C00709D0CDE9D5
:10A3C00000762179082328222846FDF75DFC083510
:10A3D000EDB2A078102817D2DFE800F016080E3290
:10A3E0003C56168A9A16B41616CED45CCDE9007681
:10A3F0000823217925221AE1CDE90076217910235D
:10A400008D4A284622E0EDB22078C00712D0CDE96F
:10A4100000762179082329222846FDF735FCCDE96D
:10A4200000760835E8B22179082300E006E03A22F8
:10A43000FDF72AFC2469002C7FF47BAFBDE8FE8386
:10A44000CDE90076217910237C4A2846FDF7B8FC37
:10A450001035D8E7CDE90076217908236D2228460A
:10A46000FDF712FCCDE900760835EDB2217908231D
:10A4700067222846FDF708FCCDE900760835082359
:10A48000EDB221792F22C8E0CDE9007608232179A9
:10A49000402204E0CDE90076217908236D22284688
:10A4A000FDF7F2FBCDE900760835EDB221790823FE
:10A4B00053222846FDF7E8FBCDE900760835EDB2DA
:10A4C000217908232F222846FDF7DEFBCDE900760F
:10A4D0000835EDB22179082363222846FDF7D4FB25
:10A4E000CDE9007608350823EDB221796D229EE092
:10A4F000CDE90076217908236D222846FDF7C4FBBB
:10A50000CDE9007608350823EDB2217956228EE098
:10A51000CDE90076217908236B222846FDF7B4FBAC
:10A52000CDE900760835EDB221790823502228467E
:10A53000FDF7AAFBCDE9007608350823EDB22179B5
:10A54000612274E0CDE90076217908237022284643
:10A55000FDF79AFBCDE900760835EDB221790823A5
:10A5600070222846FDF790FBCDE9007608350823D8
:10A57000EDB2217974225AE0CDE9007608232179E1
:10A5800043220EE0CDE90076217908234B222846AC
:10A59000FDF77AFBCDE90076083521790823EDB285
:10A5A00063222846FDF770FBCDE900760835EDB251
:10A5B0002179082365222846FDF766FBCDE9007660
:10A5C0000835EDB2217908236C222846FDF75CFBA3
:10A5D000CDE900760835EDB2217908236C222846B2
:10A5E000FDF752FBCDE900760835EDB2217908235D
:10A5F00073222846FDF748FBCDE900760835EDB219
:10A60000217908232F222846FDF73EFBCDE900766D
:10A61000083521790823EDB26D222846FDF734FB79
:10A62000CDE90076083521790823EDB24C22284681
:10A63000FDF72AFB0835E6E69E1E00201E280020B6
:10A640003EB5002416480094019414490294C0E9D0
:10A6500000148460C460046144618461C461046264
:10A6600080F824400125856280F82C401021C0E943
:10A670000D1480F83C40FDF711FE08B1FDF75CFABF
:10A680001720CDE90005694602940548FDF754FD01
:10A69000002801D0FDF750FA3EBD00000024014023
:10A6A00048580020114808B5016841F080710160E8
:10A6B0000068002200F08070009003210D20FEF75A
:10A6C00055FA0D20FEF744FA002202210F20FEF772
:10A6D0004DFA0F20FEF73CFA002204211020FEF76D
:10A6E00045FABDE808401020FEF732BA1C38024097
:10A6F0002DE9F04F87B014216846F6F798F89F4887
:10A7000000689E4940F010000860086800F01000E2
:10A710000590086840F004000860086800F0040034
:10A720000590086840F020000860086800F02000EC
:10A7300005900846006840F001000860086800F0D5
:10A7400001000590086840F002000860086800F009
:10A7500002000590086840F00800086008680122BF
:10A7600000F0080005904FF482718548FEF75BF910
:10A77000002248F240018248FEF755F9DFF80492C2
:10A78000002281214846FEF74EF94FF47F4B00220C
:10A7900059467D48FEF747F94FF4E07401222146FF
:10A7A0007A48FEF740F900224FF490517748FEF7BF
:10A7B0003AF9012280217448FEF735F90122214639
:10A7C0007348FEF730F97E200326CDE90006002508
:10A7D000694602954846FEF737F84EF22F00CDE95C
:10A7E0000006694602956948FEF72EF841F23B00E3
:10A7F000CDE90006694602956148FEF725F84FF05D
:10A80000040A01240227CDF800A00396CDE90147F0
:10A8100069465B48FEF718F84FF40068CDF80080F1
:10A820000396CDE9014769465548FEF70DF8002229
:10A8300041465348FEF7F7F84FF0400801AACDF81B
:10A84000008082E8700069464D48FDF7FDFF4CF638
:10A850000760CDE90006694602954D48FDF7F4FF13
:10A8600081208DE83100694648460395FDF7ECFFED
:10A870004FF47E40CDE90005694648460295FDF754
:10A88000E3FF4FF08009CDE9009569463C48029509
:10A89000FDF7DAFF1020CDE9000569463B48029537
:10A8A000FDF7D2FF3003CDE900056946384802952F
:10A8B000FDF7CAFFCDE900B4CDE90246694632484A
:10A8C000FDF7C2FFCDE9008469463048CDE9024575
:10A8D000FDF7BAFF4FF49C50CDE90004CDE90246E4
:10A8E00069462A48FDF7B0FF2003CDE90004CDE911
:10A8F000024669462548FDF7A7FF4FF48078CDE969
:10A900000084CDE9024669461D48FDF79DFFCDF85C
:10A9100000A0CDE9016569461E48FDF795FFE003FB
:10A92000CDE900040294694615480394FDF78CFFB5
:10A930001F20CDE90006694602951348FDF784FF04
:10A9400001AACDF8009082E8700069460E48FDF734
:10A950007BFFC020009001AA112082E851006946C7
:10A960000B48FDF771FFCDE90084CDE90247694648
:10A970000748FDF769FF07B0BDE8F08F1C380240BB
:10A980000000024000100240000C0240000802409B
:10A990000004024000140240094810B50749016054
:10A9A0000321416040F6FF718160FEF747F80028FF
:10A9B00003D0BDE81040FDF7BFB810BD0030004027
:10A9C0009C5800200D4810B50B4901604FF482716E
:10A9D0004160002181604FF40072C160C0E906212E
:10A9E00081620A21C162FEF741FC002803D0BDE864
:10A9F0001040FDF7A1B810BD00300140A85800205C
:10AA000010B586B000241748009401940294039472
:10AA100004944FF08041059401601F21C0E90114A6
:10AA200040F2E731C0E9031480214161FEF7E6FD01
:10AA300008B1FDF781F84FF480500090694609484D
:10AA4000FEF74AFE08B1FDF777F8049404A905481B
:10AA50000594FEF79FFD002801D0FDF76DF806B0C4
:10AA600010BD0000005900200C4810B50A490160D3
:10AA70004FF4E1314160002181600C22C160C0E9E6
:10AA800004128161C161FFF78FF8002803D0BDE88F
:10AA90001040FDF751B810BD00380140405900206A
:10AAA0000C4810B50A4901604FF41651416000216D
:10AAB00081600C22C160C0E904128161C161FFF7AD
:10AAC00073F8002803D0BDE81040FDF735B810BD7D
:10AAD00000440040845900200C4810B50A49016028
:10AAE0004FF416514160002181600C22C160C0E921
:10AAF00004128161C161FFF757F8002803D0BDE857
:10AB00001040FDF719B810BD00480040C85900209A
:10AB1000FEE7000070B510F02FFC714C0B2804F11B
:10AB200008056FD01FDC022850D0042870D00828F8
:10AB30006AD1A079032867D104F0F8FE0CF03CFB41
:10AB4000407922285BD00CF03DFB294600F0CEF87E
:10AB50000CF032FB4079222857D00CF033FBBDE8D3
:10AB60007040FBF74AB80C2815D0122870D0132873
:10AB70004AD1E079632847D1207A122844D104F0E1
:10AB8000D5FE0DF0A7F903283ED1BDE870400121A4
:10AB9000022008F03BBFA079032835D12220FAF724
:10ABA0007DFC0CF009FB407922280CD00CF00AFB4C
:10ABB000294600F0C3F810F099FB0CF0FDFABDE84F
:10ABC000704000F00FBB0CF0F7FAF1E7A079032812
:10ABD00079D104F0ABFE0CF0EFFA407922280BD0CB
:10ABE0000CF0F0FA0C22294600F099F80CF0E4FA87
:10ABF000BDE8704000F0D4BA0CF0DEFAF2E70CF0D9
:10AC0000DBFAA2E725E003E05DE00CF0D5FAA6E769
:10AC1000A079032857D104F089FE0CF0CDFA4079D1
:10AC200022280FD00CF0CEFA294600F087F80CF05D
:10AC3000C3FA4079222808D00CF0C4FABDE870406D
:10AC4000FAF7D4BF0CF0B8FAEEE70CF0B5FAF5E776
:10AC50003AE0A079102836D104F068FE0DF03AF9F8
:10AC60003B2814D008DC03280DD036280FD0382814
:10AC70000DD03A2827D10AE03C2808D03D2806D03C
:10AC80003E2820D103E00121022008F0BFFE01216F
:10AC9000022008F0BBFE0DF023F98068114900691D
:10ACA0000069006981600DF01BF980680E49006938
:10ACB00000690069C1600DF013F980680421006922
:10ACC00000690069417170BDA0791028FBD104F0C2
:10ACD0002DFE0DF0FFF835283FF457AF70BD000092
:10ACE00044560020D3090208D709020810B50028ED
:10ACF00014D00A782E2430328277C4774A783032E2
:10AD000080F82020002280F821208B78303300F852
:10AD10001A3F4470C97830318170C27010BD30B5AF
:10AD2000002809D0002305E0CC5CC5185B1C85F821
:10AD30005540DBB29342F7D330BD00002DE9FE4F02
:10AD400004007DD0087884F87000487884F8710099
:10AD5000887884F87200C87884F87300087904F859
:10AD6000680F487960708879A070C879E070087AB7
:10AD70002071487A6071887AA071C87AE071087E83
:10AD80002074487E6074887EA074C87EE074087F5A
:10AD90002073487F6073887FA073C87FE073683C2E
:10ADA00013F030F8A8B1A06E14F0D4FA7A4A7B4BB5
:10ADB00014F0A6F800227A4B13F08EFD13F05AFD22
:10ADC0007849A066884203DC4FF08441884200DA6B
:10ADD000A166754DA06F294614F0B4FC14F0BAFAC0
:10ADE000CDE9000171A2082104F13E00F5F784FBD2
:10ADF0002946606F14F0A6FC14F0ACFACDE900010E
:10AE00006AA2082104F14600F5F776FB207804F1E8
:10AE10002A07410704F1300604F1370526D520F052
:10AE200004002070206F6061A06E14F093FACDE9E9
:10AE3000000160A206213846F5F75EFBE06E00E0F7
:10AE400012E014F087FACDE900015CA20721304638
:10AE5000F5F752FB206F14F07DFACDE9000157A2FF
:10AE600007212846F5F748FBBDE8FE8F216FA06853
:10AE700014F09CFAA060E16EE06814F097FAE060CC
:10AE8000A16E206914F092FA20612046F9F7BEFC09
:10AE9000206F6061E079401CC0B2E0710328E3D309
:10AEA00014F008FC80464146206914F0EDFA029047
:10AEB0004146E06814F0E8FA83464146A06814F081
:10AEC000E3FA824612F0D8FEDFF8F8904FF000085F
:10AED00090B312F07FFF02282FD399F8001004F1ED
:10AEE0009C0001904A460C3804F1A809009051B129
:10AEF00082F80080009804F061FD019804F05EFD86
:10AF0000484604F05BFD5146009804F08AFD59461E
:10AF1000019804F086FD4846029904F082FD4846F7
:10AF200004F062FD0290009804F05EFD82460198F4
:10AF300004F05AFD834603E0FFE7012189F8001081
:10AF40002046FAF7FEFCE8B9029814F003FACDE9BE
:10AF5000000118A206213846F5F7CEFA584614F03B
:10AF6000F9F9CDE9000115A207213046F5F7C4FA39
:10AF7000504614F0EFF9CDE9000110A20721284650
:10AF8000F5F7BAFA84F80780C4F80880C4F80C8092
:10AF9000C4F8108068E70000CDCCCCCCCCCCFC3F12
:10AFA0000000404000000C4300007A4425352E325A
:10AFB0006600000025352E316600000025362E3251
:10AFC000660000001058002010B5002823D0124859
:10AFD000222200F8452F1022427063228270002244
:10AFE000C27002710222427104228271C1710A0A86
:10AFF00002720A0C4272090E81720D2100F8421C85
:10B000000548453001F00EFC10F018FCBDE810407A
:10B010000B2010F03FBC10BD4456002010B5002896
:10B0200023D012482222002300F8452F102242701C
:10B03000632282700222C270037142710422827103
:10B04000C1710A0A02720A0C4272090E81720D2144
:10B0500000F8421C0548453001F0E4FB10F0EEFB1F
:10B06000BDE810400B2010F015BC10BD4456002068
:10B0700010B5002823D012482222002300F8452FC3
:10B0800010224270632282700422C2700371022374
:10B0900043718271C1710A0A02720A0C4272090E6E
:10B0A00081720D2100F8421C0548453001F0BAFBC1
:10B0B00010F0C4FBBDE810400B2010F0EBBB10BD3E
:10B0C0004456002010B500281FD01048222101222C
:10B0D00000F8451F10214170632181701221C17059
:10B0E00000210171427102238371C27101720B212F
:10B0F00000F8421C0548453001F094FB10F09EFB1F
:10B10000BDE81040132010F0C5BB10BD4456002010
:10B1100010B5002824D01348222200F8452F102211
:10B120004270632282700622C270002202710222E3
:10B13000427104228271C1710A0A02720A0C4272BF
:10B14000090E81720D2100F8421C0648453001F0BD
:10B1500069FB10F073FBBDE810400B2010F09ABBA8
:10B1600010BD0000445600200C4810B5222100F804
:10B17000451F03214170612181700021C17001715F
:10B1800010214171082100F8421C0448453001F0AB
:10B1900049FBBDE810400C2010F07CBB4456002059
:10B1A00010B500281AD00E48222100F8451F0321AF
:10B1B0004170622181700021C170017102214171D1
:10B1C000082100F8421C0648453001F02BFB10F026
:10B1D00035FBBDE81040082010F05CBB10BD00003E
:10B1E0004456002010B500281AD00E48222100F83D
:10B1F000451F03214170622181700221C17000212D
:10B2000001710821417100F8421C0648453001F0E7
:10B2100009FB10F013FBBDE81040022010F03ABB10
:10B2200010BD00004456002010B5002818D00D486D
:10B23000222100F8451F0321417061218170002106
:10B24000C170017110214171082100F8421C0548AC
:10B25000453001F0E7FABDE81040042010F01ABBB9
:10B2600010BD00004456002010B5002824D013481B
:10B27000222200F8452F1022427063228270082299
:10B28000C270002202710222427104228271C171D5
:10B290000A0A02720A0C4272090E81720D2100F82C
:10B2A000421C0648453001F0BDFA10F0C7FABDE86F
:10B2B00010400B2010F0EEBA10BD000044560020E4
:10B2C00010B5002827D0144A40F8681F222102F840
:10B2D000451F10215170632191700E21D170002102
:10B2E000117102215171042191710178D17141785C
:10B2F000117281785172C078907207480D2102F85E
:10B30000421C453001F08EFA10F098FABDE810406A
:10B31000122010F0BFBA10BD4456002070B510F0D6
:10B320002BF8784C0B2804F1080572D022DC022897
:10B3300053D0042876D008286DD1A07904286AD18A
:10B34000E079022867D104F0F1FA0BF035FF40797B
:10B350005E2861D00BF036FF294612F0BFFF0BF0DC
:10B360002BFF40795E285AD00BF02CFFBDE87040CF
:10B37000FAF743BC0C2815D0122873D013284AD1F1
:10B38000E0799C2847D1207A512844D104F0CEFAA4
:10B390000CF0A0FD03283ED1BDE870400121022041
:10B3A00008F034BBA079042835D15E20FAF776F88E
:10B3B0000BF002FF40795E280CD00BF003FF29460A
:10B3C00000F0A6F80FF092FF0BF0F6FEBDE870401B
:10B3D00000F02ABB0BF0F0FEF1E7A07904281AD1A7
:10B3E000E0790C287FD104F0A1FA0BF0E5FE40795A
:10B3F0005E280BD00BF0E6FE0C22294612F083FFEC
:10B400000BF0DAFEBDE8704000F0ECBA0BF0D4FEB1
:10B41000F2E72BE006E066E00BF0CEFE9CE70BF0D7
:10B42000CBFEA3E7A07904285DD1E07914285AD196
:10B4300004F07CFA0BF0C0FE40795E280FD00BF0D0
:10B44000C1FE294600F064F80BF0B6FE40795E2894
:10B4500009D00BF0B7FEBDE87040FAF7C7BB0BF0A0
:10B46000ABFEEEE740E00BF0A7FEF4E7A079102872
:10B4700039D1E0799C2836D104F058FA0CF02AFD35
:10B480003B2814D008DC03280DD036280FD03828EC
:10B490000DD03A2827D10AE03C2808D03D2806D014
:10B4A0003E2820D103E00121022008F0AFFA01215B
:10B4B000022008F0ABFA0CF013FD80681249006915
:10B4C0000069006981600CF00BFD80680F4900691C
:10B4D00000690069C1600CF003FD80680421006907
:10B4E00000690069417170BDA0791028FBD1E07935
:10B4F0009C28F8D104F01AFA0CF0ECFC35283FF443
:10B500004BAF70BD44560020D3090208D70902088A
:10B510002DE9FE4F04007DD0487884F8700008784B
:10B5200084F87100C87884F87200887884F8730011
:10B53000487904F8680F08796070C879A070887934
:10B54000E070487A2071087A6071C87AA071887AB0
:10B55000E071487B2074087B6074C87BA074887B92
:10B56000E074487C2073087C6073C87CA073887C7E
:10B57000E073683C12F046FCA8B1A06E13F0EAFE3E
:10B580007A4A7B4B13F0BCFC00227A4B13F0A4F9EF
:10B5900013F070F97849A066884203DC4FF08441CB
:10B5A000884200DAA166754DA06F294614F0CAF8EA
:10B5B00013F0D0FECDE9000171A2082104F13E0094
:10B5C000F4F79AFF2946606F14F0BCF813F0C2FE3E
:10B5D000CDE900016AA2082104F14600F4F78CFFCE
:10B5E000207804F12A07410704F1300604F13705F9
:10B5F00026D520F004002070206F6061A06E13F04B
:10B60000A9FECDE900015EA206213846F4F774FFD9
:10B61000E06E00E012E013F09DFECDE900015AA2B9
:10B6200007213046F4F768FF206F13F093FECDE951
:10B63000000155A207212846F4F75EFFBDE8FE8F02
:10B64000216FA06813F0B2FEA060E16EE06813F015
:10B65000ADFEE060A16E206913F0A8FE20612046D7
:10B66000F9F7D4F8206F6061E079401CC0B2E07156
:10B670000328E3D314F01EF880464146206913F0F6
:10B6800003FF02904146E06813F0FEFE8346414608
:10B69000A06813F0F9FE824612F0EEFADFF8F0909F
:10B6A0004FF0000890B312F095FB02282FD399F8C1
:10B6B000001004F19C0001904A460C3804F1A809DE
:10B6C000009051B182F80080009804F077F9019859
:10B6D00004F074F9484604F071F95146009804F0FA
:10B6E000A0F95946019804F09CF94846029904F0E3
:10B6F00098F9484604F078F90290009804F074F93B
:10B700008246019804F070F9834603E0FFE70121C7
:10B7100089F800102046FAF714F9E8B9029813F0F6
:10B7200019FECDE9000116A206213846F4F7E4FE21
:10B73000584613F00FFECDE9000113A20721304651
:10B74000F4F7DAFE504613F005FECDE900010EA233
:10B7500007212846F4F7D0FE84F80780C4F8088053
:10B76000C4F80C80C4F8108068E70000CDCCCCCCC5
:10B77000CCCCFC3F0000404000000C4300007A4469
:10B7800025352E326600000025362E326600000078
:10B79000105800201CB50C46002832D0684600F036
:10B7A0001FFEDDE9000104F0A1F9164A5E2102F84E
:10B7B000451F102151709C2191706221D170002190
:10B7C00011710421517108219171010AD171107216
:10B7D000010E5172000C9072200AD0721473200E68
:10B7E0005073200C90730748112102F8421C453019
:10B7F00001F018F810F022F8BDE81C400B2010F002
:10B8000049B81CBD445600201CB50C46002832D057
:10B81000684600F0E5FDDDE9000104F067F9164A2D
:10B820005E2102F8451F102151709C219170662104
:10B83000D170002111710421517108219171010A07
:10B84000D1711072010E5172000C9072200AD072E8
:10B850001473200E5073200C90730748112102F8C6
:10B86000421C453000F0DEFF0FF0E8FFBDE81C4051
:10B870000B2010F00FB81CBD445600201CB50C4620
:10B88000002832D0684600F0ABFDDDE9000104F08D
:10B890002DF9164A5E2102F8451F102151709C2196
:10B8A00091706A21D1700021117104215171082118
:10B8B0009171010AD1711072010E5172000C9072D7
:10B8C000200AD0721473200E5073200C9073074816
:10B8D000112102F8421C453000F0A4FF0FF0AEFF2A
:10B8E000BDE81C400B200FF0D5BF1CBD4456002006
:10B8F00010B500281BD00E485E2100F8451F062118
:10B9000041709C2181705121C17000210171012180
:10B910004171082100F8421C0548453000F082FFC3
:10B920000FF08CFFBDE8104013200FF0B3BF10BD27
:10B93000445600201CB50C46002832D0684600F062
:10B940004FFDDDE9000104F0D1F8164A5E2102F84E
:10B95000451F102151709C2191707221D1700021DE
:10B9600011710421517108219171010AD171107274
:10B97000010E5172000C9072200AD0721473200EC6
:10B980005073200C90730748112102F8421C453077
:10B9900000F048FF0FF052FFBDE81C400B200FF0F5
:10B9A00079BF1CBD445600200D4810B55E2100F83B
:10B9B000451F04214170752181706921C1700021EA
:10B9C00001710A214171082100F8421C04484530E8
:10B9D00000F028FFBDE810400C200FF05BBF000016
:10B9E0004456002010B500281BD00E485E2100F8F8
:10B9F000451F04214170752181704521C1700021CE
:10BA0000017101214171082100F8421C05484530AF
:10BA100000F008FF0FF012FFBDE8104008200FF003
:10BA200039BF10BD4456002010B500281BD00E4869
:10BA30005E2100F8451F042141707521817030217D
:10BA4000C1700021017106214171082100F8421CDA
:10BA50000548453000F0E6FE0FF0F0FEBDE810406E
:10BA600002200FF017BF10BD4456002010B500286B
:10BA700019D00D485E2100F8451F04214170752141
:10BA800081706921C170002101710A214171082171
:10BA900000F8421C0448453000F0C4FEBDE81040E8
:10BAA00004200FF0F7BE10BD445600201CB50C4614
:10BAB000002832D0684600F093FCDDE9000104F074
:10BAC00015F8164A5E2102F8451F102151709C217D
:10BAD00091707621D17000211171042151710821DA
:10BAE0009171010AD1711072010E5172000C9072A5
:10BAF000200AD0721473200E5073200C90730748E4
:10BB0000112102F8421C453000F08CFE0FF096FE29
:10BB1000BDE81C400B200FF0BDBE1CBD44560020EC
:10BB200010B5002827D0144A40F8681F5E2102F89B
:10BB3000451F102151709C2191707A21D1700021F4
:10BB4000117102215171042191714178D1710178F3
:10BB50001172C17851728078907207480D2102F8F5
:10BB6000421C453000F05EFE0FF068FEBDE810405C
:10BB700012200FF08FBE10BD44560020FDF764F96F
:10BB8000FEE72DE9F04387B00DF1380E81469EE8BF
:10BB9000E011DDE91304CDE904C08DE8E001484679
:10BBA00000F0A8F8216859B1896981612168416173
:10BBB0002168896948612168886107B0BDE8F08320
:10BBC0002060FAE770B504460068002808D045698F
:10BBD000F4F797FB216828468142F8D100202060C5
:10BBE00070BD10B5002808D082798369406983420E
:10BBF000847902FB0142F9D1104610BD2DE9FE43C4
:10BC000088460746040062D0374E10256078D0B1D0
:10BC100001283AD0022802D0032855D159E02078D3
:10BC2000B8F1000F00F0010009D00095CDE90150F6
:10BC30006379E268E178A078FCF7E2F844E0CDE9C6
:10BC4000005022693BE02078800712D5A0790A28AD
:10BC500001D2303000E03730307000207070207832
:10BC6000082300F00100CDE90050E178A0781E4AD9
:10BC700028E0A1790A20B1FBF0F230323270B1FB3A
:10BC8000F0F200FB12103030E8E70CF023F9112835
:10BC900002D0122818D109E02078082300F0010012
:10BCA000CDE90050E178A078104A0BE020781049E7
:10BCB00000F00100CDE90050A07951F82020E17892
:10BCC000A0780823FCF7E4F86469BC429ED1BDE883
:10BCD000FE832078009500F00100CDE90150A179A4
:10BCE000E06863794218A5E7C0550020D70C020828
:10BCF000005500202DE9F05F0746DDE90E8A1C465D
:10BD000015460E462020DDF830B0DDF82890F4F717
:10BD1000C9FA002813D0406180618770C670C56081
:10BD2000447180F806B00D99C17180F80880C0F8A0
:10BD3000109002786AF3410202700B994170BDE8DD
:10BD4000F09F00000C48A0F18402C168D161002975
:10BD500006D0886928B11062017841F001010170B4
:10BD60007047D0690069D06183690BB11846F2E76A
:10BD70008142F6D170470000A055002010B50FF0A9
:10BD8000FBFA3E4904282FD00B284ED00C2813D0A4
:10BD9000132825D1C8790B2822D1087A33281FD13E
:10BDA00003F0C4FD0CF096F8032819D10121BDE879
:10BDB0001040022007F02ABE8879042810D10920FB
:10BDC000F9F76CFB0FF092FA0BF0F6F940790928BD
:10BDD00007D00BF0F7F9F9F710FF29490020087098
:10BDE00010BD0BF0E9F9F6E788790428F8D103F0E3
:10BDF0009DFD0BF0E1F94079092810D00BF0E2F934
:10BE00001E49083100F042F80BF0D6F940790928B4
:10BE100008D00BF0D7F9BDE81040F9F7E7BE0BF0FA
:10BE2000CBF9EDE70BF0C8F9F5E788791028D7D101
:10BE3000C8799C28D4D103F079FD0CF04BF8532835
:10BE4000CED10121022007F0E1FD0CF049F8806815
:10BE50000C4900690069006981600CF041F8806854
:10BE60000949006900690069C1600CF039F880680F
:10BE70000421006900690069417110BD4456002029
:10BE800028550020D3090208D70902082DE9F047F8
:10BE9000040066D0487884F88C00087884F88D0017
:10BEA000207804F13705410710D520F004002070F8
:10BEB000B4F98C00064613F0E5FB60613346284672
:10BEC000BDE8F04728A20721F4F716BBB4F88E00AE
:10BED000B4F88C100844A4F88E002046F8F796FCBD
:10BEE000B4F98C0013F0CEFB6061E079401CC0B265
:10BEF000E071032835D3B4F98E1091FBF0F006B24F
:10BF000011F0C0FE194F4FF00009D0B111F068FFD9
:10BF1000022816D3387804F1900820B187F80090F1
:10BF2000404603F04BFD304613F0ACFB0146404663
:10BF300003F077FD404603F057FD13F067FB06B2B0
:10BF400001E0012038702046F9F7FBFC28B93346A0
:10BF500005A207212846F4F7CFFA84F80790A4F841
:10BF60008E90BDE8F0870000253564001058002051
:10BF700010B500281AD00E48092200F8452F1022CB
:10BF800042700B2282700122C2700A0A0271417152
:10BF9000082100F8421C0648453000F043FC0FF031
:10BFA0004DFCBDE810400B200FF074BC10BD00002C
:10BFB0004456002010B500281BD00E48092100F877
:10BFC000451F062141700B2181703321C170002172
:10BFD000017101214171082100F8421C05484530DA
:10BFE00000F020FC0FF02AFCBDE8104013200FF0F9
:10BFF00051BC10BD445600200C4810B5092100F872
:10C00000451F042141700B2181700021C170017115
:10C0100001214171082100F8421C0448453000F01C
:10C0200001FCBDE810400C200FF034BC4456002049
:10C0300010B5002818D00D48092100F8451F04212B
:10C0400041700B2181700021C1700171012141718A
:10C05000082100F8421C0548453000F0E3FBBDE82C
:10C06000104004200FF016BC10BD00004456002004
:10C070002DE9F04387B00DF1380E81469EE8E011BE
:10C08000DDE91304CDE904C08DE8E001484600F085
:10C09000E3F8216859B1496941612168016121686A
:10C0A000496908612168486107B0BDE8F0832060F4
:10C0B000FAE700002DE9F041054604680B48002727
:10C0C00007604760286800280ED02669A06918B16B
:10C0D00004F11800FFF776FD2046F4F712F92868FE
:10C0E0003446A042F1D12F60BDE8F081B855002060
:10C0F0002DE9FE4F154602000F464FF001006FD0AC
:10C10000444E316809B1716859B932607260716822
:10C11000096971600969914203D0401CC0B20728C7
:10C12000F5D334684FF08341284694F8038013F028
:10C130003DF983464FF08441284613F037F9824693
:10C140001025B146E1785E46A1EB080013F09AFA9B
:10C15000314613F0F7FA0146504613F027F913F071
:10C1600071FAC6B2207881070BD500F0010206F102
:10C170001100C1B2701EC0B20BF0E6FB102011F02E
:10C18000B7FB207801070AD500F001000095CDE942
:10C190000150A37831460020A268FBF731FE607899
:10C1A00002280FD001281CD0DFB12078009500F0C4
:10C1B0000100CDE90150A37831460020A268FBF7C9
:10C1C0001FFE19E06FB12078009500F00100CDE965
:10C1D0000150A37831460020A268FBF735FE0BE042
:10C1E00015E02078082300F00100CDE90050314629
:10C1F0000020E268FBF74CFEA06910B13946FFF75A
:10C20000FDFCD9F8040024690069A0429AD1BDE878
:10C21000FE8F0000B85500200E4910B5A1F184032F
:10C22000CA68DA61002A06D0D178814204D1107838
:10C2300040F00100107010BDD9690969D961CC784E
:10C24000844204D1087840F00100087010BD8A4291
:10C25000F2D110BDA05500202DE9F05F0746DDE9C1
:10C260000D8ADDE90A9B1C4615460E461C20F4F794
:10C2700019F8002816D000614061C77080F804905A
:10C2800001780C9A21F001016BF3410162F3820104
:10C2900068F3C301017080F801A086608570C460F6
:10C2A0000F998161BDE8F09F7047000038B51C4AC6
:10C2B000002112681B4C12F0F00F23D1184A1C32D7
:10C2C0001368DD00184B03D51A6802F4C0530EE062
:10C2D000156845F080551560156805F08055009586
:10C2E0001B68156803F4C05325F080551560B3F53D
:10C2F000C05F07D1B0F5404F04D12068012140F064
:10C3000004002060206820F00100084320602068BD
:10C3100000F00100884201D0012038BD002038BD66
:10C3200008380240003C02400070004070B511F037
:10C33000B9FB00282CD017491648491E40780978C7
:10C34000884225D1144D00224FF400412846FCF7C5
:10C350006AFB0020FBF7FAFB0024FBF733FE641CAA
:10C36000E4B2C82CF9D310210C48FCF74FFB28B1DC
:10C37000012280210A48FCF756FBFEE7802128466F
:10C38000FCF744FB012803D0BDE87040FCF720BC5B
:10C3900070BD0000D5560020000002400008024099
:10C3A000001002400148C07870470000D5560020B8
:10C3B0000148807870470000D55600200148407839
:10C3C00070470000D55600200148407970470000B2
:10C3D000D55600200148007870470000D55600204F
:10C3E000044951F8012F02608A888280897981711D
:10C3F00070470000D45600200148007970470000C3
:10C40000D55600200148807970470000D55600209D
:10C41000054949780844C0B23C2800D33C38024959
:10C42000491E087070470000D556002038B50446F4
:10C430001248134D4FF47A730068B0FBF5F058437F
:10C4400000906068B0F5827F0DD10B46009200220B
:10C450008021204600F016F870B1606D40F0200099
:10C460006065032038BD009830B1401E0090206800
:10C470008068C0430006F6D5002038BD10000020BB
:10C4800000366E012DE9F8431E4691468846044663
:10C49000089DFCF7CDFA401B351AFCF7C9FA074690
:10C4A00025480068C0F3CB30684338E0701C37D0B3
:10C4B000FCF7BEFAC01BA84203D215B1009860B3C6
:10C4C0002CE02068416821F0E00141606068B0F52F
:10C4D000827F0BD1A068B0F5004F02D0B0F5806F1D
:10C4E00004D12068016821F040010160A06AB0F524
:10C4F000005F09D12068016821F4005101602068C3
:10C50000016841F400510160012084F851000020CD
:10C5100084F850000320BDE8F8830025401E0090F9
:10C520002068816838EA010004D000204845BDD168
:10C530000020F0E70120F9E710000020704700001C
:10C5400070B5184C184D194E60686968884218D14A
:10C550000EF00CFF0DF08CF90AF034FE58B1706843
:10C560006060307820700EF001FF0DF081F968688E
:10C57000606028782070BDE870400121084607F00F
:10C5800045BA0EF0F3FE0DF073F968686060287824
:10C5900020700EF0EBFE0DF06BF970686060307883
:10C5A000E8E70000145800201C5800202458002000
:10C5B00070B54C4C002560790C2874D00026607949
:10C5C00040B901200DF0E8F808B1012077E060796A
:10C5D000401C6071C0B2012808D102200DF0DCF8C7
:10C5E00008B102206BE06079401C6071C0B2022883
:10C5F00008D103200DF0D0F808B103205FE0607986
:10C60000401C6071C0B2032808D104200DF0C4F8AA
:10C6100008B1042053E06079401C6071C0B2042866
:10C6200008D105200DF0B8F808B1052047E0607981
:10C63000401C6071C0B2052808D106200DF0ACF88E
:10C6400008B106203BE06079401C6071C0B206284A
:10C6500008D107200DF0A0F808B107202FE060797D
:10C66000401C6071C0B2072808D108200DF094F872
:10C6700008B1082023E06079401C6071C0B208282E
:10C6800008D109200DF088F808B1092017E0607979
:10C69000401C6071C0B2092809D10A200DF07CF855
:10C6A00010B10A200BE00BE06079401C6071C0B251
:10C6B0000A2809D10B200DF06FF810B10B20607122
:10C6C00070BD6079401C6071C0B20B2803D0002D92
:10C6D0003FF475AF70BD00200DF05EF86671002864
:10C6E000F5D070BD1C55002070B54D4C002560790B
:10C6F0000C2873D00B2610F0FF0002D0012807D0C1
:10C700000FE00B200DF048F8667100287FD178E02B
:10C7100000200DF041F808B1002077E06079401E5C
:10C720006071C0B2022808D101200DF035F808B1BF
:10C7300001206BE06079401E6071C0B2032808D10F
:10C7400002200DF029F808B102205FE06079401E58
:10C750006071C0B2042808D103200DF01DF808B1A3
:10C76000032053E06079401E6071C0B2052808D1F3
:10C7700004200DF011F808B1042047E06079401E54
:10C780006071C0B2062808D105200DF005F808B187
:10C7900005203BE06079401E6071C0B2072808D1D7
:10C7A00006200CF0F9FF08B106202FE06079401E4A
:10C7B0006071C0B2082808D107200CF0EDFF08B165
:10C7C000072023E06079401E6071C0B2092809D1BA
:10C7D00008200CF0E1FF10B1082017E017E06079A5
:10C7E000401E6071C0B20A2808D109200CF0D4FFA5
:10C7F00008B109200AE06079401E6071C0B20B28C0
:10C8000009D10A200CF0C8FF10B10A20607170BD78
:10C810006079401E6071002D3FF46DAF70BD000067
:10C820001C55002030B505460C46881E81B22846AE
:10C83000F7F7BCFF291901F8020D000A487030BD56
:10C84000C8224FF44071014800F0CABFB07B0020FD
:10C850007CB5002510240823464A29462846CDE900
:10C860000045FBF715FBFFF7A9FD0646FFF7A0FD06
:10C87000034641A206213F480096F3F73DFE0EF025
:10C8800075FD01210D2818D2DFE800F00E1B232BC7
:10C89000333B434B535B636B070008230021394A4A
:10C8A0003C20CDE9004506E0CDE90041354A0823AA
:10C8B000543A00213C20FBF7EBFABDE87C400BF03A
:10C8C00067B9CDE900412F4A08234D3A00213C20A9
:10C8D000F1E7CDE900412B4A0823463A00213C20EC
:10C8E000E9E7CDE90041274A08233F3A00213C20EF
:10C8F000E1E7CDE90041234A0823383A00213C20F2
:10C90000D9E7CDE900411F4A0823313A00213C20F4
:10C91000D1E7CDE900411B4A08232A3A00213C20F7
:10C92000C9E7CDE90041174A0823233A00213C20FA
:10C93000C1E7CDE90041134A08231C3A00213C20FD
:10C94000B9E7CDE900410F4A0823153A00213C2000
:10C95000B1E7CDE900410B4A08230E3A00213C2003
:10C96000A9E7CDE90041074A0823D21F00213C2056
:10C97000A1E700006D550020253032643A253032A1
:10C9800064000000C30D0208FCF78AB800B593B03C
:10C9900034216846F3F74BFF14210DA8F3F747FF46
:10C9A0001848016821F4C05141F4006101600B2076
:10C9B0000090012010210190CDE903010590022093
:10C9C0000990C0030A904FF440200B9088040C900B
:10C9D0006846FCF747FA08B172B6FEE70F200D90E3
:10C9E00003200E9000200F901090119001210DA8AF
:10C9F000FCF702F908B172B6FEE7FCF7CDF913B007
:10CA000000BD000000700040704700000148FCF7C6
:10CA1000CFBE000000590020F0B502684FF0804CF6
:10CA2000184C194D194E1A4F604507D0A04205D039
:10CA3000A84203D0B04201D0B84205D122F0700321
:10CA40004A681A4360450DD0A0420BD0A84209D0D5
:10CA5000B04207D0B84205D00E4B984202D00E4BE0
:10CA6000984203D122F44073CA681A430B6922F03A
:10CA700080021A4302608A68C262096881620121E9
:10CA80004161F0BD0004004000080040000C00407F
:10CA900000080140000C01400010014010B58468FE
:10CAA00042EA032224F47F440A432243826010BDF9
:10CAB000826822F070020A4342F0070181607047E9
:10CAC00010B5046A036A23F001030362836923F04B
:10CAD000F00343EA021324F00A020A43836102626C
:10CAE00010BD10B5036A23F0100303628469036A62
:10CAF00024F4704444EA023223F0A00343EA011113
:10CB00008261016210BD000070B50EF035FC7C4CF6
:10CB10000C2804F1080537D01ADC02284FD004286D
:10CB20007ED0082867D00B287BD1A079102878D137
:10CB3000E0799C2875D102F0F9FE0BF0CBF90328BF
:10CB400070D04D281AD04E2818D04F2869D115E042
:10CB5000122868D0132867D0192862D1A079042838
:10CB60005FD102F0E3FE0BF0B5F94D2803D04E285B
:10CB700001D04F2855D1607A01287CD00AF01CFBE7
:10CB8000BDE8704000F092BAA079042849D15B203A
:10CB9000F8F784FC0EF0AAFB0AF00EFB40795B2844
:10CBA0000AD00AF00FFB294600F0B0F80AF004FBA7
:10CBB000BDE8704000F038BA0AF0FEFAF3E7A07959
:10CBC00004287FD1E0790C287CD102F0AFFE0AF076
:10CBD000F3FA40795B280BD00AF0F4FA0C222946CC
:10CBE00011F091FB0AF0E8FABDE8704000F0FAB9E4
:10CBF0000AF0E2FAF2E7A079042863D102F096FE87
:10CC00000AF0DAFA40795B2815D00AF0DBFA2946F7
:10CC100011F064FB0AF0D0FA40795B280ED004E0F2
:10CC20000FE04FE065E04EE057E00AF0CBFABDE8D8
:10CC30007040F8F7E2BF0AF0BFFAE8E70AF0BCFA82
:10CC4000F5E7A07904283DD1E07908283AD102F02F
:10CC50006DFE0AF0B1FA40795B2811D00AF0B2FA01
:10CC6000294600F053F80AF0A7FA40795B280AD069
:10CC70000AF0A8FA00E009E0BDE87040F8F7B6BF96
:10CC80000AF09AFAECE70AF097FAF3E7012102209A
:10CC900006F0BCFE0BF024F980681A4900690069AF
:10CCA000006981600BF01CF9806817490069006910
:10CCB0000069C1600BF014F9806804210069006903
:10CCC0000069417170BDE0799C28FBD102F02EFE15
:10CCD0000BF000F935280CD070BDE0799C28FBD111
:10CCE000207A5128F8D102F021FE0BF0F3F8032846
:10CCF000F2D1BDE870400121022006F087BE00009D
:10CD000044560020D3090208D70902082DE9FF5F25
:10CD1000040052D0487884F87000087884F87100D4
:10CD2000C87884F87200887884F87300487984F8A9
:10CD30007800087984F87900C87984F87A008879CD
:10CD400084F87B006549A06F12F0FCFC12F002FB36
:10CD5000CDE9000162A2082104F13E00F3F7CCFB0B
:10CD60000025A566E566207804F12A08420704F14B
:10CD7000300704F1370622D520F004002070206F20
:10CD800060610020CDE9000055A206214046F3F77E
:10CD9000B3FBE06E12F0DEFACDE9000152A20721EA
:10CDA0003846F3F7A9FB206F12F0D4FACDE9000161
:10CDB0004DA207213046F3F79FFBBDE8FF9F216F8F
:10CDC000A06812F0F3FAA0602946E06812F0EEFACB
:10CDD000E0602946206912F0E9FA20612046F7F761
:10CDE00015FD206F6061E079401CC0B2E07103283E
:10CDF000E3D312F05FFC81464946206912F044FB00
:10CE000083464946E06812F03FFB82464946A068E7
:10CE100012F03AFB029010F03BFFDFF8D49088B399
:10CE200010F0E4FF02282ED399F8001004F19C00C2
:10CE300000904A460C3804F1A809039049B11570D6
:10CE4000039802F0BBFD009802F0B8FD484602F0DE
:10CE5000B5FDDDE9021002F0E4FD5146009802F054
:10CE6000E0FD5946484602F0DCFD484602F0BCFDB4
:10CE70008346039802F0B8FD0290009802F0B4FDDA
:10CE8000824603E0FFE7012189F800102046F8F709
:10CE900058FDE8B9584612F05DFACDE9000110A23C
:10CEA00006214046F3F728FB504612F053FACDE92D
:10CEB00000010DA207213846F3F71EFB029812F07D
:10CEC00049FACDE9000108A207213046F3F714FB27
:10CED000E571A560E56025616FE7000000007A4418
:10CEE00025352E326600000025362E326600000001
:10CEF0001058002010B500281BD00E485B2100F808
:10CF0000451F062141709C2181705121C170002173
:10CF1000017101214171082100F8421C054845308A
:10CF2000FFF780FC0EF08AFCBDE8104013200EF0E5
:10CF3000B1BC10BD445600201CB50C46002832D0B0
:10CF40006846FFF74DFADDE9000102F0CFFD164A11
:10CF50005B2102F8451F102151709C2191706021C6
:10CF6000D170002111710421517108219171010AC0
:10CF7000D1711072010E5172000C9072200AD072A1
:10CF80001473200E5073200C90730748112102F87F
:10CF9000421C4530FFF746FC0EF050FCBDE81C403B
:10CFA0000B200EF077BC1CBD445600200C4810B579
:10CFB0005B2100F8451F04214170752282706922AF
:10CFC000C270002202714171082100F8421C04481D
:10CFD0004530FFF727FCBDE810400C200EF05ABC8E
:10CFE0004456002010B500281BD00E485B2100F8E5
:10CFF000451F04214170752181704521C1700021B8
:10D00000017101214171082100F8421C0548453099
:10D01000FFF708FC0EF012FCBDE8104008200EF0EF
:10D0200039BC10BD4456002010B500281BD00E4856
:10D030005B2100F8451F042141707521817030216A
:10D04000C1700021017106214171082100F8421CC4
:10D0500005484530FFF7E6FB0EF0F0FBBDE8104059
:10D0600002200EF017BC10BD4456002010B5002859
:10D0700018D00D485B21752200F8451F042141702E
:10D0800082706922C270002202714171082100F889
:10D09000421C05484530FFF7C5FBBDE810400420A1
:10D0A0000EF0F8BB10BD00004456002010B500285B
:10D0B0001BD00E485B2100F8451F042141707521EB
:10D0C00081706621C1700021017101214171082127
:10D0D00000F8421C05484530FFF7A4FB0EF0AEFBFC
:10D0E000BDE8104019200EF0D5BB10BD44560020FD
:10D0F0001CB50C46002832D06846FFF771F9DDE90F
:10D10000000102F0F3FC164A5B2102F8451F1021D2
:10D1100051709C2191706421D17000211171042102
:10D12000517108219171010AD1711072010E517271
:10D13000000C9072200AD0721473200E5073200CD1
:10D1400090730748112102F8421C4530FFF76AFB33
:10D150000EF074FBBDE81C400B200EF09BBB1CBD09
:10D16000445600201CB50C46002832D06846FFF714
:10D1700037F9DDE9000102F0B9FC164A5B2102F83B
:10D18000451F102151709C2191706821D1700021A0
:10D1900011710421517108219171010AD17110722C
:10D1A000010E5172000C9072200AD0721473200E7E
:10D1B0005073200C90730748112102F8421C45302F
:10D1C000FFF730FB0EF03AFBBDE81C400B200EF0E1
:10D1D00061BB1CBD4456002010B5406A0021C185CA
:10D1E000C184FCF7C7FB10BD70B5446A2068406974
:10D1F00094F83D10C0F3C0100025212904D118B1C6
:10D20000E584204600F067F82068406994F83E10F5
:10D21000C0F38010222904D118B1E585204600F022
:10D2200042F8206C40F0100020642046FCF7A2FB7E
:10D2300070BD10B50146406A0968096889061BD4AB
:10D240000021C1850168CA6822F48072CA60016841
:10D250004A6922F001024A6101684A6922F04002EB
:10D260004A61202180F83E10016B012904D1016838
:10D27000CA6822F01002CA60016B012902D0FCF7D3
:10D28000B0FD10BD818DFCF73FFB10BD10B5406AAD
:10D29000016B012902D0FCF7B0FD10BD818D49085A
:10D2A000FCF732FB10BD0168CA6822F49072CA60B4
:10D2B00001684A6922F001024A61016B012904D127
:10D2C0000168CA6822F01002CA60202180F83E106E
:10D2D0000021016370470168CA6822F0C002CA6079
:10D2E000202180F83D10704708B590F83E102229A3
:10D2F00001D0022008BD81684FF48053994201D1CA
:10D30000026922B1826A99421BD049B10AE00268DF
:10D31000816A5268C2F308020A80816A891C08E0A7
:10D32000016971B10168496801F07F011170816A7A
:10D33000491C8162C18D491E0904090CC18503D0B5
:10D3400019E001684968F1E70168CA6822F0200223
:10D35000CA600168CA6822F48072CA6001684A69BA
:10D3600022F001024A61202180F83E10016B012960
:10D3700003D0FCF736FD002008BD002101630168E1
:10D38000CA6822F01002CA6001680A68D20602D593
:10D390000A6849680091818DFCF7B6FAEBE7000056
:10D3A0002DE9F041044600680169E26821F440512A
:10D3B00011430161A1682069E2690143606910437A
:10D3C00001432068C26849F20C639A430A43C26071
:10D3D00020684169A26921F44071114341613549D6
:10D3E0002068884202D1FBF7EDFC01E0FBF7DAFC94
:10D3F000E16964223223B1F5004F00EBC00101EB7B
:10D40000001160682BD08000B1FBF0F5B5FBF2F5A0
:10D41000B1FBF0F66FF018077D4306EB8505B1FB15
:10D42000F0F603EB0515B5FBF2F5B6FBF2F605F0E9
:10D43000F00505EB0615B1FBF0F6B1FBF0F0B0FB23
:10D44000F2F0784306EB800003EB0010B0FBF2F043
:10D4500000F00F00216828448860BDE8F08140009A
:10D46000B1FBF0F6B6FBF2F6B1FBF0F7B1FBF0F56D
:10D470006FF0180C06FB0CF607EB860603EBC606EE
:10D48000B5FBF2F5B6FBF2F62D0106F0F80605EB5A
:10D490004605B1FBF0F6B1FBF0F0B0FBF2F000FB9B
:10D4A0000CF006EB800003EBC000B0FBF2F000F0E4
:10D4B0000700CFE70038014037B582B01346039A22
:10D4C00082628385002504460564222084F83E009C
:10D4D000A16B13488862A16B1248C862A16B124805
:10D4E0000863A06B45632168A06B091DFBF762F917
:10D4F000206801684168009184F83C50C16841F49B
:10D500008071C1602068416941F00101416120687A
:10D51000416941F04001416105B0002030BD00008B
:10D5200033D200088DD20008E9D100082DE9F0417E
:10D530001E46174688460446069D1CE0681C1AD005
:10D5400025B1FBF775FA801BA84214D92068C16881
:10D5500021F4D071C1602068416921F0010141616D
:10D56000202084F83D0084F83E00002084F83C0030
:10D570000320BDE8F0812068016838EA010004D08A
:10D580000020B842DAD00020F3E70120F9E70000DC
:10D5900010B50448FCF702FABDE810400148FCF75A
:10D5A000EAB900004059002010B50448FCF7F6F92C
:10D5B000BDE810400148FCF7DEB9000084590020A6
:10D5C00010B50448FCF7EAF9BDE810400148FCF743
:10D5D000D2B90000C859002070B50020FAF7B6FA99
:10D5E0000024FAF7EFFC641CE4B2C82CF9D3264CF3
:10D5F00010212046FBF70AFA244E254DD8B9012008
:10D60000307018E00BF0C4FE09F0CCFF18B102F046
:10D6100067F90CF02BFC09F0AFFF18B102F044F9E8
:10D62000FAF7D0FC01F03EFE09F0BCFF18B102F0A1
:10D6300057F9FCF77FFC10212046FBF7E7F928B9E2
:10D64000287818B910F034FA0028DBD00020FAF757
:10D650007DFA0024FAF7B6FC641CE4B2C82CF9D3B6
:10D66000307801280CD1287850B900224FF40041BD
:10D670000848FBF7D8F9012280210748FBF7D3F9C6
:10D68000BDE8704010F0F2BE00080240000000202B
:10D69000F65600200000024000100240FEE70000A5
:10D6A00010B500F0EBF800F095F8094C002280214D
:10D6B0002046FBF7B8F9C72000F076F80122802158
:10D6C0002046FBF7B0F9BDE8104000F083B8000039
:10D6D000000C024070B5040300F0D0F800F07AF8B6
:10D6E0000E4D002280212846FBF79DF9202000F0F6
:10D6F0005BF8C4F3074000F057F8C4F3072000F0CC
:10D7000053F8E0B200F050F8012280212846FBF7E0
:10D710008AF9BDE8704000F05DB80000000C0240DE
:10D720002DE9F041134F15460C4606460022802194
:10D730003846FBF778F9032000F036F8C4F30740C9
:10D7400000F032F8C4F3072000F02EF8E0B200F049
:10D750002BF8002405E0FF2000F026F83055641C6B
:10D76000A4B2AC42F7D33846BDE8F0410122802193
:10D77000FBF759B9000C024070B50A4C0022802119
:10D780002046FBF750F9052000F00EF8FF2000F0CE
:10D790000BF80546012280212046FBF744F9284674
:10D7A00070BD0000000C024001B582B000208DF871
:10D7B00004000A200090012301AA02A90448FBF7F3
:10D7C000E7FD10B1FF208DF804009DF804000EBDA8
:10D7D000A858002010B5FFF7CFFFC007FBD110BD40
:10D7E0002DE9F05FC1F30B06DFF88C800F0BC6F557
:10D7F00080548A4681461546A24200D81446390311
:10D800008B464FF480524046FFF78AFF002006E027
:10D81000321818F80210FF2903D1401C80B2A04230
:10D82000F6D3A04221D23846FFF754FF002006E08D
:10D8300019F800208319401C08F8032080B2A04288
:10D84000F6D359464FF48052404600F02BF8A542DB
:10D850000FD0281BA144A244002685B24FF4805467
:10D860007F1CA542CBD82C46C9E7224651464846E4
:10D87000EBE7BDE8F09F00002068002010B5084CE1
:10D88000002280212046FBF7CEF80620FFF78CFF10
:10D8900020460122BDE810408021FBF7C4B80000FB
:10D8A000000C02402DE9F0410746C8B2C0F5807473
:10D8B0000E461546A24200D814464FF48078224600
:10D8C0003146384600F00EF8A54208D0281B274400
:10D8D000264485B24446A542F1D82C46EFE7BDE880
:10D8E000F08100002DE9F04115460C460646FFF791
:10D8F000C5FF134F002280213846FBF794F8022021
:10D90000FFF752FFC4F30740FFF74EFFC4F30720B1
:10D91000FFF74AFFE0B2FFF747FF002404E0305D65
:10D92000FFF742FF641CA4B2AC42F8D3012280216D
:10D930003846FBF778F8BDE8F041FFF74BBF000031
:10D94000000C0240810901F0010201F00201C2EB6A
:10D950000212C1EB011102EB0111CBB2010901F07E
:10D96000010270B501F00201C2EB0212C1EB01111C
:10D9700002EB0111CCB2810801F0010201F00201B9
:10D98000C2EB0212C1EB011102EB0111CDB200F0AA
:10D99000010100F00200C1EB0111C0EB001001EB2E
:10D9A0000010C6B2184600F03DF8204600F03AF8E4
:10D9B000284600F037F83046BDE8704000F032B835
:10D9C0002DE9F041144D07464FF4807400222146A2
:10D9D0002846FBF728F8114E002261003046FBF77D
:10D9E00022F8012221463046FBF71DF80022802153
:10D9F0003046FBF718F8394609480FF0A1FF00221E
:10DA000021463046FBF70FF821462846BDE8F04195
:10DA10000122FBF708B800000000024000080240A5
:10DA2000000C02402DE9F041144D07464FF480747C
:10DA3000002221462846FAF7F6FF114E0122510234
:10DA40003046FAF7F0FF012221463046FAF7EBFFA5
:10DA5000002280213046FAF7E6FF394609480FF0E8
:10DA60006FFF002221463046FAF7DDFF21462846A7
:10DA7000BDE8F0410122FAF7D6BF000000000240E5
:10DA800000080240000C0240490050EAC12018BFC3
:10DA900004204A0D18BF40F0010040F2FF72B2EBC3
:10DAA000515F08BF40F00200012808BF0520704701
:10DAB0000907090E002804DB00F1E02080F80014BB
:10DAC000704700F00F0000F1E02080F8141D70474F
:10DAD00040F2013200204FF0E04111F0E7BF0000BA
:10DAE000024A0020110711F0E1BF000001FDFFFF15
:10DAF00010B50446D1E9000100F002F8206010BD25
:10DB0000F8B504460D466A4602F042F800987E30A9
:10DB1000009000281EDC002213462046294611F002
:10DB2000EFF817D0002140F608004FF0000006463D
:10DB30002046294610F09EFE044640F6080006EAFC
:10DB400000014FF0000034F0004004BF0220F2F763
:10DB5000F0FE29E00098FF2828DB002108464FF05E
:10DB6000000000F44006002213462046294611F02A
:10DB7000C5FA8CBF002501250220F2F7DAFE4FF02E
:10DB8000FF4446B1002D0CBF4FF400004FF480005D
:10DB9000B04218BF084C042108464FF00000002D89
:10DBA00004BF84F00040F8BD2046F8BD2046294659
:10DBB000BDE8F84010F05EBEFFFF7F7F10B5044661
:10DBC0000A46D4E9000319460BF0ACFDC4E9000194
:10DBD00010BD30380A2801D201207047002070475C
:10DBE0002DE9F04100250E4607462C4607E057F880
:10DBF0002410284611F0DAFB641C0546E4B2B44256
:10DC0000F5D3304611F056FD01462846BDE8F041F7
:10DC100011F03ABC30B583B00446F2F785FE0546F4
:10DC20000020CDE90000024621466846F3F734F9AA
:10DC30002846F2F77EFEDDE9000103B030BD0000AA
:10DC40002DE9F04F85B006460FF032FF0200B248D2
:10DC5000B24D00F18401049100F16301039100F1E0
:10DC6000420100F121004FF00B04A5F10209CDE9BA
:10DC7000010174D00FF01CFFDFF8A4A218B14FF01F
:10DC80006632A84B01E0A84AA84B17469846304692
:10DC900011F060FB83463A464346009111F02EFA9C
:10DCA00006D82878000766D416230094049A49E021
:10DCB0000FF0FEFE18B14FF066329D4B01E09D4B18
:10DCC00000225846009911F019FA17D80FF0F0FE0B
:10DCD00018B14FF06632934B01E0934A934B58468C
:10DCE000009911F0D1F809D2287840F00800287086
:10DCF000400740D416230094039A23E00FF0D8FE87
:10DD000010B18D4A8D4B01E0874A8D4B58460099E2
:10DD100011F0F4F91BD80FF0CBFE18B14FF06632BA
:10DD2000834B01E0834B00225846009911F0ACF878
:10DD30000DD2287840F00400287080071BD4029A86
:10DD40001623009404218220F9F75EFF13E0564564
:10DD500011DB0FF0ADFE18B1774A784B02E029E0F5
:10DD6000714A774B5846009911F08EF803D2287803
:10DD700040F0030028702878C00712D099F80100FD
:10DD800040B1002089F801004FF01603009418B14B
:10DD9000019A02E00120F5E75F4A04218220F9F7A9
:10DDA00033FF564534DA5C4A1623A532042182201B
:10DDB00000944CE010216348FAF728FE58BB6248F3
:10DDC000864228DC99F803004D4630B1012808D07E
:10DDD00002280AD003280CD012E016230094019ADE
:10DDE0000AE016230094029A06E016230094039A90
:10DDF00002E0049A1623009404218220F9F704FF1C
:10DE0000E878401CC0B2E870042801D30020E87014
:10DE100005B0BDE8F08F0FF04BFE18B14FF0663241
:10DE2000404B01E0404A414B17469846304611F0BE
:10DE300091FA894606463A46434611F05FF909D8F9
:10DE400028780007E4D416230094049A61E0F9F7D7
:10DE5000DBFEDDE70FF02CFE18B14FF06632344BDD
:10DE600001E0344B00223046494611F047F917D8FB
:10DE70000FF01EFE18B14FF066322A4B01E02A4A1D
:10DE80002A4B3046494610F0FFFF09D2287840F06F
:10DE9000080028704007BBD416230094039A38E08A
:10DEA0000FF006FE10B1244A244B01E01E4A244B19
:10DEB0003046494611F022F917D80FF0F9FD18B194
:10DEC0004FF066321A4B01E01A4B002230464946A9
:10DED00010F0DAFF09D2287840F00400287080079B
:10DEE00096D416230094029A13E00FF0E1FD10B1CE
:10DEF000114A124B01E00C4A114B3046494610F0D2
:10DF0000C3FF85D22878162340F002002870019ABA
:10DF10000094042182209AE7E80D0208DA570020D5
:10DF20009A99193F666612409A99999999990D4064
:10DF30006666104000000C40CDCCCCCCCCCC0C4064
:10DF400099990940000802403333834038B51A4B91
:10DF50002C211A4A984228DC194C207930B101282A
:10DF600008D002280CD0032810D015E05823154AF9
:10DF700000910DE0009158233A21134A242009E032
:10DF8000009158233A21114A242003E0582300919C
:10DF90003A212420F9F738FE2079401CC0B22071C4
:10DFA000042801D30020207138BD009158233A2164
:10DFB0002420F9F729FE38BD333383405A14020870
:10DFC000D8570020AE0E02089210020876120208FE
:10DFD00000F00F01000900EB800001EB4000C0B22F
:10DFE0007047000070B50FF065FE1D4E1D4C0025FA
:10DFF00078B1607868B1012240213046FAF713FD0C
:10E000002078401CC1B22170322920D32570657060
:10E010001EE00FF0ABFCD8B1A078C8B12079C007E2
:10E0200001D0002200E0012240213046FAF7FBFC3B
:10E03000E078401CC0B2E070322808D3E570207947
:10E04000401CC0B22071042801D32571A57070BD99
:10E050003046BDE8704000224021FAF7E4BC0000E1
:10E0600000000240F057002003490022034BD1E991
:10E07000020110F0EDBC00002056002000408F404F
:10E080001CB514490860F9F7D9FFB621E020F4F770
:10E0900027FF1420FAF7C6FB03208DF800000124A7
:10E0A0008DF801408DF802006846F4F70EFF00205D
:10E0B0008DF8040004208DF805008DF8064001A8B5
:10E0C000F4F7F8FEFF217420F4F70AFF0A20FAF7AC
:10E0D000A9FB1CBD20560020FF2000F001B8000065
:10E0E000084B196809688A68D2439207FBD4C86054
:10E0F000186800688168C943C907FBD1C068C0B20D
:10E10000704700002056002010B50120F4F77CFE77
:10E110000028FAD10820F4F777FE0028FAD1F4F7A6
:10E1200099FE044CC4E90401F4F778FEC4E9020145
:10E1300010BD0000205600202DE9F14F7448734EA9
:10E14000406810F076FE4FF0FF3211F0AFFC002275
:10E15000704B11F015F804460D46B346B6F91000A1
:10E1600010F067FE0746884622462B4610461946A1
:10E1700010F0C6FE43463A4610F0C2FE6FF00E02A3
:10E1800011F094FC80460F46B6F90E0010F051FED7
:10E1900022462B4610F0B4FE012211F087FC4246C5
:10E1A0003B4610F099FB81468A46B6F90C0010F008
:10E1B00040FE102211F07AFC074688466FF00102FB
:10E1C0004846514611F072FC3A46434610F084FB33
:10E1D00080468946B6F9080010F02BFE22462B46F1
:10E1E00010F08EFE07468A46B6F90A0010F021FEAE
:10E1F00022462B4610F084FE22462B4610F080FE6D
:10E200006FF01204224611F051FC53463A4610F0CA
:10E2100063FB224611F04AFC05460F46F08810F0D9
:10E220001FFE04460E466FF00E022846394611F0D6
:10E230003DFC0022384B10F04FFB2246334610F0D5
:10E240005FFE002204460D46134610F059FD03D12F
:10E2500000200146BDE8F88F009810F0EAFD00228A
:10E260002E4B10F081FF06460F466FF00B02404622
:10E27000494611F01BFC32463B4610F075FF002268
:10E28000274B10F03DFE22462B4610F0E1FB0446E2
:10E290000D465E46BBF9160010F0CBFD22462B461C
:10E2A00010F02EFE22462B4610F02AFE6FF01E02C2
:10E2B00011F0FCFB82468B46B6F9140010F0B9FD54
:10E2C00022462B4610F01CFE6FF00E0211F0EEFB02
:10E2D00007468946B6F9120010F0ABFD064688469F
:10E2E0003A464B465046594610F0F6FA43463246F7
:10E2F00010F0F2FA6FF0030211F0D8FB01B02246E1
:10E300002B46BDE8F04F10F0E7BA0000885B002014
:10E31000185600200040EF400000F03F0000304160
:10E32000006AB8402DE9F84F2C4C0546B4F90200BC
:10E3300010F07FFD82468846208810F091FD064649
:10E340006FF00902009111F0B1FB81460F4628469B
:10E3500010F06FFD8B4605466FF00D0211F0A6FB25
:10E360004A463B4610F00CFF5246434610F0C8FDAB
:10E3700081468A46B4F9040010F05BFD04468846E5
:10E3800030466FF00C02009911F090FB06460F46E4
:10E39000284659466FF0100211F088FB32463B4682
:10E3A00010F0EEFE02460B4610F0AAFD4346224650
:10E3B00010F0A6FD4A46534610F08EFA0D4604466C
:10E3C00010F0DAFC06490022064B486001B02046F6
:10E3D0002946BDE8F04F10F03BBB0000885B0020F1
:10E3E000185600200000B440D020F4F749BD0000CA
:10E3F00010B509F095F8344CE8B301F025FA20780F
:10E400000B2802D034281BD118E02F48216A843011
:10E41000C0688069884213D189792B4A890702F143
:10E42000780201D01C2100E01D215170406926496D
:10E43000827977314069515C017201E010F0ECF8AB
:10E44000206A017821F001010170406920620178A1
:10E4500041F001010170E269926982420BD121F021
:10E4600001010170E069017841F001010170174874
:10E47000A0621748E06208F0FDFF002822D001F0FA
:10E480007FF92078342801D110F0C6F8206A01788D
:10E4900021F00101017080692062017841F00101E1
:10E4A0000170E2699269926982420BD121F0010107
:10E4B0000170E069017841F0010101700348A06238
:10E4C0000348E06210BD00001C55002015F0000854
:10E4D000D5E400082DE9F04F87B008F0CBFFFE4DE2
:10E4E000A5F1840460B101F04BF9687840B120785F
:10E4F000092801D10CF062FE6878012109F05EFD67
:10E50000E868A946A8B1E06998B10078C00710D0C2
:10E5100009F006F800287CD001F096F9E06901794D
:10E5200089B32178042909D002290BD0082909D000
:10E530000AE007B0BDE8F04F01F086B9C2683AB111
:10E54000A26405E0C2786272042905D3072903D8C2
:10E55000C2782272042906D00A2915D0242913D0A2
:10E56000252911D012E0D9F80C10DC4A814201D1E2
:10E57000DB4903E00969814208D1DA494B685360FD
:10E580000978117002E008E0C178E171007907B004
:10E590000021BDE8F04F09F011BD816900297CD050
:10E5A000A0462278CC4CDFF830B304F10C050027EC
:10E5B0000126363A08344FF0020AABF1200B1F2A2D
:10E5C0006CD2DFE802F01010106B8888D2D2D26BC8
:10E5D000FDFDFCFCFCFDFDFCFC6BFDFC6BFBFBFB9B
:10E5E000FAFAFAF9FA00D9F80C000A218069FDF765
:10E5F000F8FA029010F034FC0022BB4B10F028FA1D
:10E600008146CDE900010391B3480821B7A2203823
:10E6100000E00CE3F1F770FF0298E8B34846039975
:10E6200010F028F9C8F824002846FDF743FD002221
:10E630005D214B2009F088F9CDE90474CDE900B7DC
:10E640000023CDE902671A4638213420FBF729FE62
:10E65000CDE90474A848CDE90007CDE902A7072356
:10E66000A64A4C210020FBF71CFECDE90474A44807
:10E67000CDE90007CDE902A70523A24A60210020C9
:10E68000FBF70FFE08F0A4FDCDE904740023CDE9EB
:10E6900002671A46882102E003E0CBE2B7E230309D
:10E6A00054E299489949BBE7FBF7FBFD98480FF006
:10E6B00007F903970497CDE90575CDE90076954BE9
:10E6C0000422954900200296FDF7D2FC07B0BDE870
:10E6D000F04FF6F79BBED9F80C000A218069FDF7D0
:10E6E00080FA10F0BDFB00227F4B10F0B1F981469B
:10E6F000009110F0BFF8C8F8240000997648CDE9E1
:10E70000009186A208212038F1F7F6FE2846FDF791
:10E71000D1FC00225D214B2009F016F9CDE90474EB
:10E72000CDE900B70023CDE902671A46382134202D
:10E73000FBF7B7FDCDE904746F48CDE90007CDE9DB
:10E7400002A707236D4A4C210020FBF7AAFDCDE963
:10E7500004746B48CDE90007CDE902A70523694A97
:10E7600060210020FBF79DFD27E2D9F80C000A216B
:10E770008069FDF736FA5FEA00097CD010F070FB83
:10E780000022684B10F064F910F074F8C8F8240007
:10E790002846FDF78FFC484610F062FB0022614BD3
:10E7A00010F056F9CDE900014B485FA2082120384E
:10E7B000F1F7A2FE002204E029E166E1DDE070E06D
:10E7C000BCE05D214B2009F0BFF8CDE90474CDE930
:10E7D00000B70023CDE902671A4638213420FBF741
:10E7E00060FDCDE904744448CDE90007CDE902A7F6
:10E7F0000723424A4C210020FBF753FDCDE9047466
:10E800003F48CDE90007CDE902A705233D4A602135
:10E810000020FBF746FD08F0DBFC4079012835D0ED
:10E8200008F0D6FC40790B2830D008F0D1FC4079B4
:10E830005C282BD008F0CCFCCDE90474002388219F
:10E84000CDE902671A463030CDE900070020FBF71A
:10E8500028FDCDE904743648CDE900070023CDE951
:10E8600002671A4688214620FBF71BFD08F0B0FC22
:10E87000CDE9026700E006E0CDE9047400238821B9
:10E880001A463E30BFE1204820497DE708F0A0FC51
:10E89000CDE9047400238821CDE902671A46373098
:10E8A000D2E7D9F80C000A218069FDF79AF910F037
:10E8B000D7FA00220C4B10F0CBF8814600910FF0F4
:10E8C000D9FFC8F824002846FDF7F4FB009913A2ED
:10E8D000CDE9009108212DE0A0550020145800201A
:10E8E0001C58002024580020000024402530352EDC
:10E8F0003031662025250000AE090208A70902086C
:10E90000C8090208C3090208FCA9F1D24D62503FB0
:10E910000000A842740C0208DA08020825352E31DE
:10E92000660000000000594025352E3266000000C8
:10E93000BB190208F048F1F7DFFD7AE0D9F80C00C6
:10E940000A218069FDF74DF910F08AFA0022EB4B9D
:10E9500010F07EF8814600910FF08CFFC8F824007B
:10E960002846FDF7A7FBAFF24C020099E248CDE93B
:10E9700000910821F1F7C0FD59E6D9F80C000A21F1
:10E980008069FDF72EF910F06BFA0022DB4B10F0D6
:10E990005FF8814600910FF06DFFC8F8240028460B
:10E9A000FDF788FBAFF28C020099D348CDE90091C6
:10E9B0000821F1F7A1FD00225D214B2008F0C4FFE2
:10E9C000CDE90474CDE900B70023CDE902671A460A
:10E9D00038213420FBF765FCCDE90474C848CDE943
:10E9E0000007CDE902A70723C64A4C210020FBF708
:10E9F00058FCCDE90474C448CDE90007CDE902A76D
:10EA00000523C24A60210020FBF74BFC3EE7D9F802
:10EA10000C000A218069FDF7E4F8A8F814002846E4
:10EA2000FDF748FBB8F91430B9A20821B248F1F754
:10EA300063FD00225D214B2008F086FFCDE90474C0
:10EA4000CDE900B70023CDE902671A46382134200A
:10EA5000FBF727FCCDE90474A948CDE90007CDE90F
:10EA600002A70723A74A4C210020FBF71AFCCDE997
:10EA70000474A548CDE90007CDE902A70523A34A00
:10EA800060210020FBF70DFC56E0D9F80C000A21AC
:10EA90008069FDF7A6F8814610F00CFEC8F8240046
:10EAA0002846FDF707FB08F093FB4079602851D01A
:10EAB00008F08EFB4079612860D0D8F8240010F06F
:10EAC000C1FD034693A208218B48F1F715FD0022F2
:10EAD0005D214B2008F038FF08F07AFB4079CDE942
:10EAE000026761285FD0CDE90474CDE900B7002347
:10EAF0001A4638213420FBF7D4FBCDE90474804852
:10EB0000CDE90007CDE902A707237E4A4C2100206A
:10EB1000FBF7C7FBCDE904747B48CDE90007CDE9DD
:10EB200002A70523794A60210020FBF7BAFB08F011
:10EB30004FFB4079602840D008F04AFBCDE90474CF
:10EB400000238821CDE902671A463730CDE9000756
:10EB50003820A9E5484610F083F90022674B0FF0F2
:10EB600077FF0FF087FEC8F8240010F0F3FBAFF238
:10EB70005422CDE9000108215F4811E0484610F019
:10EB80006FF900225D4B0FF063FF0FF073FEC8F8C2
:10EB9000240010F0DFFBCDE900015FA209216048ED
:10EBA000F1F7AAFC93E7CDE904745D48CDE90007CD
:10EBB000002338211A462C209DE708F009FBCDE9F7
:10EBC00004743730CDE900070023CDE902671A4607
:10EBD00088211846FBF765FBCDE904745148CDE95F
:10EBE00000070023CDE902671A4688214620FBF77B
:10EBF00058FB08F0EDFACDE9047400238821CDE933
:10EC000002671A464630CDE9000760204CE50378DC
:10EC100023F001030370C8F82010087840F00100C9
:10EC200008704148C8F828004048C8F82C0007B0D0
:10EC3000BDE8F08F3049207807220831432852D0B0
:10EC40001BDC3A284FD014DC2E2840D008DC0A28E0
:10EC50003DD016282FD018281DD01A2847D126E0DD
:10EC6000352840D036283ED037283CD038283ED1F1
:10EC700039E03B3807283AD835E04438112836D2F5
:10EC8000DFE800F031313131313131312131313191
:10EC900031313131310008F09BFA28B10CF066FBBC
:10ECA0000AF0E6FD014600E00021012016E02048C0
:10ECB0000860204802E020480860204848600A7246
:10ECC000012100200AE01E4808601E48F6E71E48A1
:10ECD00008601E4848600A720121042007B0BDE8A0
:10ECE000F04F04F093BE1A4808601A48E6E71A4845
:10ECF00008601A48E2E70000805500200000244028
:10ED0000AE090208A7090208C8090208C3090208D7
:10ED1000253564002564000025382E31660000008A
:10ED2000D85A0020BB19020865F10008F1E3000879
:10ED3000EF0C0208F60C0208130D02081A0D020867
:10ED40009E170208A5170208B4170208BB1702088D
:10ED5000000D0208070D0208DB0C0208E20C020895
:10ED600070B508F0DDFB334DA5F1840408B300F065
:10ED70006BFD206A017821F0010101706968814210
:10ED800031D10CF0D9FD2078412832D01FDC372852
:10ED90002FD018DC2B282CD00CDC122829D004DC36
:10EDA000032826D0112815D123E0232821D0282894
:10EDB00010D11EE02C281CD032280DD0352818D0B8
:10EDC000362807D115E03838082803D811E0423832
:10EDD00012280ED9012102E000F0D0FB01460220EA
:10EDE00004F014FE05E01448A0621448E06200F04C
:10EDF000D7FD08F03FFB00281BD000F0C1FC2078B5
:10EE00004D2810D04E280ED04F280CD0206A017803
:10EE100021F0010101700848A0620848E062BDE8E5
:10EE2000704000F0BDBD6878BDE87040012109F078
:10EE3000C5B870BDA055002015F00008D5E4000845
:10EE400010B508F06DFB00282AD000F0FDFC7048DA
:10EE50000078012824D10CF089FA0C2820D2DFE8B0
:10EE600000F0062D3C495663707D8A97A4B10EF0E0
:10EE7000E9FD022804D108F0ABF9F6F762FD10B104
:10EE80000EF0E0FD26E008F0A3F9F6F71DFFB1E073
:10EE90000CF06CFA0AF0ECFC0146012004F0B6FD1F
:10EEA000ADE008F095F9F6F74CFD002805D000F02C
:10EEB0008DFB08F08DF9F6F70CFFA0E00EF0ECFDED
:10EEC000022805D108F084F9F6F73BFD0028DAD0D6
:10EED0000EF0E2FD0028E4D191E00EF0D7FD02280B
:10EEE00005D108F075F9F6F72CFD0028CBD00EF00F
:10EEF000CDFDEFE70EF0B8FD022805D108F068F966
:10EF0000F6F71FFD0028BED00EF0AEFDE2E70EF0D2
:10EF10009FFD022805D108F05BF9F6F712FD0028E5
:10EF2000B1D00EF095FDD5E70EF0AAFD022805D16F
:10EF300008F04EF9F6F705FD0028A4D00EF0A0FD6C
:10EF4000C8E70EF097FD022805D108F041F9F6F761
:10EF5000F8FC002897D00EF08DFDBBE70EF07EFD8B
:10EF6000022805D108F034F9F6F7EBFC00288AD026
:10EF70000EF074FDAEE70EF053FD022805D108F047
:10EF800027F9F6F7DEFC0028A1D00EF049FDA1E735
:10EF90000EF052FD022805D108F01AF9F6F7D1FC5F
:10EFA000002894D00EF048FD94E70EF033FD0228BF
:10EFB00005D108F00DF9F6F7C4FC002887D00EF053
:10EFC00029FD87E70EF032FD022804D108F000F990
:10EFD000F6F7B7FC10B10EF029FD7BE708F0F8F862
:10EFE000B0F8B40002287FF44EAF08F0F1F8407991
:10EFF0004A28F8D10EF064FE00287FF449AF08F0EB
:10F0000039FA002803D0BDE8104000F0B9BB10BDAC
:10F010001C55002070B5304DEC698CB105F18406AB
:10F02000F06868B12078C0070AD008F099FA68B390
:10F0300000F032FC2878062808D0072806D007E020
:10F0400000F02AFCBDE8704000F07ABBFDF74CFBF5
:10F050002878012807D12148416821B920494A6808
:10F06000426009780170E8696469844202D02178BD
:10F070004907F9D5844209D0207840F0010020707A
:10F08000E869017821F001010170EC6108F0DAF91A
:10F09000D8B100F055FB2878062801D0072801D107
:10F0A000FDF786FAE8692469844202D0217849078D
:10F0B000F9D5844209D0207840F001002070E86939
:10F0C000017821F001010170EC61F168E869BDE8A7
:10F0D00070400FF06DBB00001C550020145800203C
:10F0E0001C58002070B508F03BFA22251C4C212644
:10F0F000B8B100F0D1FB2078212802D0222810D10D
:10F1000005E017482570843003F0C4FB04E0144880
:10F110002670843002F052FD0022A021202008F049
:10F1200013FC08F08FF9002818D000F009FB2078B4
:10F1300021280DD0222811D109482670843002F0F0
:10F140003DFDBDE870400022A021202008F0FCBB5E
:10F1500003482570843003F09DFBF2E770BD00008A
:10F160001C55002010B508F0FBF9274C60B100F0E9
:10F1700093FB20780B2826D0192818D0206A027A11
:10F18000C179801D0FF0A2FA08F05CF900283AD08E
:10F1900000F0D6FA20780B282BD019281CD0206A32
:10F1A000027AC179BDE81040801D0FF09FBA6079E6
:10F1B0000AF0F2FA02461448012116300FF08EFAD6
:10F1C0000FF0F0F9E0E7206A027AC179801D0FF0B4
:10F1D0007DFA0FF053FAD7E760790AF0DDFA0246BC
:10F1E0000948012116300FF089FABDE810400FF0F0
:10F1F000D9B9206A027AC179801D0FF077FABDE88B
:10F2000010400FF03BBA10BD1C55002010B508F09F
:10F21000A7F9104C60B100F03FFB206A017821F0A3
:10F220000101017080692062017841F001010170E3
:10F2300008F008F900280CD000F082FA206A017862
:10F2400021F00101017040692062017841F0010163
:10F25000017010BD1C550020094810B50078012828
:10F260000CD008F07DF908B100F016FB08F0EAF8C0
:10F27000002803D0BDE8104000F062BA10BD0000C5
:10F280001C55002010B508F005FA054CA06A00B125
:10F290008047E06A002802D0BDE81040004710BD5A
:10F2A0001C5500202DE9F04186B000248DF808405F
:10F2B00000F012F9002816D07A4DA81C2C7069783D
:10F2C000F5F78CFA00280ED0A878FE280BD1E97843
:10F2D00002290BD0032906D1287901287BD00228E6
:10F2E00001D10AF059FC06B0BDE8F0812879022668
:10F2F000FF27C01E4FF0010807287ED2DFE800F08C
:10F300000415506C8897A600012214022146681D3E
:10F31000FEF766FA0EF0D6FF8DF800708DF80160EA
:10F3200003204AE08DF8030067E068798DF8120049
:10F33000A8798DF81100E8798DF80F00287A8DF8FA
:10F340000E00687A8DF80D00A87A8DF80C0003A8DD
:10F35000FAF7ADFD8DF800708DF8016004208DF88E
:10F360000200FDF74FF86979884216D1FDF72CF8B5
:10F37000A979884211D1FDF715F8E97988420CD1B5
:10F38000FDF716F8297A884207D1FDF717F8697A50
:10F39000884202D18DF803802FE08DF803402CE0E5
:10F3A000012294022146681DFEF71AFA0EF08AFF28
:10F3B0008DF800708DF8016005208DF802000122A3
:10F3C000214602A8FEF7ACF968799DF8081088423A
:10F3D0004BD10120A6E74AE08DF800708DF801605E
:10F3E00006208DF80200FEF75BF94FF49670F9F7EE
:10F3F00019FA8DF8038000F025FB06216846FDF719
:10F4000011FAC82306226946E869FAF7F7FC6AE7A9
:10F410004FF4A06401222146681DFEF7E1F90EF0C9
:10F4200051FF8DF800708DF801600720C5E74FF49B
:10F43000C06401222146681DFEF7D2F90EF042FF9A
:10F440008DF800708DF801600820B6E74FF4E06495
:10F4500001222146681DFEF7C3F90EF033FF8DF837
:10F4600000708DF801600920A7E700205AE70AF034
:10F4700043FC0D4804800D4804800D4804800D486D
:10F4800004800D4804800D4804800D4804800D4818
:10F4900004800D4804800D4804800D4804800D4808
:10F4A000048020E7B45700202C5800202E5800205C
:10F4B00030580020325800203458002036580020A0
:10F4C000385800203A5800203C5800203E58002070
:10F4D00040580020425800200248007800F0010007
:10F4E00070470000B457002008B50D4A01689142EA
:10F4F00015D10A6849680091FAF707FA09480068C7
:10F5000040680949C0F114004870012001F81C0B43
:10F51000142251F81A09BDE80840FAF74DBC08BD9D
:10F52000003801400C5A0020B457002070470000FA
:10F53000064941F81C0F0068C26842F01002C26020
:10F5400051F81A091422FAF737BC0000B45700200A
:10F55000094909488439C068CA6990420AD180695A
:10F56000096A40694069884204D08279017A8A42F6
:10F5700000D9817170470000A055002070B50A4D78
:10F580000A21E8688069FCF72CFB0446E8680A2138
:10F5900000698069FCF725FB20B11CB1844201D3CE
:10F5A000002070BD012070BDA055002002480178E8
:10F5B00021F0080101707047FB56002002480178D5
:10F5C00021F0040101707047FB5600200248002121
:10F5D00040684170704700001458002002480178CC
:10F5E00021F0100101707047FB560020024801789D
:10F5F00021F0200101707047FB5600201848017867
:10F6000021F010010170017821F040010170417872
:10F6100021F001014170017821F080010170017831
:10F6200021F002010170017821F0080101700178D8
:10F6300021F020010170017821F0040101700178AE
:10F6400021F001010170417821F0040141704178FD
:10F6500021F008014170417821F01001417070479C
:10F66000F75600200248017821F010010170704720
:10F67000FF5600200248417821F0F00141707047A8
:10F68000207800200248017821F0100101707047B5
:10F69000FD5600200248017821F0100101707047EA
:10F6A000F75600200248017821F0400101707047B0
:10F6B000FF560020014900208880704720780020F4
:10F6C0000248017821F0400101707047FD5600208A
:10F6D0000248017821F0400101707047F756002080
:10F6E0000248417821F0010141707047F75600202F
:10F6F0000248417821F0100141707047F756002010
:10F700000248017821F0800101707047F75600200F
:10F710000248017821F0020101707047FF56002075
:10F720000248017821F0F001017070472078002034
:10F730000248017821F0020101707047FD56002057
:10F740000248017821F0020101707047F75600204D
:10F750000248017821F0080101707047FF5600202F
:10F760000248417821F00F01417070472078002055
:10F770000248017821F0080101707047FD56002011
:10F780000248017821F0080101707047F756002007
:10F790000248017821F0200101707047FF560020D7
:10F7A0000248817821F00F01817070472078002095
:10F7B0000248017821F0200101707047FD560020B9
:10F7C0000248017821F0200101707047F7560020AF
:10F7D0000248417821F0040141707047FF56002033
:10F7E00001490020088170472078002002484178B4
:10F7F00021F0040141707047FD5600200248417815
:10F8000021F0040141707047F7560020024841780A
:10F8100021F0080141707047F75600200248017836
:10F8200021F0040101707047FF56002001490020BB
:10F83000C8807047207800200248017821F0040138
:10F8400001707047FD5600200248017821F0040144
:10F8500001707047F75600200248417821F00201FC
:10F8600041707047F75600200248017821F00101ED
:10F8700001707047FF5600200248017821F00F0107
:10F8800001707047207800200248017821F00101C2
:10F8900001707047FD5600200248017821F00101F7
:10F8A00001707047F75600200248017821F00101ED
:10F8B00001707047FB56002010B50EF09BF9074908
:10F8C000897BBDE8104001EB410202EB01112422CB
:10F8D00002EB4101C9B208F091B800001C550020AC
:10F8E0000248017821F0020101707047FB560020A8
:10F8F0000149002088807047F857002002480178AD
:10F9000021F001010170704718570020024801786A
:10F9100021F0800101707047FB56002002480178F9
:10F9200021F0400101707047FB56002010B50BF02C
:10F9300045FCBDE810400BF05FBC000010B508A10D
:10F940000948F0F7F3FE044608A1401CF0F7EEFE6C
:10F95000021B2146BDE810400548F0F7F9BE000043
:10F9600024474E524D4300002A7800202400000016
:10F97000485700200A21B0FBF1F201FB1202B0FB54
:10F98000F1F042EA0010C0B27047002204E00A2100
:10F99000491EC9B2FCD2521C8242F8D37047000003
:10F9A00002490020487008F013B800001C550020E0
:10F9B0000148F9F76FB800009C58002010B50446C4
:10F9C00040888100A068F0F732FF0020A0802070FE
:10F9D00010BD10B50446806808B1F0F792FC002015
:10F9E000A060A080207010BD0178826809B1807885
:10F9F00000E00079C1B21046FEF7F2B810B5044637
:10FA0000418008460021A1802170A26822B18100B6
:10FA10001046F0F79DFC02E00421F0F72FFCA060F7
:10FA200010BD10B5828843889A4203D30022828099
:10FA300001220270828883689400521C82801951CE
:10FA400010BD000000B587B018216846F0F7EFFE42
:10FA500067208DF8180008F031F90B4900200122C9
:10FA60004871014606A8FDF7BBFE18224FF400714D
:10FA70006846FDF7B5FEFCF7E3FE1420F8F7D2FE6A
:10FA8000F8F75CF807B000BDB07B002010B50A495C
:10FA90000FF058FE0FF05EFC0022084B0EF01CFF2A
:10FAA0000FF06AF90FF0C5F90022054B0EF0D0FFF8
:10FAB000BDE810400EF0DEBE0000C8420000E03F8E
:10FAC00000005940810705D16421B0FBF1F201FB30
:10FAD000120141B94FF4C871B0FBF1F201FB120001
:10FAE00008B1002070470120704700002DE9F04167
:10FAF000C1F3074506460F46002340F2B27405F5F0
:10FB0000FA6507E02046FFF7DDFF08B15B1C9BB2FA
:10FB1000641CA4B2AC42F5D3E81A40F26D1148431C
:10FB2000B7214B43184900EB430044180123DFF889
:10FB30005C80C7F307270CE0022B05D12846FFF7AE
:10FB4000C1FF08B11D3402E038F8130004445B1C07
:10FB50009BB29F42F0D8641E04EB166040F2A322D1
:10FB6000F1B2504301EBC012C6F307414FF461609C
:10FB70004143C6F30720C0EB001001EB80001044A6
:10FB8000A0F5E140BDE8F0813607F5FFDC56002026
:10FB900010B5144600222260114A21F0004393421E
:10FBA000A8BF10BD53EA000208BF10BDB3F5801F07
:10FBB000A8BF226807DA36220FF078FF6FF035020F
:10FBC00021F000432260DFF81CC06FF31E510CEBE4
:10FBD00023531A4441F0FF5141F00051226010BDFF
:10FBE0000000F07F02FCFFFF10B507F0EDFC0028DD
:10FBF00013D00A494888401C80B2488040F2DC5249
:10FC000090420AD307F084FC002806D14880FFF711
:10FC100075FEBDE8104008F0CBB910BD18570020A4
:10FC2000F0B51949044689B04FF080400860F5F7F7
:10FC3000E7FB002501263220CDE90006079507AF36
:10FC4000039504950296CDE90557104B0222104901
:10FC50002846FCF70DFA03950495CDE90557CDE943
:10FC600000560C4B02220C4901200296FCF700FAC8
:10FC700025206070094820610420207008486061D8
:10FC80000798E06009B0F0BDC45500201D0C0208C3
:10FC9000F6080208190C0208F8080208A20802086F
:10FCA0009A0B0208F0B51949044689B04FF080401C
:10FCB0000860F5F7A5FB002507AF079503950495A8
:10FCC000CDE905570126CDE90056114B0222114915
:10FCD00028460296FCF7CCF903950495CDE9055723
:10FCE000CDE900560C4B02220C4901200296FCF78C
:10FCF000BFF90C2060700A48206103202070094879
:10FD000060610798E06009B0F0BD0000C4550020B4
:10FD10001D0C0208F6080208190C0208F80802086F
:10FD2000070B02080A0B02082DE9F04F8FB080463E
:10FD30004FF08141FE48016024200790F5F760FBF9
:10FD4000002409940A940B940C940BF00FFB0C28DC
:10FD500017D2DFE800F0060CFEFDFCFBFAF9F8F71D
:10FD6000F6F50DF0CFFE08900DF0CEFF08E00DF097
:10FD7000F3FEFFF78BFE08900DF0F0FFFFF786FE15
:10FD8000834607F025FA417901250926DFF8A49377
:10FD90000BAF61297DD058460FF054FC81B264202E
:10FDA000B1FBF0F0CDE90346C0B20094CDE90140CB
:10FDB000CDE905570023BA461A4660200799FBF79C
:10FDC000E0FEDD4958460FF05FFB83460FF03AFC3A
:10FDD00080B20A27B0FBF7F1CDE9034607FB11001B
:10FDE0000094CDE90140CDE9055A00231A46682068
:10FDF0000799FBF7C6FED04958460FF0A3FC83468F
:10FE00000FF020FC80B2B0FBF7F1CDE9034607FB11
:10FE100011000094CDE90140CDE9055A00231A46AE
:10FE200070200799FBF7ADFEC34958460FF08AFCD6
:10FE30000FF008FC80B2B0FBF7F1CDE9034607FBF9
:10FE400011000094CDE90140CDE9055A00231A467E
:10FE500080200799FBF795FE0CA8CDE90440CDE979
:10FE600000940294002303941A4678200799FAF725
:10FE700018FA0B990DF1240BCDE90441CDF818B017
:10FE8000039405220094AD4BAD490020CDE9014516
:10FE900000E0F5E0FCF7ECF8A5484FF0834100687E
:10FEA0000FF084FA0146A7480FF080FA0FF0CAFB62
:10FEB000C0B2079008980FF0C5FB81B26420B1FB77
:10FEC000F0F0CDE90346C0B20094CDE901400DF158
:10FED000280ACDE9055A00231A4660200799FBF746
:10FEE00050FE954908980FF0CFFA08900FF0AAFB42
:10FEF00080B2B0FBF7F1CDE9034607FB1100009497
:10FF0000CDE90140CDE9055A00231A46682007993A
:10FF1000FBF737FE884908980FF014FC08900FF0A3
:10FF200091FB80B2B0FBF7F1CDE9034607FB11006E
:10FF30000094CDE90140CDE9055A00231A4609E0B5
:10FF400098E091E08AE083E07CE075E06EE067E0B5
:10FF500060E059E070200799FBF713FE7649089896
:10FF60000FF0F0FB0FF06EFB80B2B0FBF7F1CDE9C4
:10FF7000034607FB11000094CDE90140CDE9055A85
:10FF800000231A4680200799FBF7FBFD0CA8CDE95A
:10FF90000440CDE900940294002303941A4678208B
:10FFA0000799FAF77EF90A99CDF818B0CDE904411E
:10FFB00003940094644B052264490120CDE9014576
:10FFC000FCF756F803940494CDE9054B0222009403
:10FFD0005F4B60491046CDE90145FCF749F81F2108
:10FFE00088F801105C49C8F81010042188F8001046
:10FFF0005A49C8F814100999C8F80C100C99C8F897
:020000040801F1
:1000000008100FB0BDE8F08F0DF0A0FD08900DF0C6
:100010009FFEB5E60DF088FD08900DF087FEAFE677
:100020000DF076FD08900DF075FEA9E60DF088FD47
:1000300008900DF087FEA3E60DF07CFD08900DF012
:100040007BFE9DE60DF06AFD08900DF069FE97E6D7
:100050000DF046FD08900DF045FE91E60DF04CFDCB
:1000600008900DF04BFE8BE60DF034FD08900DF07E
:1000700033FE85E60DF03AFD08900DF039FE7FE67F
:10008000374958460FF000FA0FF0DCFACDE9034685
:10009000C0B20094CDE90140CDE905570023BA462E
:1000A0001A4658200799FBF76CFD2E4958460FF069
:1000B000EBF90FF0C7FA0A27B0FBF7F1CDE90346D9
:1000C00007FB11000094CDE90140CDE9055A00235A
:1000D0001A4660200799FBF754FD234958460FF054
:1000E000D3F90FF0AFFAB0FBF7F1CDE9034607FB08
:1000F00011000094CDE90140CDE9055A00231A46CC
:1001000068200799FBF73DFD184958460FF0BCF9E8
:100110000FF098FAB0FBF7F1CDE9034607FB1100A9
:100120000094CDE90140CDE9055A00231A461FE0AD
:10013000C45500202600002000002041200C0208A9
:10014000D008020800001042280C0208D508020856
:10015000140C0208FA080208A20802089A0B020806
:100160000050C34700401C4600007A440000C842CB
:1001700070200799FBF705FD8A4958460FF084F96E
:100180000FF060FAB0FBF7F1CDE9034607FB110071
:100190000094CDE90140CDE9055A00231A467820A4
:1001A0000799FBF7EEFC58460FF04CFAB0FBF7F15D
:1001B000CDE9034607FB11000094CDE90140CDE9EC
:1001C000055A00231A4680200799FBF7DAFC754987
:1001D00058460FF0B7FA0FF035FAB0FBF7F1CDE95A
:1001E000034607FB11000094CDE90140CDE9055A13
:1001F00000231A4690200799FBF7C3FC0CA8CDE911
:100200000440CDE900940294002303941A46882008
:100210000799FAF746F80B990DF1240BCDE9044143
:10022000CDF818B0039400945F4B05225F4900207D
:10023000CDE90145FBF71CFF5D484FF083410068A5
:100240000FF0B4F801465B480FF0B0F80FF0FAF980
:10025000C0B2079008980FF0F5F90D905649CDE916
:100260000346B0FBF1F0C0B20094CDE901400DF1BE
:10027000280ACDE9055A00231A4658200799FBF7AA
:1002800080FC4E4908980FF0FFF80FF0DBF9B0FB47
:10029000F7F1CDE9034607FB11000094CDE90140D9
:1002A000CDE9055A00231A4660200799FBF769FC3F
:1002B000434908980FF0E8F80FF0C4F9B0FBF7F1E4
:1002C000CDE9034607FB11000094CDE90140CDE9DB
:1002D000055A00231A4668200799FBF752FC394952
:1002E00008980FF0D1F80FF0ADF9B0FBF7F1CDE9B8
:1002F000034607FB11000094CDE90140CDE9055A02
:1003000000231A4670200799FBF73BFC2549089803
:100310000FF0BAF80FF096F9B0FBF7F1CDE903460C
:1003200007FB11000094CDE90140CDE9055A0023F7
:100330001A4678200799FBF724FC0D98CDE903466F
:10034000B0FBF7F107FB11000094CDE90140CDE9C6
:10035000055A00231A4680200799FBF712FC114921
:1003600008980FF0EFF90FF06DF9B0FBF7F1CDE958
:10037000034607FB11000094CDE90140CDE9055A81
:1003800000231A4690200799FBF7FBFB0CA8CDE948
:1003900004400023CDE90094029403941A46882077
:1003A0000799FEE500002041200C0208D008020851
:1003B000C455002000001042A086010000401C46E9
:1003C00000007A440000C842F0B52049054689B0D3
:1003D0004FF081400860F5F713F8002407AF079449
:1003E00003940494CDE905470126CDE90046184B56
:1003F0000222184920460296FBF73AFE3320CDE947
:100400000006039404940296CDE90547124B02229C
:1004100012490120FBF72CFE03940494CDE9054713
:10042000CDE9004602220E4B0E4910460296FBF71C
:100430001FFE252068700C482861042028700B4896
:1004400068610798E86009B0F0BD0000C45500205D
:10045000190C0208F80802083D0B02083B0B0208C1
:10046000340B0208320B0208240B0208280B020886
:10047000F0B51F49054689B04FF081400860F4F798
:10048000BFFF002407AF079403940494CDE9054708
:100490000126CDE90046174B324617492046029601
:1004A000FBF7E6FD03940494CDE90547CDE900464A
:1004B000124B0222124901200296FBF7D9FD039448
:1004C0000494CDE90547CDE900460E4B01220E49C3
:1004D00002200296FBF7CCFD202068700B482861B3
:1004E000042028700A4868610798E86009B0F0BDE8
:1004F000C455002072170208711702086A17020813
:10050000681702086317020862170208240B020822
:10051000280B0208F0B51A49044689B04FF0814013
:100520000860F4F76DFF002501262D20CDE90006B7
:10053000079507AF039504950296CDE90557114B32
:10054000042211492846FBF793FD3120CDE900062E
:10055000039504950296CDE905570C4B04220C49EE
:100560000120FBF785FD052060700A48206104200A
:100570002070094860610798E06009B0F0BD000094
:10058000C45500203D090208390902082F09020854
:100590002B0902089E0802088B0B0208F0B52649B9
:1005A000054689B04FF081400860F4F729FF002428
:1005B00007AF079403940494CDE905470126CDE9DC
:1005C00000461E4B02221E4920460296FBF750FDB4
:1005D00003940494CDE90547CDE90046194B032265
:1005E000194901200296FBF743FD03940494CDE9D9
:1005F0000547CDE90046154B032215490220029616
:10060000FBF736FD03940494CDE90547CDE9004698
:100610000322104B104910460296FBF729FD0520D6
:1006200068700E482861042028700D48686107989A
:10063000E86009B0F0BD0000C4550020190C0208A4
:10064000F80802084E0D0208450D0208590D02086F
:10065000480D0208640D02084B0D02089A080208B2
:10066000780B0208F0B51949044689B04FF0804074
:100670000860F4F7C5FE002501261E20CDE900061E
:10068000079507AF039504950296CDE90557104BE2
:10069000032210492846FBF7EBFC1D20CDE900069C
:1006A000039504950296CDE905570B4B03220B49A0
:1006B0000120FBF7DDFC05206070094921612070F5
:1006C000084860610798E06009B0F0BDC45500209B
:1006D000180B0208150B02080A0B0208070B020888
:1006E000F60A0208FB0A020830B51349044689B02D
:1006F0004FF083400860F4F783FE002507A80795B4
:1007000003950495CDE905500120CDE9005002463E
:1007100002900A4B0A492846FBF7AAFC2420607085
:1007200008482061022020700748A5606061079892
:10073000E06009B030BD0000C45500203D0D020846
:100740003C0D020893170208951702082DE9F0479F
:10075000484905468AB04FF081400860F4F750FEE2
:10076000002407940894099406F032FDB0F86660FE
:10077000642E00DB63264FF47A7096FBF0F100FBE9
:1007800011614FF0640991FBF9F00127CDE90447AD
:100790000DF12008C0B2CDF8188003940094CDE983
:1007A000014000231A4624215820FBF7EAF996FB62
:1007B000F9F109FB11614FF00A0991FBF9F04FF0D3
:1007C000090ACDE9034AC0B20094CDE90140CDE960
:1007D000057800231A4624216820FBF7D2F996FBFE
:1007E000F9F109FB1160CDE9034AC0B20094CDE9EB
:1007F0000140CDE9057800231A4624217020FBF73B
:10080000C0F909A8CDE904401B48CDE90004002344
:10081000029403941A4624216020F9F742FD0898B7
:1008200007AECDE90440069603940094CDE9014754
:10083000124B042212490120FBF71AFC0394049482
:10084000CDE905460094CDE9014702220D4B0E4942
:100850001046FBF70DFC0798E8600998A860242073
:1008600068700A48286104202870094868610AB045
:10087000BDE8F087C4550020260000206A0C02085D
:10088000F2080208140C0208FA080208811802088B
:10089000851802082DE9F0413F4905468AB03D48D8
:1008A0000860F4F7ADFD002407940894022009AE17
:1008B0000994CDE90204CDE904463848CDE90004A5
:1008C0000423374A24212046F9F7EBFCCDE90446FE
:1008D0003448CDE900040023029403941A463821D9
:1008E0004C20F9F7DEFC4FF00908CDE9034808AFCA
:1008F00001260094CDE90567CDE9014600231A469B
:1009000038213420FBF73DF9CDE9034800940194E8
:10091000002302941A4638213C20CDE90567FBF7F5
:1009200030F9CDE9034800940194002302941A465B
:1009300038214420CDE90567FBF723F9CDE90348C9
:1009400000940194002302941A4638215420CDE9E2
:100950000567FBF716F9089907A8CDE90441069049
:10096000CDE900460394104B062210490020029660
:10097000FBF77EFB0798E8600998A8602420687060
:100980000B482861042028700A4868610AB0BDE855
:10099000F081000000003042C45500209709020891
:1009A000930902082600002087090208810902082D
:1009B00073180208771802082DE9F0413F490546EF
:1009C0008AB03D480860F4F71BFD002407940894A2
:1009D000022009AE0994CDE90204CDE90446384865
:1009E000CDE900040423374A24212046F9F759FCB5
:1009F000CDE904463448CDE9000400230294039471
:100A00001A4638214C20F9F74CFC4FF00908CDE983
:100A1000034808AF01260094CDE90567CDE90146FA
:100A200000231A4638213420FBF7ABF8CDE9034800
:100A300000940194002302941A4638213C20CDE909
:100A40000567FBF79EF8CDE9034800940194002365
:100A500002941A4638214420CDE90567FBF791F846
:100A6000CDE9034800940194002302941A463821EA
:100A70005420CDE90567FBF784F8089907A8CDE96C
:100A800004410690CDE900460394104B062210491C
:100A900000200296FBF7ECFA0798E8600998A86036
:100AA000242068700B482861042028700A48686177
:100AB0000AB0BDE8F081000000003042C4550020BB
:100AC00097090208930902082600002087090208F6
:100AD00081090208581802085C1802082DE9F04341
:100AE000424905468BB0404891460860F4F788FCBF
:100AF000002407940894022009AE0994CDE9020469
:100B0000CDE904463A48CDE900040423394A2421BA
:100B10002046F9F7C6FBCDE904463748CDE9000485
:100B20000023029403941A4638214C20F9F7B9FBAC
:100B30004FF00908CDE9034808AF0126009401945D
:100B4000002302941A4638213420CDE90567FBF7CB
:100B500018F8CDE9034800940194002302941A4642
:100B600038213C20CDE90567FBF70BF8CDE90348B8
:100B700000940194002302941A4638214420CDE9C0
:100B80000567FAF7FEFFCDE90348009401940023BE
:100B900002941A4638215420CDE90567FAF7F1FF8F
:100BA000089907A8CDE904410690CDE900460394D1
:100BB000124B0622124900200296FBF759FA0798B9
:100BC000E8600998A860B9F14A0F0AD0242068703B
:100BD0000C482861042028700B4868610BB0BDE800
:100BE000F0832F20F3E7000000003042C4550020BE
:100BF00097090208930902082600002087090208C5
:100C0000810902084B1802084F1802082DE9F04329
:100C1000424905468BB0404891460860F4F7F0FB26
:100C2000002407940894022009AE0994CDE9020437
:100C3000CDE904463A48CDE900040423394A242189
:100C40002046F9F72EFBCDE904463748CDE90004EC
:100C50000023029403941A4638214C20F9F721FB13
:100C60004FF00908CDE9034808AF0126009401942C
:100C7000002302941A4638213420CDE90567FAF79B
:100C800080FFCDE9034800940194002302941A46A2
:100C900038213C20CDE90567FAF773FFCDE9034819
:100CA00000940194002302941A4638214420CDE98F
:100CB0000567FAF766FFCDE9034800940194002325
:100CC00002941A4638215420CDE90567FAF759FFF6
:100CD000089907A8CDE904410690CDE900460394A0
:100CE000124B0622124900200296FBF7C1F9079821
:100CF000E8600998A860B9F14B0F0AD02420687009
:100D00000C482861042028700B4868610BB0BDE8CE
:100D1000F0832F20F3E7000000003042C45500208C
:100D20009709020893090208260000208709020893
:100D300081090208661802086A1802082DE9F043C2
:100D4000404905468BB03E480860F4F759FB002443
:100D500007940894022009AE0994CDE90204CDE974
:100D600004463948CDE900040423384A24212046AA
:100D7000F9F797FACDE904463548CDE90004002398
:100D8000029403941A4638214C20F9F78AFA4FF05E
:100D90000908CDE9034808AF012600940194002317
:100DA00002941A4638213420CDE90567FAF7E9FEA6
:100DB000CDE9034800940194002302941A46382197
:100DC0003C20CDE90567FAF7DCFECDE903484FF09A
:100DD00003090094CDE9014900231A463821442033
:100DE000CDE90567FAF7CDFECDE9034800940194FB
:100DF000002302941A4638215420CDE90567FAF7FA
:100E0000C0FE089907A8CDE904410690CDE9004647
:100E10000394104B0622104900200296FBF728F994
:100E20000798E8600998A860242068700B4828613A
:100E300085F800900A4868610BB0BDE8F0830000B7
:100E400000003042C45500209709020893090208A7
:100E500026000020870902088109020809180208F3
:100E6000121802082DE9F0413F4905468AB03D4875
:100E70000860F4F7C5FA002407940894022009AE2C
:100E80000994CDE90204CDE904463848CDE90004CF
:100E90000423374A24212046F9F703FACDE9044612
:100EA0003448CDE900040023029403941A46382103
:100EB0004C20F9F7F6F94FF00908CDE90348042072
:100EC0000094CDE9014008AF012600231A463821DD
:100ED0003420CDE90567FAF754FECDE903480094C4
:100EE0000194002302941A4638213C20CDE905677D
:100EF000FAF747FECDE903480094019400230294D9
:100F00001A4638214420CDE90567FAF73AFECDE9C3
:100F1000034800940194002302941A463821542077
:100F2000CDE90567FAF72DFE089907A8CDE9044138
:100F30000690CDE9004603940F4B06220F4900208E
:100F40000296FBF795F80798E8600998A8602420B6
:100F500068700B482861032028700A4868610AB04D
:100F6000BDE8F08100003042C45500209709020816
:100F70009309020826000020870902088109020857
:100F80000F1802081E1802082DE9F0413F490546D6
:100F90008AB03D480860F4F733FA002407940894B7
:100FA000022009AE0994CDE90204CDE9044638488F
:100FB000CDE900040423374A24212046F9F771F9CA
:100FC000CDE904463448CDE900040023029403949B
:100FD0001A4638214C20F9F764F94FF00908CDE999
:100FE000034808AF012600940194002302941A4696
:100FF00038213420CDE90567FAF7C3FDCDE9034870
:101000000094CDE90567CDE9014600231A46382151
:101010003C20FAF7B6FDCDE9034800940194002383
:1010200002941A4638214420CDE90567FAF7A9FD54
:10103000CDE9034800940194002302941A46382114
:101040005420CDE90567FAF79CFD089907A8CDE97A
:1010500004410690CDE900460394104B0622104946
:1010600000200296FBF704F80798E8600998A8604A
:10107000242068700B482861032028700A486861A2
:101080000AB0BDE8F081000000003042C4550020E5
:101090009709020893090208260000208709020820
:1010A000810902080C180208181802082DE9F041FD
:1010B0003F4905468AB03D480860F4F7A1F900248D
:1010C00007940894022009AE0994CDE90204CDE901
:1010D00004463848CDE900040423374A2421204639
:1010E000F9F7DFF8CDE904463448CDE900040023E0
:1010F000029403941A4638214C20F9F7D2F84FF0A5
:101100000908CDE9034808AF0126009401940023A3
:1011100002941A4638213420CDE90567FAF731FDEB
:10112000CDE9034805200094CDE9014000231A468B
:1011300038213C20CDE90567FAF723FDCDE90348C6
:1011400000940194002302941A4638214420CDE9EA
:101150000567FAF716FDCDE90348009401940023D2
:1011600002941A4638215420CDE90567FAF709FDA3
:10117000089907A8CDE904410690CDE900460394FB
:101180000F4B06220F4900200296FAF771FF0798CD
:10119000E8600998A860242068700B482861032043
:1011A00028700A4868610AB0BDE8F081000030424A
:1011B000C455002097090208930902082600002060
:1011C0008709020881090208241802082D1802085C
:1011D0002DE9F0433F4905468BB03D480860F4F7E0
:1011E0000FF9002409AE0994CDE904463A48079462
:1011F00008944FF00209CDE90004CDE902940423DC
:10120000364A24212046F9F74CF8CDE90446344803
:10121000CDE900040023029403941A4638214C209F
:10122000F9F73FF84FF00908CDE903480094CDE9FC
:10123000014908AF012600231A4638213420CDE9A0
:101240000567FAF79EFCCDE903480094019400235A
:1012500002941A4638213C20CDE90567FAF791FC43
:10126000CDE9034800940194002302941A463821E2
:101270004420CDE90567FAF784FCCDE903480094E2
:101280000194002302941A4638215420CDE90567C1
:10129000FAF777FC089907A8CDE904410690CDE953
:1012A000004603940F4B06220F4900200296FAF7DE
:1012B000DFFE0798E8600998A860242068700B4852
:1012C00003212861297068610BB0BDE8F08300003C
:1012D00000003042C4550020970902089309020813
:1012E0002600002087090208810902082718020841
:1012F000F0B53049054689B04FF083400860F4F7F7
:101300007FF800240894079408A803940494CDE976
:1013100005400126CDE90046274B324627492046A5
:101320000296FAF7A5FE07AFCDE9044724A0CDE960
:101330000004CDE9026400231A4688211420F8F73E
:10134000B0FF05F045FFCDE904473730CDE9000493
:10135000CDE9026400231A4678211846F8F7A1FF68
:10136000CDE9044718A0CDE90004CDE902640023CB
:101370001A4688216920F8F794FF05F029FFCDE986
:1013800004473030CDE90004CDE9026400231A4659
:1013900078215620F8F785FF242068700B482861D3
:1013A000022028700A4868610798A8600898E860D9
:1013B00009B0F0BDC45500203D0D02083C0D0208E7
:1013C0006D672F4C000000004E5455008C1702082A
:1013D0008E170208F8B50C46104905464FF08040BC
:1013E0000860F4F70DF800200090012C0BD00A2CB7
:1013F00010D106F091FD064609F096FF01463046F1
:10140000F4F790FA01E005F0E3FE027E6946284613
:1014100004F056FD0098E8606C70F8BDC4550020DB
:101420002DE9F04F8BB005464FF08141FE484FF05B
:10143000240A0160F3F7E4FF4FF000084646CDF8B8
:101440002080CDF82480CDF8288005F0C1FE806E84
:101450000DF080FF04460F4605F0BAFE0DF1280B93
:10146000CDE9046B2A304FF00109CDE90006CDE942
:10147000029600231A4651465020F8F712FF08A89A
:1014800003960496CDE9056000960196E74B042289
:10149000E74900200296FAF7EBFDE3484FF083415D
:1014A00000680DF083FF0146E2480DF07FFF0EF06B
:1014B000C9F8C0B207900CF0A5FCDF4E0DF1240A6C
:1014C00000287DD005F084FE4079DC4B5A3807288F
:1014D00042462046394678D80DF012FD0022D84BFE
:1014E0000DF0FAF90DF048FC074642F2107097FB38
:1014F000F0F0CDE90389C0B2CDF80080CDE90180DC
:10150000CDE9059A002344461A4648200799FAF780
:1015100038FB42F2107097FBF0F100FB11714FF4B1
:101520007A7091FBF0F00921CDE90341C0B200943B
:10153000CDE90140CDE9059A00231A4650200799CC
:10154000FAF71FFB4FF47A7097FBF0F100FB117173
:10155000642091FBF0F00921CDE90341C0B2009471
:10156000CDE90140CDE9059A00231A465820079994
:10157000FAF707FB642097FBF0F100FB11710A20DA
:1015800091FBF0F00922CDE90342C0B20094CDE90D
:101590000140CDE9059A00231A4668200799FAF719
:1015A000F0FA0A2097FBF0F100FB11700921CDE958
:1015B0000341C0B20094CDE9014000231A4601E086
:1015C00061E002E0CDE9059AC7E00DF099FC0DF06D
:1015D000D3FB074642F2107097FBF0F0CDE9038988
:1015E000C0B2CDF80080CDE90180CDE9059A002395
:1015F00044461A4650200799FAF7C3FA42F210708F
:1016000097FBF0F100FB11714FF47A7091FBF0F051
:101610000921CDE90341C0B20094CDE90140CDE9F3
:10162000059A00231A4658200799FAF7AAFA4FF4A8
:101630007A7097FBF0F100FB1171642091FBF0F0E0
:101640000922CDE90342C0B20094CDE90140CDE9C1
:10165000059A00231A4660200799FAF792FA642047
:1016600097FBF0F100FB11710A2091FBF0F00923C8
:10167000CDE90343C0B20094CDE90140CDE9059A1C
:1016800000231A460CE105F0A3FD40796B4B5A3854
:1016900007284FF00002204639467CD80DF030FC78
:1016A0000022674B0DF018F90DF066FB07464FF46A
:1016B0007A7097FBF0F04FF0090ACDE9038AC0B2C7
:1016C000CDF80080CDE9018009A9CDE9059100237D
:1016D00044461A4650200799FAF753FA4FF47A70A5
:1016E00097FBF0F100FB1171642091FBF0F0CDE964
:1016F000034AC0B20094CDE9014009A9CDE90591A2
:1017000000231A4658200799FAF73BFA642097FB02
:10171000F0F100FB11710A20CDE9034A91FBF0F0D2
:1017200009AA0094CDE90592C0B2CDE90140002399
:101730001A4668200799FAF724FA0A2097FBF0F175
:1017400000FB1170CDE9034AC0B20094CDE901401D
:1017500009A9CDE9059100231A4670200799FAF7E7
:1017600010FACDE9044BCDE9006402940023039400
:101770001A4660200799F8F794FD099808AECDE95C
:101780000480042244464F46CDF80C8006962D4B2B
:101790002D49012000E021E0CDF80080CDE901894C
:1017A000FAF766FC03940494CDE905460094CDE96C
:1017B00001470222254B26491046FAF759FC0898A2
:1017C000E8600A98A86024206870224828610220F6
:1017D0002870214868610BB0BDE8F08F0DF090FBD8
:1017E0000DF0CAFA07464FF47A7097FBF0F04FF00D
:1017F000090ACDE9038AC0B2CDF80080CDE90180A5
:1018000009A9CDE90591002344461A4658200799B5
:10181000FAF7B7F94FF47A7097FBF0F100FB11710A
:10182000642091FBF0F019E0C4550020610C02081F
:10183000EE08020800001042260000200000594077
:101840000000E03F6A0C0208F2080208140C0208CB
:10185000FA0802088517020887170208CDE9034A2B
:1018600009AA0094CDE90592C0B2CDE90140002358
:101870001A4660200799FAF784F9642097FBF0F183
:1018800000FB11710A20CDE9034A91FBF0F009AA8F
:101890000094CDE90592C0B2CDE9014000231A467B
:1018A00070200799FAF76DF9CDE9044B0023CDE9D3
:1018B0000064029403941A46682007995BE70000CD
:1018C000F0B51949044689B04FF082400860F3F73B
:1018D00097FD002507AF079503950495CDE90557BA
:1018E0000126CDE90056114B0722114928460296E0
:1018F000FAF7BEFB03950495CDE90557CDE90056EF
:101900000C4B08220C4901200296FAF7B1FB252066
:1019100060700A482061042020700948A560606159
:101920000798E06009B0F0BDC4550020B91A02085C
:10193000B21A0208CC1A0208C41A02089F1A020836
:10194000A31A0208F0B51849044689B04FF0804048
:101950000860F3F755FD002507AF0795039504953B
:10196000CDE905570126CDE90056104B022210495A
:1019700028460296FAF77CFB03950495CDE90557B6
:10198000CDE900560B4B02220B4901200296FAF7D3
:101990006FFB667009482061042020700848606170
:1019A0000798E06009B0F0BDC45500201D0C020886
:1019B000F6080208190C0208F8080208D6180208EE
:1019C000DA1802082DE9F0475C4905468AB05A4802
:1019D0000860F3F715FD002409AF0994CDE9044729
:1019E0005748079408944FF0020ACDE90004CDE966
:1019F00002A40423534A24212046F8F752FC05F0A0
:101A0000E7FB407901260DF120084FF00909602815
:101A100052D004A84746039480E8D00000230094E5
:101A200001941A46382134200294FAF7AAF804A83F
:101A3000039480E8D0000023009401941A463821D2
:101A40003C200294FAF79DF804A8039480E8D000A3
:101A50000023009401941A46382144200294FAF796
:101A600090F8CDE9034900233821009401941A46E7
:101A70004C200294CDE90567FAF783F8089907A886
:101A8000CDE904410690CDE9004603942E4B062291
:101A90002E4900200296FAF7EBFA0798E8600998B9
:101AA000A860242068702A48286185F800A0294889
:101AB00068610AB0BDE8F087CDE904472648CDE962
:101AC00000040023029403941A4638214C20F8F7AE
:101AD000E8FB04A84746039480E8D0000023009464
:101AE00001941A46382134200294FAF74AF804A8DF
:101AF000039480E8D0000023009401941A46382112
:101B00003C200294FAF73DF8CDE903490094019492
:101B100000230294C8461A4638214420CDE90567BF
:101B2000FAF72FF8CDE903480023382100940194F7
:101B30001A46542002949DE700003042C45500200C
:101B40009709020893090208870902088109020817
:101B50008C1702088E1702082600002010B51249C3
:101B6000044688B04FF083400860F3F749FC00203A
:101B700007A9079003900490CDE905010121CDE963
:101B800000010A460291094B0949FAF771FA072048
:101B90006070084820610420207007486061079841
:101BA000E06008B010BD0000C45500203D0D0208E3
:101BB0003C0D0208BE080208E70B02082DE9F04FB1
:101BC00087B0002581460695F3F71AFCF84FF86BAD
:101BD0000DF0C0FBCDE90001F6A20721F748EEF7B2
:101BE0008BFC386C0DF0B6FBCDE90001F348F1A297
:101BF0000721C01DEEF780FC06AECDE90456F04883
:101C0000CDE900050224CDE902450323ED4A202158
:101C10000020F8F746FB06A8CDE904500121CDE9E4
:101C20000215CDE9007500231A4620213020F8F76F
:101C300038FB06A8CDE904500121E348CDE902159F
:101C4000CDE9000500231A4630211846F8F729FB94
:101C500006A8CDE90450012107F10D00CDE90215D8
:101C6000CDE9000500231A4630211820F8F719FBAA
:101C700006A8CDE904500121D448CDE90215CDE9EB
:101C8000000500231A4640211846F8F70AFB06A86B
:101C9000CDE904500121A7F10E00CDE90215CDE9EF
:101CA000000500231A4640211820F8F7FAFAB86B0D
:101CB0000DF050FBCDE90001C048BEA207210E3057
:101CC000EEF71AFCC248DFF8F4A2C34900780AF123
:101CD0000E0AC04B4A42DFF804C3C14F0AF10E0B93
:101CE0000C286ED2DFE800F006F9F8F7F6F5F4F309
:101CF000F2F1F0EFDFF8B882D8F848000DF02AFBD7
:101D0000CDE90001AD48ABA207211530EEF7F4FB99
:101D1000D8F84400B84209DB0DF094FC0346A7480C
:101D2000B0A207211C30EEF7E7FB09E00DF012FB33
:101D3000CDE90001A1489FA207211C30EEF7DCFB92
:101D4000CDE90456A848CDE90005CDE902450223B6
:101D5000A64A50210020F8F7A4FA0BF04BFF08B177
:101D6000202000E040200596012708220095CDE9BB
:101D700003274FF00308CDE9015800231A465021EC
:101D8000F8F78FFACDE904568C48CDE90005CDE986
:101D9000027500231A4650217020F8F782FACDE927
:101DA00004569348CDE90005CDE902450223914A46
:101DB00060210020F8F775FA0BF01CFF10B120200D
:101DC00001E0B9E2402005960A220095CDE90327FB
:101DD000CDE9015800231A466021F8F762FA7748E6
:101DE000CDE90456C01DCDE90005CDE902750023FB
:101DF0001A4660217020F8F754FACDE904567E485F
:101E0000CDE900050224CDE9024523467B4A702135
:101E10000020F8F746FA05960095CDE90347CDE98D
:101E2000015800231A4670212020F8F73AFACDE92C
:101E30000456CDE90275CDE900A5002370211A46AC
:101E40000846F8F72EFACDE90456DFF8B4A1CDE93B
:101E500000A5CDE9024503236A4A80210020F8F756
:101E600020FA0BF0C7FE08B1302000E010200095EA
:101E7000CDE90287CDE90476002344461A46802145
:101E80000195F8F70EFA4D48CDE904561530CDE925
:101E90000005CDE9027500231A4680217020F8F76D
:101EA00000FACDE904560220CDE90205CDE900A5EE
:101EB0000323544A90210020F8F7F3F90BF09AFE1F
:101EC00060B130200BE0ABE3F7E255E235E226E209
:101ED0009DE165E1D1E0CDE05BE00BE01020042165
:101EE0000095CDE902410023CDE904761A4601951B
:101EF0009021B5E02E48C06CB84209DB0DF0A2FB82
:101F000003462E4837A207211C30EEF7F5FA09E008
:101F10000DF020FACDE90001284826A207211C3047
:101F2000EEF7EAFACDE904563348CDE90005CDE9EC
:101F300002450223314A70210020F8F7B2F90095DA
:101F40000DF10808012703200596019588E8910006
:101F500000231A4670212020F8F7A3F9CDE9045692
:101F6000CDE90275CDE900A5002370211A46084687
:101F7000F8F797F9CDE904562348CDE90005012388
:101F80008021CDE90245214A002044E3F8F789F990
:101F9000E0E10748406EB8423ADB0DF053FB0346E0
:101FA000064810A207211C30EEF7A6FA3AE000001E
:101FB000F85A002025362E3266000000CD5500204C
:101FC0008B0A0208880A0208960A0208920A020886
:101FD00021550020000080800000C8420000204100
:101FE00000401C46256400009C0A02089A0A020868
:101FF000A70A0208A50A020887170208851702081F
:10200000E1170208DE170208D2190208D1190208E6
:102010000DF0A0F9AFF26402CDE900010721FE48FE
:10202000EEF76AFACDE90456FC48CDE90005CDE9A2
:1020300002450223FA4A90210020F8F732F90BF00A
:10204000D9FD08B1302000E0102002AA0127059632
:1020500082E8B000F349CDE900150223F24A90214D
:10206000F8F71FF9CDE90275CDE9045600231A46A9
:10207000902191E0ED48406F53E1EC48806D98422B
:1020800006D2884204DA0DF065F9AFF2D80206E014
:102090008118B1F1D97F09D20DF05CF9E4A2CDE944
:1020A00000010721DC48EEF727FA24E0E249E34A81
:1020B0000144914203D20DF0C5FA034616E0E0490F
:1020C000E04B4218DC4949429A4202D20DF0DCF959
:1020D000D9E7DD4ADD4B02449A4202D20DF0D4F931
:1020E000DAE7DB49884206DB4FF47A73D9A207218D
:1020F000C948EEF701FACDE90456D748CDE9000505
:10210000CDE902450223D54A70210020F8F7C9F82D
:10211000059601200095CDE903404FF00308CDE975
:10212000015800231A4670212020F8F7BAF8CDE9AB
:1021300004560120CDE90205CDE900A50023702158
:102140001A460846F8F7ADF8CDE90456C448CDE97B
:102150000005CDE902450323C24A80210020F8F79B
:10216000A0F8B248806DB84201DB0F2100E00521E4
:1021700003A8002380E862000095CDE901581A46C3
:1021800080213820F8F78DF80120CDE90205CDE94E
:10219000045600231A468021CDE900B57020F5E6EB
:1021A000A248406D0DF04EFA0346AFF2C812072167
:1021B0009948EEF7A1F9CDE90456AB48CDE9000501
:1021C000CDE902450223A94A70210020F8F769F8F9
:1021D0000BF010FD08B1302000E0102003AB072108
:1021E00083E8620003220095CDE9015200231A46DC
:1021F0007021F8F756F80120CDE90456CDE9020523
:102200000023CDE900A570211A460846BEE6DFF896
:102210001C82D8F84C000DF09DF8AFF26822CDE991
:1022200000017D480721C01FEEF766F9D8F8680065
:10223000B84209DB0DF006FA0346AFF25822072137
:102240007548EEF759F909E00DF084F8AFF29C22D9
:10225000CDE9000107217048EEF74EF9CDE90456AB
:102260007D48CDE90005CDE9024502237B4A702176
:102270000020F8F716F8059601270095CDE90347E9
:102280004FF00308CDE9015800231A4670212020A1
:10229000F8F707F8CDE90456CDE90275CDE900A5B8
:1022A000002370211A460846F7F7FBFFCDE90456D4
:1022B0006F48CDE90005CDE9024501236D4A802133
:1022C0000020F7F7EEFF5448CDE90456C01FCDE9D2
:1022D0000005CDE9027500231A4680217020F7F72A
:1022E000E0FFCDE904566448CDE90005CDE902459B
:1022F0000223624A90210020F7F7D3FF0BF07AFC0B
:1023000008B1302000E01020042205960095CDE9A8
:1023100003270023CDE901581A469021A0E643483F
:10232000C06EB8420CDB0DF08DF90346AFF24C32B3
:1023300007213948EEF7E0F80CE03C48006FF0E781
:102340000DF008F8AFF29432CDE9000107213248D0
:10235000EEF7D2F80699C9F80810192189F801108A
:102360004749C9F81010042189F800104549C9F8F7
:10237000141007B0BDE8F08F2C48806F984201D24E
:10238000604504DB40490144B1F1D47F09D20CF02F
:10239000E1FFCDE9000126A207211F48EEF7ACF8C6
:1023A0000BE08118394A914207D20DF04BF90346F0
:1023B00028A207211848EEF79FF8CDE904562648D1
:1023C000CDE90005CDE902450223244A7021002011
:1023D000F7F767FF00950DF1080801270320059620
:1023E000019588E8910000231A4670212020F7F714
:1023F00058FFCDE90456CDE90275CDE900A50023CB
:1024000070211A460846F7F74CFFCDE90456CDE98E
:1024100002451F4803233DE0E95500204E1A0208FB
:102420004C1A0208B0170208AE170208F85A00202A
:1024300025362E3166000000000086BB0040A20158
:1024400000C0E3B90010A70100B03CB800D4B0014F
:10245000002474492536640087170208851702088E
:10246000351A0208321A02085A1A0208581A0208C3
:10247000D2190208D1190208B6190208B4190208C3
:10248000BA080208DD0B02080000E0BE00A0440309
:10249000801A0208CDE90005E14A80210020F7F703
:1024A00000FFCDE90456DF48CDE900050223802175
:1024B000CDE90245DC4A3820ADE0DFF87083DC4A24
:1024C000D8F87C00904239DB47460CF043FF0022ED
:1024D000D84B0CF0BDFA0022D74B0CF0D5FCF86FAE
:1024E00007D20CF037FF0022D24B0CF0B1FAD3A286
:1024F0002FE00CF02FFF0022CE4B0CF0A9FA0022A7
:10250000D04B0CF0C1FC0CD2F86F0CF023FF002272
:10251000C84B0CF09DFA0CF05FFC0346CAA20421E4
:1025200023E0F86F0CF016FF0022C24B0CF090FA7B
:102530000022C04B0CF0A8FC1AD2E5E7604503DA94
:102540000CF008FFC1A204E0884209DA0CF002FF97
:10255000C0A2CDE900010521C048EDF7CDFF07E09D
:102560000DF070F80346BEA20521BC48EDF7C4FF8C
:10257000CDE90456BB48CDE90005CDE9024502236B
:10258000B94A70210020F7F78CFE00950DF1080C78
:1025900001270320059601958CE8910000231A4637
:1025A00070212020F7F77DFECDE90456CDE90275B4
:1025B000CDE900A5002370211A460846F7F771FE01
:1025C000CDE90456A948CDE90005CDE9024502232D
:1025D000A74A80210020F7F764FE9548D8F87C10C0
:1025E000814207DB0BF006FB08B1302000E0102031
:1025F0000E2206E00BF0FEFA08B1302000E01020B9
:102600000D22009502AC03210596019584E8860011
:1026100000231A468021F7F744FECDE90275B6E59E
:10262000DFF80882D8F864000CF094FEAFF27C6208
:10263000CDE9000189480721C01FEDF75DFFD8F8FB
:102640008000B84209DB0CF0FDFF0346AFF2FC123C
:1026500007218248EDF750FF09E00CF07BFEAFF256
:102660003022CDE9000107217C48EDF745FFD8F87D
:102670008400B8420ADB0CF0E5FF0346AFF22C22DF
:1026800076480721C01DEDF737FF0AE00CF062FE27
:10269000AFF26422CDE9000170480721C01DEDF7BB
:1026A0002BFF04F095FD40790A2804D004F090FD3A
:1026B00040794A2802D10BF0A9FA68B3CDE9045653
:1026C0006C48CDE90005CDE9024502236A4A902114
:1026D0000020F7F7E6FD0BF08DFA08B1302000E09E
:1026E000102002AA0127059682E8B0006349CDE9CF
:1026F00000150223624A9021F7F7D3FD5748CDE930
:102700000456C01FCDE90005CDE9027500231A4625
:1027100090217020F7F7C5FDCDE904565148CDE969
:102720000005A0462746CDE9024502234E4A602116
:102730000020F7F7B6FD032003970095CDE901507F
:102740000124CDE9044600231A4660212020F7F732
:10275000A8FDCDE90456CDE900A50023CDE9024549
:102760001A4660217020F7F79CFDCDE904564548D4
:10277000CDE90005CDE902750223434A702100200E
:10278000F7F78FFD0BF036FA08B1302000E010208B
:102790000095CDE904460DF1040C4FF0040A03271F
:1027A0008CE8A00400231A467021F7F77AFDCDE9E2
:1027B0000456CDE900B500237021CDE902451A4643
:1027C0000846F7F76EFDCDE904563048CDE900051F
:1027D000CDE9028502232E4A80210020F7F761FD12
:1027E0000BF008FA08B1302000E010200095CDE988
:1027F00004460DF10408002388E8A0041A4680214D
:10280000F7F74FFD1548CDE90456C01DCDE9000589
:1028100000238021CDE902451A467020BFE4000064
:102820007D1A0208861A0208841A0208F85A002043
:1028300000401C4600408F400000244025332E31CC
:1028400066000000000059402533640025332E3215
:102850006600000025342E3166000000E955002096
:10286000253464008717020885170208ED1A02084C
:10287000EB1A02084E1A02084C1A0208B017020896
:10288000AE170208411802083F180208471802084C
:10289000451802082DE9F04188B000240546069449
:1028A000F2F7AEFD06AECDE904462F484FF0020820
:1028B000CDE90004CDE9028403232C4A2021002025
:1028C000F7F7EFFCCDE9044629480127CDE90004DC
:1028D000CDE9027400231A4630211846F7F7E1FCCF
:1028E0002348CDE90446801CCDE90004CDE90274FB
:1028F00000231A4630211820F7F7D3FCCDE904460F
:102900001C48CDE90004CDE9028403231A4A402182
:102910000020F7F7C6FC1648CDE90446801ECDE935
:102920000004CDE9027400231A4650211846F7F737
:10293000B8FC0F48CDE904460E30CDE90004CDE9DE
:10294000027400231A4650211820F7F7AAFC0698B3
:10295000A860192068700948286104202870084878
:10296000686108B0BDE8F081C10A0208BE0A020829
:10297000145B0020B30A0208B00A0208BA08020871
:10298000DD0B020810B51249044688B04FF08340B1
:102990000860F2F735FD002007A907900390049026
:1029A000CDE905010121CDE900010291094B022287
:1029B0000949F9F75DFB0820607008482061042090
:1029C0002070074860610798E06008B010BD000003
:1029D000C4550020140C0208FA080208B6080208C0
:1029E000D20B02082DE9F04389B0884600249249B1
:1029F000074607948F4808940860F2F701FD07AD79
:102A00008E48CDE904450226CDE90004CDE90264F3
:102A100003238B4A20210020F7F743FC8948CDE9A6
:102A20000445CDE90004CDE902640523864A30213E
:102A30000020F7F736FC8548CDE90445CDE90004D0
:102A4000CDE902640523824A40210020F7F729FCE2
:102A50008048CDE90445CDE90004CDE902640523B1
:102A60007D4A50210020F7F71CFC404605F0EEFEA1
:102A7000DFF8E89199F8000006F08EFE03466E48F4
:102A800077A20521001DEDF737FD99F800000C280D
:102A90001CD2DFE800F0060E636B737B838B939B85
:102AA000A3ABCDE902646F48CDE9044503236E4A28
:102AB00006E0CDE902646D486D4ACDE90445012385
:102AC000CDE9000420213020F7F7EBFB6948CDE980
:102AD00004450126CDE90004CDE9026400231A462D
:102AE00030215020F7F7DDFB5348CDE90445001DA8
:102AF000CDE90004CDE9026400231A4640215820A4
:102B0000F7F7CFFB05F0DCF9CDE90445CDE900048A
:102B1000CDE9026400231A4650215820F7F7C1FB83
:102B200008ADB8F1000F69D0A8F1010081B299F8A1
:102B30000020514806F052FE41464F480BF048FD38
:102B4000CDE9034621204C4BCDE90006143B002281
:102B5000029611461046CDE905455AE0CDE90264DA
:102B60004648CDE904450223454AA9E7CDE9026478
:102B70004448CDE904450223434AA1E7CDE9026474
:102B80004248CDE904450323414A99E7CDE902646F
:102B90004048CDE9044502233F4A91E7CDE902646C
:102BA0003E48CDE9044502233D4A89E7CDE9026468
:102BB0003C48CDE9044501233B4A81E7CDE9026465
:102BC0003A48CDE904450223394A79E7CDE9026460
:102BD0003848CDE904450323374A71E7CDE902645B
:102BE0003648CDE904450223354A69E7CDE9026458
:102BF0003448CDE904450223334A61E70394049441
:102C0000CDE90545CDE90046304B0322304900208F
:102C10000294F9F72DFA0898F8600798B860062032
:102C200078702C483861042038702B48786109B0DE
:102C3000BDE8F0830000A042C45500208B0A0208C2
:102C4000880A0208570A0208520A02086D0A020896
:102C5000680A02087D0A0208780A02082155002045
:102C600025346400E1170208DE170208D2190208B1
:102C7000D1190208620A0208F85A00204E1A020806
:102C80004C1A0208541A0208521A0208351A02088D
:102C9000321A02085A1A0208581A0208B61902080B
:102CA000B41902085F1A02085E1A0208641A0208C0
:102CB000621A02088E1A02088B1A0208ED1A02081C
:102CC000EB1A0208411802083F1802084A0A0208D3
:102CD000470A0208BA080208DD0B0208F0B52549C8
:102CE000044689B04FF080400860F2F789FB002766
:102CF000079704F06DFA4079012507AE4A2805D1FF
:102D000004F066FAB0F8B400012826D003970497BF
:102D1000CDE90576CDE900753846174B04221749F1
:102D20000295F9F7A5F93021CDE90015039704972D
:102D30000295CDE905762846114B04221149F9F791
:102D400097F90520607010482061042020700F481A
:102D500060610798E06009B0F0BD2F21CDE9001552
:102D6000039704970295CDE905763846024B042275
:102D70000249D6E7C4550020F51A0208F11A0208E4
:102D8000161B0208121B0208051B0208091B020879
:102D900000487047F85A00202DE9F0414A4904469E
:102DA0008AB04FF080400860F2F72AFB00250895B2
:102DB000079507AF03950495CDE905574FF0010836
:102DC000CDE900584646414B022241492846CDF8FC
:102DD0000880F9F74DF903950495CDE90557CDE93C
:102DE00000563C4B02223C4901200296F9F740F97B
:102DF0000AF006FF002858D004F0BAFB007808AEAD
:102E0000D0B1CDE9045635480227CDE90005CDE91A
:102E100002750323324A7E210020F7F742FACDE9FA
:102E200004563048CDE90005CDE9027503232E4A4A
:102E30004E210020F7F735FA04F028FCCDE90456BE
:102E4000CDE90005CDE90285002347461A465E21FB
:102E50001846F7F726FA04F08BFBCDE90456CDE9C6
:102E60000005CDE9027500231A465E211820F7F708
:102E700018FA04F007FCCDE90456CDE90005CDE9C8
:102E8000027500231A468E211846F7F70AFA04F055
:102E90007BFBCDE90456CDE90005CDE902750023A1
:102EA0001A468E211820F7F7FCF9052060700F48AC
:102EB0002061042020700E4860610898A060079887
:102EC000E0600AB0BDE8F081C45500201D0C020886
:102ED000F6080208190C0208F8080208B30A0208EA
:102EE000B00A0208C10A0208BE0A0208AE080208B7
:102EF000B60B0208F0B51A49044689B04FF080407D
:102F00000860F2F77DFA012600250620CDE90006CB
:102F1000079507AF039504950296CDE90557114B28
:102F2000042211493046F9F7A3F80720CDE900063D
:102F3000039504950296CDE905570C4B04220C49E4
:102F40000220F9F795F80798E060022060700948C0
:102F50002061042020700848606109B0F0BD0000C5
:102F6000C4550020DD0B0208BA080208E70B02086E
:102F7000BE0802088E080208550B02082DE9F04F22
:102F80009A49824689B04FF0804000240860F2F7E9
:102F900037FA00252846079506F0FEFB944F0DF101
:102FA0001C0801264FF01A0970B13D70CDE900965A
:102FB000039504950296CDE90558284601248D4BCA
:102FC00003228D49F9F754F8012006F0E5FB88B19A
:102FD00038780C2800D13E70CDE900960395049511
:102FE0000296CDE905582046641C844B0122844991
:102FF000F9F73EF8022006F0CFFB90B138780C28A4
:1030000001D102203870CDE900960395049502960F
:10301000CDE905582046641C7A4B02227A49F9F71B
:1030200027F8032006F0B8FB90B138780C2801D1BE
:1030300003203870CDE90096039504950296CDE9FA
:1030400005582046641C714B02227149F9F710F8AB
:10305000042006F0A1FB90B138780C2801D104209F
:103060003870CDE90096039504950296CDE9055890
:103070002046641C674B03226749F8F7F9FF0520D7
:1030800006F08AFB90B138780C2801D10520387001
:10309000CDE90096039504950296CDE905582046A2
:1030A000641C5E4B02225E49F8F7E2FF062006F040
:1030B00073FB90B138780C2801D106203870CDE927
:1030C0000096039504950296CDE905582046641CA8
:1030D000544B02225449F8F7CBFF072006F05CFB63
:1030E00090B138780C2801D107203870CDE90096CE
:1030F000039504950296CDE905582046641C4B4B78
:1031000001224B49F8F7B4FF082006F045FB4FF0C9
:10311000080B98B138780C2801D187F800B0CDE9B8
:1031200000960395049502962046CDE90558641C47
:10313000E4B2404B02224049F8F79AFF092006F01A
:103140002BFB98B138780C2801D109203870CDE9D3
:1031500000960395049502962046CDE90558641C17
:10316000E4B2364B03223649F8F782FF0A2006F014
:1031700013FB98B138780C2801D10A203870CDE9BA
:1031800000960395049502962046CDE90558641CE7
:10319000E4B22C4B02222C49F8F76AFF0B2006F010
:1031A000FBFA88B138780C2801D10B203870CDE9B2
:1031B0000096039504950296CDE905582046234BC9
:1031C00002222349F8F754FF0799CAF80C108AF82D
:1031D00001B02049CAF8101004208AF800001E49E6
:1031E000CAF8141009B0BDE8F08F0000C4550020E3
:1031F00021550020E1170208DE170208D219020843
:10320000D11902084E1A02084C1A0208541A020870
:10321000521A0208351A0208321A02085A1A02080B
:10322000581A0208B6190208B41902085F1A0208EF
:103230005E1A0208641A0208621A02088E1A02084C
:103240008B1A0208ED1A0208EB1A0208411802084C
:103250003F1802088E080208550B02082DE9F04FAE
:103260009B49824689B04FF0804000240860F2F705
:10327000C7F8984F00250C2007953870284606F0AF
:103280008BFA0DF11C0801264FF0190970B13D7041
:10329000CDE90096039504950296CDE90558284698
:1032A00001248D4B03228D49F8F7E2FE012006F040
:1032B00073FA88B138780C2800D13E70CDE90096B9
:1032C000039504950296CDE905582046641C844B6D
:1032D00001228449F8F7CCFE022006F05DFA90B195
:1032E00038780C2801D102203870CDE9009603957A
:1032F00004950296CDE905582046641C7A4B0222BB
:103300007A49F8F7B5FE032006F046FA90B138780E
:103310000C2801D103203870CDE90096039504955F
:103320000296CDE905582046641C714B0222714972
:10333000F8F79EFE042006F02FFA90B138780C289A
:1033400001D104203870CDE90096039504950296CA
:10335000CDE905582046641C674B03226749F8F7FE
:1033600087FE052006F018FA90B138780C2801D1B4
:1033700005203870CDE90096039504950296CDE9B5
:1033800005582046641C5E4B02225E49F8F770FE29
:10339000062006F001FA90B138780C2801D10620F9
:1033A0003870CDE90096039504950296CDE905584D
:1033B0002046641C544B02225449F8F759FE07205A
:1033C00006F0EAF990B138780C2801D1072038705E
:1033D000CDE90096039504950296CDE9055820465F
:1033E000641C4B4B01224B49F8F742FE082006F0C3
:1033F000D3F94FF0080B98B138780C2801D187F831
:1034000000B0CDE900960395049502962046CDE9DB
:103410000558641CE4B2404B02224049F8F728FEEC
:10342000092006F0B9F998B138780C2801D10920A3
:103430003870CDE900960395049502962046CDE9B3
:103440000558641CE4B2364B03223649F8F710FEE7
:103450000A2006F0A1F998B138780C2801D10A2089
:103460003870CDE900960395049502962046CDE983
:103470000558641CE4B22C4B02222C49F8F7F8FDE5
:103480000B2006F089F988B138780C2801D10B207F
:103490003870CDE90096039504950296CDE905585C
:1034A0002046234B02222349F8F7E2FD0799CAF888
:1034B0000C108AF801B02049CAF8101004208AF8CC
:1034C00000001E49CAF8141009B0BDE8F08F0000D2
:1034D000C455002021550020E1170208DE1702081C
:1034E000D2190208D11902084E1A02084C1A020811
:1034F000541A0208521A0208351A0208321A02082F
:103500005A1A0208581A0208B6190208B419020811
:103510005F1A02085E1A0208641A0208621A020898
:103520008E1A02088B1A0208ED1A0208EB1A02081A
:10353000411802083F1802088E080208550B0208BD
:10354000F0B51A49044689B04FF080400860F1F7A1
:1035500057FF002501264A20CDE90006079507AF51
:10356000039504950296CDE90557114B04221149A4
:103570002846F8F77DFD4B20CDE90006039504951C
:103580000296CDE905570C4B04220C493046F8F75A
:103590006FFD2E2060700A482061042020700948C9
:1035A00060610798E06009B0F0BD0000C4550020DC
:1035B0004F1802084B1802086A1802086618020819
:1035C000F11A0208F51A02082DE9F04F6D4F054671
:1035D0008BB04FF0814091460E46DFF8AC813860E9
:1035E000F1F70EFF00240794089409944FF08341EB
:1035F00038680BF0DBFE014640460BF0D7FE0CF0BE
:1036000021F80921012700F0FF084FF4616308AA9F
:10361000B9F1000F44D09B46CDE90341B6FBFBF066
:103620000094CDE90572C0B2CDE901409146002376
:103630001A4641463420F8F7A4FA0DF1240ACDE9E0
:10364000044A02215148CDE90214CDE900040123C6
:103650004F4A41463C20F6F724FEB6FBFBF10BFB3C
:1036600011613C203B22B1FBF0F0CDE90342CDE9F2
:103670000549C0B20094CDE9014000231A464146F5
:103680004C20F8F77EFACDE9044A02214148CDE901
:103690000214CDE9000401233F4A41465C2043E087
:1036A0009A46CDE90341B6FBFAF00094CDE90572E4
:1036B000C0B2CDE9014000231A4641463820F8F750
:1036C00060FA0DF1240BCDE9044B30484FF00209AC
:1036D000CDE90004CDE9029401232D4A4146402062
:1036E000F6F7DFFDB6FBFAF10AFB11613C20B1FBF6
:1036F000F0F03B22CDE9034208A9CDE90541C0B273
:103700000094CDE9014000231A4641464820F8F7CD
:1037100038FACDE9044B1F48CDE90004CDE9029405
:1037200001231D4A41465820F6F7BBFD089807AE15
:10373000CDE90440069603940094CDE90147174B68
:10374000052217490020F8F793FC03940494CDE96F
:1037500005460094CDE901470222124B124910465A
:10376000F8F786FC0798E8600998A8600F20687051
:103770000E482861042028700D4868610BB0BDE830
:10378000F08F0000C45500200000104260090208BC
:103790005F09020863090208620902085009020869
:1037A0004B090208140C0208FA0802083909020839
:1037B0003D090208F0B51949044689B04FF0804030
:1037C0000860F1F71DFE002507AF079503950495E6
:1037D000CDE905570126CDE90056114B02221149CA
:1037E00028460296F8F744FC03950495CDE9055761
:1037F000CDE900560C4B02220C4901200296F8F745
:1038000037FC0C2060700A482061032020700948B2
:1038100060610798E06009B0F0BD0000C455002069
:103820001D0C0208F6080208190C0208F808020824
:10383000150B0208180B0208F0B52249044689B09E
:103840004FF082400860F1F7DBFD002507950AF094
:10385000D1F90126CDE9036507AFCDE90557CDE9DB
:1038600000562B46029678B1082217490020F8F737
:10387000FFFBCDE90365CDE90557CDE900560023EF
:103880000822124902960EE0072211490020F8F79B
:10389000EFFBCDE90365CDE90557CDE900560023DF
:1038A0000C49072202960120F8F7E2FB0520607020
:1038B0000948206104202070084860610798E06092
:1038C00009B0F0BDC4550020CA0D0208E00D020881
:1038D000D20D0208D90D0208960802086F0B0208E3
:1038E000F0B51949044689B04FF080400860F1F7FF
:1038F00087FD002507AF079503950495CDE905578A
:103900000126CDE90056114B0222114928460296A4
:10391000F8F7AEFB03950495CDE90557CDE90056C0
:103920000C4B02220C4901200296F8F7A1FB0F2054
:1039300060700A482061042020700948606107987F
:10394000E06009B0F0BD0000C45500201D0C020865
:10395000F6080208190C0208F80802082B090208E8
:103960002F090208F0B52049054689B04FF0804084
:103970000860F1F745FD002401260420CDE900068A
:10398000079407AF039404940296CDE90547174BBB
:10399000052217492046F8F76BFB0520CDE9000604
:1039A000039404940296CDE90547124B0422124970
:1039B0000120F8F75DFB0820CDE90006039404948C
:1039C0000296CDE905470D4B04220D490220F8F778
:1039D0004FFB0798E8606E700A4828610220287043
:1039E0000948686109B0F0BDC4550020460B0208C3
:1039F000850802084E0B02088A080208550B0208C7
:103A00008E080208DE0802087C0C020810B5114C72
:103A100001220528A0716270A1701AD2DFE800F0BF
:103A20000310101910000B48843040684069206270
:103A3000017841F0010101700748A062074807E0E2
:103A400009F076FF2078012803D00548A0620548D8
:103A5000E06210BD1C5500200DF2000861ED000869
:103A600015F00008D5E40008F0B587B00546F1F779
:103A7000C7FC002406AECDE904460694224802277E
:103A8000CDE90004CDE902740523204A282120460F
:103A9000F6F707FCCDE904461D48CDE90004CDE961
:103AA000027405231B4A40210020F6F7FAFB04F0BC
:103AB0001BFA19490127002351F82000CDE90446DB
:103AC000CDE90004CDE902741A4628216020F6F7FA
:103AD000E8FB04F027FACDE90446CDE90004CDE97E
:103AE000027400231A4640216020F6F7DAFB052015
:103AF00068700A482861042028700948686106989F
:103B0000A86007B0F0BD0000350C02086709020884
:103B1000410C02086C0902080C550020B20802088A
:103B2000C20B02082DE9F0411A49044688B04FF053
:103B300080400860F1F764FC00254FF0020807950B
:103B4000CDE9035807AFCDE905570126CDE9005669
:103B5000114B4246114928460296F8F789FACDE9F9
:103B60000358CDE90557CDE900560D4B02220D490A
:103B700030460296F8F77CFA2E2060700A482061E1
:103B800004202070094860610798E06008B0BDE833
:103B9000F0810000C45500202F1B02082D1B0208D5
:103BA000281B0208261B0208051B0208091B020825
:103BB0002DE9F0413F4905468AB03D480860F1F7DC
:103BC0001FFC002407940894022009AE0994CDE953
:103BD0000204CDE904463848CDE900040423374AFD
:103BE00024212046F6F75DFBCDE904463448CDE9B3
:103BF00000040023029403941A4638214C20F6F75F
:103C000050FB4FF00908CDE9034808AF01260094A6
:103C10000194002302941A4638213420CDE9056727
:103C2000F7F7AFFFCDE903480094CDE90567CDE98B
:103C3000014600231A4638213C20F7F7A2FFCDE9C0
:103C4000034800940194002302941A46382144202A
:103C5000CDE90567F7F795FFCDE903480094019496
:103C6000002302941A4638215420CDE90567F7F75E
:103C700088FF089907A8CDE904410690CDE90046E0
:103C80000394104B0622104900200296F8F7F0F931
:103C90000798E8600998A860242068700B4828619C
:103CA000032028700A4868610AB0BDE8F08100006E
:103CB00000003042C4550020970902089309020809
:103CC000260000208709020881090208A0190208BD
:103CD000A61902082DE9F0413F4905468AB03D4842
:103CE0000860F1F78DFB002407940894022009AEC8
:103CF0000994CDE90204CDE904463848CDE9000431
:103D00000423374A24212046F6F7CBFACDE90446AE
:103D10003448CDE900040023029403941A46382164
:103D20004C20F6F7BEFA4FF00908CDE9034808AF7A
:103D300001260094CDE90567CDE9014600231A4626
:103D400038213420F7F71DFFCDE903480094019492
:103D5000002302941A4638213C20CDE90567F7F785
:103D600010FFCDE9034800940194002302941A4601
:103D700038214420CDE90567F7F703FFCDE9034873
:103D800000940194002302941A4638215420CDE96E
:103D90000567F7F7F6FE089907A8CDE904410690F4
:103DA000CDE900460394104B0622104900200296EC
:103DB000F8F75EF90798E8600998A8602420687011
:103DC0000B482861032028700A4868610AB0BDE8E2
:103DD000F081000000003042C4550020970902081D
:103DE00093090208260000208709020881090208B9
:103DF000A3190208AD1902082DE9F0478C490446C1
:103E00008AB08A480860F1F7FBFA00250795089503
:103E1000022009AE0995CDE90205CDE90456854891
:103E2000CDE900050423844A24212846F6F739FA0F
:103E3000CDE904568148CDE900050023029503959C
:103E40001A4638214420F6F72CFA09F02DFF0426F3
:103E500001274FF0030A4FF009090DF1200800284F
:103E600058D003F0B5F940790395012804A82B46F2
:103E700080E8A001009501951A464FF038014FF0F7
:103E8000340002957ED0F7F77CFE04A8009580E808
:103E9000C0010DF1040C00238CE860041A4638219F
:103EA0003C20F7F76EFECDE9035900950195029588
:103EB000CDE9057800231A4638214A20F7F761FE3C
:103EC000039704970095CDE90578CDE901570023C4
:103ED0001A4638215420F7F754FE594820615948B2
:103EE00026706061089907A8CDE904510690CDE9D4
:103EF00000570395544B0622544900200297F8F7C7
:103F0000B7F80798E0600998A060242060700AB0B4
:103F1000BDE8F08703F05CF940790395012804A817
:103F20004FF0000380E8A001009501951A464FF07C
:103F300038014FF03400029530D0F7F722FE04A884
:103F4000009580E8C0010DF1040C00238CE86004AA
:103F50001A4638213C20F7F714FECDE903590095A5
:103F600001950295CDE9057800231A4638214A20AB
:103F7000F7F707FECDE903590023009501951A468E
:103F8000382100E032E00295CDE905785420F7F7BA
:103F9000F8FD2F48206126702E48A2E7F7F7F1FDC3
:103FA00004A80396009580E8C001CDE901560023DE
:103FB0001A4638213C20F7F7E4FD04A8039580E871
:103FC000A0010023009501951A4638214A20029548
:103FD000F7F7D7FD04A8039580E8A0010023382156
:103FE000009501951A4654200295D0E7F7F7C9FDD0
:103FF00004A80396009580E8C001CDE9015600238E
:104000001A4638213C20F7F7BCFD04A8039580E848
:10401000A0010023009501951A4638214A200295F7
:10402000F7F7AFFDCDE903594CE70000000030423F
:10403000C4550020970902089309020826000020B1
:104040007A190208871902088709020881090208FB
:1040500056190208621902082DE9F04798490446EA
:104060008AB096480860F1F7CBF9002507950895C6
:10407000022009AE0995CDE90205CDE90456914823
:10408000CDE900050423904A24212846F6F709F9D2
:10409000CDE904568D48CDE900050023029503952E
:1040A0001A4638214420F6F7FCF809F0FDFD0126F8
:1040B0004FF0090908AF002856D003F089F840797D
:1040C00001287DD0CDE903560095CDE90567CDE9FE
:1040D000015600231A4638213420F7F752FDCDE966
:1040E000035600950195002302951A4638213C207D
:1040F000CDE90567F7F745FDCDE903590095019531
:10410000002302951A4638214A20CDE90567F7F7C2
:1041100038FDCDE903590095CDE90567CDE9015694
:1041200000231A4638215420F7F72BFD68482061F8
:104130000520207067486061089907A8CDE90451FF
:104140000690CDE900560395634B06226349002093
:104150000296F7F78DFF0798E0600998A060242089
:1041600060700AB0BDE8F08703F032F840794FF094
:10417000080A012840D004A8B846039580E86001E9
:104180000023009501951A46382134200295F7F74F
:10419000F8FC4F460095CDE904760DF1040CD146AC
:1041A000CDF818808CE8A00200231A4638213C2064
:1041B000F7F7E7FCCDE903570095CDE9056800E086
:1041C00051E0CDE9015600231A4638214A20F7F77D
:1041D000D8FCCDE903570095CDE90159CDE9056833
:1041E00000231A4638215420F7F7CBFC3C482061C5
:1041F000042020703B489EE704A8039580E8E00077
:104200000023009501951A46382134200295F7F7CE
:10421000B8FC04A94846CDF80C90009581E8C1008F
:10422000CDE9015900231A4638213C20F7F7A9FCB3
:10423000039604960095CDE90567CDE90156002364
:104240001A4638214A20F7F79CFC04A95046CDF8BD
:104250000CA0009581E8C1000023CDE9015A382166
:104260001A465420C0E7039604960095CDE90567E9
:10427000CDE9015600231A4638213420F7F781FC96
:1042800004A8039580E8E0000023009501951A46F4
:1042900038213C200295F7F774FC04A8039580E8C8
:1042A000E0000023009501951A4638214A20029526
:1042B000F7F767FC039604962DE7000000003042F4
:1042C000C45500209709020893090208260000201F
:1042D0008219020897190208870902088109020851
:1042E0005E190208721902082DE9F04F9D49044633
:1042F0008BB09B480860F1F783F800250795089577
:10430000022009AE0995CDE90205CDE9045696488B
:10431000CDE900050423954A24212846F5F7C1FF7D
:10432000CDE904569248CDE9000500230295039596
:104330001A4638214420F5F7B4FF09F0B5FC0126F0
:104340004FF006094FF007084FF0090A08AF0028A0
:104350005BD002F03DFF40790395012804A82B466D
:1043600080E8E000009501951A464FF038014FF0C3
:10437000340002957ED0F7F704FC04A94046CDF83E
:104380000C90009581E8C100CDE9015800231A4640
:1043900038213C20F7F7F5FBCDE9035A009501954C
:1043A00000230295D0461A4638214A20CDE90567F8
:1043B000F7F7E7FBCDE90358009501950023029537
:1043C0001A4638215420CDE90567F7F7DAFB69482A
:1043D00020610420207068486061089907A8CDE931
:1043E00004510690CDE900560395644B06226449BA
:1043F00000200296F7F73CFE0798E0600998A0605D
:10440000242060700BB0BDE8F08F02F0E1FE40792F
:104410004FF0080B01283FD004A8039580E8E00086
:104420000023009501951A46382134200295F7F7AC
:10443000A8FB404604A9CDF80C9081E8C100009586
:10444000CDE901590023C8461A4638213C20F7F728
:1044500098FBCDE9035A0095CDE9015B0023D146D5
:104460001A4638214A20CDE90567F7F78AFBCDE9DE
:10447000035900E04AE00095CDE9015800231A46AF
:1044800038215420CDE90567F7F77BFB3D482061D3
:10449000042020703C489FE704A8B846039580E8B4
:1044A00060010023009501951A46382134200295B9
:1044B000F7F767FB0095CDE90496CDF80C90CDF8A1
:1044C0001880CDE9015900234F461A4638213C2077
:1044D000F7F757FB04A95846CDF80CB0009581E8D2
:1044E0004101CDE9015B00231A4638214A20F7F744
:1044F00048FB0095CDE90476CDF81880039700239A
:10450000CDE9015738211A465420BDE7F7F739FBAA
:1045100004A94046CDF80C80009581E8C100CDE9A2
:10452000015800231A4638213C20F7F72AFB04A83B
:10453000039580E8E0000023009501951A46382194
:104540004A200295F7F71DFB04A8039580E8E000D8
:1045500000233821009501951A465420029534E72E
:1045600000003042C4550020970902089309020850
:10457000260000207E1902088F1902088709020808
:10458000810902085A1902086A1902082DE9F04344
:104590000E46484905468BB045480860F0F730FFA5
:1045A0000024079408944FF002090994002E6FD15B
:1045B00009AECDE904464048CDE90004CDE90294B6
:1045C00004233E4A24210020F5F76BFECDE9044682
:1045D0003B48CDE900040023029403941A46382195
:1045E0006420F5F75EFE3648CDE904463038CDE963
:1045F00000040023029403941A4638214C20F5F756
:1046000050FE4FF00908CDE9034808AF0126009499
:10461000CDE90567CDE9014600231A46382134204B
:10462000F7F7AFFACDE90348009401940023029410
:104630001A4638213C20CDE90567F7F7A2FACDE903
:10464000034800940194002302941A463821442020
:10465000CDE90567F7F795FACDE903480094019491
:10466000002302941A4638215420CDE90567F7F754
:1046700088FA089907A8CDE904410690CDE90046DB
:104680000394104B0622104900200296F7F7F0FC25
:104690000798E8600998A860242068700B48286192
:1046A00085F800900A4868610BB0BDE8F08300000F
:1046B00000003042C45500209709020893090208FF
:1046C000560000208709020881090208EA0802084A
:1046D0004D0C02082DE9F04188B00546002403F096
:1046E0001BFC57494FF080400860F0F789FE002618
:1046F000079606F03BFE01270DF11C080C2865D239
:10470000DFE800F006646464646464646422643016
:104710001220CDE90007039604960297CDE90568BB
:104720004446484B042248493046F7F7A1FC112083
:10473000CDE90007039604960297CDE905640224AB
:10474000424B0422424930E003960496CDE90568C5
:104750002821CDE90017012430463E4B04223E4972
:10476000029731E002F034FD40794A2802D05F28F8
:104770002CD11CE02B20CDE900070396049602976C
:10478000CDE905684446354B062235493046F7F7F2
:104790006FFC2C20CDE90007039604960297CDE923
:1047A000056402242F4B3049082238460CE02921A9
:1047B000CDE90017039604960297CDE905683046C7
:1047C00001242A4B05222A49F7F752FC1F20CDE984
:1047D0000007039604960297CDE905682046641CFD
:1047E000244B04222449F7F743FC2620CDE9000797
:1047F000039604960297CDE905682046641C1F4B7A
:1048000004221F49F7F734FC2020CDE90007039666
:1048100004960297CDE905681A4B04221A492046EE
:10482000F7F726FC0798E8600A20687017482861A7
:10483000042028701648686108B0BDE8F0810000C7
:10484000C4550020AD0B0208AA080208A00B0208FC
:10485000A6080208A31A02089F1A0208E81802080C
:10486000E2180208FD180208F51802089A18020852
:10487000951802089A0B0208A20802083A170208C3
:1048800036170208280B0208240B0208C708020882
:10489000FF0B020830B51149044689B04FF0834040
:1048A0000860F0F7ADFD002007A907900390049081
:1048B0000125CDE90501CDE90005094B2A46094945
:1048C0000295F7F7D5FB6570074820610620207038
:1048D000064860610798E06009B030BDC45500200B
:1048E0003D0D02083C0D0208710902087709020813
:1048F0002DE9F04F8BB0064603F00EFBDFF8C081C8
:1049000005464FF08140DFF8BCB14FF0240AC8F8EB
:104910000000F0F775FD002407940894099406F050
:1049200003FD01462846F0F7FDFF0DF12409CDE90E
:104930000449054655300127CDE90004CDE902744C
:1049400000231A4651462020F5F7ABFC4FF0834177
:10495000D8F800000AF02AFD014658460AF026FD64
:104960000AF070FE00F0FF0BCDE9044905F11E00CE
:10497000CDE90004CDE9027400231A4659466020AF
:10498000F5F78FFC4FF08341D8F800000AF00EFDD8
:10499000824658460AF08EFE51460AF007FD0AF09C
:1049A00051FE00F0FF0ACDE9044905F11A00CDE9F6
:1049B0000004CDE9027400231A4651466020F5F741
:1049C00070FC4FF08341D8F800000AF0EFFC8046FD
:1049D00050460AF06FFE41460AF0E8FC0AF032FE4B
:1049E000697900F0FF094FF00A084FF0090BB1FB9D
:1049F000F8F0CDE9034B0DF1200A0094CDE9057ADA
:104A0000CDE9014000231A4649466020F7F7B9F87E
:104A10006979CDE9034BB1FBF8F208FB1210009461
:104A2000CDE90140CDE9057A00231A4649466820C0
:104A3000F7F7A7F8CDE9034707ADCDE90545002213
:104A400000940194204B114610460294F7F710FB96
:104A500003940494CDE90545009401941B4B052271
:104A60001B4901200294F7F703FB03940494CDE95A
:104A7000054500940194174B052217490220029422
:104A8000F7F7F6FA0898CDE90347009401940294E9
:104A9000CDE905050022114B11460320F7F7E8FA8E
:104AA0000798F0600998B06086F801800C48306182
:104AB000052030700B4870610BB0BDE8F08F00002E
:104AC000C455002000001042310C0208350C0208C9
:104AD00067090208410C02086C090208420B02082F
:104AE000CB080208080C02082DE9F04389B00446FF
:104AF00006F014FC2C494FF0804000250860F0F7C8
:104B00007FFC0026079602F057FB0DF11C080127D9
:104B10004FF00A0980B102F04FFBCDE90367CDE900
:104B200000970297CDE9056800F122030022304684
:104B300001251146F7F79CFA02F044FB78B102F028
:104B400041FBCDE90367CDE900970297CDE9056800
:104B500000F12203002228461146F7F789FA02F0F5
:104B60002BFB022598B902F02DFB80B906A8CDE9F0
:104B7000046006960D48CDE90006CDE902560423EF
:104B80000B4A50213220F5F78CFB0698A06007985D
:104B9000E06065700748206105202070064860616C
:104BA00009B0BDE8F0830000C45500207B1702085F
:104BB0007717020885080208460B020810B5084955
:104BC00004464FF080400860F0F71AFC0420607043
:104BD00004482061062020700348606110BD000079
:104BE000C4550020930C0208990C02082DE9F04FDF
:104BF00089B0054603F090F94B494FF080400860BA
:104C0000F0F7FEFB0024079406F0B0FB4FF0240BF6
:104C10004FF025094FF0020A07AF4FF001080528B1
:104C200004D006F0A3FB0B281AD024E0CDE900B88D
:104C300003940494CDF80880CDE905473B4B052249
:104C40003B492046F7F714FACDE900980226039471
:104C50000494384B042238494046CDF808803FE0A0
:104C600002F0B6FA40794A2805D102F0B1FAB0F85C
:104C7000B40002280DD0CDE900B803940494CDF817
:104C80000880CDE905474646284B0522284920469D
:104C90000CE003940494CDE90547CDE9004846466D
:104CA000224B052222492046CDF80880F7F7E0F98B
:104CB000CDE90096039404940296CDE905471D4B77
:104CC00004221D493046F7F7D3F92320CDE9000629
:104CD00002960326194B1A49039404940522504660
:104CE000CDE90547F7F7C4F906F040FB01280ED1DE
:104CF0002721CDE9001803940494CDF80880CDE96C
:104D0000054730460F4B05220F49F7F7B1F90798D1
:104D1000E860042068702C612C7003F0FDF8686175
:104D200009B0BDE8F08F0000C4550020F30B020865
:104D3000C2080208FF0B0208C7080208080C020894
:104D4000CB080208DA190208D51902082DE9F04F3C
:104D50008BB0064608F004FE0AF0FCFA04460D4645
:104D6000F9F782F922462B4609F0B6FD00228E4B58
:104D70000AF0C6F800228D4B09F0AEFD09F0FCFFE9
:104D8000DFF82C8205464FF08140DFF828B24FF063
:104D90002409C8F80000F0F733FB002408940994B4
:104DA000079409A80A9403940494CDE905400127C7
:104DB000CDE9004723462246494660200294F6F793
:104DC000E0FE09990DF11C0ACDE90441CDF818A0C7
:104DD000039400940194784B0422784900200294B3
:104DE000F7F746F94FF08341D8F800000AF0DEFAF1
:104DF000014658460AF0DAFA0AF024FC00F0FF09EE
:104E000002F0C6FB0AA9CDE90441CDE90004CDE9D1
:104E1000027400231A4649465020F5F742FA0394DB
:104E20000494CDE9054A00940194654B0422654938
:104E300001200294F7F71CF94FF08341D8F80000E5
:104E40000AF0B4FA804648460AF034FC41460AF0BB
:104E5000ADFA0AF0F7FB00F0FF0B42F210704FF0D2
:104E6000090995FBF0F0CDE903490DF12008009404
:104E7000CDE90578C0B2CDE9014000231A46594674
:104E80005020F6F77EFE42F2107095FBF0F100FB29
:104E900011514FF47A7091FBF0F0CDE90349C0B2A3
:104EA0000094CDE90140CDE9057800231A46594622
:104EB0005820F6F766FE4FF47A7095FBF0F100FB90
:104EC0001151642091FBF0F0CDE90349C0B2009488
:104ED000CDE90140CDE9057800231A465946602006
:104EE000F6F74FFE642095FBF0F100FB11510A200C
:104EF00091FBF0F0CDE90349C0B20094CDE9014047
:104F0000CDE9057800231A4659467020F6F739FE98
:104F10000A2095FBF0F100FB1150CDE90349C0B226
:104F20000094CDE90140CDE9057800231A465946A1
:104F30007820F6F726FE0AA8CDE904402248CDE9FC
:104F400000040023029403941A4659466820F5F79A
:104F5000A8F90899CDF818A0CDE90441039400946C
:104F6000CDE90147194B042219490220F7F780F8CF
:104F700003940494CDE9054A0094CDE90147154B0B
:104F8000022215490320F7F773F80798F0600A9892
:104F9000B0602520707011483061042030701048D6
:104FA00070610BB0BDE8F08F000059400000E03F99
:104FB000C4550020000010428D0C0208E6080208CB
:104FC000610C0208EE080208260000206A0C0208A4
:104FD000F2080208140C0208FA080208A6080208DF
:104FE000A00B02082DE9F04F8BB0054608F0BCFE7F
:104FF000044685490AF0A6FB0AF0ACF90022834B6F
:1050000009F06AFC09F0B8FE0646204608F05EFC8E
:10501000DFF8FC814FF08140DFF8F8B14FF0240950
:10502000C8F80000F0F7ECF90024089409940794FC
:1050300009A80A9403940494CDE905400127CDE919
:10504000004723462246494650200294F6F799FD30
:1050500009990DF11C0ACDE90441CDF818A003947B
:10506000009401946C4B04226C4900200294F6F7E2
:10507000FFFF4FF08341D8F800000AF097F901468E
:1050800058460AF093F90AF0DDFA00F0FF0902F041
:1050900091FA0AA9CDE90441CDE90004CDE90274F1
:1050A00000231A4649465020F5F7FBF80394049470
:1050B000CDE9054A00940194594B04225949012035
:1050C0000294F6F7D5FF4FF08341D8F800000AF0BC
:1050D0006DF9804648460AF0EDFA41460AF066F955
:1050E0000AF0B0FA00F0FF0B0AA8CDE904404E48E0
:1050F000CDE900040023029403941A46594668201F
:10510000F5F7CFF84FF47A704FF0090996FBF0F0FD
:10511000CDE903490DF120080094CDE90578C0B22E
:10512000CDE9014000231A4659465020F6F729FDE3
:105130004FF47A7096FBF0F100FB1161642091FB53
:10514000F0F0CDE90349C0B20094CDE90140CDE9CA
:10515000057800231A4659465820F6F712FD6420B8
:1051600096FBF0F100FB11610A2091FBF0F0CDE914
:105170000349C0B20094CDE90140CDE90578002390
:105180001A4659466020F6F7FCFC0A2096FBF0F11F
:1051900000FB1160CDE90349C0B20094CDE90140A4
:1051A000CDE9057800231A4659467020F6F7E9FC48
:1051B0000899CDF818A0CDE9044103940094CDE9F5
:1051C00001471A4B04221A490220F6F751FF0394B3
:1051D0000494CDE9054A0094CDE90147154B02221C
:1051E00015490320F6F744FF25206870134828610D
:1051F00004202870124868610798E8600A98A8603F
:105200000BB0BDE8F08F0000000020410000E03F3F
:10521000C4550020000010428D0C0208E608020868
:10522000610C0208EE080208260000206A0C020841
:10523000F2080208140C0208FA080208AA08020878
:10524000AD0B02082DE9F04FDFF8ECA105468BB05D
:105250004FF08140DFF8E4B14FF02409CAF80000B4
:10526000F0F7CEF800240794089409940A94F7F70D
:10527000C9F86321CDE9034108AFCDE905470094A2
:10528000CDE9014000231A4649463820F6F779FC5B
:10529000F7F79AF8012604AA0C21039682E89200F7
:1052A0000094CDE9014000231A4649465020F6F704
:1052B00068FCF7F777F804AA1F21039682E89200AA
:1052C0000094CDE9014000231A4649466820F6F7CC
:1052D00058FC0AAFCDE90447DFF86481CDE90084CA
:1052E0000023029403941A4649466020F4F7D9FF3C
:1052F000CDE90447CDE900840023029403941A46C3
:1053000049464820F4F7CDFF08990DF11C09CDE975
:105310000441CDF8189003940094CDE90146494B1F
:10532000032249490020F6F7A3FE4FF08341DAF843
:1053300000000AF03BF8014658460AF037F80AF038
:1053400081F900F0FF0AF7F733F81722CDE903429D
:105350000DF12408CDE905480094CDE90140002372
:105360001A4651463820F6F70CFCF7F727F84FF0AD
:105370003B0BCDE9034BCDE905480094CDE9014055
:1053800000231A4651465020F6F7FBFBF7F722F8A8
:10539000CDE9034BCDE905480094CDE90140002358
:1053A0001A4651466820F6F7ECFBDFF89480CDE909
:1053B0000447A8F11008CDE9008400230294039467
:1053C0001A4651464820F4F76CFFCDE90447CDE971
:1053D00000840023029403941A4651466020F4F797
:1053E00060FF0999CDF81890CDE904410394009429
:1053F000CDE90146154B032215490120F6F738FE89
:1054000003940494CDE905490094CDE901460222B4
:10541000104B11491046F6F72BFE0798E8600A98E2
:10542000A860052068700D482861042028700C4889
:1054300068610BB0BDE8F08FC45500200000104239
:1054400046000020810C0208E0080208870C0208D0
:10545000E3080208140C0208FA080208920802087D
:10546000650B02082DE9F04EDFF8649105468AB01D
:105470004FF08140DFF85CB12427C9F80000EFF756
:10548000BFFF002407940894099401F0A1FE01F0E5
:105490009FFE09A9CDE90441B8300126CDE90004F9
:1054A000CDE9026400231A4639465020F4F7F9FE8C
:1054B0000DF11C0A03940494CDE9054A009401946B
:1054C000454B0422454900200294F6F7D1FD4FF0E8
:1054D0008341D9F8000009F069FF0146584609F0F8
:1054E00065FF0AF0AFF800F0FF0B42F2107098FB76
:1054F000F0F100FB11814FF47A7091FBF0F04FF066
:105500000909CDE90349C0B20094CDE9014008AFD3
:1055100000231A4659465020CDE90567F6F731FBBE
:105520004FF47A7098FBF0F100FB1181642091FB3D
:10553000F0F0CDE90349C0B20094CDE90140002369
:105540001A4659465820CDE90567F6F71AFB64203C
:1055500098FBF0F100FB11800A2190FBF1F0CDE9FE
:105560000349C0B20094CDE9014000231A465946D0
:105570006020CDE90567F6F704FB0899CDF818A07F
:10558000CDE9044103940094CDE90146144B042273
:1055900014490120F6F76CFD03940494CDE9054A03
:1055A0000094CDE9014602220F4B10491046F6F750
:1055B0005FFD0798E8600998A860252068700C488E
:1055C0002861082028700B4868610AB0BDE8F08E99
:1055D000C455002000001042610C0208EE080208C9
:1055E00000090208FC080208140C0208FA08020864
:1055F000F5180208FD180208F0B51949044689B0EB
:105600004FF080400860EFF7FBFE002507AF0795DD
:1056100003950495CDE905570126CDE90056114BB8
:105620000622114928460296F6F722FD03950495B5
:10563000CDE90557CDE900560C4B06220C49012057
:105640000296F6F715FD252060700A4820610620B5
:105650002070094860610798E06009B0F0BD000063
:10566000C45500202D19020827190208171902082D
:1056700011190208E2180208E8180208F0B51949E1
:10568000044689B04FF080400860EFF7B9FE00256E
:1056900001263420CDE90006079507AF0395049550
:1056A0000296CDE90557104B022210492846F6F71D
:1056B000DFFC03950495CDE90557CDE900560C4B69
:1056C00002220C4901200296F6F7D2FC25206070D8
:1056D0000948206104202070084860610798E06054
:1056E00009B0F0BDC45500201D0C0208F6080208E0
:1056F000190C0208F8080208361702083A170208BF
:105700002DE9F04F0F46374905468BB04FF08240E8
:105710004FF028080860EFF773FE00240794089400
:105720004FF0040B09944FF00A0ACDE9034BB7FB85
:10573000FAF00DF1200901260094CDE90569CDE9C3
:1057400001402346224641465820F6F71AFAB7FB95
:10575000FAF10922CDE903420AFB11700094CDE968
:105760000140CDE9056900231A4641466020F6F75D
:1057700008FA09A8CDE904401B48CDE90004CDE9A9
:10578000026400231A4641467020F4F78AFD089807
:1057900007AFCDE90440069703940094CDE9014694
:1057A000124B032212490020F6F762FC0394049482
:1057B000CDE905470094CDE901460E4B02220E4982
:1057C0000120F6F755FC0998A860262068700B4860
:1057D000286185F800B00A4868610798E8600BB056
:1057E000BDE8F08FC45500205B170208501702086F
:1057F0004D170208140C0208FA08020836170208AE
:105800003A170208F0B589B05349074600244FF013
:10581000824007940860EFF7F3FD05F085FD00680E
:10582000012507AE002870D005F0A0FD0146262016
:105830000C2979D2DFE801F0060F18212A333C4504
:105840004E57606BCDE9000503940494434B03224B
:105850004349029563E0CDE9000503940494414B6C
:105860000122414902955AE0CDE9000503940494D0
:105870003E4B02223E49029551E0CDE900050394DA
:1058800004943C4B02223C49029548E0CDE90005D6
:1058900003940494394B0322394902953FE0CDE942
:1058A000000503940494374B02223749029536E0F1
:1058B000CDE9000503940494344B02223449029547
:1058C0002DE0CDE9000503940494324B01223249C6
:1058D000029524E0CDE90005039404942F4B0222A5
:1058E0002F4902951BE0CDE90005039404942D4B4C
:1058F00003222D49029512E0CDE90005039404949A
:105900002A4B02222A49029509E019E00CE0CDE970
:105910000005264B27490394049402220295CDE901
:1059200005462046F6F7A4FB05207870224838612A
:1059300004203870214878610798F86009B0F0BDFC
:1059400003940494CDE905462046CDE900451C4B5F
:1059500004221C490294E5E7C4550020E11702081F
:10596000DE170208D2190208D11902084E1A0208DD
:105970004C1A0208541A0208521A0208351A020870
:10598000321A02085A1A0208581A0208B6190208EE
:10599000B41902085F1A02085E1A0208641A0208A3
:1059A000621A02088E1A02088B1A020841180208AD
:1059B000EB1A02083F180208361702083A170208C5
:1059C0007B1702087717020802F06CBA2DE9F04342
:1059D0005549064689B04FF080404FF000080860F6
:1059E000EFF70EFD0024079408F06EF807AF0125CD
:1059F00078B11321CDE90015039404940295CDE903
:105A0000054720464FF00108484B04224849F6F765
:105A10002FFB0E20CDE90005039404940295CDE9F7
:105A2000054708F10109434B042243494046F6F774
:105A30001FFB0F20CDE90005039404940295CDE9E6
:105A4000054709F1010848463C4B04223C49F6F75A
:105A50000FFB0C20CDE90005039404940295CDE9D9
:105A60000547404608F10108364B05223649F6F74E
:105A7000FFFA0B20CDE90005039404940295CDE9CB
:105A80000547404608F10108304B04223049F6F73B
:105A9000EFFA0D20CDE90005039404940295CDE9B9
:105AA0000547404608F101082A4B04222A49F6F727
:105AB000DFFA1420CDE90005039404940295CDE9A2
:105AC0000547404608F10108244B04222449F6F713
:105AD000CFFA1520CDE90005039404940295CDE991
:105AE0000547404608F101081E4B04221E49F6F7FF
:105AF000BFFA1620CDE90005039404940295CDE980
:105B000005474046194B04221949F6F7B1FA0798A0
:105B1000F060022070701748306104203070164821
:105B2000706109B0BDE8F083C4550020B60B0208CF
:105B3000AE080208780B02089A0802088B0B0208CC
:105B40009E080208FB0A0208F60A0208650B020812
:105B5000920802086F0B0208960802080E09020854
:105B60000A090208C20B0208B2080208F00A020879
:105B7000EC0A02088A0802084E0B02082DE9F043DD
:105B80000E46484905468BB045480860EFF738FC9B
:105B90000024079408944FF002090994002E6FD155
:105BA00009AECDE904464048CDE90004CDE90294B0
:105BB00004233E4A24210020F4F773FBCDE9044678
:105BC0003B48CDE900040023029403941A4638218F
:105BD0006420F4F766FB3648CDE904463038CDE959
:105BE00000040023029403941A4638214C20F4F751
:105BF00058FB4FF00908CDE9034808AF012600948F
:105C00000194002302941A4638213420CDE9056717
:105C1000F5F7B7FFCDE903480094019400230294FF
:105C20001A4638213C20CDE90567F5F7AAFFCDE9F2
:105C3000034800940194002302941A46382144201A
:105C4000CDE90567F5F79DFFCDE903480094019480
:105C5000002302941A4638215420CDE90567F5F750
:105C600090FF089907A8CDE904410690CDE90046C8
:105C70000394104B0622104900200296F6F7F8F91B
:105C80000798E8600998A860242068700B4828618C
:105C900085F800900A4868610BB0BDE8F083000009
:105CA00000003042C4550020EF090208EB09020849
:105CB000560000208709020881090208EC08020842
:105CC000570C02082DE9F0470E46484905468AB0B0
:105CD00045480860EFF794FB0024079408944FF0C0
:105CE000020A0994002E70D10DF12409CDE904496E
:105CF0003F48CDE90004CDE902A404233D4A242114
:105D00000020F4F7CEFACDE904493B48CDE9000480
:105D10000023029403941A4638216420F4F7C1FA50
:105D20004FF00908CDE9034808AF0126009401941B
:105D3000002302941A4638213420CDE90567F5F78F
:105D400020FFCDE9034800940194002302941A46F1
:105D500038213C20CDE90567F5F713FFCDE903486D
:105D600000940194002302941A4638214420CDE97E
:105D70000567F5F706FF2048CDE904493038CDE93D
:105D800000040023029403941A4638214C20F4F7AF
:105D900088FACDE9034800940194002302941A463E
:105DA00038215420CDE90567F5F7EBFE089907A8DF
:105DB000CDE904410690CDE9004603940F4B06223D
:105DC0000F4900200296F6F753F90798E860099802
:105DD000A860242068700B48286185F800A00A4854
:105DE00068610AB0BDE8F08700003042C455002069
:105DF000000A0208FC090208560000208709020870
:105E000081090208EC080208570C02082DE9F0414C
:105E10008846234905468AB04FF08240282708600B
:105E2000EFF7EEFA0024012607940894CDE9034623
:105E30000321CDE9004108A8CDF80880CDE905602F
:105E40003346184A39465820F5F79BFE089807AFA5
:105E5000CDE90440069703940094CDE90146124B26
:105E6000042212490020F6F703F903940494CDE9C3
:105E700005470094CDE901460D4B02220D49012052
:105E8000F6F7F6F80520AC6068700B48286104202E
:105E900028700A4868610798E8600AB0BDE8F08198
:105EA000C4550020290902081E0902081A0902081F
:105EB000140C0208FA0802080A0902080E0902086E
:105EC0002DE9F74F88B00C4605464FF0000A05F063
:105ED0004DFA002701264FF035094FF002084FF028
:105EE000050B0C287ED2DFE800F0063CA67DD6EF3D
:105EF000EE7D7DEDECEB0A9801280ED1CDE9009600
:105F0000039704970296CDE9057438464FF0010ACD
:105F1000FB4B0222FB49F6F7ABF83620CDE9000631
:105F2000039704970296CDE905740AF10108F64B30
:105F30000222F6495046F6F79BF83720CDE90006D5
:105F4000039704970296CDE905744046F04B022270
:105F5000F049F6F78DF8F048286185F800B0EF4871
:105F600045E0CDE90096039704970296CDE90574C4
:105F70003846E34B0222E349F6F77AF807F094FE3D
:105F800000284FF03C00CDE9000603970497C14676
:105F900002962ED0CDE90574E14B0422E14930464A
:105FA000F6F766F83D20CDE90006039704970296C0
:105FB000CDE905744FF00308DB4B0422DB4948466A
:105FC000F6F756F83E20CDE90006D94BD94903979C
:105FD000049705220296CDE905744046F6F748F885
:105FE000D54800E0ACE0286103202870D348686100
:105FF000A6E0CDE90574D24B0422D2493046F6F72B
:1060000037F83D20CDE90006039704970296CDE9C5
:1060100005744FF00308CC4B0422CC494846F6F7F0
:1060200027F83E20CDE9000603970497C84B0422C9
:10603000C8490296CFE74D20CDE9000603970497A3
:106040000296CDE90574C44B0322C4493846F6F7DD
:106050000FF84E20CDE90006039704970296CDE98C
:106060000574BF4B0322BF493046F6F701F84F20B5
:10607000CDE90006039704970296CDE90574BA4B63
:106080000322BA494046F5F7F3FFB94828610420D6
:106090002870B848ABE7CDE90096039704970296BD
:1060A000CDE905743846964B02229649F5F7E0FF94
:1060B00001F08EF84079342807D05D282CD11DE0FE
:1060C00002E1D2E0A2E044E02CE05420CDE9000659
:1060D000039704970296CDE90574A74B0222A749BE
:1060E0003046F5F7C5FF5020CDE900060397049729
:1060F000854B022285494046029609E05021CDE9B0
:1061000000169F4B9F49039730460497032202963F
:10611000CDE90574F5F7ACFF9B48286185F800B020
:106120009A4864E75321CDE9001603970497029635
:10613000CDE905743846744B02227449F5F798FF8F
:106140009348286185F800B0924868610BB0BDE8BB
:10615000F08FCDE90096039704970296CDE9057478
:10616000674B022267493846F5F782FF3A20CDE9AE
:106170000006039704970296CDE90574864B032227
:1061800086493046F5F774FF3B20CDE900060397BA
:1061900004970296CDE905744FF00309804B4A46F7
:1061A00080494046F5F764FF3C20CDE9000603979F
:1061B00004970296CDE905744FF00408604B4246FF
:1061C00060494846F5F754FF3D20CDE900060397A6
:1061D00004970296CDE905745B4B04225B49404667
:1061E000F5F746FF3E20CDE9000603970497029697
:1061F000CDE90574564B042256495846F5F738FF49
:106200006948286185F800806848F0E6CDE9009685
:10621000039704970296CDE90574394B0222394958
:106220003846F5F725FF5420CDE90006039704977B
:106230000296CDE90574504B022250493046F5F7DD
:1062400017FF5020CDE90006039704970296CDE989
:106250000574574B022257494046F5F709FF564847
:10626000286185F800B05548C1E6CDE9009603974E
:1062700004970296CDE90574214B02222149384644
:10628000F5F7F6FE5120CDE9000603970497029634
:10629000CDE905744A4B03224A493046F5F7E8FE3A
:1062A0005220CDE90006039704970296CDE90574C4
:1062B000454B032245494046F5F7DAFE444828613C
:1062C00085F80080434892E600F082FF40790A2872
:1062D00004D04A2802D05F287ED1D8E0CDE90096CC
:1062E000029603970497CDE90574B2463846012615
:1062F000034B02220349F5F7BBFE07F087FC6CE075
:1063000087170208851702084D0C0208EA080208E0
:10631000570C0208EC080208CA170208CF17020837
:10632000871902087A1902088F1902087E190208D3
:106330009719020882190208BF190208C219020837
:1063400062190208561902086A1902085A19020845
:10635000721902085E1902082D1802082418020892
:106360003318020827180208391802082A180208E8
:10637000381A02083C1A02088E1702088C17020805
:10638000351A0208321A02081A1A02081F1A0208DD
:10639000C2080208F30B0208A6190208A019020895
:1063A000AD190208A319020841190208451902088B
:1063B000941A0208921A0208681A02086D1A020852
:1063C000DC1A0208D91A0208E51A0208E21A0208C1
:1063D000EB1A0208ED1A020853E0F0B14520CDE9AE
:1063E000000A03970497CDF808A0CDE90574564636
:1063F000614B042261493046F5F73AFE4620CDE96B
:106400000006029603970497CDE9057403265C4BBA
:1064100004225C494046F5F72BFE4721CDE9001ADE
:1064200003970497CDF808A0CDE905743046D0460F
:10643000761C554B04225549F5F71AFE4821CDE943
:106440000018CDF8088003970497CDE9057406F18C
:10645000010830464E4B04224E49F5F709FE07F07D
:10646000D5FB70B14921CDE9001A4B4B4B4903973D
:10647000049740460422CDF808A0CDE90574F5F74D
:10648000F7FD47482861042028704648AFE5CDE96C
:106490000096039704970296CDE90574424B0222B9
:1064A00042493846F5F7E4FD3F20CDE90006039761
:1064B00004970296CDE905743D4B02223D493046D2
:1064C000F5F7D6FD4020CDE9000603970497029624
:1064D000CDE905744FF00309374B4A46374940462A
:1064E000F5F7C6FD4120CDE9000603970497029613
:1064F000CDE905744FF00408314B03223149484679
:10650000F5F7B6FD4220CDE9000603970497029601
:10651000CDE905742C4B03222C494046F5F7A8FD24
:106520004320CDE90006039704970296CDE9057450
:106530004FF00608264B032226495846F5F798FDEA
:106540004420CDE90006039704970296CDE905742F
:106550004FF00709204B032220494046F5F788FDFC
:106560004C20CDE90006039704971D4B02221D49DC
:106570004846029681E700004F1802084B180208AF
:106580005C180208581802086A18020866180208FF
:106590007718020873180208851802088118020883
:1065A000F5170208F917020887170208851702086D
:1065B0008E1702088C1702082D18020824180208EA
:1065C00033180208271802081218020809180208CE
:1065D000181802080C1802081E1802080F180208E2
:1065E00095170208931702082DE9F041284905463E
:1065F0008AB04FF081400860EEF702FF0024089453
:10660000079407AF03940494CDE905470126CDE92B
:106610000046204B0522204920460296F5F728FD2A
:106620000DF12008CDE904481C48CDE90004CDE96E
:10663000026400231A4638212820F3F732FE03941F
:106640000494CDE90547CDE90046154B05221549CF
:1066500002200296F5F70CFDCDE904481248CDE979
:106660000004CDE9026400231A4660212820F3F7D4
:1066700018FE0A2068700D482861052028700C4813
:1066800068610898A8600798E8600AB0BDE8F081E2
:10669000C4550020EF190208EA190208FB19020884
:1066A000F7190208F21902080A1A0208D519020895
:1066B000DA19020810B51249044688B04FF0834039
:1066C0000860EEF79DFE002007A907900390049054
:1066D000CDE905010121CDE900010291094B062216
:1066E0000949F5F7C5FC05206070084820610420C1
:1066F0002070074860610798E06008B010BD000096
:10670000C4550020DF0A0208D90A0208EC0A020870
:10671000F00A02082DE9F043584905468BB0564867
:106720000860EEF76DFE00240DF124090994CDE90F
:1067300004490794089402215148CDE90214CDE997
:10674000000404234F4A24212046F3F7AAFD00F059
:106750003FFD4079012661286AD14FF00908CDE953
:10676000034808AF00940194002302941A4638218C
:106770002C20CDE90567F5F704FACDE9034800942C
:106780000194002302941A4638213420CDE905678C
:10679000F5F7F7F9CDE9034800940194002302943A
:1067A0001A4638213C20CDE90567F5F7EAF9CDE92D
:1067B000034800940194002302941A46382144208F
:1067C000CDE90567F5F7DDF9CDE9034800940194BB
:1067D000002302941A4638214C20CDE90567F5F7CD
:1067E000D0F9CDE9034800940194002302941A469D
:1067F00038215420CDE90567F5F7C3F9CDE90449FF
:106800002148CDE900040023029403941A4638215C
:106810005C20F3F746FDCDE9034800940194002382
:1068200002941A4638216420CDE90567F5F7A9F9E5
:10683000089907A8CDE904410690CDE900460394E4
:10684000124B0622124900200296F5F711FC079818
:10685000E8600998A8602420687000F0B9FC4079CD
:10686000612805D10B482861032028700A48686117
:106870000BB0BDE8F083000000003042C45500209A
:1068800097090208930902082600002087090208D8
:1068900081090208E21A0208E51A02082DE9F04F00
:1068A00087B00646EEF7ACFD00F092FC406F08F0B2
:1068B00051FDCDE900016FA207217048E9F71CFEE8
:1068C00000F086FC806F08F045FDCDE900016B48C3
:1068D00068A20721C01DE9F70FFE00F079FCC06F28
:1068E00008F038FDCDE90001644862A207210E30AE
:1068F000E9F702FE00F06CFCD0F8800008F02AFDF9
:10690000CDE900015D485BA207211530E9F7F4FDF0
:10691000002406AD02270694DFF86491CDE9044512
:10692000CDE90274CDE900943B46564A2421204625
:10693000F3F7B7FCDFF850A1CDE90445CDE90274C7
:10694000CDE900A40423514A24212020F3F7A9FC17
:106950004A48CDE904450E304FF00108CDE9000466
:10696000CDE9028400231A4624216020F3F799FC24
:10697000DFF81CB1CDE90445CDE90274CDE900B4DE
:106980000223444A38210020F3F78BFCCDE904456B
:10699000CDE90274CDE900A404233C4A382120202B
:1069A000F3F77FFC3548CDE904451530CDE9000407
:1069B000CDE9028400231A4638216020F3F771FCE8
:1069C000CDE90445CDE90274CDE9009402232D4AB6
:1069D0004C210020F3F765FCDFF8BC90CDE90445BD
:1069E000CDE90274CDE9009403232C4A4C212020E8
:1069F000F3F757FC2148CDE90445CDE90004CDE982
:106A0000028400231A464C216020F3F74AFCCDE9AA
:106A10000445CDE90274CDE900B402231D4A60218A
:106A20000020F3F73EFCCDE90445CDE90274CDE941
:106A300000940323194A60212020F3F732FC0F4809
:106A4000CDE90445C01DCDE90004CDE90284002351
:106A500060211A460846F3F724FC0698B06025200A
:106A600070700F483061052030700E48706107B0BB
:106A7000BDE8F08F25322E3466000000F755002067
:106A8000CC180208CA180208B1180208AD1802088A
:106A9000D2180208D0180208BF180208BC18020851
:106AA000951802089A1802082DE9F04FD1490446BA
:106AB0008BB0CF480860EEF7A3FC00250DF1240A47
:106AC0000995CDE9045A079508950221CA48CDE9F0
:106AD0000215CDE900050423C84A24212846F3F70E
:106AE000E0FB00F075FB4179DFF8149301264FF0CD
:106AF000040B08AF4FF00908602965D000F068FB6F
:106B0000407909287ED000F063FB407961287AD073
:106B1000CDE90358B9460095CDE90569CDE901569F
:106B2000002347461A4638213420F5F72AF8CDE9E4
:106B300003570095CDE9015BCDE9056900231A46AD
:106B400038213C20F5F71DF8CDE903570095CDE934
:106B50000569CDE9015600231A4638214420F5F78E
:106B600010F80320CDE903570095CDE90150CDE998
:106B7000056900231A4638214C20F5F702F80899D8
:106B800007A8CDE904510690CDE9005603959D4B29
:106B900006229D4900200296F5F76AFA0798E06000
:106BA0000998A0602420607000F012FB40795D28F5
:106BB00072D072DC092801D034286FD1934820614B
:106BC00002202070924803E1CDE9045ACDE90095F6
:106BD0000023029503951A4638214C20F3F761FBF8
:106BE00000F0F6FAB0F86600B0F5807F3DD000F016
:106BF000EFFAB0F86600A0F57061FF39BFD1CDE9BA
:106C0000035801E04BE076E00095CDE9015B0023FD
:106C10001A4638213420CDE90567F4F7B2FFCDE9F3
:106C2000035800233821009501951A463C2002950F
:106C3000CDE90567F4F7A5FFCDE903580095019567
:106C4000002302951A4638214420CDE90567F4F760
:106C500098FFCDE9035800233821009501951A4685
:106C600054200295CDE9056787E7CDE903580095E3
:106C70000195002302951A4638213420CDE9056795
:106C8000F4F77FFFCDE9035800950023CDE9015BC0
:106C900038211A463C20CBE79EE090E099E0CDE910
:106CA0000358B946009501950295CDE90569002381
:106CB00047461A4638213420F4F763FFCDE90357DD
:106CC000009501950295CDE9056900231A46382102
:106CD0003C20F4F756FFCDE9035708200095CDE995
:106CE0000150CDE9056900231A4638214420F4F704
:106CF00048FF062036E7CDE90358009501950023AB
:106D000002951A4638212C20CDE90567F4F739FFA2
:106D1000CDE9035800950195002302951A463821C4
:106D20003420CDE90567F4F72CFFCDE90358009531
:106D30000195002302951A4638213C20CDE90567CC
:106D4000F4F71FFFCDE90358009501950023029544
:106D50001A4638214420CDE90567F4F712FFCDE942
:106D6000035800950195002302951A4638214C20BE
:106D7000CDE90567F4F705FFCDE9035800950195C6
:106D8000002302951A4638215420CDE90567F4F70F
:106D9000F8FECDE9045ACDE900950023029503954C
:106DA0001A4638215C20F3F77CFACDE9035800231A
:106DB0003821009501951A466420029552E7602813
:106DC00010D0612805D1134820610320207012489B
:106DD00060610BB0BDE8F08F104820610320207087
:106DE0000F48F5E70F482061022020700E48EFE7BA
:106DF00000003042C4550020970902089309020898
:106E0000260000208709020881090208EA08020812
:106E10004D0C0208D91A0208DC1A0208321A0208BC
:106E2000351A0208921A0208941A02082DE9F04154
:106E30003F4905468AB03D480860EEF7E1FA002474
:106E400007940894022009AE0994CDE90204CDE923
:106E500004463848CDE900040423374A242120465B
:106E6000F3F71FFACDE904463448CDE900040023C6
:106E7000029403941A4638214C20F3F712FA4FF08B
:106E80000908CDE9034808AF0126009401940023C6
:106E900002941A4638213420CDE90567F4F771FED3
:106EA000CDE9034800940194002302941A46382146
:106EB0003C20CDE90567F4F764FECDE90348009472
:106EC0000194002302941A4638214420CDE9056735
:106ED000F4F757FECDE9034800940194002302948F
:106EE0001A4638215420CDE90567F4F74AFE08997F
:106EF00007A8CDE904410690CDE900460394104B64
:106F00000622104900200296F5F7B2F80798E860CB
:106F10000998A860242068700B4828610320287015
:106F20000A4868610AB0BDE8F08100000000304204
:106F3000C455002097090208930902082600002082
:106F40008709020881090208241802082D1802087E
:106F50002DE9F0413F4905468AB03D480860EEF70B
:106F60004FFA002407940894022009AE0994CDE951
:106F70000204CDE904463848CDE900040423374A29
:106F800024212046F3F78DF9CDE904463448CDE9B4
:106F900000040023029403941A4638214C20F3F78E
:106FA00080F94FF00908CDE9034808200094CDE9A5
:106FB000014008AF012600231A4638213420CDE9CC
:106FC0000567F4F7DEFDCDE9034800940194002342
:106FD00002941A4638213C20CDE90567F4F7D1FD2B
:106FE000CDE9034800940194002302941A46382105
:106FF0004420CDE90567F4F7C4FDCDE903480094CA
:107000000194002302941A4638215420CDE90567E3
:10701000F4F7B7FD089907A8CDE904410690CDE93A
:10702000004603940F4B06220F4900200296F5F705
:107030001FF80798E8600998A860242068700B483A
:107040002861032028700A4868610AB0BDE8F08111
:1070500000003042C4550020970902089309020835
:107060002600002087090208810902082A18020860
:10707000391802082DE9F0413F4905468AB03D48DC
:107080000860EEF7BDF9002407940894022009AEC9
:107090000994CDE90204CDE904463848CDE900045D
:1070A0000423374A24212046F3F7FBF8CDE90446B0
:1070B0003448CDE900040023029403941A46382191
:1070C0004C20F3F7EEF84FF00908CDE9034804200F
:1070D0000094CDE9014008AF012600231A4638216B
:1070E0003420CDE90567F4F74CFDCDE90348009461
:1070F0000194002302941A4638213C20CDE905670B
:10710000F4F73FFDCDE90348009401940023029475
:107110001A4638214420CDE90567F4F732FDCDE960
:10712000034800940194002302941A463821542005
:10713000CDE90567F4F725FD089907A8CDE90441D5
:107140000690CDE9004603940F4B06220F4900201C
:107150000296F4F78DFF0798E8600998A86024204C
:1071600068700B482861032028700A4868610AB0DB
:10717000BDE8F08100003042C455002097090208A4
:1071800093090208260000208709020881090208E5
:10719000271802083318020802480078C0F3C0001C
:1071A00070470000FB56002002480078C0F38000C2
:1071B00070470000FB5600200148406870470000FF
:1071C0001C580020014840687047000024580020E7
:1071D00001484068704700001458002002480078B9
:1071E000C0F3001070470000FB5600202DE9F04F5F
:1071F00087B000205F4E029003900546049006F190
:107200002800DFF86CA105900FE075B1471C5AA16A
:107210003846E9F78BFA04007ED0072D1DD2DFE84F
:1072200005F0990B0F20535A910053A10598E9F7E7
:107230007DFA002870D092E0E21B3946701D87E08D
:10724000E21B394606A8E9F783FA9DF818004128A1
:10725000307803D020F0040030707BE040F0040070
:10726000FAE73078400775D5E21B394602A8E9F7FE
:107270006FFA002102A807F061F90022534607F0D7
:10728000E7FB0746884607F077FD0246EEF7A2F8CF
:10729000104607F0CEFD8B4681463A46434607F03E
:1072A00063FF0022534607F02BFE0022334B07F00A
:1072B000CFFB4A465B4607F00FFBCDE900012D48A6
:1072C0000C212FA210303AE03178490742D5E21B59
:1072D0003946F01C3CE0307840073BD5E21B39468C
:1072E00002A8E9F735FA002102A807F027F90022E1
:1072F000534607F0ADFB0746884607F03DFD0246C2
:10730000EEF776F8104607F094FD8B46814643462B
:107310003A4607F029FF00E026E00022534607F036
:10732000EFFD0022154B07F093FB4A465B4607F042
:10733000D3FACDE900010F4811A20C211C30E9F766
:10734000DBF807E03178490704D5E21B3946701CA9
:10735000E9F7FEF93178204641F0020131706D1CE9
:10736000EDB2062D7FF651AF07B0BDE8F08F0000FB
:1073700000005940205700202C00000000004E4023
:10738000252E37660000000002480078C0F3401048
:1073900070470000FB56002002480078C0F3001040
:1073A00070470000FF56002002480078C0F300102C
:1073B00070470000FD56002002480078C0F300101E
:1073C00070470000F756002002480078C0F3801094
:1073D00070470000FF56002002480078C0F380107C
:1073E00070470000FD56002002480078C0F380106E
:1073F00070470000F75600200248407800F0010076
:1074000070470000F756002002484078C0F3001093
:1074100070470000F756002001480078C009704707
:10742000F756002002480078C0F340007047000083
:10743000FF56002002480078C0F34000704700006B
:10744000FD56002002480078C0F34000704700005D
:10745000F756002002480078C0F3C00070470000D3
:10746000FF56002002480078C0F3C00070470000BB
:10747000FD56002002480078C0F3C00070470000AD
:10748000F756002002480078C0F340107047000013
:10749000FF56002002480078C0F3401070470000FB
:1074A000FD56002002480078C0F3401070470000ED
:1074B000F756002002484078C0F380007047000073
:1074C000FF56002002484078C0F38000704700005B
:1074D000FD56002002484078C0F38000704700004D
:1074E000F756002002484078C0F3C0007047000003
:1074F000F756002002480078C0F380007047000073
:10750000FF5600200148C088704700002078002006
:1075100002480078C0F3800070470000FD5600204C
:1075200002480078C0F3800070470000F756002042
:1075300002484078C0F3400070470000F756002032
:107540000248007800F0010070470000FF5600205C
:107550000248007800F0010070470000FD5600204E
:107560000248007800F0010070470000F756002044
:1075700000487047305700200248007800F00100B2
:1075800070470000FB560020004870473C57002021
:107590000048704779550020014800687047000096
:1075A000C455002002480078C0F340007047000036
:1075B000FB560020004870477355002001480089A1
:1075C00070470000FA5600200248007800F00100E1
:1075D000704700001857002001480078C009704724
:1075E000FB56002002480078C0F38010704700006E
:1075F000FB56002070B5EBF731F807F031FC144C66
:10760000D4E9042307F068F9C4E9040105462078A9
:107610000E460A2816D307F023FC02460B462846DE
:10762000314607F015FA6FF00A0208F03FFA094AEE
:10763000094B07F065FC0246012020700020C4E9D8
:10764000040003E000220549401C2070104670BD74
:10765000D8570020E17A14AE47E109400000F0BF9E
:1076600010B5EBF715F86FF00A0208F01FFABDE845
:107670001040024A024B07F043BC0000E17A14AE0E
:1076800047E10940004870472157002000487047F3
:10769000235700202DE9F041FFF71CFF08B1F8F750
:1076A000ADF8FFF71FFF7C4D4FF4004818B3F8F713
:1076B000ADF8002241462846F1F7B5F90020F0F771
:1076C00045FA0024F0F77EFC641CE4B2C82CF9D320
:1076D00010217248F1F79AF928B1012280217048EF
:1076E000F1F7A1F9FEE780212846F1F78FF901288B
:1076F00001D0F1F76DFAFFF713FF0026694C01275F
:10770000B0B12078012813D1FFF762FDB0F8B400C2
:1077100002280DD1FFF75CFD40794A2808D1624864
:10772000068062480770FFF753FD0021EBF750FE1B
:10773000FFF7B8FE38B1F8F733F9F8F741F8002150
:10774000022000F03BFCFFF737FE28B1F7F7A2FF5D
:1077500041462846F1F75FF9FFF746FEB0B1F7F76B
:10776000B7FF2078012811D103F0D8FD70B1FFF7E1
:107770002FFDB0F8B400022804D1FFF729FD4079AD
:107780004A280AD00021242000F018FCFFF734FE1C
:1077900040B3207801280DD013E0424844496C30B2
:1077A0000160444941600721017201210420FCF776
:1077B0002DF9EBE703F0B2FD18B10021032000F032
:1077C000FDFB207824280DD1FFF702FD40790A281F
:1077D00004D0FFF7FDFC40794A2803D100212A207C
:1077E00000F0ECFBFFF710FE30B12078052803D144
:1077F00000212E2000F0E2FBFFF79AFE98B12078DE
:10780000012811D1FFF7E4FC58B1207960B9277144
:1078100003F0ACFD02F02CF801460120FCF7F6F86D
:1078200002E00021F9E72671FFF7F6FD38B1F7F71E
:1078300067FF05F071FF06F035F9F4F7E9FD2078F0
:10784000012827D1FFF78CFE1B4C70B1F8F724F804
:107850001A4D60686968884207D003F0F7FF00F0AE
:107860000FFB6868606028782070FFF7EBFD002848
:1078700010D0F7F765FF124D686800280AD06168DC
:10788000814207D003F0E2FF00F0FAFA6868606016
:1078900028782070BDE8F081000002400008024016
:1078A000001002401C550020025700201C570020E9
:1078B000B4170208BB170208145800201C580020F7
:1078C0002458002038B5044601680B48814211D184
:1078D0000868486800902046F2F717F8EDF782FD37
:1078E000F8F72CF82046BDE838404FF461720349A0
:1078F000F2F762BA38BD0000004400402A78002048
:107900007047000070B50446EDF73CFDEDF742FD11
:107910000A4D45F8904F2068C16841F01001C160E0
:107920004FF4617206492868F2F746FA2868BDE804
:107930007040C8230E220349F2F760BA2057002096
:107940002A780020431B020870B50A4E0FE000EBB6
:107950008004002306EB84050AB1FF2400E0002424
:10796000EC545B1CDBB2142BF6D3401CC0B2884233
:10797000EDD370BDA05B002010B51C21084C002287
:1079800001EB8103012004EB83031A54401CC0B2B5
:107990000328FAD3491CC9B22C29F1D310BD000029
:1079A000A05B002010B51A21084C002201EB8103D6
:1079B000102004EB83031A54401CC0B21328FAD3DE
:1079C000491CC9B22A29F1D310BD0000A05B0020D8
:1079D00010B53821084C002201EB8103022004EB92
:1079E00083031A54401CC0B21228FAD3491CC9B2EE
:1079F0007829F1D310BD0000A05B0020F0B510B1D4
:107A000006240E2301E005240F230026094F01F16F
:107A100010050CE001EB8102204607EB820202E038
:107A20001654401CC0B29842FAD3491CC9B2A942AC
:107A3000F0D3F0BDA05B002010B58E21084C0022D1
:107A400001EB8103092004EB83031A54401CC0B2EC
:107A50000B28FAD3491CC9B29E29F1D310BD0000EE
:107A6000A05B002010B58421084C002201EB8103AB
:107A7000002004EB83031A54401CC0B20428FAD33C
:107A8000491CC9B29E29F1D310BD0000A05B0020A3
:107A900030B5094C1C2202EB8203012104EB830365
:107AA00010F8015B5D54491CC9B20329F8D3521C7C
:107AB000D2B22C2AEFD330BDA05B00202DE9F05FBD
:107AC000002492468B468046274623E05CB908F0A6
:107AD0000F00564640F06000F5F772FF702141EA52
:107AE0001810F5F76DFF00254FF0140916F8010B7B
:107AF000F5F728FF641CA4B2B4FBF9F109FB1140AF
:107B000010B90020F5F78EFF6D1CADB2142DEDD32A
:107B10007F1CFFB25F45D9D3BDE8F09F30B5094C5B
:107B20001A2202EB8203102104EB830310F8015B9D
:107B30005D54491CC9B21329F8D3521CD2B22A2A67
:107B4000EFD330BDA05B002010B5104C382202EB03
:107B50008201022004EB81030021022802D01128B7
:107B600002D002E0802100E00121382A0BD0772AE0
:107B700009D01954401CC0B21228EDD3521CD2B205
:107B8000782AE4D310BDFF21F3E70000A05B0020BA
:107B90000020054AFF211318401CC0B283F8E011F1
:107BA0001428F8D370470000A05B002030B5094CC2
:107BB0008E2202EB8203092104EB830310F8015BA0
:107BC0005D54491CC9B20B29F8D3521CD2B29E2A6B
:107BD000EFD330BDA05B002030B5094C842202EB0E
:107BE0008203002104EB830310F8015B5D54491C00
:107BF000C9B20429F8D3521CD2B29E2AEFD330BDA9
:107C0000A05B002001480078704700003856002033
:107C100001490020087070473856002001490120B2
:107C200008707047385600201A4910B509686FF07F
:107C3000010008611748F1F723FD17480068016843
:107C400041F040010160F2F72DFDF2F745FFF2F738
:107C500027FFF2F709FF1148D0F88810104888472D
:107C60001048D0F88C101048884710488169104897
:107C700088471048416808488847F6F7B5FB5828F8
:107C800002D10D4901200870F2F7C0F9BDE810409B
:107C900001F01CBD00590020A858002044560020C7
:107CA000C85900202057002084590020B4570020D4
:107CB0004059002020560020F85700201CB5012212
:107CC00011026846F5F72CFD9DF8000000B1012077
:107CD0006A4C01224FF4A06120706846F5F720FD40
:107CE0009DF8000000B10120A07001224FF4C06196
:107CF0006846F5F715FD9DF8000000B101202071E0
:107D000001224FF4E0616846F5F70AFD9DF8000096
:107D100000B1012060710122D1026846F5F700FD33
:107D20009DF8000000B1012084F8C40001229102F6
:107D300001A8F5F7F5FC9DF804300020012102228E
:107D4000002B7DD0012B7CD0032B7BD0E270A17166
:107D5000E17120726072A072E07220736073A07390
:107D6000E07320746074A074E07420756075A07571
:107D7000E07520766076A076E07620776077A07751
:107D8000E07784F82D0084F82E0084F82F0084F822
:107D9000300084F8310084F8320084F8330004F8AD
:107DA000340F6070A070E07020716271A271E27196
:107DB00022726272A272E27222736273A273E2731F
:107DC000227404F8140C04F8130C04F8120C04F8D0
:107DD000110C04F8100C04F80F0C04F80E0C04F845
:107DE0000D0C04F80C0C04F80B0C04F80A0C04F845
:107DF000090CA174E174617421756175A175E17557
:107E000021766176A176E17621776177A177E177B6
:107E10000A2104F8081C20626062A062E06220630C
:107E20006063A063E06320646064A064E064206534
:107E30006065A065E06520666066A066E06602E0B9
:107E400014E015E016E020676067A067E067C4F8FB
:107E50008000C4F88400A4F88A0084F8880084F8BC
:107E60008C0084F88D0084F88E001CBDE0706EE7F5
:107E7000E1706CE70323E37069E70000B07B00204A
:107E80000148F2F71FBA0000A85500200149002060
:107E9000C87070471C550020014900208872704747
:107EA0001C55002010B504460C30F4F703F904F11A
:107EB0000800F2F707FA00202061606110BD0000A1
:107EC00000487047685500200148807970470000DD
:107ED0001C55002001480078704700001C55002008
:107EE00000487047A05500200148807C7047000082
:107EF0001C55002001484078704700001C550020A8
:107F00000148C078704700001C5500200148807A65
:107F1000704700001C5500200148806C704700002D
:107F20001C55002000487047341B02080148007CA3
:107F3000704700001C5500202DE9F04188B0002456
:107F40004FF009080794CDE9034802271048CDE90E
:107F50000007012607AD0294CDE9056533460D4AB9
:107F600060212020F3F70DFECDE903480A48CDE952
:107F700000070294CDE905650123084A60216820C5
:107F8000F3F7FFFD06490798486008B0BDE8F081A7
:107F90003D0D02083C0D0208420D0208410D020889
:107FA000A055002001498874704700001C5500202E
:107FB00001490120C87070471C5500202DE9F0418F
:107FC00007460D46002005F05BFC002005F052FC42
:107FD0000021F74EF74C552F36D2DFE807F0352B4E
:107FE000363D56426D7662807B8B9095A8F235F7D0
:107FF000FCEEA0EDEC35EBEAE935E8E7E6E5E4E395
:10800000E2E1E0DFDEDDDCDBDAD9D8D7D6D5D4D3C8
:10801000D2D1D0CFCECDCC35CBCAC9C8C7C6C5C446
:10802000C3C2C1C0BFBEBDBCC0BEBBBAB9B8B73504
:10803000B6B7B500DF488430FDF7C6FCDE48A06265
:10804000DE48E06203F002FCF5E2DA488430FBF738
:1080500089FC2AE0607A52E1D6488430FCF71AFCA9
:10806000BDE3D4488430FDF7B1FCD548A062D548C3
:10807000E062002D1FD0207AF4F7CEF8CD4884308E
:10808000C168E06903F062F8D5E2CA488430FCF7C1
:108090002BFDCB48A062CB48E062002DEAD0207ACD
:1080A0002DE1C4488430FAF725FFC548A062C548D1
:1080B000E062002DCED12AE1BE488430FBF7CEF835
:1080C0008DE3A062BF48E06221E1BA488430FAF74C
:1080D00055FF84E3B7488430FCF788FD7FE3B5485B
:1080E0008430FCF76BFDB448A062B648E06203F050
:1080F000A5FBA0E2AF488430FDF7A4F86FE3AD48DC
:108100008430F8F7AFFA6AE3AA488430FBF794FBAF
:10811000AB48A062AB48E06205F06CFD89E205F077
:1081200071FE0146A3488430FDF770FE57E3A14875
:108130008430F8F733FAA248A062A248E06205F062
:10814000B1FCEAF7DBFA76E273E36AE361E358E352
:108150004FE346E33CE328E31FE315E30CE302E3CC
:10816000F9E2F0E2E7E2DEE2D5E2CCE2C3E2BAE233
:10817000B1E2A8E29FE294E17FE162E1A5E167E27A
:10818000E6E15AE133E14EE145E148E124E11FE156
:10819000F9E036E1F2E0DEE0D1E015E2B2E09DE0A8
:1081A000B8E0C7E0BBE09DE161E055E049E007E2EF
:1081B00042E033E02DE027E01DE011E00BE005E0B8
:1081C000FFE77C488430F8F7A5F908E37948843064
:1081D000FCF7BCFD03E377488430FCF703FFFEE2C5
:1081E00074488430FAF7D8FD7648E0627448A0629B
:1081F00005F006FD1DE26F488430FBF735FC714841
:10820000E0626D48A06282E06A488430FEF752FA6C
:108210008EE068488430FAF7B5FB89E020780628BC
:1082200003D1607901F0B8FAE0826248E18A8430D3
:10823000FAF7D8FB644844E75E488430F9F78EFCCF
:1082400076E05C488430F7F72DFD5D48A0625D481C
:10825000E06205F08BFBECE156488430FBF7AAFAAC
:108260005748A0625748E06205F024FDE1E151481B
:108270008430F7F7D5FC5248A0625248E06230786B
:108280000C283ED2DFE800F006090C0F1215181B6F
:108290001E21242705F07EFCCBE105F0A5FCC8E1FA
:1082A00005F09CFCC5E105F087FCC2E105F078FC17
:1082B000BFE105F08DFCBCE105F084FCB9E105F0FF
:1082C00075FCB6E105F054FCB3E105F05DFCB0E1EE
:1082D00005F048FCADE105F051FCAAE12078012849
:1082E00001D00A2800D120743248217C8430F9F76B
:1082F00071F83348A0623348E06245B1E079F3F7A2
:108300008BFF98E12B488430FCF7E4F9F1E7EDF7B7
:108310007DF890E127488430FCF7EAFA5FE22548CF
:108320008430F9F74BFC05F0CFFB08B12748C8E6CD
:108330002148C6E61F488430FAF7ACFAF6E71D4834
:108340008430FEF751F91E48A0621E48E06205F035
:10835000ABFC78B110E017488430F9F7B1FA18484F
:10836000A0621848E062FEF733FFB0F86600B0F58F
:10837000807F01D101205CE100205AE10D4884306A
:10838000FEF78CFA2BE20B488430FDF735F90C48E8
:10839000A0620C48E062FEF71BFFB0F8B4000128B1
:1083A000E8D0FEF715FFB0F8B4000228E4D042E1AF
:1083B000145800201C55002059F2000841EE000816
:1083C00015F00008D5E4000865F10008E5F00008A4
:1083D000FA48FDF747F849E005F00CFC054605F0C2
:1083E000CBFA01462A46F548FBF7EEF8F7E1F348E9
:1083F000FBF776FAF248A062F248E06205F060FC12
:1084000017E1EE48F9F79EFAED48A062ED48E06208
:1084100005F0FCFB0DE1E948FBF792F8DFE1E748E6
:10842000FAF75CFCDBE1E548FBF77CFBE448A06283
:10843000E448E06205F0ECFCFBE0E048F7F774FC90
:10844000CDE130786074207C0A2802D0012806D063
:1084500008E0A06C0078442804D1617402E002F0C6
:1084600085FF6074617CD548FCF790F8D648A0621F
:10847000D648E062F3F766FCDDE0207C0A2802D0F3
:10848000012806D008E0A06C0078442804D161746B
:1084900002E002F06BFF6074617CC848FDF76EFB80
:1084A000E4E7207C0A2802D0012806D008E0A06C6E
:1084B0000078442804D1617402E002F057FF607430
:1084C000617CBE48FDF7FEFBD0E7207C0A2801D086
:1084D000012802D102F04AFF6074617CB748F8F7C6
:1084E0009FFFC3E7B548F7F76FFFB548A062B548EF
:1084F000E06230780C2862D2DFE800F006090C0F49
:108500001215181B1E21242705F09CFA55E005F0D2
:10851000C3FA52E005F0BAFA4FE005F0A5FA4CE0D4
:1085200005F096FA49E005F0ABFA46E005F0A2FA4C
:1085300043E005F093FA40E005F072FA3DE005F003
:108540007BFA3AE005F066FA37E005F06FFA34E0BE
:108550009A48F7F78DFF9A48A0629A48E06230780F
:108560000C2868D2DFE800F006090C0F1215181B62
:108570001E21242705F01EFA1FE005F045FA1CE035
:1085800005F03CFA19E005F027FA16E005F018FAB4
:1085900013E005F02DFA10E005F024FA0DE005F0E7
:1085A00015FA0AE005F0F4F907E005F0FDF904E03A
:1085B00005F0E8F901E005F0F1F9EAF789F83AE0A9
:1085C0007E48FDF71FF90AE17C48FDF757F87C4823
:1085D000A0627C48E06230780C282CD2DFE800F002
:1085E00006090C0F1215181B1E21242705F02CFB61
:1085F0001FE005F053FB1CE005F04AFB19E005F015
:1086000035FB16E005F026FB13E005F03BFB10E020
:1086100005F032FB0DE005F023FB0AE005F002FB5C
:1086200007E005F00BFB04E005F0F6FA01E005F0C9
:10863000FFFAEAF771FC0022A0211020FFF784F96D
:10864000FFF7A6FA102005F053F92770BDE8F08176
:1086500030780C2810D2DFE800F006091013161944
:108660001C1F2225282B05F09DFB01E005F0C4FB13
:1086700001465248FDF744F8B1E005F0B7FBF7E7D3
:1086800005F0A2FBF4E705F093FBF1E705F0A8FB8A
:10869000EEE705F09FFBEBE705F090FBE8E705F060
:1086A0006FFBE5E705F078FBE2E705F063FBDFE74A
:1086B00005F06CFBDCE702F059FE607401463F48B0
:1086C000FBF776FAD2E602F051FE607401463B48B1
:1086D000FBF700FBCAE602F049FE6074014637482A
:1086E000FBF78AFBC2E602F041FE607401463348A4
:1086F000FBF7FAFDBAE602F039FE607401462F4836
:10870000FBF7AAFCB2E602F031FE607401462B488A
:10871000F8F7EEFD63E002F029FE60740146274899
:10872000F8F7C4FCA2E602F021FE6074014623487B
:10873000F8F74EFD9AE602F019FE607401461F48F4
:10874000F8F7FCFA92E602F011FE607401461B484D
:10875000F8F71AFC8AE602F009FE60740146174831
:10876000F8F780FB82E602F001FE607401463A46AB
:108770001248F8F7B3F979E602F0F8FD60740146A3
:108780000E48F8F719F971E602F0F0FD6074014641
:108790003A460A48F8F73AFA68E602F0E7FD6074EC
:1087A00001460648F8F776F860E602F0DFFD6074EF
:1087B00001460248F7F7CAFF58E60000A05500201E
:1087C00015F00008D5E4000865F10008F1E30008A1
:1087D00002F0CCFD607401461A48F7F785FF1A488D
:1087E0006FE402F0C3FD607401461648FEF71EFBFD
:1087F0003CE602F0BBFD607401461248FEF73AFC0D
:1088000034E602F0B3FD607401460E48FEF7A0FBAB
:108810002CE602F0ABFD607401460A48FEF744F90D
:1088200024E602F0A3FD607401460648FDF772FFDE
:108830001CE602F09BFD607401460248F9F7C2F89D
:1088400014E60000A055002015F00008034602A21F
:1088500005210248E7F750BE253464006855002022
:108860002DE9F04F89B000200690F3F7F1FFF848AA
:108870004FF0100B4FF0000900780A280FD005F0D8
:10888000B9F960B1CDF800B0F148CDE901B9843053
:108890001021037802690820EFF7B2FA09E0EC48EA
:1088A000CDE900B984300823426910211846EFF75A
:1088B000EFFA02F033FD022701260028E448007891
:1088C0007ED001287DD1FEF783FC002879D002F00C
:1088D0002FFD002876D002F079FCFFF7D1FA0022B4
:1088E00082211A20FFF730F84D46CDF81C9002F097
:1088F0003DFDDFF860A3D84903240DF11C080C28C6
:108900007ED2DFE800F0068EA87DD1FDFC7D7DFBE8
:10891000FAF9FEF75DFC4079CDE902755A2805D0D9
:10892000CDE90458CD480323CD4A04E0CDE90458ED
:10893000CC48CD4A0323CDE9000530210020F1F7D2
:10894000B0FCFEF745FC3030CDE90007CDE902650B
:10895000CDE9045800231A4624213020F1F7A1FC68
:10896000CDE90458C148CDE90005CDE902750223DF
:10897000BF4A54210020F1F794FCFEF729FC373060
:10898000CDE90007CDE90265CDE9045800231A4678
:1089900048212020F1F785FCCDE90458CDE9027586
:1089A000CDE900A50223B34A70210020F1F779FC3C
:1089B000FEF70EFCCDE9026500231A46702102E0A5
:1089C000F5E3F5E317E22A30CDE90006CDE90458D6
:1089D0003E20F1F766FCCDF81480CDE903650095E3
:1089E000CDE9015400231A4632219820F1F759FCB1
:1089F00003A8042180E8220100231A46562100E042
:108A0000D3E080200095CDE9015494E203A80294BC
:108A100080E830010023722100951A4678200195E4
:108A2000E4E1CDE90458CDE90015CDE90275012353
:108A3000914A42210020F1F734FCFEF7C9FB3730A0
:108A4000CDE90007CDE902650023CDE904583621C0
:108A50001A46202051E2CDE904588848CDE90005A6
:108A6000CDE9027544460223854A52210020F1F7E0
:108A700018FCFEF7ADFB3730CDE90007CDE9026504
:108A8000CDE9045400231A4646212020F1F709FCC1
:108A9000CDE904547B48CDE90005CDE902750223F8
:108AA0005421794A8020A1E1FEF792FB40793428D5
:108AB00001D05D2879D1CDE904587448CDE900058D
:108AC000CDE902750223724A42210020F1F7E9FB49
:108AD000FEF77EFB3730CDE90007CDE90265CDE931
:108AE000045800231A4636212020F1F7DAFBCDE99D
:108AF0000275CDE9045804E08FE118E1D4E055E0B7
:108B000028E0CDE900A502235A4A70210020F1F7A0
:108B1000C8FBFEF75DFB2A30CDE90006CDE9026512
:108B2000CDE9045800231A4670213E20F1F7B9FB25
:108B3000FEF74EFB016F5748814201DB0F2100E039
:108B4000052103A8002380E8220144211A46782049
:108B5000009558E7FEF73CFB40790928AAD1CDE9FA
:108B600004584D48CDE90005CDE9027502234B4A72
:108B700054210020F1F795FBFEF72AFB3730CDE9B1
:108B80000007CDE90265CDE9045800231A464821C3
:108B90002020F1F786FB03A8072180E822010023AB
:108BA00056211A46802000951EE121E1CDE90458A6
:108BB000CDE90015CDE9027501232F4A30210020AF
:108BC000F1F76FFBFEF704FB3030CDE90007CDE98C
:108BD0000265CDE9045800231A4624212020F1F72C
:108BE00060FBCDE904582E48CDE90005CDE90275BA
:108BF00002232C4A54210020F1F753FBFEF7E8FA38
:108C00003730CDE90007CDE90265CDE904580023EE
:108C10001A4648212020F1F744FBCDE90458CDE95C
:108C20000275CDE900A50223124A70210020F1F758
:108C300038FBFEF7CDFA2A30CDE90006CDE9026512
:108C40000023CDE9045870211A463E20CEE60000EC
:108C50001C55002087170208D2190208F1170208D4
:108C6000EE170208EC170208E9170208E6170208D7
:108C7000E417020885170208D11902084E1A0208E3
:108C80004C1A0208B0170208AE170208351A02087B
:108C9000301A020800401C465A1A0208581A0208E4
:108CA000E1170208B4190208CDE90458FC48CDE9DF
:108CB0000005CDE902750323FA4A42210020F1F7AD
:108CC000F0FAFEF785FA3730CDE90007CDE9026505
:108CD000CDE9045800231A4636212020F1F7E1FAA5
:108CE000CDE90458CDE90275CDE900A50223EE4A8D
:108CF00070210020F1F7D5FAFEF76AFA2A30CDE9A3
:108D00000006CDE90265CDE9045800231A4670211A
:108D10003E20F1F7C6FACDE90458E448CDE9000554
:108D2000CDE9027502234421E14A782003E1CDE92F
:108D30000458E048CDE90005CDE902750223DE4A7A
:108D400042210020F1F7ADFAFEF742FA3730CDE9C3
:108D50000007CDE90265CDE9045800231A46362103
:108D60002020F1F79EFACDE90458CDE90275CDE94E
:108D700000A50223CC4A70210020F1F792FAFEF7F9
:108D800027FA2A30CDE90006CDE90265CDE904587D
:108D900000231A4670212620F1F783FAFEF718FA0D
:108DA000016FC648814209DB03A80E2180E8220139
:108DB000002344211A465820009508E003A80D21FD
:108DC00080E82201002344211A4660200095CDE965
:108DD0000154F1F766FACDF81480CDE9037500234C
:108DE00072211A4660200095CDE90154F1F759FA35
:108DF000B34807998160FEF7EBF9ECF79CFD00287A
:108E00007ED002F0B3FA0C287BD2DFE800F0F6F453
:108E1000F3F2F1F0EFEEEDECEBEAFEF7D9F9407981
:108E20004A2805D1FEF7D4F9B0F8B40002280CD0D6
:108E3000FEF7B8FDFEF7CCF940790A2809D0FEF715
:108E4000C7F940794A2804D007E09E48FEF766FE3D
:108E5000F0E704F0DBFE00287FD0CDE904589A4803
:108E6000CDE90005CDE902750223984A30210020A2
:108E7000F1F717FAFEF7ACF93030CDE90007CDE98C
:108E80000265CDE9045800231A4624212020F1F779
:108E900008FACDE904588E48CDE90005CDE9027500
:108EA00002238C4A54210020F1F7FBF9FEF790F9D8
:108EB0003730CDE90007CDE90265CDE9045800233C
:108EC0001A4648212020F1F7ECF9CDE904588248F0
:108ED000CDE90005CDE902750223804A32218020C8
:108EE000F1F7DFF903A9042081E821010095CDE91C
:108EF000015400231A4656218020F1F7D2F901E0EF
:108F000065E192E0CDE90458CDE90275CDE900A50F
:108F10000223654A70210020F1F7C3F9FEF758F9E2
:108F20002A30CDE90006CDE90265CDE904580023D9
:108F30001A4670213E20F1F7B4F904F063FF0028CF
:108F40007FF464ADCDF81480CDE903750023722160
:108F50001A467820009547E7FFE7CDE904585C48BA
:108F6000CDE90005CDE9027502235A4A30210020DF
:108F7000F1F797F9FEF72CF93730CDE90007CDE985
:108F80000265CDE9045800231A4624212020F1F778
:108F900088F903A8042180E822010095CDE9015455
:108FA00000231A4632218020F1F77BF9CDE90458DD
:108FB0004B48CDE90005CDE902750223494A542109
:108FC0000020F1F76EF9FEF703F94E30CDE9000706
:108FD000CDE902650023CDE9045848211A46202036
:108FE0007EE7D0E0C4E0B8E0ACE0A0E092E086E04C
:108FF0007AE049E03DE00BE0FFE704F0CBFD0690AE
:1090000004F080FDF6F742FD054604F07DFE09E020
:1090100004F0EAFD069004F09FFDF6F737FD0546E3
:1090200004F09CFEF6F732FD0446DFF89480A8F1C8
:10903000840898F80AA088F80A900698002874D046
:1090400015F0FF4F07D0FEF7C3F8ECF772FC294686
:1090500006F044FC0AD914F0FF4F67D0FEF7B8F8C9
:10906000ECF767FC214606F039FB5FD888F80A6008
:1090700096E004F0B3FD069004F068FDF6F706FDF7
:10908000054604F065FECDE704F096FD069004F079
:109090004BFDF6F7FBFC054604F048FEC2E7000076
:1090A000801A02087D1A020885170208861A02082B
:1090B000841A0208ED1A0208EB1A020800401C4646
:1090C000A0550020A61602084E1A02084C1A0208E3
:1090D000411802083F180208B0170208AE1702082C
:1090E000471802084518020804F05AFD069004F0DB
:1090F0000FFDF6F7CBFC054604F00CFE92E704F0FA
:1091000067FD069004F01CFDF6F7C0FC054604F070
:1091100019FE87E704F056FD069004F00BFDF6F704
:10912000B5FC054604F008FE7CE74EE036E004F0AE
:109130003DFD069004F0F2FCF6F7A8FC054604F0AD
:10914000EFFD6FE704F014FD069004F0C9FCF6F79C
:109150009DFC054604F0C6FD64E704F015FD06908D
:1091600004F0CAFCF6F792FC054604F0C7FD59E787
:1091700004F0F8FC069004F0ADFCF6F787FC054619
:1091800004F0AAFD4EE704F0F9FC069004F0AEFCF2
:10919000F6F77CFC054604F0ABFD43E788F80A903F
:1091A000BAF1000F05D0BAF1010F08D00FE02FE09F
:1091B00030E098F80A0050B104F0A8FA07E098F8F7
:1091C0000A0020B9FEF74EFC01E088F80A90FDF78E
:1091D000FFFFECF7B6FB18B16348FEF759FC01E05E
:1091E000FEF7CAFBFDF7E8FF78B1FDF7EBFF60B1D2
:1091F000FDF7EEFF0446FDF7DFFF844201D15B4837
:1092000000E05B48FEF7D2FC04E0FEF715FC01E04D
:10921000012806D0DFF85C8198F80000132803D0FD
:109220006BE0FEF7A9FBF0E704F0EAFCE8B3FEF719
:109230009FF90078D0B398F80F10B1B34C4688F876
:109240000F90002278215420FEF77EFB494D4A48BA
:109250008C35CDE90445CDE90004CDE90274032342
:10926000464A7E210020F1F71CF84548CDE9044527
:10927000CDE90004CDE902740323424A4E210020C7
:10928000F1F70FF8FEF702FACDE90445CDE9000445
:10929000CDE9026400231A465E211846F1F701F871
:1092A000FEF766F9CDE9026401E026E040E0CDE991
:1092B0000445CDE9000400231A465E211820F0F78A
:1092C000F0FFFEF7DFF9CDE90445CDE90004CDE973
:1092D000026400231A468E211846F0F7E2FFFEF7DB
:1092E00053F9CDE90445CDE90004CDE9026400233A
:1092F0001A468E211820F0F7D4FF04F07BFC1D4C99
:1093000001468434A068F1F70DF8FEF745F90546EB
:1093100004F070FC01462A46E068F2F7E9FE98F88E
:10932000010000281DD009B0BDE8F04F05F00AB8D3
:1093300088F80F6004F05EFC50B1CDF800B0CDE9C4
:1093400001B90623104A68211020EEF759FDD4E731
:10935000CDE900B908230D4A68211020EEF798FDE9
:10936000CBE709B0BDE8F08FD61602081617020841
:10937000F61602081C550020B30A0208B00A0208BB
:10938000C10A0208BE0A02081C0A0208220A0208D0
:1093900010B5774C4FF480612046EFF737FB01287A
:1093A0002FD0FEF7CDF818B104F05CFA04F0EAF91A
:1093B000F6F75AFAF6F768FAF6F75EFA4FF4006134
:1093C0002046EFF723FB012822D0FEF72BF818B137
:1093D00004F0E8F904F0D6F9F6F79AF9F6F7A8F9E7
:1093E000F6F79EF94FF480512046EFF70FFB012866
:1093F00015D0FEF77FF810B3FEF76CFD012814D0EE
:1094000019E0FEF7A5F80028D8D104F023FAD5E733
:10941000FEF710F80028E5D104F0BCF9E2E7FEF70A
:1094200077F8A0B904F0FEF911E0FEF76BF840F60A
:10943000B831884201D204F0FDF904F0A3F9F6F73F
:109440000BFAF6F7EBF9F6F7F7F9F6F7EFF94FF451
:1094500000712046EFF7DAFA012863D0FDF79CFF90
:1094600018B104F067F904F08DF9F6F7FBF8F6F798
:1094700009F9F6F7FFF84FF400512046EFF7C6FA66
:10948000012856D0FDF7A0FF18B104F063F904F0ED
:1094900079F9F6F725F9F6F72BF9F6F703F9F6F768
:1094A0000FF9F6F707F94FF480412046EFF7AEFACF
:1094B000012845D0FDF7CEFF18B104F083F904F080
:1094C00061F9F6F745F9F6F753F9F6F749F94FF46C
:1094D00000412046EFF79AFA012838D0FDF7D2FF75
:1094E00018B104F07FF904F04DF9F6F751F9F6F7E9
:1094F0005FF9F6F755F980211E48EFF787FA012842
:109500002CD0FDF7D7FF18B104F07CF904F03AF93C
:10951000F6F77CF9F6F75CF9F6F768F9BDE8104064
:10952000F6F75EB9FDF740FF0028A4D104F0FAF881
:10953000A1E7FDF751FF0028B5D104F003F9B2E728
:10954000FDF790FF0028C2D104F034F9BFE7FDF722
:10955000A1FF0028CFD104F03DF9CCE7FDF7B2FF21
:1095600008B904F047F904490120087010BD000053
:109570000010024000000240F65600202DE9F0479E
:10958000504F3878504CC00707F102050DD02178B4
:109590002078491C61F30300207000F00F000A28B6
:1095A00003D3287840F00100287038784FF0010884
:1095B00080074FF00A090DD52178207808EB1111AA
:1095C00061F307102070B9EB101F03D8287840F022
:1095D00002002870387840F6B83640070ED5E0888B
:1095E000401C80B2E0800A2808D3287840F00400AC
:1095F0002870E088B04201D304F024F938780007DD
:109600000DD561786078491C61F30300607000F04B
:109610000F000A2803D3287840F008002870387813
:10962000400616D5A088401C80B2A0800A2810D31E
:10963000287840F040002870A08841F2707188427C
:1096400002D304F097F804E0A088B04201D304F0FC
:1096500089F8387880060DD5A178A078491C61F387
:109660000300A07000F00F000A2803D3287840F010
:10967000200028703878C0060DD56178607808EB36
:10968000111161F307106070B9EB101F03D828782F
:1096900040F0100028707878400710D52089401CD1
:1096A00080B220810A280AD3687840F004006870EC
:1096B0002089B04203D3BDE8F04704F0ABB8BDE861
:1096C000F0870000FD5600202078002008B5012218
:1096D00000216846F4F724F89DF80000672802D0BE
:1096E000F6F7B0F903E0EEF729FA00F0B9F804F064
:1096F00087FA0B4B4FF4006108B1012200E0002211
:109700001846EFF790F904F0D9F9EEF727FA00219F
:109710000120EEF751FC002004F0EAF808BD00003B
:10972000000002402DE9F04106460C4640F2FF756C
:10973000174635EA14502BD000221346304605F068
:10974000DFFA25D03A463046214606F0AFF9064604
:109750000C4635EA145010D000221346304605F06E
:10976000CFFA15D10220E7F7E4F8F4F7B9F90A4681
:10977000214662F31E01BDE8F0810220E7F7D9F827
:10978000F4F7A6F90A46214662F31E01BDE8F0810E
:1097900030462146BDE8F081014931F8100070479C
:1097A000787C00200C4801884288C3881144828854
:1097B0001A44114402891144428911448289114496
:1097C000C2891144028A1144428A1144828AC08AA1
:1097D0001144084480B27047787C00200B4630B4B6
:1097E00000210C2A0CD2DFE802F006080F11131535
:1097F00017191B1D1F210E4900E00E4901EB032123
:1098000030BC9022F3F78CBF0B49F7E70B49F5E723
:109810000B49F3E70B49F1E70B49EFE70B49EDE79C
:109820000B49EBE70B49E9E70B49E7E70B49E5E7AC
:1098300000B03C0000A9520000A26800009B7E001E
:1098400000949400008DAA000086C000007FD6001E
:109850000078EC0000710201006A180100632E011B
:1098600018224FF400710148F3F75ABF787C0020AA
:109870002DE9F14F0024C54800F0AEFAC348DDF8E9
:1098800000C000214F23482743221838BF4D42F221
:1098900010764FF0440A4FF046094FF04C0BBCF1E4
:1098A0000C0F47D2DFE80CF006939EB1C3D0E2FE66
:1098B000FDFCFBFA0488B4427ED285F800A06B70F0
:1098C000A97004F051FA286404F04AF805F042FD4A
:1098D00006460F46F4F7C8FB32463B4604F0FCFF51
:1098E00004F0C8FFE863FDF773FC3730F4F792F932
:1098F00004F0C0FF6864FDF76BFC3030F4F78AF9C0
:1099000004F0B8FFA8643AE1FDF762FC806E4FF006
:10991000844106F01FF805F01DFD9D4A9D4B05F0A2
:1099200097F804E0FDF754FC2A30F4F773F904F0DB
:10993000A1FFA863F2F736FD6872F2F739FD2872CD
:10994000F2F73CFDE871F2F73FFDE872F2F742FDF5
:10995000A871F2F751FDA872F2F754FD2873FDF7D4
:1099600037FC00F1550189480D220D30E6F7F0FE75
:10997000FDF7FEFD854D0168183DC5F836104168BC
:10998000C5F83A108068C5F83E003235FDF7FCFD99
:1099900001682961416869618068A861FDF772FE0C
:1099A00000882880FDF772FE0088688001F0DEFCE8
:1099B00002462146754800E075E000F0CBF9641CD2
:1099C000A0B2009900F0BAF90120BDE8F88F018833
:1099D000B14268D2702129706F704488FDF7F8FB9E
:1099E000373058E00188B142F3D2542129707521F3
:1099F00069707221A9708488FDF7EAFB3730F4F7AB
:109A000009F904F037FF686694E70188B1424AD249
:109A100085F800906A7085F802B0C488FDF7D8FB1D
:109A20003730F4F7F7F804F025FF6867A7E00388FC
:109A3000B34238D245232B706A70A9700489FDF7B0
:109A4000C7FB006FA8659AE00188B14276D22B70FF
:109A5000522169705021A9704489FDF7B9FB373054
:109A6000F4F7D8F804F006FF686563E70188B142AF
:109A700064D24E2129706F703322AA70E9708489F4
:109A8000FDF7A6FB3730F4F7C5F804F0F3FEA8663F
:109A9000FDF79EFB3030F4F7BDF805E04BE03BE00E
:109AA00028E016E004E049E004F0E4FEE86466E043
:109AB0000288B24242D285F800906970A970C489C8
:109AC000FDF786FB3730F4F7A5F804F0D3FEE8661F
:109AD00055E00388B34231D22A7085F801B0A970ED
:109AE000048AFDF775FB3730F4F794F804F0C2FEF2
:109AF000286744E00188B14220D22A706821697049
:109B00006C21A970448AFDF763FB3730F4F782F8C3
:109B100004F0B0FEA86732E00188B1420ED24221C3
:109B20002970672169706121A970848AFDF750FB53
:109B3000006FE86723E00188B14201D3002044E7C9
:109B40002A706B7085F802A0C48AFDF741FB37309C
:109B5000F4F760F804F08EFEC5F88000FDF738FBDE
:109B60003030F4F757F804F085FE6866FDF730FBF7
:109B70004E30F4F74FF804F07DFEC5F8840004F091
:109B800041F900283FF4CEAEBEE60000907C0020F4
:109B9000CDCCCCCCCCCCFC3F10B5A6B0FF208DF802
:109BA000000003208DF801000220504A504C8DF82F
:109BB0000200D38AE18A68468B4207D90B22001D36
:109BC000FFF70CFEE08A401CE08282E0938AA18AC3
:109BD0008B4207D90A22001DFFF700FEA08A401C15
:109BE000A08276E0538A618A8B4207D90922001D40
:109BF000FFF7F4FD608A401C60826AE0D388E18848
:109C00008B4207D90322001DFFF7E8FDE088401CC6
:109C1000E0805EE0138A218A8B4207D90822001D6A
:109C2000FFF7DCFD208A401C208252E0D389E189C5
:109C30008B4207D90722001DFFF7D0FDE089401CA9
:109C4000E08146E09389A1898B4207D90622001D55
:109C5000FFF7C4FDA089401CA0813AE053896189C7
:109C60008B4207D90522001DFFF7B8FD6089401C13
:109C700060812EE0138921898B4207D90422001DBF
:109C8000FFF7ACFD2089401C208122E09388A18849
:109C90008B4207D90222001DFFF7A0FDA088401CBF
:109CA000A08016E0538861888B4207D90122001DED
:109CB000FFF794FD6088401C60800AE012882188CC
:109CC0008A4206D90022001DFFF788FD2088401C2B
:109CD000208098216846F2F7A5FD0648C8239822FF
:109CE000C0696946F0F78AF826B010BD787C00207C
:109CF0002C580020B45700201CB5FF208DF8000020
:109D000003208DF8010001208DF80200FFF74AFDC5
:109D1000000A8DF80300FFF745FD8DF804000721C8
:109D20006846F2F77FFD0448C8230722C0696946E8
:109D3000F0F764F81CBD0000B4570020044A22F874
:109D4000110018224FF400710148F3F749BD0000DB
:109D5000787C00200B4630B400210C2A0CD2DFE8BE
:109D600002F006080F11131517191B1D1F210E49AC
:109D700000E00E4901EB032130BC9022F3F730BD27
:109D80000B49F7E70B49F5E70B49F3E70B49F1E717
:109D90000B49EFE70B49EDE70B49EBE70B49E9E727
:109DA0000B49E7E70B49E5E700B03C0000A952008A
:109DB00000A26800009B7E0000949400008DAA0021
:109DC0000086C000007FD6000078EC000071020120
:109DD000006A180100632E0170B50446002544F89E
:109DE000025B0D21658025836583E56125626562DF
:109DF000A562E56244F8305FA4F12500323CE6F745
:109E0000F4FC44F8385F6560A560E5602561656134
:109E1000A561E56125626562A562E562256365630A
:109E2000A563E56325646564A564E56425656565EA
:109E300070BD000010B50B4CFDF7DCFB00220A4B97
:109E4000C4E9040104F05CFF03D0D4E90401C4E9CF
:109E50000201D4E9020104F00DFDBDE81040F3F762
:109E6000EFBE0000F85700200000F0BF10B50B4C0B
:109E7000FDF7C0FB00220A4BC4E9040104F040FFD7
:109E800003D0D4E90401C4E90201D4E9020104F0D9
:109E9000F1FCBDE81040F4F759B80000F857002075
:109EA0000000F0BF70B501F039FA08B101F026FAF0
:109EB000FEF72CF808B1FDF7EFFFFDF789F9484DE3
:109EC000407995F8451088425CD1FEF703F84528A3
:109ED00036D019DC3D2833D012DC382830D008DCED
:109EE00001281ED0032826D0232824D0362849D183
:109EF00026E03A2824D03B2822D03C2842D11FE03B
:109F00003E3806283ED81BE046380F283AD2DFE814
:109F100000F0171717171717121717171717171714
:109F20001700FDF7ADFF0022A0211620FDF70CFD64
:109F300001F08CFC26E000210220F9F767FD21E00A
:109F400001F01AFA0B281DD1FDF7CAFF80682549D8
:109F500000698160FDF7C4FF806823490069C16022
:109F6000FDF7BEFF806804210069417100210220D5
:109F7000F9F74CFDFDF7DAFF01281ED00424FDF7A8
:109F8000AFFF4470FDF718F9407995F84510174C6C
:109F9000174D88421CD1FDF715F980B101F056FC30
:109FA000FDF76EFF134948686060686008782070AC
:109FB0002870BDE87040EBF79FBC0124DFE7EBF7AA
:109FC00093FCEBF7A7FCBDE870400C2001F05CBCF3
:109FD00001F03CFCFDF754FF606868602078E7E71B
:109FE00044560020E7090208E20902081C58002034
:109FF0001458002024580020064810B50078002886
:10A0000007D0F4F781F8F4F72FF8BDE8104003F01B
:10A010003DBC10BDF857002010B5FDF7F3FD00283A
:10A020000ED1084940F2DC52888B401C80B28883F4
:10A03000904205D300208883BDE81040FDF7EEBDB7
:10A0400010BD0000FA560020EEF732FDF2F79EFC3C
:10A05000F0F74EFBF0F7F4FAF0F7B4FCF0F7D0FCB1
:10A06000F0F79AFCFDF7E0FDF3F7B6FA00F002F81E
:10A07000FCE7000070B5FDF795FA38B1F5F730FC54
:10A0800004214D48EEF7C7FCEFF754FFFDF78CF8BD
:10A090004A4CE0B1F5F792FAFFF7AEFFFDF71AFF71
:10A0A0000025012812D103F067FC78B1FDF790F884
:10A0B00060B103F061FCA188491C89B2A180B1EBB9
:10A0C000500F04D3A580F2F73BFA00E0A580FDF71E
:10A0D00085F818B1F5F782FAFDF788F8FDF75CF816
:10A0E00018B1F5F763FAFFF7A5FEFFF751F9FDF791
:10A0F00073FA98B1F5F70AFCFDF7ECFE01280DD1D3
:10A1000001F00CF910B3FDF7EBFE80682C49806874
:10A11000884203D1FDF7B4FEF5F7CEFBFDF734F925
:10A1200018B1F5F763FAFEF79BFBF5F7ABF8FDF70F
:10A13000E7FEB0B1FDF7AAFEFDF7C6FE88B1F5F760
:10A140002FFCFDF7C7FE012803D00AE000F000F95C
:10A15000E4E7FDF7DBFE20B1607810B11948FDF7A8
:10A160003BFDFDF73FFA18B1F5F7D8FB04F0CEFA46
:10A17000FDF702FA18B1F5F797FBEDF723FFF5F7B6
:10A1800091F801F047F801F0D9F818B101F024F87E
:10A19000FFF788FE0C48007818B901F0C5F8EBF716
:10A1A0009DFD01F0D3F818B101F01EF801F024FB79
:10A1B000BDE87040F2F7BAB800000240F85700203E
:10A1C000CB0A02083E1602081458002010B5414C74
:10A1D00004F101012078401C10F0FF0222704FF0C2
:10A1E000000004D020700A7842F001020A70E2896F
:10A1F00040F2EF23521C92B2E2819A4204D3E081F2
:10A200000A7842F002020A70228A40F2D273521C8B
:10A2100092B222829A4204D320820A7842F0040247
:10A220000A70628A40F6CB13521C92B262829A4242
:10A2300004D360820A7842F080020A70A28A41F256
:10A240009813521C92B2A2829A4204D3A0820A7836
:10A2500042F010020A70E28A521C92B2E282B2F517
:10A26000BD6F04D9E0820A7842F008020A70228B9E
:10A27000521C92B22283FA2A04D320830A7842F035
:10A2800020020A70628940F21A53521C92B2628113
:10A290009A420AD360810A7842F040020A700E4A5C
:10A2A00011880A2901D8491C1180618B491C89B287
:10A2B0006183B1F57A7F0BD360832089401C80B223
:10A2C0002081B0F5807F03D103F0A8FD401D2081DF
:10A2D00010BD0000FA5600203455002002464021EF
:10A2E0000148EEF7A0BB00000004024002468021B6
:10A2F0000148EEF798BB00000004024080210148AD
:10A30000EEF784BB0004024000B585B080200090C9
:10A31000002001900120029002200390694602482B
:10A32000EEF792FA05B000BD0004024000B585B01A
:10A3300080200090012001900020029002200390D4
:10A3400069460248EEF780FA05B000BD00040240FD
:10A350002DE9F043314D0227DFF8C490288B87B0F8
:10A3600005F18C044FF00008092812D1FDF788FD93
:10A3700003F040FC08B1302000E02C20CDE904843B
:10A38000CDE90278CDE900980423264A2421EFF78D
:10A3900088FF224E8436B068B8B1F5F78DFA0222F4
:10A3A0000021A6F1760004F091F9A87B00EB4001B2
:10A3B00001EB0010242101EB4000B168087107B0E7
:10A3C0000020BDE8F04303F093BA85F80E80288B97
:10A3D00046460A2810D203F00DFC08B1362000E0F2
:10A3E0002C20CDE904641049CDE90016CDE90276B0
:10A3F00003230E4A24210EE003F0FCFB08B13020B9
:10A4000000E02C20CDE90464CDE90276CDE9009688
:10A410000423044A2421EFF744FFD0E71C55002011
:10A42000CF0A0208CB0A0208A90C0208A60C0208EF
:10A4300070B500F0A1FF714C0B2804F1080570D035
:10A440001FDC022853D0042871D008286BD1A079D2
:10A45000032868D1F5F76AFAFCF7AEFE40790128C7
:10A460005CD0FCF7AFFE0021E9F7FAF8FCF7A4FE98
:10A470004079012858D0FCF7A5FEBDE87040EBF705
:10A48000BCBB0C2818D0122871D013284BD1A0794E
:10A49000062848D1E079082845D1207A332842D1CE
:10A4A000F5F744FAFDF716FD03283CD1BDE87040EE
:10A4B00001210220F9F7AABAA079032833D101209B
:10A4C000EAF7ECFF00F012FFFCF776FE4079012876
:10A4D0000AD0FCF777FE294600F0B0F8FCF76CFED6
:10A4E000BDE8704000F04EBAFCF766FEF3E7A079D5
:10A4F000032871D1F5F71AFAFCF75EFE40790128BE
:10A5000009D0FCF75FFE00F07FF8FCF755FEBDE8D0
:10A51000704000F015BAFCF74FFEF4E7FCF74CFE74
:10A52000A1E728E003E057E0FCF746FEA5E7A079A5
:10A53000032851D1E07906284ED1F5F7F7F9FCF759
:10A540003BFE407901280FD0FCF73CFE294600F085
:10A5500075F8FCF731FE4079012809D0FCF732FE8E
:10A56000BDE87040EBF742BBFCF726FEEEE734E0B7
:10A57000FCF722FEF4E7A07906282DD1E07908281F
:10A580002AD1207A082827D1F5F7D0F9FDF7A2FCC7
:10A59000032805D03C2803D03D2801D03E281BD1FC
:10A5A00001210220F9F732FAFDF79AFC806814497C
:10A5B0000069006900698160FDF792FC80681149BB
:10A5C000006900690069C160FDF78AFC80680421A8
:10A5D000006900690069417170BDA0790628FBD14E
:10A5E000E0790828F8D1207A0B28F5D1F5F79EF903
:10A5F000FDF770FC35283FF459AF70BD445600207C
:10A60000D3090208D7090208002815D04C2100F808
:10A61000551F482141702D2282704422C270702241
:10A6200002714171302383713723C3715F23037239
:10A63000427281722021C172704700002DE9FE4FE5
:10A64000040078D04A7862F307000A7862F30F209A
:10A65000CA7880B262F307058A7862F30F254A79D7
:10A66000097962F3070661F30F2605F023F87A49AA
:10A6700004F00AFF2067A8B205F01CF8774D2946C0
:10A6800004F002FFA06630B204F0FCFF294604F09B
:10A69000FBFE0025E566A06704F05CFECDE9000145
:10A6A0006FA2082104F13E00E5F726FF03F0AAFBA4
:10A6B000A8B1A06E04F04EFE6B4A6C4B04F020FC77
:10A6C00000226B4B04F008F904F0D4F86949A06645
:10A6D000884203DC4FF08441884200DAA16620788A
:10A6E00004F12A08420704F1300704F1370624D5A3
:10A6F00020F004002070206F6061A06E04F02AFE3C
:10A70000CDE900015CA206214046E5F7F5FEE06ECA
:10A7100004F020FECDE9000159A207213846E5F7F3
:10A72000EBFE206F04F016FECDE900014CA20721DC
:10A730003046E5F7E1FEBDE8FE8F216FA06804F02A
:10A7400035FEA060E16EE06804F030FEE060A16ECE
:10A75000206904F02BFE20612046EAF757F8206FAD
:10A760006061E079401CC0B2E0710328E3D304F0DB
:10A77000A1FF81464946206904F086FE02904946C1
:10A78000E06804F081FE83464946A06804F07CFE40
:10A79000824603F083FADFF8F09088B303F02CFBD5
:10A7A00002282ED399F8001004F19C0001904A462B
:10A7B0000C3804F1A809009049B115700098F5F71C
:10A7C000FDF80198F5F7FAF84846F5F7F7F851461D
:10A7D0000098F5F726F959460198F5F722F9484609
:10A7E0000299F5F71EF94846F5F7FEF80290009831
:10A7F000F5F7FAF882460198F5F7F6F8834603E094
:10A80000FFE7012189F800102046EBF79AF8E8B934
:10A81000029804F09FFDCDE9000117A206214046F1
:10A82000E5F76AFE584604F095FDCDE9000114A253
:10A8300007213846E5F760FE504604F08BFDCDE970
:10A84000000107A207213046E5F756FEE571A56035
:10A85000E56025616FE700000000C842000020416C
:10A8600025352E3266000000CDCCCCCCCCCCFC3FC4
:10A870000000404000000C4325352E3166000000EA
:10A8800025362E32660000001058002010B5002832
:10A8900019D00D4801220B0A00F8452F06224270FC
:10A8A00008228270C2700371417100F8422C064880
:10A8B00011464530F1F7B6FF00F0C0FFBDE810408B
:10A8C0000B2000F0E7BF10BD4456002010B5002853
:10A8D00019D00D480122062100F8452F332341707D
:10A8E00008218170C37000230371427100F8421C7B
:10A8F00005484530F1F796FF00F0A0FFBDE8104095
:10A90000132000F0C7BF10BD445600200B4810B5FF
:10A91000012100F8451F03234370082181700022A4
:10A92000C2700271437100F8421C04484530F1F7CF
:10A9300079FFBDE810400C2000F0ACBF4456002069
:10A9400010B500281AD00E4801217C2200F8451FBE
:10A950000321417008218170C2700022027102221D
:10A96000427100F8421C06484530F1F75BFF00F0E9
:10A9700065FFBDE81040082000F08CBF10BD00004E
:10A980004456002010B5002818D00D48012103239B
:10A9900000F8451F0821437081700022C2700271C7
:10A9A000437100F8421C06484530F1F73BFF00F0C8
:10A9B00045FFBDE81040022000F06CBF10BD000054
:10A9C0004456002010B5002816D00C48012103235E
:10A9D00000F8451F0821437081700022C270027187
:10A9E000437100F8421C05484530F1F71BFFBDE8F4
:10A9F0001040042000F04EBF10BD0000445600205F
:10AA000010B500281AD00E4801220B2300F8452F5C
:10AA10000622427008228270C3700B0A03714171D2
:10AA200000F8422C064811464530F1F7FBFE00F0D5
:10AA300005FFBDE81040122000F02CBF10BD000043
:10AA40004456002070B500F097FC6D4C0B2804F1C3
:10AA500008056FD01FDC022850D0042873D00828C6
:10AA60006AD1A079042867D1F4F760FFFCF7A4FB52
:10AA700040795C2861D0FCF7A5FB294603F02EFC49
:10AA8000FCF79AFB40795C285AD0FCF79BFBBDE8A9
:10AA90007040EBF7B2B80C2815D0122873D01328E9
:10AAA0004AD1E0799C2847D1207A512844D1F4F743
:10AAB0003DFFFDF70FFA03283ED1BDE870400121AC
:10AAC0000220F8F7A3BFA079042835D15C20EAF76B
:10AAD000E5FC00F00BFCFCF76FFB40795C280AD02A
:10AAE000FCF770FB294600F091F8FCF765FBBDE828
:10AAF000704000F047BAFCF75FFBF3E7A079042849
:10AB000071D1E0790C286ED1F4F710FFFCF754FBFB
:10AB100040795C280BD0FCF755FB0C22294603F04A
:10AB2000F2FBFCF749FBBDE8704000F009BAFCF706
:10AB300043FBF2E72BE006E055E0FCF73DFB9CE72A
:10AB4000FCF73AFBA3E7A07904284CD1E079102860
:10AB500049D1F4F7EBFEFCF72FFB40795C280FD0CE
:10AB6000FCF730FB294600F051F8FCF725FB407953
:10AB70005C2809D0FCF726FBBDE87040EBF736B83F
:10AB8000FCF71AFBEEE72FE0FCF716FBF4E7A079E1
:10AB9000102828D1E0799C2825D1F4F7C7FEFDF7CD
:10ABA00099F93C2803D03D2801D03E281BD1012132
:10ABB0000220F8F72BFFFDF793F98068114900692F
:10ABC000006900698160FDF78BF980680E490069B2
:10ABD00000690069C160FDF783F98068042100699C
:10ABE00000690069417170BDE0799C28FBD1F4F7E0
:10ABF0009DFEFDF76FF935283FF45FAF70BD000093
:10AC000044560020D3090208D70902082DE9FE4F57
:10AC1000040078D0487884F87000087884F87100CF
:10AC2000C87884F87200887884F87300487984F8CA
:10AC30006800087984F86900C87984F86A0088791E
:10AC400084F86B00487B84F87800087B84F87900EE
:10AC5000C87B84F87A00887B84F87B000025E56651
:10AC60007149A06F04F06EFD04F074FBCDE90001A2
:10AC70006EA2082104F13E00E5F73EFC03F0C2F8A5
:10AC8000A8B1A06E04F066FB6A4A6B4B04F038F979
:10AC900000226A4B03F020FE03F0ECFD6849A06639
:10ACA000884203DC4FF08441884200DAA1662078B4
:10ACB00004F12A08420704F1300704F1370624D5CD
:10ACC00020F004002070206F6061A06E04F042FB51
:10ACD000CDE9000155A206214046E5F70DFCE06EE6
:10ACE00004F038FBCDE9000156A207213846E5F70C
:10ACF00003FC206F04F02EFBCDE900014BA20721DD
:10AD00003046E5F7F9FBBDE8FE8F216FA06804F03F
:10AD10004DFBA060E16EE06804F048FBE060A16ECE
:10AD2000206904F043FB20612046E9F76FFD206FA6
:10AD30006061E079401CC0B2E0710328E3D304F005
:10AD4000B9FC81464946206904F09EFB02904946C1
:10AD5000E06804F099FB83464946A06804F094FB40
:10AD6000824602F09BFFDFF8E49088B303F044F8DA
:10AD700002282ED399F8001004F19C0001904A4655
:10AD80000C3804F1A809009049B115700098F4F747
:10AD900015FE0198F4F712FE4846F4F70FFE5146EF
:10ADA0000098F4F73EFE59460198F4F73AFE4846FB
:10ADB0000299F4F736FE4846F4F716FE0290009822
:10ADC000F4F712FE82460198F4F70EFE834603E084
:10ADD000FFE7012189F800102046EAF7B2FDE8B943
:10ADE000029804F0B7FACDE9000110A2062140460E
:10ADF000E5F782FB584604F0ADFACDE9000111A257
:10AE000007213846E5F778FB504604F0A3FACDE970
:10AE1000000106A207213046E5F76EFBE571A5604B
:10AE2000E56025616FE7000000007A4425352E3289
:10AE300066000000CDCCCCCCCCCCFC3F0000404028
:10AE400000000C4325362E3266000000105800200A
:10AE500010B500281BD00E485C2100F8451F0621C4
:10AE600041709C2181705121C1700021017101212B
:10AE70004171082100F8421C05484530F1F7D2FC29
:10AE800000F0DCFCBDE81040132000F003BD10BD55
:10AE9000445600201CB50C46002832D06846F1F715
:10AEA0009FFADDE90001F4F721FE164A5C2102F861
:10AEB000451F102151709C2191706221D170002199
:10AEC00011710421517108219171010AD17110721F
:10AED000010E5172000C9072200AD0721473200E71
:10AEE0005073200C90730748112102F8421C453022
:10AEF000F1F798FC00F0A2FCBDE81C400B2000F02C
:10AF0000C9BC1CBD445600200C4810B55C2100F89B
:10AF1000451F04214170752181706921C170002194
:10AF200001710821417100F8421C04484530F1F7D5
:10AF300079FCBDE810400C2000F0ACBC4456002069
:10AF400010B500281BD00E485C2100F8451F0421D5
:10AF50004170752181704521C1700021017101216D
:10AF60004171082100F8421C05484530F1F75AFCB0
:10AF700000F064FCBDE81040082000F08BBC10BD60
:10AF80004456002010B500281BD00E485C2100F864
:10AF9000451F04214170752181703021C17000214D
:10AFA000017106214171082100F8421C0548453015
:10AFB000F1F738FC00F042FCBDE81040022000F040
:10AFC00069BC10BD4456002010B5002818D00D48AB
:10AFD0005C2100F8451F04214170752181706921B1
:10AFE000C170002101710821417100F8421C05481F
:10AFF0004530F1F717FCBDE81040042000F04ABCD2
:10B0000010BD0000445600201CB50C46002832D06C
:10B010006846F1F7E5F9DDE90001F4F767FD164A46
:10B020005C2102F8451F102151709C21917066210E
:10B03000D170002111710421517108219171010A0F
:10B04000D1711072010E5172000C9072200AD072F0
:10B050001473200E5073200C90730748112102F8CE
:10B06000421C4530F1F7DEFB00F0E8FBBDE81C4078
:10B070000B2000F00FBC1CBD4456002010B500286A
:10B0800027D0144A40F8681F5C2102F8451F1021A0
:10B0900051709C2191707A21D1700021117102218F
:10B0A0005171042191714178D17101781172C17887
:10B0B00051728078907207480D2102F8421C453089
:10B0C000F1F7B0FB00F0BAFBBDE81040122000F031
:10B0D000E1BB10BD445600201CB50C46002832D000
:10B0E0006846F1F77DF9DDE90001F4F7FFFC164A47
:10B0F0005C2102F8451F102151709C2191706A213A
:10B10000D170002111710421517108219171010A3E
:10B11000D1711072010E5172000C9072200AD0721F
:10B120001473200E5073200C90730748112102F8FD
:10B13000421C4530F1F776FB00F080FBBDE81C4077
:10B140000B2000F0A7BB1CBD4456002010B5C478EE
:10B1500001220F4B072C0CD2196059605868006906
:10B1600058600069884203D0521CD2B2072AF5D336
:10B1700010BD5860186049691868406918604069D6
:10B180008842F5D0521CD2B2072AF5D310BD000078
:10B19000B855002010B5014608224FF6FF7407E0AD
:10B1A00004EA410100F00103521E1943D2B24008E3
:10B1B0000028F5D19140C8B210BD000002480178C6
:10B1C00021F004010170704744560020014900201D
:10B1D00008707047405600200248017821F01001A5
:10B1E00001707047445600200248017821F00801A0
:10B1F0000170704744560020014900208870704754
:10B20000445600200248017821F002010170704785
:10B210004456002010B500F0A1F8002862D0FFF7D6
:10B22000F1FF314C217905295CD3601DE9F7D6FA8D
:10B23000002857D060795A2828D016DC22281DD043
:10B2400009DC01283ED0092844D00A284AD1BDE8AB
:10B250001040E8F701B9342830D04A2812D05128DC
:10B2600040D1BDE81040EAF771BB5B38072839D2FE
:10B27000DFE800F01C182010142C3400BDE810404A
:10B28000EFF748BCBDE81040E7F75EBEBDE81040F0
:10B29000EBF764B8BDE81040F0F740B8BDE81040E7
:10B2A000E8F70ABEBDE81040FFF7CCBBBDE8104090
:10B2B000F1F72ABCBDE81040ECF7FAB8BDE8104041
:10B2C000EBF7BCBCBDE81040FFF7B2B8BDE81040DA
:10B2D000E9F70EBCBDE81040F0F750BDBDE81040E6
:10B2E000E7F72CBA10BD0000445600200248417810
:10B2F000491C4170704700004456002002484178C4
:10B30000491E4170704700004456002002480078F2
:10B31000C0F3800070470000445600200148407888
:10B32000704700004456002000487047185800201D
:10B33000014800787047000040560020024800781D
:10B34000C0F3001070470000445600200248007807
:10B35000C0F3C00070470000445600200248007847
:10B36000C0F34000704700004456002001480078B8
:10B370007047000014580020014890F8850070477D
:10B380004456002038B5044601680D48814215D165
:10B390000868486800902046EEF7B7FA0948006848
:10B3A0004068094BC0F14000187100F065FA402276
:10B3B000591D2046BDE83840EEF7FEBC38BD000000
:10B3C00000480040945A0020445600207047000076
:10B3D0002DE9F0410024FBF7EFFE0126FE4F00258A
:10B3E000E8B3FBF7EFFED0B302F012FD00281FD048
:10B3F000787BA8B10020787390B3FBF7DDFE40792D
:10B400005A281FD015DC22286CD00BDC01286AD00A
:10B41000092869D00A2868D1FBF7DAFE0A211DE065
:10B420000120E8E734286FD04A2814D051285CD195
:10B4300072E05B38072858D2DFE800F08E86947AF5
:10B440008017B300387B70B33D73FBF7C1FEBDE8D6
:10B45000F041EBF7E9BAFBF7BBFE4A2101E023E03C
:10B460000CE0BDE8F041E8F77FBC387BC8B33D7322
:10B47000FBF7AEFEBDE8F041E9F7A8BEFBF7A2FE80
:10B4800040795A28DED003DC22284BD0CADCBDE745
:10B49000A0F15B00072828D2DFE800F05E56644A7E
:10B4A00050048300E1E730E0FBF786FE10B1FBF7C4
:10B4B00089FE20B102F0ACFC00287DD032E102F020
:10B4C000A7FC48B3787B88B100207873E8B3FBF71A
:10B4D00073FE40795A28B5D00BDC222822D0A1DC9B
:10B4E00094E751E01EE049E055E085E04FF00100AF
:10B4F000EBE7A0F15B0007287ED2DFE800F02D2506
:10B5000033191F045200B0E732E03E73FBF760FED0
:10B51000BDE8F041EBF7E6B9FBF75AFEBDE8F041B4
:10B52000EAF700BEFBF754FEBDE8F041EFF77CBE42
:10B53000FBF74EFEBDE8F041F0F798BAFBF748FE86
:10B54000BDE8F041E9F732B800E030E0FBF740FE3B
:10B55000BDE8F041FFF738BDFBF73AFEBDE8F0412A
:10B56000F1F784BDFBF734FEBDE8F041ECF796BA85
:10B57000FBF72EFEBDE8F041EBF700BFFBF728FE1E
:10B58000BDE8F041FFF71EBA3E73FBF721FEBDE8B0
:10B59000F041E9F73BBEFBF71BFEBDE8F041F0F7D9
:10B5A00047BDFBF715FEBDE8F041E7F7DFBBF87AD2
:10B5B000401CC0B2F87200E0B0E0012807D1FBF7F0
:10B5C000FBFD4079512802D00124EAF729FDF87AE1
:10B5D000022807D1FBF7F0FD40795A2802D0012458
:10B5E000EBF7A0F9F87A032809D1FBF7E5FD4079DC
:10B5F000222804D0012400E08EE0EFF7B5FDF87AB0
:10B60000042807D1FBF7D8FD40795E2802D0012439
:10B61000F0F7CAF9F87A052808D1FBF7CDFD407993
:10B620000A2803D001240A20E8F72CFBF87A062820
:10B6300007D1FBF7C1FD40795F2802D00124E8F76C
:10B6400051FFF87A072807D1FBF7B6FD40795C284F
:10B6500002D00124FFF758FCF87A082807D1FBF73D
:10B66000ABFD40795B2802D00124F1F79FFCF87A0A
:10B67000092807D1FBF7A0FD40795D2802D00124FD
:10B68000ECF7ACF9F87A0A2807D1FBF795FD407979
:10B69000342802D00124EBF711FEF87A0B2807D1E9
:10B6A000FBF78AFD4079012802D00124FFF72EF92B
:10B6B000F87A0C2807D1FBF77FFD4079602802D08B
:10B6C0000124E9F723FDF87A0D2807D1FBF774FD73
:10B6D0004079092802D00124F0F78EFCF87A0E2870
:10B6E00007D1FBF769FD4079612802D00124E7F713
:10B6F000DDFAF87A0F280CD1FBF75EFD40794A2875
:10B7000003D001244A20E8F7BDFAF87A0F2800D1C7
:10B71000FD72002C3FF44BAFBDE8F081BDE8F04175
:10B72000EAF77EBCF87A401CC0B2F872012802D158
:10B730000124EAF775FCF87A022802D10124EBF71C
:10B74000F1F8F87A032802D10124EFF70DFDF87A19
:10B75000042802D10124F0F727F9F87A052803D14B
:10B7600001240A20E8F78EFAF87A062802D101248B
:10B77000E8F7B8FEF87A072802D10124FFF7C4FBE6
:10B78000F87A082802D10124F1F710FCF87A092888
:10B7900002D10124ECF722F9F87A0A2802D1012417
:10B7A000EBF78CFDF87A0B2802D10124FFF7AEF8F5
:10B7B000F87A0C2802D10124E9F7A8FCF87A0D28C0
:10B7C00002D10124F0F718FCF87A0E2802D10124E6
:10B7D000E7F76CFAF87A01E01C5500200F2807D132
:10B7E00001244A20E8F74EFAF87A0F2800D1FD72BA
:10B7F000002C97D090E700000F4A10B592F8850012
:10B800000C280DD09078401CC0B29070042807D34B
:10B81000FFF7D4FC00209070BDE8104000F01CB889
:10B82000FFF774FD20B99078012801D1FFF7D0FD12
:10B83000BDE8104000F054B844560020024801789A
:10B8400041F0040101707047445600200149012075
:10B8500008707047405600200248017841F01001FE
:10B8600001707047445600200248017841F00801F9
:10B8700001707047445600200248017841F00201EF
:10B88000017070474456002001490870704700005D
:10B8900014580020014981F8850070474456002063
:10B8A00006494888401C80B24880B0F5487F03D3E1
:10B8B00000204880FFF7D8BF7047000040560020A6
:10B8C000064941F88C0F0068C26842F01002C2605D
:10B8D00051F887094022EEF76FBA00004456002065
:10B8E0002DE9F0410122124F160331463846EDF79B
:10B8F0009AF84FF47A7425466D1E2D042D0CFBD159
:10B900000C4DC82305F14501EA78D5F88C00EEF717
:10B9100075FA287840F001002870641E2404240C75
:10B92000FBD131463846BDE8F0410022EDF77BB847
:10B9300000080240445600202DE9FE4FF74FF8481A
:10B9400007F1840597F800C039460378F54EDFF813
:10B95000D8A3E868C969ACF1030C4FF0640B4FF051
:10B96000040905F10C02BCF1520F72D2DFE81CF0A1
:10B97000520071007100710071007100710071005E
:10B98000C0007100F8001A01710071002F016601FA
:10B9900000019B017100A301710071007100B701EA
:10B9A00071007100C401BC010902620271007100E2
:10B9B0004302710071005A0857038A037100820321
:10B9C000CC01E801600371007100A9037A03BF0391
:10B9D000ED02A608690502077B07D3077100F0098D
:10B9E000290A600AA70AEE0AB900330B5D0B870B20
:10B9F000B10BDB0B2F0C720CB40C210DDF06050C08
:10BA0000F70C650D800DA90DD20D380EFC0DFC0D47
:10BA1000380E7F0EF3F7C4FFFBF7DAFB40795A28A4
:10BA20002CD018DC22281ED009DC01284AD0092895
:10BA300052D00A280DD1FBF7CBFB0A211BE034289A
:10BA40003AD04A2814D0512803D1FBF7C1FBE9F7BB
:10BA50005BFFBDE8FE8F5B380628FAD2DFE800F016
:10BA6000221D27131837FBF7B3FBEFF72BFBF0E78B
:10BA7000FBF7AEFB4A21E8F7C3F8EAE7FBF7A8FBC0
:10BA8000EAF7DCFEE5E7FBF7A3FBEFF731FFE0E7C2
:10BA9000FBF79EFBE8F7CAFCDBE7FBF799FBFFF738
:10BAA000D7F9D6E7FBF794FBF1F724FAD1E7FBF7D8
:10BAB0008FFBEBF737FFCCE7FBF78AFB3021EBF787
:10BAC0007DFCC6E7FBF784FBFEF700FFC1E7FBF751
:10BAD0007FFBE9F78BFABCE7FBF77AFBF0F76AFA32
:10BAE000B7E7F3F75DFFFBF773FBE8F72DFEB0E771
:10BAF00001218DF8041080696421F0F772F842F298
:10BB00001076B0FBF6F18DF80610B0FBF6F106FBEF
:10BB100011015C46B1FBF4F18DF80510B0FBF4F1B6
:10BB20000BFB11008DF80300E8686421006980694F
:10BB3000F0F757F8B0FBF6F18DF80210B0FBF6F114
:10BB400006FB1101B1FBF4F18DF80110B0FBF4F12B
:10BB500004FB11008DF800006846EEF7A8F978E7BD
:10BB6000884201D1012000E0002002F097FA5EE255
:10BB7000884201D1012000E0002002F0E3FAF0F752
:10BB80005FFE02F03DF8694B08B1012200E000229F
:10BB90004FF400611846ECF746FF00211320FCF734
:10BBA0000DFA56E7884201D100200DE002698A4271
:10BBB00001D1052008E012698A4201D10A2003E080
:10BBC00040698842D3D1142002F0D0F9CFE7006950
:10BBD0000A2100698069F0F704F803F041F90022B6
:10BBE000534B02F035FF04460D46F2F73DFA22466C
:10BBF0002B4603F0B9FA02F03DFE02F015F9F0F71A
:10BC00001FFEFBF7E5FA407951280CD05A28A6D13F
:10BC10002046294602F02EFE0446FBF7D9FA2146BB
:10BC2000EAF722FF15E72046294602F023FE0446E4
:10BC3000FBF7CEFA2146EAF707FB0AE700690A217B
:10BC400000698069EFF7CDFF03F00AF90022394B54
:10BC500002F0FEFE04460D4602F00CFE02F0D2FA9F
:10BC6000F0F7EEFD02F080F801F030FEFBF7B0FADD
:10BC7000407951280CD05A2893D12046294602F009
:10BC8000F9FD0446FBF7A4FA2146EAF71BFFE0E6BC
:10BC90002046294602F0EEFD0446FBF799FA2146BC
:10BCA000EAF700FBD5E680690021EFF79AFFC0B202
:10BCB00002F0F6FA5BE78842B4D1F3F79FFC02F09A
:10BCC00001FB3CE1FBF784FAE9F73BFE0028A9D031
:10BCD000F3F77CFCFBF77CFAE9F7FBFFB9E679792F
:10BCE0000020FEF72BF8B4E6884201D1012000E0E5
:10BCF000002002F02DFA3AE7884201D1012000E04D
:10BD0000002002F097F832E7F3F74AFEFBF760FAFB
:10BD1000E968FA6991420FD101210EE01C5500201B
:10BD200014580020E20902080000204100000240EF
:10BD300000005940000024400021E7F749FB88E655
:10BD4000F3F72EFEE8680A2100698069EFF749FFE2
:10BD50000446C0B202F0B0FA601FFA2805D8FBF71B
:10BD600037FAA1B2E7F756FB73E6A868FE49006907
:10BD70008160A8680069C660A868016981F80590BB
:10BD80009AE10C2B96D2DFE803F0060A0E12161A7F
:10BD90001E22262A2E32002002F050F9E7E600206B
:10BDA00002F076F9E3E6002002F06CF9DFE600200D
:10BDB00002F056F9DBE6002002F046F9D7E6002053
:10BDC00002F05AF9D3E6002002F050F9CFE6002045
:10BDD00002F040F9CBE6002002F01EF9C7E6002091
:10BDE00002F026F9C3E6002002F010F9BFE60020B9
:10BDF00002F018F9BBE6F3F7D3FDFFF795FA014619
:10BE0000B86CE9F78FFD0446E868642100690069B1
:10BE100000698069EFF7E5FE5946B0FBF1F20BFBD4
:10BE20001202B0FBFBF042EA0010C1B22046EAF772
:10BE300099F90EE60C2B11D2DFE803F006111C591C
:10BE40002D38434E595F6A75884201D1002003E0C6
:10BE50004069884271D1022002F058F86DE08842B2
:10BE600001D1002003E04069884266D1022002F03F
:10BE700077F862E0884201D1002003E040698842FF
:10BE80005BD1022002F066F857E0002000E00220BB
:10BE900002F02AF851E0884201D1002003E0406915
:10BEA00088424AD1022002F037F846E0884201D1A8
:10BEB000002003E0406988423FD1022002F044F8AC
:10BEC0003BE0884201D1002003E04069884234D140
:10BED000022002F033F830E0884201D1002003E074
:10BEE0004069884229D1022002F01CF825E08842EE
:10BEF000CBD040698842CAD01FE0884201D10020DF
:10BF000003E04069884218D1022001F0F9FF14E0F3
:10BF1000884201D1002003E0406988420DD102200F
:10BF200001F0DCFF09E0884201D1002003E0406914
:10BF3000884202D1022001F0DDFFF0F781FCFBF71F
:10BF400047F900287FF4BEAE83E50C2B6FD2DFE803
:10BF500003F0060E161E262E363E464E565E012075
:10BF600001F0D4FFF869C07801F088FFFFE50120F7
:10BF700001F0F6FFF869C07801F0AAFFF7E50120AB
:10BF800001F0E8FFF869C07801F09CFFEFE50120BF
:10BF900001F0CEFFF869C07801F082FFE7E50120EB
:10BFA00001F0BAFFF869C07801F06EFFDFE501200B
:10BFB00001F0CAFFF869C07801F07EFFD7E50120E3
:10BFC00001F0BCFFF869C07801F070FFCFE50120F7
:10BFD00001F0A8FFF869C07801F05CFFC7E5012017
:10BFE00001F082FFF869C07801F036FFBFE501205B
:10BFF00001F086FFF869C07801F03AFFB7E501204B
:10C0000001F06CFFF869C07801F020FFAFE5012076
:10C0100001F070FFF869C07801F024FFA7E58842BD
:10C0200001D0012000E0002002F086F89FE507E241
:10C0300080696421EFF7D5FD5946B0FBF1F24FF46A
:10C0400061635A43B0FBFBF30BFB1300C0EB001022
:10C0500002EB800080B201F0F3FEF0F7F1FBF3F7A2
:10C0600047FCF6E4884201D1012000E0002002F004
:10C070007BF87CE5884201D1012000E0002002F03D
:10C080006DF8DDE1FBF7A4F8B0B1FBF7A1F8E968C2
:10C09000FA69914202D14FF4807101E040F6FF71DC
:10C0A000A0F86610FBF794F8B0F86640FBF790F83C
:10C0B0002146E9F7CBF8CCE400210220F7F7A6FCF3
:10C0C000C7E4884201D1012000E0002002F0EEF830
:10C0D000E868F969884201D1012000E000208DF86C
:10C0E00008000122D10202A8F1F77AFBA8E10C2B8B
:10C0F00084D2DFE803F006284D6F91B3D5FCFAF93E
:10C10000F8F7012001F09AFFF3F738FA002885D0FC
:10C11000E8680A218069EFF764FD03F0CBFA544622
:10C12000514603F0B1F902F03DF8E8680A210069D0
:10C130008069EFF756FD03F0BDFA214603F0A4F93C
:10C1400001F034FF7CE1012001F0A2FFF3F716FAC1
:10C1500000288ED0E8680A218069EFF742FD03F0DD
:10C16000A9FA5446514601E0E709020803F08CF9A8
:10C1700002F042F8E8680A2100698069EFF731FDB2
:10C1800003F098FA214603F07FF901F039FF57E1F7
:10C19000012001F077FFF3F7F1F90028A6D0E86855
:10C1A0000A218069EFF71DFD03F084FA54465146D9
:10C1B00003F06AF902F01AF8E8680A210069806958
:10C1C000EFF70FFD03F076FA214603F05DF901F079
:10C1D00011FF35E1012001F043FFF3F7CFF900280B
:10C1E00084D0E8680A218069EFF7FBFC03F062FA6B
:10C1F0005446514603F048F901F0E6FFE8680A2189
:10C2000000698069EFF7EDFC03F054FA214603F072
:10C210003BF901F0DDFE13E1012001F015FFF3F71A
:10C22000ADF900288ED0E8680A218069EFF7D9FCC3
:10C2300003F040FA5446514603F026F901F0B8FFE6
:10C24000E8680A2100698069EFF7CBFC03F032FA55
:10C25000214603F019F901F0AFFEF1E0012001F0F1
:10C260000BFFF3F78BF9002891D0E8680A21806969
:10C27000EFF7B7FC03F01EFA5446514603F004F9F9
:10C2800001F0AEFFE8680A2100698069EFF7A9FCB8
:10C2900003F010FA214603F0F7F801F0A5FECFE015
:10C2A000012001F0E3FEF3F769F9002891D0E86876
:10C2B0000A218069EFF795FC03F0FCF954465146DA
:10C2C00003F0E2F801F086FFE8680A21006980695E
:10C2D000EFF787FC03F0EEF9214603F0D5F801F003
:10C2E0007DFEADE08BE068E045E022E0FFE7012065
:10C2F00001F0B0FEF3F742F900288CD0E8680A217B
:10C300008069EFF76EFC03F0D5F95446514603F00F
:10C31000BBF801F053FFE8680A2100698069EFF774
:10C3200060FC03F0C7F9214603F0AEF801F04AFEC5
:10C3300086E0012001F070FEF3F720F900288CD090
:10C34000E8680A218069EFF74CFC03F0B3F9544622
:10C35000514603F099F801F013FFE8680A210069DB
:10C360008069EFF73EFC03F0A5F9214603F08CF855
:10C3700001F00AFEEAE3012001F05AFEF3F7FEF8AD
:10C3800000288CD0E8680A218069EFF72AFC03F0C6
:10C3900091F95446514603F077F801F0FDFEE86844
:10C3A0000A2100698069EFF71CFC03F083F921463C
:10C3B00003F06AF801F0F4FDC8E3012001F026FE65
:10C3C000F3F7DCF800288CD0E8680A218069EFF7E1
:10C3D00008FC03F06FF95446514603F055F801F09C
:10C3E000C9FEE8680A2100698069EFF7FAFB03F0EB
:10C3F00061F9214603F048F801F0C0FDA6E30120F1
:10C4000001F010FEF3F7BAF8002891D0E8680A218D
:10C410008069EFF7E6FB03F04DF95446514603F00F
:10C4200033F801F0B3FEE8680A2100698069EFF78C
:10C43000D8FB03F03FF9214603F026F801F0AAFDEE
:10C4400084E3F3F7ADFAE8680A2100698069EFF741
:10C45000C8FB044601F0D6FCF94DFA4E80B1FAF75C
:10C46000B7FE40795A38062818D8A4F5486002F07B
:10C47000F7FC2A46334602F0EBFA02F0ADFC044624
:10C48000FEF774FF0C28BFF40DACDFE800F00A31B2
:10C49000060650067B0606A2B7CC1FE4A4F5A070E2
:10C4A000E5E7FAF795FE4079512811D05A28F4D1E2
:10C4B000204602F0D5FC0022E34B02F0C9FA02F05C
:10C4C000D9F90446FAF784FE2146EAF729FB05E488
:10C4D000204602F0C5FC0022DC4B02F0B9FA02F063
:10C4E000C9F90446FAF774FE2146E9F709FF26E484
:10C4F000FAF76EFE4079012813D00B28F7D05C289C
:10C50000F5D1204602F0ACFC0022CF4B02F0A0FA9D
:10C5100002F0B0F90446FAF75BFE2146FEF7AEFDE5
:10C520000DE4FAF755FEA1B2FEF76AFA07E4FAF74E
:10C530004FFE40790228DAD01328D8D0342811D001
:10C540005D28D4D1204602F08BFC0022BE4B02F0C5
:10C550007FFA02F08FF90446FAF73AFE2146EBF72C
:10C56000BDFA66E4204602F07BFC0022B74B02F0E5
:10C570006FFA02F07FF90446FAF72AFE2146EAF73D
:10C580003DFF56E4FAF724FE4079222811D05E28B8
:10C59000E7D1204602F064FC0022AB4B02F058FACF
:10C5A00002F068F90446FAF713FE2146EFF7B8FAED
:10C5B0003FE4204602F054FC0022A44B02F048FA6B
:10C5C00002F058F90446FAF703FE2146EEF778FE2A
:10C5D0002FE4FAF7FDFD40796028C2D1204602F031
:10C5E0003FFC0022984B02F033FA02F043F9044674
:10C5F000FAF7EEFD2146E8F797FE1AE4FAF7E8FDB0
:10C6000040796128ADD1204602F02AFC00228E4BF1
:10C6100002F01EFA02F02EF90446FAF7D9FD21467F
:10C62000E6F7C4FB05E4FAF7D3FD40794FF0844701
:10C630000A2813D04A2844D05F2892D1204602F01D
:10C640000FFC0022804B02F003FA02F013F90446BB
:10C65000FAF7BEFD2146E8F703F875E401F0D2FBD6
:10C6600090B1FAF7B5FD806E394603F073F902F028
:10C6700071FE2A46334602F0EBF90022734B02F0BA
:10C680003FFC02F079FB07E0FAF7A2FD806E51460D
:10C6900003F058F802F0BAFF201A04B2FAF798FD36
:10C6A000D0F8845004EB8400400002F0EBFF2946F0
:10C6B00002F07CFE02F0AAFF04B2FAF789FD0A221A
:10C6C00031E001F09FFB90B1FAF782FD806E3946B0
:10C6D00003F040F902F03EFE2A46334602F0B8F974
:10C6E00000225A4B02F00CFC02F046FB07E0FAF77E
:10C6F0006FFD806E514603F025F802F087FF201A87
:10C7000004B2FAF765FDD0F8845004EB84004000D1
:10C7100002F0B8FF294602F049FE02F077FF04B2AA
:10C72000FAF756FD4A222146E7F75AFB0CE4F3F7E5
:10C7300037F9E8680A218069EFF753FA0446FAF7F7
:10C7400047FDA0F86640FAF743FD40790A2805D175
:10C75000FAF73EFDA1B20A22E7F774FAFAF738FDBC
:10C7600040794A28E2D1FAF733FDA1B24A22E7F72D
:10C7700069FA76E47B74002BFBD11046EFF79AFC44
:10C78000002285217320FBF7DFF8387C012802D0D6
:10C790000A2803D009E0FAF71BFD05E0FEF7C4FD07
:10C7A0000146B86CE9F7BEF80446F3F7F9F82046FD
:10C7B000796AE9F711FC0028DBD0FAF709FD0028B7
:10C7C00072D06079512802D05A28D2D144E0204654
:10C7D000E9F7ADF802F0BEFD80468A46786A02F0BD
:10C7E000B9FD0022184B02F033F94246534602F0DD
:10C7F0002FF980468A462046E9F7A1F802F0AAFD03
:10C800004246534602F07CFB02F034F83863FAF7F4
:10C81000DFFC007E01280DD0386B02F09BFD00226A
:10C820000B4B02F0ADFC21F000410022094B02F05D
:10C830002BFB39D8FAF7CCFC396BE9F7C9FC10E4CB
:10C84000CDCCCCCCCCCCFC3F0000594000002440E7
:10C850000000F03F0000E03FFAF7BAFCEAF710F8FA
:10C8600029E4687027E47B74002BF9D1387C012817
:10C8700002D00A2803D009E0FAF7AAFC05E0FEF787
:10C8800053FD0146B86CE9F74DF80446F3F788F814
:10C890002046796AE9F7A0FB0028E1D060795128A9
:10C8A00003D05A2829D118E007E1FA49786A02F042
:10C8B000EBFDB8632046E9F742F806462046E9F763
:10C8C00033F805462046E9F732F8294603F042F8E6
:10C8D000314602F0D9FD38640FE0EF49786A8842AA
:10C8E00004DBFAF775FCE9F7CBFF06E0EB49884279
:10C8F00003DCFAF76DFCEAF741F9F869E849816071
:10C9000003218170E749C16038210171E648B862AE
:10C91000E648F862DBE57B74002BFBD11046EFF7AD
:10C92000C9FB002285217320FBF70EF8387C012813
:10C9300002D00A2803D009E0FAF74AFC05E0FEF726
:10C94000F3FC0146B86CE8F7EDFF0446F3F728F86E
:10C950002046796AE9F740FB0028DBD0CD49786AA8
:10C9600002F092FDF8632046E8F7E9FF8246204690
:10C97000E8F7DAFF80462046E8F7D9FF414602F0A3
:10C98000E9FF514602F080FD804678644146386CEC
:10C9900002F0E0FFF96B82468B46B86B02F0DAFFDB
:10C9A000514602F071FD4146386302F0CBFE594614
:10C9B00002F0C5FF7863FAF70BFC00287DD06079A0
:10C9C00051280ED05A28A5D1B349786A8842BFF6BB
:10C9D000FDAEB24988429DDCFAF7FAFBEAF7CEF8E1
:10C9E00075E5FAF7F5FB007E012814D0386B02F0EC
:10C9F000B1FC0022AE4B02F0C3FB21F0004100224B
:10CA0000AC4B02F041FA58D8786BAB4920F00040AB
:10CA100002F064FE51D2FAF7DBFBD7E90C12E9F71A
:10CA2000DAFB54E50C2B36D2DFE803F0060A0E12CF
:10CA3000161A1E22262A2E32002001F04DFB2AE073
:10CA4000002001F073FB26E0002001F069FB22E0EA
:10CA5000002001F053FB1EE0002001F043FB1AE030
:10CA6000002001F057FB16E0002001F04DFB12E022
:10CA7000002001F03DFB0EE0002001F01BFB0AE06E
:10CA8000002001F023FB06E0002001F00DFB02E096
:10CA9000002001F015FBFEF747FC0468002C9FD036
:10CAA00004F19000F2F795FF04F19C00F2F791FF7A
:10CAB00004F1A800F2F78DFF48E0ECE180690A215B
:10CAC000EFF78FF80546FEF72FFC0468002C87D09F
:10CAD0007A4800780C2839D2DFE800F0061D3B5276
:10CAE000698097AEC5F5F3F2E8B201F0A9FB012029
:10CAF00001F0F2FA01F056F9014604F19000F2F764
:10CB00007DFF01F04FF9014604F19C00F2F776FF3A
:10CB100001F048F915E0E8B201F0BCFB012001F09A
:10CB200005FB01F069F9014604F19000F2F766FF98
:10CB300001F062F9014604F19C00F2F75FFF01F099
:10CB40005BF9014604F1A800F2F758FFEFF778FE11
:10CB5000BDE4E8B201F098FB012001F0E1FA01F038
:10CB600045F9014604F19000F2F748FF01F03EF963
:10CB7000014604F19C00F2F741FF01F037F9E0E7CC
:10CB8000E8B201F06FFB012001F0B8FA01F01CF9E6
:10CB9000014604F19000F2F731FF01F015F901466A
:10CBA00004F19C00F2F72AFF01F00EF9C9E7E8B2A0
:10CBB00001F04CFB012001F095FA01F0F9F8014673
:10CBC00004F19000F2F71AFF01F0F2F8014604F1C7
:10CBD0009C00F2F713FF01F0EBF8B2E7E8B201F0C6
:10CBE0004DFB012001F096FA01F0FAF8014604F13C
:10CBF0009000F2F703FF01F0F3F8014604F19C0006
:10CC0000F2F7FCFE01F0ECF89BE7E8B201F030FB34
:10CC1000012001F079FA01F0DDF8014604F19000FD
:10CC2000F2F7ECFE01F0D6F8014604F19C00F2F7B1
:10CC3000E5FE01F0CFF884E7E8B201F00DFB01203A
:10CC400001F056FA01F0BAF8014604F19000F2F74B
:10CC5000D5FE01F0B3F8014604F19C00F2F7CEFED8
:10CC600001F0ACF86DE7E8B201F0D8FA012001F06C
:10CC700021FA01F085F8014604F19000F2F7BEFEBA
:10CC800001F07EF8014604F19C00F2F7B7FE01F0D6
:10CC900077F856E70000C8420000BE420000A040FE
:10CCA0000E0A0208110A020815F00008D5E400086F
:10CCB0000000F03F0000E03F9A99193E1458002010
:10CCC0002FE017E0FFE7E8B201F0B4FA012001F02D
:10CCD000FDF901F061F8014604F19000F2F78EFED3
:10CCE00001F05AF8014604F19C00F2F787FE01F0CA
:10CCF00053F826E7E8B201F08BFA012001F0D4F9ED
:10CD000001F038F8014604F19000F2F777FE01F0E7
:10CD100031F8014604F19C00F2F770FE01F02AF8A8
:10CD20000FE7E8B201F080FA012001F0C9F901F043
:10CD30002DF8014604F19000F2F760FE01F026F8AC
:10CD4000014604F19C00F2F759FE01F01FF8F8E6E5
:10CD50001046EFF7AFF9002285217320FAF7F4FDB2
:10CD6000387C012802D00A2803D009E0FAF730FA0B
:10CD700005E0FEF7D9FA0146B86CE8F7D3FD0446A2
:10CD8000F2F70EFE2046796AE9F726F900283FF40B
:10CD9000C1ADFAF71DFA00287DD0FAF719FA4079EB
:10CDA000222808D05E287FF4B5ADFAF711FA796A27
:10CDB000EEF7C0FD0CE4FAF70BFA796AEEF7A8F982
:10CDC00006E41046EFF776F9002285217320FAF782
:10CDD000BBFD387C012802D00A2803D009E0FAF70D
:10CDE000F7F905E0FEF7A0FA0146B86CE8F79AFDFE
:10CDF0000446F2F7D5FD2046796AE9F7EDF80028F8
:10CE0000D8D0FAF7E5F90028C6D0FAF7E1F9407969
:10CE1000222807D05E28CDD1FAF7DAF9796AEEF741
:10CE200045FE1AE4FAF7D4F9796AEEF71DFA14E42C
:10CE30001046EFF73FF9002285217320FAF784FDB1
:10CE4000387C012802D00A2803D009E0FAF7C0F99B
:10CE500005E0FEF769FA0146B86CE8F763FD0446A1
:10CE6000F2F79EFD2046796AE9F7B6F80028D8D097
:10CE7000FAF7AEF900288FD0FAF7AAF9407901281D
:10CE800019D022280BD05C280FD05E28C9D1FAF720
:10CE90009FF9796A00E030E2EEF77CFC46E4FAF7AD
:10CEA00097F9796AEEF790F840E4FAF791F9796A20
:10CEB000FDF7F0FF3AE4FAF78BF9122143E0104650
:10CEC000EFF7F8F8002285217320FAF73DFD387C52
:10CED000012802D00A2803D009E0FAF779F905E021
:10CEE000FEF722FA0146B86CE8F71CFD0446F2F79B
:10CEF00057FD2046796AE9F76FF80028CED0FAF797
:10CF000067F90028B7D0FAF763F94079012817D0FC
:10CF1000222809D05C280DD05E28BFD1FAF758F935
:10CF2000796AEEF771FC24E4FAF752F9796AEEF7C0
:10CF300075F81EE4FAF74CF9796AFEF765F818E41B
:10CF4000FAF746F91121FDF7A1FC12E41046EFF7BC
:10CF5000B1F8002285217320FAF7F6FC387C01280D
:10CF600002D00A2803D009E0FAF732F905E0FEF70B
:10CF7000DBF90146B86CE8F7D5FC0446F2F710FD82
:10CF80002046796AE9F728F80028CCD0FAF720F98A
:10CF90000028B7D0FAF71CF94079012817D02228C9
:10CFA00009D05C280DD05E28BDD1FAF711F9796A55
:10CFB000EEF764FC43E4FAF70BF9796AEEF758F8F8
:10CFC0003DE4FAF705F9796AFEF786F837E4FAF7EF
:10CFD000FFF81321B7E71046EFF76CF80022852120
:10CFE0007320FAF7B1FC387C012802D00A2803D05C
:10CFF00009E0FAF7EDF805E0FEF796F90146B86C9E
:10D00000E8F790FC0446F2F7CBFC2046796AE8F793
:10D01000E3FF0028CED0FAF7DBF80028B9D0FAF702
:10D02000D7F8796AE7F73AF809E41046EFF742F8DB
:10D03000002285217320FAF787FC387C012802D072
:10D040000A2803D009E0FAF7C3F805E0FEF76CF907
:10D050000146B86CE8F766FC0446F2F7A1FC2046EE
:10D06000796AE8F7B9FF0028A4D0FAF7B1F80028E8
:10D070008FD0FAF7ADF8796AE7F74AF84AE4104634
:10D08000EFF718F8002285217320FAF75DFC387C51
:10D09000012802D00A2803D009E0FAF799F805E040
:10D0A000FEF742F90146B86CE8F73CFC0446F2F79B
:10D0B00077FC2046796AE8F78FFF0028DED0FAF780
:10D0C00087F80028AAD0FAF783F8796AE7F7D0F949
:10D0D00020E41046EEF7EEFF002285217320FAF7D8
:10D0E00033FC387C012802D00A2803D009E0FAF783
:10D0F0006FF805E0FEF718F90146B86CE8F712FC86
:10D100000446F2F74DFC2046796AE8F765FF0028EF
:10D11000B4D0FAF75DF80028AAD0FAF759F8796A7E
:10D12000E7F764FA5CE41046EEF7C4FF00228521BD
:10D130007320FAF709FC387C012802D00A2803D0B2
:10D1400009E0FAF745F805E0FEF7EEF80146B86C9D
:10D15000E8F7E8FB0446F2F723FC2046796AE8F793
:10D160003BFF0028DED0FAF733F80028AAD0FAF700
:10D170002FF8796AE7F7AEFA32E41046EEF79AFF35
:10D18000002285217320FAF7DFFB387C012802D0CA
:10D190000A2803D009E0FAF71BF805E0FEF7C4F807
:10D1A0000146B86CE8F7BEFB0446F2F7F9FB2046EF
:10D1B000796AE8F711FF0028B4D0FAF709F80028D7
:10D1C000AAD0FAF705F8796AE6F7D6F808E4104627
:10D1D000EEF770FF002285217320FAF7B5FB387C4B
:10D1E000012802D00A2803D009E0F9F7F1FF05E091
:10D1F000FEF79AF80146B86CE8F794FB0446F2F79C
:10D20000CFFB2046796AE8F7E7FE00288AD0F9F7D5
:10D21000DFFF002871D0F9F7DBFF40790A2809D138
:10D22000786A02F00FFA84B2F9F7D2FF0A22214697
:10D23000E6F796FAF9F7CCFF40794A289CD1786A4C
:10D2400002F000FA84B2F9F7C3FF4A222146E6F75A
:10D2500087FA7DE41046EEF72DFF0022852173202A
:10D26000FAF772FB387C012802D00A2803D009E0C3
:10D27000F9F7AEFF05E0FEF757F80146B86CE8F79E
:10D2800051FB0446F2F78CFB2046796AE8F7A4FECE
:10D290000028DED0F9F79CFF78B3F9F799FF4079C1
:10D2A0000A2809D1786A02F0CDF984B2F9F790FF23
:10D2B0000A222146E6F72EFAF9F78AFF40794A2832
:10D2C000C7D1786A02F0BEF984B2F9F781FF4A2229
:10D2D0002146E6F71FFA3BE41046EEF7EBFE00228C
:10D2E00085217320FAF730FB387C012802D00A2808
:10D2F00004D00AE0F9F76CFF06E041E0FEF714F80D
:10D300000146B86CE8F70EFB0446F2F749FB2046ED
:10D31000796AE8F761FE00289BD0F9F759FF78B3E6
:10D32000F9F756FF40790A2809D1786A02F08AF99C
:10D3300084B2F9F74DFF0A222146E6F797FDF9F787
:10D3400047FF40794A2884D1786A02F07BF984B299
:10D35000F9F73EFF4A222146E6F788FD2AE5104606
:10D36000EEF7A8FE002285217320FAF7EDFA387C4B
:10D37000012802D00A2804D00AE0F9F729FF06E0C4
:10D3800050E0FDF7D1FF0146B86CE8F7CBFA044650
:10D39000F2F706FB2046796AE8F71EFE0028DDD08A
:10D3A000F9F716FFF0B3F9F713FF796AE5F7B8FF5D
:10D3B00000E51046EEF77EFE002285217320FAF785
:10D3C000C3FA387C012802D00A2803D009E0F9F713
:10D3D000FFFE05E0FDF7A8FF0146B86CE8F7A2FAEA
:10D3E0000446F2F7DDFA2046796AE8F7F5FD0028F1
:10D3F000B4D0F9F7EDFEA8B1F9F7EAFE40790A28B2
:10D4000009D1786A02F01EF984B2F9F7E1FE0A2226
:10D410002146E6F705FDF9F7DBFE40794A289DD164
:10D42000786A00E084E002F00DF984B2F9F7D0FEEA
:10D430004A222146E6F7F4FCBCE4F2F7B1FAF9F728
:10D44000C7FE40790A2808D04A280AD05F2885D12B
:10D45000F9F7BEFEE6F7C8FFACE4F9F7B9FE0A2219
:10D4600002E0F9F7B5FE4A220121E6F7A9FBA1E4A3
:10D470001046EEF71FFE002285217320FAF764FAAA
:10D48000387C012802D00A2803D009E0F9F7A0FE71
:10D4900005E0FDF749FF0146B86CE8F743FA04469A
:10D4A000F2F77EFA2046796AE8F796FD0028C3D0A5
:10D4B000F9F78EFEE0B3F9F78BFE796AEFF73CFDE2
:10D4C00078E41046EEF7F6FD002285217320FAF786
:10D4D0003BFA387C012802D00A2803D009E0F9F78A
:10D4E00077FE05E0FDF720FF0146B86CE8F71AFA71
:10D4F0000446F2F755FA2046796AE8F76DFD0028F0
:10D500009AD0F9F765FE98B1F9F762FE796AEFF7FC
:10D51000EFFD4FE41046EEF7CDFD0022852173208C
:10D52000FAF712FA387C012803D00A2804D00AE05E
:10D530004FE0F9F74DFE05E0FDF7F6FE0146B86C49
:10D54000E8F7F0F90446F2F72BFA2046796AE8F793
:10D5500043FD00288BD0F9F73BFED0B3F9F738FE36
:10D56000796AEFF7FFFD25E41046EEF7A3FD0022F0
:10D5700085217320FAF7E8F9F2F712FA387C0128CE
:10D5800002D00A2803D009E0F9F722FE05E0FDF7F2
:10D59000CBFE0146B86CE8F7C5F90446F2F700FA8D
:10D5A0002046796AE8F718FD002889D0F9F710FEBF
:10D5B00078B1F9F70DFE40796128AAD13878512861
:10D5C00008D05228A5D1F9F703FE796AE5F734FBB4
:10D5D00027E45AE0F9F7FCFD796AE5F7F3FA20E46D
:10D5E0001046EEF767FD002285217320FAF7ACF9AB
:10D5F000387C012802D00A2803D009E0F9F7E8FDB9
:10D6000005E0FDF791FE0146B86CE8F78BF904469A
:10D61000F2F7C6F92046796AE8F7DEFC0028D7D091
:10D62000F9F7D6FD88B3F9F7D3FD4079092817D06B
:10D63000342809D05D280DD06028C9D1F9F7C8FD7C
:10D64000796AE7F725FE29E4F9F7C2FD796AE9F777
:10D6500009FE23E4F9F7BCFD796AEAF785F91DE4D0
:10D66000F9F7B6FDB7F91410EEF782FC16E4104690
:10D67000EEF720FD002285217320FAF765F9387C4A
:10D68000012803D00A2804D00AE027E0F9F7A0FD1A
:10D6900005E0FDF749FE0146B86CE8F743F904469A
:10D6A000F2F77EF92046796AE8F796FC0028CAD09E
:10D6B000F9F78EFD90B1F9F78BFD4079342807D04A
:10D6C0006028C0D1F9F784FD796AE7F7B1FC2AE454
:10D6D000F9F77EFD796AE9F7BFFE24E4A8680A49F4
:10D6E00000698160A8680069C660A86801690220B5
:10D6F00081F805900021F6F789F9387C01283FF47C
:10D70000B0A80420FFF7ADB8E709020801490120DD
:10D7100088707047F0570020014901204870704719
:10D72000F05700200248017841F010010170704765
:10D73000FD5600200248017841F010010170704749
:10D74000F75600200248017841F04001017070470F
:10D75000FD5600200248017841F0400101707047F9
:10D76000F75600200248417841F0010141707047AE
:10D77000F75600200248417841F01001417070478F
:10D78000F75600200248017841F08001017070478F
:10D79000F75600200248017841F0020101707047FD
:10D7A000FD5600200248017841F0020101707047E7
:10D7B000F75600200248017841F0080101707047D7
:10D7C000FD5600200248017841F0080101707047C1
:10D7D000F75600200248017841F02001017070479F
:10D7E000FD5600200248017841F020010170704789
:10D7F000F75600200248417841F00401417070471B
:10D80000FD5600200248417841F004014170704704
:10D81000F75600200248417841F0080141707047F6
:10D82000F75600200248017841F00401017070476A
:10D83000FD5600200248017841F004010170704754
:10D84000F75600200248417841F0020141707047CC
:10D85000F75600200248017841F00101017070473D
:10D86000FD5600200248017841F001010170704727
:10D87000F75600200149486070470000B855002065
:10D880000149086070470000B85500207CB5044687
:10D890000D4600F065F801F05DFD22462B4601F0D3
:10D8A0001BF8CDE9000103A207210448E2F724FE9A
:10D8B0007CBD000025352E32660000007955002021
:10D8C0000149086070470000C45500201CB501F0F4
:10D8D00041FDCDE9000103A206210448E2F70CFE58
:10D8E0001CBD000025352E31660000007355002058
:10D8F00070B5044600EB8400850004F00F0040F092
:10D900006000F0F75DF8702040EA1410F0F758F866
:10D910000520F0F755F81220F0F752F802480349B5
:10D92000284448604D8070BDA05B00203856002020
:10D930000248017841F0010101707047185700203A
:10D9400070B504460E460846FDF724FCC0430506A4
:10D950003046FDF71FFC45EA0020A06170BD0000C5
:10D960000148D0F8B4007047B07B00200148C0796E
:10D9700070470000B07B00200148B0F8BE0070473F
:10D98000B07B00200148807F70470000B07B002002
:10D990000148007F70470000B07B00200148C07F35
:10D9A00070470000B07B00200148407F70470000B6
:10D9B000B07B00200148407D70470000B07B002014
:10D9C0000148C07D70470000B07B00200148C07E48
:10D9D00070470000B07B00200148807D7047000048
:10D9E000B07B00200148807E70470000B07B0020A3
:10D9F0000148407E70470000B07B00200148007E57
:10DA000070470000B07B00200148007D7047000097
:10DA1000B07B00200148807C70470000B07B002074
:10DA20000148007C70470000B07B00200148C07CAA
:10DA300070470000B07B00200148407C7047000028
:10DA4000B07B00200148407A70470000B07B002086
:10DA50000148C07A70470000B07B00200148C07BBD
:10DA600070470000B07B00200148807A70470000BA
:10DA7000B07B00200148807B70470000B07B002015
:10DA80000148407B70470000B07B00200148007BCC
:10DA900070470000B07B00200148007A704700000A
:10DAA000B07B0020014890F82C007047B07B00202C
:10DAB0000148407970470000B07B002001480079A0
:10DAC00070470000B07B002001488078704700005C
:10DAD000B07B00200148D0F8A8007047B07B002040
:10DAE0000148D0F898007047B07B00200148D0F87A
:10DAF000B0007047B07B00200148D0F8A00070470C
:10DB0000B07B00200148006E70470000B07B002011
:10DB10000148006F70470000B07B00200148D0F83A
:10DB200090007047B07B00200148806E7047000075
:10DB3000B07B00200148D0F888007047B07B0020FF
:10DB40000148D0F880007047B07B00200148806F0A
:10DB500070470000B07B00200148806D70470000D6
:10DB6000B07B0020014890F82A007047B07B00206D
:10DB7000014890F828007047B07B0020014890F8D9
:10DB80002B007047B07B0020014890F829007047B7
:10DB9000B07B0020014890F821007047B07B002046
:10DBA000014890F823007047B07B0020014890F8AE
:10DBB00027007047B07B0020014890F82200704792
:10DBC000B07B0020014890F826007047B07B002011
:10DBD000014890F825007047B07B0020014890F87C
:10DBE00024007047B07B0020014890F82000704767
:10DBF000B07B00200148007870470000B07B002017
:10DC0000014890F8C0007047B07B0020014890F8B0
:10DC1000C2007047B07B0020014890F83700704781
:10DC2000B07B0020014890F835007047B07B0020A1
:10DC3000014890F838007047B07B0020014890F808
:10DC400036007047B07B0020014890F82E007047E6
:10DC5000B07B0020014890F830007047B07B002076
:10DC6000014890F834007047B07B0020014890F8DC
:10DC70002F007047B07B0020014890F833007047B8
:10DC8000B07B0020014890F832007047B07B002044
:10DC9000014890F831007047B07B0020014890F8AF
:10DCA0002D007047B07B002001484078704700008D
:10DCB000B07B00200148807970470000B07B0020D5
:10DCC000014890F8BC007047B07B00200148C07844
:10DCD00070470000B07B00200148D0F8A4007047D6
:10DCE000B07B00200148D0F894007047B07B002042
:10DCF0000148D0F8AC007047B07B00200148D0F854
:10DD00009C007047B07B00200148C06D7047000048
:10DD1000B07B00200148C06E70470000B07B00203F
:10DD20000148D0F88C007047B07B00200148406E5D
:10DD300070470000B07B00200148D0F88400704795
:10DD4000B07B00200148C06F70470000B07B00200E
:10DD50000148406F70470000B07B00200148406DD3
:10DD600070470000B07B00200148D0F8B800704731
:10DD7000B07B0020014890F843007047B07B002042
:10DD8000014890F841007047B07B0020014890F8AE
:10DD900044007047B07B0020014890F84200704773
:10DDA000B07B0020014890F83A007047B07B00201B
:10DDB000014890F83C007047B07B0020014890F883
:10DDC00040007047B07B0020014890F83B0070474E
:10DDD000B07B0020014890F83F007047B07B0020E6
:10DDE000014890F83E007047B07B0020014890F851
:10DDF0003D007047B07B0020014890F83900704723
:10DE0000B07B0020014890F8C1007047B07B002033
:10DE1000014890F8C4007047B07B0020014890F89A
:10DE2000C3007047B07B00200149C1F8B4007047BF
:10DE3000B07B00200149C87170470000B07B002012
:10DE40000149A1F8BE007047B07B002001498877E6
:10DE500070470000B07B0020014908777047000040
:10DE6000B07B00200149C87770470000B07B0020DC
:10DE70000149487770470000B07B00200149487590
:10DE800070470000B07B00200149C8757047000052
:10DE9000B07B00200149C87670470000B07B0020AD
:10DEA0000149887570470000B07B002001498876E1
:10DEB00070470000B07B00200149487670470000A1
:10DEC000B07B00200149087670470000B07B00203D
:10DED0000149087570470000B07B00200149887433
:10DEE00070470000B07B00200149087470470000B3
:10DEF000B07B00200149C87470470000B07B00204F
:10DF00000149487470470000B07B00200149487205
:10DF100070470000B07B00200149C87270470000C4
:10DF2000B07B00200149C87370470000B07B00201F
:10DF30000149887270470000B07B00200149887356
:10DF400070470000B07B0020014948737047000013
:10DF5000B07B00200149087370470000B07B0020AF
:10DF60000149087270470000B07B0020024981F827
:10DF70002C00EEF74DBA0000B07B00200149C1F83B
:10DF8000A8007047B07B00200149C1F89800704795
:10DF9000B07B00200149C1F8B0007047B07B002081
:10DFA0000149C1F8A0007047B07B00200149086614
:10DFB00070470000B07B00200149086770470000EF
:10DFC000B07B00200149C1F890007047B07B002071
:10DFD0000149886670470000B07B00200149C1F804
:10DFE00088007047B07B00200149C1F8800070476D
:10DFF000B07B00200149886770470000B07B00209B
:10E000000149886570470000B07B0020014981F814
:10E010002A007047B07B0020014981F82800704732
:10E02000B07B0020014981F82B007047B07B0020B5
:10E03000014981F829007047B07B0020014981F82F
:10E0400021007047B07B0020014981F82300704710
:10E05000B07B0020014981F827007047B07B002089
:10E06000014981F822007047B07B0020014981F806
:10E0700026007047B07B0020014981F825007047D9
:10E08000B07B0020014981F824007047B07B00205C
:10E09000014981F820007047B07B002001490870D9
:10E0A00070470000B07B0020014981F837007047BD
:10E0B000B07B0020014981F835007047B07B00201B
:10E0C000014981F838007047B07B0020014981F890
:10E0D00036007047B07B0020014981F82E00704760
:10E0E000B07B0020014981F830007047B07B0020F0
:10E0F000014981F834007047B07B0020014981F864
:10E100002F007047B07B0020014981F83300704731
:10E11000B07B0020014981F832007047B07B0020BD
:10E12000014981F831007047B07B0020014981F836
:10E130002D007047B07B00200149487070470000F7
:10E14000B07B0020014981F8C0007047B07B0020FF
:10E150000149887170470000B07B0020014981F8B7
:10E16000C2007047B07B0020014981F8BC007047B5
:10E17000B07B00200149C1F8A4007047B07B0020AB
:10E180000149C1F894007047B07B00200149C1F8F3
:10E19000AC007047B07B00200149C1F89C0070477B
:10E1A000B07B00200149C86570470000B07B0020AB
:10E1B0000149C86670470000B07B00200149C1F8E2
:10E1C0008C007047B07B0020014948667047000012
:10E1D000B07B00200149C1F884007047B07B00206B
:10E1E0000149C86770470000B07B002001494867BB
:10E1F00070470000B07B002001494865704700006F
:10E20000B07B00200149C1F8B8007047B07B002006
:10E21000014981F843007047B07B0020014981F833
:10E2200041007047B07B0020014981F844007047ED
:10E23000B07B0020014981F842007047B07B00208C
:10E24000014981F83A007047B07B0020014981F80C
:10E250003C007047B07B0020014981F840007047C6
:10E26000B07B0020014981F83B007047B07B002063
:10E27000014981F83F007047B07B0020014981F8D7
:10E280003E007047B07B0020014981F83D00704797
:10E29000B07B0020014981F839007047B07B002035
:10E2A000014981F8C1007047B07B0020014981F825
:10E2B000C4007047B07B0020014981F8C30070475B
:10E2C000B07B002010B5F9F7F9FCEEF7B9FA14208D
:10E2D000EAF7A8FABDE81040E9F730BC10B500280D
:10E2E00010D0312282772E23C377302280F820206D
:10E2F000002280F821200C780477C376497800F852
:10E300001A1FC27010BD00281BD04A7800F8552F84
:10E310000A784270CA7882708A78C2704A7902712B
:10E320000A794271CA7982718A79C2714A7A027213
:10E330000A7A4272CA7A8272897AC172012100F81D
:10E340003D1C7047FEB5F9F7FFFB3F480025102440
:10E35000817900F16C0605293CD2DFE801F0034326
:10E36000233B6200FFF746FC48B10094CDE901452C
:10E37000337A402118203268E9F742FD07E0CDE901
:10E3800000450823402114207268E9F781FDFFF75A
:10E3900031FC01462C488430406803B0BDE8F040B1
:10E3A000EDF72CBC807848B1FFF724FC18B10423AA
:10E3B000264A009408E00823254A0CE0FFF71AFCDF
:10E3C00060B3244A0423009450211820CDE901456C
:10E3D000E9F716FDFEBD50211820CDE90045E9F70B
:10E3E00057FDFEBD807890B1FFF704FC18B10623FD
:10E3F000194A0094E8E70823184A48211820CDE973
:10E400000045E9F745FD0823154A5821E4E7FFF7E1
:10E41000F1FB18B10423134A0094D5E70823124AEC
:10E42000D9E7FFF7E7FB38B10094CDE9014550216A
:10E43000337A18203268CBE7CDE900450823502114
:10E4400018207268CBE700001C5500202A0D020836
:10E45000D70902082E0D0208320D02082F0A020801
:10E460003A0A0208380D0208E209020870B5F9F705
:10E4700063FD00210120F9F7A1FDFFF713FBEDF784
:10E48000C7FF00F069F8FFF721FC274C4FF4004567
:10E4900038B3012802D0032815D133E001222946E0
:10E4A0002046EAF7C0FA214A24213E20F9F706FB6C
:10E4B000F9F7AEFBF9F7A6FB0028FBD000222946AE
:10E4C0002046EAF7B0FA1920F9F7CAF8184AC2E963
:10E4D0000201EBF72FFDFBF7ADFCBDE87040EEF756
:10E4E000B7B9012229462046EAF79DFA114A56217A
:10E4F0002520F9F7E3FAF9F78BFBF9F783FB0028FE
:10E50000FBD0DBE7012229462046EAF78CFA0A4ACB
:10E510002D213E20F9F7D2FAF9F77AFBF9F772FBD1
:10E520000028FBD0CAE70000000002406DFB010894
:10E53000F8570020CD0102083DFE010800B583B068
:10E540000A460021CDE9001101466846E2F7A4FC25
:10E55000DDE9000103B000BD70B5114D00244FF49A
:10E5600080512846EAF752FA00B101244FF40051D5
:10E570002846EAF74BFA00B1A41C54B1012C0AD08A
:10E58000022C0AD0032C0AD10320BDE87040F9F711
:10E5900009BD0020F9E70120F7E70220F5E770BD8B
:10E5A0000004024010B5F4F7F3FB084CE18A6279ED
:10E5B000491E89B2FBF712F9F4F7EAFBE18A00F091
:10E5C00007F8E08ABDE81040FAF740B91C55002072
:10E5D00070B586B0C27A01ABC679057A447A83E811
:10E5E0007400007B0B46009003A213210948E1F759
:10E5F00083FF06B070BD0000253035642025303221
:10E6000064253032642530326420253032643A2566
:10E6100030326400E45A002030B5174BD868816965
:10E62000A3F18400006A81420BD1827909254AB1A5
:10E630000024042A13D04869C471D86880694069ED
:10E64000057230BD49690222CA71D9688969496970
:10E650000D72406981790229F3D2827130BD496916
:10E66000CC71D968896949690C724069817900293E
:10E67000F4D0847130BD0000A055002030B4124C9D
:10E68000A4F10D01E0688269A4F18400006A82426D
:10E690000DD1837901F101059B0701D01C2300E016
:10E6A0001D236B705269937952695B5C1372E26847
:10E6B00092695269824203D182794069515C017248
:10E6C00030BCF0F745BF0000A055002003785B1C6C
:10E6D0005BB2934200DD4BB20370704703885B1C52
:10E6E0001BB2934200DD0BB20380704703785B1EC0
:10E6F0005BB28B4200DA53B20370704703885B1E33
:10E700001BB28B4200DA13B20380704710B5F9F7E1
:10E71000FDFB234CA8B1F9F7DDFB012811D1F9F776
:10E72000E9FB70B9607818B11E48F9F755FA01E0B5
:10E73000F9F798F96078E0B1002060700020FFF7E9
:10E74000D7F8F9F7C7FB012828D1F8F741FD407940
:10E750004A2823D1F8F73CFDB0F8B40002281DD1B7
:10E7600011480078012806D0BDE810400F48F9F79D
:10E77000D5B90120E1E7A07810B1F9F713F902E06B
:10E780000A48F9F7CBF9A07830B10020A070BDE8B5
:10E7900010400020FFF7ACB80120F7E710BD0000E3
:10E7A000F85700203E1602081C570020A616020843
:10E7B00030B5194C012263681B69834212D188422B
:10E7C00004D025682D69C4E900530BE02160616025
:10E7D00063681B6963601B698B4203D0521CD2B211
:10E7E000072AF5D323685B69834206D149698142D0
:10E7F00004D0236060684069606030BD6160216062
:10E8000020684069206040698842F6D0521CD2B22C
:10E81000072AF5D330BD0000B855002010B50029F7
:10E820000AD00878002807D005487844E2F7C8FFE6
:10E83000002801D0002010BD0248784410BD00001F
:10E840000E3400000634000010B500290AD0087804
:10E85000002807D005487844E2F7B2FF002801D02D
:10E86000002010BD0248784410BD0000FE330000B7
:10E87000F633000021F00042A2F16052B2F5801F91
:10E8800001F0004328BFD2F17F6C0BD95FEA001C76
:10E8900043EAC20242EB507018BF704728BF20F015
:10E8A00001007047B2F5801FBCBF184670474FEAA1
:10E8B000410C1CF5001F02D2084601F00AB870B5E1
:10E8C00000F0C8FB00000089FFF7F6BF4FF00040E2
:10E8D000A0F580007047000010B591EA030F48BF13
:10E8E00083F0004300F15484841A71EB030C05D2C9
:10E8F000121943EB0C03001B61EB0C01DFF824E160
:10E900004FEA1154A4EB135C1EEA430F18BF9EEAB2
:10E91000445F73D023EA0E03DCF1200E21EA045198
:10E9200043F4801332D322FA0CFE10EB0E0023FACC
:10E930000CFE41EB0E01CCF1200E03FA0EFE10EBA3
:10E940000E0051F10001B1F5801FCCF1200E32D242
:10E9500001EB045112FA0EF2BDE8104058BF7047A7
:10E96000401C38BF5FEA420218BF7047002814BF3E
:10E9700020F0010041F100014FEA410313F5001FAF
:10E9800038BF7047A1F1C04100F0B2BB012A43EB90
:10E990000302ACF1200CDCF11F0E32BF4FF0000E71
:10E9A00023FA0CF310EB030041EB0451B4EB115FBD
:10E9B000D0D0A1EB045101F5801149085FEA300085
:10E9C00001EB04510ED350F1000038BF12FA0EFED5
:10E9D00008D1BDE81040C9E7401C38BF5FEA4202D9
:10E9E000CAD1C3E7BDE810404FEA410313F5001F49
:10E9F00038BF7047A1F1C04100F07ABB9EEA445F86
:10EA000008D011EA5E0FBDE8104004BF01F00041DC
:10EA100000207047BDE8104070B500F01BFB00BF40
:10EA200064FBBE3E0000E0FF02494FF0000001F031
:10EA30000BB800BF0000F87F491058BFC1F140413A
:10EA40005B1058BFC3F140438B42EFF30080704727
:10EA50002DE9C04130B4DFF8A0C23CEA111418BF60
:10EA60003CEA131400F0EC8081EA03051CEA11145F
:10EA700044EAD57418BF1CEA131500F0C780A4EB54
:10EA800005044FF0004545EAC12145EAC32341EAA8
:10EA9000505143EA525304F17F74994204F5003413
:10EAA0004FEAC0204FEAC22208BF904200F09C808B
:10EAB0004FEA13650FF24016765D4FEA134506FBE9
:10EAC00005F7C7F1807706FB07F74FEAD737A7FBB3
:10EAD00003687642C8F58038A7FB06CE38BFA8F198
:10EAE000010807FB08E64FF0000EA6FB028CE6FBD0
:10EAF00003CEDCF1000CCEF1004E38BFAEF1010EBA
:10EB0000A6FB0C584FF000074FF00005E6FB0E8700
:10EB1000A1FB08C6A0FB07CE16EB0E0645F10005CB
:10EB2000E1FB076515F1E04E7EBFA4F580345FEA96
:10EB300046066D4116F1800745F100054FEA17279B
:10EB40004FEA066647EA0567A6F1DE46B6F1805F42
:10EB50004FEA15251FD9384624F0010C05EBC47186
:10EB6000BCF1FE6F01EB0C1102D8F0BCBDE80081D6
:10EB700024425CBF01F5801E9EEAC47F02D4F0BC33
:10EB8000BDE80081244238D4F0BCA1F1C041BDE809
:10EB9000004100F0ADBA4FEAD22242EA43524FEAB6
:10EBA000D323A7FB02864FEAD02040EA415007FB5F
:10EBB00003661EEA0E0F4FEAD12105FB026658BF1D
:10EBC000A6EB0056B6EB00564FEA520E4EEAC37E55
:10EBD00018EB0E0E56EB530EBDD518EB02085E4136
:10EBE0007F1C55F10005B6E74FF480154FF0000784
:10EBF0004FF000064FF00008ADE7F0BC4FF000000A
:10EC000001F1C04101F00041BDE8008111EA0C1F93
:10EC10000CEA131500D00CE013EA0C1F00F025805D
:10EC20004FF00000F0BC81EA030101F00041BDE8B3
:10EC30000081F0BCBDE8004181EA030100F058BA50
:10EC4000F0BCBDE8004170B500F004FA097EFC3E5E
:10EC500000F007B881EA03014FF0000001F0004125
:10EC6000704781EA030100F043BAF0BCBDE80041FF
:10EC70004FF0000021497047FFFDFBF9F7F5F4F272
:10EC8000F0EEEDEBE9E8E6E4E3E1E0DEDDDBDAD847
:10EC9000D7D5D4D3D1D0CFCDCCCBCAC8C7C6C5C4A5
:10ECA000C2C1C0BFBEBDBCBBBAB9B8B7B6B5B4B3BC
:10ECB000B2B1B0AFAEADACABAAA9A8A8A7A6A5A4A7
:10ECC000A3A3A2A1A09F9F9E9D9C9C9B9A9999986B
:10ECD0009797969595949393929191908F8F8E8E0E
:10ECE0008D8C8C8B8B8A898988888787868585849B
:10ECF00084838382828181800000FF070000F87F87
:10ED000051EA030C17D41CF5801F58BFBCF5801FB7
:10ED100000F10680994218BF704708BF90427047C3
:10ED200007D711F5801F58BF13F5801F19D49942DA
:10ED30007047894270471CF5801F08D5BCF5801FBD
:10ED4000F7D58B4218BF704708BF824270474FF417
:10ED5000001C1CEB410F38BF1CEB430F01D28B4250
:10ED6000704770B500F076F9922449004FF00051D9
:10ED70004FF08053FFF760BE4FEA41034FEA535311
:10ED8000A3F58063D3F11E03C8BFD3F1210C0CDDC2
:10ED90004FF0004242EAC12242EA505232FA03FCEA
:10EDA0008CEAE17CACEBE1707047102BC4BF002013
:10EDB000704703F5787CBCF1FF3F04D06FF0004250
:10EDC00082EA2100704770B500F044F9499224802E
:10EDD00000207047F2E700004FEA1153A3F580636B
:10EDE000D3F11E03A8BFD3F1200C08DB4FF0004283
:10EDF00042EAC12252EA505232FA03F07047094205
:10EE00000BD4102BC4BF0020704703F5787CBCF1F5
:10EE1000FF3F05D04FF0FF3070474FF000007047C4
:10EE200070B500F017F900BF4992248000207047A8
:10EE3000F0E710F0004248BF4042B0FA80F310FA09
:10EE400003F10AD0C3F11D0303F580634FEA41507B
:10EE500002EB035202EBD12170474FF000007047E4
:10EE6000B0FA80F310FA03F10AD0C3F11D0303F5E1
:10EE700080634FEA41504FEA035202EBD1217047C1
:10EE80004FF000007047000051EA030C17D41CF546
:10EE9000801F58BFBCF5801F00F10680994218BF43
:10EEA000704708BF9042704707D711F5801F58BFC1
:10EEB00013F5801F19D499427047894270471CF599
:10EEC000801F08D5BCF5801FF7D58B4218BF70474F
:10EED00008BF824270474FF4001C1CEB410F38BF43
:10EEE0001CEB430F01D28B42704770B500F0B2F8B3
:10EEF000922449004FF000514FF08053FFF79CBD22
:10EF0000DFF848C170B51CEA111E1EBF1CEA1315BC
:10EF10009EEA0C0F95EA0C0F00F06F8081EA030463
:10EF200023EA4C134EEAD47E21EA4C1141F48011BD
:10EF300043F48013AE44A1FB024CA0FB0365AEF189
:10EF40007F7E361955EB0C05A1FB034C4CF10003F9
:10EF5000A0FB021C16EB0C06654153F100030942AD
:10EF600018BF46F0010613F4007F0BD14FEA0331BE
:10EF70004FEA0530340341EA155140EA16506FF06C
:10EF800003020AE04FEAC3214FEAC520F40241EA36
:10EF9000555140EA56506FF0020202EB2E4201EB4F
:10EFA000025585EACE710AD05FEA440C18BF24F0FE
:10EFB000004450F1000041F1000120EAD47040F219
:10EFC000FE7C624500D270BDA84214BF4FF0804461
:10EFD0004FF04044002E08BF0024BEF1806FA8BF50
:10EFE000A1F1C041BDE8704080F282804FF0000086
:10EFF00001F1C04101F0004170479EEA0C0F0CEA9C
:10F00000131518BF95EA0C0F06D04FF0000081EAE7
:10F01000030E0EF0004170BD00F01CF88900013EA7
:10F0200000F007B800F009B84FEA430C5FEA5C5CF7
:10F0300008D081EA030100F05BB84FEA410C5FEAB7
:10F040005C5CF6D14FF00000014970470000FF07FB
:10F050000000F87F0EF1020E2EF0030E5EF8046B36
:10F06000364205D4012A43EB030515F5001F12D8DB
:10F07000012841EB010C1CF5001F0CD80ED14FEA02
:10F08000D17C15F5001F0CEB4C0C0CF1020C08BFE9
:10F090004CEBD37C04E04FF0080C01E04FEAD37C4A
:10F0A0000CEB4C0526FA05F606F00706B6F1040C43
:10F0B00006D20EEB860CBDE870404CF0010C6047A8
:10F0C000DFE80CF0090B02024FF000414FF00000A6
:10F0D000A1F5002170BD19461046012851EB01042D
:10F0E00018BFD4F5001484BF002001F0004170BDAA
:10F0F0000808A0F500114FEA3101704753EA010CEE
:10F1000017D41CF5801F58BFBCF5801F00F1068086
:10F110008B4218BF704708BF8242704707D713F56C
:10F12000801F58BF11F5801F19D48B4270479B4236
:10F1300070471CF5801F08D5BCF5801FF7D5994294
:10F1400018BF704708BF904270474FF4001C1CEB7B
:10F15000430F38BF1CEB410F01D2994270470FB4E7
:10F160000CBC03BCFFF7C1BE91EA030F10B581F0E0
:10F1700000413FF5B9AB83F0004300F009B800004F
:10F1800010B591EA030F48BF83F000433FF5ACABE5
:10F19000841A71EB030C07D212198CF0004C43EB6C
:10F1A0000C03001B61EB0C01DFF8A4E14FEA1154E2
:10F1B000A4EB135C1EEA430F18BF9EEA445F00F005
:10F1C000B08023EA6E03524221EA0451C3EB6E037E
:10F1D00038BF5B1EDCF1200E25D322FA0CFE10EBAB
:10F1E0000E0043FA0CFE41EB0E01CCF1200E03FAA7
:10F1F0000EFE10EB0E0051F10001CCF1200E29D4CF
:10F2000012FA0EF201EB0451BDE8104058BF7047EE
:10F21000401C1CBFB2F1004F704700280CBF491CB6
:10F2200020F00100704712EB020E43EB030218BFFF
:10F230004FF0010E4EEA4202ACF1200CDCF11E0E42
:10F2400054D943FA0CFE10EB0E0051F1FF31CCF112
:10F250001E0ED5D50EF1010E12FA0EFE404141EB05
:10F26000010101EB445C5FEA5C5C10D910EBDE70DD
:10F2700001EB045138BFBEF1004FBDE8104018BF8C
:10F28000704700280CBF491C20F00100704730D2A5
:10F290004FEAD42C11F5001124F400641BD0B1FA0C
:10F2A00081F20B3AA41AA41ED2F12003914030FA45
:10F2B00003F31943904001EBCC71002C01EB045196
:10F2C000BDE81040A8BF704701F1C0414FF00000F9
:10F2D00001F000417047B0FA80F310FA03F100D159
:10F2E00010BDE41A173C4805C90AE4E701EB0451D4
:10F2F00010BD491001EB0451BDE810404FEA300049
:10F3000002E04FF0000170474A0008BF0042F8D009
:10F31000B2F5001F28BF704701F000414FF0000018
:10F3200070479EEA445F07D011EA5E0FBDE81040C7
:10F3300004BF002100207047BDE8104070B5FFF702
:10F3400089FE00BF40DFF63E83F000411046704763
:10F350000000E0FF43004FEAD30C4FEA3C0C43406F
:10F360001FBF40070CF1605113F0FE4F70471CF0B7
:10F37000006F03D100200CF0004170470CF00043F7
:10F3800043EA507010B540EACC0000F05CFA00BFD0
:10F39000000000924FEA0001FFF7AABE4FF00041C3
:10F3A0004FF00000A1F500217047000090EA010F26
:10F3B00048BF81F0004100F1D482421A3CBF801A5C
:10F3C00089184FEAD0524FF07F4C1CEA410FA2EB54
:10F3D000D15318BF9CEA026F00F03B804FF0004C05
:10F3E0004CEA00204CEA012121FA03FC10EB0C0C42
:10F3F0001ED202F1FF325FEA1C2040EBC25038BF40
:10F4000070471CF07F0F4FEA400C18BFBCF17F4FD4
:10F4100038BF7047C3F12003994008BF20F00100B6
:10F42000BCF17F4F38BF7047A0F1C04000F051BA27
:10F430004FEA3C00000A40EBC25028BF1CF0FF0F0F
:10F440004FEA400CE6D018BFBCF17F4F38BF704781
:10F45000EAE79CEA026F05D010EA5C0F08BF00F0F3
:10F460000040704710B500F0EEF900BF64FBBE3EEF
:10F47000401058BFC0F14040491058BFC1F1404151
:10F480008142EFF3008070474FF47F0C1CEAD012EA
:10F490001EBF1CEAD11392EA0C0F93EA0C0F00F086
:10F4A000858090EA010F48BF42F4807240F4000C5E
:10F4B00041F400002CF07F4120F07F4000B58142F4
:10F4C000A2EB03020FF2081CACEB504EC0F100009F
:10F4D0009EF800E04FEA4E0E00FB0EFC38BF4900DC
:10F4E0004FEA2C1C02F5FA020CFB0EF34FEACE1E7B
:10F4F0004FEA112C4FEAC1210EEB635E42EB224230
:10F500000EFB0CFC4FEA1C5300FB03114FEA112CBD
:10F510004FEA01310EFB0CFC4FEADC4C00FB0C11F6
:10F52000C14228BF09184CEB03335DF804EB10EB24
:10F53000410143EBC250B2F57C0F38BF704729D56B
:10F5400012F0F00F1CBF00F1C04000F00040704707
:10F55000008182838485868788898B8C8D8E8F91AC
:10F560009293959697999A9C9D9FA0A2A3A5A7A8D0
:10F57000AAACAEB0B2B3B5B7B9BCBEC0C2C5C7C9FC
:10F58000CCCED1D4D7D9DCDFE2E6E9ECF0F3F7FA60
:10F59000FE0000004FEA400C0CF1807CBCF17E4F75
:10F5A00028BF7047B0F1C04000F093B990EA010F56
:10F5B0000CEAD11348BF42F48072624538BF6345FC
:10F5C00007D213F47F0F16D080EA010000F000404C
:10F5D000704710B500F037F9097EFC3E00F005B821
:10F5E00080EA010000F00040704780EA010000F06E
:10F5F000004000F06EB912F47F0F04BF024870475C
:10F6000080EA010000F065B90000C07F41000B0EE8
:10F61000D3F19E0208D950F400034FEA032323FAE2
:10F6200002F048BF4042704710B500F00CF900BF2F
:10F6300049922480002070476FF0004282EA200047
:10F6400070470000C10DD1F19E0206DB4FEA002396
:10F6500043F0004323FA02F07047004207D54FEA17
:10F660004001B1F1FE4F02D24FF00000704710B5DB
:10F6700000F0E9F849922480002070476FEA2000EA
:10F680007047000010F0004148BF4042B0FA80F3DC
:10F6900010FA03F2C3F19D030BD051EAC35101EB01
:10F6A0001220530638BF704700F1010008BF20F058
:10F6B00001007047B0FA80F310FA03F2C3F19D0322
:10F6C0000AD0D90501EB1220530638BF704700F16C
:10F6D000010008BF20F001007047000050EA010C53
:10F6E00000F113801CF5000F58BFBCF5000F01D4CA
:10F6F0008842704707D710F5000F58BF11F5000F6B
:10F7000015D488427047894270471CF5000F04D514
:10F71000BCF5000FF7D5814270474FF0807C1CEBA1
:10F72000400F38BF1CEB410F01D28142704710B52A
:10F7300000F089F8922449004FF000504FF08051BA
:10F74000FFF796BE4FF47F0C1CEAD0121EBF1CEAD6
:10F75000D11392EA0C0F93EA0C0F00F0478090EA65
:10F76000010F48BF42F480724FF0004C4CEA002079
:10F770004CEA012102EB0302A0FB0113A2F50002F7
:10F78000002918BF43F001035B0028BF4FEA330391
:10F7900042EB22425FEA132C4CEBC2502EBFBCEB73
:10F7A000436FB2F57C0F70474FEA036CBCF1004F1A
:10F7B00008BF20F00100B2F57C0F38BF70470BD5B1
:10F7C00082F0FF0212F5803FC8BF704700F1C040D1
:10F7D000D8BF00F00040704700F5000C5FEA4C0C09
:10F7E00048BF7047B0F1C04000F073B890EA010F15
:10F7F0000CEAD11348BF42F48072624538BF6345BA
:10F8000004D280EA010000F00040704710B500F01B
:10F810001AF800BF8900013E00F007B800F009B8EF
:10F820005FEA410C5FEA1C6C08D080EA010000F03E
:10F8300050B85FEA400C5FEA1C6CF6D14FF0004014
:10F84000A0F5800070470EF1020E2EF0030E5EF858
:10F85000044B244204D44FEA4102B2F17F4F11D845
:10F860004FEA4003B3F17F4F0CD80ED14FEAD07C62
:10F87000B2F17F4F0CEB4C0C0CF1020C08BF4CEBBF
:10F88000D17C04E04FF0080C01E04FEAD17C0CEB96
:10F890004C0324FA03F404F00704B4F1040C06D278
:10F8A0000EEB840CBDE810404CF0010C6047DFE823
:10F8B0000CF0070802024FF00040A0F5800010BDD8
:10F8C0000846420018BFD2F1807288BF00F00040A5
:10F8D00010BDFF2141EAD050C005704751EA000C2D
:10F8E00000F113801CF5000F58BFBCF5000F01D4C8
:10F8F0008142704707D711F5000F58BF10F5000F70
:10F9000015D481427047894270471CF5000F04D519
:10F91000BCF5000FF7D5884270474FF0807C1CEB98
:10F92000410F38BF1CEB400F01D28842704780EA7C
:10F93000010081EA000180EA0100FFF7F8BE80F0D3
:10F94000004090EA010F7FF538AD81F0004100F0F2
:10F9500008B8000090EA010F48BF81F000413FF570
:10F960002CAD421A04D882F00042A0EB02001144F0
:10F970004FEAD0524FF07F4C1CEA410FA2EBD1531B
:10F9800018BF9CEA026F4AD04FF0004C4CEA0020AE
:10F990004CEA012121FA03FCB0EB0C0C0FD412F05D
:10F9A000FE0F36D05FEA4C001DD5001240EBC2506E
:10F9B00038BF70471CF03F0F18BF70470BE0A2F133
:10F9C00001025FEA1C2040EBC25038BF70471CF0B8
:10F9D0007F0F18BF7047C3F12003994014BF401E2A
:10F9E00020F00100704780084FEA122308BF7047DB
:10F9F000B0FA80FCA2EB0C02CCF1280C60FA0CF0FF
:10FA000093EA122F04BF00EBC25070474FEAC37055
:10FA10007047130A5FEADC1008BF7047F6E79CEAFC
:10FA2000026F04D010EA5C0F08BF0020704710B5C9
:10FA3000FFF709FF40DFF63E81F0004070474FF0CE
:10FA400000007047E1F7ADB80CF00F03092B08BFB9
:10FA5000082000F05F800A2B0BD0082B18BF7047DE
:10FA600008BF1CF0400F0AD04FF000004FF000011B
:10FA700070471CF0400F18BF4FF0004070471CF05B
:10FA8000100F08D020F0704300F07F4242EAD3010B
:10FA90004FEA4370704700F0604021F07F4242EA35
:10FAA000000201F07F4040EA727070474FF0FF0C97
:10FAB0004CF4E06C1CEA11531CBF9CEA030C944507
:10FAC000C2BFDA4201EB02517047002B0DD0BCF1EE
:10FAD000000F0FD0002A01F00041A4BF41F0E04127
:10FAE00041F07F614FF00000704701F000414FF09E
:10FAF0000000704750EA01334FF09B0C18BF4CF0E8
:10FB0000806C7EF491AF7047E1F7CEBCE1F7BEBEEA
:10FB1000E2F74CB81CF4801F11D01CF4E02F03D086
:10FB20006FEACC31490070474FF04050EFF300824C
:10FB300022F0704242EA000282F3008870474FF0E0
:10FB400000007047030406080C1018203000000065
:10FB5000000000000001020304060708090000007D
:10FB6000000102030480402010080402010000008C
:10FB700000007E00000000007E0001F80000000090
:10FB80000000000000007E3FFFFFF8007F0001F84A
:10FB9000000000000000000000007E3FFFFFF81F93
:10FBA000FFFFFFFFE000000000000000001C7E00DF
:10FBB0000000001FFFFFFFFFE0000000000000004A
:10FBC000001C7E00000000007F0001F80000000023
:10FBD00000000000001C7E00000000003F0001F853
:10FBE0000000000000000000001C7E0FFFFFE0008E
:10FBF000000000000000000000000000001C7E0F5C
:10FC0000FFFFE00000000000000000000000000016
:10FC1000001C7FCFC007E007E7E03F0000000000C6
:10FC200000000000001C7FCFC007E007E3E03F00BA
:10FC30000000000000000000001C7FCFC007E007AC
:10FC4000E3E07FFFC000000000000000001C7E0F0A
:10FC5000C007E007E3E07FFF800000000000000035
:10FC6000001C7E0FC007E007E3E07EFC0000000000
:10FC700000000000001C7E0FC007E007E3E0FC7EF0
:10FC80000000000000000000001C7E0FC007E0071D
:10FC9000C3E0FC3E0000000000000000001C7E0FDE
:10FCA000FFC7E0060381FC3F0000000000000000E9
:10FCB000001C7E0FFFC7E0000201F81F800000005B
:10FCC00000000000001C7E0FC007E00000000000E4
:10FCD0000000000000000000001C7E0FC007E000D4
:10FCE000000000000000000000000000001C7E0F6B
:10FCF000C007E007FFFFFFFE00000000000000005B
:10FD0000001C7E0FC007E007FFFFFFFE00000000A1
:10FD100000000000001C7E0FC007E007E07F1FBF4F
:10FD20000000000000000000001C7E0FC007E0077C
:10FD3000E07E1F1F8000000000000000001C7E0FFE
:10FD4000C007E007E07E3F1FC00000000000000089
:10FD5000001C7E0FC007E007E07C3F0FC0000000E2
:10FD600000000000001C7E0FC007E007E0FC7E0FD3
:10FD7000C000000000000000001C7E0FC007E0076C
:10FD8000E0FC7E0FC000000000000000001C7E0FA1
:10FD9000C007E007E0F87E0FC00000000000000090
:10FDA000001C7E0FFFFFE007E1F8FC0FC000000021
:10FDB00000000000001C7E0FFFFFE007E1F8FC0FD1
:10FDC000C00000000000000000007E0000000007EE
:10FDD000E3F0FC0FC00000000000000000007E0007
:10FDE00000000007E3F1F80FC00000000000000071
:10FDF00000007E0000000007E3F1F80FC0000000E3
:10FE00000000000000007E3FFFFFE00FE7F3F81F57
:10FE1000C00000000000000000007E3FFFFFF01F58
:10FE2000FFFFFFFFE00000000000000000007E3F39
:10FE3000FFFFF81FFFFFFFFFF000000000000000C1
:10FE400000000000000000000000000000000000B2
:10FE500000000000000000000000000000000000A2
:10FE60000000000000000000000000000000000092
:10FE70000000000000000000000000000000000082
:10FE8000000000000000000000003FE00000000053
:10FE90000000000000000000000000000001FFF86A
:10FEA0000000000000000000000000000000000052
:10FEB0000007FFFE0000000000000000000000003E
:10FEC00000000000001FFFFF000000000000000015
:10FED0000000000000000000003FFFFF8000000065
:10FEE00000000000000000000000000000FFFFFF15
:10FEF000800001FF000FF9FF80FF9FFFFC7FFFE004
:10FF000001FFC1FFC00003FE000FF9FF01FF9FFFCB
:10FF1000FCFFFFF803FF80FFC00003FE001FF9FF96
:10FF200001FF3FFFF8FFFFFC07FF00FFE00003FEBB
:10FF3000001FF1FE01FF3FFFF8FFFFFC0FFE007FF7
:10FF4000E00007FC001FF3FE03FE3FFFF1FF1FFE72
:10FF50001FFC007FE00007FC003FF3FE03FE7FC0B4
:10FF600001FF07FE1FF8007FE00007FC003FE7FEEF
:10FF700003FE7FC001FE03FE3FF8007FE0000FF8A4
:10FF8000003FE7FC07FE7FC003FE03FE7FF0007F1B
:10FF9000E0000FF8003FE7FC07FCFFC003FE03FE94
:10FFA0007FF0007FE0000FF8007FC7FC07FCFF80B8
:10FFB00003FE03FEFFE0007FE0001FF0007FCFF8AC
:10FFC0000FF8FF8007FC07FCFFE0007FE0001FF058
:10FFD000007FCFF80FF9FF0007FC07FDFFC000FF0F
:10FFE000E0001FF000FF9FFFFFF9FFFF87FC0FF904
:10FFF000FFC000FFE0003FE000FF9FFFFFF9FFFFB1
:020000040802F0
:100000008FF83FF3FF8000FFE0003FE001FF9FFF1C
:10001000FFF3FFFF8FFFFFE3FF8000FFC0003FE023
:1000200001FF1FFFFFF3FFFF0FFFFFC3FF8000FF74
:10003000C0007FC001FF3FFFFFE3FFFF1FF7FF038B
:10004000FF8001FFC0007FC001FF3FE03FE7FE00EF
:100050001FF7FC07FF0001FF80007FC003FE7FC089
:100060003FE7FC001FF7FC07FF0001FF8000FF8057
:1000700003FE7FC07FE7FC003FE7FC07FF0003FFB4
:100080008000FF8003FE7FC07FCFFC003FE7FC07BE
:10009000FF0003FF0000FF8007FC7FC07FCFF80058
:1000A0003FE7FC07FF0007FF0001FF0007FCFF80A0
:1000B000FFCFF8007FC7FE07FF0007FE0001FF002B
:1000C00007FCFF80FF8FF8007FC7FE07FE000FFED2
:1000D0000001FF000FF8FF80FF9FF0007FC7FE07C1
:1000E000FE001FFC0003FFFF8FF9FF01FF9FFFFCD5
:1000F000FF83FE07FF001FF80003FFFF8FF9FF01DA
:10010000FF3FFFFCFF83FE07FF003FF00003FFFF00
:100110009FF1FF01FF3FFFFCFF83FF03FF007FF024
:100120000007FFFF9FF3FE03FF3FFFF9FF03FF03FD
:10013000FF01FFE00007FFFF1FF3FE03FE3FFFF993
:10014000FF03FF03FF87FFC0000000000000000066
:100150000000000000000001FFFFFF0000000000A1
:10016000000000000000000000000000FFFFFE0093
:10017000000000000000000000000000000000007F
:100180007FFFFC00000000000000000000000000F5
:10019000000000003FFFF000000000000000000031
:1001A00000000000000000001FFF800000000000B1
:1001B00000000000000000000000000007FE00003A
:1001C000000000000000000000000000000000002F
:1001D00000000000F0000000FFFFF8000000000039
:1001E0000000000000000003F0000000FFFFFC0022
:1001F000000000000000000000000007F000000008
:10020000FFFFFC0000000000000000000000000FE5
:10021000F00000007FFFFE00000000000000000072
:100220000000000FF00000007FFFFE000000000053
:10023000000000000000001FF00000003FFFFE0073
:1002400000000000000000000000003FF00000007F
:100250003FFFFE0000000000000000000000003F23
:10026000F00000001FFFFE00000000000000000082
:100270000000007FF00000001FFFFE0000000000F3
:10028000000000000000007FF00001800FFFFE0072
:1002900000000000000000000000007FF00001806E
:1002A0000FFFFE0000000000000000000000007FC3
:1002B000F00003C007FFFE00000000000000000087
:1002C0000000007FF00003C007FFFE0000000000F8
:1002D000000000000000007FF00007C007FFFE00E4
:1002E00000000000000000000000007FF00007E0B8
:1002F00003FFFE0000000000000000000000007F7F
:10030000F00007E003FFFE00000000000000000016
:100310000000007FF0000FF001FFFE000000000071
:10032000000000000000007FF0000FF001FFFE0061
:1003300000000000000000000000007FF0001FF837
:1003400000FFFE0000000000000000000000007F31
:10035000F0001FF800FFFE00000000000000000099
:100360000000007FF0001FF8007FFE00000000008A
:10037000000000000000007FF0003FFC007FFE0056
:1003800000000000000000000000007FF0003FFFC0
:10039000FFFFFE0000000000000000000000007FE2
:1003A000F0007FFFFFFFFE000000000000000000E3
:1003B0000000007FF0007FFFFFFFFE000000000054
:1003C000000000000000007FF000FFFFFFFFFE00C4
:1003D00000000000000000000000007FF000FFFFB0
:1003E000FFFFFE0000000000000000000000007F92
:1003F000F000FFFFFFFFFE00000000000000000013
:100400000000007FF001FFFFFFFFFE000000000082
:10041000000000000000007FF001FFFFFFFFFE0072
:1004200000000000000000000000007FF001FFFB62
:10043000FFFFFE0000000000000000000000007F41
:10044000F001FFF1FFFFFE000000000000000000CF
:100450000000007FF001FFF1FFFFFE000000000040
:10046000000000000000007FF001FFF3800FFE009D
:1004700000000000000000000000007FF001FFE32A
:10048000800FFE0000000000000000000000007F60
:10049000F001FFC7800FFE00000000000000000018
:1004A0000000007FF800FE0F000FFE0000000000BB
:1004B000000000000000007FF800FE1E000FFE009C
:1004C00000000000000000000000007FF8007E7EB9
:1004D000000FFE0000000000000000000000007F90
:1004E000FC003FF8000FFE000000000000000000CC
:1004F0000000007FFC000FF0000FFE000000000075
:10050000000000000000007FFE000000000FFE0061
:1005100000000000000000000000007FFE0000005E
:10052000000FFE0000000000000000000000007F3F
:10053000FF000000000FFE000000000000000000AF
:100540000000007FFF800000000FFE0000000000A0
:10055000000000000000007FFFC00000000FFE0050
:1005600000000000000000000000007FFFE000002D
:10057000000FFE0000000000000000000000007FEF
:10058000FFF00000000FFE0000000000000000006F
:100590000000007FFFF80000000FFE0000000000D8
:1005A000000000000000007FFFFE0000000FFE00C2
:1005B00000000000000000000000007FFFFF80003E
:1005C000000FFE0000000000000000000000007F9F
:1005D000FFFFF000000FFE00000000000000000020
:1005E0000000007FFFFFFFFE000FFE000000000084
:1005F000000000000000007FFFFFFFFE000FFE0074
:1006000000000000000000000000007FFFFFFFFC72
:10061000000FFC0000000000000000000000007F50
:10062000FFFFFFF8000FFC000000000000000000CA
:100630000000007FFFFFFFF0000FF8000000000047
:10064000000000000000007FFFFFFFE0000FF0004F
:1006500000000000000000000000007FFFFFFFC05E
:10066000000FE00000000000000000000000007F1C
:10067000FFFFFF80000FC00000000000000000002E
:100680000000003FFFFFFF00000F8000000000009F
:10069000000000000000003FFFFFFE00000F000010
:1006A00000000000000000000000000FFFFFFC0041
:1006B000000E00000000000000000000000000002C
:1006C000000000000000000000000000000000002A
:1006D000000000000000000000000000000000001A
:1006E000000000000000000000000000000000000A
:1006F00000000000000000000000000000000000FA
:1007000000000000000000000000000000000000E9
:1007100000000000000000000000000000000000D9
:1007200000000000000000000000000000000000C9
:1007300000000000000000000000000000000000B9
:1007400000000000000000000000000000000000A9
:100750000000000000000000000000000000000099
:100760000000000000000000000000000000000089
:100770000000000000000000000000000000000079
:100780000000000000000000000000000000000069
:100790000000000000000000000000000000000059
:1007A0000000000000000000000000000000000049
:1007B0000000000000000000000000000000000039
:1007C0000060003FC0E0380FC0781C3FFC00000014
:1007D000000000000060007FE0E0380FC07C1C3F9C
:1007E000FE00000000000000006000E070E0381C27
:1007F000E07E1C000E00000000000000006000C051
:1008000030E0381CE0771C000E0000000000000003
:10081000006000C030E7F81870739C380E000000CC
:1008200000000000006000C030E7F8387071DC386C
:100830000E00000000000000007000C030E0383002
:100840003070FC380E00000000000000007800E06E
:1008500070E0387038707C381E0000000000000026
:10086000003FF07FE0E03873F8703C3FFE0000008E
:1008700000000000001FF83FC0E038E3FC701C3FA0
:10088000FC0000000010203B232E534E45672F47ED
:100890004A2C46274567625C45676C1B22266C1B09
:1008A0000311042B45673C5A45675B1C45676D087F
:1008B0000C595E0957524A2C03114A2C54484A2CB1
:1008C000440F10203B566A0B4A456710203B575295
:1008D0001635556E642135556E643E3F566A0A13CF
:1008E000403900462700136F4F0013183018143D8D
:1008F0006400566A64002D3A2207031145676400BC
:100900005365742056616C756500134F4567756EAD
:1009100069747320736574757000501C134F5465AF
:100920006D7020556E69737400A5F1A61A03114C01
:100930006F636B20536176650027F00311496E7475
:10094000657276616C205361766500031127F000B3
:100950005361766520496E74657276616C3A004623
:1009600068001D6D696E00612902060042290206B9
:1009700000251F566A534A52657365742043616CA3
:10098000008182566A8384436C69636B20456E7470
:10099000657200086A64005374616E646172642059
:1009A00056616C75653A00858682086A4187496E92
:1009B000205374616E6461726420536F6C75746946
:1009C0006F6E008889688A8B57616974696E672EBB
:1009D0002E2E00566A7E7F5375636365737366754A
:1009E0006C004661696C00566A8C8D8E8F180046CB
:1009F0006972737420506F696E743A008E9018009B
:100A00005365636F6E6420506F696E743A00918F06
:100A1000184E65787420506F696E740092934B4C39
:100A20008A8B536561726368696E672E2E2E00444F
:100A300061746120736176656400737563636573C7
:100A40007366756C6C79009B4A2C4E6F2044617400
:100A5000610097989496004D61782053697A653AC1
:100A60002000313030303000143D959600557365CC
:100A70002053697A653A2000143D999A0053656CB9
:100A800065637465643A20009C9D00547970653AF2
:100A9000200044543A00534E3A003C5A5072657359
:100AA00073757265005B1C53616C696E69747900C3
:100AB000A01C004C6F6E6769747564653A00A11CD8
:100AC000004C617469747564653A009B10203B4E5C
:100AD0006F2050726F62652100251F0E0D45675211
:100AE00065736574204D6574657220000E0D456751
:100AF0005265736574004D485F456750726F6D7045
:100B00007420546F6E6500042B5F416C61726D2020
:100B1000546F6E650001285F4B65797061642054E5
:100B20006F6E6500A84AA61A4175746F204C6F63FA
:100B30006B00A71B4D616E75616C006C1B41757479
:100B40006F0049443A0053656E736F7273005379B6
:100B50007374656D00486973746F726963616C20AA
:100B60004461746100446174652F54696D65004C83
:100B7000616E6775616765004175746F6D61746959
:100B8000632053687574646F776E004175746F6D80
:100B900061746963205361766500416C61726D0018
:100BA0004169722050726573737572650053616C90
:100BB000696E697479004750532051756572696593
:100BC0007300496E737472756D656E7420496E663C
:100BD0006F00446174612053746F726500446174E6
:100BE00061205669657700446174612044656C65D5
:100BF00074650043616C6962726174696F6E005361
:100C0000657474696E67730053656E736F72204903
:100C10006E666F0053617665004F4646004F4E008A
:100C20004C6F772054483A00486967682054483A26
:100C300000534E3A0048572056657273696F6E3AFA
:100C40000053572056657273696F6E3A004F6E6598
:100C500020506F696E740054776F20506F696E7406
:100C60000043757272656E743A005374616E64610C
:100C700072643A00436F6E6669726D004D656E7501
:100C800000446174653A0054696D653A00556E69B7
:100C9000743A006C1B4B4C450553656172636820C8
:100CA00050726F6265004B4C6853656172636800F7
:100CB00020707074006D672F4C0020202025005696
:100CC00065722E41005665722E42005665722E43A3
:100CD000005665722E44006B506100491E03114599
:100CE000677B536176652073657474696E6700492C
:100CF0001EA2A34A2C7B5769706520646174610051
:100D0000491E3E3F566A7B43616C69627261746939
:100D10006F6E00491E251F0E0D7B466163746F7256
:100D20007920726573746F7265007C7D7E7F7C7D37
:100D30008C8D4A2C03117E7F03118C8D495965736C
:100D4000001E4E6F00701D69711D69721D6935208E
:100D5000206D696E75746573003130206D696E7534
:100D6000746573003230206D696E75746573002090
:100D700020444F202000202070482020002054755F
:100D8000722000002046434C2000002020454320D4
:100D90002000204F5250200000204E48334E2000AB
:100DA0002020462D20200020434C2D2000002043F1
:100DB000686C2000002042676120000020434F44FF
:100DC0002000002020202020200068516F6F7778BD
:100DD000797A7778797A6F6851737475766F605124
:100DE00060516F6F737475760000000000000000A2
:100DF00000000000000000000000000000000000F3
:100E0000000000000000000000FFFFF080001080E4
:100E1000001C8000148000148000148000148000E6
:100E20001480001C800010FFFFF0FFFFF080001016
:100E3000BC001CBC0014BC0014BC0014BC0014BCDE
:100E40000014BC001C800010FFFFF0FFFFF08000CA
:100E500010BCF01CBCF014BCF014BCF014BCF014BA
:100E6000BCF014BCF01C800010FFFFF0FFFFF0800E
:100E70000010BCF3DCBCF3D4BCF3D4BCF3D4BCF39F
:100E8000D4BCF3D4BCF3DC800010FFFFF0000C00F6
:100E9000003E00004C00308010790018FFFFFC7805
:100EA00020183010100009C00007C00001C01FFF4B
:100EB000FFFFFFFFFFFFFFFF007FFFFFFFFFFFFFC1
:100EC000FFFFFFC07FFFFFFFFFFFFFFFFFFFE0F817
:100ED000000000000000000001E0F0000000000041
:100EE00000000000F0E0000000000000000000F042
:100EF000E0000000000000000000F0E00000000042
:100F00000000000000F0E000000000000000000011
:100F1000F0E0000000000000000000F0E000000031
:100F2000000000000000F0E00000000000000000F1
:100F300000F0E0000000000000000000F0E0000011
:100F400000000000000000FCE000000000000000C5
:100F50000000FFE0000000000000000000FFE000D3
:100F60000000000000000000FFE0000000000000A2
:100F7000000000FFE0000000000000000000FFE0B3
:100F8000000000000000000000FFE0000000000082
:100F900000000000FFE0000000000000000000FF73
:100FA000E0000000000000000000FFE00000000082
:100FB0000000000000FFE000000000000000000052
:100FC000FFE0000000000000000000FFE000000063
:100FD000000000000000FFE0000000000000000032
:100FE00000FFE0000000000000000000FFE0000043
:100FF00000000000000000FFE00000000000000012
:101000000000FCE0000000000000000000F0E00034
:101010000000000000000000F0E000000000000000
:10102000000000F0E0000000000000000000F0E020
:10103000000000000000000000F0E00000000000E0
:1010400000000000F0E0000000000000000000F0E0
:10105000E0000000000000000000F0F000000000D0
:101060000000000000F0F800000000000000000197
:10107000E07FFFFFFFFFFFFFFFFFFFE07FFFFFFFBE
:10108000FFFFFFFFFFFFC01FFFFFFFFFFFFFFFFF8F
:10109000FF001FFFFFFFFFFFFFFFFFFF007FFFFFBE
:1010A000FFFFFFFFFFFFFFC07FFFFFFFFFFFFFFF0F
:1010B000FFFFE0F8000000000000000001E0F00089
:1010C0000000000000000000F0E000000000000050
:1010D000000000F0E3FFFFF0000000000000F0E37C
:1010E000FFFFF0000000000000F0E3FFFFF0000051
:1010F00000000000F0E3FFFFF0000000000000F03F
:10110000E3FFFFF0000000000000F0E3FFFFF0004D
:101110000000000000F0E3FFFFF00000000000000E
:10112000F0E3FFFFF0000000000000FCE3FFFFF031
:10113000000000000000FFE3FFFFF00000000000DF
:1011400000FFE3FFFFF0000000000000FFE3FFFFEF
:10115000F0000000000000FFE3FFFFF000000000CF
:101160000000FFE3FFFFF0000000000000FFE3FFCE
:10117000FFF0000000000000FFE3FFFFF0000000B0
:10118000000000FFE3FFFFF0000000000000FFE3AD
:10119000FFFFF0000000000000FFE3FFFFF0000091
:1011A00000000000FFE3FFFFF0000000000000FF70
:1011B000E3FFFFF0000000000000FFE3FFFFF0008E
:1011C0000000000000FFE3FFFFF00000000000004F
:1011D000FFE3FFFFF0000000000000FFE3FFFFF06F
:1011E000000000000000FCE3FFFFF0000000000032
:1011F00000F0E3FFFFF0000000000000F0E3FFFF5D
:10120000F0000000000000F0E3FFFFF0000000002D
:101210000000F0E3FFFFF0000000000000F0E3FF3B
:10122000FFF0000000000000F0E3FFFFF00000000E
:10123000000000F0E0000000000000000000F0F0FE
:10124000000000000000000000F0F80000000000B6
:1012500000000001E07FFFFFFFFFFFFFFFFFFFE057
:101260007FFFFFFFFFFFFFFFFFFFC01FFFFFFFFF2D
:10127000FFFFFFFFFF001FFFFFFFFFFFFFFFFFFF5D
:10128000007FFFFFFFFFFFFFFFFFFFC07FFFFFFFAC
:10129000FFFFFFFFFFFFE0F800000000000000007C
:1012A00001E0F0000000000000000000F0E000009D
:1012B00000000000000000F0E3FFFFF1FFFFF80076
:1012C0000000F0E3FFFFF1FFFFF8000000F0E3FF94
:1012D000FFF1FFFFF8000000F0E3FFFFF1FFFFF870
:1012E000000000F0E3FFFFF1FFFFF8000000F0E373
:1012F000FFFFF1FFFFF8000000F0E3FFFFF1FFFF49
:10130000F8000000F0E3FFFFF1FFFFF8000000FC31
:10131000E3FFFFF1FFFFF8000000FFE3FFFFF1FF35
:10132000FFF8000000FFE3FFFFF1FFFFF8000000FF
:10133000FFE3FFFFF1FFFFF8000000FFE3FFFFF115
:10134000FFFFF8000000FFE3FFFFF1FFFFF80000E0
:1013500000FFE3FFFFF1FFFFF8000000FFE3FFFFE6
:10136000F1FFFFF8000000FFE3FFFFF1FFFFF800CF
:101370000000FFE3FFFFF1FFFFF8000000FFE3FFC5
:10138000FFF1FFFFF8000000FFE3FFFFF1FFFFF8B0
:10139000000000FFE3FFFFF1FFFFF8000000FFE3A4
:1013A000FFFFF1FFFFF8000000FFE3FFFFF1FFFF89
:1013B000F8000000FFE3FFFFF1FFFFF8000000FF6F
:1013C000E3FFFFF1FFFFF8000000FCE3FFFFF1FF88
:1013D000FFF8000000F0E3FFFFF1FFFFF80000005E
:1013E000F0E3FFFFF1FFFFF8000000F0E3FFFFF183
:1013F000FFFFF8000000F0E3FFFFF1FFFFF800003F
:1014000000F0E3FFFFF1FFFFF8000000F0E3FFFF53
:10141000F1FFFFF8000000F0E00000000000000015
:101420000000F0F0000000000000000000F0F800F4
:101430000000000000000001E07FFFFFFFFFFFFF52
:10144000FFFFFFE07FFFFFFFFFFFFFFFFFFFC01F6A
:10145000FFFFFFFFFFFFFFFFFF001FFFFFFFFFFF7B
:10146000FFFFFFFF007FFFFFFFFFFFFFFFFFFFC04A
:101470007FFFFFFFFFFFFFFFFFFFE0F8000000001E
:101480000000000001E0F00000000000000000008B
:10149000F0E0000000000000000000F0E3FFFFF1BA
:1014A000FFFFF8FFFFF8F0E3FFFFF1FFFFF8FFFF9A
:1014B000F8F0E3FFFFF1FFFFF8FFFFF8F0E3FFFFB5
:1014C000F1FFFFF8FFFFF8F0E3FFFFF1FFFFF8FF88
:1014D000FFF8F0E3FFFFF1FFFFF8FFFFF8F0E3FF95
:1014E000FFF1FFFFF8FFFFF8F0E3FFFFF1FFFFF868
:1014F000FFFFF8FCE3FFFFF1FFFFF8FFFFF8FFE35A
:10150000FFFFF1FFFFF8FFFFF8FFE3FFFFF1FFFF31
:10151000F8FFFFF8FFE3FFFFF1FFFFF8FFFFF8FF21
:10152000E3FFFFF1FFFFF8FFFFF8FFE3FFFFF1FF2D
:10153000FFF8FFFFF8FFE3FFFFF1FFFFF8FFFFF801
:10154000FFE3FFFFF1FFFFF8FFFFF8FFE3FFFFF10D
:10155000FFFFF8FFFFF8FFE3FFFFF1FFFFF8FFFFDA
:10156000F8FFE3FFFFF1FFFFF8FFFFF8FFE3FFFFE6
:10157000F1FFFFF8FFFFF8FFE3FFFFF1FFFFF8FFC8
:10158000FFF8FFE3FFFFF1FFFFF8FFFFF8FFE3FFC6
:10159000FFF1FFFFF8FFFFF8FFE3FFFFF1FFFFF8A8
:1015A000FFFFF8FFE3FFFFF1FFFFF8FFFFF8FCE3A9
:1015B000FFFFF1FFFFF8FFFFF8F0E3FFFFF1FFFF90
:1015C000F8FFFFF8F0E3FFFFF1FFFFF8FFFFF8F08F
:1015D000E3FFFFF1FFFFF8FFFFF8F0E3FFFFF1FF8C
:1015E000FFF8FFFFF8F0E3FFFFF1FFFFF8FFFFF860
:1015F000F0E3FFFFF1FFFFF8FFFFF8F0E00000006D
:10160000000000000000F0F00000000000000000FA
:1016100000F0F8000000000000000001E07FFFFF84
:10162000FFFFFFFFFFFFFFE07FFFFFFFFFFFFFFF69
:10163000FFFFC01FFFFFFFFFFFFFFFFFFF000003D3
:10164000C0000007E000000FF000000FF000001FD6
:10165000F800001FF800003E7C00007C3E00007C8B
:101660003E0000FC3F0000FC3F0001FC3F8003FC0B
:101670003FC003FC3FC007FC3FE007FC3FE00FFE1C
:101680007FF01FFFFFF81FFFFFF83FFE7FFC3FFCCE
:101690003FFC7FFC3FFEFFFE7FFFFFFFFFFFFFFFE2
:1016A000FFFF7FFFFFFE0000000000000000003E83
:1016B0003CE042444042444040804020804018800A
:1016C00040048E400284404244404244427C38FE02
:1016D00000000000000003C00E7008101818181851
:1016E00018181FF83FFC3FFC3E7C3FFC3E7C3E7CD4
:1016F0003E7C3FFC1FF8000000000000000001805D
:1017000003C007E00FF01FF83FFC7FFE7FFE0000E4
:1017100000000000000000000000000000000000C9
:101720007FFE7FFE3FFC1FF80FF007E003C0018043
:10173000000000000000A9AA456746696C74657244
:10174000696E672073657474696E677300AB4A00D5
:10175000506172616D657465723A0028322D3430C3
:101760002900AC466173740068884E6F726D616CBD
:1017700000AD536C6F7700CF10203B4E4F20536568
:101780006E736F7200501C54656D700032185A658C
:10179000726F00A2B8436C65616E696E6700491E86
:1017A0003E3F56A2B8436C65616E696E6700BBBC74
:1017B0004E54550085999AF4F5F2E353656C6563D0
:1017C0007420436F6E204D657300412A5D566A4454
:1017D0004F2D43616C6962726174696F6E00412ABA
:1017E0005D444F00415D444F00DCDD332500DCDD0E
:1017F0001C444F2500B9BA566A434F442D43616CCF
:101800006962726174696F6E00B9BAB6B9BAB7B974
:10181000BABD434F44203100434F44203200434F70
:10182000442033006B1CB66B1CB76B1CBD54757227
:10183000203100547572203200547572203300B983
:10184000BA434F4400F7F8544F43006B1C3218540E
:101850007572205A65726F006B1CBF33547572200D
:10186000536C6F706500B9BA3218434F44205A6503
:10187000726F00B9BABF33434F4420536C6F706529
:1018800000C0C1534A434F4420436F656666696395
:1018900069656E7400143DEAEB1C43757272656EE7
:1018A00074206162736F7262616E636500EAEB1CA3
:1018B000004162736F7262616E636500195A004184
:1018C00062736F7262616E636500ECED32353400F5
:1018D000EEEF333635006B1C544854757220536557
:1018E0007400F2E3838445674D6573204D6F646532
:1018F000205365740013F3F2E34627456753696E7E
:10190000676C65204D65732054696D65205365745F
:101910000013F3F2E3838453696E676C65204D65B1
:1019200073204D6F646500F4F5F2E38384436F6EBA
:1019300074696E756F7573204D6573204D6F6465A6
:1019400000AEAF566A4E48334E2D43616C696272E9
:101950006174696F6E00806FB0D8806FB2B3806FB2
:10196000B4B5704820342E303000704820362E3800
:101970003600704820392E313800806FB0B1806F4A
:10198000D9D8806FDADBC9704820342E303100702E
:101990004820372E30300070482031302E30310052
:1019A000AEAFB6AEAFB74E48334E2031004E4833DF
:1019B0004E203200AEAF4E48334E006D563A008096
:1019C000566A70482D43616C6962726174696F6E0A
:1019D00000807048000887D4232E5374616E6461C0
:1019E0007264206C697175696400D56F0887D4478B
:1019F0004200D6D70887D455534100342E30302FBB
:101A0000362E38362F392E313800342E30312F37DC
:101A10002E30302F31302E303100191533566A43B5
:101A20006F6E642D43616C6962726174696F6E00E0
:101A300019151915334543006B1C566A5475722DE0
:101A400043616C6962726174696F6E006B1C5475DE
:101A50007200CCCD46434C00C4C54F525000C64620
:101A60002D00C7CE434C2D00E0E1E2566A43686C7E
:101A70002D43616C6962726174696F6E00E0E1E22E
:101A800043686C00DEDF75672F4C00E0E1E24368DD
:101A90006C0021184869676820706F696E7400E3F4
:101AA000E445674D656173757265205377697463AA
:101AB000680016E3E4E5E7E8E94C6F772035307518
:101AC000672F4C0021E3E4E5D8DEDFE6486967686C
:101AD0002035303075672F4C00CACBB64267612085
:101AE0003100CACBB7426761203200CACB4267617E
:101AF00000F632566A496E73696465205A65726FE2
:101B00002043616C000E0D8384466163746F7274B0
:101B100079009D24999A4D6F64656C2073656C659E
:101B20006374696F6E000001443730320002034273
:101B30003538300056322E312E33008040201008C8
:101B4000040201245043415331302C332A31460DD5
:101B50000A000000CDCCCC3D9A99993E0000003F90
:101B60000400000800000000000000020001000066
:101B70001000000002400000000000A00000000073
:101B800005400000000000C8000000000C400000FC
:101B90000000409C00000000194000000020BCBE76
:101BA0000000000034400000BFC91B8E000000048C
:101BB000B5400000504BCFD06607E2CF01000000D7
:101BC0006C4100003E8251AADFEEA7340100000004
:101BD000D9420000DCB5A0E23A301F97FFFFFFFFBB
:101BE000B4450000FD25A0C8E9A3C14FFFFFFFFFDA
:101BF000FF3F00000000008000000000FF3F0000E9
:101C00000000008000000000641D020800000020A9
:101C10004858000060010008803802084858002039
:101C200038450000C4010008000000000000F07FFB
:101C3000FFFFFFFFFFFFEF7F1C00000043000000DD
:101C4000F8FFFFFF0C0000000E0000000F00000076
:101C50002E0000001001000043000000F8FFFFFF0D
:101C600000404040404040404040414141414140AF
:101C70004040404040404040404040404040404064
:101C800040050202020202020202020202020202F3
:101C900002202020202020202020200202020202F8
:101CA0000202909090909090101010101010101050
:101CB000101010101010101010101010020202025C
:101CC00002028888888888880808080808080808A0
:101CD000080808080808080808080808020202029C
:101CE00040000000000000000000000000000000B4
:101CF00000000000000000000000000000000000E4
:101D000000000000000000000000000000000000D3
:101D100000000000000000000000000000000000C3
:101D200000000000000000000000000000000000B3
:101D300000000000000000000000000000000000A3
:101D40000000000000000000000000000000000093
:101D50000000000000000000000000000000000083
:101D600000000000120001121004430100010005F0
:101D70001C68FF1F00016360600A83181806200EAC
:101D80000204040408081010102020404027400CD2
:101D900044A4A8A8B0541A2A2A4A442D4324420134
:101DA00032243050050008380801323E57123C1BDF
:101DB00060080204081020427E1030090204180452
:101DC0000242423C30400B040C0C142424447F0497
:101DD00004A1500C7E4040407844020242443860E6
:101DE000100540405C626043221C205242917310F7
:101DF00010603224854150133844905005463A0211
:101E0000029010081010182828243C1632E74020B1
:101E100006F844444478243344F8F720053E42420F
:101E20008001617053F844D05120B00CFC42484806
:101E3000784848404242FC1040044040E08013444F
:101E4000444050048E84444022E73C227E05417089
:101E5000637C1001427C70651F1005080888F070D3
:101E6000300CEE444850705048484444EE4053E033
:101E700040013342FE9023EE6C0112540132D62011
:101E8000500CC7626252524A4A4A4646E2F04282C7
:101E90000151C022FC80737C40A061206005B24CDF
:101EA000380620227C6F6742E3003740209041A033
:101EB00063FE92B091D035E2623CE05407442424A2
:101EC0002828188022D69B1004546C2801513054C5
:101ED0000824241818182424709006EE4444282856
:101EE000502B7E84506720205045B448060C344463
:101EF0004C36AA1006C040405864C473645820177A
:101F00001C22155900140500060202B415E47A3BA0
:101F1000BB19045B7E40509406000C12107C703597
:101F2000E4159D53403CC25AC05055A09406303031
:101F3000000070A0130C0C7032040153447890160A
:101F40004EA35648A0C71070D0353422490172ED17
:101F50001092DC6069A469F0212042D8E055A210FB
:101F60000500001A261F5005261A0207501004EE1D
:101F700032200182F8C0540542403C02A029D231EF
:101F8000E073120C50D6C610557471907008DB893E
:101F90004A5A542424303676A2726E3045B46F10FB
:101FA0001002041F7E44F2038F227E1C04910B1545
:101FB0006C1E6281035E0820042DF20320040808D1
:101FC0007F11619E5D9C0339206E02AC03200A10D4
:101FD00008080402000040200A2D1E041D5204C2FD
:101FE00040C000052D7B4040000110041C003E0253
:101FF00002131C1C200803E007300E381C010004EB
:10200000100C380E02231C0C1C0C07130E38073062
:1020100003E011051005C001C01F04011E020005E8
:102020001203E01FFC9C300A07F00C3C181C300E19
:10203000306E13000EAD10081C0038007000E03444
:10204000000F1480030006060C061806300E3FFC35
:102050003F402008E01C703838381C02613C11AA4F
:10206000127848120C4E41C6120CE103143807C016
:1020700012706C1005F000F00102100403700602EB
:10208000120C02300B18703870307060707FFE20B8
:102090003102071203FE5C80070FFE0FFE180002DC
:1020A00014041BF01E4E32187C6180000417301C93
:1020B0003080340501F0071C65313E940A38003B3E
:1020C000F03F383C1C3C8C211F0C07120E1C0F38B3
:1020D00003F090061C0B1FFE1FFE180C381830185A
:1020E000A30330043000600216C0964280029203BF
:1020F0000205148025FE45FA14093C0E3C0C1F1CF9
:102100000FB054400AF8387C383C701E700E02053F
:10211000184015801406303818381C35512C540BD3
:10212000700E781E383E1C7E0FCECE1618A000070B
:10213000657038E00FC00001033A7FFF3E25F1B51E
:1021400062C008003180318060C0022114CD2C08AB
:10215000100406001E04011202E31F8050414425B2
:10216000A619E219A9100418003060B67F222408CD
:102170003E006300618061C42406000F000180D628
:102180002186CC0461803FC20313000702120F02B4
:1021900010041B003302100663007FC003161136C3
:1021A000B1502B3FC021292530043F00394E011486
:1021B0005020040F0019F0194770047F0071F8E3F4
:1021C00030C0F0327F8C416A21E6920C020114F09B
:1021D0002142854AE150211C566168340661C033B2
:1021E000C01E20140431803358093F1209257C2574
:1021F0002261061DC5061018401020102013FEFA9B
:1022000002144410401BFE3088D088110810D016EC
:102210001C0550508823A2071013481C49E04900B0
:1022200049007DFC41444144794449280210111081
:1022300049104A284A448C8208000BF80A08120206
:10224000101333F83040504097FC10E01150124802
:10225000144418425C103440100011FC11041104A5
:10226000FD141108110015FC19443144D12811281E
:102270001110112851442182040004000FF018208D
:10228000644003801C70E00E1FF01A6210064005C7
:10229000101001000240137FFC0380054005400937
:1022A00020111021084FE48102181018200017FC9B
:1022B0000004408440845FF4408441844284448428
:1022C000488450082007410440144008801E100034
:1022D0000B1013FC0013FE30203820552855249293
:1022E0002412221422E24004A010405C2106233F65
:1022F000F8681019FFFE0500088818502820C91832
:102300000A060C0008200820FFFE0820432008F8D9
:102310003F00111008208C218810083118C10601D7
:1023200000027D100608201FF002161C1208201063
:10233000902308CC4601800610182000C007A30592
:1023400041BC613021D2610412006C39B400041226
:10235000FE2000021240023280FC4321080211A23A
:102360002208B043410402127FFA1C180040784052
:1023700048A05110520865F6504048404FFC484074
:102380006A5052450A2009484441404080084002B2
:10239000100D13F81040308037FE508091000C2053
:1023A00004081110FC25FA258011E02300081814F8
:1023B00004103020C236FEB81102240511401080EE
:1023C0003C180613FE1020FC26300A10201420189A
:1023D000203020D00C1C07102050A02040C5074002
:1023E000062004403FF8A051A6354865BA240821CC
:1023F0000811080910093812F867116B523F0831AB
:10240000102004003FF04D11061C04042004400776
:1024100011FB2570110D1C062000A000403E0C1081
:10242000093C0BE0122012203202100753FE9220CA
:10243000121002400A12120A128A132612128A1469
:10244000181120112CFD34116413A411241134111E
:10245000281D22E122410200603202022303FC0611
:10246000416A216C480B00002488224442448004C5
:102470005E41BA61C231CA10050A01020142260258
:10248000C05807FE4002800400221005110011F818
:10249000041C0600290047FEF50415A7127C042041
:1024A0000801FC0044FE4420021980180A4484FDFF
:1024B000044504022804C0200B00803FFE22202295
:1024C000203FFC061C0F23E020002FF024104220A8
:1024D00041C086300E08180540044004641D570DA5
:1024E00020060840049FE2F82110194C172021C053
:1024F0001DEA051C05FC00800180041C080560091C
:10250000183104C13B0929422D470B31081999584C
:10251000081FFC20005FF0905ACD500318050028DA
:10252000002462201A202FA420242FA82898289263
:102530004FAA4046808201004884481287F2E02971
:1025400088230FE0741E0FCA0C140F7FFC40044F49
:10255000E4482448244FE4400CE019F461FC45D8D9
:102560001702800F19F6440D3018C00620403F7E38
:10257000489085082650089FE410201FE010A249CB
:10258000E681AE29F22208B01AF0552D950315E028
:10259000496A1C1B13FE188054905090511291529E
:1025A0001154129012281428104410841102C003F0
:1025B0003D120412FD0410063110391055021806A0
:1025C0009110111211031C04120E140004140413B0
:1025D000FC1043300447C4440181083E40000425F8
:1025E000F0101A3B7C211441FE7A14A27C2710F9CA
:1025F0007C251025FE22102A10350028F821F61D12
:10260000540428042011FC6048075420902017FE31
:102610005451021C2B0010FC3C2424244854BE8836
:102620002A102A503E7C2A902A103EFE2A104A1078
:10263000421086102420FF20247E7EC482287A1235
:102640000534047AC6054E19E219541A2050340A8A
:10265000200023FC22042204FBFE24132BFE322044
:10266000E22022FC228422842484A4FC4884702159
:1026700084410229FA410A2D60031D690F157A1859
:102680000501FCFD24D61AFCDA3804247DFCEE1189
:10269000068C061C20E020434004228002100A2FF2
:1026A000FC20842084210421703C08220444044836
:1026B00028906604151F150D477FFC2244094AA483
:1026C0004A945114420420100A00047F840804082C
:1026D000241F5E122102100652248A2404021406CA
:1026E0000804100420402D16052C107FFE41029D89
:1026F0007401001D7002800C6032C8041C06E000EA
:10270000200640B0073E4020031D5E03AC0D44444C
:102710002F88111022484FE40020FE0345001006C8
:10272000FAF4AA04AA042C0CA800A9F8A908A9F88C
:10273000B9082132041D760365C00113021DC005CE
:102740001208EA1D21043C11A810A4FCA211223198
:10275000203A2454245428908810101410C01300D8
:10276000008878884BFE4888480079FC4904490471
:10277000100579FC4820125C0850488849049A02E8
:102780002003151E1C0540801FF8D004110215A25D
:1027900062800210082200227C7F442202333E7CA9
:1027A00006134422081404FF4404A21C04411482AA
:1027B0007005100400801FA221023E1F4A061E1051
:1027C000720625231C06440487FC04160451382491
:1027D000087C01200110FFFE222D1803611629E755
:1027E0001E3FA0031C044FF080800459F821021200
:1027F0000A024C040600026003293450093E0822F4
:102800004822483E48062C080822082A282410603E
:10281000041FFC7C0A031C0C0822FE3C9264926498
:10282000FEA492C106110C1C062512210A02000604
:102830003E20AE0521282EF04C0322A0021C0715D5
:1028400010191012081F119D2E047D3204B10E11B3
:10285000401DFE075C111202849441084A640890EE
:1028600011081204E5FA72061D70064DA003280A2D
:10287000FE7C2084288849207EA61405500E50F83E
:102880005E3C07088809040A028C0A7DC00F8E3F4F
:10289000AA0E5DDE06500800027BC24A424A01636E
:1028A000FFEA0A1C084A425A42854A0800033E21B0
:1028B000EC071C060110020EF484061D2608100702
:1028C00010109014A018CA2C0503180C0628061026
:1028D000087C08440845FE4406110A1E88D90632C1
:1028E000480A1E08DC040E1010C0052DA2051E09A2
:1028F000A60A2C04058018000591944D9406116ECB
:102900001C09082104410281020514068DAA046DE8
:10291000A2046DE2051C06290045008390031C14E7
:1029200049202A20083EFF442A44494488A410280C
:10293000FE2822FA032C0D642818283444C2821081
:10294000A0112C9A032FFDACA0035C0B15FC1820E2
:1029500031FCD088105040098E065A081C077FFEB3
:1029600042028424480E1D1E082DCA077C07112030
:102970002510420820093D260911402C050033FE90
:10298000D090042C083C112052A0247EA0093C1EAB
:10299000202023FE4840F888110423FE4092F8903E
:1029A000409000901912E112420E040008E207293B
:1029B000941D1B0D1C0508520892DC0731021D40B6
:1029C000042F1FFE790F2F23F89E091C0783F8425E
:1029D000084208FC0730070027FCE4A424023E2F2D
:1029E00020074DF6083D990F1D88041E04EB062DA7
:1029F000E2056DE005560124A1041C0701000884CE
:102A000048923E062DB6121D160911861C0520108F
:102A1000403FA6061DF8081E084E094E04A6091DD3
:102A20000207D70000624C0D04404444244414487B
:102A300014500440000910047BF84AB8100453F8FD
:102A400062065C124BF84A444A486A3052204210EF
:102A50004288430642A00A441111FEFC001088314E
:102A6000043A02548850889050601C051088130660
:102A7000E00813200BE81404100031023C0450005D
:102A800091EE094D740A21064D80071D86051EF83A
:102A9000B1081DB0081C052FFE2042A6073D5813A3
:102AA0002E8161091D3A0515F02EFCDE143008F365
:102AB000E4122412241306180617E418041060AD5B
:102AC00060053D62052D6A051C099020882088401C
:102AD000805F00082D200A3C0A7F20082808240F68
:102AE00022F0B0051F3FF83B07310256FF605DE85A
:102AF00009A2F8062D490331061D1E0418044000E2
:102B00009F7A1E7F080314130A107FD004103F9091
:102B10000412FFEA040A04060402E02C04480A48EE
:102B2000600B1E3100072C04511090E0033DE803B8
:102B30001E11E2032F140680052D6E062D86092D29
:102B40004604C56E45D42D50092D2C0B4D560B3E19
:102B500011A60465E01D60062EFEDC091C1811FCA0
:102B600021243D2465FC6524A52425FC25203CA0CA
:102B7000244020B00340031347FCD73C094003F82E
:102B80000088E08827AC0A1F23F89C041C07083241
:102B90000823F802C0091D56051D2308C3100808A4
:102BA0002D29042805402880109E2F0FFC44041472
:102BB0000433F832E61A92843212042B1208A07DF4
:102BC000C0093B20FDF4410218081D20E1204120EE
:102BD00007A08D76084D4A0321122F0888BC0849AA
:102BE000802DD6062DC00B2104E9A872FF408D224E
:102BF000048D26044D400C2DC80A1E3C63132C0482
:102C000041FCBD66073F24FD6A074DEA0A1610F92C
:102C10001C06014041202180032C08022016201BA5
:102C2000FC12C2091EFCC20721083C04FE2200C897
:102C30001211DC3C0417FC8477081F14441C061C8A
:102C40000B44E040204820442FFE247E053D220C0A
:102C5000CDB209AE10C0093D900435967C082928F4
:102C6000252445448130044D98093DE00C2C068410
:102C700040A44094E00C2C0E4EA44AA44EA440C4A0
:102C8000465458B441C4070E240C1C0E3E7E4E0C14
:102C90001E4033123E44100B1242089E38100F1C87
:102CA00005081838241F04A1029C04243E18EB13C5
:102CB0003F1842DD171004024204261DBD0A1D6A9A
:102CC00017927E2012FC521248023C0878DC4862BF
:102CD00048424036178EFCF6142D81182E70F209EA
:102CE0001E3ED5091C04441038B106BC083C1042F5
:102CF0007C42003C940E1D7F151E3E5B05211D127B
:102D0000021FBE7C831331C010045C0062BC410210
:102D1000A15F1C073E0042C04240E3072C075C80D5
:102D200062804280D417EC044238E7F40E11601C34
:102D300004DC1062BD0531020F107CE7FA182E3C4E
:102D400050162C05407E3C40951802117C20317AAB
:102D5000254E81BC1E0E0C0C1E21C40F3E31E81006
:102D600041025200062D7E052DCA071C0E23F8F8DD
:102D70000027BC24A42CA437BCE084041C0C2160D4
:102D800022502448B846404009AC063C0E090011C8
:102D9000FE12803280348050F890A2084F10FCAAB6
:102DA000081F1080D3041C04480040C20B19682E71
:102DB000209E08100444222802440A122A32444A5F
:102DC00040868102D91FFE40140A5244021C078427
:102DD00010841E84F1240E2D800C6DD81545353CD1
:102DE00004D8426491181D54171C064258E740004D
:102DF000EF0B1C09902090109013FC0054061FF05C
:102E000090FC0A110E2D7C0F1E12FD041E47200B94
:102E10005E0422064DF60B2D38042DF00E3DB00C4D
:102E20002C061040088006A80F1C0517FC11106026
:102E30000F1DE0031C043BF856E4031E9010036DC5
:102E4000A00419171244022D9C041D2A0D3E3E8E2B
:102E50000E1DFB041C07220F12780A2000091E0019
:102E6000E5183F27FC60043F40E7A805252E100425
:102E700022082B4E1C04222802160D2C08203C2769
:102E8000C02040F8BA051C07402940365CE44006E3
:102E90001004275C24061C05A7FC4404C0051C166E
:102EA0004017FE11208120423C42441664129423B4
:102EB00048E2482230720D9C0550228803A00C6D18
:102EC000980E1D13072E20740B1D680D2D600E2DFE
:102ED0003E071F4023360F1208481E3055061D00BE
:102EE0000F1D620E2D96032D66060D18241B8D26D0
:102EF0001B0D13441B4E0043173D300E1D2E0E1D9F
:102F000074043F0041601065442DF20D1D80051DC5
:102F10003E0E200C4440548054FE550856885402FE
:102F20001F50543E086C09285024884504820260D2
:102F30000D3DFC0F2DBA041F0021500ADC0A0304CA
:102F400005041928E11001A9160E13FFC015CD982C
:102F500009E12A11925D260F100902400220021099
:102F600002080261123DDE096DCC0B6DFA0E6102A2
:102F70004DE0066E0242101DE4055C06304057FC31
:102F8000903E104F104080081D60161DE7055E1F23
:102F9000E6043DD8111DF0093D000E1E50BF0D7D09
:102FA000160B5D06104DFE105E040E103D2C07FD45
:102FB0009C0F3DA40F1C0441084160068D52112D49
:102FC0005E0E181022003EF822883E9022502F20DC
:102FD000F25042006DE8056D440689C465801C040A
:102FE00022401220111E04680B4FF7FC7E062D00B4
:102FF000084F141C00031C04200027C2031C0421DA
:1030000010F03C082C0921B0264E3040E3F88C0328
:1030100029B41EA08C1A2DC010654020057FFC0429
:1030200080021DB4071F80108A0D2F407CC0114EF6
:1030300011FC103D3412680511106008045D800712
:103040001D800D2D76081C071224FFA412242A0EC1
:10305000980514410881AC1D7E111EFC140B13F859
:10306000FD043C15110E17F8180837BCD0A412A4A3
:103070001128129054A8284698125D9E081D260417
:103080002DA8082D2A041408222012280A3006CF61
:103090001D600A1C11200824104430F848108423B5
:1030A000024000FDFCA6087D400E4D680E1E25BBAB
:1030B000101D21092EFC720E1C04FDFE40150D1C76
:1030C000041C2AE001082D87121D60031DC0071C87
:1030D0000683F8404047B0071E139C035EE3A40339
:1030E0002DA0036D20112F8824C2102D6E0C857227
:1030F0008D180C4D861261023C050CD00B20091274
:103100003D22051E20B609140750F0230C02040DC1
:1031100041021DF9083C04030C0130091DEE0E2C80
:1031200009243CA420A84020BD280B2DA0073DA8C1
:10313000071C04145018100B4F02029813BE0136DE
:10314000076DDC072DE00B1E00401B2D300F2C0BF4
:10315000002003FEF00210941050600C1C0A13FEB5
:103160001428184410820380041F207CC007201AF2
:10317000FE8442447047C41444143C2420E41024C8
:103180005425422942294A1238402D20151C0D820F
:103190002242244A200BFC1284128860041C055031
:1031A000222024A2030F1E090600145DE0101C0556
:1031B000F8184854930E3F50485E131DA20D3D640D
:1031C000051DC0094DF0041C0A3208ABF8A000A789
:1031D000FCA4960B1D0E051D3606AC09211020E03F
:1031E00023182C06200A1E041E0AC0114050081085
:1031F000FFD01112320A0C0A1B066082201C042424
:10320000900B3E0D4C0D60500412248A0B0A108660
:103210006042B8173E04BA161004140024021E447B
:10322000F41615649F601FC004DC0518082438FFDD
:1032300007900408183E201138CD8007DC05226075
:103240001C6020085C08404240245C186206209FF5
:10325000223C8D1B1E3805064DB6073C0446003A3D
:1032600082089004246018807004083C38775E0857
:103270008A08AF3E3CA1081D371AD20802FE3E99CB
:10328000073E426D092D63123E20A7072DA6204D53
:10329000E0031FFC841C153E402A061E215C0A1018
:1032A00004212022016F241EAB1C1F3E38310873FD
:1032B0008280021F4282281E9D210972F8C06D7E05
:1032C00008AF440053051008C7FE62926210520214
:1032D000324A0212460292E240D2E73E9E42400843
:1032E00091C02D2B0A3E187307D1215C173CC742B1
:1032F00062426202520452184A044A024A42464258
:10330000463CE2731D1F481412081C054108BE48C4
:10331000860C1C0D287F0E08782A08290849088881
:10332000950C1D5D101D7007BC1200407E400240D0
:10333000046008501A482C444A440A8E032C050A9B
:1033400048095002033C083402380451F090E01060
:103350002B10809E5C0517FC1204E0091D1C211037
:103360000848424880788048021D6909900542401B
:1033700044E0E05EE0600A8102AF42004B1C173877
:10338000FC5F210210047C82480216445FCC044298
:1033900038E3400A4DD609727C42AD8B1B7D600A32
:1033A00000051100487E48202B3EE07E728002110D
:1033B0009F0C04284238FE200A5D9F0AB102AD7FAF
:1033C0000A290021021E784020213B1160F73CF8B9
:1033D000C549E810040C00342A4F4C00C5204D7438
:1033E000064DF0072F2FE832182D52134D84102D63
:1033F000200FADC0031C0400107F86091E3F8A0900
:103400000C0B10FFF2248A150A24864C42CA0BFDCD
:10341000DC070D1B800685011D20031C0640C6200D
:103420004218C30B1DE3212C0446427BB7164DA363
:10343000115D78051D9B172C041C1022AC0D2D422C
:10344000060F10401C851F1EFE081A6102CEEDC932
:103450001B31601C05FE20491886133C07024942B7
:103460004942ED46221D80193D1C181C044908F9EB
:10347000DC112DB6071C04F9F841CA087C061908AE
:10348000E1084784082E3C8C231804448044611CC6
:1034900004448E428C051E42A8219D4C123EE7E852
:1034A000211D620471C0CDA00B2D06171E18EB164E
:1034B0001DED161DA40BFE44200C3D8622B1012DEE
:1034C000E720AD200D66420269000C042860106000
:1034D000200D3D2105BD21041E60E1043DDE061DD9
:1034E0003610200C21FC39044A0455F481142102C1
:1034F0001EF4A2153C07282912310220600B1E0E73
:1035000026062DD9121EFFE1121C0418441C681255
:103510001E2AE3123E88E112D608805804C63E42B5
:10352000802804463C7BF3563CC03EE0540A3DCC28
:103530000A55C01E42150C4D5F071F20788F0E21C3
:10354000021D1615310821106D671A25A02DD513FF
:103550001C0449F8F889141D60121C0D20FA224140
:103560007400A81924E22240801949B02DD6072DF5
:10357000280AEF0420C012AF00006E0F2DBE1B41C1
:103580000441341D680B4C06001DFCF104E2121EC0
:1035900010981D1C0439FE5466173E91C8163E1340
:1035A000A0123DB305527EBA1E781F0E2D830A3C31
:1035B0000642084404385D141D5A042D7D1BBE10BC
:1035C000FB052DF0110404102000407F76C6E0F8C2
:1035D0000546187B00E15F3E08800E1DF40F753F25
:1035E00011612EE0AB1CADA3081DDC1752FE612C4F
:1035F0000507F87908F01C1C054920493C62161C97
:1036000008044A887A884A503E0C3F5008600A8D68
:10361000E01A6D6A17158A4D260F6E3E9D1E2F3CCF
:103620007EA004100842400278044408E01DF424FF
:103630009F447E40050D11A007AE008A1E4D600715
:103640001DC4051D600759FFBD60070D1AE00F106E
:10365000197BFE480051FC5104610451FC48004BA9
:10366000FE4A8A6A5253FE4222021F2A42C0161C98
:103670000A03FC190C250425041984151D22222196
:10368000063D3E095D4C212F04271609100554857F
:103690005445021215021C052554E55462181C06F7
:1036A0008422442414FD231D6F051D12132DF413D1
:1036B0001F080A71192C0E1040E0A020A021102133
:1036C0001022082480162D400A1EFEC80E3C05A0BC
:1036D0000120F3BE185E1062195C04282047800A9E
:1036E0001C0421FC24371B17FBFE182C0F944050A0
:1036F000FD10409003FE1C28E04440A0091D8012EC
:103700002DEC0D1C0805F40444E444277A176C0DD5
:1037100025F425142D1435F4240404146C241C04FD
:10372000FE3892CE09B102BDC0074D9F047DF5174A
:10373000FD001101FF0101FF0101FF0101FF010176
:10374000FF0101FF010D58AE271FF87E4C2E3E04ED
:103750003D174E087F168C044410F8962B5C04002D
:10376000183C360F7D6117B0052442187E401D2697
:10377000141C0544407878390D2E02C00B0C05103E
:103780004444F838A01711364109110B0004FF3CDE
:1037900018000101FF0101FF0101FF0101FF01010B
:1037A000FF0101FF0101FF0101FF0101FF0101FF15
:1037B0000101FF0101FF0101FF0101FF0101FF0103
:1037C00001FF0101FF0101FF0101FF0101FF0101F3
:1037D000FF0101FF0101FF0101FF0101FF0101FFE5
:1037E0000101FF0101FF0101FF0101FF0101FF01D3
:1037F00001FF0101FF0101FF0101FF0101DF0110D4
:1038000006B00C0208B50412BA0412BF0412C504B3
:1038100012CB0412D1182DAC365DCB4B0224014ED5
:10382000DD994C0D29042612DB7412E28C2DDB513C
:1038300010051F1C1F1E02310501267A055A24FFA0
:1038400081E06B300193013C04C1B80135388D41F2
:10385000531E1F4B511E1F964E4104810A01B40195
:1038600004041B057901888F31F51332091FB10259
:103870001401222D08586D3154E108011A0100008D
:0400000508000125C9
:00000001FF
