:020000040800F2
:10000000389E00203D020008E1EB000821C60008F0
:1000100071DB0008AD2F0008BD19010800000000C9
:100020000000000000000000000000002D07010893
:100030005D7D00080000000065040108A90C0108AE
:10004000570200085702000857020008570200082C
:10005000570200085702000857020008570200081C
:10006000570200085702000857020008570200080C
:1000700057020008B556000857020008C15600088C
:10008000CD56000857020008570200085702000822
:1000900057020008570200085702000857020008DC
:1000A00057020008570200085702000857020008CC
:1000B0002D0D0108570200085702000857020008DA
:1000C00057020008570200085702000857020008AC
:1000D00057020008B1180108C9180108E118010801
:1000E000570200085702000857020008570200088C
:1000F00057020008000000005702000857020008DD
:10010000570200085702000857020008570200086B
:1001100057020008570200085702000800000000BC
:100120005702000800F002F800F078F80AA090E802
:10013000000C82448344AAF10107DA4501D100F0A2
:100140006DF8AFF2090EBAE80F0013F0010F18BFF7
:10015000FB1A43F001031847D4B90200F4B90200B6
:1001600010F8013B0A4413F0030408BF10F8014BD8
:100170001D1108BF10F8015B641E05D010F8016B5B
:10018000641E01F8016BF9D1002D15D010F8014B58
:1001900003F00C030C2BA1EB04040ABF10F8013B85
:1001A000A4EB8314A4EB032405F1010314F8016B01
:1001B0005B1E01F8016BF9D5914238BF10F8013B85
:1001C000D1D370470023002400250026103A28BF11
:1001D00078C1FBD8520728BF30C148BF0B607047B9
:1001E000662929F04582642900F0C8810020704703
:1001F0001FB59DE8030000F061FB00F0B7FE0400AE
:100200000020002128F0FCF8401C60600020002144
:1002100028F0E0F8E0601FBD10B510BD00F0F0FF61
:100220001146FFF7E5FF22F059FB01F093FA03B402
:10023000FFF7F2FF03BC01F003FB00000948804711
:1002400009480047FEE7FEE7FEE7FEE7FEE7FEE7B8
:10025000FEE7FEE7FEE7FEE704480549054A064BD0
:1002600070470000290D010825010008387E002094
:10027000389E0020388E0020388E002070B5A0FBFC
:100280000140B4F1805170F1000024BF002070BD26
:10029000204600F007F805001CBF214600F0A5FA33
:1002A000284670BD70B5064600F0ECFA056806F108
:1002B0000B0020F00704B4429CBF002070BD2B4609
:1002C0006A68BAB11068A04210D304F108018842EC
:1002D0003CBF5068586007D35168101941601168DD
:1002E000091B016058601460101D70BD13465268F0
:1002F000002AE7D12146284600F0CCFA0028DED1BA
:1003000070BD70B50446051F00F0BCFA0068002CF3
:1003100014BF446870BD002C18BFAC423CBF2046DF
:100320006468F8D301680A18AA4218BF456003D16F
:100330002A6805461144016028684119A1421CBF82
:100340006C6070BD6168696021680844286070BD98
:1003500070B50D460646041F00F094FAD0F800C0B0
:10036000C5B1E6B105F10B0020F00703AB423CBF7D
:10037000002070BD2068984238BFDCF8042013D3F9
:10038000C11A08292FD3E01840F8041B2360FFF797
:10039000B8FF28E03046FFF7B4FF002070BD2846C4
:1003A000BDE87040FFF77EBF002A18BFA2423CBFE5
:1003B00094465268F8D30119914216D11168084445
:1003C000984212D3C11A08293CBF2060506808D354
:1003D0005168E0184160216812681144C91A01602F
:1003E0002360CCF80400201D70BD181FFFF75AFFD2
:1003F000050007D021680A1F211D00F081FD201D86
:10040000FFF77FFF284670BD53EA020C00F06980B9
:100410002DE9F04B4FF00006002B1FBFB3FA83F518
:1004200003FA05F424FA05F65E4012BF1643B2FA49
:1004300082F502FA05F4C5F120051EBF22FA05FC7B
:1004400044EA0C04203556EA044C4FEA144418BF21
:10045000641C4FF000084FF00009904271EB030C50
:1004600039D3002919BFB1FA81F701FA07F6B0FABA
:1004700080F700FA07F6C7F120071EBF20FA07FC35
:1004800046EA0C062037B6FBF4FCA7EB0507103F45
:1004900007F01F0BCBF120060CFA0BFB2CFA06F62B
:1004A00044BFB3460026202FA4BF5E464FF0000B8A
:1004B0005BEA060C08BF4FF0010B19EB0B09ABFB15
:1004C000027C48EB0608C01B06FB02CC0BFB03CCEE
:1004D00071EB0C01C1E70B46024641464846BDE8B8
:1004E000F08B13B54FF000004FF00001AFF3008028
:1004F000BDE81C40704700000FB41CB50C0007AAF3
:10050000009001D02044401E074B7B446946019077
:10051000069800F082FC002C03D06946002000F011
:100520008FFC1CBC5DF814FB3D09000070B504464F
:1005300085690068C10601D5302600E02026C00785
:1005400007D070BDD4E9012130469047206A401C95
:1005500020626D1EF6D570BD70B5044685690078C1
:10056000C00707D170BDD4E9012120209047206A3F
:10057000401C20626D1EF6D570BD00002DE9F041D3
:100580000646002410687529314616A510D0AFF331
:100590000080002802DA404213A507E031688A078C
:1005A00001D512A502E0490704D511A5012401E0F7
:1005B000AFF3008000210A2206F1240709E0B0FB16
:1005C000F2FCB0FBF2F302FB1C003030785418460A
:1005D000491C0028F3D123462A463046BDE8F041A5
:1005E00000F0ADB9000000002D0000002B0000005D
:1005F000200000002DE9F05F894604464FF0000A14
:10060000DFF824B1FB44C0F820A02046E168884709
:1006100000287DD0252806D0D4E901219047206A02
:10062000401C2062F1E700255F462046E1688847CC
:100630002028064607DB312E05D2B81910F8200C09
:1006400008B10543F1E7A80701D525F00405C4F872
:100650001CA00027C4F818A02A2E09D0304611F09B
:1006600048FC38B304EB8708303EC8F8186019E03E
:1006700059F8041B204604EB87029161E168884722
:10068000012F064618D1E069002820DA25F0200560
:100690001DE0D8F8180000EB800006EB4000303871
:1006A000C8F818002046E1688847064611F021FC8A
:1006B0000028EED1012F0AD02E2E08D12046E16865
:1006C00088477F1C0646022F45F02005C4DBA06941
:1006D000002803DA404245F00105A061E80701D097
:1006E00025F01005A6B1A6F14100192802D8203640
:1006F00045F400654A463146204625604D46FFF7E1
:100700006FFD60B1012807D0ED1D25F0070000E066
:1007100007E000F1080978E705F1040975E73046BC
:100720007AE7206ABDE8F09F7CB4020030B5054648
:100730000B462A4613F8014B12F8010B08B1A042F0
:10074000F8D01CB1002802D06D1CF1E7284630BD5E
:10075000032A40F2308010F0030C00F0158011F8ED
:10076000013BBCF1020F624498BF11F801CB00F8C5
:10077000013B38BF11F8013BA2F1040298BF00F819
:1007800001CB38BF00F8013B11F0030300F0B88340
:10079000083AC0F0088051F8043B083A51F804CBFD
:1007A000A0E80810F5E7121D5CBF51F8043B40F8C3
:1007B000043BAFF30080D20724BF11F8013B11F8CE
:1007C00001CB48BF11F8012B24BF00F8013B00F812
:1007D00001CB48BF00F8012B704702F0FF0343EA4A
:1007E000032242EA024200F002B84FF0000204295C
:1007F000C0F0128010F0030C00F01B80CCF1040C50
:10080000BCF1020F18BF00F8012BA8BF20F8022B83
:10081000A1EB0C0100F00DB85FEAC17C24BF00F829
:10082000012B00F8012B48BF00F8012B70474FF057
:10083000000200B5134694469646203922BFA0E830
:100840000C50A0E80C50B1F12001BFF4F7AF09073C
:1008500028BFA0E80C5048BF0CC05DF804EB89002D
:1008600028BF40F8042B08BF704748BF20F8022B70
:1008700011F0804F18BF00F8012B70477047704788
:100880007047000000487047DC7D002070477047CB
:100890007047704738B504460A4600206946AFF3F2
:1008A0000080002808BF38BD02460099204600F0AD
:1008B00065FB012038BD012000F09ABCF8B5AFF30C
:1008C0000080054600200C46102000BF0646A819EF
:1008D000A0420DD9324669460020AFF300800700E0
:1008E00008BF00F085FC0098A04218BF0546C41957
:1008F000FFF7C8FF05600746F01D20F00700461906
:10090000284600F00AF8B44208BFF8BDA21B3146E1
:100910003868BDE8F84000F031BB00210160C0E953
:10092000011070471020704710B500F023FB0068DD
:1009300010BD10B5044600F01DFB046010BD2DE98C
:10094000F0470D4699469246044600F12408016896
:10095000880604D5E06921F01001216000E0012043
:10096000A84201DD471B00E00027A1697A1902EBCC
:100970000900081AA0612078C00602D42046FFF7BB
:10098000D5FD002608E0D4E901211AF806009047B9
:10099000206A401C761C20624E45F4DB2078C0069D
:1009A0000AD52046FFF7C2FD06E0D4E90121302038
:1009B0009047206A401C2062381EA7F10107F4DC32
:1009C00007E0D4E9012118F805009047206A401C8F
:1009D0002062281EA5F10105F3DC2046FFF7BCFDCF
:1009E0002078000602D50220BDE8F0870120FBE751
:1009F00070472DE9FF4F0C461E464FF0FF378BB076
:100A0000D2E90001DDF860800A908A46C1F30A55F8
:100A100005B93D46002108464FF00000BAF1000F2D
:100A200000F4400005DA00EB80004FF4400101EAD9
:100A300050004FEA9059B9F1010F00DDB9460A980C
:100A400050EA4A000ED044F61050A5F2FF35454357
:100A50002F14B8F1000F1ED07542291E1EDDC9F1FA
:100A600000021CE0B8F1010F4FF0000001D030216E
:100A700003E0F24305E02154401CB042FBDB30466A
:100A80000022002121540B99C1F80880C1E90020FF
:100A90000FB0BDE8F08FBD1B6D1CDEE74A4600DAE3
:100AA000694206A800F032FB06AB93E8070003ABEF
:100AB00083E8070050460A9901F033F98DE80700F2
:100AC000A0F500501F3800900398002D0ADD42F277
:100AD0001F014A460844002303A90390684601F019
:100AE000DFFB09E0A0F500504A461F38002303A9A8
:100AF0000390684601F0FEFB8DE807000004000C3F
:100B000003D04FF0FF30410800E01046B8F1000F6D
:100B100003D00022009215461EE0751E05D400F099
:100B200047FA303262556D1EF9D5B34601220843AB
:100B300002D000227F1C04E02078302801D100225E
:100B40007F1E002A099784D01DE0112D07DA00F0DE
:100B50002FFA303262556D1C50EA0102F5D108437C
:100B600002D00098C8B10EE00021681E05E0235CA9
:100B7000625C63542254401E491C8142F7DBAB4641
:100B8000A81B401E0990002004F80B000B98099A3E
:100B9000C0F80880C0E9002B7AE711264FF0000862
:100BA00057E72DE9F04F88460446D21D22F0070191
:100BB00091B0D1E90001CDE90A0111F0F5F8024642
:100BC0000B98C00F01D02D2007E02068810701D5C8
:100BD0002B2002E0202101EAC000032A099001D065
:100BE000072A05DB03464146204600F02FFA0BE1B9
:100BF0002078800601D5E06900E00620B8F1650F95
:100C0000814606D0B8F1660F18D0B8F1670F70D1E1
:100C100031E00020B9F1110F009001DB112301E058
:100C200009F101030AAA01A90CA8FFF7E2FEDDE918
:100C30000C70002609F10105834647E001204B4670
:100C400000904FF000470AAA01A90CA8FFF7D1FEB7
:100C5000DDE90DB00C995D46002610B909F10100DF
:100C60000D18B9EB050003D4C0F1FF3609F10105F9
:100C7000A5EB09002BE0B9F1010F01DA4FF00109F2
:100C80000020B9F1110F0090484601DD112300E06A
:100C900003460AAA01A90CA8FFF7ABFEDDE90C7018
:100CA0004D4600268346207800070AD4AB4500DA7B
:100CB0005D4601A8012D04DD411911F8011C302900
:100CC00007D04F4502DA17F1040F04DA01208246FB
:100CD0000FE06D1EEEE7002F02DCED1B3E4403E04B
:100CE000781CA84200DD7D1CB81B00F1010A4FF002
:100CF00000472078000703D4AA4501DB4FF0FF3AF4
:100D00000021B7F1004F0DF143088DF8431024D0B6
:100D100002202B23002F01DA7F422D230A21021EFD
:100D2000A0F1010000DC5FB197FBF1FC97FBF1F251
:100D300001FB1C7C17460CF1300C08F801CDEEE7E6
:100D4000A8F1010003702188090501D5452100E0C3
:100D50006521A0F1010800F8011C09980FA9A1EB79
:100D60000807FF1D00B10120411901EBEA70A169DC
:100D70003844081A401EA0612078C00602D42046DC
:100D8000FFF7D4FB099828B1D4E901219047206AE4
:100D9000401C20622078C00622D52046FFF7C6FB03
:100DA0001EE0002E04DBB34502DD01A8805D00E0FB
:100DB0003020D4E901219047206A401C2062761C33
:100DC000AAF101005FEA000A0AD100F0CFF8C0687A
:100DD0000168405CD4E901219047206A401C2062F0
:100DE000281EA5F10105DCDC07E0D4E9012118F893
:100DF000010B9047206A401C2062381EA7F10107B2
:100E0000F3DC2046FFF7A8FB032011B041E6000009
:100E100001694A1C02610878704700B58FB0CDE9BE
:100E200001310021059105497944CDE903101146AE
:100E30006846FFF7DFFB0FB000BD0000E5FFFFFFD6
:100E40000A6802F8010B0A607047D1E900239A4250
:100E500002D2531C0B601070704700000FB40023C7
:100E600000B589B00CA900910B99CB60214B7B4454
:100E70000693214B7B44079304236FF00042CDE996
:100E800001321E4A7A446B4608920246002028F03E
:100E900077FC09B05DF814FB70B506464FF0FF30E3
:100EA00015460C46324686B00091CDE901016946EF
:100EB0000020049004A8FFF7D1FF024604982118EF
:100EC00025B108B1084600E02046286004980028B3
:100ED0000DD0002A02DD0098884208D03246081B57
:100EE00069460094CDE9010404A8FFF7B7FF06B0F6
:100EF00070BD00005B02000073020000B30100003F
:100F000010B5203AC0F00B80B1E81850203AA0E8A4
:100F10001850B1E81850A0E81850BFF4F5AF5FEAD8
:100F2000027C24BFB1E81850A0E8185044BF18C98B
:100F300018C0BDE810405FEA827C24BF51F8043B32
:100F400040F8043B08BF7047D20728BF31F8023B86
:100F500048BF11F8012B28BF20F8023B48BF00F81A
:100F6000012B704700487047D47D0020004870472F
:100F7000F47D002000487047D47D0020034640687F
:100F80008C46002818BF88423CBF03464068F8D30F
:100F900018681844884207D00CF1030020F00700BD
:100FA000001D411A521A0146081D0A60FFF7A9B92F
:100FB00030B5B0F10A024FEA900E71F100034EEA2B
:100FC000817EB0EB0E0061EB91014FEA101E4EEAFC
:100FD000017E10EB0E0041EB11114FEA102E4EEA8C
:100FE000016E10EB0E0041EB11214FEA104E4EEA5C
:100FF000014E10EB0E0041EB1141401841F1000190
:101000004FEAD00040EA41704FEAD10110EB800571
:101010004FEA810444EA907444EB01046D1944EBF7
:101020000404521BA3414FF0000348BF0A3200D50D
:1010300030BD401C41F1000130BD10B5044600F048
:1010400005F90068005D00F0010010BD2DE9F041D8
:101050001F46044603260168072A01F4006004DBEA
:1010600008B116A505E016A503E008B115A500E036
:1010700015A521F010002060A069C01EA0610FB16D
:10108000401EA0612046FFF751FA4FB1D4E901217B
:1010900038469047206A401C2062C01C206206E04F
:1010A000206AFAE7D4E9012115F8010B9047761E72
:1010B000F8D22046FFF750FABDE8F0814E414E00CD
:1010C0006E616E00494E4600696E6600426842B12C
:1010D000016811F8013B23B1521EC0E90012184605
:1010E00070470121C160881E704742685AB1C368C9
:1010F000016843B983688B4205D0491E521CC0E980
:101100000012002070474FF0FF3070472DE9F04784
:10111000814616468AB0354878440DC88DE80D00E2
:1011200032487844801C03AC0DC884E80D0041F6B9
:101130009B300844372190FBF1F290FBF1F5A5F1CB
:10114000800501FB12041B3C02D56442012000E033
:101150000020DFF898A080460027FA44AAF1BE0AD2
:101160000EE0E0070AD03246684607EB470101234C
:101170000AEB810101F0BEF88DE8070064107F1CC6
:10118000002CEED1194F7F44AE3F19E0E80715D08F
:1011900007EB04100DF1180A90E80E008AE80E0023
:1011A000C068F04201D1981908903246012306A97F
:1011B00003A801F09FF803AB83E807006D10641CDF
:1011C000002DE3D14FF0010332466946B8F1000F1C
:1011D00003A802D001F064F801E001F08BF8C9E93E
:1011E0000001C9F808200AB0BDE8F087F8A902009C
:1011F00010B500F0BDFABDE8104000F0B4BA704779
:101200007546FFF7AFFEAE4605006946534620F02F
:101210000700854618B020B5FFF71EF8BDE820404E
:101220004FF000064FF000074FF000084FF0000BA2
:1012300021F00701AC46ACE8C009ACE8C009ACE855
:10124000C009ACE8C0098D467047000010B5FFF733
:101250008DFE001D10BD00BFA97102002DE9FF4FDA
:1012600006468BB00878FF2806D0491C2D2805D0EB
:1012700000244FF0000908E000200CE00124F8E70A
:1012800009EB8903491C00EB43090878FF28F7D1D3
:1012900014B1C9F100008146107800252C46AA46F9
:1012A00029462D2801D02B2804D1521C2D2813D0DB
:1012B000002082468B461078FF280FD04FF0000C9C
:1012C0000A21521CA5FB017804FB018105FB0C11CE
:1012D000C5194BEB0104EEE70120EAE700210846BF
:1012E0004FF00000BAF1000F02D000EB8000400880
:1012F000C0F38157012F01DD4FF0FF370E9955EAFA
:10130000040009EB01080BD04FF0020918F5FA7F31
:1013100016DA4FEACA70002F706008DD012007E07E
:101320004FEACA70C6E900B00FB0BDE8F08F0020E8
:101330003060FFF71FFEC0F800901821084616E045
:10134000B8F5FA7F18DD002F02DAF748784401E09B
:10135000F6487844D0E90010C6E9001040EACA70A7
:101360007060FFF707FEC0F80090142108460FB028
:10137000BDE8F04F28F079B9002108464FF0000091
:10138000B8F10001099002DAC7F1000200E03A4624
:1013900001DAC8F1000106A8FFF7B8FE06AB93E832
:1013A000070003AB83E8070044F23E005BEA040158
:1013B0000090584604D144F21E012C465D4600912F
:1013C000210C0904014306D10099240444EA154480
:1013D0002D041039009104F07F41014306D100999A
:1013E000240244EA15642D020839009104F070418A
:1013F000014306D10099240144EA15742D01091F07
:10140000009104F04041014306D10099A40044EA50
:101410009574AD00891E009104F00041084304D189
:1014200000986D196441401E00904FF001033A4648
:101430006846B8F1000FCDE9014503A902DD00F0CF
:101440006EFF01E000F041FFBAF1000F04460D46C7
:1014500001D084F00044002108464FF000000999B3
:1014600040F2FF77484010F00C0F07D124F0004005
:10147000284303D0C4F30A50B84212D1FFF77AFDD3
:10148000C0F80090C4F30A50B8420AD1A848784482
:10149000D0E90010C6E9001004F000410843706074
:1014A00042E7C6E900543FE72DE9FF4F1F464FF0E2
:1014B000000A4FF0FF38454691B0D7E90146CDF814
:1014C0003CA0FFF753FDC0680168405C1090B9690B
:1014D00012986D1C8847396A814688470028F6D1E2
:1014E000B9F1FF3F0AD0002E24F4D06411DDB9F128
:1014F0002B0F08D0B9F12D0F0BD102E0404615B0EB
:1015000013E744F48064B96912986D1C8847761E0D
:101510008146600504A901D52D2000E02B20002E76
:1015200001F1010B0DF130088DF810003FDDB9F12C
:10153000690F08D0B9F1490F05D0B9F16E0F02D08B
:10154000B9F14E0F1CD13B4601A8009580E850022E
:10155000DDE912126FF0020028F016F9C11CCED19D
:101560000EE0B96912986D1C884781461398761E63
:1015700044F4007405600F98401C002E0F9016DD97
:10158000B9F1300FEDD0B9F1780F02D0B9F1580FA1
:101590000DD10F9801280AD13B46CDE90054DDE971
:1015A0001212001F029628F0EDF8C11CA7D1109965
:1015B00089453ED144F0800406E01399681CAAF1E5
:1015C000010A44F400740860B9696D1C1298761E13
:1015D000884730288146F0D02BE01099894505D105
:1015E000200603D4761E44F0800418E0484610F02C
:1015F00080FC08B3761E0DF123018B4544F4007482
:1016000008D2A9F130000BF8010B200607D5AAF18A
:10161000010003E0200602D40AF101008246A00581
:1016200002D51399681C0860B96912986D1C884727
:101630008146002ED1DC53E0002E51DDB9F1650F5B
:1016400002D0B9F1450F4BD1A00549D5B9696D1C40
:101650001298761E24F440748847002E81460CDDD3
:101660002B2804D0B9F12D0F07D144F48074B96947
:1016700012986D1C8847761E8146E00501D52D2104
:1016800000E02B2108F8011BCDF8008021E0761E38
:101690000DF13901884544F400740CD2A9F13000F1
:1016A00010F0FF0088F8000002D10099884509D9A0
:1016B00008F1010806E0E00501D51E4801E042F20C
:1016C0000F708246B96912986D1C8847814613983D
:1016D0000560002E04DD484610F00BFC0028D6D132
:1016E000F96912988847FF2053468BF8000088F864
:1016F000000000200A900B9004AA0CA90AA8FFF78A
:10170000ADFDA00502D46FF00100F8E614F0240F3F
:1017100012D0E0071CD13868DDE90A12031D3B60D6
:101720000068C0E9001213E004A80200F6A7020056
:10173000BAA60200F1D8FFFF0AA9684610F068FBBC
:10174000E00705D13868009A011D39600068026021
:101750002846D4E610B50446AFF300802046BDE825
:101760001040FEF764BD002801D000F069B8704752
:1017700010B5012805D0002103A000F067F8012072
:1017800010BD09A1F8E7000053494752544D454D9B
:101790003A204F7574206F662068656170206D6512
:1017A0006D6F7279000000003A2048656170206D0D
:1017B000656D6F727920636F727275707465640005
:1017C0004FF0013C50F8042B51F8043B9A4221D1D0
:1017D000A2EB0C03934313EACC1317D150F8042B5C
:1017E00051F8043B9A4215D1A2EB0C03934313EA40
:1017F000CC130BD150F8042B51F8043B9A4209D179
:10180000A2EB0C03934313EACC13DBD04FF00000A0
:10181000704700BFD01A01BAB1FA81F101F0180186
:1018200022FA01F0CB40C1F12001DBB2C0B2C01AF4
:101830002CFA01F3D11A914311EAC311E6D1704792
:1018400001491820ABBEFEE72600020070B5054630
:101850000C460A2000E06D1C00F011F835B1287824
:101860000028F8D102E0641C00F009F814B12078D7
:101870000028F8D1BDE870400A20AFF3008008B519
:1018800069468DF800000320ABBE08BD2DE9FF4F6F
:101890001F464FF03C0987B04FF00042DDE91410BD
:1018A00001F10108DDF858A002EA40500390002041
:1018B00005908346054604460490B969461E08987B
:1018C0008847AAF1010A0290BAF1000F3BDD0298A5
:1018D0002E2815D0102100F016FA00282EDB4FF02C
:1018E000010B0599014317D0B9F1000F0BDB4A46F4
:1018F000C11700F0F5F905430C43A9F1040905E00F
:10190000012004900BE008B145F00105012005908D
:10191000049820B9361D02E0049800B1361FB96959
:10192000089808F101088847BBF1000FAAF1010AE5
:101930000290C9D00999C1F80080C5E702987028C3
:1019400008D0502806D0F96908988847BBF1000FE5
:1019500014D04FE0002002900120BBF1000F049052
:1019600009D0B969089808F101088847AAF1010966
:10197000B9F1000F07DCF969089888476FF001009A
:101980000BB0BDE8F08F2B2804D02D280CD14FF0E0
:10199000FF300490B969089808F101088847A9F157
:1019A0000109B9F1000FE6DD411CE4D00A2100F085
:1019B000AAF90028DFDB029908F1010801EB810197
:1019C00000EB41000290B969089888470A2100F0AD
:1019D0009AF9099AA9F10109B9F1000FC2F800803A
:1019E00001DD0028E7DAF969089888470499029828
:1019F00000FB016655EA040004D004F040410900F0
:101A000002D006E0039898E0A40044EA9574AD0083
:101A1000B61E04F00041080002D16D196441761E23
:101A2000159810F0240F03D04FF00B095C4803E029
:101A30004FF028096FF07D008246564507DAAAEB81
:101A400006018944B9F1410F01DD4FF04109012040
:101A50000021A9F1010200F043F9024628400B469B
:101A60002140084301D0012100E00021501E0291D5
:101A700043F1FF3128402140084301D0012000E01C
:101A800000200299834651EA0B014FD000210846FD
:101A90004FF00000039900F4400039B100EB8000E2
:101AA0004FF4400100EBD07001EA6000801501287E
:101AB00002DD4FF0FF3000E013D0401C36D002981A
:101AC00060B3BBF1000F0CD14A460120002100F0A9
:101AD00007F928402140084301D0012000E0002000
:101AE000E0B101204A46002100F0FAF8034640190F
:101AF0000A4661412D1A8C4111D3B9F1400F09DD1D
:101B0000159810F0240F02D0AAF1340603E0AAF1D0
:101B1000170600E0761C00254FF0004406E05B1E2F
:101B200042F1FF3220EA030521EA0204CAF1010072
:101B3000B04206DA1B490398084301900020009048
:101B40000EE0039AC4F3D321E80A0A43164940EA97
:101B500044500A433146CDE90002684610F0BEF910
:101B6000159810F0240F0BD01598C00715D13868C0
:101B7000DDE90012031D3B600068C0E900120CE0C3
:101B800002A8694610F044F91598C00705D13868D5
:101B9000029A011D3960006802604046F0E60000CC
:101BA00002FCFFFF0000F07F0000F03F2DE9FF4F37
:101BB00092461D4685B04FF00041DDE9124BDDE94C
:101BC00014727F1E01EA4B50414940F0FF4940EA40
:101BD0000108002122F020004928049102D04E285B
:101BE00028D04CE03BA0012607C88DE80700A96972
:101BF0000698641C88477F1E014606D41DF806001F
:101C000018B121F0200181420BD0E969069888477C
:101C1000032E34D0082E32D06FF0010009B0BDE899
:101C2000F08F761C032E01D0082EE0D1601CCAF87C
:101C30000000DCE7A9690698641C88477F1E2AD447
:101C400020F02000412826D1A9690698641C884705
:101C50007F1E20D420F020004E281CD1A9690698B0
:101C6000641C88477F1E48F4002849F48009CAF89C
:101C7000004001D4282806D0E969069888475FEA21
:101C8000CB7012D022E0A9690698641C88477F1E99
:101C900001D4002803DAE96906988847BCE72928B7
:101CA000F1D1641CCAF80040E9E71BF0240F07D00B
:101CB00028680499031D2B600068C0E9001805E03E
:101CC0002868021D2A600068C0F800902046A5E739
:101CD0000000F07F494E46494E495459000000002B
:101CE000B2F120030AD5C2F1200301FA02F120FA71
:101CF00003F300FA02F041EA0301704700FA03F12E
:101D00004FF0000070473A2800D2303820F020020F
:101D1000412A01D3A2F13700884201D34FF0FF30AE
:101D200070475FEA400C08BF91F0000F4FEA8C2328
:101D30004FEAC12243EA51514FEA1C5018BF00F547
:101D4000F0404FEA300018BF41F000415FEA6C5CA0
:101D500000F02980BCF1FF3F08BF40F08040704791
:101D6000130C06BF12044FF0100C4FF0000C130EB2
:101D700004BF12020CF1080C130F04BF12010CF186
:101D8000040C930F04BF92000CF1020CD30F04BF9C
:101D900052000CF1010C11464FF00002A0F11F009F
:101DA000A0EB0C00704711F0004F08BF704731F0F6
:101DB00000413FF4D5AF0B0C06BF09044FF0100CE7
:101DC0004FF0000C0B0E04BF09020CF1080C0B0FB6
:101DD00004BF09010CF1040C8B0F04BF89000CF146
:101DE000020CCB0F04BF49000CF1010CCCF1200315
:101DF000A0EB0C0022FA03F302FA0CF241EA030111
:101E000000F10100704720F07F4C80EA030023F0CE
:101E10007F47ACEB070303F57C5300F0004003F170
:101E2000FF032DE980494FEA154B09B44FEA1443EB
:101E300025EA0B4E24EA03480FF2042606EB13278B
:101E400049083E785FEA320203FB0667C7F50007E0
:101E500007FB06F64FEA54374FEAD64606F102066C
:101E600007FB066CCCF1005C4FEA1C472CEA074CE0
:101E700007FB06F40CFB06F504EB15464FEA961635
:101E800034BF00204FF000404FEAD13706FB07FC7B
:101E90004FEA1C4C0CFB0BF7D21B03FB0CF761EB5E
:101EA00007010CFB0EF7B0EB074072EB17420CFB7F
:101EB00008F734BFA2EB0742B2EB074261EB1741D0
:101EC0004FEA0C444FEA910706FB07FC4FEA1C4C13
:101ED0000CFB0BF7B0EBC74072EB573203FB0CF770
:101EE00034BFA2EBC742B2EBC74261EB57310CFBE8
:101EF0000EF7B0EBC70072EB57720CFB08F734BF5C
:101F0000A2EBC702B2EBC70261EB5771039F4FEA26
:101F1000816141EA921104EBCC044FEAD1374FEAD8
:101F2000826206FB07FC42EA90124FEA80604FEAA9
:101F30001C4C0CFB0BF7D21B03FB0CF761EB0701EE
:101F40000CFB0EF7B0EB074072EB17420CFB08F7E7
:101F500034BFA2EB0742B2EB074261EB17414FEAF5
:101F60008C554FEA910704EB9C2406FB07FC4FEAD3
:101F70001C4C0CFB0BF7B0EBC74072EB573203FB6A
:101F80000CF734BFA2EBC742B2EBC74261EB57314B
:101F90000CFB0EF7B0EBC70072EB57720CFB08F7A7
:101FA00034BFA2EBC702B2EBC70261EB577115EB6E
:101FB0004C254FEA816141EA92114FEA82624FEA71
:101FC000D13742EA901206FB07FC44F100044FEAC5
:101FD00080604FEA1C4C0CFB0BF7D21B03FB0CF789
:101FE00061EB07010CFB0EF7B0EB074072EB1742F9
:101FF0000CFB08F734BFA2EB0742B2EB074261EBE0
:10200000174115EB1C154FEA813141EA92414FEA25
:10201000823242EA90424FEA80304FEA0C7644F135
:10202000000448EA03434EEA0B484FF0000EB2EBBF
:10203000080C71EB030724BF624639464EEB0E0EC7
:102040004FF0000B0018524149414BEB0B0BB2EB28
:10205000080C71EB03077BF1000B24BF6246394685
:102060004EEB0E0E4FF0000B0018524149414BEB66
:102070000B0BB2EB080C71EB03077BF1000B24BFD9
:10208000624639464EEB0E0E51EA020718BF46F083
:10209000010616EB0E7655F1000254F1000103D54E
:1020A000BDE88901BDE80088BDE88901BDE80048B8
:1020B000B619524141EB0101A3F101037047808041
:1020C0007F7E7D7C7B7A7978777676757473727192
:1020D00071706F6E6E6D6C6C6B6A6A69686867664A
:1020E00066656464636362616160605F5F5E5E5DDC
:1020F0005D5C5C5B5B5A5A59595858575756565550
:1021000055555454535352525251515050504F4FB1
:102110004F4E4E4D4D4D4C4C4C4B4B4B4A4A4A4901
:102120004949484848474747474646464545454444
:1021300044444443434343424242424141410000FC
:1021400046EA0646A3F570534FEA164646EA42565B
:102150004FEAD22242EA415210B54FEAD121A3F10F
:10216000010300F02FF820F0004000F1020C00F015
:10217000004701EB00501146BCF5006F40EA070034
:1021800000D210BDBAF1000F0AD01CB503B44FF055
:1021900004004FF004014FF000000FBCBDE81040F8
:1021A0004FF00001BBF1010FB9BF04484FF0FF3100
:1021B0000348002140EA070010BD00BFFFFFEF7F8A
:1021C0000000F07F002B9C4630D477002BD01CB54C
:1021D0004FEA370703B44FF010004FF01001BAF187
:1021E000000F06D0BCF1000FDCBF40F0080040F04B
:1021F00008014FF000000FBCBDE810400BF1010BCF
:10220000BBF1010F08BF5FEA170722BF12F10102FD
:1022100011F101014FF0004143F1000300F00040D3
:1022200043EA00007047F9D35708D0E746EA06466C
:1022300013F1400F4FEA16461FDD13F1200FDFBFE9
:1022400016430A46002120335B42BED0C3F120076B
:1022500046EA064602FA07F74FEA164646EA070636
:10226000C3F1200722FA03F201FA07F721FA03F17A
:102270004FF0000342EA0702A7E746EA020646EAF1
:1022800006464FEA164646EA0106BCBF46EA06463F
:10229000360C4FF000034FF000024FF0000194E7BE
:1022A0002DE9804C9A46934670B491E8380007C8EF
:1022B00031EA400C48BF34EA430C03D5FFF7A3FDD5
:1022C000FFF780FFF0BCBDE8008C2DE9804C9A46FA
:1022D000934670B491E8380007C831EA400C48BF13
:1022E00034EA430C03D5FFF78EFDFFF729FFF0BC5E
:1022F000BDE8008C2DE9804C9A46934670B491E875
:10230000380007C810F0804F08BF13F0804F03D18A
:1023100000F01AF8FFF756FFF0BCBDE8008C2DE97D
:10232000804C9A46934670B491E8380007C810F084
:10233000804F08BF13F0804F03D100F005F8FFF77E
:10234000FFFEF0BCBDE8008C20F07F4780EA030070
:1023500023F07F4C07EB0C03A3F57C5300F0004007
:10236000A3F1FE0392F0000F00F0B38095F0000F90
:1023700000F077802DE901494FEA11404FEA1446F9
:1023800021EA004800FB06FC24EA064708FB06F6A3
:1023900007FB08F800FB07F718EB06484CEB164C58
:1023A0004FEA124B18EB07484FEA15464CEB174023
:1023B00022EA0B4E0BFB06FC25EA06470EFB06F64F
:1023C00007FB0EFE0BFB07F71EEB064E4CEB164C05
:1023D0004FF000061EEB074E4CEB174B18EB0B08AB
:1023E00040F1000018EB0E0B58EB000840F1000024
:1023F0008F1A4FF000013CBFC943661B14BFB5EBF9
:10240000040C00213CBFC943F61B4FEA17444EEAB7
:102410008E0E27EA04454FEA1C4704FB07622CEAAC
:10242000074C05FB07F70CFB05F604FB0CFC16EB51
:10243000074642EB174216EB0C4642EB1C421BEBE5
:10244000060658EB0202414146EA9E0601D5BDE868
:102450000189B619524141EB0101A3F10103BDE825
:1024600001894FEA14454FEA114724EA054621EA5B
:10247000074C05FB07F406FB07F70CFB06F105FB11
:102480000CFC11EB074144EB17444FEA124711EBE8
:102490000C4144EB1C4422EA074C05FB07F206FB07
:1024A00007F70CFB06F605FB0CFC16EB074642EBA8
:1024B000174216EB0C4642EB1C456A1854F100011A
:1024C00048BF7047B619524141EB0101A3F1010326
:1024D000704795F0000F37D04FEA11424FEA14478A
:1024E00021EA024624EA074C02FB07F106FB07F744
:1024F0000CFB06F402FB0CFC14EB074441EB174108
:102500004FEA154714EB0C4441EB1C4125EA074CFC
:1025100002FB07F506FB07F70CFB06F602FB0CFCBB
:1025200016EB074645EB174516EB0C4645EB1C42F0
:10253000121951F1000148BF7047B619524141EBE1
:102540000101A3F1010370474FEA14454FEA114717
:1025500024EA054621EA074C05FB07F106FB07F7CD
:102560000CFB06F24FF0000605FB0CFC12EB0742D9
:1025700041EB174112EB0C4251EB1C4148BF704735
:10258000921841EB0101A3F10103704770B50446B5
:1025900000680168C943490620D4816821F001011F
:1025A000816008F023FD054613E008F01FFD401B85
:1025B00002280ED920680068C043400609D4E06CA8
:1025C00040F01000E064206D40F001002065012023
:1025D00070BD20680068C0434006E6D5002070BD8D
:1025E000F8B500260446009600680168C94349060C
:1025F0002ED5816841F001018160164816490068B6
:10260000B0FBF1F000EB400000E0401E009000281D
:10261000FBD108F0EBFC054615E008F0E7FC401B99
:10262000022810D920680068C04340060BD5E06C32
:1026300040F01000E064206D40F00100206584F857
:1026400048600120F8BD20680068C0434006E4D41B
:102650000020F8BD1000002040420F0010B50A48CD
:1026600008F048FA6421084808F0ECF9064808F038
:10267000EFF8064CA060044808F077FA052008F04F
:10268000AFFBA06810BD0000B85800201058002013
:102690002DE9F041002507462E462C460BE0FFF7BA
:1026A000DDFF26F0B9F92A46334625F0F1FE641C19
:1026B00005460E46E4B2BC42F1D3384626F0ACF9EA
:1026C00002460B4628463146BDE8F04125F09CBF46
:1026D0000949094A983AC9689161002104E093695F
:1026E000491CC9B21B6993618142F8D39069017892
:1026F00041F0010101707047B85500201249124A9B
:10270000983AC968916103281CD005DC98B101286A
:1027100011D002280ED113E0052811D00A2811D0BB
:10272000142807D10869006900699061017841F0B7
:10273000010101707047087840F00100087070478F
:102740000869F2E70869EFE7B855002010B521F0F5
:1027500095FA7D4A0B287DD027DC7B4C022804F1BA
:10276000080445D0032876D0042863D0082873D104
:102770009079042870D1D07902286DD111F0B2FD82
:102780001CF098FC407961284ED01CF099FC214641
:1027900025F07CFB1CF08EFC4079612847D01CF0B2
:1027A0008FFCBDE8104003F060BF0C280FD012284A
:1027B00071D013286BD111F095FD1DF033FB032868
:1027C00065D10121BDE81040022017F0A3B990792E
:1027D00004285CD1612002F097FF21F009FA5B49DF
:1027E000002008701CF066FCBDE8104000F0D0BA74
:1027F000907904284BD1D0790C2848D111F072FD82
:102800001CF058FC407961280BD01CF059FC0C22BC
:10281000214625F052FB1CF04DFCBDE8104000F0B5
:1028200095BA1CF047FCF2E71CF044FCAFE71CF043
:1028300041FCB6E79079042829D1D079082826D11F
:1028400011F050FD1CF036FC4079612813D01CF0CB
:1028500037FC02E015E025E019E0214600F080F8A1
:102860001CF028FC4079612808D01CF029FCBDE848
:10287000104003F0F3BE1CF01DFCEAE71CF01AFC4C
:10288000F5E79079102802D1D0799C284CD010BD62
:102890001CF010FC02E04FE01CF012FCBDE8104000
:1028A00000F016BA90790424042806D1507A012841
:1028B00021D0082838D0092836D011F013FD1DF09A
:1028C000B1FA5D2801D05E28E1D10021022017F085
:1028D00021F91DF0ADFA80681D49006981601DF085
:1028E000A7FA806801691B48C8601DF0A1FA8068DA
:1028F0000069447110BD11F0F5FC1DF093FA5D28DC
:1029000001D05E28F6D10121022017F003F91DF055
:102910008FFA80681049006981601DF089FA80682B
:102920000E490069C160E0E711F0DCFC1CF0C2FB5D
:1029300040796128B0D1ABE711F0D4FC1DF072FAF8
:102940003F283FF43EAF10BD7C5600202C550020A0
:1029500067A6020862A6020853A6020857A6020844
:102960002DE9FE4F04006FD0487884F8780008788D
:1029700084F87900C87884F87A00887884F87B0035
:10298000487904F8700F08796070C879A070887968
:10299000DFF8C881E0704146A06826F057FBA060D0
:1029A000703C24F079FFA8B1206F26F0AFFA6C4A92
:1029B0006C4B26F081F800226B4B25F069FD25F069
:1029C00035FD6A492067884203DC4FF08441884224
:1029D00000DA21672078DFF898A1DFF898B104F1D8
:1029E0002F01420704F13C0602912ED520F004008D
:1029F0002070A06F6061B0F5000F03DA26F086FA50
:102A00005DA210E0504503DC26F080FA5CA20AE0EB
:102A1000404503DC26F07AFA5BA204E0584508DC66
:102A200026F074FA5AA2CDE9000107213046FDF7DD
:102A300063FD206F26F06AFACDE9000156A2062157
:102A40000298FDF759FD83E086E0A16FA06826F0AB
:102A500089FAA060216F206926F084FA206120465F
:102A600001F024FFA06F6061E079401CC0B2E0710A
:102A700003286DD326F034FC05462946206926F04C
:102A8000E5FA01902946A06826F0E0FA054624F010
:102A9000C5FDDFF80C91002720B324F09FFE02282B
:102AA00020D399F80020484604F1980104F1B009B8
:102AB000009132B10770009811F05CFC484611F0AB
:102AC00059FC2946009811F088FC4846019911F0FC
:102AD00084FC484611F064FC0190009811F060FC01
:102AE000054602E0012189F80010204603F0BCF8F9
:102AF00058BB019826F00AFACDE9000126A206216A
:102B00000298FDF7F9FCB5F5000F04DA284626F027
:102B1000FDF919A213E0554504DC284626F0F6F924
:102B200017A20CE0454504DC284626F0EFF916A272
:102B300005E05D4509DC284626F0E8F914A2CDE958
:102B4000000107213046FDF7D7FCE771A760276138
:102B5000BDE8FE4F21F0F4BBBDE8FE8F00007A44D3
:102B6000CDCCCCCCCCCCFC3F0000404000000C4392
:102B70000000C84200401C4625362E346600000086
:102B800025362E336600000025362E326600000002
:102B900025362E316600000025352E3266000000F5
:102BA0004C5800201CB50C46002832D068460DF069
:102BB000F9FCDDE9000111F073FC164A612102F80D
:102BC000451F102151709C2191706821D170002106
:102BD00011710421517108219171010AD171107292
:102BE000010E5172000C9072200AD0721473200EE4
:102BF0005073200C90730748112102F8421C453095
:102C00000DF050FF21F094FBBDE81C400B2021F09B
:102C1000BBBB1CBD7C5600201CB50C46002832D026
:102C200068460DF0BFFCDDE9000111F039FC164AE1
:102C3000612102F8451F102151709C2191706C2177
:102C4000D170002111710421517108219171010A83
:102C5000D1711072010E5172000C9072200AD07264
:102C60001473200E5073200C90730748112102F842
:102C7000421C45300DF016FF21F05AFBBDE81C4008
:102C80000B2021F081BB1CBD7C56002010B5002814
:102C90001BD00E48612100F8451F062141709C2180
:102CA00081705121C1700021017101214171082100
:102CB00000F8421C054845300DF0F4FE21F038FBC9
:102CC000BDE81040132021F05FBB10BD7C560020F2
:102CD00010B500281BD00E48612100F8451F0421C3
:102CE0004170752181706621C1700021017101213F
:102CF0004171082100F8421C054845300DF0D2FE14
:102D000021F016FBBDE81040032021F03DBB10BDB3
:102D10007C5600200C4810B5612100F8451F0421A5
:102D20004170752282706922C27000220271417165
:102D3000082100F8421C044845300DF0B3FEBDE800
:102D400010400C2021F020BB7C56002010B500283C
:102D50001BD00E48612100F8451F042141707521E8
:102D600081704521C170002101710121417108214B
:102D700000F8421C054845300DF094FE21F0D8FAC9
:102D8000BDE81040082021F0FFBA10BD7C5600209D
:102D900010B500281BD00E48612100F8451F042102
:102DA0004170752181703021C170002101710621AF
:102DB0004171082100F8421C054845300DF072FEB3
:102DC00021F0B6FABDE81040022021F0DDBA10BDB6
:102DD0007C56002010B5002818D00D4861217522BE
:102DE00000F8451F0421417082706922C2700022E0
:102DF00002714171082100F8421C054845300DF070
:102E000051FEBDE81040042021F0BEBA10BD000004
:102E10007C56002010B5002827D0144A40F8701FB7
:102E2000612102F8451F102151709C21917057219A
:102E3000D1700021117102215171042191714178E9
:102E4000D17101781172C1785172807890720748FF
:102E50000D2102F8421C45300DF024FE21F068FAE5
:102E6000BDE81040122021F08FBA10BD7C56002022
:102E700010B50446F32000F037F8204000D00120C0
:102E800010BD000010B5F92000F02EF80A4C20709B
:102E9000F82000F029F86070F72000F025F8A07005
:102EA0006178000340EA01102178BDE8104040EA53
:102EB00011100FF0FDBA00005056002070B5FC2034
:102EC00000F012F80446FB2000F00EF80546FA2048
:102ED00000F00AF8000340EA051040EA1410BDE8CB
:102EE00070400FF0DBBB000070B50B4D06464FF491
:102EF000807400222146284608F073F830460FF00F
:102F0000ABFA0FF0A5FA064601222146284608F042
:102F100068F8304670BD0000000402400178427835
:102F20004901807841EA82010143C9B2F52000F0ED
:102F30000BB8417802784901807841EA8201014367
:102F4000C9B2F420AFF300802DE9F0410B4D0F46DC
:102F500006464FF4807400222146284608F041F8C6
:102F600030460FF079FA38460FF076FA21462846B7
:102F7000BDE8F041012208F034B80000000402402E
:102F80000949094AC968983A0029916104D020B1D9
:102F9000087840F001000870704708699061017876
:102FA00041F0010101707047B8550020FEE70000B4
:102FB0002DE9F04120F062FEB449B54CB54D042630
:102FC00001F108070C2814D00ADCA0F102000A283D
:102FD00071D2DFE800F03D70E2707070577071F3ED
:102FE0001238072867D2DFE800F0EBEA66661A8736
:102FF000B600887903285ED14A2002F085FB20F0D4
:10300000F7FD1CF057F840794A2805D01CF058F815
:10301000394600F003FCBAE01CF04CF8F8E7887978
:10302000032848D111F05EF91CF044F840794A2891
:103030000BD01CF045F8394600F030F91CF03AF896
:10304000BDE8F0414A2100F0A5BE1CF033F8F2E7DC
:10305000887903282FD111F045F91CF02BF840791D
:103060004A280CD01CF02CF80122394600F056FBFF
:103070001CF020F8BDE8F0414A2100F06FBE1CF0C2
:1030800019F8F1E78879032815D111F02BF91CF014
:1030900011F840794A280BD01CF012F8002100F0FA
:1030A00013FB1CF007F8BDE8F0414A2100F0CABE4E
:1030B0001CF000F8F2E780E0887903287DD111F058
:1030C00011F91BF0F7FF40794A280FD01BF0F8FFE9
:1030D000394600F049FB1BF0EDFF40794A2808D043
:1030E0001BF0EEFFBDE8F04103F0BFBA1BF0E2FFBA
:1030F000EEE71BF0DFFFF5E7887906285DD111F0D8
:10310000F1F81CF08FFE352815D1634901200870B5
:103110000146022016F0FEFC1CF08AFE8068006961
:1031200084601CF085FE80680069C5601CF080FE2C
:103130008068006946711BF0BDFF40794A2807D0BE
:103140001BF0BEFFBDE8F0415049093100F0E0B886
:103150001BF0B0FFF6E78879062873D111F0C2F8AA
:103160001CF060FE362812D10121022016F0D2FC9C
:103170001CF05EFE8068006984601CF059FE806867
:103180000069C5601CF054FE8068006946711BF040
:1031900091FFBDE8F04100F0D5B88879032851D1FE
:1031A00011F0A0F81BF086FF40794A2814D01BF0DC
:1031B00087FF394600F032FB03E043E012E055E0C0
:1031C00042E01BF077FF40794A2808D01BF078FFD7
:1031D000BDE8F04103F042BA1BF06CFFE9E71BF0D9
:1031E00069FFF5E78879062801D010282AD111F067
:1031F00079F81CF017FE522811D008DC03280ED0F5
:1032000040280CD042280AD051281BD107E053286F
:1032100005D0542803D0562801D0572812D10121B7
:10322000022016F077FC1CF003FE806800698460C1
:103230001CF0FEFD80680069C5601CF0F9FD806827
:1032400000694671BDE8F08188790628FAD111F04D
:1032500049F81CF0E7FD3F2811D01CF0E3FD582889
:103260000DD01CF0DFFD552809D0EBE78879062842
:10327000E8D111F037F81CF0D5FD0328E2D1BDE804
:10328000F0410121022016F045BC00007C560020D0
:1032900053A6020857A602085457002010B5040090
:1032A0000FD049B1487884F8C800087884F8C9007C
:1032B000B4F8C80030B106E0012024F8C80F0A2095
:1032C000608010BD0220A4F8C800C87884F8CA0045
:1032D00088780D4984F8CB000020088094F8CA0053
:1032E000C83424F0C1FD34F8C809012801D11CF00C
:1032F000DBFAB4F8CA3004F1CC00BDE8104003A2F8
:103300000421FDF7F9B800003A5700202533640086
:1033100000280DD049B14A7880F8C820097880F893
:10332000C910B0F8C81021B104E00121A0F8C810FC
:1033300070470221A0F8C81001490020088070479A
:103340003A57002010B500281BD00E484A2100F83B
:10335000451F03214170052181701D21C17000218D
:10336000017102214171082100F8421C05484530D5
:103370000DF098FB20F0DCFFBDE81040162021F096
:1033800003B810BD7C56002010B5002824D0134887
:103390004A2200F8452F10224270052282704422F2
:1033A000C2700022027102224271042282710A0A52
:1033B000C27101720A0E4272090C81720D2100F86D
:1033C000421C064845300DF06DFB20F0B1FFBDE812
:1033D00010400B2020F0D8BF10BD00007C5600200C
:1033E00010B5002824D013484A2200F8452F102297
:1033F0004270052282703422C270002202710222C1
:103400004271042282710A0AC27101720A0E42726A
:10341000090C81720D2100F8421C064845300DF060
:1034200041FB20F085FFBDE810400B2020F0ACBF31
:1034300010BD00007C56002010B500281AD00E48A0
:103440004A2200F8452F06224270052282701D2272
:10345000C2700A0A02714171082100F8421C064834
:1034600045300DF01FFB20F063FFBDE81040172032
:1034700020F08ABF10BD00007C56002010B5002847
:103480001AD00E484A2200F8452F06224270052223
:1034900082701E22C2700A0A02714171082100F86E
:1034A000421C064845300DF0FDFA20F041FFBDE812
:1034B0001040182020F068BF10BD00007C5600208E
:1034C00070B520F0DBFB7D4C0B2804F108057DD0A6
:1034D00021DC022850D0042879D0082866D00A2898
:1034E00076D1A079032873D110F0FCFE1BF0E2FD29
:1034F00040790A2878D01BF0E3FD294600F034F922
:103500001BF0D8FD40790A2873D01BF0D9FDBDE827
:10351000704003F0AAB80C2812D0122868D01328E3
:1035200056D1A079062853D110F0DCFE1CF07AFCAD
:1035300003284DD1BDE870400121022016F0EABAFF
:10354000A079032844D10A2002F0DEF820F050FBD5
:103550001BF0B0FD40790A280BD01BF0B1FD2946C5
:1035600000F05CF91BF0A6FDBDE870400A2100F0F8
:1035700011BC1BF09FFDF2E7A079032828D110F0C1
:10358000B1FE1BF097FD40790A280CD01BF098FD86
:103590000022294600F0C2F81BF08CFDBDE8704007
:1035A0000A2100F0DBBB1BF085FDF1E7A0790328C1
:1035B0006FD110F097FE1BF07DFD40790A2810D0E6
:1035C0001BF07EFD002100F07FF803E034E013E003
:1035D0005FE009E01BF06EFDBDE870400A2100F0DD
:1035E00031BC1BF067FDEDE71BF064FD85E700E0F3
:1035F00050E01BF05FFD8AE7A079032849D110F065
:1036000071FE1BF057FD40790A280FD01BF058FDC2
:10361000294600F003F91BF04DFD40790A2808D037
:103620001BF04EFDBDE8704003F018B81BF042FDE2
:10363000EEE71BF03FFDF5E7A079062829D110F051
:1036400051FE1CF0EFFB51280DD006DC03280AD0F8
:10365000402808D042281CD105E0522803D0532826
:1036600001D0542815D10121022016F053FA1CF084
:10367000DFFB80681249006981601CF0D9FB80681B
:1036800010490069C1601CF0D3FB80680421006907
:10369000417170BDA0790628FBD110F023FE1CF00B
:1036A000C1FB3F283FF446AF1CF0BCFB5828F9D0C3
:1036B0001CF0B8FB5528F5D070BD00007C560020EA
:1036C00053A6020857A6020810B5002817D00022FA
:1036D0002E24A9B10B78303380F8223080F82340B3
:1036E0004B78303380F8243080F825208B783033C5
:1036F00000F81D3F4470C97830318170C27010BD30
:10370000312380F8223080F82340302180F82410C3
:1037100080F8252000F81D3F4470EEE72DE9F043C6
:1037200000281DD04C2400F85A4F4FF0480C4FF0A1
:103730002D08442380F801C0432180F80280312500
:10374000C3705F2601714F274FF0200945714AB1C0
:1037500037228271C67101724772837280F80B90B2
:10376000BDE8F0833822F4E7002805D029B14A7873
:1037700000F86C2F0978417070473221A0F86C1066
:103780007047000010B500281FD001EB81004FF6F4
:10379000FF7101EA40010D4800F8452F06224270F2
:1037A000052282708622C2700A0A027141710821C4
:1037B00000F8421C054845300DF074F920F0B8FDC2
:1037C000BDE810400B2020F0DFBD10BD7C5600206E
:1037D00010B500281FD001EB81004FF6FF7101EA00
:1037E00040010D4800F8452F0622427005228270E4
:1037F0008522C2700A0A02714171082100F8421C38
:10380000054845300DF04EF920F092FDBDE810401E
:103810000B2020F0B9BD10BD7C5600202DE9F04FE3
:103820008BB00D4604007CD0697861F307002978DD
:1038300061F30F20E97880B261F30706A97861F39C
:103840000F26697961F30707297961F30F2725F0BE
:1038500047FDDFF8D483414625F0F8FB6067B0B23E
:1038600025F03EFD414625F0F1FBA06738B225F07A
:103870001FFDEE4925F0EAFB2067E87A60F30706B2
:10388000A87A60F30F26B0B225F0C6F80022E84B04
:1038900024F0BAFE24F0CAFDC4F88000E87B60F38F
:1038A0000707A87B60F30F2738B225F001FDC4F8A5
:1038B0008C0023F0F1FFA8B1206F25F027FBDD4A33
:1038C000DD4B25F0F9F80022DC4B24F0E1FD24F07B
:1038D000ADFDDB492067884203DC4FF0844188421C
:1038E00000DA216723F094FE002500B9656720788F
:1038F00004F12F01420704F1350B04F13C0A04F1F5
:1039000053090A9132D520F004002070A06F606145
:10391000206F25F0FBFACDE90001CAA206210A9822
:1039200000E020E0FCF7E8FD606F25F0EFFACDE95C
:103930000001C6A207215846FCF7DEFDA06F25F066
:10394000E5FACDE90001C1A207215046FCF7D4FDFC
:10395000D4F8800025F0DAFACDE90001BBA20721F6
:103960004846FCF7C9FD0BB0BDE8F08FA16FA06819
:1039700025F0F8FAA060616FE06825F0F3FAE060E6
:10398000216F206925F0EEFADFF8C88220614646F3
:10399000D4F88010D8F8000025F0E4FA3060204612
:1039A00000F084FFA06F6061617904F1BC000990B0
:1039B000183805900C3803901830A74E07904A2904
:1039C0007DD1E079401CC0B2E071032805D21BF024
:1039D0007DFBB0F8C8000228F2D1E07925F080FC28
:1039E00007463946206925F031FB06903946E068E4
:1039F00025F02CFB04903946A06825F027FB0290A7
:103A00003946D8F8000025F021FB089023F00EFE7F
:103A100098B323F0EBFE022830D3307860B13570D4
:103A2000039810F0A7FC059810F0A4FC079810F07C
:103A3000A1FC099810F09EFCDDE9021010F0CDFC0D
:103A4000DDE9041010F0C9FCDDE9061010F0C5FC3A
:103A5000DDE9081010F0C1FC079810F0A1FC0690F9
:103A6000039810F09DFC0290059810F099FC0490CA
:103A7000099810F095FC089002E0FFE701203070F3
:103A8000B4F8C80001280AD01BF016FD074623F041
:103A90000FFF401D874202D3704805702DE020467D
:103AA00002F0E2F848BB069825F030FACDE90001B3
:103AB00064A206210A98FCF71FFD049800E022E0AA
:103AC00025F024FACDE9000160A207215846FCF751
:103AD00013FD029825F01AFACDE900015BA2072137
:103AE0005046FCF709FD089825F010FACDE90001D1
:103AF00056A207214846FCF7FFFCE571A560E5608A
:103B00002561C8F8005060790A287FF42CAFE0796D
:103B1000401CC0B2E0710328FFF425AF25F0E0FBA4
:103B200007463946206925F091FA06903946E06843
:103B300025F08CFA04903946A06825F087FA3946BA
:103B400002904746D8F8000025F080FA804623F01E
:103B50006DFD98B323F04AFE022830D3307860B16F
:103B60003570039810F006FC059810F003FC0798D8
:103B700010F000FC099810F0FDFBDDE9021010F0D8
:103B80002CFCDDE9041010F028FCDDE9061010F033
:103B900024FC4146099810F020FC079810F000FC26
:103BA0000690039810F0FCFB0290059810F0F8FBCB
:103BB0000490099810F0F4FB804602E0FFE7012032
:103BC0003070204602F050F838BB069825F09EF978
:103BD000CDE900011BA206210A98FCF78DFC049890
:103BE00025F094F9CDE9000118A207215846FCF709
:103BF00083FC029825F08AF9CDE9000113A2072180
:103C00005046FCF779FC404625F080F9CDE90001EB
:103C10000EA207214846FCF76FFCE571A560E56040
:103C200025613D609FE60000000020410000C84281
:103C300000002440CDCCCCCCCCCCFC3F000040409C
:103C400000000C4325352E316600000025362E314C
:103C500066000000885800204C580020545700206F
:103C600010B5002819D00D4800F8452F06224270E3
:103C7000052282701422C2700A0A02714171082161
:103C800000F8421C054845300CF00CFF20F050FBBA
:103C9000BDE81040122020F077BB10BD7C560020FC
:103CA00010B500281AD00E4800F8451F06214170B3
:103CB000052181701521C1700021017179214171A7
:103CC000082100F8421C064845300CF0EBFE20F0BD
:103CD0002FFBBDE81040132020F056BB10BD0000A4
:103CE0007C56002010B5002819D00D4800F8452F4B
:103CF00006224270052282701022C2700A0A0271E6
:103D00004171082100F8421C054845300CF0CAFEFC
:103D100020F00EFBBDE81040122020F035BB10BD96
:103D20007C56002070B50C4C0825294604F8450F38
:103D3000032060700520A0700020E070207106480C
:103D4000657104F8425D45300CF0ACFE2570BDE8AD
:103D500070400C2020F018BB7C5600200C4810B599
:103D600000F8451F03214170052181700021C170B9
:103D700001710821417100F8421C054845300CF0E2
:103D800091FE20F0D5FABDE81040082020F0FCBAE2
:103D90007C56002070B5002833D00023032405256D
:103DA000184808224A2902D00A2910D01CE04A21CA
:103DB00080F8451080F8464080F84750C02180F8D0
:103DC000481080F84930102180F84A100CE00A2190
:103DD00080F8451080F8464080F8475080F8483019
:103DE00080F8493080F84A20C270064811464530B4
:103DF0000CF058FE20F09CFABDE87040022020F044
:103E0000C3BA70BD7C56002010B5002816D00C48EF
:103E100000F8451F03214170052181700021C17008
:103E200001710821417100F8421C054845300CF031
:103E300039FEBDE81040042020F0A6BA10BD0000F5
:103E40007C5600200D4810B500F8451F0321417035
:103E5000052181701021C170002101710121417182
:103E6000082100F8421C054845300CF01BFE20F0EC
:103E70005FFABDE810400A2020F086BA7C56002088
:103E800010B5002819D00D4800F8452F06224270C1
:103E9000052282700722C2700A0A0271417108214C
:103EA00000F8421C054845300CF0FCFD20F040FABB
:103EB000BDE81040122020F067BA10BD7C560020EB
:103EC00010B500281FD001EB81004FF6FF7101EA09
:103ED00040010D4800F8452F0622427005228270ED
:103EE0008822C2700A0A02714171082100F8421C3E
:103EF000054845300CF0D6FD20F01AFABDE8104018
:103F00000B2020F041BA10BD7C56002010B50028CF
:103F10001FD001EB81004FF6FF7101EA40010D480F
:103F200000F8452F06224270052282708722C27057
:103F30000A0A02714171082100F8421C0548453007
:103F40000CF0B0FD20F0F4F9BDE810400B2020F09B
:103F50001BBA10BD7C56002070B51FF08FFE744C4C
:103F60000B2804F108056FD01FDC022850D004286C
:103F700073D008286AD1A079042867D110F0B2F96B
:103F80001BF098F840795F2861D01BF099F829461A
:103F900023F07CFF1BF08EF840795F285AD01BF08D
:103FA0008FF8BDE8704002F060BB0C2815D01228D5
:103FB00073D013284AD1E0799C2847D1207A512820
:103FC00044D110F08FF91BF02DFF03283ED1BDE83E
:103FD00070400121022015F09DBDA079042835D143
:103FE0005F2001F091FB1FF003FE1BF063F84079A6
:103FF0005F280AD01BF064F8294600F013F91BF083
:1040000059F8BDE8704000F0FFBA1BF053F8F3E731
:10401000A079042877D1E0790C2874D110F062F9E6
:104020001BF048F840795F280BD01BF049F80C22B0
:10403000294623F042FF1BF03DF8BDE8704000F038
:10404000C1BA1BF037F8F2E72BE006E05BE01BF0AB
:1040500031F89CE71BF02EF8A3E7A079042852D191
:10406000E0791C284FD110F03DF91BF023F840797E
:104070005F280FD01BF024F8294600F0D3F81BF07E
:1040800019F840795F2809D01BF01AF8BDE8704094
:1040900002F0E4BA1BF00EF8EEE735E01BF00AF888
:1040A000F4E7A07910282ED1E0799C282BD110F0CC
:1040B00019F91BF0B7FE4D280FD008DC03280CD0EF
:1040C00040280AD0422808D04C281CD105E04E28B0
:1040D00003D04F2801D0502815D10121022015F01E
:1040E00019FD1BF0A5FE80681249006981601BF074
:1040F0009FFE806810490069C1601BF099FE8068CE
:1041000004210069417170BDE0799C28FBD110F059
:10411000E9F81BF087FE3F283FF459AF1BF082FE01
:104120005828F9D01BF07EFE4B28F5D070BD00005A
:104130007C56002053A6020857A602081CB50C4660
:10414000002832D068460CF02DFADDE9000110F0AD
:10415000A7F9164A5F2102F8451F102151709C21D2
:1041600091706621D17000211171042151710821D3
:104170009171010AD1711072010E5172000C90728E
:10418000200AD0721473200E5073200C90730748CD
:10419000112102F8421C45300CF084FC20F0C8F8D4
:1041A000BDE81C400B2020F0EFB81CBD7C56002061
:1041B0001CB50C46002832D068460CF0F3F9DDE956
:1041C000000110F06DF9164A5F2102F8451F102119
:1041D00051709C2191706A21D170002111710421CC
:1041E000517108219171010AD1711072010E517241
:1041F000000C9072200AD0721473200E5073200CA1
:1042000090730748112102F8421C45300CF04AFC1B
:1042100020F08EF8BDE81C400B2020F0B5B81CBD86
:104220007C5600202DE9FE4F04007DD0487884F8AC
:104230007800087884F87900C87884F87A0088785B
:1042400084F87B00487904F8700F08796070C879A9
:10425000A0708879E070487A2071087A6071C87A15
:10426000A071887AE071487B2073087B6073C87BFB
:10427000A073887BE073487C2074087C6074C87CE1
:10428000A074887CE074487D2075087D6075C87DC9
:10429000A075887DE075487E2076087E6076C87EB1
:1042A000A076887EE076703C23F0F6FAA8B1206F05
:1042B00024F02CFE6B4A6C4B24F0FEFB00226B4B6F
:1042C00024F0E6F824F0B2F869492067884203DC5C
:1042D0004FF08441884200DA2167207804F12F07EB
:1042E000410704F1350604F13C0526D520F0040011
:1042F0002070A06F6061206F24F008FECDE90001FE
:104300005CA206213846FCF7F7F8606F24F0FEFD4A
:10431000CDE9000159A207213046FCF7EDF8A06F66
:1043200024F0F4FD55A200E005E0CDE900010721ED
:104330002846FCF7E1F8BDE8FE8FA16FA06824F0E5
:1043400011FEA060616FE06824F00CFEE060216F58
:10435000206924F007FE2061204600F0A7FAA06F34
:104360006061E079401CC0B2E0710328E3D324F01F
:10437000B7FF80464146206924F068FE029041461E
:10438000E06824F063FE83464146A06824F05EFEA8
:10439000824623F04BF9DFF8EC904FF0000890B321
:1043A00023F024FA02282FD399F8001004F1A40076
:1043B00001904A460C3804F1B009009051B182F8DE
:1043C000008000980FF0D6FF01980FF0D3FF484609
:1043D0000FF0D0FF514600980FF0FFFF59460198AB
:1043E0000FF0FBFF484602990FF0F7FF48460FF029
:1043F000D7FF029000980FF0D3FF824601980FF08C
:10440000CFFF834603E0FFE7012189F80010204633
:1044100001F02AFCE8B9029824F078FDCDE900010A
:1044200014A206213846FCF767F8584624F06EFDC2
:10443000CDE9000111A207213046FCF75DF8504696
:1044400024F064FDCDE900010CA207212846FCF709
:1044500053F884F80780C4F80880C4F80C80C4F8C6
:10446000108068E7CDCCCCCCCCCCFC3F00004040E9
:1044700000000C4325352E326600000025362E3212
:10448000660000004C58002010B500281BD00E48D4
:104490005F2100F8451F062141709C218170532146
:1044A000C1700021017101214171082100F8421CF5
:1044B000054845300CF0F6FA1FF03AFFBDE8104011
:1044C00012201FF061BF10BD7C56002010B50028DF
:1044D0001BD00E485F2100F8451F062141709C212A
:1044E00081705121C17000210171012141710821A8
:1044F00000F8421C054845300CF0D4FA1FF018FFB4
:10450000BDE8104013201FF03FBF10BD7C560020B7
:104510001CB50C46002832D068460CF043F8DDE9A3
:1045200000010FF0BDFF164A5F2102F8451F102160
:1045300051709C2191706E21D17000211171042164
:10454000517108219171010AD1711072010E5172DD
:10455000000C9072200AD0721473200E5073200C3D
:1045600090730748112102F8421C45300CF09AFA6A
:104570001FF0DEFEBDE81C400B201FF005BF1CBD78
:104580007C56002070B50E4C5F20082504F8450FBE
:10459000042060707520A0706920E07000202071F8
:1045A00006206071064804F8425C294645300CF04C
:1045B00079FA04F8425CBDE870400C201FF0E4BEBC
:1045C0007C56002010B500281BD00E485F2100F853
:1045D000451F04214170752181704421C170002163
:1045E000017102214171082100F8421C0548453043
:1045F0000CF058FA1FF09CFEBDE8104008201FF098
:10460000C3BE10BD7C56002010B500281BD00E483C
:104610005F2100F8451F0421417075218170302110
:10462000C1700021017106214171082100F8421C6E
:10463000054845300CF036FA1FF07AFEBDE8104010
:1046400002201FF0A1BE10BD7C56002010B500282E
:1046500019D00D485F2100F8451F042141707521D4
:1046600081706921C170002101710E214171082101
:1046700000F8421C044845300CF014FABDE8104024
:1046800004201FF081BE10BD7C5600201CB50C46D6
:10469000002832D068460BF085FFDDE900010FF0FD
:1046A000FFFE164A5F2102F8451F102151709C2120
:1046B00091707221D1700021117104215171082172
:1046C0009171010AD1711072010E5172000C907239
:1046D000200AD0721473200E5073200C9073074878
:1046E000112102F8421C45300CF0DCF91FF020FECD
:1046F000BDE81C400B201FF047BE1CBD7C560020AF
:104700001CB50C46002832D068460BF04BFFDDE9A3
:1047100000010FF0C5FE164A5F2102F8451F102167
:1047200051709C2191706021D17000211171042180
:10473000517108219171010AD1711072010E5172EB
:10474000000C9072200AD0721473200E5073200C4B
:1047500090730748112102F8421C45300CF0A2F971
:104760001FF0E6FDBDE81C4012201FF00DBE1CBD71
:104770007C5600201CB50C46002832D068460BF051
:1047800011FFDDE900010FF08BFE164A5F2102F8F0
:10479000451F102151709C2191707621D17000210C
:1047A00011710421517108219171010AD1711072A6
:1047B000010E5172000C9072200AD0721473200EF8
:1047C0005073200C90730748112102F8421C4530A9
:1047D0000CF068F91FF0ACFDBDE81C400B201FF089
:1047E000D3BD1CBD7C5600201CB500282BD06846CC
:1047F0000BF0D8FEDDE900010FF052FE124A5F21F6
:1048000002F8451F102151709C2191706421D170D4
:10481000002111710221517104219171010AD1719C
:104820001072010E5172000C907207480D2102F8AF
:10483000421C45300CF036F91FF07AFDBDE81C40F3
:1048400012201FF0A1BD1CBD7C56002030B50346D0
:104850004FF6FF704AF201040CE013F8012B5040B0
:104860000022C50702D084EA500000E04008521C34
:10487000082AF6D3491E89B2EFD230BD30B50546BD
:104880000C46881E81B22846FFF7E0FF2919C3B203
:1048900011F8022C9A4206D111F8011CB1EB102F2D
:1048A00001D1012030BD002030BD00002DE9F047CE
:1048B000002504462F461BF0B5FADFF8A0934028E8
:1048C0007CD01BF0AFFA412878D01BF0ABFA482817
:1048D00074D01BF0A7FA492870D01BF0A3FA4A281D
:1048E0006CD01BF09FFA592868D01BF09BFA5A280D
:1048F00064D01BF097FA5B2860D01BF093FA602815
:104900005CD01BF08FFA5C2858D01BF08BFA46283D
:1049100054D01BF087FA472850D01BF083FA512857
:104920004CD01BF07FFA562848D01BF07BFA522857
:1049300044D01BF077FA532840D01BF073FA572865
:104940003CD01BF06FFA542838D01BF06BFA4B2880
:1049500034D01BF067FA4C2830D01BF063FA4D2896
:104960002CD01BF05FFA4E2828D01BF05BFA4F28A2
:1049700024D01BF057FA502820D01BF053FA5D28A2
:104980001CD01BF04FFA5E2818D01BF04BFA5F28A2
:1049900014D01BF047FA432810D01FF069F9B04E2D
:1049A00010282BD200E009E0DFE800F01821484F82
:1049B000565D676E757C838A91989FA60FF0E2FA28
:1049C0004946D9F8040001F04FF9002804D048689E
:1049D000017821F008010170BDE8F08722F0A6FC03
:1049E0009F49183151F8205022F0F8FC05E022F0E0
:1049F000DBFC56F8205022F031FD0746012FEBD1A9
:104A00001FF036F9DFF854A26169AAF1040A002602
:104A100090B3A06F24F0B4FD24F078FA002207468A
:104A20008846134624F046F97ED82671A0780028DF
:104A30007BD06078401C6070A670B5E022F0AEFCC0
:104A400056F8205022F004FDD7E722F07CFC56F8FF
:104A5000205022F0D0FCD0E722F06EFC56F8205017
:104A600022F0C2FCC9E722F087FC7D490C3151F8E5
:104A7000205022F0DBFCC0E745E022F06BFC56F84A
:104A8000205022F0C1FCB8E722F05CFC56F8205020
:104A900022F0B0FCB1E722F03BFC56F8205022F0A7
:104AA0008FFCAAE722F03CFC56F8205022F090FC44
:104AB000A3E722F027FC56F8205022F07BFC9CE76D
:104AC00022F028FC56F8205022F07CFC95E722F0DA
:104AD0003BFC56F8205022F091FC8EE722F040FC7F
:104AE00056F8205022F096FC87E722F051FC56F849
:104AF000205022F0A7FC80E722F044FC56F820501A
:104B000022F09AFC79E7606F24F03AFD24F0FEF978
:104B100021F0004107468846524A534B23F090FF4C
:104B200005D86078401C01E035E029E060709AF813
:104B30000100401CC0B28AF8010022F07BFF22F085
:104B4000C3FB24F0CDFB294624F042FB06D03846B7
:104B50004146464A464B24F0ADF805D28AF801603A
:104B6000002022F067FF66704249284624F000FCCE
:104B70006FF0010124F0DEFD24F07AFBC0B223E0E7
:104B8000E078401CC0B2E0700328FFF455AF6670B7
:104B9000E670267150E7E670A07801282BD0607887
:104BA000401C60700120A070284624F0AFF9024636
:104BB00028F000450B463846294624F07BF802D8F9
:104BC0006670E6702671032061788142FFF404AFBD
:104BD000667022F087FDD8B32078000738D4D9F862
:104BE000040061794D46407988420ED11FF040F8AB
:104BF0001DF0BCF928E02079401CC0B220710328C8
:104C0000D0D36670E6702671CCE7144E083606F1F4
:104C10000807706842798A420AD168603078287043
:104C20001FF026F81DF0A2F97868686038780AE06D
:104C300078686860387828701FF01AF81DF096F9C7
:104C400070686860307828700121084614F062FFAF
:104C5000207840F008002070BEE600005058002088
:104C600060BA0208FCA9F1D24D62603FB81E85EB24
:104C700051B89E3F0000404070B51EF0FFFFA54CAC
:104C8000801E04F1080512287ED2DFE800F01AB871
:104C90006CAE8DAE36AEAEA809AE4CAEAEAEFEFD7D
:104CA000A079042870D1602000F02EFD1EF0A0FF36
:104CB0009948002101701AF0FDF9BDE8704000F03C
:104CC00099BBA07904285FD1E0790C285CD10FF062
:104CD00009FB1AF0EFF9407960280BD01AF0F0F9CF
:104CE0000C22294623F0E9F81AF0E4F9BDE87040F7
:104CF00000F05EBB1AF0DEF9F2E7A079042874D167
:104D0000E079022871D10FF0EDFA1AF0D3F9407969
:104D1000602805D01AF0D4F9294623F0B7F8F6E058
:104D20001AF0C8F9F8E7A07903285ED10FF0DAFA93
:104D30001AF0C0F9407960280FD01AF0C1F929465D
:104D400000F0F4F81AF0B6F94079602808D01AF0AB
:104D5000B7F9BDE8704001F088BC1AF0ABF9EEE796
:104D60001AF0A8F9F5E7A07904283ED1E0790828DF
:104D70003BD10FF0B7FA1AF09DF94079602807D0BF
:104D80001AF09EF9294600E02FE000F0D7F81DE068
:104D90001AF090F9F6E71AF08DF901E01AF090F99F
:104DA000BDE8704001F05ABCA07904281DD1E0791B
:104DB00004281AD10FF096FA1AF07CF9407960288D
:104DC0000AD01AF07DF9294600F000FA1AF072F9BB
:104DD00040796028E2D1DEE71AF06CF9F3E7A079B8
:104DE000102802D1E0799C285BD070BD1AF062F9DE
:104DF00001E01AF065F9BDE8704000F079BAA079D9
:104E0000042504280AD1607A01282BD0062848D02E
:104E1000072846D0082844D0092842D00FF062FA6B
:104E20001BF000F85C2801D06028DED101210220AF
:104E300014F070FE1AF0FCFF8068384900690069C0
:104E4000006981601AF0F4FF8068354900690069E3
:104E50000069C1601AF0ECFF8068006900690069B0
:104E6000457170BD0FF03EFA1AF0DCFF5C2801D0EE
:104E70006028F6D10121022014F04CFE1AF0D8FF70
:104E800080680069006901E026E012E000692549B8
:104E900081601AF0CDFF80682349006900690069CC
:104EA000D7E70FF01FFA1AF005F940796028A0D172
:104EB0009CE7E0799C28D4D10FF014FA1AF0B2FFE5
:104EC0003F2803D01AF0AEFF3228CAD1BDE87040A7
:104ED0000121022014F01EBEE0799C28C1D1207A65
:104EE0005128BED10FF0FEF91AF09CFF032803D120
:104EF0000121022014F00EFE1AF0DCF8407960283F
:104F000005D01AF0DDF8BDE8704000F013BA1AF0D1
:104F1000D1F8F8E77C5600202C55002067A602083F
:104F200062A6020853A6020857A60208002804D069
:104F30004A7800F86C2F0978417070472DE9F04FDE
:104F400085B004006DD0487884F87800087884F83B
:104F50007900C87884F87A00887884F87B004879EA
:104F600084F87000087984F87100C87984F87200B8
:104F7000887984F873000026666722F08DFCA8B15A
:104F8000206F23F0C3FF844A844B23F095FD002259
:104F9000834B23F07DFA23F049FA82492067884247
:104FA00003DC4FF08441884200DA21672078DFF883
:104FB000F8A104F13C01420704F12F0804F1350780
:104FC000CAF1000B04913FD520F004002070A06FBF
:104FD0006061206F23F09AFFCDE9000173A20621E2
:104FE0004046FBF789FA606F23F090FFCDE900019E
:104FF0006EA207213846FBF77FFAA06F10F1FF4F32
:1050000001D2504504DB00EB0B01B1F1D47F0BD290
:1050100023F07CFFCDE9000166A207210498FBF78D
:105020006BFA05B0BDE8F08F6449421864498A42C2
:10503000F7D224F01DF90346049805B061A2BDE83B
:10504000F04F0721FBF758BAA16FA06823F08AFF41
:10505000A060616FE06823F085FFE060216F206948
:1050600023F080FF20612046FFF720FCA06F6061E5
:10507000E079401CC0B2E0710328D2D324F030F9AB
:1050800005462946206923F0E1FF01902946E068A2
:1050900023F0DCFF02902946A06823F0D7FF0546E5
:1050A00022F0CAFADFF8209188B322F0A5FB02288B
:1050B0002ED399F8001004F1A40003904A460C384E
:1050C00004F1B009009049B1167000980FF052F940
:1050D00003980FF04FF948460FF04CF92946009815
:1050E0000FF07BF9DDE902100FF077F948460199DE
:1050F0000FF073F948460FF053F9019000980FF044
:105100004FF9054603980FF04BF9029003E0FFE7D3
:10511000012189F80010204600F0A6FD38BB019857
:1051200023F0F4FECDE9000120A206214046FBF762
:10513000E3F9029823F0EAFECDE900011BA2072162
:105140003846FBF7D9F915F1FF4F01D2554504DB7D
:1051500005EB0B00B0F1D47F0AD2284623F0D6FE2F
:10516000CDE9000113A207210498FBF7C5F90DE072
:10517000124829181248814208D2284624F078F8AB
:10518000034610A207210498FBF7B6F9E671A66062
:10519000E660266145E70000CDCCCCCCCCCCFC3F12
:1051A0000000404000000C430000204125352E3215
:1051B0006600000025352E3166000000000038BD75
:1051C00000A04403253564004C5800201CB50400A1
:1051D00019D0487884F87C00087884F87D00C87875
:1051E00084F87E00887884F87F000749E06F24F017
:1051F000BFF823F08BFECDE9000104A2082104F1E1
:105200004B00FBF779F91CBD00007A4425352E329E
:105210006600000010B500281BD00E48602100F881
:10522000451F062141709C2181705121C1700021D0
:10523000017101214171082100F8421C05484530E7
:105240000BF030FC1FF074F8BDE8104013201FF085
:105250009BB810BD7C5600207CB50C46050044D0A0
:1052600068460BF09FF9DDE900010FF019F91F4ABC
:105270006023102182F8453082F84610B5F86C1092
:105280009C25B1F5807F2BD0A1F57063FF3B04D145
:1052900082F84750682182F84810002102F8491F1F
:1052A0000421517008219170010AD1701071010E12
:1052B0005171000C9071200AD0711472200E50723E
:1052C000200C90720948112102F8461C45300BF061
:1052D000E9FB1FF02DF8BDE87C400B201FF054B80F
:1052E00082F8475082F84830D7E77CBD7C560020D2
:1052F00010B500281BD00E48602100F8451F04217E
:105300004170752181706621C170002101710121F8
:105310004171082100F8421C054845300BF0C2FBE2
:105320001FF006F8BDE8104003201FF02DB810BD97
:105330007C56002010B500281BD00E48602100F8D4
:10534000451F032141709C2181704E21C1700021B5
:10535000017101214171082100F8421C05484530C6
:105360000BF0A0FB1EF0E4FFBDE810400E201FF084
:105370000BB810BD7C5600200C4810B5602100F819
:10538000451F04214170752282706922C27000227B
:1053900002714171082100F8421C044845300BF0AD
:1053A00081FBBDE810400C201EF0EEBF7C560020B3
:1053B00010B500281BD00E48602100F8451F0421BD
:1053C0004170752181704521C17000210171012159
:1053D0004171082100F8421C054845300BF062FB82
:1053E0001EF0A6FFBDE8104008201EF0CDBF10BD86
:1053F0007C56002010B500281BD00E48602100F814
:10540000451F04214170752181703021C170002138
:10541000017106214171082100F8421C0548453000
:105420000BF040FB1EF084FFBDE8104002201EF090
:10543000ABBF10BD7C56002010B5002818D00D4819
:105440006021752200F8451F042141708270692295
:10545000C270002202714171082100F8421C054807
:1054600045300BF01FFBBDE8104004201EF08CBF40
:1054700010BD00007C56002010B5002819D00D4842
:10548000602100F8451F0421417075218170782149
:10549000C1700021017102214171082100F8421CF4
:1054A000044845300BF0FEFABDE8104006201EF01F
:1054B0006BBF10BD7C56002010B500281AD00E48D6
:1054C000602200F8452F062242709C2282704E22F4
:1054D000C2700A0A02714171082100F8421C064894
:1054E00045300BF0DFFA1EF023FFBDE8104012201C
:1054F0001EF04ABF10BD00007C5600207CB50C4653
:10550000050043D068460BF04DF8DDE900010EF0D0
:10551000C7FF1F4A60219C2382F84510102182F8A2
:105520004610B5F86C10B1F5807F2BD0A1F57065F1
:10553000FF3D04D182F847306C2182F848100021E9
:1055400002F8491F0421517008219170010AD1709D
:105550001071010E5171000C9071200AD0711472FB
:10556000200E5072200C90720948112102F8461C3E
:1055700045300BF097FA1EF0DBFEBDE87C400B20B7
:105580001EF002BF82F847306421D6E77CBD0000E0
:105590007C56002010B5002827D0144A40F8701F10
:1055A000602102F8451F102151709C2191705721F4
:1055B000D170002111710221517104219171417842
:1055C000D17101781172C178517280789072074858
:1055D0000D2102F8421C45300BF064FA1EF0A8FEC3
:1055E000BDE8104012201EF0CFBE10BD7C5600203A
:1055F0004FF461710148FBF7F8B80000AE78002065
:1056000010B50E4C6421207820F00700207004F1C2
:105610002800FBF70CF90020C4F80500C4F80900C5
:10562000A4F80D00E07320616061A061A4F803009C
:10563000E06120626062A4F8010010BD58570020AC
:105640000248002101614161816170475857002083
:1056500064210148FBF7EBB8805700200248002185
:10566000C1610162416270475857002001481AF039
:10567000C1BB0000B85500200D48A0F19802C168D8
:105680009161002905D00878430703D540F0010057
:105690000870704790690069906103785B0704D5D2
:1056A000017841F00101017070478142F2D17047E9
:1056B000B8550020014805F0C0BA0000045B002086
:1056C000014805F0BABA00007C5A0020014805F0F4
:1056D000B4BA0000C05A002030B590F8404004F041
:1056E0001C050124AC40C56B6C60046863604368B2
:1056F000102B036803D099600068C26030BD9A60C7
:105700000068C16030BD00002DE9F0470646102555
:10571000D020FAF7C7FD04007BD00027C4F89870AA
:1057200004F18000C4F89C70C4F8A07047628762DE
:10573000C7620763476387634D2E6BD01CDC1D2E49
:1057400069D00CDC052E67D004DC012E41D0032E7D
:105750007ED184E0092E7CD00A2EF9D12FE12A2EA9
:1057600078D004DC212E17D0222EF1D1CEE0342EB9
:1057700075D04A2EECD122E1A6F14E00142867D252
:10578000DFE800F04966660A6666668A66666666EF
:105790000A4B276DC4FCE1FB3346F7A2062104F156
:1057A0002700FAF7A9FE002521F04CFF00284FD072
:1057B00022F028F8014604F198000EF0FBFD22F0DB
:1057C00021F8014604F1A4000EF0F4FD22F01AF8CD
:1057D0001BE03346EAA2062104F12700FAF78CFE0B
:1057E000012521F06DFF0028E1D022F049F80146A3
:1057F00004F198000EF0DEFD22F042F8014604F1BB
:10580000A4000EF0D7FD22F03BF8014604F1B000F1
:10581000FAE028E129E145E17FE13346DAA20721F8
:1058200004F12700FAF768FE022521F043FF002863
:10583000BDD022F01FF8014604F198000EF0BAFD29
:1058400022F018F8014604F1A4000EF0B3FD03E0C5
:10585000B4E03EE043E102E022F00CF8D5E7334645
:10586000CCA2072104F12700FAF746FE042521F017
:10587000EFFE00289BD021F0CBFF014604F19800F9
:105880000EF098FD21F0C4FF014604F1A4000EF0D3
:1058900091FD21F0BDFFB8E73346C0A2072104F116
:1058A0002700FAF729FE0F2521F0F8FE00289BD0EB
:1058B00021F0D4FF014604F198000EF07BFD21F0A9
:1058C000CDFF014604F1A4000EF074FD21F0C6FFE7
:1058D0009BE73346B4A2072104F12700FAF70CFE38
:1058E000052521F0D5FE002868D021F0B1FF014642
:1058F00004F198000EF05EFD21F0AAFF014604F1CC
:10590000A4000EF057FD21F0A3FF7EE73346A9A2C5
:10591000082104F12700FAF7EFFD062521F0A6FE85
:10592000002873D021F082FF014604F198000EF0A8
:1059300041FD21F07BFF014604F1A4000EF03AFD89
:1059400021F074FF61E733469DA2072104F127008F
:10595000FAF7D2FD092521F06FFE78B321F04CFF54
:10596000014604F198000EF025FD21F045FF0146A7
:1059700004F1A4000EF01EFD01E003E01FE021F0A1
:105980003BFF42E7334691A2072104F12700FAF7D3
:10599000B3FD0A2521F042FE80B121F01FFF014630
:1059A00004F198000EF006FD21F018FF014604F105
:1059B000A4000EF0FFFC21F011FF26E726E033469D
:1059C00085A2072104F12700FAF796FD0B2521F0A7
:1059D0002DFED8B121F00AFF014604F198000EF027
:1059E000E9FC21F003FF014604F1A4000EF0E2FC03
:1059F00021F0FCFE014604F1B0000EF0DBFC21F0CA
:105A0000F5FE014604F1BC000EF0D4FC84F866708B
:105A100020784FF0300820F00B0040F00400207098
:105A20006671A76767674FF02E092767612E73D0ED
:105A30003146204601F038FE204601F075FE202058
:105A400084F82F0084F8308084F8319084F8328014
:105A5000644884F8338084F834704168002979D030
:105A6000103044600570BDE8F08733465EA208211F
:105A700004F12700FAF740FD0C2521F0F1FD002884
:105A8000C4D021F0CDFE014604F198000EF092FC46
:105A900021F0C6FE014604F1A4000EF08BFC21F0BB
:105AA000BFFEB2E6334653A2082104F12700FAF7FD
:105AB00023FD0D2521F0E0FD0028A7D021F0BCFE3C
:105AC000014604F198000EF075FC21F0B5FE014688
:105AD00004F1A4000EF06EFC21F0AEFE95E6334614
:105AE00044A2082104F12700FAF706FD0D2521F054
:105AF000C9FD00288AD021F0A5FE014604F19800D6
:105B00000EF058FC21F09EFE014604F1A4000EF0B8
:105B100051FC21F097FE78E61DE0334638A20821BB
:105B200004F12700FAF7E8FC0E2521F0BDFD00285E
:105B3000A6D021F099FE014604F198000EF03AFC3F
:105B400021F092FE014604F1A4000EF033FC21F096
:105B50008BFE5AE60AE084F83C8084F83D9084F895
:105B60003E8084F83F8084F8407068E71D49083122
:105B70004C6044600D7075E7444F2025303264005E
:105B8000704820253032640054757220253032640C
:105B900000000000454320253032640053414C2072
:105BA00025303264000000004F525020253032640E
:105BB000000000004E48334E2025303264000000C3
:105BC00043686C2025303264000000004267612089
:105BD0002530326400000000434F442025303264F9
:105BE00000000000505800204D4C53532025303207
:105BF000640000004F695720253032640000000027
:105C00005453532025303264000000000248002124
:105C1000416010210170704758580020024800214F
:105C200041601021017070476058002000224FF041
:105C30007E5101F035B8000002480021416010217A
:105C4000017070475058002008687047D0F88800ED
:105C50007047406F7047806F70470078C0F3400016
:105C60007047D0F8840070470078C0F3C0007047D8
:105C700070B51EF003F8A34C142804F1080571D286
:105C8000DFE800F070A61870B2707070357050D5F3
:105C90000A7074F98FF8F7F6A079032862D15120C1
:105CA000FFF732FD1DF0A4FF19F004FABDE87040C3
:105CB00000F07ABFA079032854D1E0790E2851D1A1
:105CC0000EF010FB19F0F6F9407951280CD019F0BC
:105CD000F7F98C490C22093100F00CFD19F0EAF9B2
:105CE000BDE8704000F03EBF19F0E4F9F1E7A0799B
:105CF000032837D1E079042834D10EF0F3FA19F0F3
:105D0000D9F9407951280AD019F0DAF9294600F07A
:105D1000D6FC19F0CFF9BDE8704000F0C3BE19F011
:105D2000C9F9F3E7A07903281CD1E079082819D133
:105D30000EF0D8FA19F0BEF9407951280FD019F0B9
:105D4000BFF9294600F098FC19F0B4F940795128C0
:105D500009D019F0B5F9BDE8704000F086BC19F023
:105D6000A9F9EEE783E019F0A5F9F4E7A079032893
:105D70007DD1E07904287AD10EF0B4FA19F09AF9BD
:105D8000407951280AD019F09BF9294600F0CAFC45
:105D900019F090F9BDE8704000F0C2BE19F08AF920
:105DA000F3E7A079032873D1E079042870D10EF0CD
:105DB00099FA19F07FF94079512806D019F080F945
:105DC0002946BDE8704000F06EBC19F073F9F7E7A2
:105DD000E07930285CD10EF085FA19F06BF98479FE
:105DE00019F068F9447187E0A079032850D1E0796F
:105DF0000C284DD10EF076FA19F05CF94079512853
:105E00000FD019F05DF9294600F02EFD19F052F976
:105E10004079512808D019F053F9BDE8704000F0DE
:105E20001DBC19F047F9EEE719F044F9F5E7A07940
:105E300010282DD1E07911282AD10EF053FA19F04B
:105E4000F1FF032804D0402806D0422820D103E0E7
:105E50000121022013F05EFE0121022013F05AFE00
:105E600019F0E6FF806828490069816004E00FE0CE
:105E700036E00EE01AE026E019F0DAFF80682349E8
:105E80000069C16019F0D4FF806804210069417184
:105E900070BDA0791028FBD1E0797628F8D10EF0FA
:105EA00021FA19F0BFFF3F2826D070BDA079102835
:105EB000FBD1E0792428F8D10EF014FA19F0B2FFE2
:105EC000112819D070BDA0791028FBD1E0791528D0
:105ED000F8D10EF007FA19F0A5FF12280CD070BD0A
:105EE000E0790028FBD1607AFC28F8D10EF0FAF9AD
:105EF00019F098FF0328F2D1BDE87040012102207B
:105F000013F008BE7C56002053A6020857A60208CC
:105F100010B51DF0B3FE9C490F2861D015DC032895
:105F200074D004282CD0092873D00C2870D188791B
:105F300003286DD12120FFF7E7FB1DF059FE19F072
:105F4000B9F8BDE8104000F099BA112848D01328DC
:105F500078D0142844D015285AD18879062857D1EA
:105F6000C879002854D10EF0BDF919F0A3F8407992
:105F7000212868D019F0A4F8BDE8104000F0A8BAB4
:105F80008879032844D1C879102841D10EF0AAF9A4
:105F900019F090F84079212819D019F091F87A4930
:105FA000083100F0F7F819F085F84079212811D070
:105FB00019F086F800F052FB19F07CF8407921289E
:105FC0000BD019F07DF8BDE8104000F04EBB19F081
:105FD00071F8E4E719F06EF8ECE719F06BF8F2E706
:105FE0008879062814D1C879002811D10EF07AF9E1
:105FF00019F060F84079212805D019F061F8BDE862
:10600000104000F0A5BA19F055F8F8E748E000E0B4
:106010007EE0887906287BD1C879002878D10EF0F7
:1060200061F919F0FFFE12280ED019F0FBFE1128BD
:106030000AD019F0F7FE40280BD019F0F3FE4128E2
:1060400007D01CE08DE028E00121022013F062FD62
:1060500015E00121022013F05DFD19F0E9FE8068D2
:106060004A490069816019F0E3FE80684849006987
:10607000C16019F0DDFE806804210069417119F0EA
:1060800019F84079212805D019F01AF8BDE8104018
:1060900000F0D4B919F00EF8F8E719F00BF86BE737
:1060A000887906286FD1087A28286CD10EF01AF961
:1060B00004F0F6FAA0B100200AF014FD04F0F6FA9C
:1060C000044618F0F7FF4079212806D018F0F8FFB1
:1060D0002146BDE8104000F09FBA18F0EBFFF7E74B
:1060E00004F0D2FAA8B100200AF0F0FC04F0D2FAD1
:1060F000044618F0DFFF4079212806D018F0E0FFB1
:106100002146BDE8104000F065BA18F0D3FFF7E76C
:1061100039E004F0D1FA70B100200AF0F3FC18F075
:10612000C9FF4079212803D018F0CAFF012111E0EE
:1061300018F0C0FFFAE704F0A1FA002823D00020ED
:106140000AF0BEFC18F0B6FF4079212806D018F0FE
:10615000B7FF0221BDE8104000F0DAB918F0AAFF3D
:10616000F7E7887906280ED1487AFF280BD10EF080
:10617000B9F819F057FE032805D10121BDE81040F8
:10618000022013F0C7BC10BD7C56002053A60208A5
:1061900057A602082DE9FF5F0D46040072D068780B
:1061A00060F30706287860F30F26B0B223F098F862
:1061B0007D4F394622F04AFF8046A067E87960F3B8
:1061C0000706A87960F30F26B0B223F089F8774963
:1061D00022F03CFF82466067E87A60F30706A87AFF
:1061E00060F30F26B0B223F07BF8394622F02EFF81
:1061F000C4F88C00687B60F30706287B60F30F26E9
:10620000B0B223F06DF8394622F020FFC4F89000B8
:10621000E87B60F30706A87B60F30F26B0B223F09B
:106220005FF8394622F012FF07462067207804F114
:106230002F09420704F1350604F13C0524D520F06E
:10624000040020703846C4F8148022F05FFECDE9C7
:10625000000157A206214846FAF74EF9606F22F076
:1062600055FECDE9000154A207213046FAF744F962
:10627000A06F22F04BFECDE900014FA20721284676
:10628000FAF73AF9BDE8FF9F4146A06822F06AFE9E
:10629000A0605146E06822F065FEE0603946206962
:1062A00022F060FE20612046FEF700FBA06F6061D7
:1062B000E079401CC0B2E0710328E3D323F010F86A
:1062C00007463946206922F0C1FE83463946E06818
:1062D00022F0BCFE82463946A06822F0B7FE02904A
:1062E00021F0B0F9DFF8D880002788B321F08AFACE
:1062F00002282ED398F8001004F1A4000090424622
:106300000C3804F1B008039049B1177003980EF0EF
:1063100031F800980EF02EF840460EF02BF8DDE92B
:1063200002100EF05AF8514600980EF056F85946F1
:1063300040460EF052F840460EF032F8834603987D
:106340000EF02EF8029000980EF02AF8824603E034
:10635000FFE7012188F800102046FFF785FCE8B927
:10636000584622F0D3FDCDE9000111A2062148468E
:10637000FAF7C2F8504622F0C9FDCDE900010EA29D
:1063800007213046FAF7B8F8029822F0BFFDCDE9B0
:10639000000109A207212846FAF7AEF8E771A760C5
:1063A000E76027616EE700000000C842000020415E
:1063B00025352E316600000025362E32660000009D
:1063C0004C58002010B5002819D00D48212100F8A4
:1063D000451F0621417000218170C170FF210171AC
:1063E0004171082100F8421C054845300AF05AFB6B
:1063F0001DF09EFFBDE8104013201DF0C5BF10BD6D
:106400007C5600200C4810B5212100F8451F0321BF
:106410004170002181700C22C27001710121417113
:10642000082100F8421C044845300AF03BFBBDE857
:1064300010400C201DF0A8BF7C56002010B500288D
:1064400018D00D482121032200F8451F0021427079
:106450008170C27001710821417100F8421C064828
:1064600045300AF01FFB1DF063FFBDE8104004201B
:106470001DF08ABF10BD00007C56002010B500281A
:1064800025D0482100F85A1F462141702D218170E6
:106490004422C2705921017131214171322383712B
:1064A0005F23C37102724F22427220228272C27233
:1064B00000F8381D2E233024437084700022C270EF
:1064C00000F8051C00F8043C00F8034D427010BDB4
:1064D00010B5002819D00D482121012200F8451FD0
:1064E0000621417000218170C27001714171082143
:1064F00000F8421C054845300AF0D4FA1DF018FF98
:10650000BDE8104014201DF03FBF10BD7C56002098
:1065100010B5002819D00D482122012300F8452F7D
:106520000622427000228270C370027141710821FC
:1065300000F8421C054845300AF0B4FA1DF0F8FE98
:10654000BDE8104015201DF01FBF10BD7C56002077
:1065500010B5002819D00D482121282200F8451F28
:106560000621417000218170C270017141710821C2
:1065700000F8421C054845300AF094FA1DF0D8FE98
:10658000BDE8104009201DF0FFBE10BD7C56002064
:1065900010B500281AD00E48212100F8451F062109
:1065A0004170002181702821C1705A21017141710F
:1065B000082100F8421C064845300AF073FA1DF025
:1065C000B7FEBDE8104003201DF0DEBE10BD000088
:1065D0007C56002010B500281AD00E48212200F861
:1065E000452F06224270002282701222C2700A0ACF
:1065F00002714171082100F8421C064845300AF03A
:1066000051FA1DF095FEBDE8104011201DF0BCBEF2
:1066100010BD00007C56002010B500281AD00E488E
:10662000212200F8452F0622427000228270132298
:10663000C2700A0A02714171082100F8421C064822
:1066400045300AF02FFA1DF073FEBDE810400F2010
:106650001DF09ABE10BD00007C560020002803D01B
:10666000017841F0020101707047002803D00178E1
:1066700041F001010170704710B5002812D00022CE
:1066800084188B5C521CD2B284F88430042AF7D36D
:106690000022091D84188B5C521CD2B284F8883009
:1066A000042AF7D310BD002808D00A7800F8902FEC
:1066B0004A7842708A788270C978C170704710B584
:1066C000002816D00A782E24303280F8222080F854
:1066D00023404A78303280F82420002280F8252098
:1066E0008B78303300F81D3F4470C97830318170A9
:1066F000C27010BD30B5002813D0002305E0CC5C7B
:10670000C5185B1C85F85A40DBB29342F7D390F86A
:106710005A10482905D190F85B10462901D1012172
:10672000017730BD002808D00A7800F88C2F4A780D
:1067300042708A788270C978C1707047017841F0E0
:10674000080101707047017821F00801017070475D
:106750002DE9F0410546046820F0C2FD22F0D6FB89
:1067600006460F460BF03CFE32463B4621F090FEBB
:1067700021F05CFE074621F02BF806462868002829
:1067800068D02078DFF8D080344DC00762D038461A
:10679000D4F8901022F0F4FE20F00040304922F0AE
:1067A000B3FE02D81DF034FAE0B13046D4F88C10B4
:1067B00022F0E6FE20F000402A4922F0A5FE49D84A
:1067C0001DF026FA002845D16A685079212830D07A
:1067D000512828D05A283DD13146BDE8F041104615
:1067E00000F0D4BE6A68507921280FD0512807D014
:1067F0005A282FD13946BDE8F041104600F098BE26
:106800003946BDE8F041104600F082BA01200AF096
:106810005DF94146384622F0ABFD22F00DFD00B295
:106820000AF05AF911E03146BDE8F041104600F097
:106830009DBA01200AF056F94146304622F098FDF3
:1068400022F0FAFC00B20AF053F96868BDE8F041A2
:10685000FFF79EBEBDE8F0810000C84250580020FE
:106860009A99993EBD3786352DE9FF5F040067D0C0
:1068700000202318401C11F8012BC0B283F87020AF
:106880000428F6D300202318401C11F8012BC0B2B5
:1068900083F874200428F6D300202318401C11F834
:1068A000012BC0B283F878200428F6D320F0F4FF3F
:1068B000A8B1206F22F02AFB6F4A704B22F0FCF83F
:1068C00000226F4B21F0E4FD21F0B0FD6D492067FF
:1068D000884203DC4FF08441884200DA2167207847
:1068E000694E420704F12F0904F1350804F13C0513
:1068F00028D520F004002070606F6061206F22F0C6
:1069000005FBCDE9000161A206214846F9F7F4FD37
:10691000606F22F0FBFA0022334622F0CDF8CDE979
:1069200000015CA207214046F9F7E6FDA06F22F0C6
:10693000EDFACDE9000157A207212846F9F7DCFD61
:10694000BDE8FF9FA16FA06822F00CFBA060606F04
:1069500022F0DCFA0022334622F0AEF806460F465B
:10696000E06822F0D3FA32463B4621F091FD21F057
:106970005DFDE060216F206922F0F4FA206120467D
:10698000FDF794FF606F6061E079401CC0B2E07178
:106990000328D5D322F0A4FC06463146206922F014
:1069A00055FB83463146E06822F050FB8246314673
:1069B000A06822F04BFB029020F044FE374F0026E7
:1069C00078B320F01FFF02282CD3397804F1A400FB
:1069D00001900C3803901830009049B13E70039834
:1069E0000DF0C8FC01980DF0C5FC00980DF0C2FC3C
:1069F000DDE902100DF0F1FC514601980DF0EDFCBF
:106A0000594600980DF0E9FC00980DF0C9FC83464A
:106A100003980DF0C5FC029001980DF0C1FC824670
:106A200002E0FFE7012038702078C0F3C000E8B929
:106A3000584622F06BFACDE9000114A2062148461F
:106A4000F9F75AFD504622F061FACDE9000111A292
:106A500007214046F9F750FD029822F057FACDE998
:106A600000010CA207212846F9F746FDE671A66051
:106A7000E660266164E70000CDCCCCCCCCCCFC3FFA
:106A80000000404000000C430000594025352E31E5
:106A90006600000025362E32660000004C580020AB
:106AA0000120704710B500281AD00E48512100F877
:106AB000451F03214170112181700021C1700171B6
:106AC00004214171082100F8421C0648453009F0B4
:106AD000E9FF1DF02DFCBDE810400A201DF054BC5C
:106AE00010BD00007C5600200C4810B5512100F864
:106AF000451F03214170262181700021C170017161
:106B000006214171082100F8421C0448453009F073
:106B1000C9FFBDE810400C201DF036BC7C5600209B
:106B200010B500281AD00E48512100F8451F032146
:106B30004170242181700021C170017102214171D5
:106B4000082100F8421C0648453009F0ABFF1DF053
:106B5000EFFBBDE8104010201DF016BC10BD00007A
:106B60007C56002010B500281AD00E48512100F89C
:106B7000451F03214170072181700021C1700171FF
:106B800002214171082100F8421C0648453009F0F5
:106B900089FF1DF0CDFBBDE8104008201DF0F4BBBF
:106BA00010BD00007C56002010B500281AD00E48F9
:106BB000512100F8451F03214170092181700021F6
:106BC000C170017107214171082100F8421C06487B
:106BD000453009F067FF1DF0ABFBBDE81040022017
:106BE0001DF0D2BB10BD00007C56002010B500285F
:106BF00018D00D48512100F8451F0321417026216E
:106C000081700021C170017106214171082100F8D5
:106C1000421C0548453009F045FFBDE810400420FE
:106C20001DF0B2BB10BD00007C56002070B50C46B4
:106C300005002ED020090A2801D3373000E030307B
:106C400004F00F0285F82A000A2A01D3373200E047
:106C5000303285F82B200F4A5120012102F8450FD0
:106C600010205070302090700020D0701071517141
:106C700002219171D471107206480B2102F8421C56
:106C8000453009F00FFF1DF053FB01201DF07CFB88
:106C9000AC7170BD7C560020C0F8841000F004B8C0
:106CA000C0E92112AFF3008010B500282CD0174A9C
:106CB0005121002302F8451F1021517011219170BC
:106CC000D3701371042353710823937110F8843F18
:106CD000D3714378137283785372C37893720379B4
:106CE000D3724379137383795373C07990730748D0
:106CF00002F8421C453009F0D5FE1DF019FBBDE835
:106D000010400B201DF040BB10BD00007C56002041
:106D100010B5002826D0144A40F8901F512102F8DF
:106D2000451F10215170242191700021D1701171E3
:106D300002215171042191710178D1714178117250
:106D400081785172C078907207480D2102F8421C78
:106D5000453009F0A7FE1DF0EBFABDE81040112008
:106D60001DF012BB10BD00007C56002010B500289D
:106D700026D0144A40F88C1F512102F8451F1021DB
:106D80005170152191700021D17011710221517142
:106D9000042191710178D171417811728178517219
:106DA000C078907207480D2102F8421C453009F066
:106DB00079FE1DF0BDFABDE810400F201DF0E4BAC9
:106DC00010BD00007C56002010B5002826D0144AC3
:106DD00040F8701F512102F8451F10215170762193
:106DE00091700021D17011710221517104219171B2
:106DF0000178D1714178117281785172C0789072A6
:106E000007480D2102F8421C453009F04BFE1DF0E9
:106E10008FFABDE8104012201DF0B6BA10BD000078
:106E20007C56002070B51CF029FF9B4C801E04F19D
:106E30000805122875D2DFE800F01AF18CF1ABF1E9
:106E400036F1F1C609F159F575F4F6F2A079042886
:106E500067D15A20FEF758FC1CF0CAFE8F4900206B
:106E6000087018F027F9BDE8704000F01FBBA0794A
:106E7000042856D1E0790C2853D10DF033FA18F0DC
:106E800019F940795A280BD018F01AF90C22294622
:106E900021F013F818F00EF9BDE8704000F0E4BAE4
:106EA00018F008F9F2E7A07904283AD1E07902282D
:106EB00037D10DF017FA18F0FDF840795A280FD0A5
:106EC00018F0FEF8294620F0E1FF18F0F3F84079B9
:106ED0005A2808D018F0F4F8BDE87040FFF7C5BB99
:106EE00018F0E8F8EEE718F0E5F8F5E7A0790328E0
:106EF00017D1E079042814D10DF0F4F918F0DAF87C
:106F000040795A280AD018F0DBF8294600F0D8F862
:106F100018F0D0F8BDE8704000F084BA18F0CAF854
:106F2000F3E77BE0A079032878D1E079042875D1D4
:106F30000DF0D8F918F0BEF840795A2806D018F0AC
:106F4000BFF82946BDE8704000F0AEB818F0B2F8BE
:106F5000F7E7A079042861D1E07908285ED10DF027
:106F6000C1F918F0A7F840795A2805D018F0A8F808
:106F7000294600F0B1F81DE018F09CF8F8E718F089
:106F800099F801E018F09CF8BDE87040FFF766BB87
:106F9000A079042842D1E07904283FD10DF0A2F96C
:106FA00018F088F840795A280AD018F089F829464C
:106FB00000F09CF918F07EF840795A28E2D1DEE71B
:106FC00018F078F8F3E7A079102827D1E0799C2809
:106FD00024D10DF087F918F025FF032804D04028AC
:106FE00006D042281AD103E00121022012F092FDBE
:106FF0000121022012F08EFD18F01AFF8068284946
:107000000069816018F014FF806826490069C1603A
:1070100018F00EFF806801690420487170BD29E0F6
:1070200001E00DE019E0A0791028F7D1E0799C2863
:10703000F4D10DF057F918F0F5FE3F2826D0EDE712
:10704000A0791028EAD1E0799C28E7D10DF04AF91F
:1070500018F0E8FE112819D0E0E7A0791028DDD15A
:10706000E0799C28DAD10DF03DF918F0DBFE12280A
:107070000CD0D3E7E0799C28D0D1207A5128CDD10B
:107080000DF030F918F0CEFE0328C7D1BDE87040EE
:107090000121022012F03EBD7C5600202C5500201C
:1070A00053A6020857A60208002808D04A7800F81C
:1070B000902F0A784270CA7882708978C1707047C0
:1070C000002808D04A7800F88C2F0A784270CA78D5
:1070D00082708978C17070472DE9FE4F04005CD042
:1070E000487884F87800087884F87900C87884F8BB
:1070F0007A00887884F87B00487984F870000879F1
:1071000084F87100C87984F87200887984F8730073
:1071100020F0C2FBA8B1206F21F0F8FE6A4A6B4B49
:1071200021F0CAFC00226A4B21F0B2F921F07EF96D
:1071300068492067884203DC4FF08441884200DAC6
:107140002167207804F12F07410704F1350604F187
:107150003C0524D520F004002070A06F6061206FF2
:1071600021F0D4FECDE900015BA206213846F9F7F3
:10717000C3F9606F21F0CAFECDE9000158A20721D2
:107180003046F9F7B9F9A06F21F0C0FECDE9000152
:1071900053A207212846F9F7AFF9BDE8FE8FA16F8A
:1071A000A06821F0DFFEA060616FE06821F0DAFEE8
:1071B000E060216F206921F0D5FE20612046FDF7B7
:1071C00075FBA06F6061E079401CC0B2E0710328DC
:1071D000E3D322F085F880464146206921F036FF4E
:1071E00002904146E06821F031FF83464146A068A5
:1071F00021F02CFF824620F025FADFF8EC904FF0CA
:10720000000890B320F0FEFA02282FD399F800105E
:1072100004F1A40001904A460C3804F1B009009032
:1072200051B182F8008000980DF0A4F801980DF09B
:10723000A1F848460DF09EF8514600980DF0CDF8A3
:10724000594601980DF0C9F8484602990DF0C5F865
:1072500048460DF0A5F8029000980DF0A1F882467E
:1072600001980DF09DF8834603E0FFE7012189F8BE
:1072700000102046FEF7F8FCE8B9029821F046FE1F
:10728000CDE9000114A206213846F9F735F9584630
:1072900021F03CFECDE9000111A207213046F9F7AB
:1072A0002BF9504621F032FECDE900010CA2072156
:1072B0002846F9F721F984F80780C4F80880C4F853
:1072C0000C80C4F8108068E7CDCCCCCCCCCCFC3F93
:1072D0000000404000000C4325352E3266000000BF
:1072E00025362E32660000004C580020002808D0B9
:1072F0004A7800F8742F0A784270CA7882708978C8
:10730000C170704710B500281BD00E485A2100F8F4
:10731000451F062141709C2181705121C1700021BF
:10732000017101214171082100F8421C05484530D6
:1073300009F0B8FB1CF0FCFFBDE8104013201DF065
:1073400023B810BD7C5600201CB500282BD0684601
:1073500009F028F9DDE900010DF0A2F8124A5A21DE
:1073600002F8451F102151709C2191707A21D17033
:10737000002111710221517104219171010AD17111
:107380001072010E5172000C907207480D2102F824
:10739000421C453009F086FB1CF0CAFFBDE81C40CA
:1073A0000B201CF0F1BF1CBD7C56002010B500283E
:1073B00019D00D485A2100F8451F0421417075214C
:1073C00081707721C1700021017102214171082172
:1073D00000F8421C0448453009F064FBBDE8104049
:1073E00006201CF0D1BF10BD7C5600200C4810B503
:1073F0005A2100F8451F04214170752282706922CC
:10740000C270002202714171082100F8421C044838
:10741000453009F047FBBDE810400C201CF0B4BF1C
:107420007C56002010B500281BD00E485A2100F8C9
:10743000451F032141709C2181708621C17000216C
:10744000017102214171082100F8421C05484530B4
:1074500009F028FB1CF06CFFBDE8104010201CF068
:1074600093BF10BD7C56002010B500281BD00E48DD
:107470005A2100F8451F0421417075218170452172
:10748000C1700021017101214171082100F8421CE5
:107490000548453009F006FB1CF04AFFBDE81040E6
:1074A00008201CF071BF10BD7C56002010B50028CC
:1074B0001BD00E485A2100F8451F04214170752148
:1074C00081703021C17000210171062141710821B4
:1074D00000F8421C0548453009F0E4FA1CF028FF8A
:1074E000BDE8104002201CF04FBF10BD7C560020AC
:1074F00010B5002818D00D485A21752200F8451FF4
:107500000421417082706922C270002202714171AF
:10751000082100F8421C0548453009F0C3FABDE8CF
:10752000104004201CF030BF10BD00007C5600202D
:1075300010B5002827D0144A40F8901F5A2102F8AD
:10754000451F102151709C2191708621D17000211E
:10755000117102215171042191714178D171017829
:107560001172C17851728078907207480D2102F82B
:10757000421C453009F096FA1CF0DAFEBDE81040D6
:1075800011201CF001BF10BD7C56002010B5002852
:1075900027D0144A40F88C1F5A2102F8451F1021A9
:1075A00051709C2191708821D170002111710221AC
:1075B0005171042191714178D17101781172C178B2
:1075C00051728078907207480D2102F8421C4530B4
:1075D00009F068FA1CF0ACFEBDE810400F201CF06A
:1075E000D3BE10BD7C56002010B5002827D0144A09
:1075F00040F8701F5A2102F8451F102151709C213C
:1076000091708021D17000211171022151710421EA
:1076100091714178D17101781172C178517280787D
:10762000907207480D2102F8421C453009F03AFAE1
:107630001CF07EFEBDE8104012201CF0A5BE10BD5F
:107640007C5600201CB500282BD0684608F0AAFF05
:10765000DDE900010CF024FF124A5A2102F8451F0F
:10766000102151709C2191707821D17000211171ED
:107670000221517104219171010AD1711072010E20
:107680005172000C907207480D2102F8421C4530DF
:1076900009F008FA1CF04CFEBDE81C400B201CF061
:1076A00073BE1CBD7C56002030B5202380F85330BB
:1076B000302480F854302E2580F8554080F85650FC
:1076C00080F85740002280F8584080F859206029FF
:1076D0001BD080F83C3080F83D3080F83E4080F888
:1076E0003F5080F8404080F8414080F8422009290E
:1076F00011D04D2908D100F8433F43708370C47006
:10770000027142718271C27130BD00F83C3F43701A
:107710008470C57004E000F83C3F43708370C37010
:1077200004714271827130BD202100F8351F2E2274
:10773000417030218170C2700171417100218171ED
:10774000704710B5002810D031232E2180F8223048
:10775000302280F8231080F82420002480F825406F
:1077600000F81D3F41708270C47010BD30B5002814
:1077700019D00AB100231DE04C2100F85A1F4821FE
:1077800041702D2181704422C27058220271302232
:10779000427131228271C1715421017253214172AF
:1077A00081722021C17230BDCC5CC5185B1C85F88C
:1077B0005A40DBB29342F7D330BD0000002810D00E
:1077C0004A7880F894200A7880F895200978054A4C
:1077D00011F08001117004D030F9941F49424942E0
:1077E00001807047B45800202DE9FE4F040074D08A
:1077F00000264A78304662F307000A78354662F37D
:107800000F20CA7862F317408A7862F31F604A79C2
:10781000097962F3070561F30F2521F061FDDFF8B7
:107820000892494621F012FCA06728B221F040FDE1
:10783000DFF8F8A1514621F009FC206720F02CF870
:10784000A8B1206F21F062FB794A7A4B21F034F91C
:107850000022794B20F01CFE20F0E8FD77492067DC
:10786000884203DC4FF08441884200DA21672078A7
:1078700004F13C01420704F12F0B029143D520F0A3
:1078800004002070A06F606120F000F8D8B11FF0F4
:10789000FDFF0528206F21D021F038FB68A2CDE93B
:1078A000000106215846F8F727FEA06F484519DB6E
:1078B00021F0DEFC83B2029803B063A2BDE8F04F72
:1078C0000721F8F719BE206F21F0D2FC83B25FA226
:1078D00006215846F8F710FEE7E712E021F016FB04
:1078E0005BA2DCE7504503DB21F010FB5AA202E06B
:1078F00021F00CFB5AA2CDE9000107210298F8F70C
:10790000FBFDBDE8FE8FA16FA06821F02BFBA060FE
:10791000216F206921F026FB20612046FCF7C6FF7D
:10792000A06F6061E079401CC0B2E0710328E8D329
:1079300021F0D6FC05462946206921F087FB0090FE
:107940002946A06821F082FB05461FF0ADFE464F98
:1079500010B31FF089FF02281ED3397804F1B0005C
:1079600004F19808019031B13E7040460CF002FDE0
:1079700001980CF0FFFC294640460CF02EFDDDE995
:1079800000100CF02AFD01980CF00AFD0090404612
:107990000CF006FD054601E0012038702046FEF798
:1079A00063F988BB1FF072FFC8B11FF06FFF052895
:1079B00000981ED021F0AAFA21A2CDE900010621EB
:1079C0005846F8F799FD4D4517DB284621F050FC45
:1079D00083B21DA207210298F8F78EFD1EE00098E1
:1079E00021F046FC83B219A206215846F8F784FD1F
:1079F000E9E721F08BFA16A2DFE75545284604DBBC
:107A000021F084FA14A203E008E021F07FFA14A226
:107A1000CDE9000107210298F8F76EFDE671A66036
:107A2000E66026616DE7000000007A440000C8426D
:107A3000CDCCCCCCCCCCFC3F0000404000000C4373
:107A400025352E3266000000253664002535640099
:107A500025352E316600000025362E3166000000E7
:107A600025362E32660000004C58002010B5002844
:107A70001BD00E48052100F8451F06214170072143
:107A80008170F521C17000210171792141710821B6
:107A900000F8421C0548453009F004F81CF048FC89
:107AA000BDE8104013201CF06FBC10BD7C560020B8
:107AB0000E4810B5052100F8451F0321417007212C
:107AC00081700C21C17000210171012141710821D7
:107AD00000F8421C0548453008F0E4FF1CF028FC83
:107AE000BDE8104019201CF04FBC00007C5600205F
:107AF0000C4810B5052100F8451F032141700722ED
:107B000082700022C27002714171082100F8421C8B
:107B10000448453008F0C6FFBDE810400C201CF0BA
:107B200033BC00007C5600200E4810B5052100F83B
:107B3000451F03214170072181700B21C170002175
:107B4000017101214171082100F8421C05484530AE
:107B500008F0A8FF1CF0ECFBBDE810400E201CF064
:107B600013BC00007C56002010B5002817D00C482C
:107B70000521072200F8451F032141708270002271
:107B8000C27002714171082100F8421C044845305E
:107B900008F088FFBDE8104004201CF0F5BB10BDC4
:107BA0007C56002000280DD04B78097863F307023B
:107BB00061F30F2293B2A0F86C30072102A24B3080
:107BC000F8F79ABC70470000253464007047000045
:107BD00010B500281AD00E48052200F8452F0622BD
:107BE0004270072282700C22C2700A0A027141712F
:107BF000082100F8421C0648453008F053FF1CF0ED
:107C000097FBBDE8104018201CF0BEBB10BD000063
:107C10007C56002010B5002824D01348052200F817
:107C2000452F10224270072282707322C2700022F8
:107C3000027102224271042282710A0AC271017227
:107C40000A0E4272090C81720D2100F8421C06488E
:107C5000453008F027FF1CF06BFBBDE810400B20FF
:107C60001CF092BB10BD00007C56002010B50C46E5
:107C7000002829D017F02AFAB0F8940013492044BC
:107C800000B24880002803DA404200B248804042F7
:107C900081B20F48052200F8452F062242700722C4
:107CA00082700B22C2700A0A02714171082100F829
:107CB000421C0748453008F0F5FE1CF039FBBDE8D2
:107CC000104012201CF060BB10BD0000B458002012
:107CD0007C56002010B500281AD00E48052100F867
:107CE000451F06214170072181700B21C1700021C1
:107CF00001714171082100F8421C0648453008F026
:107D0000D1FE1CF015FBBDE8104012201CF03CBB5E
:107D100010BD00007C56002010B500281AD00E4877
:107D2000052200F8452F0622427007228270722237
:107D3000C2700A0A02714171082100F8421C06480B
:107D4000453008F0AFFE1CF0F3FABDE810401420F7
:107D50001CF01ABB10BD00007C56002070470000CC
:107D600070B51BF08BFF8B4C0F2804F108057CD0FD
:107D700042DC08287AD020DC02285FD0042876D1A3
:107D8000A079032873D1E079142870D10CF0AAFAF5
:107D900017F090F9407934286AD017F091F9294604
:107DA00000F0D0F917F086F94079342873D017F035
:107DB00087F9BDE87040FEF751BC0B286CD00C2849
:107DC00055D1A079032852D1E07914284FD134201D
:107DD000FDF79AFC1BF00CFF17F06CF94079342882
:107DE00029D017F06DF9294600F0ACF917F062F9C7
:107DF000BDE8704000F0C8BC112857D0122874D0DC
:107E0000132873D0162832D10CF06CFA17F052F9FF
:107E10004079342844D017F053F9294600F052F93C
:107E200017F048F9407934283DD017F049F9BDE8FA
:107E30007040FEF71ABC17F03DF9D4E7A07903288B
:107E40007CD10CF04FFA17F035F9407934280BD07B
:107E500017F036F90022294600F0B7F817F02AF992
:107E6000BDE8704000F06EBC03E01FE004E065E098
:107E700038E017F01FF9EDE7A07903285ED10CF088
:107E800031FA17F017F94079342806D017F018F9AD
:107E900000F086F820E02AE02CE017F00BF9F7E775
:107EA00017F008F9B9E717F005F9C0E7A07910282D
:107EB00002D1E079062801D000215FE00CF012FA2F
:107EC00017F0B0FF172803D017F0ACFF182803D124
:107ED0000121022011F01EFE17F0ECF8BDE8704001
:107EE00000F094BC17F0E6F859E728E031E017F00D
:107EF000E1F85EE7A079102820D1E07906281DD1AD
:107F00000CF0F0F917F08EFF5C2801D0602815D135
:107F10000121022011F0FEFD17F08AFF80681E4942
:107F20000069816017F084FF80681C490069C160A6
:107F300017F07EFF806804210069417170BDA0794F
:107F40001028FBD10CF0CEF917F06CFF3F2814D0AD
:107F500070BDE0790628FBD1207AF42801D0F528FD
:107F6000F6D10CF0BFF9207AF42802D1A07A30289B
:107F700009D017F057FF0328EAD10121BDE870406E
:107F8000022011F0C7BD17F095F8BDE8704000F071
:107F900071BB00007C56002053A6020857A60208B9
:107FA00010B5002810D031232E2180F82230302245
:107FB00080F8231080F82420002480F8254000F861
:107FC0001D3F41708270C47010BD30B50AB10023EE
:107FD0001DE04C2100F85A1F482141702D2181706D
:107FE0004421C170452101713222427136228271D1
:107FF0005F22C27101724321417220218172C172DC
:1080000030BDCC5CC5185B1C85F85A40DBB293428E
:10801000F7D330BD10B5002824D01348342200F81F
:10802000452F10224270062282702222C270002246
:10803000027102224271042282710A0AC271017223
:108040000A0E4272090C81720D2100F8421C06488A
:10805000453008F027FD1CF06BF9BDE810400F20FB
:108060001CF092B910BD00007C56002010B500280D
:1080700024D01348342200F8452F102242700622E3
:1080800082702622C27000220271022242710422F2
:1080900082710A0AC27101720A0E4272090C81725F
:1080A0000D2100F8421C0648453008F0FBFC1CF08E
:1080B0003FF9BDE8104011201CF066B910BD00006A
:1080C0007C5600207CB50446487884F888000878FF
:1080D00084F88900C87884F88A00887884F88B004E
:1080E0000D46D4F8880020F011FFCDE9000110A260
:1080F000062104F15300F8F7FFF9687A04F8840FB9
:10810000287A6070E87AA070A87AE0700A4920683E
:1081100021F02EF944F8840920F0F8FECDE90001A1
:1081200006A2062104F14B00F8F7E6F97CBD000039
:1081300025352E33660000000000C84225342E325B
:10814000660000002DE9F04F8BB004004FF07E5028
:1081500007907DD0487884F87800087884F8790012
:10816000C87884F87A00887884F87B00487A84F8A4
:108170007400087A84F87500C87A84F87600887AE2
:1081800084F87700487B84F88000087B84F88100BD
:10819000C87B84F88200887B84F88300487C84F85C
:1081A0007000087C84F87100C87C84F87200887CB8
:1081B00084F873001FF070FBA8B1206F20F0A6FEBA
:1081C000FD4AFE4B20F078FC0022FD4B20F060F9C8
:1081D00020F02CF9FB492067884203DC4FF08441F2
:1081E000884200DA2167207804F12F01099104F117
:1081F0003C01059104F135010491DFF8D893F24E6A
:1082000004F14301F14DDFF8C88342074FF0D97BF9
:10821000C9F1000A06917DD520F004002070A06FFE
:108220006061206F20F072FECDE90001EAA2062114
:108230000998F8F761F9EA49A06F88420FDB4FF41B
:108240007A763346E7A207210598F8F755F900E05A
:108250000CE2606F21F00CF8B0FBF6F342E0E2496B
:108260004218E2498A4214D220F050FE00223346DE
:1082700020F0CAF9CDE90001D7A207210598F8F747
:108280003BF9606F20F042FE0022334620F0BCF93B
:108290003EE0D7494218D7498A4214D220F036FE30
:1082A0000022334620F0B0F9CDE90001D2A2072127
:1082B0000598F8F721F9606F20F028FE0022334678
:1082C00020F0A2F938E04219424511D220F0D0FF47
:1082D0000346C4A207210598F8F70EF9606F20F055
:1082E000C7FF0346BFA207210498F8F705F92AE063
:1082F00000EB090159450ED220F008FECDE900013E
:10830000B5A207210598F8F7F7F8606F20F0FEFD99
:10831000B1A212E048E010F1FF4F14D2504512DA3A
:1083200020F0F4FDCDE90001B3A207210598F8F78C
:10833000E3F8606F20F0EAFDAFA2CDE9000107216C
:108340000498F8F7D9F8AA49D4F88000494288423D
:1083500002DA421942450AD220F08AFF20F0C0FF1B
:10836000079920F073FE20F0D1FD9EA215E000EBEE
:108370000901594506D2079920F068FE20F0C6FD94
:1083800095A20AE010F1FF4F0DD250450BDA079984
:1083900020F05CFE20F0BAFD97A2CDE90001072194
:1083A0000698F8F7A9F85CE1A16FA06820F0DAFD63
:1083B000A060616FE06820F0D5FDE060216F20696A
:1083C00020F0D0FD20612046FCF770FAA06F6061BC
:1083D000E079401CC0B2E0710328E4D320F080FFB4
:1083E00007463946206920F031FE00903946E068A2
:1083F00020F02CFE02903946A06820F027FE0746A8
:108400001FF026F988B31FF003FA02282ED37C4A06
:1084100004F1A400117803900C38089018300190F2
:1084200051B10020107008980BF0A4FF03980BF0D6
:10843000A1FF01980BF09EFF394608980BF0CDFF85
:10844000DDE902100BF0C9FFDDE900100BF0C5FFFC
:1084500001980BF0A5FF009008980BF0A1FF0746CC
:1084600003980BF09DFF029003E0FFE764480121B1
:1084700001702046FDF7F8FB002879D1009820F024
:1084800045FDCDE9000154A206210998F8F734F81A
:10849000534887420DDB4FF47A76334651A20721C9
:1084A0000598F8F729F8029820F0E2FEB0FBF6F301
:1084B00045E04D4839184D48814215D2384620F0E4
:1084C00025FD0022334620F09FF8CDE9000142A2AD
:1084D00007210598F8F710F8029820F017FD002200
:1084E000334620F091F841E0414839184148814233
:1084F00015D2384620F00AFD0022334620F084F8D9
:10850000CDE900013CA207210598F7F7F5FF029895
:1085100020F0FCFC0022334620F076F83BE079198D
:10852000414512D2384620F0A3FE03462DA2072172
:108530000598F7F7E1FF029820F09AFE034629A27A
:1085400007210498F7F7D8FF2CE007EB09005845FE
:108550000FD2384620F0DAFCCDE900011EA2072137
:108560000598F7F7C9FF029820F0D0FC1AA213E093
:1085700072E017F1FF4F15D2574513DA384620F055
:10858000C5FCCDE900011CA207210598F7F7B4FF4F
:10859000029820F0BBFC18A2CDE900010721049845
:1085A000F7F7AAFF1249D4F880004942884202DA5C
:1085B0004219424532D225E0CDCCCCCCCCCCFC3FCC
:1085C0000000404000000C4300408F40000086BB8C
:1085D0000040A201000038BD25352E3166000000A4
:1085E000002474492535640000B03CB800D4B001C3
:1085F00000C0E3B90010A70125352E326600000047
:108600004C58002020F034FE20F06AFE079920F03C
:108610001DFD20F07BFCAFF2340217E000EB0901F6
:10862000594507D2079920F011FD20F06FFCAFF2F9
:1086300058020BE010F1FF4F0ED250450CDA0799AB
:1086400020F004FD20F062FCAFF25402CDE90001FD
:1086500007210698F7F750FF0020E071A060E06066
:1086600020610BB0BDE8F04F1BF06ABE0BB0BDE857
:10867000F08F000010B500281AD00E48342100F801
:10868000451F062141708170F521C17000210171E3
:1086900079214171082100F8421C0648453008F054
:1086A00001FA1BF045FEBDE8104013201BF06CBE24
:1086B00010BD00007C56002010B5002823D01248C1
:1086C00000F8452F10224270062282702022C270CC
:1086D0000022027102224271042282710A0AC271CE
:1086E00001720A0E4272090C81720D2100F8421CBF
:1086F0000548453008F0D6F91BF01AFEBDE81040D9
:108700000B201BF041BE10BD7C5600200C4810B55C
:10871000342100F8451F032141700621817000219A
:10872000C17001710A214171082100F8421C0448FE
:10873000453008F0B7F9BDE810400C201BF024BE0E
:108740007C56002010B500281BD00E48342100F8BC
:10875000451F0321417006218170D021C170002185
:1087600001710F214171082100F8421C0548453074
:1087700008F098F91BF0DCFDBDE8104008201BF064
:1087800003BE10BD7C56002010B500281BD00E483B
:10879000342100F8451F0321417006218170C0215A
:1087A000C170002101710F214171082100F8421CA4
:1087B0000548453008F076F91BF0BAFDBDE81040D9
:1087C00002201BF0E1BD10BD7C56002010B5002832
:1087D00018D00D48342100F8451F032141700621AF
:1087E00081700021C17001710A214171082100F8D6
:1087F000421C0548453008F055F9BDE810400420FA
:108800001BF0C2BD10BD00007C56002010B5002832
:108810001AD00E483421222200F8451F032141704E
:1088200006218170C270002202714171082100F896
:10883000421C0648453008F035F91BF079FDBDE8CB
:10884000104016201BF0A0BD10BD00007C5600207B
:1088500010B5002819D00D48342200F8452F062203
:1088600042708270F422C2700A0A027141710821BA
:1088700000F8421C0548453008F014F91BF058FD7B
:10888000BDE8104013201BF07FBD10BD7C560020BA
:1088900010B5002827D0144A40F8701F342102F880
:1088A000451F10215170062191702421D1700021A3
:1088B000117102215171042191714178D1710178B6
:1088C0001172C17851728078907207480D2102F8B8
:1088D000421C453008F0E6F81BF02AFDBDE81040C8
:1088E00012201BF051BD10BD7C56002010B5002891
:1088F00024D01348342200F8452F1022427006225B
:1089000082702822C2700022027102224271042267
:1089100082710A0AC27101720A0E4272090C8172D6
:108920000D2100F8421C0648453008F0BBF81BF04A
:10893000FFFCBDE810400B201BF026BD10BD000061
:108940007C56002070B51BF099F9B54DB54C801ED2
:1089500005F10806182870D2DFE800F0466FCC6FEA
:108960006F6F616F6FF10C6F6FAB6FABF0EF6FF00C
:10897000756F6F8FA87903285FD1E87914285CD1CF
:10898000687903280FD0552857D12070FCF7BCFE1A
:108990001BF02EF916F08EFB40792178884217D112
:1089A00016F088FB16E003202070FCF7ADFE1BF0EC
:1089B0001FF916F07FFB40792178884202D116F02A
:1089C00079FB01E016F07CFB314600F035FA04E05B
:1089D00016F076FB314600F06BFE16F06BFB21784B
:1089E000BDE8704000F05EBDA879032825D10BF0EA
:1089F00079FC16F05FFB40792178884202D116F0AD
:108A000059FB01E016F05CFB0022314600F025F92D
:108A100016F050FB2178BDE8704000F0E1BCA87969
:108A200003280AD10BF05EFC16F044FB4079217854
:108A3000884203D116F03EFB02E0B9E016F040FB9D
:108A400000F0F6F84FE00BF04DFC16F033FB4079E8
:108A50002178884202D116F02DFB01E016F030FBA0
:108A6000314600F0A9F91DE016F024FB01E016F0F4
:108A700027FBBDE87040FDF7F8BD0BF033FC16F0A6
:108A800019FB40792178884202D116F013FB01E0EE
:108A900016F016FB314600F089F916F00BFB217831
:108AA00000F0C0FC16F006FB407921788842DED148
:108AB000DAE7A879102802D1E879062801D0002148
:108AC000A1E00BF00FFC17F0ADF9172807D017F055
:108AD000A9F9182803D017F0A5F9192803D1012105
:108AE000022011F017F816F0E5FA2178BDE8704081
:108AF00000F0FABCA87903285AD1E879142857D194
:108B00000BF0F0FB6879552808D016F0D3FA4079BD
:108B10002178884214D116F0CDFA13E016F0CAFA83
:108B200040792178884202D116F0C4FA01E016F0AB
:108B3000C7FA314600F0BCFD07E04FE039E013E032
:108B400016F0BEFA314600F077F916F0B3FA407924
:108B50002178884202D116F0ADFA01E016F0B0FAA1
:108B6000BDE87040FDF77ABDA879102820D1E879DA
:108B700006281DD10BF0B6FB17F054F95C2801D084
:108B8000602815D10121022010F0C4FF17F050F920
:108B9000806825490069816017F04AF98068234997
:108BA0000069C16017F044F98068042100694171CF
:108BB00070BDA879102801D00628F9D10BF092FBDE
:108BC00017F030F93F2803D017F02CF91928EFD10E
:108BD00016F070FA697900F065FC13E0E879062870
:108BE000E6D1287AF42801D0F528E1D10BF07AFB00
:108BF000287AF42802D1A87A302809D017F012F97F
:108C00000328D5D10121BDE87040022010F082BFB9
:108C100016F050FA6979BDE8704000F0A5BB00007D
:108C20007C560020EC57002053A6020857A60208E5
:108C300010B5002810D031232E2180F822303022A8
:108C400080F8231080F82420002480F8254000F8C4
:108C50001D3F41708270C47010BD2DE9F04390F843
:108C600005804C2448262D2734235F254FF0440CE3
:108C70004FF02009B8F1550F02D00AB3002339E0B4
:108C80000AB1002319E000F85A4F5321467087704B
:108C900080F803C00171437136228271C57101727F
:108CA00041214172847280F80B90BDE8F083CC5C66
:108CB000C5185B1C85F85A40DBB29342F7D3F4E742
:108CC00000F85A4F45214670877080F803C0017143
:108CD000437130228271C57101724321417280F863
:108CE0000A9080F80B90E0E7CC5CC5185B1C85F817
:108CF0005A40DBB29342F7D3D7E7000010B5002803
:108D000024D01348032200F8452F10224270062277
:108D100082702222C2700022027102224271042259
:108D200082710A0AC27101720A0E4272090C8172C2
:108D30000D2100F8421C0648453007F0B3FE1BF039
:108D4000F7FABDE810400F201BF01EBB10BD00005D
:108D50007C56002010B5002824D01348032200F8C8
:108D6000452F10224270062282702622C2700022F5
:108D7000027102224271042282710A0AC2710172D6
:108D80000A0E4272090C81720D2100F8421C06483D
:108D9000453007F087FE1BF0CBFABDE810401120EC
:108DA0001BF0F2BA10BD00007C5600204A7800F893
:108DB0006C2F0978417070477CB50446487884F878
:108DC0008800087884F88900C87884F88A00887850
:108DD00084F88B000D46D4F8880020F097F8CDE990
:108DE000000110A2062104F15300F7F785FB687A11
:108DF00004F8840F287A6070E87AA070A87AE0708E
:108E00000A49206820F0B4FA44F8840920F07EF87A
:108E1000CDE9000106A2062104F14B00F7F76CFB37
:108E20007CBD000025352E33660000000000C842DE
:108E300025342E32660000002DE9F04F8BB004007F
:108E40004FF07E5007907DD0487884F878000878FD
:108E500084F87900C87884F87A00887884F87B00F0
:108E6000487A84F87400087A84F87500C87A84F81F
:108E70007600887A84F87700487B84F88000087B45
:108E800084F88100C87B84F88200887B84F88300A2
:108E9000487C84F87000087C84F87100C87C84F8F1
:108EA0007200887C84F873001EF0F6FCA8B1206F75
:108EB00020F02CF8FD4AFE4B1FF0FEFD0022FD4B7A
:108EC0001FF0E6FA1FF0B2FAFB492067884203DC84
:108ED0004FF08441884200DA2167207804F12F01A5
:108EE000099104F13C01059104F135010491DFF889
:108EF000D893F24E04F14301F14DDFF8C8834207E5
:108F00004FF0D97BC9F1000A06917DD520F004000D
:108F10002070A06F6061206F1FF0F8FFCDE90001A5
:108F2000EAA206210998F7F7E7FAEA49A06F884212
:108F30000FDB4FF47A763346E7A207210598F7F75F
:108F4000DBFA00E00CE2606F20F092F9B0FBF6F380
:108F500042E0E2494218E2498A4214D21FF0D6FFA9
:108F6000002233461FF050FBCDE90001D7A20721B4
:108F70000598F7F7C1FA606F1FF0C8FF002233466B
:108F80001FF042FB3EE0D7494218D7498A4214D22B
:108F90001FF0BCFF002233461FF036FBCDE9000175
:108FA000D2A207210598F7F7A7FA606F1FF0AEFF6E
:108FB000002233461FF028FB38E04219424511D207
:108FC00020F056F90346C4A207210598F7F794FA52
:108FD000606F20F04DF90346BFA207210498F7F710
:108FE0008BFA2AE000EB090159450ED21FF08EFFE3
:108FF000CDE90001B5A207210598F7F77DFA606F6A
:109000001FF084FFB1A212E048E010F1FF4F14D22C
:10901000504512DA1FF07AFFCDE90001B3A2072113
:109020000598F7F769FA606F1FF070FFAFA2CDE9FE
:10903000000107210498F7F75FFAAA49D4F88000E5
:109040004942884202DA421942450AD220F010F918
:1090500020F046F907991FF0F9FF1FF057FF9EA275
:1090600015E000EB0901594506D207991FF0EEFF04
:109070001FF04CFF95A20AE010F1FF4F0DD25045B2
:109080000BDA07991FF0E2FF1FF040FF97A2CDE92E
:10909000000107210698F7F72FFA5CE1A16FA0689D
:1090A0001FF060FFA060616FE0681FF05BFFE06091
:1090B000216F20691FF056FF20612046FBF7F6FB69
:1090C000A06F6061E079401CC0B2E0710328E4D376
:1090D00020F006F90746394620691FF0B7FF0090D7
:1090E0003946E0681FF0B2FF02903946A0681FF0D1
:1090F000ADFF07461EF0ACFA88B31EF089FB0228CC
:109100002ED37C4A04F1A400117803900C38089007
:109110001830019051B10020107008980BF02AF916
:1091200003980BF027F901980BF024F939460898B9
:109130000BF053F9DDE902100BF04FF9DDE90010F7
:109140000BF04BF901980BF02BF9009008980BF0FD
:1091500027F9074603980BF023F9029003E0FFE795
:109160006448012101702046FCF77EFD002879D17A
:1091700000981FF0CBFECDE9000154A2062109980A
:10918000F7F7BAF9534887420DDB4FF47A76334646
:1091900051A207210598F7F7AFF9029820F068F877
:1091A000B0FBF6F345E04D4839184D48814215D2E1
:1091B00038461FF0ABFE002233461FF025FACDE9FA
:1091C000000142A207210598F7F796F902981FF0CF
:1091D0009DFE002233461FF017FA41E0414839183E
:1091E0004148814215D238461FF090FE0022334696
:1091F0001FF00AFACDE900013CA207210598F7F714
:109200007BF902981FF082FE002233461FF0FCF922
:109210003BE07919414512D2384620F029F803463F
:109220002DA207210598F7F767F9029820F020F89A
:10923000034629A207210498F7F75EF92CE007EB13
:10924000090058450FD238461FF060FECDE90001F5
:109250001EA207210598F7F74FF902981FF056FE56
:109260001AA213E072E017F1FF4F15D2574513DA37
:1092700038461FF04BFECDE900011CA207210598DE
:10928000F7F73AF902981FF041FE18A2CDE9000164
:1092900007210498F7F730F91249D4F880004942C1
:1092A000884202DA4219424532D225E0CDCCCCCCFC
:1092B000CCCCFC3F0000404000000C4300408F40FD
:1092C000000086BB0040A201000038BD25352E31CC
:1092D00066000000002474492535640000B03CB8E5
:1092E00000D4B00100C0E3B90010A70125352E322B
:1092F000660000004C5800201FF0BAFF1FF0F0FF7E
:1093000007991FF0A3FE1FF001FEAFF2340217E031
:1093100000EB0901594507D207991FF097FE1FF08E
:10932000F5FDAFF258020BE010F1FF4F0ED25045A1
:109330000CDA07991FF08AFE1FF0E8FDAFF2540225
:10934000CDE9000107210698F7F7D6F80020E07173
:10935000A060E06020610BB0BDE8F04F1AF0F0BFF4
:109360000BB0BDE8F08F000010B5002819D00D48F3
:1093700000F8451F062141708170F521C170002160
:10938000017179214171082100F8421C05484530DE
:1093900007F088FB1AF0CCFFBDE8104013201AF04C
:1093A000F3BF10BD7C5600200C4A10B502F8450FE3
:1093B00003205070062090700020D07010710A2099
:1093C00050710648082102F8421C453007F06AFB3C
:1093D000BDE810400C201AF0D7BF00007C560020DA
:1093E00010B500281AD00E4800F8451F032141701F
:1093F00006218170D021C170002101710F214171BE
:10940000082100F8421C0648453007F04BFB1AF0D3
:109410008FFFBDE8104008201AF0B6BF10BD000055
:109420007C56002010B500281AD00E4800F8451FC1
:109430000321417006218170C021C170002101719A
:109440000F214171082100F8421C0648453007F001
:1094500029FB1AF06DFFBDE8104002201AF094BFFE
:1094600010BD00007C56002010B5002817D00C4815
:1094700000F8451F03214170062181700021C17051
:1094800001710A214171082100F8421C044845304D
:1094900007F008FBBDE8104004201AF075BF10BDAE
:1094A0007C56002010B500281AD00E4800F8451F41
:1094B00003214170062181702D21C17000210171AD
:1094C00001214171082100F8421C0648453007F08F
:1094D000E9FA1AF02DFFBDE8104019201AF054BF28
:1094E00010BD00007C56002010B5002819D00D4892
:1094F000222200F8451F0321417006218170C270AD
:10950000002202714171082100F8421C05484530D3
:1095100007F0C8FA1AF00CFFBDE8104016201AF048
:1095200033BF10BD7C56002010B5002823D0124850
:1095300000F8452F10224270062282703E22C2702F
:109540000022027102224271042282710A0AC2714F
:1095500001720A0E4272090C81720D2100F8421C40
:109560000548453007F09EFA1AF0E2FEBDE81040CB
:109570000B201AF009BF10BD7C56002010B5002842
:1095800018D00D4800F8452F062242708270F42250
:10959000C2700A0A02714171082100F8421C064893
:1095A000453007F07FFA1AF0C3FEBDE810401320E3
:1095B0001AF0EABE10BD00007C56002010B500284D
:1095C00026D0144B40F8701F102103F8452F597016
:1095D000062199702421D970002119710221597135
:1095E000042199714178D97101781972C178597241
:1095F0008078987207480D2103F8421C453007F027
:1096000051FA1AF095FEBDE8104012201AF0BCBEC7
:1096100010BD00007C56002010B5002818D00D4861
:1096200000F8452F0622427082702D22C27000225F
:1096300002714171082100F8421C0648453007F0CC
:1096400031FA1AF075FEBDE8104015201AF09CBEE4
:1096500010BD00007C56002010B5002824D013480F
:10966000032200F8452F10224270062282702B221E
:10967000C2700022027102224271042282710A0A1F
:10968000C27101720A0E4272090C81720D2100F83A
:10969000421C0648453007F005FA1AF049FEBDE8BD
:1096A00010400B201AF070BE10BD00007C56002048
:1096B0002DE9F04F85B004004FF07E5578D0487802
:1096C00084F87800087884F87900C87884F87A00FB
:1096D000887884F87B00487A84F87400087A84F8E3
:1096E0007500C87A84F87600887A84F87700487B19
:1096F00084F88000087B84F88100C87B84F88200AD
:10970000887B84F88300487C84F87000087C84F8A7
:109710007100C87C84F87200887C84F873001EF0A5
:10972000BBF8A8B1206F1FF0F1FB8A4A8A4B1FF0EB
:10973000C3F90022894B1EF0ABFE1EF077FE88496C
:109740002067884203DC4FF08441884200DA2167B9
:109750002078DFF8109204F14301DFF80CA2DFF863
:109760000CB2420704F12F06029142D520F004000A
:109770002070A06F6061206F1FF0C8FBCDE9000171
:109780007BA206213046F6F7B7FED4F880004845A4
:1097900003DA00EB0A025A450BD21FF069FD1FF0F5
:1097A0009FFD29461FF052FC1FF0B0FB72A219E08A
:1097B000CDE072490144B1F1D97F06D229461FF0AC
:1097C00045FC1FF0A3FB6AA20CE010F1FF4F0FD283
:1097D0006A49494288420BDA29461FF037FC1FF0DC
:1097E00095FB67A2CDE9000107210298F6F784FEF8
:1097F000A8E02946D4F880001FF028FCA1681FF0DB
:10980000B1FBA060616FE0681FF0ACFBE060216F0E
:1098100020691FF0A7FB20612046FBF747F8A06FE7
:109820006061E079401CC0B2E071032874D31FF07E
:1098300057FD0546294620691FF008FC009029467F
:10984000E0681FF003FC04902946A0681FF0FEFBAF
:1098500005461DF023FFDFF83081002780B31DF09F
:10986000FDFF02282DD398F8001004F19800039012
:109870004246183004F1A408019049B117700398CA
:109880000AF078FD40460AF075FD01980AF072FD75
:10989000294603980AF0A1FD404604990AF09DFD6F
:1098A000DDE900100AF099FD01980AF079FD0090B9
:1098B00003980AF075FD054640460AF071FD03E085
:1098C000FFE7012188F800102046FCF7CDF9A8BB7E
:1098D00000981FF01BFBCDE9000125A206213046B0
:1098E000F6F70AFE4D4503DA05EB0A01594509D2A0
:1098F00028461FF0BDFC03461FA207210298F6F779
:10990000FBFD1BE01D482844B0F1D97F05D2284655
:109910001FF0FCFA16A20BE014E015F1FF4F0DD278
:1099200016484042854209DA28461FF0EFFA14A291
:10993000CDE9000107210298F6F7DEFDE771A76087
:10994000E760276105B0BDE8F04F1AF0F9BC05B03B
:10995000BDE8F08FCDCCCCCCCCCCFC3F000040405F
:1099600000000C4300401C46000086BB0040A201E2
:1099700025352E316600000025356400000038BD15
:1099800025352E32660000004C58002070B51AF0C4
:1099900075F9694C0B2804F108056FD01FDC02280B
:1099A00050D0042873D008286AD1A079042867D140
:1099B0000AF098FC15F07EFB40795D2861D015F027
:1099C0007FFB29461EF062FA15F074FB40795D2892
:1099D0005AD015F075FBBDE87040FCF746BE0C2868
:1099E00015D0122873D013284AD1E0799C2847D18A
:1099F000207A512844D10AF075FC16F013FA032896
:109A00003ED1BDE870400121022010F083B8A0795A
:109A1000042835D15D20FBF777FE1AF0E9F815F040
:109A200049FB40795D280AD015F04AFB294600F031
:109A300089F815F03FFBBDE8704000F07BBA15F0E7
:109A400039FBF3E7A079042869D1E0790C2866D1C5
:109A50000AF048FC15F02EFB40795D280BD015F07C
:109A60002FFB0C2229461EF028FA15F023FBBDE837
:109A7000704000F03DBA15F01DFBF2E72BE006E068
:109A80004DE015F017FB9CE715F014FBA3E7A07958
:109A9000042844D1E079082841D10AF023FC15F0CC
:109AA00009FB40795D280FD015F00AFB294600F02C
:109AB00049F815F0FFFA40795D2809D015F000FB50
:109AC000BDE87040FCF7CABD15F0F4FAEEE727E0F8
:109AD00015F0F0FAF4E7A079102820D1E0799C285D
:109AE0001DD10AF0FFFB16F09DF9032801D05C2878
:109AF00015D10121022010F00DF816F099F98068B7
:109B00000E490069816016F093F980680C4900697C
:109B1000C16016F08DF9806804210069417170BD43
:109B2000E0799C28FBD10AF0DDFB16F07BF93F2899
:109B30003FF467AF70BD00007C56002053A60208BA
:109B400057A602082DE9F04F85B0040072D048787E
:109B500084F87800087884F87900C87884F87A0066
:109B6000887884F87B00487984F87000087984F854
:109B70007100C87984F87200887984F87300002530
:109B800065671DF089FEA8B1206F1FF0BFF98C4AF0
:109B90008C4B1EF091FF00228B4B1EF079FC1EF0C7
:109BA00045FC8A492067884203DC4FF084418842A3
:109BB00000DA21672078DFF818B204F13C01854E05
:109BC000420704F12F0904F13508029147D520F02E
:109BD00004002070A06F6061206F1FF097F9CDE93D
:109BE00000017DA206214846F6F786FC606F1FF053
:109BF0008DF9CDE900017AA207214046F6F77CFCF9
:109C0000A06F58450ADB1FF033FB0346029805B0EE
:109C100075A2BDE8F04F0721F6F76EBC7349884284
:109C200009DB1FF025FB03466FA206210298F6F719
:109C300063FC10E010E06E49884203DB1FF066F918
:109C40006CA202E01FF062F963A2CDE900010721D6
:109C50000298F6F751FC357005B0BDE8F08FA16FA2
:109C6000A0681FF07FF9A060616FE0681FF07AF9CB
:109C7000E060216F20691FF075F920612046FAF736
:109C800015FEA06F6061E079401CC0B2E07103284E
:109C9000E2D31FF025FB0746394620691FF0D6F9AD
:109CA00001903946E0681FF0D1F903903946A06869
:109CB0001FF0CCF907461DF0CBFCDFF840A188B3BC
:109CC0001DF0A6FD02282ED39AF8001004F1A4007E
:109CD000049052460C3804F1B00A009049B1157056
:109CE00000980AF047FB04980AF044FB50460AF03B
:109CF00041FB394600980AF070FBDDE903100AF0D9
:109D00006CFB504601990AF068FB50460AF048FB8C
:109D1000019000980AF044FB074604980AF040FBC3
:109D2000039003E0FFE701218AF800102046FBF7CB
:109D30009BFFA0BB01981FF0E9F8CDE9000126A226
:109D400006214846F6F7D8FB03981FF0DFF8CDE967
:109D5000000123A207214046F6F7CEFB5F4509DB51
:109D6000A06F1FF085FA03461FA207210298F6F79D
:109D7000C3FB1FE01D48874209DB38461FF078FA15
:109D8000034619A206210298F6F7B6FB11E018481F
:109D90008742384604DB1FF0B9F816A203E009E059
:109DA0001FF0B4F80CA2CDE9000107210298F6F7E4
:109DB000A3FB3570E571A560E56025614CE7000007
:109DC000CDCCCCCCCCCCFC3F0000404000000C43C0
:109DD00000401C468C58002025352E3266000000BD
:109DE00025362E32660000002564000000007A440B
:109DF0000000C84225352E31660000004C58002076
:109E000010B500281BD00E485D2100F8451F062123
:109E100041709C2181705121C1700021017101218B
:109E20004171082100F8421C0548453006F03AFE11
:109E30001AF07EFABDE8104013201AF0A5BA10BD42
:109E40007C5600201CB50C46002832D0684606F02F
:109E5000A9FBDDE900010AF023FB164A5D2102F8A7
:109E6000451F102151709C2191705B21D170002100
:109E700011710421517108219171010AD17110727F
:109E8000010E5172000C9072200AD0721473200ED1
:109E90005073200C90730748112102F8421C453082
:109EA00006F000FE1AF044FABDE81C400B201AF040
:109EB0006BBA1CBD7C5600200C4810B55D2100F823
:109EC000451F04214170752282706922C2700022F0
:109ED00002714171082100F8421C0448453006F027
:109EE000E1FDBDE810400C201AF04EBA7C5600206F
:109EF00010B500281BD00E485D2100F8451F042135
:109F00004170752181704521C170002101710121CD
:109F10004171082100F8421C0548453006F0C2FD99
:109F20001AF006FABDE8104008201AF02DBA10BD4C
:109F30007C56002010B500281BD00E485D2100F88B
:109F4000451F04214170752181703021C1700021AD
:109F5000017106214171082100F8421C0548453075
:109F600006F0A0FD1AF0E4F9BDE8104002201AF056
:109F70000BBA10BD7C56002010B5002818D00D4833
:109F80005D21752200F8451F04214170827069220D
:109F9000C270002202714171082100F8421C05487C
:109FA000453006F07FFDBDE8104004201AF0ECB902
:109FB00010BD00007C56002010B5002827D0144AA0
:109FC00040F8701F5D2102F8451F102151709C213F
:109FD00091705921D1700021117102215171042118
:109FE00091714178D17101781172C1785172807884
:109FF000907207480D2102F8421C453006F052FDD0
:10A000001AF096F9BDE8104012201AF0BDB910BD43
:10A010007C56002072B6FEE7E4224FF440710148FE
:10A0200007F00EBD347C002002464FF44861014821
:10A03000F6F7D3BB245C002010B5094C0021217039
:10A0400002F0B6FB0020FFF7EFFF01202070002494
:10A0500000F05AFA641CE4B2C82CF9D310BD000019
:10A06000705600202DE9FF5F9B46DDF838801546CD
:10A070000646A0281FD20198A0281CD20024DFF891
:10A080005890DFF858A022E0600701D115F8017B55
:10A09000134804F00701405C384210D1B8F1000FBA
:10A0A00010D09AF800203046019900F03BF8761C59
:10A0B000F6B2A02E09D3002004B0BDE8F09FB8F19D
:10A0C000000FEED099F80020EDE7641CE4B25C4587
:10A0D000DAD30120F0E70000150000201400002072
:10A0E000DD9702082DE9F84F00251F4614460E465D
:10A0F0008246A946DDF8288010E03B4622463146DC
:10A100005046CDF80090FFF7ADFF761CF6B204EB99
:10A11000D704780700D0641C6D1CEDB24545ECD324
:10A12000BDE8F88F30B5A02801D2A02901D30020C6
:10A1300030BD0A4BD50701EB810100F00702084C46
:10A1400003EB810101EBD000A25C017801D0114347
:10A1500000E091430170012030BD0000245C00202C
:10A1600048BA02082DE9FC5F8046DDE90C541E4622
:10A1700091460F4610462D2A68D00BDCA2F1200034
:10A180000C2813D2DFE800F047741212125B12128F
:10A190008188126D3A2846D004DC2E283DD02F2A23
:10A1A00004D146E03F2856D0402A68D03F4AA9F162
:10A1B000610102EB091BABF560708246192906D8D4
:10A1C000CDE9005402463946404600F073F8A9F143
:10A1D0003000092808D8CDE90054ABF52C7233467D
:10A1E0003946404600F066F8A9F14100192808D820
:10A1F000CDE90054ABF5487233463946404600F08D
:10A2000059F8B9F17A0F4FD952463346CDE9005487
:10A210003946404646E0254AF8E7244ACDE900544D
:10A22000103240463EE0214ACDE9005420324046FB
:10A2300038E01E4ACDE900543032404632E01B4A35
:10A24000CDE900544032394640462BE0CDE9005478
:10A25000174A404626E0164ACDE9005420324046CF
:10A2600020E0134ACDE9005410323946404619E047
:10A270000F4ACDE9005430323946404612E00C4ACC
:10A28000CDE90054603240460CE0094ACDE9005463
:10A2900040323946404605E0054ACDE90054503287
:10A2A0003946404600F006F8BDE8FC9F1600002045
:10A2B000460400202DE9F84F1F46DDE90A981446B0
:10A2C0000E468246002510E03B4622463146504667
:10A2D000CDF80080FFF7C6FE761CF6B204EBD7047B
:10A2E000780700D0641C6D1CEDB24D45ECD3BDE881
:10A2F000F88F00002DE9FF4F83B01E46DDE911986D
:10A30000DDF840B01500074617D017484FF000049D
:10A31000854215D1DFF854A00DE0CDE90098295D04
:10A3200007EB04100AEB4112C0B25B460499FFF739
:10A33000C1FF641CE4B2B442EFD307B0BDE8F08FB4
:10A34000DFF82CA00DE0CDE90098295D07EB0410A3
:10A350000AEB4112C0B25B460499FFF7ABFF641CE5
:10A36000E4B2B442EFD3E8E70BB902087E2F002035
:10A37000FE0900202DE9FF4F83B01E46DDE911984C
:10A38000DDF840B01500074613D00024DFF828A000
:10A390000DE0CDE90098295D07EB04100AEB4112AE
:10A3A000C0B25B460499FFF785FF641CE4B2B44277
:10A3B000EFD307B0BDE8F08F7E2F00202DE9FC47DA
:10A3C0009846DDE90A761400894605460DD009E075
:10A3D000CDE90076434649462846FFF7C3FE0835D7
:10A3E000EDB2641C2278002AF2D1BDE8FC8700009F
:10A3F0007CB5202ADDE9065413D02D2A15D02E2A4B
:10A400000BD0A2F13006092E15D8CDE900540A4C24
:10A4100004EB8212A2F53C620BE0CDE90054064A3F
:10A4200007E0CDE90054054A03E0044ACDE90054B1
:10A430004032FFF73FFF7CBDB604002076070020C6
:10A440002DE9FC479846DDE90A7614008946054661
:10A450000DD009E0CDE90076434649462846FFF78E
:10A46000C7FF1035EDB2641C2278002AF2D1BDE896
:10A47000FC8700007CB5202ADDE9065415D02D2A82
:10A4800017D02E2A0DD0A2F13006092E17D8CDE90B
:10A4900000540B4C02EB820204EBC202A2F5EB6209
:10A4A0000BE0CDE90054064A07E0CDE90054054A27
:10A4B00003E0044ACDE900542832FFF7FBFE7CBDDF
:10A4C000F6070020AE0900202DE9FC479846DDE99B
:10A4D0000A761400894605460DD009E0CDE90076DC
:10A4E000434649462846FFF7C5FF0B35EDB2641CCD
:10A4F0002278002AF2D1BDE8FC870000014A1070E2
:10A5000051707047140000202DE9F0411A4D287851
:10A5100000282ED0688868B918486860602007F065
:10A52000DFFB702007F0DCFB052007F0D9FB1220D1
:10A5300007F0D6FB002414264FF4486827466968C4
:10A5400011F8010B696007F08DFB6888401C80B230
:10A55000B0FBF6F1688006FB110010B9002007F08F
:10A56000F1FB6888404500D16F80641CA4B2142CB4
:10A57000E5D3BDE8F081000070560020245C002087
:10A5800070B58820F8F7B0FC04468920F8F7ACFCD9
:10A5900004EB0020384C20808A20F8F7A5FC054603
:10A5A0008B20F8F7A1FC05EB002060808C20F8F7E9
:10A5B0009BFC05468D20F8F797FC05EB0020A0805A
:10A5C0008E20F8F791FC05468F20F8F78DFC05EBFF
:10A5D0000020E0809020F8F787FC05469120F8F7EE
:10A5E00083FC05EB002020819220F8F77DFC0546D6
:10A5F0009320F8F779FC05EB002060819420F8F7B0
:10A6000073FC05469520F8F76FFC05EB0020A08150
:10A610009620F8F769FC05469720F8F765FC05EBEE
:10A620000020E0819820F8F75FFC05469920F8F7B4
:10A630005BFC05EB002020829A20F8F755FC0546CC
:10A640009B20F8F751FC05EB002060829C20F8F776
:10A650004BFC05469D20F8F747FC05EB0020A08247
:10A660009E20F8F741FC05469F20F8F73DFC05EBDE
:10A670000020E08270BD00000C5C00200148C07822
:10A6800070470000A858002001484078704700003B
:10A69000A85800200148B0F906007047A8580020CB
:10A6A0000148007870470000A85800200148B0F920
:10A6B00004007047A85800200148807870470000C7
:10A6C000A858002001484088704700009C5800208E
:10A6D00001480088704700009C5800200148C0884D
:10A6E000704700009C580020014800687047000037
:10A6F00090580020F8B50024009490F84820254692
:10A70000012A12D0012280F848204A681F23072A14
:10A710000DD20668376C521E02EB820293409F43B3
:10A720000B6893401F43376435E00220F8BD0D2AC3
:10A730000BD20668F76BD21F02EB820293409F4355
:10A740000B6893401F43F76325E0132A0BD206687A
:10A75000B76B0D3A02EB820293409F430B68934024
:10A760001F43B76317E00668192A0AD2776B133ABA
:10A7700002EB820293409F430B6893401F43776331
:10A7800009E0376B193A02EB820293409F430B6852
:10A7900093401F4337630A6807260A2A0AD20368D0
:10A7A0005F6902EB42029640B7438E68964037439A
:10A7B0005F6125E0142A0BD203681F690A3A02EB95
:10A7C00042029640B7438E68964037431F6117E0B8
:10A7D00003681D2A0AD8DF68143A02EB4202964049
:10A7E000B7438E6896403743DF6009E0DF6D1E3A5D
:10A7F00002EB42029640B7438E6896403743DF65CE
:10A800000A68102A01D0112A17D10E4A13681B02B8
:10A8100013D4136843F400031360096810290CD1A2
:10A8200009490A4A0968B1FBF2F101EB81014900CB
:10A8300000E0491E00910029FBD180F848502046D5
:10A84000F8BD0000042701401000002040420F0026
:10A850000068806D70470000F8B504004FF00005F7
:10A8600003D0E06C002610B110E00120F8BD266591
:10A87000564884F84860016841F0010101600068B1
:10A8800000F001000090204600F0AAF8E06CC0063D
:10A8900071D4E06C20F4885040F00200E0644C4831
:10A8A0000168626821F44031114301606169E06828
:10A8B0004FF40073084394F83C2093FAA3F3B3FADF
:10A8C00083F3216A9A4011430843022194F824C07B
:10A8D00091FAA1F1B1FA81F10CFA01F10843616B2F
:10A8E000102902D0A26B11430843226811684FF46B
:10A8F000807EC943490620D5A169E3690843A16860
:10A900002769194373469F4202D0012F00D00023CC
:10A91000194394F82C30012B0AD1BCF1000F2BD035
:10A92000E36C43F02003E364236D43F001032365EC
:10A930005368284F3B400B43536021688A68264B7D
:10A940001A4002438A602169714522D0012920D032
:10A9500021680A6B22F0F8720A63216889681F4A2D
:10A960001140814225D12665E06C20F0020040F0C4
:10A970000100E06428E026E04FF46047236B97FA7B
:10A98000A7F7B7FA87F75B1EBB400B4343F40061A0
:10A99000CEE721680A6B4FF0F87722F0F873A26ACD
:10A9A00097FAA7F7B7FA87F7521EBA4013430B631B
:10A9B000D3E7E06C20F0020040F01000E064206D6E
:10A9C00040F00100206501252846F8BD20380240EE
:10A9D00004270140FF16FCFC89F1FFC0FEFF80BF89
:10A9E00010B586B0044614216846F5F720FF1249D9
:10A9F000206888421DD11148016841F4007101604E
:10AA0000006800F4007005900C48001F016841F0D8
:10AA1000100101600068694600F0100005904FF4D5
:10AA2000807000900320019000200290044800F004
:10AA3000E9F906B010BD00000024014020380240B2
:10AA4000001002402DE9F041044600680D4681687F
:10AA50004FF0000749050BD58068C00508D5E06CAC
:10AA600040F02000E06484F848700120BDE8F081E7
:10AA700000F0BCFA064613E0681C11D025B100F0C6
:10AA8000B5FA801BA8420BD920680068800707D45C
:10AA9000E06C40F00400E06484F848700320E5E7CF
:10AAA000206800688007E7D5A06918B921686FF0B1
:10AAB00012000860E06C40F40070E0642068816877
:10AAC00011F0405F14D194F8241089B9016B11F092
:10AAD000F87F02D0806840050AD4E06C20F48070D2
:10AAE000E064E06CC00403D4E06C40F00100E0647A
:10AAF0000020BBE710B5044690F84800012822D09A
:10AB0000012084F848002046F7F76AFD00281BD191
:10AB1000E16C40F20162914341F48071E16421688B
:10AB20004A68520505D5E26C22F4005242F4805284
:10AB3000E264E26CD3044FF0000206D5236D23F0EB
:10AB40000603236502E0022010BD226584F8482038
:10AB50006FF022020A6021688A6812F0405FF3D128
:10AB60008A6842F080428A6010BD10B5044690F8B1
:10AB70004800012807D0012084F848002046F7F754
:10AB800005FD10B107E0022010BDE16C21F48851F1
:10AB900041F00101E164002184F8481010BD10B5B6
:10ABA00090F821100022022905D00421816380F849
:10ABB0002020012010BD01680B6823F00E030B60FC
:10ABC00001680B6823F001030B6090F8401001242A
:10ABD00001F01C0304FA03F1C36B596080F82140B3
:10ABE00080F82020104610BD10B590F821100024E8
:10ABF000022903D00421816301241AE001680A6854
:10AC000022F00E020A6001680A6822F001020A605E
:10AC100090F84010012301F01C0203FA02F1C26B0C
:10AC2000516080F82130002180F82010416B01B183
:10AC30008847204610BD806B7047F0B4C16B0B682D
:10AC400001680A6890F84040042504F01C0405FAE5
:10AC500004F61E4211D056070FD50A68920603D497
:10AC60000A6822F004020A6090F8401001F01C010A
:10AC70008D40C16B4D60C16A1DE0022606FA04F7E3
:10AC80001F424FF0000C4FF0010518D0970716D562
:10AC90000A68920605D40A6822F00A020A6080F85F
:10ACA000215090F8401001F01C018E40C16B4E60A5
:10ACB00080F820C0816A00291AD0F0BC0847082615
:10ACC000A6401E4214D0120712D50A6822F00E02C6
:10ACD0000A6090F84010C26B01F01C0105FA01F106
:10ACE0005160856380F8215080F820C0016BE2E755
:10ACF000F0BC704730B560B11A4B0168142299421C
:10AD000009D2194B0B44B3FBF2F292000264174ACA
:10AD10000AE0012030BD134B5B420B44B3FBF2F25F
:10AD2000920002640F4A083AC263022280F821208E
:10AD30000A6847F6F0739A43F0E901342343D0E9F7
:10AD400002452C4323430469234344692343846914
:10AD5000234313430B6000214163012242770177B3
:10AD6000084630BD08640240F89FFDBF0060024005
:10AD700070B5044690F82000002501280CD0012071
:10AD800084F8200094F821600020012E06D084F879
:10AD900020000225284670BD022070BD022684F8DE
:10ADA0002160A0632068066826F001060660204640
:10ADB000FAF792FCE06A00282068016802D041F0AE
:10ADC0000E0106E021F0040101602068016841F0F5
:10ADD0000A0101602068016841F001010160D9E7C2
:10ADE00070B5044600F002F90546601C02D0044824
:10ADF0004068044400F0FAF8401BA042FAD370BD4A
:10AE0000040000202DE9F84FDFF89491002209F1A9
:10AE1000040A0AF1040B03274FF00F0C0BF1040E88
:10AE2000B6E0012595402B4073D00C7904F0030463
:10AE3000012C01D0022C15D18668540007FA04F8C1
:10AE400026EA0806D1F80C8008FA04F848EA060851
:10AE5000C0F808804468AC430D79C5F300159540EF
:10AE6000254345600C79E443A40708D0C568540025
:10AE700007FA04F6B5438E68A6402E43C6600C79E7
:10AE800004F00304022C11D1D40800EB8406356AC7
:10AE90005407E40E0CFA04F825EA0805D1F81080EE
:10AEA00008FA04F848EA0508C6F820800568540046
:10AEB00007FA04F6B5430E7906F00306A6402E43C2
:10AEC00006604C6814F4403F61D0364C256845F06C
:10AED00001052560246822F0030504F001040094B4
:10AEE000314C05EB0408D8F808509407260F0CFAEB
:10AEF00006F4A5432D4CA04201D100241FE02C4CA8
:10AF0000A04201D101241AE02A4CA04202D102241D
:10AF100015E03CE0284CA04201D103240FE0274C6F
:10AF2000A04201D104240AE0254CA04201D105240D
:10AF300005E0244CA04201D1062400E00724B440DF
:10AF40002C43C8F80840D9F800404D464E689C4351
:10AF5000F60300D51C432C60DAF8004055464E68D5
:10AF60009C43B60300D51C432C60DBF800405D46D3
:10AF70004E689C43F60200D51C432C60DEF800406E
:10AF800075464E689C43B60200D51C432C60521C8B
:10AF90000B6833FA02F47FF444AFBDE8F88F000089
:10AFA000000401402038024000000140000002403F
:10AFB0000004024000080240000C02400010024061
:10AFC00000140240001802400069084000D001202F
:10AFD0007047426921EA02030A4043EA0241816163
:10AFE00070470AB1816170470904FBE70148806836
:10AFF000704700000400002070B5040011D02168E3
:10B000004CF6CC400860216845F255500860D4E900
:10B01000000141602168A0688860FFF7E7FF0546EE
:10B020000CE0012070BDFFF7E1FF401B2A2805D985
:10B030002068C068800701D0032070BD2068C06808
:10B040008007F0D121684AF6AA200860002070BD70
:10B0500000684AF6AA210160002070470248816812
:10B0600042681144816070470400002010B500243C
:10B07000032000F079F80F2000F008F808B101244F
:10B0800001E000F025F8204610BD000070B50E4E1E
:10B0900005460024706898B14FF47A71B1FBF0F066
:10B0A0000A490968B1FBF0F000F03DFD40B9102DF0
:10B0B00006D200222946501E00F036F8356000E026
:10B0C0000124204670BD0000040000201000002074
:10B0D0000D4808B5016841F000410160016801F0C8
:10B0E00000410091011F0A6842F001020A600968EC
:10B0F00001F001010091016841F080510160006898
:10B1000000F08050009008BD24380240002809DB80
:10B1100000F01F02012191404009800000F1E02071
:10B12000C0F8001170470000F0B40E4B1B68C3F369
:10B130000223C3F10704042C00D904241D1D072D8C
:10B1400001D2002300E0DB1E012606FA04F56D1E85
:10B150000D409D409E40761E164045EA0601F0BC1B
:10B1600006F036BE0CED00E0064A00F0070110685C
:10B170004FF6FF03184040EA0120034908431060DE
:10B18000704700000CED00E00000FA05BFF34F8FA0
:10B1900005480168054A01F4E06111430160BFF30D
:10B1A0004F8F00BFFDE700000CED00E00400FA0542
:10B1B000704700002DE9F0470E46040076D0DFF816
:10B1C0008081D8F8000000F00100B04214D2012EB6
:10B1D00005D1D8F8001041F00401C8F80010D8F8E3
:10B1E000001021F001013143C8F80010D8F8000028
:10B1F00000F00100B0427DD12078524F800705D584
:10B200003868A16820F0F000084338602078C00753
:10B2100059D04C496068083902281AD003281BD03D
:10B22000096801281BD08905002963DA396821F0F3
:10B23000030101433960FFF7D9FE0546606841F21A
:10B240008831022813D003281ED00128894627D030
:10B2500035E009688903E7E709688901E4E78907B8
:10B26000E2E7FFF7C3FE411B494501D924E08946C7
:10B270003868C0F381000228F3D124E0FFF7B6FE5E
:10B28000411B494501D917E089463868C0F3810060
:10B290000328F3D117E0FFF7A9FE411B49450BD85E
:10B2A0003868C0F381000128F5D10CE022E0FFF7F7
:10B2B0009DFE411B494502D90320BDE8F08738684F
:10B2C00010F00C0FF3D1D8F80010404601F0010146
:10B2D000B14211D9012E03D1016841F0040101608E
:10B2E000016821F0010131430160006800F00100B4
:10B2F000B04201D00120E0E72078400705D538684A
:10B30000E16820F4E060084338602078000706D543
:10B310003868216920F4605040EAC100386000F0CC
:10B320003FF83968084AC1F30311515CC840074926
:10B33000086007480068BDE8F047FFF7A7BE0000B7
:10B34000003C024008380240C59702081000002067
:10B3500004000020014901200867704700004742AF
:10B360000448054900680968044AC1F30221515C98
:10B37000C84070471000002008380240D5970208E6
:10B380000448054900680968044AC1F3C221515CB8
:10B39000C84070471000002008380240D5970208C6
:10B3A00070B5154D2968154801F00C02042A0CD01F
:10B3B0004410082A0AD00C2A0AD0281F0068C0F3BB
:10B3C00042314FF40040491C884070BD204670BD9A
:10B3D0000B4AC1F38343D35CC1F381522968521CE9
:10B3E000C90302D5A3FB040101E0A3FB0001002374
:10B3F000F5F70AF870BD0000083802400024F40098
:10B40000BC970208054810B50068000605D5FFF78F
:10B41000CFFE02498020891C087010BD0C38024004
:10B420002DE9F84F04007BD0F6480168006801F070
:10B430000C0600F4803B2078F34DC0073FD0082E67
:10B4400012D00C2E02D1BBF5803F0DD060680128D0
:10B4500011D008B1052818D0286820F48030286061
:10B46000286820F4802009E02868800327D56068D8
:10B470000028D8D023E0286840F480302860606835
:10B4800088B1FFF7B3FD074609E0286840F4802043
:10B490002860F0E7FFF7AAFDC01B642879D8286868
:10B4A0008003F7D50BE0FFF7A1FD074604E0FFF7A7
:10B4B0009DFDC01B6428F1D828688003F7D420784C
:10B4C000DFF8488380074FF001094FF0000A36D5B6
:10B4D000042E0CD00C2E02D1BBF1000F07D0E06877
:10B4E000F8B1C8F80090FFF781FD07460BE0286827
:10B4F00080070BD5E068012812D107E0FFF776FD41
:10B50000C01B0228CAD828688007F7D5BD48001F8D
:10B510000168226921F4F85141EA022101600EE03C
:10B520006CE1C8F800A0FFF761FD074604E0FFF7F3
:10B530005DFDC01B0228B1D828688007F7D42078A9
:10B54000C00672D53EB1A069F0B3C8F82090FFF7ED
:10B550004DFD07464AE02868800502D5A06900280D
:10B5600087D0A84F206A3F1F396801F460418842A4
:10B5700010D904F079FF0028BED13868216A20F480
:10B58000604008433860217F386861F31F6038608D
:10B590000FE0A4E0396821F4604101433960217F64
:10B5A000386861F31F603860206A04F05DFF00288E
:10B5B000A2D1216A4FF4004009EB513188409149F2
:10B5C0000968C1F3031100E021E0914A515CC840D1
:10B5D0009049086090480068FFF758FD00287DD129
:10B5E00023E0FFF703FDC01B022878D828688005F8
:10B5F000F7D58448001F0168226A21F46041114395
:10B600000160227F016862F31F6101600DE0C8F8EC
:10B6100020A0FFF7EBFC074604E0FFF7E7FCC01BA8
:10B6200002285CD828688005F7D420787B4F000773
:10B6300021D57B48616979B1C0F80090FFF7D6FC4D
:10B64000834605E0FFF7D2FCA0EB0B00022846D8AA
:10B6500038688007F6D50EE0C0F800A0FFF7C6FCFA
:10B66000834605E0FFF7C2FCA0EB0B00022836D8AA
:10B6700038688007F6D4207840076AD5002000900B
:10B68000664810380068C0000AD464481038016861
:10B6900041F080510160006800F08050012000906E
:10B6A00060480168C90511D4016841F480710160E6
:10B6B000FFF79CFC834605E0FFF798FCA0EB0B002E
:10B6C00064280CD857480068C005F5D5A068012843
:10B6D0000DD008B1052814D0386801E075E073E09A
:10B6E00020F480703860386820F4806002E03868A8
:10B6F00040F480703860A068A0B1FFF777FC834603
:10B700000CE0386840F480603860F0E7FFF76EFCCA
:10B71000A0EB0B0141F28830814255D83868800592
:10B72000F4D50EE0FFF762FC834607E0FFF75EFC0E
:10B73000A0EB0B0141F28830814245D83868800582
:10B74000F4D4009828B135481038016821F08051B0
:10B750000160606A90B30C2E3DD00228504605D09F
:10B76000C8F86000FFF742FC044630E04746C8F8DE
:10B770006000FFF73BFC064604E0FFF737FC801B48
:10B78000022821D828688001F7D4D4E90A1001439F
:10B790001C48226B036823F47D031A4311430160A4
:10B7A000C7F86090FFF722FC044604E0FFF71EFC98
:10B7B000001B022808D828688001F7D520E0FFF791
:10B7C00015FC001B022802D90320BDE8F88F286869
:10B7D0008001F4D414E00128F7D00A480068A26A76
:10B7E00000F48031914209D1E26A00F47011914273
:10B7F00004D1216B00F44000884201D00120E4E72D
:10B800000020E2E7083802400038024000004742CA
:10B81000C5970208100000200400002034380240C0
:10B82000800647420070004070B5040009D0606A8D
:10B83000002540B125616561A56294F8510040B1D1
:10B840000CE0012070BD6068B0F5827FF4D0E56146
:10B85000F2E784F85050204600F044F8022084F8C3
:10B8600051002068016821F040010160A088218911
:10B8700000F4827001F404410843A18901F40061DD
:10B880000843217C01F002010843217D01F0010100
:10B890000843218B01F400710843217F01F0380136
:10B8A000084394F8201001F080010843218D01F431
:10B8B0000051084321680860A069042101EA104092
:10B8C00094F8241001F010010843216848602068B2
:10B8D000C16921F40061C1616565012084F85100EE
:10B8E000002070BD10B586B0044614216846F4F7F8
:10B8F0009EFF13492068884220D11248016841F414
:10B9000080510160006800F4805005900D48001FD0
:10B91000016841F0020101600068694600F0020020
:10B920000590382000900220019000200290032012
:10B930000390052004900448FFF764FA06B010BD98
:10B940000030014020380240000402402DE9F84F49
:10B95000044690F8500001250A9E1F4692468B46E9
:10B960004FF0000801280ED0012084F85000FFF7A6
:10B970003DFB814694F85100616801280CD0B1F577
:10B98000827F07D102E00220BDE8F88FA16809B9E3
:10B99000042801D00220B6E0BBF1000F27D0BAF195
:10B9A000000F24D01FB394F85100042802D00520C2
:10B9B00084F8510000206065C4F838A0E787A787A5
:10B9C000C4F830B0E786A786206460642068016808
:10B9D000490603D4016841F040010160E068B0F518
:10B9E000006F606805D0E8B3012F43D079E00120F3
:10B9F00089E008B1012F34D1206B21680088C8602C
:10BA0000206B801C2063E08E401EE08629E02068C9
:10BA1000816889070DD5E18E59B1012D09D1216BBE
:10BA20000988C160206B801C2063E08E401EE08688
:10BA3000002520688168C9070BD0E18F49B1C06833
:10BA4000A16B0880A06B801CA063E08F401EE08784
:10BA50000125FFF7CBFAA0EB0900B04201D3701C1F
:10BA600050D100E006E0E08E0028D0D1E08F002821
:10BA7000CDD13CE0206B216800780873206B401C1E
:10BA80002063E08E401EE0862BE0206881688907F5
:10BA90000DD5E18E59B1012D09D1216B09780173C2
:10BAA000206B401C2063E08E401EE086002520684D
:10BAB0008168C9070BD0E18F49B1C068A16B0870DC
:10BAC000A06B401CA063E08F401EE0870125FFF7BC
:10BAD0008DFAA0EB0900B04202D3701C01D011E036
:10BAE00086B1E08E0028D0D1E08F0028CDD14A4623
:10BAF0003146204604F092FD38B120204FF0010875
:10BB0000606508E00320804605E0A06818B9206859
:10BB1000C16880680090012084F85100002084F8FA
:10BB20005000404630E710B5401EB0F1807F01D391
:10BB3000012010BD4FF0E02460610F21601706F076
:10BB400047F90020A06107202061002010BD0000FF
:10BB500070B590F83820012A26D0012580F8385099
:10BB6000022280F8392002685368946823F0700636
:10BB70000B68334353600268B2F1804F08D00B4B1F
:10BB80009A4205D00A4B9A4202D00A4B9A4204D1FB
:10BB9000496824F080031943916080F839500021EE
:10BBA00080F83810084670BD022070BD00040040C7
:10BBB000000800400008014010B5040003D094F8CC
:10BBC000390010B107E0012010BD002084F83800D2
:10BBD000204600F017F8022084F83900211D206863
:10BBE00005F0AAF8012084F83E0084F83A0084F8B1
:10BBF0003B0084F83C0084F83D0084F839000020C4
:10BC000010BD000008B50068B0F1804F12D10A489D
:10BC1000016841F0010101600068002200F00100AC
:10BC2000009005211C20FFF77FFABDE808401C208A
:10BC3000FFF76CBA08BD00002438024090F83910B4
:10BC4000012901D001207047022180F839100168D4
:10BC5000CA6842F00102CA600068B0F1804F08D0A3
:10BC60000949884205D00949884202D008498842DA
:10BC700004D1816801F00701062903D0016841F071
:10BC800001010160002070470004004000080040EE
:10BC90000008014070B5044690F83800012817D01C
:10BCA000012584F83850022084F839002068826821
:10BCB00022F0770222F47F4282600868502830D058
:10BCC0000DDC20284DD005DC98B310283BD148E08E
:10BCD000022070BD302844D0402834D139E060289B
:10BCE00028D0702806D0B0F5805F2CD0B0F5005F6A
:10BCF00029D10AE0CB68D1E90121206805F05EF87E
:10BD00002068816841F0770109E0CB68D1E9012121
:10BD1000206805F053F82068816841F48041816013
:10BD200011E0CA684968206805F05AF85021206877
:10BD300007E016E0CA684968206805F062F86021EB
:10BD4000206805F045F884F83950002084F8380060
:10BD500070BDCA684968206805F042F84021206833
:10BD6000EFE7226801461046EBE7704770B50446DE
:10BD7000006801694FF00005C943890715D4C168FF
:10BD8000C943890711D4E91E01610120207620688A
:10BD900080698007204602D0FFF7E7FF04E000F04B
:10BDA00078F8204600F076F8257620680169C943C6
:10BDB000490717D4C168C943490713D46FF0040178
:10BDC0000161022020762068806910F4407F2046BF
:10BDD00002D0FFF7CAFF04E000F05BF8204600F055
:10BDE00059F8257620680169C943090716D4C16846
:10BDF000C943090712D46FF00801016104202076BD
:10BE00002068C0698007204602D0FFF7AEFF04E03B
:10BE100000F03FF8204600F03DF8257620680169E3
:10BE2000C943C90617D4C168C943C90613D46FF002
:10BE300010010161082020762068C06910F4407F5D
:10BE4000204602D0FFF791FF04E000F022F82046E0
:10BE500000F020F8257620680169C943C90708D198
:10BE6000C168C943C90704D1891E0161204600F099
:10BE700012F820680169C943490609D4C168C94359
:10BE8000490605D46FF040010161204600F019F821
:10BE900070BD7047704710B50068B0F1804F0FD18A
:10BEA00008F062FA16F0ECFD15F0D2FE06F056FA34
:10BEB00008F074FB16F0FAFCBDE8104018F06ABAFE
:10BEC00010BD7047704770B504460068C16821F422
:10BED0009071C1602068416921F001014161206BCE
:10BEE000012804D12068C16821F01001C1602068D8
:10BEF00041694FF0000549060FD5416921F0400125
:10BF00004161A06B48B14563A06BFEF748FE20B1CC
:10BF1000A06BFEF790FE202806D0E585202084F84F
:10BF20003E002563002070BD10202064032070BDFA
:10BF3000704710B5044600680068C043C0060AD4C4
:10BF4000204617F0A1FE204613F042FC2046BDE833
:10BF5000104007F099BF10BDF8B50268044610689C
:10BF6000D168536910F00F0F4FF0000553D003F064
:10BF7000010601F4907737435FD0C20705D0CA05A8
:10BF800003D5226C42F001022264420705D5DA078C
:10BF900003D0226C42F002022264820705D5DA0740
:10BFA00003D0226C42F004022264020707D501F09C
:10BFB0002002324303D0226C42F008022264226C39
:10BFC000002A34D0800604D5880602D5204605F024
:10BFD0001BFB20684069216CC0F38010090700D466
:10BFE00030B3204605F0EFFA2068416949061BD5B9
:10BFF000416921F040014161A06BA8B158494163FA
:10C00000A06BFEF7F1FD002811D0A06B416B01B0D1
:10C01000BDE8F040084783060FD58B060DD52046B6
:10C02000BDE8F84005F0F0BA2046FFF781FFF8BD03
:10C030002046FFF77DFF2564F8BD266B2023012EE7
:10C0400052D1C60650D5CE064ED510685068009025
:10C05000506940062AD5A16B086840680004000CAE
:10C06000EAD0A68D8642E7D9E0858869202818D0D5
:10C07000D06820F48070D0602068416921F001010F
:10C0800041612068416921F04001416184F83E30FE
:10C0900025632068C16821F01001C160A06BFEF724
:10C0A0007EFDA08DE18D401A81B219E0A08DE18D59
:10C0B000401A81B2E08D0028BED00029BCD0D068E3
:10C0C00020F49070D0602068426922F00102426141
:10C0D00084F83E3025632068C26822F01002C260F6
:10C0E0002046FFF7EFFEF8BD05062BD50D0629D536
:10C0F00094F83D002128F6D1A068B0F5805F01D109
:10C100002069B0B1206A411C216221680078486032
:10C11000E08C401E0004000CE084E4D12068C1687B
:10C1200021F08001C1602068C16841F04001C16018
:10C13000F8BD206A0088C0F308005060206A801CA7
:10C140002062E5E74006F3D54806F1D5D1682046E0
:10C1500021F04001D16084F83D3000F089F9F8BD4C
:10C16000F914010870B5040004D094F83D000025CE
:10C1700010B106E0012070BD84F83C50204600F06C
:10C1800023F8242084F83D002068C16821F4005180
:10C19000C160204605F094FA2068016921F49041BD
:10C1A00001612068416921F02A0141612068C1686C
:10C1B00041F40051C1602564202084F83D0084F8DA
:10C1C0003E00002070BD00002DE9F04786B0044617
:10C1D00014216846F4F72BFB5F4D206800265F4969
:10C1E0000322072380274FF0020C4FF4005AA84285
:10C1F00033D1081D056845F480450560006800F4EA
:10C2000080400590086840F00100086008680296C8
:10C2100000F0010005905002CDE9000C694650483D
:10C22000CDE90323FEF7EEFD4F4D4E48C5E900066C
:10C23000C5E902672E616E61C5E9066A2846FEF708
:10C2400059FD08B1FDF7E6FEA56300220221252075
:10C250006C62FEF769FF25203DE0404DDFF80C8160
:10C2600008354FF0200940453AD1286840F40030A5
:10C270002860286800F400300590086840F0080045
:10C2800008600868029600F0080005906020CDE97B
:10C29000000C69463648CDE90323FEF7B3FD324D65
:10C2A000304844351430C5E90006C5E902672E61FF
:10C2B0004FF440506E61C5E906902846FEF71AFD1E
:10C2C00008B1FDF7A7FEA5630022042126206C62B9
:10C2D000FEF72AFF2620FEF719FF06B0BDE8F0871B
:10C2E000DFF890804045F8D1286840F4802028602D
:10C2F000286800F480200590086840F00400086079
:10C300000868029600F0040005904FF44060CDE903
:10C31000000C69461848CDE90323FEF773FD124D62
:10C32000104888352838C5E90006C5E9026705F1D7
:10C3300014082E6188E840062846FEF7DBFC08B1A9
:10C34000FDF768FEA5630022032127206C62FEF73B
:10C35000EBFE2720BFE70000003801401C380240F8
:10C3600000000240586002407C5A00200044004017
:10C37000000C0240004800400008024090F83E30A7
:10C38000202B0ED159B152B190F83C30012B08D07E
:10C39000012380F83C300023036305F01DBA01201F
:10C3A00070470220704710B5044617F091FC2046F4
:10C3B00013F02CFA2046BDE8104007F087BD704707
:10C3C0002DE9F843044690F83D001F4615460E46F9
:10C3D00020284BD1C6B1BDB194F83C00012845D00E
:10C3E000012084F83C004FF00008C4F84080212070
:10C3F00084F83D00FEF7FAFDA5848146E584A06837
:10C40000B0F5805F03D004E00120BDE8F883206927
:10C4100020B13546002684F83C800EE00025FAE77E
:10C420008021204605F012FAA0B9ADB115F8010B34
:10C4300021684860E08C401EE084E08C4B464FF061
:10C44000000200970028EBD14FF04001204605F094
:10C45000FDF930B10320D8E736F8020BC0F308002D
:10C46000E6E7202084F83D000020CEE70220CCE75C
:10C47000704710B5044600F04CF9A22000F024F9F2
:10C4800000F075F9022000F01FF900F070F9207833
:10C4900007F04CFF00F018F900F069F9607807F038
:10C4A00045FF00F011F900F062F9A07807F03EFFB7
:10C4B00000F00AF900F05BF9E07807F037FF00F0D0
:10C4C00003F900F054F9207907F030FF00F0FCF890
:10C4D00000F04DF9607907F029FF00F0F5F800F061
:10C4E00046F9A07907F022FF00F0EEF800F03FF9DE
:10C4F000BDE8104000F024B910B500F00AF9A22000
:10C5000000F0E2F800F033F9022000F0DDF800F06E
:10C510002EF900F0FEF8A32000F0D6F800F027F97D
:10C52000012000F0ACF800F07F0005F00DFF1B4C7F
:10C530002070012000F0A3F800F07F0005F004FF58
:10C540006070012000F09BF800F03F0005F0FCFE59
:10C55000A070012000F093F800F03F0005F0F4FE19
:10C56000E070012000F08BF800F0070005F0ECFE11
:10C570002071012000F083F800F01F0005F0E4FEB8
:10C580006071002000F07BF805F0DEFEA07100F085
:10C59000D7F8BDE8104003F0A7BF00000D570020FA
:10C5A00070B50D46044600F0B4F8A22000F08CF8F7
:10C5B00000F0DDF8204600F087F800F0D8F82846B3
:10C5C00000F082F800F0D3F8BDE8704000F0B8B891
:10C5D00010B516F005FB00210846FFF7E1FF1F210B
:10C5E0000120FFF7DDFF82210D20FFF7D9FF002199
:10C5F0000E20FFF7D5FFFFF77FFF0848417911B103
:10C60000C178002909D101214171C1700348FFF7A8
:10C6100030FFBDE81040FFF76FBF10BD0D57002081
:10C62000FEE710B5002016F0B3FA16F0D9FA002094
:10C6300016F0B6FA022007F084FE012016F0A8FAE0
:10C64000022007F07EFEBDE81040002016F0A0BAE0
:10C6500010B5002016F09CFA16F0C2FA012016F070
:10C660009FFA022007F06DFE012016F091FA0220D9
:10C6700007F067FEBDE81040002016F089BA70B5DB
:10C680000646002416F09AFA0025002016F080FADB
:10C69000022007F056FE012016F07AFA6006040E1A
:10C6A00016F086FA08B1641CE4B2012007F049FED6
:10C6B0006D1CEDB2082DE8D31EB1FFF7B2FF204686
:10C6C00070BDFFF7C5FFFAE770B5054616F088FAAA
:10C6D000002016F05DFA0024280601D5012000E0B4
:10C6E000002016F05DFA6806050E022007F029FE0C
:10C6F000012016F04DFA022007F023FE002016F06C
:10C7000047FA022007F01DFE641CE4B2082CE3D3B4
:10C7100070BD10B516F064FA012016F041FA012040
:10C7200016F036FA042007F00CFE002016F038FA56
:10C73000042007F006FEBDE81040002016F028BADD
:10C7400010B516F04DFA002016F022FA002016F06F
:10C7500027FA042007F0F5FD012016F019FA012050
:10C7600016F01EFABDE81040042007F0EABD10B52F
:10C77000002416F023FA012016F012FA012007F027
:10C78000E0FD012016F004FA012007F0DAFD07E0D1
:10C79000641CE4B2FA2C03D9FFF7D2FF012010BDCC
:10C7A00016F006FA0028F3D116F0F2F9002010BDB9
:10C7B00010B50446E22005F093FA6420FEF710FB62
:10C7C000242005F08DFA2B2005F08AFA812005F04F
:10C7D00087FA0CB1C02000E0B22005F081FA842075
:10C7E00005F07EFA892005F07BFAA32005F078FA9F
:10C7F000C52005F075FAC82005F072FA102005F082
:10C800006FFAD12005F06CFAD52005F069FADA202C
:10C8100005F066FAE92005F063FAF42005F060FA05
:10C82000252005F05DFAF62005F05AFA5A2005F0A9
:10C8300057FAF52005F054FA002005F051FAF720D8
:10C8400005F04EFA9F2005F04BFAF82005F048FA63
:10C85000F12005F045FA9F2005F042FABDE81040AE
:10C86000AD2005F03DBA00002DE9F04117F006FAC1
:10C8700090498E4C8E4D042601F1080712286ED087
:10C8800027DC0C283ED010DC04287AD00B2868D195
:10C890008879102865D1C879072862D107F022FD70
:10C8A00013F0C0FA44285CD1E8E00E2833D01028F9
:10C8B00057D18879032854D107F014FD12F0FAFB00
:10C8C0004079052857D012F0FBFB3946FBF77EF97B
:10C8D0008DE0132875D0142874D0182877D0192823
:10C8E0003FD1887903283CD107F0FCFC12F0E2FB31
:10C8F0004079052842D012F0E3FB3946BDE8F0410B
:10C90000FBF750B9887903282BD10520F8F7FCFEF6
:10C9100017F06EF981E08879032822D107F0E2FC54
:10C9200012F0C8FB407905281CD012F0C9FB39462B
:10C93000FAF744FF12F0BEFB4079052815D012F03B
:10C94000BFFBFAF7FEFE12F0B5FB407905280FD0C9
:10C9500012F0B6FB00223946FAF708FF47E04CE038
:10C960000FE08EE012F0A6FBE1E712F0A3FBE8E790
:10C9700012F0A0FBEEE712F09DFBA6E712F09AFB87
:10C98000BBE7887903287CD1C879062879D107F0DC
:10C99000A9FC12F08FFB407905280FD012F090FB14
:10C9A0003946FAF721FF12F085FB407905280BD0B4
:10C9B00012F086FBBDE8F041F9F750BE12F07AFBA9
:10C9C000EEE730E04EE002E012F074FBF2E7887927
:10C9D000062868D1C879072865D107F083FC13F0D1
:10C9E00021FA2D2803D1012102200DF093F812F035
:10C9F00061FBBDE8F041FBF75BB88879062852D1AE
:10CA0000C87907284FD107F06DFC13F00BFA3F28C7
:10CA100003D1012102200DF07DF812F04BFBBDE89F
:10CA2000F041FBF781B8887906283CD1C8790728FE
:10CA300039D107F057FC13F0F5F9032803D1012190
:10CA400002200DF067F812F035FB4079052806D07A
:10CA500012F036FBBDE8F0410021FBF73BB912F0C4
:10CA600029FBF7E7887906281DD1C87907281AD14C
:10CA700007F038FC13F0D6F9432814D10121022025
:10CA800000E010E00DF046F813F0D2F9806800697C
:10CA9000846013F0CDF980680069C56013F0C8F9AF
:10CAA000806800694671BDE8F081000053A6020865
:10CAB00057A602087C560020F0B585B0DDE90EE4EB
:10CAC000DDE90C7CDDE90A568DE8E05000F012F853
:10CAD00021680161206005B0F0BD10B50146006815
:10CAE00000220A6003E00469F3F70BFC20460028EB
:10CAF000F9D110BD2DE9F05F07460AA81C4690E861
:10CB0000000D15460E461420DDF83490F3F7CAFBED
:10CB100000280FD0C770067185604471C0F80C8082
:10CB200080F806A080F801B080F802900E9901709C
:10CB300000210161BDE8F09F2DE9FE438846040015
:10CB400079D000261027607805280CD2DFE800F0A5
:10CB5000030C2A504300CDE900762179E0780823C0
:10CB6000E268FDF7A7FB83E0A079B8B101280BD0FC
:10CB700002287DD12020CDE900062179E07810231C
:10CB8000E268FDF75DFC73E01420CDE90006217931
:10CB9000E0780B23E268FDF797FC69E0CDE90076C9
:10CBA000E26812E0B8F1000F03D1C948E26882429E
:10CBB00009D10097CDE9017663792179E078A268FF
:10CBC000FDF798FB54E0CDE900762179E078082361
:10CBD000FDF7F4FB4CE0B8F1000FDFD00097CDE992
:10CBE000017663792179E078A268FDF7C3FB3FE025
:10CBF0002078E578C00709D0CDE9007621790823AF
:10CC000028222846FDF7AEFA0835EDB2A0781328A1
:10CC10001AD2DFE800F0190A11333D57198B9B47F0
:10CC2000C51919DFF25DB547F000CDE9007608239C
:10CC30002179252246E11FE0CDE9007621791023F4
:10CC4000A44A284620E0EDB22078C00710D0CDE9F4
:10CC500000762179082329222846FDF783FACDE9B9
:10CC600000760835E8B2217908233A22FDF77AFAEE
:10CC70002469002C7FF467AFBDE8FE83CDE9007620
:10CC800021791023944A2846FDF714FB1035DAE782
:10CC9000CDE90076217908236D222846FDF762FA56
:10CCA0000835EDB2CDE900762179082367222846C0
:10CCB000FDF758FACDE9007608350823EDB2217961
:10CCC0002F228DE0CDE9007608232179402204E06F
:10CCD000CDE90076217908236D222846FDF742FA36
:10CCE000CDE900760835EDB2217908235322284694
:10CCF000FDF738FACDE900760835EDB22179082341
:10CD00002F222846FDF72EFACDE900760835217945
:10CD10000823EDB263222846FDF724FACDE9007618
:10CD200008350823EDB221796D22CBE0CDE90076FC
:10CD3000217908236D222846FDF714FACDE9007603
:10CD400008350823EDB221795622BBE0CDE9007603
:10CD5000217908236B222846FDF704FACDE90076F5
:10CD60000835EDB22179082350222846FDF7FAF95B
:10CD7000CDE9007608350823EDB221796122A1E0E2
:10CD8000CDE900762179082370222846FDF7EAF9DB
:10CD9000CDE9007608350823EDB221797022BAE793
:10CDA000CDE900762179082370222846FDF7DAF9CB
:10CDB000CDE900760835EDB22179082370222846A6
:10CDC000FDF7D0F9CDE9007608350823EDB22179D9
:10CDD000742277E0CDE900760823217943221BE015
:10CDE0002846FDF7BFF9CDE9007608350823EDB2F6
:10CDF00021794C2266E04CE0FFE7CDE9007621790D
:10CE000008234B222846FDF7ADF9CDE90076083519
:10CE100021790823EDB263222846FDF7A3F9CDE975
:10CE200000760835EDB22179082365222846FDF702
:10CE300099F9CDE900760835EDB2217908236C2205
:10CE40002846FDF78FF9CDE900760835EDB2217956
:10CE500008236C222846FDF785F9CDE900760835D0
:10CE6000EDB22179082373222846FDF77BF9CDE93D
:10CE700000760835EDB2217908232F222846FDF7E8
:10CE800071F9CDE9007608350823EDB221796D22DC
:10CE9000A6E7CDE900762179082370222846FDF720
:10CEA00061F9CDE900760835EDB2217908237022C9
:10CEB0002846FDF757F9CDE9007608352179082392
:10CEC000EDB262222846FDF74DF90835BBE60000B9
:10CED0005BB702089E1E00201E2800202DE9F041AD
:10CEE00016F0CCFE6449654C654D0426801E01F1A8
:10CEF000080716287CD2DFE800F019A461A4A4A4D6
:10CF0000A4A4A48B0B3AA4A44D3DAD7FA6A4A4B8C1
:10CF1000887903286CD14D20F8F7F6FB16F068FEEF
:10CF200012F0C8F8BDE8F04100F0ACB888790328E9
:10CF30005ED107F0D7F912F0BDF840794D2810D036
:10CF400012F0BEF8394600F0E1F812F0B3F840797B
:10CF50004D2809D012F0B4F8BDE8F041002100F0EE
:10CF60007DBB12F0A7F8EDE712F0A4F8F4E788799A
:10CF7000062866D107F0B6F912F09CF840794D28E2
:10CF800002D012F09DF801E012F094F8BDE8F041F3
:10CF900000F062BA8879032853D107F0A3F912F0A0
:10CFA00089F840794D2806D012F08AF83946BDE854
:10CFB000F04100F0C1BA12F07DF8F7E707F092F9FE
:10CFC00012F078F840794D280FD012F079F83946F0
:10CFD00000F0D8F812F06EF840794D2809D012F020
:10CFE0006FF8BDE8F041F9F739BB12F063F8EEE7EE
:10CFF00027E012F05FF8F4E707F074F912F012FF7F
:10D0000003281ED1BDE8F041012102200CF082BDB1
:10D0100007F068F912F006FF5F2812D10121022003
:10D020000CF078FD12F004FF80680069846012F053
:10D03000FFFE80680069C56012F0FAFE8068006932
:10D040004671BDE8F08107F04DF912F0EBFE602863
:10D05000E4D0F6E707F046F912F0E4FE4028DDD010
:10D0600012F0E0FE4128D9D0EBE707F03BF912F0CF
:10D07000D9FE4328D2D0E4E77C56002053A602080C
:10D0800057A6020810B500281BD00E484D2100F805
:10D09000451F032141709C2181704621C1700021F0
:10D0A000017104214171082100F8421C05484530F6
:10D0B00003F0F8FC17F03CF9BDE81040022017F02F
:10D0C00063B910BD7C56002010B500281BD00E4857
:10D0D0004D2100F8451F062141709D2181703821A6
:10D0E000C1700021017101214171082100F8421C29
:10D0F0000548453003F0D6FC17F01AF9BDE810409A
:10D10000132017F041B910BD7C5600207CB50400F7
:10D110002DD017484A78051D02700A784270CA78E7
:10D1200082708A78C2704A792A700A796A70CA79DC
:10D13000AA708979E97003680EA2112104F15A00DE
:10D14000F3F7DAF928681BF0E1FECDE900010AA245
:10D15000112104F11D00F3F7CFF909490020CDE9B1
:10D16000000105A2052104F12200F3F7C5F97CBDF9
:10D17000945800202564000025332E3166000000FD
:10D180000000F03F2DE9FC5F04006ED0487884F881
:10D190007800087884F87900C87884F87A0088786C
:10D1A00084F87B00487984F87400087984F8750065
:10D1B000C87984F87600887984F877001AF06CFBD7
:10D1C000A8B1206F1BF0A2FE744A754B1BF074FCD3
:10D1D0000022744B1BF05CF91BF028F972492067A0
:10D1E000884203DC4FF08441884200DA21672078CE
:10D1F0006E4E420704F1430A40D520F0040020702F
:10D20000A06F60611AF0D2FA68B11AF0CFFA0A285A
:10D2100009D01AF0CBFA0528A06F15D0B04226DB52
:10D220000020634928E0A06FB04202DB46F2A81359
:10D2300002E01CF001F8034602B05046BDE8F05F82
:10D240005CA20821F3F758B9B04202DB00205A492A
:10D2500004E05A491BF0FAFE1BF058FE58A2CDE933
:10D26000000108215046F3F747F9BDE8FC9F5649F5
:10D270001BF0ECFE1BF04AFE54A2F0E7A16FA06881
:10D280001BF070FEA060616FE0681BF06BFEE06059
:10D290002046F7F70BFBA06F6061E079401CC0B23D
:10D2A000E0710328E1D31CF01BF805462946E0682D
:10D2B0001BF0CCFE83462946A0681BF0C7FE05463E
:10D2C0001AF0CEF9DFF80C81002710B31AF0A8FA93
:10D2D00002281ED3404698F8002004F1980904F172
:10D2E000B00832B10770484607F044F8404607F0EE
:10D2F00041F82946484607F070F85946404607F07D
:10D300006CF8404607F04CF8484607F049F80546E7
:10D3100002E0012188F800102046F8F7A5FCC0BB08
:10D320001AF044FA60B11AF041FA0A2808D01AF04B
:10D330003DFA052813D0B5421EDB00201C4921E030
:10D34000B54202DB46F2A81303E028461BF074FF47
:10D35000034618A208215046F3F7CEF819E0B5426B
:10D3600002DB0020144905E0144928461BF06EFE3C
:10D370001BF0CCFD12A206E0134928461BF066FE06
:10D380001BF0C4FD11A2CDE9000108215046F3F7BE
:10D39000B3F8E771A760E76067E70000CDCCCCCCBD
:10D3A000CCCCFC3F0000404000000C430050C34682
:10D3B00000000440253564000000394000007A4434
:10D3C00025352E336600000000401C4625352E34DE
:10D3D000660000004C5800200D4810B54D2100F8A3
:10D3E000451F032141709C218170A521C17000213E
:10D3F000017101214171082100F8421C04484530A7
:10D4000003F050FBBDE810400C2016F0BDBF00003B
:10D410007C56002010B500281BD00E484D2100F886
:10D42000451F032141709C2181704021C170002162
:10D43000017104214171082100F8421C0548453062
:10D4400003F030FB16F074FFBDE81040042016F026
:10D450009BBF10BD7C56002010B500281BD00E4885
:10D460004D2100F8451F032141709D218170052148
:10D47000C1700021017101214171082100F8421C95
:10D480000548453003F00EFB16F052FFBDE8104092
:10D49000102016F079BF10BD7C56002010B5002872
:10D4A00024D013484D2200F8452F102242709D22AF
:10D4B00082700622C270002202710222427104228E
:10D4C00082710A0AC27101720A0E4272090C8172DB
:10D4D0000D2100F8421C0648453003F0E3FA16F02F
:10D4E00027FFBDE81040142016F04EBF10BD00000D
:10D4F0007C56002010B500281AD00E484D2200F8A6
:10D50000452F062242709D2282700522C2700022A1
:10D5100002714171082100F8421C0648453003F0B1
:10D52000C1FA16F005FFBDE81040112016F02CBF1F
:10D5300010BD00007C56002010B5040004D04878CF
:10D540001BF0CEFEC4F8880010BD000010B5002806
:10D5500024D013484D2200F8452F102242709D22FE
:10D5600082700822C27000220271022242710422DB
:10D5700082710A0AC27101720A0E4272090C81722A
:10D580000D2100F8421C0648453003F08BFA16F0D6
:10D59000CFFEBDE810400B2016F0F6BE10BD000017
:10D5A0007C56002070B500282AD016484D251C0A4C
:10D5B00000F8455F102545708470C3700023037127
:10D5C00004234371082383710B0AC37101720B0E8C
:10D5D0004372090C8172110AC1720273110E4173F8
:10D5E000110C8173112100F8421C0648453003F0EC
:10D5F00059FA16F09DFEBDE87040122016F0C4BE28
:10D6000070BD00007C56002010B5002823D01248C1
:10D610004D24130A00F8454F102444708370C270E3
:10D620000022027102224271042282710A0AC2712E
:10D6300001720A0E4272090C81720D2100F8421C1F
:10D640000548453003F02EFA16F072FEBDE8104092
:10D65000172016F099BE10BD7C56002010B500288A
:10D660001AD00E484D2200F8452F062242709C2207
:10D670008270A822C270002202714171082100F854
:10D68000421C0648453003F00DFA16F051FEBDE885
:10D6900010400D2016F078BE10BD00007C56002012
:10D6A0003EB5002416480094019414490294C0E940
:10D6B00000148460C460046144618461C4610462D4
:10D6C00080F824400125856280F82C401021C0E9B3
:10D6D0000D1480F83C40FDF7BFF808B1FCF79AFC48
:10D6E0001720CDE90005694602940548FDF702F8C8
:10D6F000002801D0FCF78EFC3EBD00000024014054
:10D70000B8580020114808B5016841F080710160E7
:10D710000068002200F08070009003210D20FDF7CA
:10D7200003FD0D20FDF7F2FC002202210F20FDF782
:10D73000FBFC0F20FDF7EAFC002204211020FDF77E
:10D74000F3FCBDE808401020FDF7E0BC1C380240A7
:10D750002DE9F04F87B014216846F3F768F89F4829
:10D7600000689E4940F010000860086800F0100052
:10D770000590086840F004000860086800F00400A4
:10D780000590086840F020000860086800F020005C
:10D7900005900846006840F001000860086800F045
:10D7A00001000590086840F002000860086800F079
:10D7B00002000590086840F008000860086801222F
:10D7C00000F0080005904FF482718548FDF709FCD0
:10D7D000002248F240018248FDF703FCDFF8049282
:10D7E000002281214846FDF7FCFB4FF47F4B0022CD
:10D7F00059467D48FDF7F5FB4FF4E07401222146C0
:10D800007A48FDF7EEFB00224FF490517748FDF780
:10D81000E8FB012280217448FDF7E3FB0122214649
:10D820007348FDF7DEFB7E200326CDE900060025C8
:10D83000694602954846FDF7E5FA4EF22F00CDE91C
:10D840000006694602956948FDF7DCFA41F23B00A3
:10D85000CDE90006694602956148FDF7D3FA4FF01D
:10D86000040A01240227CDF800A00396CDE9014760
:10D8700069465B48FDF7C6FA4FF40068CDF80080B2
:10D880000396CDE9014769465548FDF7BBFA0022EA
:10D8900041465348FDF7A5FB4FF0400801AACDF8DB
:10D8A000008082E8700069464D48FDF7ABFA4CF6FF
:10D8B0000760CDE90006694602954D48FDF7A2FADA
:10D8C00081208DE83100694648460395FDF79AFAB4
:10D8D0004FF47E40CDE90005694648460295FDF7C4
:10D8E00091FA4FF08009CDE9009569463C480295D0
:10D8F000FDF788FA1020CDE9000569463B480295FE
:10D90000FDF780FA3003CDE90005694638480295F5
:10D91000FDF778FACDE900B4CDE902466946324810
:10D92000FDF770FACDE9008469463048CDE902453B
:10D93000FDF768FA4FF49C50CDE90004CDE90246AA
:10D9400069462A48FDF75EFA2003CDE90004CDE9D7
:10D95000024669462548FDF755FA4FF48078CDE92F
:10D960000084CDE9024669461D48FDF74BFACDF823
:10D9700000A0CDE9016569461E48FDF743FAE003C2
:10D98000CDE900040294694615480394FDF73AFA7C
:10D990001F20CDE90006694602951348FDF732FACB
:10D9A00001AACDF8009082E8700069460E48FDF7A4
:10D9B00029FAC020009001AA112082E8510069468E
:10D9C0000B48FDF71FFACDE90084CDE9024769460F
:10D9D0000748FDF717FA07B0BDE8F08F1C38024082
:10D9E0000000024000100240000C0240000802400B
:10D9F0000004024000140240094810B507490160C4
:10DA00000321416040F6FF718160FDF7F5FA0028BF
:10DA100003D0BDE81040FCF7FDBA10BD0030004057
:10DA20000C5900200D4810B50B4901604FF482716C
:10DA30004160002181604FF40072C160C0E906219D
:10DA400081620A21C162FDF7EFFE002803D0BDE824
:10DA50001040FCF7DFBA10BD00300140185900201B
:10DA600010B586B0002417480094019402940394E2
:10DA700004944FF08041059401601F21C0E9011416
:10DA800040F2E731C0E9031480214161FEF794F8C8
:10DA900008B1FCF7BFFA4FF480500090694609487E
:10DAA000FEF7F8F808B1FCF7B5FA049404A90548A4
:10DAB0000594FEF74DF8002801D0FCF7ABFA06B04C
:10DAC00010BD0000705900200C4810B50A490160D3
:10DAD0004FF4E1314160002181600C22C160C0E956
:10DAE00004128161C161FEF73DFB002803D0BDE84F
:10DAF0001040FCF78FBA10BD00380140B05900202B
:10DB00000C4810B50A4901604FF4165141600021DC
:10DB100081600C22C160C0E904128161C161FEF71D
:10DB200021FB002803D0BDE81040FCF773BA10BDFC
:10DB300000440040F45900200C4810B50A49016027
:10DB40004FF416514160002181600C22C160C0E990
:10DB500004128161C161FEF705FB002803D0BDE816
:10DB60001040FCF757BA10BD00480040385A00205A
:10DB7000FEE7000070B516F081F8714C0B2804F137
:10DB800008056FD01FDC022850D0042870D0082868
:10DB90006AD1A079032867D106F0A4FB11F08AFAB4
:10DBA000407922285BD011F08BFA294600F0CEF89C
:10DBB00011F080FA4079222857D011F081FABDE89F
:10DBC0007040F8F752BD0C2815D0122870D01328D9
:10DBD0004AD1E079632847D1207A122844D106F04F
:10DBE00081FB12F01FF903283ED1BDE870400121EE
:10DBF00002200BF08FBFA079032835D12220F7F740
:10DC000083FD11F057FA407922280CD011F058FA10
:10DC1000294600F0C5F815F0EBFF11F04BFABDE80E
:10DC2000704000F011BB11F045FAF1E7A07903282C
:10DC300079D106F057FB11F03DFA407922280BD03C
:10DC400011F03EFA0C22294600F09BF811F032FA4E
:10DC5000BDE8704000F0D6BA11F02CFAF2E711F0EE
:10DC600029FAA2E725E003E05DE011F023FAA6E738
:10DC7000A079032857D106F035FB11F01BFA407943
:10DC800022280FD011F01CFA294600F089F811F073
:10DC900011FA4079222808D011F012FABDE870403C
:10DCA000F8F7DCBC11F006FAEEE711F003FAF5E73D
:10DCB0003AE0A079102836D106F014FB12F0B2F841
:10DCC000472814D008DC03280DD040280FD0422864
:10DCD0000DD0462827D10AE0482808D0492806D088
:10DCE0004A2820D103E0012102200BF013FF01217B
:10DCF00002200BF00FFF12F09BF8806811490069B9
:10DD000000690069816012F093F880680E4900692B
:10DD100000690069C16012F08BF880680421006915
:10DD200000690069417170BDA0791028FBD106F02F
:10DD3000D9FA12F077F83F283FF457AF70BD0000D2
:10DD40007C56002053A6020857A6020810B50028EA
:10DD500016D00A782E24303280F8222080F8234012
:10DD60004A78303280F82420002280F825208B78F1
:10DD7000303300F81D3F4470C97830318170C27073
:10DD800010BD30B5002809D0002305E0CC5CC518D3
:10DD90005B1C85F85A40DBB29342F7D330BD0000DC
:10DDA0002DE9FE4F04007DD0087884F8780048788B
:10DDB00084F87900887884F87A00C87884F87B0041
:10DDC000087904F8700F487960708879A070C87974
:10DDD000E070087A2071487A6071887AA071C87AF8
:10DDE000E071087E2074487E6074887EA074C87ECE
:10DDF000E074087F2073487F6073887FA073C87FBA
:10DE0000E073703C19F048FDA8B1206F1BF07EF85C
:10DE10007A4A7B4B1AF050FE00227A4B1AF038FBFC
:10DE20001AF004FB78492067884203DC4FF08441F4
:10DE3000884200DA2167754DD4F8800029461BF02E
:10DE400097FA1BF063F8CDE9000171A2082104F1F3
:10DE50004300F2F751FB2946E06F1BF089FA1BF0F3
:10DE600055F8CDE900016AA2082104F14B00F2F750
:10DE700043FB207804F12F07410704F1350604F134
:10DE80003C0526D520F004002070A06F6061206F53
:10DE90001BF03CF8CDE900015FA206213846F2F7FD
:10DEA0002BFB00E013E0606F1BF030F8CDE90001C0
:10DEB0005BA207213046F2F71FFBA06F1BF026F88C
:10DEC000CDE9000156A207212846F2F715FBBDE86F
:10DED000FE8FA16FA0681BF045F8A060616FE0683D
:10DEE0001BF040F8E060216F20691BF03BF82061D7
:10DEF0002046F6F7DBFCA06F6061E079401CC0B201
:10DF0000E0710328E3D31BF0EBF98046414620691A
:10DF10001BF09CF802904146E0681BF097F883469E
:10DF20004146A0681BF092F8824619F09FFBDFF88B
:10DF3000F8904FF0000890B319F078FC02282FD326
:10DF400099F8001004F1A40001904A460C3804F13D
:10DF5000B009009051B182F80080009806F00AFAEA
:10DF6000019806F007FA484606F004FA5146009870
:10DF700006F033FA5946019806F02FFA48460299FE
:10DF800006F02BFA484606F00BFA0290009806F0CD
:10DF900007FA8246019806F003FA834603E0FFE79A
:10DFA000012189F800102046F7F75EFEE8B90298D3
:10DFB0001AF0ACFFCDE9000117A206213846F2F7AE
:10DFC0009BFA58461AF0A2FFCDE9000114A20721DE
:10DFD0003046F2F791FA50461AF098FFCDE9000169
:10DFE0000FA207212846F2F787FA84F80780C4F8C1
:10DFF0000880C4F80C80C4F8108068E7CDCCCCCC85
:10E00000CCCCFC3F0000404000000C4300007A44B0
:10E0100025352E326600000025352E3166000000C1
:10E0200025362E32660000004C58002010B500281E
:10E0300023D01248222200F8452F1022427063227A
:10E0400082700022C2700271022242710422827127
:10E05000C1710A0A02720A0C4272090E81720D2104
:10E0600000F8421C0548453002F01CFD16F060F92E
:10E07000BDE810400B2016F087B910BD7C5600207B
:10E0800010B5002823D012482222002300F8452F83
:10E0900010224270632282700222C27003714271A8
:10E0A00004228271C1710A0A02720A0C4272090EBC
:10E0B00081720D2100F8421C0548453002F0F2FC47
:10E0C00016F036F9BDE810400B2016F05DB910BD12
:10E0D0007C56002010B5002823D0124822220023AD
:10E0E00000F8452F10224270632282700422C27011
:10E0F0000371022343718271C1710A0A02720A0C10
:10E100004272090E81720D2100F8421C054845300B
:10E1100002F0C8FC16F00CF9BDE810400B2016F018
:10E1200033B910BD7C56002010B500281FD0104810
:10E130002221012200F8451F1021417063218170C6
:10E140001221C17000210171427102238371C271D9
:10E1500001720B2100F8421C0548453002F0A2FC78
:10E1600016F0E6F8BDE81040132016F00DB910BD0A
:10E170007C56002010B5002824D01348222200F835
:10E18000452F10224270632282700622C270002244
:10E1900002710222427104228271C1710A0A027262
:10E1A0000A0C4272090E81720D2100F8421C0648C9
:10E1B000453002F077FC16F0BBF8BDE810400B20AC
:10E1C00016F0E2B810BD00007C5600200C4810B5D7
:10E1D000222100F8451F0321417061218170002137
:10E1E000C170017110214171082100F8421C0448DE
:10E1F000453002F057FCBDE810400C2016F0C4B8C2
:10E200007C56002010B500281AD00E48222100F8B4
:10E21000451F03214170622181700021C17001718D
:10E2200002214171082100F8421C0648453002F0E5
:10E2300039FC16F07DF8BDE81040082016F0A4B8AF
:10E2400010BD00007C56002010B500281AD00E48E2
:10E25000222100F8451F03214170622181700221B3
:10E26000C170002101710821417100F8421C06486B
:10E27000453002F017FC16F05BF8BDE810400220B4
:10E2800016F082B810BD00007C56002010B50028A2
:10E2900018D00D48222100F8451F0321417061214B
:10E2A00081700021C170017110214171082100F8B5
:10E2B000421C0548453002F0F5FBBDE81040042043
:10E2C00016F062B810BD00007C56002010B5002882
:10E2D00024D01348222200F8452F102242706322D6
:10E2E00082700822C270002202710222427104224E
:10E2F0008271C1710A0A02720A0C4272090E81729D
:10E300000D2100F8421C0648453002F0CBFB16F008
:10E310000FF8BDE810400B2016F036B810BD000015
:10E320007C56002010B5002827D0144A40F8701FF2
:10E33000222102F8451F10215170632191700E2196
:10E34000D170002111710221517104219171017864
:10E35000D1714178117281785172C07890720748FA
:10E360000D2102F8421C453002F09CFB15F0E0FF45
:10E37000BDE81040122016F007B810BD7C560020F2
:10E3800070B515F07BFC784C0B2804F1080572D0B1
:10E3900022DC022853D0042876D008286DD1A07939
:10E3A00004286AD1E079022867D105F09BFF10F0BC
:10E3B00081FE40795E2861D010F082FE294619F076
:10E3C00065FD10F077FE40795E285AD010F078FE97
:10E3D000BDE87040F8F749B90C2815D0122873D061
:10E3E00013284AD1E0799C2847D1207A512844D17A
:10E3F00005F078FF11F016FD03283ED1BDE870400E
:10E40000012102200BF086BBA079042835D15E20C3
:10E41000F7F77AF910F04EFE40795E280CD010F034
:10E420004FFE294600F0A6F815F0E2FB10F042FE80
:10E43000BDE8704000F02ABB10F03CFEF1E7A07987
:10E4400004281AD1E0790C287FD105F04BFF10F099
:10E4500031FE40795E280BD010F032FE0C222946A6
:10E4600019F02BFD10F026FEBDE8704000F0ECBA6C
:10E4700010F020FEF2E72BE006E066E010F01AFE56
:10E480009CE710F017FEA3E7A07904285DD1E0799E
:10E4900014285AD105F026FF10F00CFE40795E28B2
:10E4A0000FD010F00DFE294600F064F810F002FEC7
:10E4B00040795E2809D010F003FEBDE87040F8F7FF
:10E4C000CDB810F0F7FDEEE740E010F0F3FDF4E713
:10E4D000A079102839D1E0799C2836D105F002FFC7
:10E4E00011F0A0FC472814D008DC03280DD04028E8
:10E4F0000FD042280DD0462827D10AE0482808D05E
:10E50000492806D04A2820D103E0012102200BF03F
:10E5100001FB012102200BF0FDFA11F089FC80685B
:10E520001249006900690069816011F081FC80680E
:10E530000F49006900690069C16011F079FC8068C9
:10E540000421006900690069417170BDA07910283B
:10E55000FBD1E0799C28F8D105F0C4FE11F062FCF3
:10E560003F283FF44BAF70BD7C56002053A60208F5
:10E5700057A602082DE9FE4F04007DD0487884F8A4
:10E580007800087884F87900C87884F87A00887868
:10E5900084F87B00487904F8700F08796070C879B6
:10E5A000A0708879E070487A2071087A6071C87A22
:10E5B000A071887AE071487B2074087B6074C87B06
:10E5C000A074887BE074487C2073087C6073C87CEE
:10E5D000A073887CE073703C19F05EF9A8B1206FDD
:10E5E0001AF094FC7A4A7B4B1AF066FA00227A4BB6
:10E5F00019F04EFF19F01AFF78492067884203DCB2
:10E600004FF08441884200DA2167754DD4F88000CC
:10E6100029461AF0ADFE1AF079FCCDE9000171A28D
:10E62000082104F14300F1F767FF2946E06F1AF073
:10E630009FFE1AF06BFCCDE900016AA2082104F1EB
:10E640004B00F1F759FF207804F12F07410704F13F
:10E65000350604F13C0526D520F004002070A06F9B
:10E660006061206F1AF052FCCDE900015DA2062125
:10E670003846F1F741FF00E013E0606F1AF046FC06
:10E68000CDE9000159A207213046F1F735FFA06F0F
:10E690001AF03CFCCDE9000154A207212846F1F70D
:10E6A0002BFFBDE8FE8FA16FA0681AF05BFCA06095
:10E6B000616FE0681AF056FCE060216F20691AF083
:10E6C00051FC20612046F6F7F1F8A06F6061E07917
:10E6D000401CC0B2E0710328E3D31AF001FE80466B
:10E6E000414620691AF0B2FC02904146E0681AF0F7
:10E6F000ADFC83464146A0681AF0A8FC824618F09B
:10E70000B5FFDFF8F0904FF0000890B319F08EF8E5
:10E7100002282FD399F8001004F1A40001904A4672
:10E720000C3804F1B009009051B182F800800098D3
:10E7300005F020FE019805F01DFE484605F01AFE82
:10E740005146009805F049FE5946019805F045FEEE
:10E750004846029905F041FE484605F021FE029028
:10E76000009805F01DFE8246019805F019FE8346CB
:10E7700003E0FFE7012189F800102046F7F774FA5B
:10E78000E8B902981AF0C2FBCDE9000115A20621F2
:10E790003846F1F7B1FE58461AF0B8FBCDE9000152
:10E7A00012A207213046F1F7A7FE50461AF0AEFB41
:10E7B000CDE900010DA207212846F1F79DFE84F85E
:10E7C0000780C4F80880C4F80C80C4F8108068E79B
:10E7D000CDCCCCCCCCCCFC3F0000404000000C4366
:10E7E00000007A4425352E326600000025362E3290
:10E7F000660000004C5800201CB50C46002832D0A2
:10E80000684601F0CFFEDDE9000105F049FE164A39
:10E810005E2102F8451F102151709C2191706221E8
:10E82000D170002111710421517108219171010AE7
:10E83000D1711072010E5172000C9072200AD072C8
:10E840001473200E5073200C90730748112102F8A6
:10E85000421C453002F026F915F06AFDBDE81C4067
:10E860000B2015F091BD1CBD7C5600201CB50C463C
:10E87000002832D0684601F095FEDDE9000105F080
:10E880000FFE164A5E2102F8451F102151709C218F
:10E8900091706621D17000211171042151710821FC
:10E8A0009171010AD1711072010E5172000C9072B7
:10E8B000200AD0721473200E5073200C90730748F6
:10E8C000112102F8421C453002F0ECF815F030FD41
:10E8D000BDE81C400B2015F057BD1CBD7C56002028
:10E8E0001CB50C46002832D0684601F05BFEDDE91D
:10E8F000000105F0D5FD164A5E2102F8451F1021E2
:10E9000051709C2191706A21D170002111710421F4
:10E91000517108219171010AD1711072010E517269
:10E92000000C9072200AD0721473200E5073200CC9
:10E9300090730748112102F8421C453002F0B2F8EA
:10E9400015F0F6FCBDE81C400B2015F01DBD1CBDEC
:10E950007C56002010B500281BD00E485E2100F820
:10E96000451F062141709C2181705121C1700021F9
:10E97000017101214171082100F8421C0548453010
:10E9800002F090F815F0D4FCBDE81040132015F00B
:10E99000FBBC10BD7C5600201CB50C46002832D0B4
:10E9A000684601F0FFFDDDE9000105F079FD164A3A
:10E9B0005E2102F8451F102151709C219170722137
:10E9C000D170002111710421517108219171010A46
:10E9D000D1711072010E5172000C9072200AD07227
:10E9E0001473200E5073200C90730748112102F805
:10E9F000421C453002F056F815F09AFCBDE81C4068
:10EA00000B2015F0C1BC1CBD7C5600200D4810B574
:10EA10005E2100F8451F0421417075218170692134
:10EA2000C170002101710A214171082100F8421CC6
:10EA30000448453002F036F8BDE810400C2015F0CF
:10EA4000A3BC00007C56002010B500281BD00E4847
:10EA50005E2100F8451F0421417075218170452118
:10EA6000C1700021017101214171082100F8421C8F
:10EA70000548453002F016F815F05AFCBDE8104084
:10EA8000082015F081BC10BD7C56002010B5002870
:10EA90001BD00E485E2100F8451F042141707521EE
:10EAA00081703021C170002101710621417108215E
:10EAB00000F8421C0548453001F0F4FF15F038FC21
:10EAC000BDE81040022015F05FBC10BD7C56002050
:10EAD00010B5002819D00D485E2100F8451F04210B
:10EAE0004170752181706921C170002101710A2175
:10EAF0004171082100F8421C0448453001F0D2FF62
:10EB0000BDE81040042015F03FBC10BD7C5600202D
:10EB10001CB50C46002832D0684601F043FDDDE903
:10EB2000000105F0BDFC164A5E2102F8451F1021C8
:10EB300051709C2191707621D170002111710421B6
:10EB4000517108219171010AD1711072010E517237
:10EB5000000C9072200AD0721473200E5073200C97
:10EB600090730748112102F8421C453001F09AFFCA
:10EB700015F0DEFBBDE81C400B2015F005BC1CBDEC
:10EB80007C56002010B5002827D0144A40F8701F8A
:10EB90005E2102F8451F102151709C2191707A214D
:10EBA000D1700021117102215171042191714178BC
:10EBB000D17101781172C1785172807890720748D2
:10EBC0000D2102F8421C453001F06CFF15F0B0FB3E
:10EBD000BDE81040122015F0D7BB10BD7C560020B8
:10EBE000FCF710FCFEE72DE9F04387B00DF1380E7D
:10EBF00081469EE8E011DDE91304CDE904C08DE80B
:10EC0000E001484600F0C0F8216859B18969816186
:10EC1000216841612168896948612168886107B07C
:10EC2000BDE8F0832060FAE770B50446006800286C
:10EC300008D04569F1F765FB216828468142F8D183
:10EC40000020206070BD10B5002808D0827983694B
:10EC500040698342847902FB0142F9D1104610BD1C
:10EC600010B5002810D08279084C53B2432B237082
:10EC700001D0442B00D1002283694069834284790A
:10EC800002FB0142F9D1104610BD0000D85500200A
:10EC90002DE9FE4388460746040062D0374E102512
:10ECA0006078D0B101283AD0022802D0032855D18B
:10ECB00059E02078B8F1000F00F0010009D000956C
:10ECC000CDE901506379E268E178A078FBF712FBA7
:10ECD00044E0CDE9005022693BE02078800712D55E
:10ECE000A0790A2801D2303000E03830307000209E
:10ECF00070702078082300F00100CDE90050E17821
:10ED0000A0781E4A28E0A1790A20B1FBF0F2303247
:10ED10003270B1FBF0F200FB12103030E8E711F076
:10ED200081F8112802D0122818D109E02078082390
:10ED300000F00100CDE90050E178A078104A0BE026
:10ED40002078104900F00100CDE90050A07951F879
:10ED50002020E178A0780823FBF730FB6469BC42EF
:10ED60009ED1BDE8FE832078009500F00100CDE93A
:10ED70000150A179E06863794218A5E7D9550020D0
:10ED80006EA90208005500202DE9F05F0746DDE975
:10ED90000E8A1C4615460E462020DDF830B0DDF800
:10EDA0002890F1F77FFA002813D0406180618770C6
:10EDB000C670C560447180F806B00D99C17180F8C5
:10EDC0000880C0F8109002786AF3410202700B9933
:10EDD0004170BDE8F09F00000C48A0F19802C168A6
:10EDE0009161002906D0886928B1D061017841F08D
:10EDF00001010170704790690069906183690BB1EE
:10EE00001846F2E78142F6D170470000B85500205D
:10EE10002DE9F041044614F031FF811EFA48FB4D04
:10EE2000FB4E042700F10808172979D2DFE801F02A
:10EE30002EF390F369F3FAF3F3FB0CF8F7F3F6C64D
:10EE4000F3F5F3C6F3E4F8008079032868D120468F
:10EE5000F6F75AFC14F0CCFE1D2C71D010F02AF9F4
:10EE60004079A0420BD110F025F90AE010F022F908
:10EE700001E010F025F9BDE8F04100F0CDBC10F044
:10EE80001FF92146BDE8F04101F0F4B8807903286C
:10EE900046D105F027FA1D2C07D010F00BF9407968
:10EEA000A04219D110F006F918E010F003F94079EA
:10EEB0001D2805D010F004F9414600F011FD05E1D0
:10EEC00010F0F8F8F8E710F0F5F801E010F0F8F8B5
:10EED000BDE8F04100F0E2BC10F0F2F8CA49093197
:10EEE00001F05BF910F0E6F84079A04202D110F091
:10EEF000E1F801E010F0E4F82146BDE8F04101F04E
:10EF000099B8807903280BD105F0ECF91D2C08D0B5
:10EF100010F0D0F84079A04213D110F0CBF812E0F5
:10EF200079E010F0C7F840791D2806D010F0C8F835
:10EF30004146BDE8F04100F031BD10F0BBF8F7E705
:10EF400053E010F0BDF84146BDE8F04101F0D0B803
:10EF5000807903285FD105F0C5F91D2C07D010F08A
:10EF6000A9F84079A0421ED110F0A4F81DE010F0DD
:10EF7000A1F840791D280AD010F0A2F8414600F00F
:10EF8000D9FA10F097F840791D2803D005E010F069
:10EF900091F8F3E710F08EF801E010F091F8BDE879
:10EFA000F041F7F75BBB10F08BF8414600F0F0FE44
:10EFB00010F080F84079A042EFD1EBE78079062885
:10EFC00029D105F08FF910F02DFF2B2807D010F074
:10EFD00029FF2A2803D010F025FF2D2803D1012175
:10EFE00002200AF097FD1D2C15D110F063F840792E
:10EFF0001D287FF43EAF39E7807910280BD105F04A
:10F0000071F910F00FFF2C2803D1012102200AF022
:10F0100081FD1D2C5AD0BDE8F08190E072E05CE0EB
:10F0200032E000E0CCE080791028F4D105F05AF904
:10F0300010F0F8FE592807D010F0F4FE5A2803D03B
:10F0400010F0F0FE5B2812D1012102200AF062FDCF
:10F0500010F0EEFE80680069856010F0E9FE8068BF
:10F060000069C66010F0E4FE8068006947711D2CDD
:10F07000D1D09EE010F01EF801E010F021F82146FA
:10F08000BDE8F04100F09ABF80791028C3D105F0A7
:10F0900029F910F0C7FE5F2803D010F0C3FE442802
:10F0A00012D1012102200AF035FD10F0C1FE806866
:10F0B0000069856010F0BCFE80680069C66010F0D1
:10F0C000B7FE8068006947711D2C72D10FF0F2FF06
:10F0D00040791D287FF4FAAEF5E6807906289AD1AA
:10F0E00005F000F91D2C96D10FF0E4FF40791D28A2
:10F0F00005D00FF0E5FFBDE8F04100F027BE0FF0AE
:10F10000D9FFF8E78079062885D105F0EBF810F0F3
:10F1100089FE432889D1012102200AF0FBFC10F06E
:10F1200087FE80680069856010F082FE8068006953
:10F13000C66010F07DFE8068006947716BE78079DA
:10F140001028FBD105F0CEF81D2C04D010F06AFE7B
:10F1500003280FD012E00FF0ADFF40791D2806D034
:10F160000FF0AEFFBDE8F041002100F027BD0FF029
:10F17000A1FFF7E7012102200AF0CCFC10F052FEBB
:10F180005F2803D010F04EFE442812D10121022046
:10F190000AF0C0FC10F04CFE80680069856010F039
:10F1A00047FE80680069C66010F042FE8068006912
:10F1B00047710FF07FFF4079A0427FF45EAF59E7BF
:10F1C00080791D2C0BD00328B8D105F08BF80FF0F7
:10F1D00071FF4079A04210D10FF06CFF0FE01028B2
:10F1E000ACD105F07FF810F01DFE0328A6D1BDE8D4
:10F1F000F041012102200AF08DBC0FF061FF414671
:10F2000000F0B0FFD5E700007C56002053A60208AE
:10F2100057A6020810B514F031FD3B4904282FD041
:10F220000B284ED00C2813D0132825D1C8790B28D1
:10F2300022D1087A33281FD105F054F810F0F2FDDE
:10F24000032819D10121BDE8104002200AF062BC58
:10F250008879032810D10920F6F756FA14F0C8FC73
:10F260000FF028FF4079092807D00FF029FFF7F7A2
:10F27000FCF926490020087010BD0FF01BFFF6E7CF
:10F2800088790328F8D105F02DF80FF013FF4079A5
:10F29000092810D00FF014FF1B49083100F03CF88A
:10F2A0000FF008FF4079092808D00FF009FFBDE8EA
:10F2B0001040F7F7D3B90FF0FDFEEDE70FF0FAFEBF
:10F2C000F5E788790628D7D1C8790B28D4D105F07D
:10F2D00009F810F0A7FD5F28CED1012102200AF025
:10F2E00019FC10F0A5FD806809490069816010F0E3
:10F2F0009FFD806807490069C16010F099FD806832
:10F3000004210069417110BD7C5600202C5500205D
:10F3100053A6020857A602082DE9F047040066D05C
:10F32000487884F89400087884F89500B4F99460DB
:10F33000304619F0BDFF0146A067207804F13C0576
:10F3400042070BD520F00400207061613346284647
:10F35000BDE8F04727A20621F1F7CEB8B4F8960031
:10F360003044A4F896002046F5F7A0FAB4F99400CA
:10F3700019F09EFF6061E079401CC0B2E071032883
:10F3800035D3B4F9961091FBF0F006B218F080F97D
:10F39000194F4FF00009D0B118F05AFA022816D3CD
:10F3A000387804F1980820B187F80090404604F0BE
:10F3B000E1FF304619F07CFF0146404605F00DF8AC
:10F3C000404604F0EDFF19F037FF06B201E00120DE
:10F3D00038702046F6F748FC28B9334605A20621C6
:10F3E0002846F1F789F884F80790A4F89690BDE8CC
:10F3F000F0870000253564004C58002010B5002827
:10F400001AD00E48092200F8452F062242700B221E
:10F4100082700122C2700A0A02714171082100F84B
:10F42000421C0648453001F03DFB14F081FFBDE869
:10F4300010400B2014F0A8BF10BD00007C56002027
:10F4400010B500281BD00E48092100F8451F0621E1
:10F4500041700B2181703321C170002101710121A4
:10F460004171082100F8421C0548453001F01AFBA3
:10F4700014F05EFFBDE81040132014F085BF10BDEE
:10F480007C5600200C4810B5092100F8451F0321C7
:10F4900041700B2181700021C17001710121417106
:10F4A000082100F8421C0448453001F0FBFABDE891
:10F4B00010400C2014F068BF7C56002010B50028C6
:10F4C00018D00D48092100F8451F032141700B2178
:10F4D00081700021C170017101214171082100F882
:10F4E000421C0548453001F0DDFABDE8104004201B
:10F4F00014F04ABF10BD00007C5600200C4810B527
:10F500001D2100F8451F03214170002181702B222D
:10F51000C270017101214171082100F8421C0448A8
:10F52000453001F0BFFABDE810400C2014F02CBFAC
:10F530007C5600202DE9F04F85B004005CD048785F
:10F5400084F87800087884F87900C87884F87A001C
:10F55000887884F87B00487984F87000087984F80A
:10F560007100C87984F87200887984F87300487A49
:10F5700084F87400087A84F87500C87A84F87600F4
:10F58000887A84F877002078DFF8B8A104F13C018C
:10F59000DFF8B4B1420704F12F0604F135050491F8
:10F5A0002DD520F004002070A06F6061206F19F04D
:10F5B000ADFCCDE9000165A206213046F0F79CFFC5
:10F5C000606F19F0A3FCCDE9000162A20721284673
:10F5D000F0F792FFA06F504503DB19F097FC5FA294
:10F5E00004E05845F9DB19F091FC5EA2CDE9000179
:10F5F00007210498F0F780FF05B0BDE8F08FA16FF8
:10F60000A06819F0AFFCA060616FE06819F0AAFC77
:10F61000E060216F206919F0A5FC20612046F5F714
:10F6200045F9A06F6061E079401CC0B2E071032829
:10F63000E2D319F055FE07463946206919F006FD58
:10F6400001903946E06819F001FD02903946A06842
:10F6500019F0FCFC074618F00FF8DFF810914FF096
:10F66000000890B318F0E8F802282FD399F800109A
:10F6700004F1A40003904A460C3804F1B00900904C
:10F6800051B182F80080009804F074FE039804F0F1
:10F6900071FE484604F06EFE3946009804F09DFE67
:10F6A000DDE9021004F099FE4846019904F095FE48
:10F6B000484604F075FE0190009804F071FE07467C
:10F6C000039804F06DFE029003E0FFE7012189F842
:10F6D00000102046F6F7C8FA50BB019819F016FC46
:10F6E000CDE9000119A206213046F0F705FF029886
:10F6F00019F00CFCCDE9000116A207212846F0F70D
:10F70000FBFE574504DB384619F000FC11A209E066
:10F710005F45384603DB19F0F9FB12A202E019F04D
:10F72000F5FB0EA2CDE9000107210498F0F7E4FEF5
:10F7300084F80780C4F80880C4F80C80C4F81080EE
:10F740005AE700000000C8420000204125352E3154
:10F750006600000025362E316600000025362E3367
:10F760006600000025362E32660000004C5800204E
:10F7700070B500284DD027481D23032480F845305C
:10F78000102380F846300023062580F84730012AF0
:10F7900025D0022A30D0352280F8482080F8493020
:10F7A00080F84A4080F84B5080F84C30312280F885
:10F7B0004D200A0A00F84E2F0A0E41708270090C83
:10F7C000C1700F2100F84B1C1248453001F06AF956
:10F7D00014F0AEFDBDE870400B2014F0D5BD2F2213
:10F7E00080F8482080F8493080F84A4080F84B5033
:10F7F00080F84C301122DAE7322280F8482080F875
:10F80000493080F84A4080F84B5080F84C30212233
:10F81000CDE770BD7C56002010B500281AD00E48E8
:10F820001D21242200F8451F032141700021817011
:10F83000C270017107214171082100F8421C06487D
:10F84000453001F02FF914F073FDBDE8104002209F
:10F8500014F09ABD10BD00007C56002010B50028A1
:10F8600018D00D481D21022200F8451F03214170C8
:10F8700000218170C270017106214171082100F8D8
:10F88000421C0548453001F00DF9BDE81040042048
:10F8900014F07ABD10BD00007C56002010B5002881
:10F8A0001AD00E481D210C2200F8451F032141707B
:10F8B00000218170C270017114214171082100F88A
:10F8C000421C0648453001F0EDF814F031FDBDE86A
:10F8D0001040062014F058BD10BD00007C560020DA
:10F8E0002DE9FC410C4605004BD06078264F60F3B3
:10F8F0000706207825A260F30F263E80E0780621D7
:10F9000060F30706A07860F30F26B3B27B8005F1A1
:10F910004B00F0F7F1FDE0791DA260F30706A07936
:10F92000052160F30F26BE80607A60F30706207A17
:10F9300060F30F26FE80E07A274660F30706A07A80
:10F9400060F30F26607BB3B260F30707207B60F3A0
:10F950000F2705F12200F0F7CFFD0E490020CDE979
:10F9600000010DA2052105F11D00F0F7C5FD02B053
:10F97000BBB205F15A00BDE8F04105A21121F0F734
:10F98000BBBDBDE8FC8100009C580020253464000C
:10F99000256400000000F03F256600007CB50C46A1
:10F9A000050078D0607860F30706207860F30F26B2
:10F9B000E07860F31746A07860F31F66EE67607921
:10F9C00060F30706207960F30F26E07960F31746AD
:10F9D000A07960F31F66C5F88060607B60F307065E
:10F9E000207B60F30F26E07B60F31746A07B60F37B
:10F9F0001F66C5F88460607C60F30706207C60F3B6
:10FA00000F26E07C60F31746A07C60F31F66C5F804
:10FA10008860607D60F30706207D60F30F26E07D3F
:10FA200060F31746A07D60F31F66C5F89060607FA5
:10FA300060F30706207F60F30F26E07F60F3174630
:10FA4000A07F60F31F66304619F060FACDE900012F
:10FA500011A2072105F14300F0F74EFD94F82500AF
:10FA600060F3070694F8240060F30F2694F827004B
:10FA700060F3174694F8260060F31F66304619F0CD
:10FA800045FACDE9000104A2072105F15300F0F782
:10FA900033FD034886607CBD25362E3166000000AC
:10FAA0009C58002010B500281AD00E481D2200F8DE
:10FAB000452F06224270002282702522C2700A0A57
:10FAC00002714171082100F8421C0648453000F0DF
:10FAD000E9FF14F02DFCBDE810400D2014F054BCDB
:10FAE00010BD00007C56002010B5002819D00D482C
:10FAF0001D22262300F8452F062242700022827024
:10FB0000C37002714171082100F8421C054845305C
:10FB100000F0C8FF14F00CFCBDE810400E2014F0FB
:10FB200033BC10BD7C56002010B5002819D00D48FC
:10FB30001D22242300F8452F0622427000228270E5
:10FB4000C37002714171082100F8421C054845301C
:10FB500000F0A8FF14F0ECFBBDE81040152014F0F5
:10FB600013BC10BD7C56002010B5002823D01248CD
:10FB70001D220C2300F8452F1022427000228270B3
:10FB8000C370027102224271042282710A0AC27198
:10FB900001720A0E4272090C81720D2100F8421C9A
:10FBA0000548453000F07EFF14F0C2FBBDE8104070
:10FBB000182014F0E9BB10BD7C56002010B50028B9
:10FBC00023D012481D220C2300F8452F102242702A
:10FBD00000228270C370027102224271042282717B
:10FBE0000A0AC27101720A0E4272090C81720D2159
:10FBF00000F8421C0548453000F054FF14F098FB13
:10FC0000BDE81040082014F0BFBB10BD7C5600209A
:10FC100010B5002823D012481D22162300F8452FC6
:10FC20001022427000228270C3700271022242715F
:10FC3000042282710A0AC27101720A0E4272090C10
:10FC400081720D2100F8421C0548453000F02AFF62
:10FC500014F06EFBBDE81040182014F095BB10BDE9
:10FC60007C56002010B5002823D012481D221623F0
:10FC700000F8452F1022427000228270C37002717A
:10FC800002224271042282710A0AC27101720A0EB2
:10FC90004272090C81720D2100F8421C0548453062
:10FCA00000F000FF14F044FBBDE81040132014F0F6
:10FCB0006BBB10BD7C56002010B5002819D00D4834
:10FCC0001D22282300F8452F062242700022827050
:10FCD000C37002714171082100F8421C054845308B
:10FCE00000F0E0FE14F024FBBDE81040112014F0F9
:10FCF0004BBB10BD7C56002010B5002823D0124805
:10FD00001D221E2300F8452F10224270002282700F
:10FD1000C370027102224271042282710A0AC27106
:10FD200001720A0E4272090C81720D2100F8421C08
:10FD30000548453000F0B6FE14F0FAFABDE8104070
:10FD4000172014F021BB10BD7C56002010B50028F0
:10FD50001AD00E481D21262200F8451F06214170A9
:10FD600000218170C270017129214171082100F8C0
:10FD7000421C0648453000F095FE14F0D9FABDE863
:10FD80001040102014F000BB10BD00007C56002075
:10FD90002DE9FF5F04006ED0087984F87800487977
:10FDA00084F87900887984F87A00C87984F87B002F
:10FDB000087884F87000487884F87100887884F8AE
:10FDC0007200C87884F8730017F066FDA8B1206F40
:10FDD00019F09CF86B4A6C4B18F06EFE00226B4BCE
:10FDE00018F056FB18F022FB69492067884203DCB3
:10FDF0004FF08441884200DA2167A06F0026B0F5F9
:10FE0000000F00DAA6672078DFF8889104F13C0142
:10FE1000DFF884B1420704F12F0802912DD520F0BC
:10FE200004002070A06F6061206F19F06FF8CDE9B9
:10FE300000015AA206214046F0F75EFBA06F48453C
:10FE40000ADB19F015FA83B2029804B055A2BDE896
:10FE5000F05F0721F0F750BB584503DB19F056F867
:10FE600051A202E019F052F851A2CDE90001072198
:10FE70000298F0F741FBBDE8FF9FA16FA06819F061
:10FE800071F8A060216F206919F06CF8206120469C
:10FE9000F4F70CFDA06F6061E079401CC0B2E07126
:10FEA0000328E8D319F01CFA05462946206919F001
:10FEB000CDF800902946A06819F0C8F80546617988
:10FEC00004F19800039018303B4F4FF0010A019065
:10FED0004E2920D017F0D6FB18B317F0B3FC022838
:10FEE0001FD3387830B13E70039804F043FA01987C
:10FEF00004F040FA2946039804F06FFADDE9001097
:10FF000004F06BFA019804F04BFA0090039804F0A7
:10FF100047FA054607E017F0AFFB10B117F08CFC6D
:10FF2000DDE787F800A02046F5F79EFE28BB009885
:10FF300018F0ECFFCDE9000118A206214046F0F7C9
:10FF4000DBFA4D4509DB284619F092F983B215A278
:10FF500007210298F0F7D0FA0FE05D45284603DB51
:10FF600018F0D4FF10A202E018F0D0FF10A2CDE9E3
:10FF7000000107210298F0F7BFFAE671A66026613A
:10FF800079E70000CDCCCCCCCCCCFC3F000040408D
:10FF900000000C4300007A440000C84225352E3191
:10FFA000660000002536640025362E31660000000C
:10FFB00025362E32660000004C58002010B500286F
:10FFC00019D00D4800F8451F03214170112181709F
:10FFD0000021C170017104214171082100F8421C07
:10FFE0000548453000F05EFD14F0A2F9BDE8104070
:10FFF000062014F0C9B910BD7C5600200C4A10B57B
:020000040801F1
:1000000002F8450F03205070302090700020D0700F
:100010001071012050710648082102F8421C453039
:1000200000F040FDBDE810400C2014F0ADB9000018
:100030007C56002010B5002819D00D4800F8451F47
:1000400003214170072181700021C17001710221DB
:100050004171082100F8421C0548453000F022FD9E
:1000600014F066F9BDE81040082014F08DB910BDF9
:100070007C56002010B5002819D00D4800F8451F07
:1000800003214170092181700021C1700171072194
:100090004171082100F8421C0548453000F002FD7E
:1000A00014F046F9BDE81040022014F06DB910BDFF
:1000B0007C56002010B5002817D00C4800F8451FCA
:1000C00003214170262181700021C170017104213A
:1000D0004171082100F8421C0448453000F0E2FC60
:1000E000BDE81040042014F04FB910BD7C5600202C
:1000F0007CB50D4604002FD0287884F88C006878F1
:1001000084F88D00A87884F88E00E87884F88F0051
:10011000D4F88C0018F0FAFECDE900010FA20721F7
:1001200004F15300F0F7E8F9287984F89000687931
:1001300084F89100A87984F89200E87984F8930013
:10014000D4F8900018F0E2FECDE9000103A20721E7
:1001500004F14B00F0F7D0F97CBD000025362E32BB
:100160006600000010B5002816D00A782E24303220
:1001700080F8222080F823404A78303280F824200A
:10018000002280F825208B78303300F81D3F447022
:10019000C97830318170C27010BD10B5002284184A
:1001A0008B5C521CD2B284F85A300C2AF7D310BDA3
:1001B00010B5002829D01548002400F8453F102329
:1001C000437011238370C4700471042444710824A3
:1001D0008471C1710C0A04720C0C4472090E817294
:1001E000C272110A0173110C4173110E817300F870
:1001F000423C06481946453000F054FC14F098F88B
:10020000BDE81040132014F0BFB810BD7C5600208C
:100210002DE9F04387B00DF1380E81469EE8E011DC
:10022000DDE91304CDE904C08DE8E001484600F0A3
:10023000F1F8216859B1496941612168016121687A
:10024000496908612168486107B0BDE8F083206012
:10025000FAE700002DE9F041054604680B48002745
:1002600007604760286800280ED02669A06918B189
:1002700004F11800FEF7D8FC2046F0F742F8286891
:100280003446A042F1D12F60BDE8F081D055002066
:100290002DE9FE4F154602000F464FF0010073D0C6
:1002A0004A4E316809B1716859B93260726071683B
:1002B000096971600969914203D0401CC0B20728E6
:1002C000F5D334684FF08341284694F8038018F042
:1002D00049FE83464FF08441284618F043FE82468B
:1002E0001025B146E1785E46A1EB080018F0E0FF6A
:1002F000314619F03DF80146504618F033FE18F02B
:10030000B7FFC6B2207881070BD500F0010206F1D5
:100310001100C1B2701EC0B20FF098FA102016F092
:1003200093FF207801070AD500F001000095CDE980
:100330000150A37831460020A268F9F7DBFF60780E
:1003400002280FD0012828D03FB32078009500F074
:100350000100CDE90150A37831460020A268F9F7E9
:10036000C9FF25E01FB91A48E26882420DD1207802
:10037000009500F00100CDE90150A378314600203E
:10038000A268F9F7F7FF13E01DE02078082300F0DA
:100390000100CDE90050314607E02078082300F045
:1003A0000100CDE90050E26831460020FAF706F876
:1003B000A06910B13946FEF76BFCD9F80400246936
:1003C0000069A0428ED1BDE8FE8F0000D05500200C
:1003D0005BB702080E4910B5A1F19803CA689A618B
:1003E000002A06D0D178814204D1107840F0010073
:1003F000107010BD996909699961CC78844204D163
:10040000087840F00100087010BD8A42F2D110BD9A
:10041000B85500202DE9F05F0746DDE90D8ADDE9DA
:100420000A9B1C4615460E461C20EFF73BFF002892
:1004300016D000614061C77080F8049001780C9A72
:1004400021F001016BF3410162F3820168F3C30102
:10045000017080F801A086608570C4600F99816189
:10046000BDE8F09F7047000038B51C4A00211268B3
:100470001B4C12F0F00F23D1184A1C321368DD0018
:10048000184B03D51A6802F4C0530EE0156845F006
:1004900080551560156805F0805500951B68156836
:1004A00003F4C05325F080551560B3F5C05F07D144
:1004B000B0F5404F04D12068012140F004002060D5
:1004C000206820F0010008432060206800F001004F
:1004D000884201D0012038BD002038BD08380240D4
:1004E000003C02400070004070B516F0F3FE012899
:1004F00030D116F0B9FF00282CD017491648491EF4
:1005000040780978884225D1144D00224FF40041EB
:100510002846FAF766FD0020F9F786FD0024F9F772
:10052000F3FF641CE4B2C82CF9D310210C48FAF78D
:100530004BFD28B1012280210A48FAF752FDFEE75F
:1005400080212846FAF740FD012803D0BDE870401D
:10055000FAF71CBE70BD00000D57002000000240DD
:1005600000080240001002400148C07870470000B7
:100570000D57002001488078704700000D5700207B
:1005800001484078704700000D570020014840792D
:10059000704700000D5700200148007870470000A8
:1005A0000D570020044951F8012F02608A8882808B
:1005B00089798171704700000C570020014800794B
:1005C000704700000D5700200148807970470000F7
:1005D0000D570020054949780844C0B23C2800D393
:1005E0003C380249491E0870704700000D57002032
:1005F0000949094A983AC968916140B1012805D171
:1006000008699061017841F0010101707047087834
:1006100040F0010008707047B855002038B5044616
:100620001248134D4FF47A730068B0FBF5F058434D
:1006300000906068B0F5827F0DD10B4600920022D9
:100640008021204600F016F870B1606D40F0200067
:100650006065032038BD009830B1401E00902068CE
:100660008068C0430006F6D5002038BD1000002089
:1006700000366E012DE9F8431E4691468846044631
:10068000089DFAF7B3FC401B351AFAF7AFFC074692
:1006900025480068C0F3CB30684338E0701C37D081
:1006A000FAF7A4FCC01BA84203D215B1009860B3AE
:1006B0002CE02068416821F0E00141606068B0F5FD
:1006C000827F0BD1A068B0F5004F02D0B0F5806FEB
:1006D00004D12068016821F040010160A06AB0F5F2
:1006E000005F09D12068016821F400510160206891
:1006F000016841F400510160012084F8510000209C
:1007000084F850000320BDE8F8830025401E0090C7
:100710002068816838EA010004D000204845BDD136
:100720000020F0E70120F9E71000002070470000EA
:1007300070B5184C184D194E60686968884218D118
:1007400013F096FA11F012FC0EF0BAFC58B1706872
:1007500060603078207013F08BFA11F007FC686845
:10076000606028782070BDE870400121084609F0DB
:10077000D1B913F07DFA11F0F9FB68686060287850
:10078000207013F075FA11F0F1FB7068606030783A
:10079000E8E700005058002058580020605800201A
:1007A00070B55E4C00256079102874D00026607901
:1007B00040B9012011F05AFB08B101209BE060799B
:1007C000401C6071C0B2012808D1022011F04EFB1C
:1007D00008B102208FE06079401C6071C0B202282D
:1007E00008D1032011F042FB08B1032083E06079B7
:1007F000401C6071C0B2032808D1042011F036FB00
:1008000008B1042077E06079401C6071C0B2042810
:1008100008D1052011F02AFB08B105206BE06079B2
:10082000401C6071C0B2052808D1062011F01EFBE3
:1008300008B106205FE06079401C6071C0B20628F4
:1008400008D1072011F012FB08B1072053E06079AE
:10085000401C6071C0B2072808D1082011F006FBC7
:1008600008B1082047E06079401C6071C0B20828D8
:1008700008D1092011F0FAFA08B109203BE06079AB
:10088000401C6071C0B2092809D10A2011F0EEFAAB
:1008900010B10A202FE02FE06079401C6071C0B2D7
:1008A0000A2808D10B2011F0E1FA08B10B2022E050
:1008B0006079401C6071C0B20B2808D10C2011F087
:1008C000D5FA08B10C2016E06079401C6071C0B206
:1008D0000C2808D10D2011F0C9FA08B10D200AE04A
:1008E0006079401C6071C0B20D2809D10E2011F052
:1008F000BDFA10B10E20607170BD6079401C60714E
:10090000C0B20E2803D0002D3FF451AF70BD0020BF
:1009100011F0ACFA66710028F5D070BD20550020AA
:1009200070B55F4C00256079102873D00E2610F04A
:10093000FF0002D0012807D00FE00E2011F096FA38
:100940006671002866D19CE0002011F08FFA08B192
:1009500000209BE06079401E6071C0B2022808D17F
:10096000012011F083FA08B101208FE06079401E68
:100970006071C0B2032808D1022011F077FA08B1E3
:10098000022083E06079401E6071C0B2042808D163
:10099000032011F06BFA08B1032077E06079401E64
:1009A0006071C0B2052808D1042011F05FFA08B1C7
:1009B00004206BE06079401E6071C0B2062808D147
:1009C000052011F053FA08B105205FE06079401E60
:1009D0006071C0B2072808D1062011F047FA08B1AB
:1009E000062053E06079401E6071C0B2082808D12B
:1009F000072011F03BFA08B1072047E06079401E5C
:100A00006071C0B2092809D1082011F02FFA10B185
:100A100008203BE03BE06079401E6071C0B20A28CC
:100A200008D1092011F022FA08B109202EE06079DE
:100A3000401E6071C0B20B2808D10A2011F016FACE
:100A400008B10A2022E06079401E6071C0B20C2813
:100A500008D10B2011F00AFA08B10B2016E06079DA
:100A6000401E6071C0B20D2808D10C2011F0FEF9B3
:100A700008B10C200AE06079401E6071C0B20E28F7
:100A800009D10D2011F0F2F910B10D20607170BD87
:100A90006079401E6071002D3FF449AF70BD0000C9
:100AA0002055002030B505460C46881E81B22846E8
:100AB000F3F7CCFE291901F8020D000A487030BD89
:100AC0000149C87070470000A858002001494870CB
:100AD00070470000A85800200149C88070470000F6
:100AE000A85800200149087070470000A85800204D
:100AF000034942F210729042888000DB8A8070477E
:100B0000A85800200149887070470000A8580020AC
:100B1000E4224FF44071014800F0F2BF347C002021
:100B20000149086070470000905800207CB50025FE
:100B300010240823574A29462846CDE90045F9F7ED
:100B40003DFCFFF71DFD0646FFF714FD034652A2CC
:100B5000062150480096EFF7CFFC13F089F80121E9
:100B600011281AD2DFE800F0101D252D353D454D26
:100B7000555D656D757D858D090008230021494A05
:100B80003C20CDE9004506E0CDE90041454A082377
:100B9000703A00213C20F9F711FCBDE87C400EF0D2
:100BA00079BFCDE900413F4A0823693A00213C2042
:100BB000F1E7CDE900413B4A0823623A00213C209D
:100BC000E9E7CDE90041374A08235B3A00213C20A0
:100BD000E1E7CDE90041334A0823543A00213C20A3
:100BE000D9E7CDE900412F4A08234D3A00213C20A6
:100BF000D1E7CDE900412B4A0823463A00213C20A9
:100C0000C9E7CDE90041274A08233F3A00213C20AB
:100C1000C1E7CDE90041234A0823383A00213C20AE
:100C2000B9E7CDE900411F4A0823313A00213C20B1
:100C3000B1E7CDE900411B4A08232A3A00213C20B4
:100C4000A9E7CDE90041174A0823233A00213C20B7
:100C5000A1E7CDE90041134A08231C3A00213C20BA
:100C600099E7CDE900410F4A0823153A00213C20BD
:100C700091E7CDE900410B4A08230E3A00213C20C0
:100C800089E7CDE90041074A0823D21F00213C2013
:100C900081E7000081550020253032643A2530324A
:100CA0006400000076AA0208FAF7D8B900B593B03C
:100CB00034216846EFF7BBFD14210DA8EFF7B7FD0F
:100CC0001848016821F4C05141F4006101600B2013
:100CD0000090012010210190CDE903010590022030
:100CE0000990C0030A904FF440200B9088040C90A8
:100CF0006846FAF795FB08B172B6FEE70F200D9033
:100D000003200E9000200F901090119001210DA84B
:100D1000FAF750FA08B172B6FEE7FAF71BFB13B008
:100D200000BD000000700040704700000148FBF764
:100D30001DB8000070590020F0B502684FF0804CDB
:100D4000184C194D194E1A4F604507D0A04205D0D6
:100D5000A84203D0B04201D0B84205D122F07003BE
:100D60004A681A4360450DD0A0420BD0A84209D072
:100D7000B04207D0B84205D00E4B984202D00E4B7D
:100D8000984203D122F44073CA681A430B6922F0D7
:100D900080021A4302608A68C26209688162012186
:100DA0004161F0BD0004004000080040000C00401C
:100DB00000080140000C01400010014010B584689B
:100DC00042EA032224F47F440A432243826010BD96
:100DD000826822F070020A4342F007018160704786
:100DE00010B5046A036A23F001030362836923F0E8
:100DF000F00343EA021324F00A020A438361026209
:100E000010BD10B5036A23F0100303628469036AFE
:100E100024F4704444EA023223F0A00343EA0111AF
:100E20008261016210BD000070B512F027FF7C4C9A
:100E30000C2804F1080537D01ADC02284FD004280A
:100E40007ED0082867D00B287BD1A079102878D1D4
:100E5000E0799C2875D103F045FA0EF0E3FF0328F2
:100E600070D059281AD05A2818D05B2869D115E0BB
:100E7000122868D0132867D0192862D1A0790428D5
:100E80005FD103F02FFA0EF0CDFF592803D05A2876
:100E900001D05B2855D1607A01287CD00EF00AF988
:100EA000BDE8704000F092BAA079042849D15B20D7
:100EB000F4F72AFC12F09CFE0EF0FCF840795B2857
:100EC0000AD00EF0FDF8294600F0B0F80EF0F2F866
:100ED000BDE8704000F038BA0EF0ECF8F3E7A07906
:100EE00004287FD1E0790C287CD103F0FBF90EF0C7
:100EF000E1F840795B280BD00EF0E2F80C2229468D
:100F000016F0DBFF0EF0D6F8BDE8704000F0FAB93D
:100F10000EF0D0F8F2E7A079042863D103F0E2F9EB
:100F20000EF0C8F840795B2815D00EF0C9F82946B4
:100F300016F0ACFF0EF0BEF840795B280ED004E04E
:100F40000FE04FE065E04EE057E00EF0B9F8BDE885
:100F50007040F5F78ABB0EF0ADF8E8E70EF0AAF89E
:100F6000F5E7A07904283DD1E07908283AD103F0CB
:100F7000B9F90EF09FF840795B2811D00EF0A0F877
:100F8000294600F053F80EF095F840795B280AD016
:100F90000EF096F800E009E0BDE87040F5F75EBBA2
:100FA0000EF088F8ECE70EF085F8F3E70121022057
:100FB00008F0B0FD0EF03CFF80681A490069006936
:100FC000006981600EF034FF80681749006900698C
:100FD0000069C1600EF02CFF80680421006900697F
:100FE0000069417170BDE0799C28FBD103F07AF96A
:100FF0000EF018FF3F280CD070BDE0799C28FBD183
:10100000207A5128F8D103F06DF90EF00BFF032878
:10101000F2D1BDE870400121022008F07BBD000044
:101020007C56002053A6020857A602082DE9FF5F50
:10103000040053D0487884F87800087884F8790060
:10104000C87884F87A00887884F87B00487984F836
:101050008000087984F88100C87984F88200887952
:1010600084F883006549D4F8800018F081F917F0FE
:101070004DFFCDE9000162A2082104F14300EFF722
:101080003BFA002525676567207804F12F084207A1
:1010900004F1350704F13C0622D520F0040020704D
:1010A000A06F60610020CDE9000055A206214046F6
:1010B000EFF722FA606F17F029FFCDE9000152A285
:1010C00007213846EFF718FAA06F17F01FFFCDE998
:1010D00000014DA207213046EFF70EFABDE8FF9F51
:1010E000A16FA06817F03EFFA0602946E06817F0E6
:1010F00039FFE0602946206917F034FF206120465F
:10110000F3F7D4FBA06F6061E079401CC0B2E071DE
:101110000328E3D318F0E4F881464946206917F024
:1011200095FF83464946E06817F090FF824649469E
:10113000A06817F08BFF029016F0BCFADFF8D09091
:1011400088B316F097FB02282ED399F8001004F10B
:10115000A40000904A460C3804F1B009039049B14C
:101160001570039803F006F9009803F003F9484658
:1011700003F000F9DDE9021003F02FF95146009861
:1011800003F02BF95946484603F027F9484603F087
:1011900007F98346039803F003F90290009803F0DF
:1011A000FFF8824603E0FFE7012189F8001020469E
:1011B000F4F75AFDE8B9584617F0A8FECDE900014A
:1011C0000FA206214046EFF797F9504617F09EFE12
:1011D000CDE900010CA207213846EFF78DF90298FE
:1011E00017F094FECDE9000107A207213046EFF782
:1011F00083F9E571A560E56025616FE700007A4439
:1012000025352E326600000025362E32660000009D
:101210004C58002010B500281BD00E485B2100F868
:10122000451F062141709C2181705121C170002110
:10123000017101214171082100F8421C0548453027
:10124000FFF730FC13F074F8BDE81040132013F0E2
:101250009BB810BD7C5600201CB50C46002832D02F
:101260006846FFF79FF9DDE9000103F019F9164A16
:101270005B2102F8451F102151709C219170602163
:10128000D170002111710421517108219171010A5D
:10129000D1711072010E5172000C9072200AD0723E
:1012A0001473200E5073200C90730748112102F81C
:1012B000421C4530FFF7F6FB13F03AF8BDE81C403E
:1012C0000B2013F061B81CBD7C5600200C4810B5F3
:1012D0005B2100F8451F042141707522827069224C
:1012E000C270002202714171082100F8421C0448BA
:1012F0004530FFF7D7FBBDE810400C2013F044B891
:101300007C56002010B500281BD00E485B2100F849
:10131000451F04214170752181704521C170002154
:10132000017101214171082100F8421C0548453036
:10133000FFF7B8FB12F0FCFFBDE81040082013F0E7
:1013400023B810BD7C56002010B500281BD00E48D5
:101350005B2100F8451F0421417075218170302107
:10136000C1700021017106214171082100F8421C61
:1013700005484530FFF796FB12F0DAFFBDE8104054
:10138000022013F001B810BD7C56002010B50028D3
:1013900018D00D485B21752200F8451F04214170CB
:1013A00082706922C270002202714171082100F826
:1013B000421C05484530FFF775FBBDE8104004208E
:1013C00012F0E2BF10BD00007C56002010B50028CE
:1013D0001BD00E485B2100F8451F04214170752188
:1013E00081706621C17000210171012141710821C4
:1013F00000F8421C05484530FFF754FB12F098FFF7
:10140000BDE81040192012F0BFBF10BD7C5600206F
:101410001CB50C46002832D06846FFF7C3F8DDE95A
:10142000000103F03DF8164A5B2102F8451F102128
:1014300051709C2191706421D1700021117104219F
:10144000517108219171010AD1711072010E51720E
:10145000000C9072200AD0721473200E5073200C6E
:1014600090730748112102F8421C4530FFF71AFB20
:1014700012F05EFFBDE81C400B2012F085BF1CBDC2
:101480007C5600201CB50C46002832D06846FFF779
:1014900089F8DDE9000103F003F8164A5B2102F840
:1014A000451F102151709C2191706821D17000213D
:1014B00011710421517108219171010AD1711072C9
:1014C000010E5172000C9072200AD0721473200E1B
:1014D0005073200C90730748112102F8421C4530CC
:1014E000FFF7E0FA12F024FFBDE81C400B2012F0D9
:1014F0004BBF1CBD7C56002010B5406A0021C18541
:10150000C184FAF715FD10BD70B5446A20684069C2
:1015100094F83D10C0F3C0100025212904D118B162
:10152000E584204600F067F82068406994F83E1092
:10153000C0F38010222904D118B1E585204600F0BF
:1015400042F8206C40F0100020642046FAF7F0FCCE
:1015500070BD10B50146406A0968096889061BD448
:101560000021C1850168CA6822F48072CA600168DE
:101570004A6922F001024A6101684A6922F0400288
:101580004A61202180F83E10016B012904D10168D5
:10159000CA6822F01002CA60016B012902D0FAF772
:1015A00002FF10BD818DFAF78DFC10BD10B5406AA9
:1015B000016B012902D0FAF702FF10BD818D4908A5
:1015C000FAF780FC10BD0168CA6822F49072CA6004
:1015D00001684A6922F001024A61016B012904D1C4
:1015E0000168CA6822F01002CA60202180F83E100B
:1015F0000021016370470168CA6822F0C002CA6016
:10160000202180F83D10704708B590F83E1022293F
:1016100001D0022008BD81684FF48053994201D166
:10162000026922B1826A99421BD049B10AE002687C
:10163000816A5268C2F308020A80816A891C08E044
:10164000016971B10168496801F07F011170816A17
:10165000491C8162C18D491E0904090CC18503D052
:1016600019E001684968F1E70168CA6822F02002C0
:10167000CA600168CA6822F48072CA6001684A6957
:1016800022F001024A61202180F83E10016B0129FD
:1016900003D0FAF788FE002008BD0021016301682D
:1016A000CA6822F01002CA6001680A68D20602D530
:1016B0000A6849680091818DFAF704FCEBE70000A5
:1016C0002DE9F041044600680169E26821F44051C7
:1016D00011430161A1682069E26901436069104317
:1016E00001432068C26849F20C639A430A43C2600E
:1016F00020684169A26921F4407111434161354973
:101700002068884202D1F9F73BFE01E0F9F728FE94
:10171000E16964223223B1F5004F00EBC00101EB17
:10172000001160682BD08000B1FBF0F5B5FBF2F53D
:10173000B1FBF0F66FF018077D4306EB8505B1FBB2
:10174000F0F603EB0515B5FBF2F5B6FBF2F605F086
:10175000F00505EB0615B1FBF0F6B1FBF0F0B0FBC0
:10176000F2F0784306EB800003EB0010B0FBF2F0E0
:1017700000F00F00216828448860BDE8F081400037
:10178000B1FBF0F6B6FBF2F6B1FBF0F7B1FBF0F50A
:101790006FF0180C06FB0CF607EB860603EBC6068B
:1017A000B5FBF2F5B6FBF2F62D0106F0F80605EBF7
:1017B0004605B1FBF0F6B1FBF0F0B0FBF2F000FB38
:1017C0000CF006EB800003EBC000B0FBF2F000F081
:1017D0000700CFE70038014037B582B01346039ABF
:1017E00082628385002504460564222084F83E0039
:1017F000A16B13488862A16B1248C862A16B1248A2
:101800000863A06B45632168A06B091DF9F7B0FA66
:10181000206801684168009184F83C50C16841F437
:101820008071C1602068416941F001014161206817
:10183000416941F04001416105B0002030BD000028
:1018400053150108AD150108091501082DE9F041EE
:101850001E46174688460446069D1CE0681C1AD0A2
:1018600025B1F9F7C3FB801BA84214D92068C168D1
:1018700021F4D071C1602068416921F0010141610A
:10188000202084F83D0084F83E00002084F83C00CD
:101890000320BDE8F0812068016838EA010004D027
:1018A0000020B842DAD00020F3E70120F9E7000079
:1018B00010B50448FAF750FBBDE810400148FAF7AC
:1018C00038BB0000B059002010B50448FAF744FBBB
:1018D000BDE810400148FAF72CBB0000F459002085
:1018E00010B50448FAF738FBBDE810400148FAF794
:1018F00020BB0000385A002070B50020F8F794FB98
:101900000024F8F701FE641CE4B2C82CF9D3264C7D
:1019100010212046F9F758FB244E254DD8B9012057
:10192000307018E010F09EF80DF0BAFD18B102F01A
:10193000B3FC10F0E5FE0DF09DFD18B102F090FC37
:10194000F8F7E2FD02F072F90DF0AAFD18B102F00D
:10195000A3FCFAF7D1FD10212046F9F735FB28B991
:10196000287818B915F086FD0028DBD00020F8F79C
:101970005BFB0024F8F7C8FD641CE4B2C82CF9D363
:10198000307801280CD1287850B900224FF400415A
:101990000848F9F726FB012280210748F9F721FBC7
:1019A000BDE8704016F03CBB00080240000000207B
:1019B0002E5700200000024000100240FEE7000009
:1019C00010B500F0EBF800F095F8094C00228021EA
:1019D0002046F9F706FBC72000F076F801228021A7
:1019E0002046F9F7FEFABDE8104000F083B8000089
:1019F000000C024070B5040300F0D0F800F07AF853
:101A00000E4D002280212846F9F7EBFA202000F045
:101A10005BF8C4F3074000F057F8C4F3072000F068
:101A200053F8E0B200F050F8012280212846F9F77F
:101A3000D8FABDE8704000F05DB80000000C02402C
:101A40002DE9F041134F15460C4606460022802131
:101A50003846F9F7C6FA032000F036F8C4F3074019
:101A600000F032F8C4F3072000F02EF8E0B200F0E6
:101A70002BF8002405E0FF2000F026F83055641C08
:101A8000A4B2AC42F7D33846BDE8F0410122802130
:101A9000F9F7A7BA000C024070B50A4C0022802169
:101AA0002046F9F79EFA052000F00EF8FF2000F01E
:101AB0000BF80546012280212046F9F792FA2846C4
:101AC00070BD0000000C024001B582B000208DF80E
:101AD00004000A200090012301AA02A90448F9F792
:101AE00035FF10B1FF208DF804009DF804000EBDF5
:101AF0001859002010B5FFF7CFFFC007FBD110BD6C
:101B00002DE9F05FC1F30B06DFF88C800F0BC6F5F3
:101B100080548A4681461546A24200D814463903AD
:101B20008B464FF480524046FFF78AFF002006E0C4
:101B3000321818F80210FF2903D1401C80B2A042CD
:101B4000F6D3A04221D23846FFF754FF002006E02A
:101B500019F800208319401C08F8032080B2A04225
:101B6000F6D359464FF48052404600F02BF8A54278
:101B70000FD0281BA144A244002685B24FF4805404
:101B80007F1CA542CBD82C46C9E722465146484681
:101B9000EBE7BDE8F09F0000A468002010B5084CFA
:101BA000002280212046F9F71CFA0620FFF78CFF5F
:101BB00020460122BDE810408021F9F712BA00004A
:101BC000000C02402DE9F0410746C8B2C0F5807410
:101BD0000E461546A24200D814464FF4807822469D
:101BE0003146384600F00EF8A54208D0281B27449D
:101BF000264485B24446A542F1D82C46EFE7BDE81D
:101C0000F08100002DE9F04115460C460646FFF72D
:101C1000C5FF134F002280213846F9F7E2F9022070
:101C2000FFF752FFC4F30740FFF74EFFC4F307204E
:101C3000FFF74AFFE0B2FFF747FF002404E0305D02
:101C4000FFF742FF641CA4B2AC42F8D3012280210A
:101C50003846F9F7C6F9BDE8F041FFF74BBF000081
:101C6000000C0240810901F0010201F00201C2EB07
:101C70000212C1EB011102EB0111CBB2010901F01B
:101C8000010270B501F00201C2EB0212C1EB0111B9
:101C900002EB0111CCB2810801F0010201F0020156
:101CA000C2EB0212C1EB011102EB0111CDB200F047
:101CB000010100F00200C1EB0111C0EB001001EBCB
:101CC0000010C6B2184600F03DF8204600F03AF881
:101CD000284600F037F83046BDE8704000F032B8D2
:101CE0002DE9F041144D07464FF48074002221463F
:101CF0002846F9F776F9114E002261003046F9F7CF
:101D000070F9012221463046F9F76BF90022802153
:101D10003046F9F766F93946094815F0C5FA002248
:101D200021463046F9F75DF921462846BDE8F041E5
:101D30000122F9F756B900000000024000080240F5
:101D4000000C02402DE9F041144D07464FF4807419
:101D5000002221462846F9F744F9114E012251028A
:101D60003046F9F73EF9012221463046F9F739F9B4
:101D7000002280213046F9F734F93946094815F038
:101D800093FA002221463046F9F72BF921462846DE
:101D9000BDE8F0410122F9F724B90000000002403B
:101DA00000080240000C0240490050EAC12018BF60
:101DB00004204A0D18BF40F0010040F2FF72B2EB60
:101DC000515F08BF40F00200012808BF052070479E
:101DD0000907090E002804DB00F1E02080F8001458
:101DE000704700F00F0000F1E02080F8141D7047EC
:101DF00040F2013200204FF0E04117F06DBC0000CE
:101E0000024A0020110717F067BC000001FDFFFF28
:101E100010B50446D1E9000100F002F8206010BDC1
:101E2000F8B504460D466A4602F08CFB00987E30F9
:101E3000009000281EDC002213462046294616F09A
:101E40003BFD17D0002140F608004FF00000064689
:101E50002046294616F0EAFA044640F6080006EA4B
:101E600000014FF0000034F0004004BF0220EEF704
:101E700060FD29E00098FF2828DB002108464FF08C
:101E8000000000F44006002213462046294616F0C2
:101E900011FF8CBF002501250220EEF74AFD4FF00F
:101EA000FF4446B1002D0CBF4FF400004FF48000FA
:101EB000B04218BF084C042108464FF00000002D26
:101EC00004BF84F00040F8BD2046F8BD20462946F6
:101ED000BDE8F84016F0AABAFFFF7F7F10B50446B0
:101EE0000A46D4E9000319460FF086FFC4E9000151
:101EF00010BD30380A2801D20120704700207047F9
:101F00002DE9F04100250E4607462C4607E057F81C
:101F10002410284617F026F8641C0546E4B2B442A3
:101F2000F5D3304617F0DCF901462846BDE8F0410C
:101F300017F08CB830B583B00446EEF7F5FC0546D3
:101F40000020CDE90000024621466846EEF7A4FFD6
:101F50002846EEF7EEFCDDE9000103B030BD0000DD
:101F60002DE9F04F85B0064615F084FA0200C64808
:101F7000C64D00F18401049100F16301039100F169
:101F8000420100F121004FF00B04A5F10209CDE957
:101F9000010175D015F06EFADFF8F4A218B14FF018
:101FA0006632BC4B01E0BC4ABC4B174698463046F3
:101FB00016F0ACFF83463A464346009116F07AFE8F
:101FC00006D82878000768D416230094049A4AE0BB
:101FD00015F050FA18B14FF06632B14B01E0AE4A3D
:101FE000B04B5846009916F065FE17D815F042FA26
:101FF00018B14FF06632A74B01E0A74AA74B5846ED
:10200000009916F01DFD09D2287840F008002870CC
:10201000400742D416230094039A24E015F02AFACC
:1020200010B19D4A9F4B02E09F4B4FF03332584610
:10203000009916F03FFE1BD815F01CFA18B14FF0AE
:102040006632974B01E0944A964B5846009916F039
:10205000F7FC0DD2287840F00400287080071CD4CB
:10206000029A1623009404218220F8F73BF814E02A
:10207000564512DB15F0FEF918B1874A894B03E08B
:102080002AE0894B4FF033325846009916F0D8FCBD
:1020900003D2287840F0030028702878C00712D0B7
:1020A00099F8010040B1002089F801004FF01603B3
:1020B000009418B1019A02E00120F5E7724A042168
:1020C0008220F8F70FF8564534DA6F4A1623A53206
:1020D0000421822000944CE010217448F8F774FF2A
:1020E00058BB7348864228DC99F803004D4630B14E
:1020F000012808D002280AD003280CD012E01623A9
:102100000094019A0AE016230094029A06E016232E
:102110000094039A02E0049A16230094042182207A
:10212000F7F7E0FFE878401CC0B2E870042801D35C
:102130000020E87005B0BDE8F08F15F09BF918B1EC
:102140004FF06632534B01E0534A544B17469846C2
:10215000304616F0DBFE894606463A46434616F000
:10216000A9FD09D828780007E4D416230094049A1E
:1021700086E0F7F7B7FFDDE715F07CF918B14FF00F
:102180006632474B01E0444A464B3046494616F01A
:1021900091FD17D815F06EF918B14FF066323D4B2E
:1021A00001E03D4A3D4B3046494616F049FC09D214
:1021B000287840F0080028704007BBD4162300940C
:1021C000039A5DE015F056F910B1334A354B02E041
:1021D000354B4FF033323046494616F06BFD17D879
:1021E00015F048F918B14FF066322D4B01E02A4A3C
:1021F0002C4B3046494616F023FC09D2287840F093
:1022000004002870800795D416230094029A37E0C2
:1022100015F030F918B14FF03332234B01E0254A65
:10222000254B3046494616F045FD12D815F022F9E7
:1022300010B1194A1B4B02E01B4B4FF033323046B2
:10224000494616F0FDFB04D2287840F002002870C1
:1022500013E015F00FF918B14FF06632174B01E09B
:102260000D4A174B3046494616F0EAFB83D215F06B
:1022700013F80121052007F04DFC019A1623009464
:102280000421822075E700009BAA02081258002052
:102290009A99193F66661240CDCCCCCCCCCC0E407E
:1022A00066661040CCCC0C4033330B400008024033
:1022B0000AD783409A9999999999094066660A4084
:1022C000CCCC084038B51A4B2C211A4A984228DC4D
:1022D000194C207930B1012808D002280CD00328ED
:1022E00010D015E05823154A00910DE000915823B5
:1022F0003A21134A242009E0009158233A21114A37
:10230000242003E0582300913A212420F7F7EAFE25
:102310002079401CC0B22071042801D30020207114
:1023200038BD009158233A212420F7F7DBFE38BD51
:102330000AD783400DB102081058002061AB020893
:1023400045AD020829AF020800F00F01000900EBBB
:10235000800001EB4000C0B27047000070B515F07E
:10236000BBF91D4E1D4C002578B1607868B1012283
:1023700040213046F8F735FE2078401CC1B221706C
:10238000322920D3257065701EE014F0AFFFD8B15C
:10239000A078C8B12079C00701D0002200E0012256
:1023A00040213046F8F71DFEE078401CC0B2E070D6
:1023B000322808D3E5702079401CC0B2207104286F
:1023C00001D32571A57070BD3046BDE87040002274
:1023D0004021F8F706BE0000000002402858002007
:1023E00003490022034BD1E9020116F00DB90000A8
:1023F0005856002000408F401CB514490860F8F77B
:10240000BFF8B621E020F0F79FFD1420F8F7E8FCB4
:1024100003208DF8000001248DF801408DF80200A2
:102420006846F0F786FD00208DF8040004208DF842
:1024300005008DF8064001A8F0F770FDFF2174201B
:10244000F0F782FD0A20F8F7CBFC1CBD585600209F
:10245000FF2000F001B80000084B196809688A687D
:10246000D2439207FBD4C860186800688168C943EA
:10247000C907FBD1C068C0B27047000058560020A1
:1024800010B50120F0F7F4FC0028FAD10820F0F78D
:10249000EFFC0028FAD1F0F711FD044CC4E9040167
:1024A000F0F7F0FCC4E9020110BD0000585600200E
:1024B0002DE9F14F7448734E406816F096FA4FF0CC
:1024C000FF3217F009F90022704B16F035FC044674
:1024D0000D46B346B6F9100016F087FA074688464F
:1024E00022462B461046194616F0E6FA43463A466F
:1024F00016F0E2FA6FF00E0217F0EEF880460F4683
:10250000B6F90E0016F071FA22462B4616F0D4FAF0
:10251000012217F0E1F842463B4615F0B9FF81462B
:102520008A46B6F90C0016F060FA102217F0D4F8BB
:10253000074688466FF001024846514617F0CCF82E
:102540003A46434615F0A4FF80468946B6F908008E
:1025500016F04BFA22462B4616F0AEFA07468A468C
:10256000B6F90A0016F041FA22462B4616F0A4FAF4
:1025700022462B4616F0A0FA6FF01204224617F0FE
:10258000ABF853463A4615F083FF224617F0A4F8FD
:1025900005460F46F08816F03FFA04460E466FF0E7
:1025A0000E022846394617F097F80022384B15F0EE
:1025B0006FFF2246334616F07FFA002204460D468E
:1025C000134616F079F903D100200146BDE8F88FD3
:1025D000009816F00AFA00222E4B16F0A1FB0646D0
:1025E0000F466FF00B024046494617F075F8324629
:1025F0003B4616F095FB0022274B16F05DFA22466B
:102600002B4616F001F804460D465E46BBF916004F
:1026100016F0EBF922462B4616F04EFA22462B46D0
:1026200016F04AFA6FF01E0217F056F882468B46F3
:10263000B6F9140016F0D9F922462B4616F03CFAEA
:102640006FF00E0217F048F807468946B6F91200F7
:1026500016F0CBF9064688463A464B465046594650
:1026600015F016FF4346324615F012FF6FF00302D5
:1026700017F032F801B022462B46BDE8F04F15F0B6
:1026800007BF00000C5C0020505600200040EF40C7
:102690000000F03F00003041006AB8402DE9F84FDB
:1026A0002C4C0546B4F9020016F09FF98246884684
:1026B000208816F0B1F906466FF00902009117F074
:1026C0000BF881460F46284616F08FF98B460546D3
:1026D0006FF00D0217F000F84A463B4616F02CFB4F
:1026E0005246434616F0E8F981468A46B4F904009A
:1026F00016F07BF90446884630466FF00C020099CC
:1027000016F0EAFF06460F46284659466FF01002BB
:1027100016F0E2FF32463B4616F00EFB02460B4631
:1027200016F0CAF94346224616F0C6F94A46534601
:1027300015F0AEFE0D46044616F0FAF806490022E2
:10274000064B486001B020462946BDE8F04F15F021
:102750005BBF00000C5C0020505600200000B4401D
:10276000D020F0F7C1BB000010B50CF057FE344C80
:10277000E8B301F045FD20780B2802D03E281BD19C
:1027800018E02F48E1699830C0688069884213D109
:1027900089792B4A890702F18C0201D01C2100E0C3
:1027A0001D2151704069264982798B314069515C05
:1027B000017201E015F00CFDE069017821F00101E2
:1027C00001704069E061017841F001010170A26986
:1027D000926982420BD121F001010170A069017858
:1027E00041F0010101701748A0621748E0620CF047
:1027F000BFFD002822D001F09FFC20783E2801D1A7
:1028000015F0E6FCE069017821F0010101708069B2
:10281000E061017841F001010170A2699269926959
:1028200082420BD121F001010170A069017841F0D1
:10283000010101700348A0620348E06210BD00007E
:10284000205500209D3901084D2801082DE9F04F41
:1028500087B0002000900CF08BFDF74CA4F1980796
:1028600060B101F069FC607840B13878092801D185
:1028700011F0FEF8607801210DF04EFBE068A246F1
:10288000A8B1B86998B10078C00710D00CF0C6FDA7
:1028900000287DD001F0B4FCB869017989B339789A
:1028A000042909D002290BD0082909D00AE007B071
:1028B000BDE8F04F01F0A4BCC2683AB1BA6505E0CA
:1028C000C2787A72042905D3072903D8C2783A72EC
:1028D000042906D00A2915D0262913D0272911D07A
:1028E00012E0DAF80C10D54A814201D1D44903E054
:1028F0000969814208D1D3494B6853600978117046
:1029000002E008E0C178F971007907B00021BDE864
:10291000F04F0DF001BB816900297DD0C64C3A789B
:1029200004F10C05DFF820930126403A08344FF0FB
:10293000020B4FF00008212A6FD2DFE802F01111DC
:102940001111F56EF4F4F3F3F36EF2F2F1F1F1F22A
:10295000F2F1F16EF2F16EF0F0F0F5F5F5EFF50051
:10296000DAF80C000A218069FCF76DF982462846E6
:10297000FDF770FC00225D214B200CF067FF0CF08E
:10298000A5FB40794D2860D00CF0A0FB407900E019
:10299000FDE31D2879D00CF099FB407905285046BD
:1029A00074D0BAF1000F72D016F036F80022A74B9F
:1029B00015F02AFE15F03AFD3862504616F02CF854
:1029C0000022A24B15F020FEA1A2CDE900010821B2
:1029D0009D48EDF791FDCDE90484CDE90268CDE98C
:1029E000009800231A4638213420FAF765F8CDE91B
:1029F00004849A48CDE90008CDE902B84746072388
:102A0000974A4C210020FAF757F8CDE902B7CDE9F3
:102A100004749448052301E0F6E3F6E3CDE90007EA
:102A2000914A60210020FAF747F80CF04FFB4079FB
:102A30004D287ED00CF04AFB40791D2875D00CF053
:102A400045FB407905287FD089E014F0AFFEF8B14E
:102A500014F0ACFE0A281BD014F0A8FE052850463E
:102A600021D016F03DFC8149386216F0EFFA16F0DD
:102A70004DFACDE900017EA208217348EDF73CFD37
:102A80007D49386A88421DDA27E031E03BE04DE0BD
:102A9000504616F025FC3862534678A208216A4851
:102AA000EDF72AFD0EE016F01BFC7549386216F0B2
:102AB000CDFA16F02BFACDE9000172A20821624886
:102AC000EDF71AFDCDE90484CDE902680023CDE9D4
:102AD000009838211A463C2087E7CDE90484CDE9E7
:102AE00002680023CDE9009838211A4644207CE78B
:102AF000504616F0F5FB6249386216F0A7FA16F058
:102B000005FA62A261E716F0EBFB6249386216F043
:102B10009DFA16F0FBF960A257E70AE054E2E6E1FD
:102B200050E19AE1CAE03EE05FE30DE05C485D49B8
:102B300040E70CF0CBFACDE9047400238821CDE9FD
:102B400002671A46433014E00CF0C0FACDE9047471
:102B500000238821CDE902671A463C3009E00CF0D9
:102B6000B5FACDE9047400238821CDE902671A463D
:102B70003530CDE900073820F9F79EFF4A4814F0B8
:102B80004BFB03970497CDE90575CDE90076474BDC
:102B90000422474900200296FDF73AFB07B0BDE842
:102BA000F04FF2F769BDDAF80C000A218069FCF7F2
:102BB0004AF815F031FF0022244B15F025FD82461E
:102BC000009115F033FC386200993AA2CDE900A1DA
:102BD00008211D48EDF790FC2846FDF73BFB00223D
:102BE0005D214B200CF032FECDE90484CDE9026872
:102BF000CDE90098002347461A4638213420F9F7DA
:102C00005BFFCDE904741548CDE90007CDE902B7B3
:102C10000723134A4C210020F9F74EFFCDE9047435
:102C20001048CDE90007CDE902B705230E4A60211F
:102C30000020F9F741FFF7E3B85500205058002075
:102C40005858002060580020485B002000002440B5
:102C50002530352E30316620252500002EA60208AD
:102C600027A6020848A6020843A6020800401C4600
:102C700025362E34660000000050C3472535640019
:102C800000007A4425362E336600000025352E33A9
:102C9000660000000000C84225362E3266000000A3
:102CA000FCA9F1D24D62503F0000A8420BA90208D6
:102CB00052A5020825352E3166000000DAF80C0016
:102CC0000A218069FBF7BFFF5FEA000A77D015F0A1
:102CD000A3FE0022FE4B15F097FC15F0A7FB38620F
:102CE0002846FDF7B7FA504615F096FE0022F84B3D
:102CF00015F08AFCCDE90001F6A20821F748EDF7AE
:102D0000FBFB00225D214B200CF0A0FDCDE90484EB
:102D1000CDE90268CDE90098002347461A463821DC
:102D20003420F9F7C9FECDE90474ED48CDE9000778
:102D3000CDE902B70723EB4A4C210020F9F7BCFE8E
:102D4000CDE90474E848CDE90007CDE902B70523D1
:102D5000E64A60210020F9F7AFFE0CF0B7F94079A0
:102D6000012879D00CF0B2F940795C28F9D00CF048
:102D7000ADF9CDE9047400238821CDE902671A4634
:102D80003530CDE900070020F9F796FECDE904744F
:102D9000D748CDE900070023CDE902671A4688210C
:102DA0004620F9F789FE0CF091F9CDE9047400236F
:102DB0008821CDE902671A46433067E3FFE7CD4833
:102DC000CD498AE7DAF80C000A218069FBF73BFF5E
:102DD00015F022FE0022C94B15F016FC8246009128
:102DE00015F024FB38622846FDF734FAAFF23C12A6
:102DF0000099BA48CDE900A10821EDF77DFB00223A
:102E00005D214B200CF022FDCDE90484CDE9026860
:102E1000CDE90098002347461A4638213420F9F7B7
:102E20004BFECDE90474AE48CDE90007CDE902B709
:102E30000723AC4A4C210020F9F73EFECDE904748B
:102E4000A948CDE90007CDE902B70523A74A6021CB
:102E50000020F9F731FE77E69FE0DAF80C000A214E
:102E60008069FBF7F0FE15F0D7FD0022A34B15F0AB
:102E7000CBFB8246009115F0D9FA38622846FDF75F
:102E8000E9F9AFF2D01200999448CDE900A10821E8
:102E9000EDF732FB00225D214B200CF0D7FCCDE991
:102EA0000484CDE90268CDE90098002347461A461C
:102EB00038213420F9F700FECDE904748848CDE9C3
:102EC0000007CDE902B70723864A4C210020F9F715
:102ED000F3FDCDE904748448CDE90007CDE902B7DC
:102EE0000523824A60210020F9F7E6FD37E6DAF88B
:102EF0000C000A218069FBF7A6FE82462846FDF7F2
:102F0000A9F90CF0E3F840791D28504650D015F08F
:102F100083FD0022794B15F077FB8246009115F076
:102F200085FA3862AFF274220099CDE900A1082138
:102F30006A48EDF7E1FA00225D214B200CF086FC97
:102F4000CDE90484CDE90268CDE900980023474625
:102F50001A4638213420F9F7AFFDCDE904746048F2
:102F6000CDE90007CDE902B707235E4A4C210020D6
:102F7000F9F7A2FDCDE904745B48CDE90007CDE97E
:102F800002B70523594A60210020F9F795FD0CF09E
:102F90009DF840791D283FF45EAF0CF097F8CDE91D
:102FA000047400238821CDE902671A463C30E8E624
:102FB00016F096F95249386216F048F815F0A6FF57
:102FC00050A2CDE90001B2E7DAF80C000A218069CD
:102FD000FBF746FE786216F06BF938622846FDF77B
:102FE00039F900225D214B200CF030FC0CF06EF81A
:102FF00040794D280AD00CF069F840794E2810D05D
:103000000CF064F840792A280BD01CE03F49386A5C
:1030100016F01CF815F07AFFCDE900013CA208215A
:103020000EE0786A16F044F93849386216F00EF866
:1030300020F0004015F06AFFCDE9000136A20A2118
:103040002648EDF759FA364890F90000442802D096
:10305000432829D07BE00CF039F840791D2810D0A6
:10306000AFF2E83208211D487B6AEDF745FA0CF013
:103070002DF840794D286AD0CDE9026840462949AB
:103080005BE0786A16F014F91D49386215F0DEFF2E
:1030900020F0004015F03AFFCDE9000122A20A21FC
:1030A0000E48EDF729FAE2E7786A404278620CF0C0
:1030B0000DF840791D286BD0AFF240420821074837
:1030C0007B6AEDF719FA0CF001F840794D282FE0F2
:1030D0000000594025352E3266000000485B002074
:1030E0002EA6020827A6020848A6020843A6020840
:1030F00090B60208FCA9F1D24D62503F0000244076
:1031000000007A4425372E33660000000000C842D4
:1031100025342E326600000025372E32660000006E
:10312000D855002025A6020825382E336600000059
:103130000DD0CDE90268FF494046CDE90404CDE950
:10314000001000231A4638213420F9F7B5FC0BF0A3
:10315000BDFF4079CDE90484CDE90268CDE900984E
:103160004FF000034D281A464FF038013BD0342071
:10317000F9F7A2FCCDE90484EF48CDE90008CDE9D8
:1031800002B807234C214746EC4A002001E08FE1BA
:1031900015E0F9F791FCCDE90474E948CDE90007A1
:1031A000CDE902B70523E74A60210020F9F784FC46
:1031B0000BF08CFF40794D287FF44DAEB9E4786A6E
:1031C00016F076F8E049386215F040FF20F0004034
:1031D00015F09CFEAFF2B002CDE900010A21DB48F8
:1031E000EDF78AF96FE74420C2E70BF06FFF4079F3
:1031F0004D280BD0DAF80C000A218069FBF723FD7B
:10320000009016F06DF812E055E144E1C7F8208017
:10321000DAF80C000A218069FBF722FD16F060F84D
:10322000CB4938620978432902D180F000403862E6
:103230002846FDF70FF80BF049FF407960282DD0A4
:103240000BF044FF4079612837D00BF03FFF407905
:103250001D2850D00BF03AFF40794E284BD00BF090
:1032600035FF40792A2846D00BF030FF40790328FB
:1032700041D00BF02BFF407955283CD00BF026FFB6
:103280004079052837D00BF021FF40794D2844D0F4
:10329000386A15F0EDFF0346AEA25DE0009815F028
:1032A000BBFB0022AC4B15F0AFF915F0BFF838624C
:1032B00015F02CFEAFF2046242E0009815F0ACFB72
:1032C0000022A54B15F0A0F90022A44B15F0F4FB49
:1032D00015F0ACF83862009816F002F8A04915F025
:1032E000B5FE15F013FEAFF23462CDE90001974848
:1032F00006210A3028E0009815F08EFB0022994B39
:1033000015F082F915F092F8386215F0FFFDAFF272
:103310007862CDE90001092115E014F047FAB0B157
:1033200014F044FA0A2812D014F040FA052866D0A6
:103330008D49386A15F08AFE15F0E8FDAFF2D062CB
:10334000CDE9000108218148EDF7D6F808E0386A98
:1033500015F072FF034685A208217C48EDF7CCF8F2
:1033600000225D214B200CF071FA0BF0AFFE40798A
:1033700061284DD00BF0AAFE4079032855D00BF000
:10338000A5FE4079552850D00BF0A0FECDE904846D
:10339000CDE90268CDE9009800231A46382134208F
:1033A000F9F78AFBCDE904846348CDE90008CDE94B
:1033B00002B847460723614A4C210020F9F77CFBFD
:1033C000CDE904745E48CDE90007CDE902B70523D5
:1033D0005C4A60210020F9F76FFB0BF077FE407923
:1033E00060282DD00BF072FE40794D283FF4E6AEF8
:1033F0000BF06CFE407955287FF42DADDEE6524986
:10340000386A15F023FE15F081FDAFF2887297E758
:103410004E49CDE904840A31CDE90018CDE90268AE
:1034200000231A46382109E00AE0CDE90484CDE9F9
:1034300002680023CDE900981A4638213C20AFE706
:103440000BF044FECDE904743C30CDE900070023C5
:10345000CDE902671A4688211846F9F72DFBCDE918
:1034600004744348CDE900070023CDE902671A46FA
:1034700088214620F9F720FB0BF028FECDE90474E3
:1034800000238821CDE902671A464B30CDE90007B9
:103490006020FFF771BB027822F001020270F9612F
:1034A000087840F0010008703248B8623248F8628B
:1034B00007B0BDE8F08F3878072230494E287FD01A
:1034C00021DC43287CD014DC38286DD008DC0A28A5
:1034D0006AD016285CD01A2823D01C2875D153E056
:1034E0003F286DD040286BD0412869D042286CD14C
:1034F00066E044380A2868D2DFE800F0626762625A
:103500006262626262624F3812285ED2DFE800F0C7
:10351000585858585858585858485858585858583B
:1035200058580BF0D3FD58B310F0A2FB0EF01EFD5F
:10353000014627E023A602082EA6020827A60208B5
:1035400048A6020843A6020800007A44485B00200F
:10355000D8550020256400000000244000408F4022
:10356000000020410000594000401C462534640002
:1035700090B60208ED3A010869270108A05500201D
:10358000FFE70021012016E012480860124802E01F
:1035900012480860124848600A72012100200AE0BF
:1035A000104808601048F6E7104808601048486066
:1035B0000A720121042007B0BDE8F04F06F0AABA54
:1035C0000C4808600C48E6E7FFE70C4808600C4828
:1035D000E1E7000086A902088DA90208AAA902084D
:1035E000B1A902085EB4020865B4020874B4020806
:1035F0007BB4020897A902089EA9020872A90208D2
:1036000079A9020870B50BF009FF3F4DA5F19804A8
:1036100080B100F0F5FDE069017821F00101017051
:103620006968814241D110F0F5FE2078C01E5E2805
:1036300039D200E036E0DFE800F03E363636363686
:1036400036363636363636363E3E363636363E3EFA
:103650003636363636363636363636363E36363602
:10366000363E3E3E3E363636363E36363E3E3636C2
:103670003636362F36363E3E3E3E3E3E3E3E3E3EA1
:103680003E3E3E3E3E3E3E3E3E3E3E3E3E3E3E3E5A
:103690003E3E3E3E3E3E3E3E00F040FC01460220A5
:1036A00006F038FA07E00121F9E71848A062184847
:1036B000E06200F051FE0BF05BFE002823D000F02A
:1036C0003BFD2078592818D05A2816D05B2814D0F2
:1036D0005D2812D05E2810D060280ED05C280CD057
:1036E000E069017821F0010101700848A0620848F2
:1036F000E062BDE8704000F02FBE6878BDE8704021
:1037000001210CF009BC70BDB85500209D3901089D
:103710004D28010810B50BF081FE002830D000F0D4
:103720006FFD9C48007801282AD110F0A1FA1028DA
:1037300026D2DFE800F0082F495865727F8D9AA7DE
:10374000B3BFE3F3F1F013F049FE022805D10BF00B
:10375000BDFCF2F789FA002879D013F03FFE00286B
:10376000DCD00BF0B3FCF2F77FFA0028D6D000F0E3
:1037700009FC0BF0ABFCF2F7E6FF002014F05AF95D
:10378000B4E010F075FA0EF0F1FB0146012006F0EE
:10379000C1F9ABE013F062FE022805D10BF096FCF4
:1037A000F2F762FA0028D7D013F058FE18E00BF0B9
:1037B0008DFCF2F759FA002805D000F0E3FB0BF07E
:1037C00085FCF2F7C0FF91E013F042FE022805D11C
:1037D0000BF07CFCF2F748FA0028BDD013F038FE5D
:1037E0000028E4D182E013F006FE022805D10BF098
:1037F0006DFCF2F739FA0028AED013F0FCFDEFE7CC
:1038000013F0F2FD022805D10BF060FCF2F72CFA60
:1038100000281CD013F0E8FDE2E713F007FE0228B1
:1038200005D10BF053FCF2F71FFA00280FD013F06C
:10383000FDFDD5E713F0E8FD022805D10BF046FCAD
:10384000F2F712FA002802D013F0DEFDC8E761E0BB
:1038500013F0D0FD022805D10BF038FCF2F704FA82
:10386000002857D013F0C6FDBAE713F0A9FD0228CF
:1038700005D10BF02BFCF2F7F7F900284AD013F032
:103880009FFDADE713F0A4FD022804D10BF01EFC50
:10389000F2F7EAF9F0B313F09BFDA1E713F08AFD0C
:1038A000022804D10BF012FCF2F7DEF990B313F00A
:1038B00081FD95E713F086FD022804D10BF006FC8C
:1038C000F2F7D2F910B113F07DFD89E70BF0FEFBA2
:1038D000B0F8C800022857D10BF0F8FB40794A280D
:1038E00052D113F0FFFE00287FF44BAF0BF040FDE8
:1038F00000284ED0BDE8104000F01EBC13F07EFD45
:10390000022804D10BF0E2FBF2F7AEF910B113F08C
:1039100075FD65E738E02BE01EE0FFE71E484068D4
:1039200040794E2804D013F07BFD02280CD010E023
:1039300013F070FD022804D10BF0C8FBF2F794F9E4
:1039400010B313F067FD4BE70BF0C0FBF2F78CF9F7
:10395000D0B113F065FD43E713F074FD022804D1E4
:103960000BF0B4FBF2F780F970B113F06BFD37E7A1
:1039700013F062FD022804D10BF0A8FBF2F774F9F2
:1039800010B113F059FD2BE70BF0A0FBF2F7D6FEB8
:10399000A7E710BD205500205058002070B5304DCD
:1039A000AC698CB105F19806F06868B12078C00761
:1039B0000AD00BF053FD68B300F04AFC28780628C3
:1039C00008D0072806D007E000F042FCBDE87040B0
:1039D00000F092BBFCF7A4FF2878012807D121480A
:1039E000416821B920494A68426009780170A86994
:1039F0006469844202D021784907F9D5844209D00C
:103A0000207840F001002070A869017821F00101C0
:103A10000170AC610BF094FCD8B100F06DFB28781C
:103A2000062801D0072801D1FCF7BAFEA86924694D
:103A3000844202D021784907F9D5844209D0207800
:103A400040F001002070A869017821F001010170A7
:103A5000AC61F168A869BDE8704014F085BC000055
:103A600020550020505800205858002070B50BF009
:103A7000F5FC24251C4C2326B8B100F0E9FB207886
:103A8000232802D0242810D105E01748257098304B
:103A900004F0B2FC04E014482670983003F082FA77
:103AA0000022A02120200BF0D1FE0BF049FC0028C1
:103AB00018D000F021FB207823280DD0242811D124
:103AC00009482670983003F06DFABDE87040002276
:103AD000A02120200BF0BABE03482570983004F0D6
:103AE0008BFCF2E770BD00002055002010B50BF0F4
:103AF000B5FC274C60B100F0ABFB20780B2826D03A
:103B00001B2818D0E069027AC179801D14F0BAFB35
:103B10000BF016FC00283AD000F0EEFA20780B28C3
:103B20002BD01B281CD0E069027AC179BDE8104077
:103B3000801D14F0B7BB60790EF098F90246144866
:103B40000121143014F0A6FB14F008FBE0E7E06953
:103B5000027AC179801D14F095FB14F06BFBD7E756
:103B600060790EF083F9024609480121143014F0FF
:103B7000A1FBBDE8104014F0F1BAE069027AC17906
:103B8000801D14F08FFBBDE8104014F053BB10BD36
:103B90002055002010B50BF061FC104C60B100F016
:103BA00057FBE069017821F0010101708069E06153
:103BB000017841F0010101700BF0C2FB00280CD02C
:103BC00000F09AFAE069017821F001010170406982
:103BD000E061017841F00101017010BD2055002025
:103BE000094810B5007801280CD00BF037FC08B15B
:103BF00000F02EFB0BF0A4FB002803D0BDE8104022
:103C000000F07ABA10BD00002055002010B50BF06E
:103C1000C7FC054CA06A00B18047E06A002802D0CA
:103C2000BDE81040004710BD205500202DE9F041AF
:103C300086B000248DF8084000F01EF9002816D048
:103C40007D4DA81C2C706978F0F718FE00280ED066
:103C5000A878FE280BD1E97802290BD0032906D1D8
:103C6000287901287BD0022801D10EF0ABFB06B0E9
:103C7000BDE8F08128790226FF27C01E4FF0010819
:103C800007287ED2DFE800F00415506C8897A60064
:103C9000012214022146681DFDF732FF14F0EAF8F4
:103CA0008DF800708DF8016003204AE08DF8030064
:103CB00067E068798DF81200A8798DF81100E8792D
:103CC0008DF80F00287A8DF80E00687A8DF80D00B7
:103CD000A87A8DF80C0003A8F8F7CBFB8DF80070DC
:103CE0008DF8016004208DF80200FCF76DFC697905
:103CF000884216D1FCF74AFCA979884211D1FCF719
:103D000033FCE97988420CD1FCF734FC297A8842EB
:103D100007D1FCF735FC697A884202D18DF803801F
:103D20002FE08DF803402CE0012294022146681D0B
:103D3000FDF7E6FE14F09EF88DF800708DF8016036
:103D400005208DF802000122214602A8FDF778FE29
:103D500068799DF8081088424BD10120A6E74AE017
:103D60008DF800708DF8016006208DF80200FDF7D7
:103D700027FE4FF49670F7F733F88DF8038000F0C4
:103D80003DFB06216846FCF78DFEC82306226946E6
:103D9000E869F8F715FB6AE74FF4A06401222146B1
:103DA000681DFDF7ADFE14F065F88DF800708DF814
:103DB00001600720C5E74FF4C06401222146681D59
:103DC000FDF79EFE14F056F88DF800708DF8016036
:103DD0000820B6E74FF4E06401222146681DFDF794
:103DE0008FFE14F047F88DF800708DF801600920FF
:103DF000A7E700205AE70EF0B9FB104804801048EE
:103E00000480104804801048048010480480104842
:103E10000480104804801048048010480480104832
:103E20000480104804801048048010480480104822
:103E30000480104804801AE7F057002068580020DA
:103E40006A5800206C5800207058002072580020DA
:103E50007458002076580020785800207A580020A6
:103E60007C5800207E580020805800208258002076
:103E7000845800206E5800200248007800F00100AD
:103E800070470000F057002008B50D4A01689142C4
:103E900015D10A6849680091F8F715F809480068D3
:103EA00040680949C0F114004870012001F81C0B5A
:103EB000142251F81A09BDE80840F8F75FBA08BDA6
:103EC000003801407C5A0020F05700207047000065
:103ED000064941F81C0F0068C26842F01002C26037
:103EE00051F81A091422F8F749BA0000F0570020D7
:103EF000094909489839C0688A6990420AD180699D
:103F0000C96940694069884204D08279017A8A424D
:103F100000D9817170470000B855002070B50F4E70
:103F20000A21F0688069FAF79BFE0D4D0446287857
:103F3000432800D16442F0680A2100698069FAF7D9
:103F40008FFE2978432900D1404220B11CB1844220
:103F500001DB002070BD012070BD0000B8550020BD
:103F6000D85500200248017821F0080101707047FF
:103F7000335700200248017821F004010170704796
:103F8000335700200248002140684170704700000C
:103F9000505800200248017821F01001017070474C
:103FA000335700200248017821F02001017070474A
:103FB000335700201848017821F010010170017872
:103FC00021F040010170417821F001014170017838
:103FD00021F080010170017821F002010170017867
:103FE00021F008010170017821F0200101700178B1
:103FF00021F004010170017821F001010170417884
:1040000021F004014170417821F0080141704178AC
:1040100021F01001417070472F57002002480178AD
:1040200021F0100101707047375700200248417895
:1040300021F0F00141707047A47800200248017817
:1040400021F01001017070473557002002480178B7
:1040500021F01001017070472F57002002480178AD
:1040600021F04001017070473757002001490020BE
:1040700088807047A47800200248017821F0400130
:1040800001707047355700200248017821F0400147
:10409000017070472F5700200248417821F001013C
:1040A000417070472F5700200248417821F01001DD
:1040B000417070472F5700200248017821F080019D
:1040C000017070472F5700200248017821F002014B
:1040D00001707047375700200248017821F0F00145
:1040E00001707047A47800200248017821F0020195
:1040F00001707047355700200248017821F0020115
:10410000017070472F5700200248017821F0080104
:1041100001707047375700200248417821F00F01A5
:1041200041707047A47800200248017821F008010E
:1041300001707047355700200248017821F00801CE
:10414000017070472F5700200248017821F02001AC
:1041500001707047375700200248817821F00F0125
:1041600081707047A47800200248017821F0200176
:1041700001707047355700200248017821F0200176
:10418000017070472F5700200248417821F0040148
:10419000417070473757002001490020088170475F
:1041A000A47800200248417821F004014170704752
:1041B000355700200248417821F0040141707047D2
:1041C0002F5700200248417821F0080141707047C4
:1041D0002F5700200248017821F004010170704738
:1041E0003757002001490020C8807047A47800207C
:1041F0000248017821F00401017070473557002012
:104200000248017821F00401017070472F57002007
:104210000248417821F00201417070472F57002079
:104220000248017821F001010170704737570020E2
:104230000248017821F00F0101707047A478002036
:104240000248017821F001010170704735570020C4
:104250000248017821F00101017070472F570020BA
:104260000248017821F001010170704733570020A6
:1042700010B513F0C1F90749897BBDE8104001EB87
:10428000410202EB0111242202EB4101C9B20BF001
:1042900037BB0000205500200248017821F00201C0
:1042A0000170704733570020014900208880704713
:1042B000305800200248017821F001010170704758
:1042C000505700200248017821F0800101707047AA
:1042D000335700200248017821F0400101707047F7
:1042E0003357002010B50FF0C3FBBDE810400FF0AE
:1042F000DDBB000010B508A10948ECF717FA044629
:1043000008A1401CECF712FA021B2146BDE8104040
:104310000548ECF71DBA000024474E524D430000FB
:10432000AE78002024000000805700200A21B0FB56
:10433000F1F201FB1202B0FBF1F042EA0010C0B250
:104340007047002204E00A21491EC9B2FCD2521C67
:104350008242F8D3704700000249002048700BF0F9
:10436000B9BA0000205500200148F6F771BE0000E0
:104370000C59002010B5044640888100A068ECF775
:1043800056FA0020A080207010BD10B50446806849
:1043900008B1EBF7B6FF0020A060A080207010BD30
:1043A0000178826809B1807800E00079C1B21046D6
:1043B000FDF7A6BD10B50446418008460021A18046
:1043C0002170A26822B181001046EBF7C1FF02E024
:1043D0000421EBF753FFA06010BD10B5828843881D
:1043E0009A4203D30022828001220270828883686D
:1043F0009400521C8280195110BD000038B5DD2098
:104400008DF800000BF0DCFB0C4900200122487104
:1044100001466846FDF774FB0024214600200EF09B
:10442000C7F8641CE4B20F2CF7D3FCF771FB14201F
:10443000F6F7D6FCF5F7F0FD38BD0000347C00201F
:1044400010B50A4914F094FF14F060FD0022084BE7
:1044500014F01EF814F06CFA14F0C7FA0022054BA1
:1044600014F0D2F8BDE8104013F0E0BF0000C842DD
:104470000000E03F00005940810705D16421B0FBF6
:10448000F1F201FB120141B94FF4C871B0FBF1F236
:1044900001FB120008B100207047012070470000A6
:1044A0002DE9F041C1F3074506460F46002340F2CF
:1044B000B27405F5FA6507E02046FFF7DDFF08B1A5
:1044C0005B1C9BB2641CA4B2AC42F5D3E81A40F268
:1044D0006D114843B7214B43184900EB4300441882
:1044E0000123DFF85C80C7F307270CE0022B05D11E
:1044F0002846FFF7C1FF08B11D3402E038F8130069
:1045000004445B1C9BB29F42F0D8641E04EB16600F
:1045100040F2A322F1B2504301EBC012C6F30741AF
:104520004FF461604143C6F30720C0EB001001EB7C
:1045300080001044A0F5E140BDE8F0813607F5FFAA
:104540001457002010B5144600222260114A21F0B1
:1045500000439342A8BF10BD53EA000208BF10BD3C
:10456000B3F5801FA8BF226807DA362215F0B4F829
:104570006FF0350221F000432260DFF81CC06FF3BA
:104580001E510CEB23531A4441F0FF5141F00051EE
:10459000226010BD0000F07F02FCFFFF10B50AF0A2
:1045A00091FF002813D00A494888401C80B24880F7
:1045B00040F2DC5290420AD30AF028FF002806D1CC
:1045C0004880FFF777FEBDE810400BF099BC10BDA6
:1045D00050570020F0B51949044689B04FF080408B
:1045E0000860F1F743F8002501263C20CDE90006DC
:1045F000079507AF039504950296CDE90557104B33
:10460000022210492846FBF703FE03950495CDE9E5
:104610000557CDE900560C4B02220C4901200296A9
:10462000FBF7F6FD27206070094820610420207008
:10463000084860610798E06009B0F0BDDC550020D3
:104640009DA8020872A5020899A8020874A502088C
:104650001AA502081AA80208F0B51949044689B03B
:104660004FF080400860F1F701F8002507AF07958B
:1046700003950495CDE905570126CDE90056114B68
:104680000222114928460296FBF7C2FD03950495C4
:10469000CDE90557CDE900560C4B02220C4901200B
:1046A0000296FBF7B5FD0C2060700A4820610320DC
:1046B0002070094860610798E06009B0F0BD000013
:1046C000DC5500209DA8020872A5020899A80208DE
:1046D00074A5020887A702088AA702082DE9F04FEF
:1046E0008FB080464FF08141FE4801602420089041
:1046F000F0F7BCFF002409940A940B940C940FF07B
:10470000B7FA10286AD2DFE800F0080E181E242A33
:10471000343A40464C52585EFEFD12F0D1FE0790EE
:1047200013F000F859E012F009FFFFF789FE079037
:1047300013F036F8FFF784FE4FE012F0F9FE079011
:1047400013F028F849E012F0C8FE079012F0F7FFC6
:1047500043E012F0BBFE079012F0EAFF3DE012F0DA
:10476000D5FE20F00040079013F002F820F0004042
:1047700033E012F0B9FE079012F0E8FF2DE012F0DE
:10478000ABFE079012F0DAFF27E012F08BFE0790E5
:1047900012F0BAFF21E012F08DFE079012F0BCFF7C
:1047A0001BE012F079FE079012F0A8FF15E012F05E
:1047B0007BFE079012F0AAFF0FE012F08FFE079029
:1047C00012F0BEFF09E0C848406840794E287DD00D
:1047D00012F096FE079012F0C5FF83460AF076FCB1
:1047E000417901250A27DFF804930BAE61296ED0C9
:1047F0000AF06CFC40794D28F9D00AF067FC40794A
:104800000528F4D00AF062FC407909287CD058468B
:1048100014F02EFD81B26420B1FBF0F0B2460926FF
:10482000CDE90346C0B20094CDE90140CDE9055A77
:1048300000231A4660200899FAF7D5F9AC49584682
:1048400014F004FC834614F013FD80B2B0FBF7F1C2
:10485000CDE9034607FB11000094CDE90140CDE905
:10486000055A00231A4668200899FAF7BCF9A049AE
:10487000584614F07DFD834614F0FAFC80B2B0FB7C
:10488000F7F1CDE9034607FB11000094CDE90140A3
:10489000CDE9055A00231A4670200899FAF7A3F9C2
:1048A0009349584614F064FD14F0E2FC80B2B0FB6A
:1048B000F7F1CDE9034607FB11000094CDE9014073
:1048C0000023CDE9055A1A46802001E0B5E0C6E094
:1048D0000899FAF788F90CA8CDE90440CDE90094CD
:1048E0000394002302941A4678200899F8F7E4F814
:1048F0000B990DF1240BCDE90441CDF818B00394C8
:104900007C4B02E0A5E09EE033E2009405227A4968
:104910000020CDE90145FBF77BFC72484FF0834155
:10492000006814F01FFB0146744814F01BFB14F0E0
:104930009FFCC0B20890079814F09AFC81B26420E2
:10494000B1FBF0F0CDE90346C0B20094CDE90140DF
:104950000DF1280ACDE9055A00231A46602008996E
:10496000FAF741F96249079814F070FB079014F0C8
:104970007FFC80B2B0FBF7F1CDE9034607FB1100E5
:104980000094CDE90140CDE9055A00231A4668207C
:104990000899FAF728F95649079814F0E9FC0790A6
:1049A00014F066FC80B2B0FBF7F1CDE9034607FBDB
:1049B00011000094CDE90140CDE9055A00231A46C3
:1049C00070200899FAF70FF94949079814F0D0FCBC
:1049D00014F04EFC80B2B0FBF7F1CDE9034607FBC3
:1049E00011000094CDE90140CDE9055A00231A4693
:1049F00080200899FAF7F7F80CA8CDE90440CDE932
:104A000000940394002302941A4678200899F8F73A
:104A100053F80A99CDF818B0CDE9044103940094F5
:104A2000374B052237490120CDE90145FBF7F0FB63
:104A300003940494CDE9054BB6E212F05BFD0790B8
:104A400012F08AFEC9E612F06DFD079012F09CFE8E
:104A5000C3E612F061FD079012F090FEBDE62A4910
:104A6000584614F0F3FA14F003FCB2460926CDE9D7
:104A70000346C0B20094CDE90140CDE9055A0023B8
:104A80001A4658200899FAF7AEF82049584614F00B
:104A9000DDFA14F0EDFBB0FBF7F1CDE9034607FBBF
:104AA00011000094CDE90140CDE9055A00231A46D2
:104AB00060200899FAF797F81549584614F0C6FA95
:104AC00014F0D6FBB0FBF7F1CDE9034607FB11006C
:104AD0000094CDE90140CDE9055A00231A4668202B
:104AE000089917E0DC5500205058002026000020CF
:104AF00000002041A0A8020848A5020800001042BA
:104B0000A8A802084DA502080050C34700401C4653
:104B100000007A44FAF767F8FE49584614F096FA0E
:104B200014F0A6FBB0FBF7F1CDE9034607FB11003B
:104B30000094CDE90140CDE9055A00231A467020C2
:104B40000899FAF750F8F449584614F07FFA14F02F
:104B50008FFBB0FBF7F1CDE9034607FB1100009492
:104B6000CDE90140CDE9055A00231A46782008997D
:104B7000FAF739F8584614F07BFBB0FBF7F1CDE9B2
:104B8000034607FB11000094CDE90140CDE9055A29
:104B900000231A4680200899FAF725F8DE4958467E
:104BA00014F0E6FB14F064FBB0FBF7F1CDE903462B
:104BB00007FB11000094CDE90140CDE9055A00231F
:104BC0001A4690200899FAF70EF80CA8CDE904408F
:104BD000CDE900940394002302941A468820089992
:104BE000F7F76AFF0B990DF1240BCDE90441CDF8DD
:104BF00018B003940094C94B0522C9490020CDE99F
:104C00000145FBF705FBC7484FF08341006814F0EE
:104C1000A9F90146C44814F0A5F914F029FBC0B263
:104C20000890079814F024FB0D90C049CDE9034685
:104C3000B0FBF1F0C0B20094CDE901400DF1280ABB
:104C4000CDE9055A00231A4658200899F9F7CBFFF9
:104C5000B749079814F0FAF914F00AFBB0FBF7F122
:104C6000CDE9034607FB11000094CDE90140CDE9F1
:104C7000055A00231A4660200899F9F7B4FFAD4998
:104C8000079814F0E3F914F0F3FAB0FBF7F1CDE96B
:104C9000034607FB11000094CDE90140CDE9055A18
:104CA00000231A4668200899F9F79DFF994907984B
:104CB00014F0CCF914F0DCFAB0FBF7F1CDE90346BF
:104CC00007FB11000094CDE90140CDE9055A00230E
:104CD0001A4670200899F9F786FF8F49079814F053
:104CE000B5F914F0C5FAB0FBF7F1CDE9034607FBBF
:104CF00011000094CDE90140CDE9055A00231A4680
:104D000078200899F9F76FFF0D98CDE90346B0FBBD
:104D1000F7F107FB11000094CDE90140CDE9055AF8
:104D200000231A4680200899F9F75DFF7A49079811
:104D300014F01EFB14F09CFAB0FBF7F1CDE903462A
:104D400007FB11000094CDE90140CDE9055A00238D
:104D50001A4690200899F9F746FF0CA8CDE90440BF
:104D60000023CDE90094039402941A468820089900
:104D70004DE612F027FD02A9B146442343220094D8
:104D8000019481E82D0200231A4660200899F9F762
:104D90002AFF6849584614F059F914F069FAB0FB33
:104DA000F7F10926CDE9034607FB11000094CDE990
:104DB0000140CDE9055900231A4668200899F9F702
:104DC00012FF5449584614F041F914F051FAB0FB5F
:104DD000F7F1CDE9034607FB11000094CDE901404E
:104DE000CDE9055900231A4670200899F9F7FBFE12
:104DF0004949584614F02AF914F03AFAB0FBF7F191
:104E0000CDE9034607FB11000094CDE90140CDE94F
:104E1000055900231A4678200899F9F7E4FE584608
:104E200014F026FAB0FBF7F1CDE9034607FB1100B9
:104E30000094CDE90140CDE9055900231A468020B0
:104E40000899F9F7D0FE0B990DF1240ACDE9044138
:104E5000CDF818A003940094304B0522304900206F
:104E6000CDE90145FBF7D4F92E484FF083410068A6
:104E700014F078F801462C4814F074F814F0F8F99E
:104E800000F0FF0B12F098FC442104910DF1280969
:104E900000940194CDE905594322CDE90202002393
:104EA0001A4659466020F9F79EFE2249079814F0E9
:104EB000CDF814F0DDF9B0FBF7F1CDE9034607FBBF
:104EC00011000094CDE90140CDE9055900231A46AF
:104ED00059466820F9F787FE0E49079814F0B6F88E
:104EE00014F0C6F9B0FBF7F1CDE9034607FB11005A
:104EF0000094CDE90140CDE9055900231A465946F1
:104F00007020F9F770FE0449079814F09FF814F028
:104F1000AFF911E00000C84200002041A0A802083B
:104F200048A50208DC55002000001042A0860100C0
:104F300000401C4600007A44B0FBF7F1CDE903467F
:104F400007FB11000094CDE90140CDE9055900238C
:104F50001A4659467820F9F746FE079814F088F962
:104F6000B0FBF7F1CDE9034607FB11000094CDE952
:104F70000140CDE9055900231A4659468020F9F72A
:104F800032FE0A99CDF818A0CDE9044103940094AB
:104F9000144B052214490120CDE90145FBF738F9EE
:104FA00003940494CDE9054A022200940F4B104962
:104FB0001046CDE90145FBF72BF9212188F80110B6
:104FC0000C49C8F81010042188F800100A49C8F8E4
:104FD00014100999C8F80C100C99C8F808100FB0F3
:104FE000BDE8F08FA8A802084DA5020894A8020801
:104FF00076A502081AA502081AA80208F0B52049E9
:10500000054689B04FF081400860F0F72FFB00247F
:1050100007AF079403940494CDE905470126CDE931
:105020000046184B0222184920460296FBF7F0F87A
:105030003D20CDE90006039404940296CDE905478E
:10504000124B022212490120FBF7E2F80394049468
:10505000CDE90547CDE9004602220E4B0E49104628
:105060000296FBF7D5F8272068700C4828610420C9
:1050700028700B4868610798E86009B0F0BD00002F
:10508000DC55002099A8020874A50208BDA70208F3
:10509000BBA70208B4A70208B2A70208A4A7020887
:1050A000A8A70208F0B51F49054689B04FF0814016
:1050B0000860F0F7DBFA002407AF07940394049428
:1050C000CDE905470126CDE90046174B3246174981
:1050D00020460296FBF79CF803940494CDE905471B
:1050E000CDE90046124B0222124901200296FBF73D
:1050F0008FF803940494CDE90547CDE900460E4BA3
:1051000001220E4902200296FBF782F822206870E5
:105110000B482861042028700A4868610798E860F5
:1051200009B0F0BDDC55002025B4020824B4020803
:105130001DB402081BB4020816B4020815B4020814
:10514000A4A70208A8A70208F0B51A49044689B026
:105150004FF081400860F0F789FA002501263720DA
:10516000CDE90006079507AF039504950296CDE9B2
:105170000557114B042211492846FBF749F83B20FB
:10518000CDE90006039504950296CDE905570C4B31
:1051900004220C490120FBF73BF8052060700A4807
:1051A000206104202070094860610798E06009B020
:1051B000F0BD0000DC550020B9A50208B5A5020825
:1051C000ABA50208A7A5020816A502080BA80208AD
:1051D000F0B52649054689B04FF081400860F0F7E8
:1051E00045FA002407AF079403940494CDE90547DA
:1051F0000126CDE900461E4B02221E49204602969A
:10520000FBF706F803940494CDE90547CDE9004681
:10521000194B0322194901200296FAF7F9FF03946A
:105220000494CDE90547CDE90046154B0322154905
:1052300002200296FAF7ECFF03940494CDE90547A7
:10524000CDE900460322104B104910460296FAF7AA
:10525000DFFF052068700E482861042028700D4883
:1052600068610798E86009B0F0BD0000DC550020D7
:1052700099A8020874A50208E5A90208DCA9020899
:10528000F0A90208DFA90208FBA90208E2A90208A6
:1052900012A50208F8A70208F0B51949044689B01A
:1052A0004FF080400860F0F7E1F90025012620204A
:1052B000CDE90006079507AF039504950296CDE961
:1052C0000557104B032210492846FAF7A1FF1F206B
:1052D000CDE90006039504950296CDE905570B4BE1
:1052E00003220B490120FAF793FF0520607009495A
:1052F00021612070084860610798E06009B0F0BD46
:10530000DC55002098A7020895A702088AA7020882
:1053100087A7020876A702087BA7020830B51349C1
:10532000044689B04FF083400860F0F79FF90025EC
:1053300007A8079503950495CDE905500120CDE90F
:105340000050024602900A4B0A492846FAF760FFCD
:105350002620607008482061022020700748A56060
:1053600060610798E06009B030BD0000DC550020A6
:10537000D4A90208D3A9020853B4020855B40208FC
:105380002DE9F047484905468AB04FF08140086052
:10539000F0F76CF9002407940894099409F096FE3C
:1053A000B0F86C60642E00DB63264FF47A7096FBD5
:1053B000F0F100FB11614FF0640991FBF9F0012756
:1053C000CDE904470DF12008C0B2CDF81880039450
:1053D0000094CDE9014000231A4624215820F9F712
:1053E00002FC96FBF9F109FB11614FF00A0991FBF0
:1053F000F9F04FF0090ACDE9034AC0B20094CDE9B3
:105400000140CDE9057800231A4624216820F9F7E8
:10541000EAFB96FBF9F109FB1160CDE9034AC0B242
:105420000094CDE90140CDE9057800231A462421F6
:105430007020F9F7D8FB09A8CDE904401B48CDE955
:1054400000040023029403941A4624216020F7F7F5
:1054500033FB089807AECDE9044006960394009408
:10546000CDE90147124B042212490120FAF7D0FE80
:1054700003940494CDE905460094CDE90147022246
:105480000D4B0E491046FAF7C3FE0798E8600998DD
:10549000A860262068700A482861042028700948FE
:1054A00068610AB0BDE8F087DC55002026000020C6
:1054B00001A902086EA5020894A8020876A50208B0
:1054C00056B502085AB502082DE9F0413F49054694
:1054D0008AB03D480860F0F7C9F8002407940894A2
:1054E000022009AE0994CDE90204CDE9044638480A
:1054F000CDE900040423374A24212046F7F7DCFADB
:10550000CDE904463448CDE9000400230294039415
:105510001A4638214C20F7F7CFFA4FF00908CDE9A9
:10552000034808AF01260094CDE90567CDE901469F
:1055300000231A4638213420F9F755FBCDE90348FA
:1055400000940194002302941A4638213C20CDE9AE
:105550000567F9F748FBCDE903480094019400235F
:1055600002941A4638214420CDE90567F9F73BFB40
:10557000CDE9034800940194002302941A4638218F
:105580005420CDE90567F9F72EFB089907A8CDE966
:1055900004410690CDE900460394104B06221049C1
:1055A00000200296FAF734FE0798E8600998A86090
:1055B000262068700B482861042028700A4868611A
:1055C0000AB0BDE8F081000000003042DC55002048
:1055D00013A602080FA602082600002003A6020850
:1055E000FDA5020848B502084CB502082DE9F041B6
:1055F0003F4905468AB03D480860F0F737F8002477
:1056000007940894022009AE0994CDE90204CDE97B
:1056100004463848CDE900040423374A24212046B3
:10562000F7F74AFACDE904463448CDE900040023EF
:10563000029403941A4638214C20F7F73DFA4FF0B4
:105640000908CDE9034808AF01260094CDE90567B4
:10565000CDE9014600231A4638213420F9F7C3FA70
:10566000CDE9034800940194002302941A4638219E
:105670003C20CDE90567F9F7B6FACDE90348009477
:105680000194002302941A4638214420CDE905678D
:10569000F9F7A9FACDE90348009401940023029494
:1056A0001A4638215420CDE90567F9F79CFA089984
:1056B00007A8CDE904410690CDE900460394104BBC
:1056C0000622104900200296FAF7A2FD0798E8602A
:1056D0000998A860262068700B482861042028706B
:1056E0000A4868610AB0BDE8F0810000000030425D
:1056F000DC55002013A602080FA602082600002091
:1057000003A60208FDA502082DB5020831B502085E
:105710002DE9F043424905468BB040489146086068
:10572000EFF7A4FF002407940894022009AE09941F
:10573000CDE90204CDE904463A48CDE9000404234A
:10574000394A24212046F7F7B7F9CDE9044637480E
:10575000CDE900040023029403941A4638214C201A
:10576000F7F7AAF94FF00908CDE9034808AF012679
:1057700000940194002302941A4638213420CDE984
:105780000567F9F730FACDE9034800940194002346
:1057900002941A4638213C20CDE90567F9F723FA2F
:1057A000CDE9034800940194002302941A4638215D
:1057B0004420CDE90567F9F716FACDE903480094CE
:1057C0000194002302941A4638215420CDE905673C
:1057D000F9F709FA089907A8CDE904410690CDE93F
:1057E00000460394124B0622124900200296FAF753
:1057F0000FFD0798E8600998A860B9F1560F0AD024
:10580000262068700C482861042028700B486861C5
:105810000BB0BDE8F0833920F3E700000000304210
:10582000DC55002013A602080FA60208260000205F
:1058300003A60208FDA5020820B5020824B5020847
:105840002DE9F043424905468BB040489146086037
:10585000EFF70CFF002407940894022009AE099486
:10586000CDE90204CDE904463A48CDE90004042319
:10587000394A24212046F7F71FF9CDE90446374875
:10588000CDE900040023029403941A4638214C20E9
:10589000F7F712F94FF00908CDE9034808AF0126E0
:1058A00000940194002302941A4638213420CDE953
:1058B0000567F9F798F9CDE90348009401940023AE
:1058C00002941A4638213C20CDE90567F9F78BF997
:1058D000CDE9034800940194002302941A4638212C
:1058E0004420CDE90567F9F77EF9CDE90348009436
:1058F0000194002302941A4638215420CDE905670B
:10590000F9F771F9089907A8CDE904410690CDE9A6
:1059100000460394124B0622124900200296FAF721
:1059200077FC0798E8600998A860B9F1570F0AD08A
:10593000262068700C482861042028700B48686194
:105940000BB0BDE8F0833920F3E7000000003042DF
:10595000DC55002013A602080FA60208260000202E
:1059600003A60208FDA502083BB502083FB50208E0
:105970002DE9F043404905468BB03E480860EFF7FB
:1059800075FE002407940894022009AE0994CDE91D
:105990000204CDE904463948CDE900040423384A1D
:1059A00024212046F7F788F8CDE904463548CDE9AB
:1059B00000040023029403941A4638214C20F7F780
:1059C0007BF84FF00908CDE9034808AF01260094A1
:1059D0000194002302941A4638213420CDE905674A
:1059E000F9F701F9CDE903480094019400230294EA
:1059F0001A4638213C20CDE90567F9F7F4F8CDE9DE
:105A000003484FF003090094CDE9014900231A46E9
:105A100038214420CDE90567F9F7E5F8CDE90348D9
:105A200000940194002302941A4638215420CDE9B1
:105A30000567F9F7D8F8089907A8CDE90441069059
:105A4000CDE900460394104B06221049002002962F
:105A5000FAF7DEFB0798E8600998A86026206870CE
:105A60000B48286185F800900A4868610BB0BDE8D2
:105A7000F083000000003042DC55002013A602082D
:105A80000FA602082600002003A60208FDA50208B2
:105A9000DEB40208E7B402082DE9F0413F490546AB
:105AA0008AB03D480860EFF7E1FD002407940894B0
:105AB000022009AE0994CDE90204CDE90446384834
:105AC000CDE900040423374A24212046F6F7F4FFE9
:105AD000CDE904463448CDE9000400230294039440
:105AE0001A4638214C20F6F7E7FF4FF00908CDE9B8
:105AF000034804200094CDE9014008AF01260023AB
:105B00001A4638213420CDE90567F9F76CF8CDE95C
:105B1000034800940194002302941A4638213C2043
:105B2000CDE90567F9F75FF8CDE9034800940194E2
:105B3000002302941A4638214420CDE90567F9F77D
:105B400052F8CDE9034800940194002302941A46C8
:105B500038215420CDE90567F9F745F8089907A8D9
:105B6000CDE904410690CDE9004603940F4B06228F
:105B70000F4900200296FAF74BFB0798E860099856
:105B8000A860262068700B482861032028700A4806
:105B900068610AB0BDE8F08100003042DC550020A9
:105BA00013A602080FA602082600002003A602087A
:105BB000FDA50208E4B40208F3B402082DE9F0419F
:105BC0003F4905468AB03D480860EFF74FFD002485
:105BD00007940894022009AE0994CDE90204CDE9A6
:105BE00004463848CDE900040423374A24212046DE
:105BF000F6F762FFCDE904463448CDE900040023FE
:105C0000029403941A4638214C20F6F755FF4FF0C2
:105C10000908CDE9034808AF012600940194002348
:105C200002941A4638213420CDE90567F8F7DBFFE6
:105C3000CDE903480094CDE90567CDE9014600238D
:105C40001A4638213C20F8F7CEFFCDE903480094EE
:105C50000194002302941A4638214420CDE90567B7
:105C6000F8F7C1FFCDE903480094019400230294A2
:105C70001A4638215420CDE90567F8F7B4FF089992
:105C800007A8CDE904410690CDE900460394104BE6
:105C90000622104900200296FAF7BAFA0798E8603F
:105CA0000998A860262068700B4828610320287096
:105CB0000A4868610AB0BDE8F08100000000304287
:105CC000DC55002013A602080FA6020826000020BB
:105CD00003A60208FDA50208E1B40208EDB402081B
:105CE0002DE9F0413F4905468AB03D480860EFF78D
:105CF000BDFC002407940894022009AE0994CDE964
:105D00000204CDE904463848CDE900040423374AAB
:105D100024212046F6F7D0FECDE904463448CDE9EB
:105D200000040023029403941A4638214C20F6F70D
:105D3000C3FE4FF00908CDE9034808AF01260094DF
:105D40000194002302941A4638213420CDE90567D6
:105D5000F8F749FFCDE9034805200094CDE901405B
:105D600000231A4638213C20CDE90567F8F73BFFB0
:105D7000CDE9034800940194002302941A46382187
:105D80004420CDE90567F8F72EFFCDE903480094DC
:105D90000194002302941A4638215420CDE9056766
:105DA000F8F721FF089907A8CDE904410690CDE94D
:105DB000004603940F4B06220F4900200296FAF783
:105DC00027FA0798E8600998A860262068700B48B1
:105DD0002861032028700A4868610AB0BDE8F08194
:105DE00000003042DC55002013A602080FA602086E
:105DF0002600002003A60208FDA50208F9B4020847
:105E000002B502082DE9F0433F4905468BB03D48F5
:105E10000860EFF72BFC002409AE0994CDE9044695
:105E20003A48079408944FF00209CDE90004CDE9FF
:105E300002940423364A24212046F6F73DFECDE99C
:105E400004463448CDE900040023029403941A4622
:105E500038214C20F6F730FE4FF00908CDE9034811
:105E60000094CDE9014908AF012600231A463821E4
:105E70003420CDE90567F8F7B6FECDE90348009474
:105E80000194002302941A4638213C20CDE905678D
:105E9000F8F7A9FECDE90348009401940023029489
:105EA0001A4638214420CDE90567F8F79CFECDE974
:105EB000034800940194002302941A463821542088
:105EC000CDE90567F8F78FFE089907A8CDE90441E9
:105ED0000690CDE9004603940F4B06220F4900209F
:105EE0000296FAF795F90798E8600998A8602620C5
:105EF00068700B4803212861297068610BB0BDE808
:105F0000F083000000003042DC55002013A6020898
:105F10000FA602082600002003A60208FDA502081D
:105F2000FCB40208F0B53049054689B04FF0834013
:105F30000860EFF79BFB00240894079408A80394DB
:105F40000494CDE905400126CDE90046274B3246B1
:105F5000274920460296FAF75BF907AFCDE90447D7
:105F600024A0CDE90004CDE9026400231A4688216B
:105F70001420F6F7A1FD09F0A9F8CDE904473C305B
:105F8000CDE90004CDE9026400231A4678211846C1
:105F9000F6F792FDCDE9044718A0CDE90004CDE95C
:105FA000026400231A4688216920F6F785FD09F06E
:105FB0008DF8CDE904473530CDE90004CDE9026420
:105FC00000231A4678215620F6F776FD26206870C1
:105FD0000B482861022028700A4868610798A86069
:105FE0000898E86009B0F0BDDC550020D4A902088B
:105FF000D3A902086D672F4C000000004E545500D5
:106000004CB402084EB40208F8B50C4610490546D7
:106010004FF080400860EFF729FB00200090012C32
:106020000BD00A2C10D109F01FFF06460DF0FEFD23
:1060300001463046EFF708FE01E009F047F8027F1D
:106040006946284607F06EFA0098E8606C70F8BD63
:10605000DC5500202DE9F04FDFF860A48DB0074635
:106060004FF081412420CAF80010DFF854B40790A3
:10607000EFF7FCFA0026089609960A9609F026F82A
:10608000044609F023F840794D284BD0206F12F0D8
:106090003DFF04460D4609F019F80AA9CDE904614F
:1060A0004FF001092F30CDE90296CDE9000600231B
:1060B000B0461A4650200799F6F7FEFC08A803964A
:1060C0000496CDE9056000960196FE4B0422FE4938
:1060D00000200296FAF79CF84FF08341DAF80000AE
:1060E00012F040FF0146584612F03CFF13F0C0F892
:1060F000C0B2079011F0D0FBF44E0DF1240A4FF01E
:10610000090B00287ED008F0E1FF40795D2828D0F7
:1061100010DC05281DD05A2823D05B2821D05C280C
:1061200010D11EE0F4F7E0FA13F0C2F8216F12F07C
:1061300019FFACE75E2814D05F2812D0602810D079
:1061400061280ED00022E24B2046294612F0B4FC12
:1061500034E011F09BFB00287ED011F097FB05285E
:106160007BD00022DA4B2046294612F0A5FC002203
:10617000D84B12F08DF912F0DBFB054642F210709D
:1061800095FBF0F0CDE90389C0B2CDF80080CDE9F0
:106190000180CDE9059A002344461A464820079914
:1061A000F8F721FD42F2107095FBF0F100FB115160
:1061B0004FF47A7091FBF0F0C0B2DDE012F0B8FB62
:1061C0000B9042F2107590FBF5F0CDE90389C0B257
:1061D000CDF80080CDE90180CDE9059A0023444641
:1061E0001A4650200799F8F7FEFC0B9890FBF5F142
:1061F00005FB11014FF47A7091FBF0F0C0B25D46DF
:1062000003A900E046E081E830060094CDE90140B2
:1062100000231A4658200799F8F7E5FC0B984FF42D
:106220007A7190FBF1F201FB12014FF0640B91FBCC
:10623000FBF003A9C0B281E830060094CDE901402B
:1062400000231A4660200799F8F7CDFC0B9890FBC5
:10625000FBF20BFB120101E0E9E077E10A2091FB80
:10626000F0F003A9C0B281E830060094CDE9014006
:1062700000231A4670200799F8F7B5FC0AA8CDE963
:1062800004400023CDE90064029403941A46682078
:106290000799C9E008F01AFF40795D2859D009DC58
:1062A00005283FF456AF5A2853D05B2851D05C28BC
:1062B00008D14EE05E284CD05F284AD0602848D0F4
:1062C000612846D00022824B2046294612F0F4FB7A
:1062D00012F02EFB05464FF47A7095FBF0F0CDE9F5
:1062E000038BC0B2CDF80080CDE90180CDE9059ADD
:1062F000002344461A4658200799F8F774FC4FF4D7
:106300007A7095FBF0F100FB1151642091FBF0F0E5
:10631000CDE9034BC0B20094CDE90140CDE9059A27
:1063200000231A4660200799F8F75DFC642095FB6E
:10633000F0F100FB11510A2091FBF0F0CDE9034B85
:10634000C0B20094CDE90140CDE9059A00231A4678
:1063500090E700225E4B2046294612F0ADFB00225A
:106360005C4B12F095F812F0E3FA05464FF47A70A0
:1063700095FBF0F0C0B24446CDE9034B0094CDE963
:106380000140CDE9059A00231A4650200799F8F7F5
:106390002AFC4FF47A7095FBF0F100FB1151642058
:1063A00091FBF0F0CDE9034BC0B20094CDE9014080
:1063B000CDE9059A00231A4658200799F8F713FCEF
:1063C000642095FBF0F100FB11510A2091FBF0F0E5
:1063D000CDE9034BC0B20094CDE90140CDE9059A67
:1063E00000231A4668200799F8F7FDFB0A2095FB61
:1063F000F0F1CDE9034B00FB1150C0B20094CDE9A0
:106400000140CDE9059A00231A4670200799F8F754
:10641000EAFB0AA8CDE90440CDE900640294002318
:1064200003941A4660200799F6F746FB5AE00022CB
:10643000274B2046294612F03FFB0022254B12F045
:1064400027F812F075FA054642F2107690FBF6F046
:10645000CDE90389C0B2CDF80080CDE90180CDE956
:10646000059A002344461A4660200799F8F7BBFBBB
:1064700095FBF6F006FB10504FF47A7690FBF6F0A1
:10648000CDE9034BC0B20094CDE90140CDE9059AB6
:1064900000231A4668200799F8F7A5FB95FBF6F04C
:1064A00006FB1051642091FBF0F0CDE9034BC0B224
:1064B0000094CDE9014000231A460DE0DC55002090
:1064C00000001042F8A802086AA502082600002071
:1064D000000059400000E03FCDE9059A702007997F
:1064E000F8F781FB099808ADCDE90480CDF80C8060
:1064F0000695CDF8008044464E461D4B04221D49AA
:106500000120CDE90189F9F783FE03940494CDE9D4
:1065100005450094CDE901460222174B1749104664
:10652000F9F776FE0898F8600A98B8602620787027
:1065300008F0CCFD4079552813D01148386102206D
:106540003870104878610DB0BDE8F08F00220E4B16
:106550002046294612F0B0FA00220C4B11F098FFA9
:106560002CE60B483861042038700A48EAE700003E
:1065700001A902086EA5020894A8020876A50208DF
:1065800038B402083AB40208000059400000E03F65
:106590003FB4020843B40208F0B51949044689B073
:1065A0004FF082400860EFF761F8002507AF0795CC
:1065B00003950495CDE905570126CDE90056114B09
:1065C0000722114928460296F9F722FE0395049501
:1065D000CDE90557CDE900560C4B08220C490120A6
:1065E0000296F9F715FE272060700A482061042002
:1065F00020700948A56060610798E06009B0F0BDAF
:10660000DC550020E5B70208DEB70208F8B702083B
:10661000F0B70208CBB70208CFB70208F0B51849A7
:10662000044689B04FF080400860EFF71FF800255E
:1066300007AF079503950495CDE905570126CDE9E8
:106640000056104B0222104928460296F9F7E0FD49
:1066500003950495CDE90557CDE900560B4B022271
:106660000B4901200296F9F7D3FD667009482061B5
:1066700004202070084860610798E06009B0F0BD10
:10668000DC5500209DA8020872A5020899A80208FE
:1066900074A50208ABB50208AFB502082DE9F04FAA
:1066A000F84905468BB0F6480860EEF7DFFF002496
:1066B0000DF1240A0994CDE9044A079408940221B3
:1066C000F148CDE90214CDE900040423EF4A242166
:1066D0002046F6F7F1F908F0F9FC4079EC4E012775
:1066E0000DF120094FF00908602862D008F0EEFC97
:1066F00040794D287ED008F0E9FC407903287AD013
:10670000CDE90447CDF8189000234E460394009439
:1067100001941A46382134200294F8F764FACDE93E
:106720000447069600230394009401941A463821E6
:106730003C200294F8F757FACDE904470696002367
:106740000394009401941A46382144200294F8F7E7
:106750004AFACDE9034800233821009401941A46EF
:106760004C200294CDE90576F8F73DFA089907A880
:10677000CDE904410690CDE900470394C54B0622BC
:10678000C54900200297F9F743FD0798E86009988A
:10679000A86008F09BFC40794D287DD026206870C9
:1067A000BE48286102202870BD4868610BB0BDE872
:1067B000F08FCDE9044ACDE90064002302940394EC
:1067C0001A4638214C20F6F777F9CDE90447CDF881
:1067D000189000234E460394009401941A463821E1
:1067E00034200294F8F7FFF9CDE9044706960394A4
:1067F000009401E01FE0F4E0002301941A463821E0
:106800003C200294F8F7EFF9CDE903480094019495
:106810000294CDE9057600231A4638214420F8F782
:10682000E2F9CDE9034800233821009401941A4687
:106830005420029496E710F0B9FF4FF0440B002863
:1068400064D010F0B3FF0A2860D010F0AFFFCDE99C
:10685000044ACDE9006405284FF000030294039434
:106860001A464FF03801584679D0F6F725F94321FA
:106870000094CDE9031BCDE9014BCDE90579002357
:106880004E461A4638213420F8F7ADF9CDE90348D1
:1068900000940194002300E004E10294CDE9057620
:1068A0001A4638213C20F8F79EF9CDE903480094B8
:1068B00001940294CDE9057600231A4638214C2034
:1068C000F8F791F9CDE90348009401940294CDE9D9
:1068D000057600231A4638215420F8F784F9CDE9CB
:1068E0000348009401940294CDE9057600231A46EA
:1068F00038215C20F8F777F9CDE9034800233821E7
:10690000009401941A46642002942BE743210094DA
:10691000CDE9031BCDE9014BCDE9057900234E46B6
:106920001A4638213420F8F75EF9CDE9034800947F
:1069300001940294CDE9057600231A4638213C20C3
:10694000F8F751F9CDE9034800940194029400232B
:10695000CDE9057638211A464420F8E6FFE7F6F738
:10696000ABF843210094CDE9031BCDE9014BCDE900
:10697000057900234E461A4638213420F8F733F9BA
:10698000CDE90348009401940294CDE905760023F3
:106990001A4638213C20F8F726F9CDE9034800943F
:1069A00001940294CDE9057600231A4638214C2043
:1069B000F8F719F9CDE90348009401940294CDE960
:1069C000057600231A4638215420F8F70CF9CDE952
:1069D000034800233821009401941A465C20029455
:1069E000C0E6CDE90348009401940294CDE905790D
:1069F00000231A4638213C20F8F7F5F8CDE9034882
:106A0000009401940294CDE9057900231A463821B7
:106A10004420F8F7E8F8CDE9034800940194029483
:106A2000CDE9057900231A4638214C20F8F7DBF828
:106A3000CDE90348009401940294CDE9057900233F
:106A40001A4638215C20F8F7CEF8CDE903480094C7
:106A500001940294CDE9057900231A463821642077
:106A6000F8F7C1F8CDE9044ACDE9006400230294A7
:106A700003941A4638215420F6F71EF876E60000F3
:106A800000003042DC55002013A602080FA60208C1
:106A90002600002003A60208FDA502084CB4020847
:106AA0004EB402082720687002482861042028702C
:106AB00001487AE686B802088AB802082DE9F04F44
:106AC000DFF8B8B105468BB04FF081404FF0240994
:106AD000CBF80000EEF7CAFD00240794089409944F
:106AE00008F0F4FAD0F8880012F010FA064688464A
:106AF00008F0ECFA09A9CDE9044153300127CDE9AA
:106B00000004CDE9027400231A4649465820F5F7DF
:106B1000D3FF0DF11C0A03940494CDE9054A0094B7
:106B20000194574B0422574900200294F9F770FB57
:106B30004FF08341DBF8000012F014FA014652488E
:106B400012F010FA12F094FB00F0FF0B00224F4BF2
:106B50003046414611F0B0FF11F0EAFE064642F21F
:106B600010704FF0090996FBF0F0CDE903490DF1E3
:106B700020080094CDE90578C0B2CDE9014000239A
:106B80001A4659465820F8F72EF84FF47A7096FBBB
:106B9000F0F100FB1161642091FBF0F0CDE90349B5
:106BA000C0B20094CDE90140CDE9057800231A4632
:106BB00059466820F8F717F8642096FBF0F100FBBF
:106BC00011610A2091FBF0F0CDE90349C0B20094B5
:106BD000CDE90140CDE9057800231A4659467020D9
:106BE000F8F701F80A2096FBF0F100FB1160CDE9FF
:106BF0000349C0B20094CDE90140CDE905780023F6
:106C00001A4659467820F7F7EEFF09A8CDE9044067
:106C10001F48CDE900040023029403941A46594604
:106C20006020F5F749FF0899CDF818A0CDE9044197
:106C300003940094CDE90147164B04221649012024
:106C4000F9F7E6FA03940494CDE9054A0094CDE9F6
:106C500001470222114B12491046F9F7D9FA079859
:106C6000E8600998A860272068700E48286108200D
:106C700028700D4868610BB0BDE8F08FDC5500202E
:106C8000F8A802086AA502080000104200408F40E0
:106C9000260000207CA5020878A5020894A8020816
:106CA00076A5020817B702081FB702082DE9F04FB2
:106CB000714905468DB04FF081404FF0240A0860BD
:106CC000EEF7D4FC002407940894099408F0FEF928
:106CD000D0F8840012F01AF90646894608F0F6F951
:106CE0000DF12408CDE904484B300127CDE900041B
:106CF000CDE9027400231A4651465820F5F7DCFE10
:106D00000DF11C0B03940494CDE9054B0094019400
:106D10005A4B04225A4900200294F9F779FACDE936
:106D2000044858480B90CDE90004002302940394D2
:106D30001A4651468020F5F7BFFE4F484FF0834179
:106D4000006812F00FF901464F4812F00BF912F0EB
:106D50008FFAC0B20A9000224C4B3046494611F0DF
:106D6000ABFE00224A4B11F093FB11F0E1FD064609
:106D7000642096FBF0F04FF0090ACDE9034AC0B257
:106D80000094CDE901400DF12009CDE905790023FA
:106D90001A4658200A99F7F726FF642096FBF0F16F
:106DA00000FB11610A2091FBF0F0CDE9034AC0B26B
:106DB0000094CDE90140CDE9057900231A46682009
:106DC0000A99F7F710FF0A2096FBF0F1CDE9034A84
:106DD00000FB1160C0B20094CDE90140CDE9057916
:106DE00000231A4670200A99F7F7FDFE2548CDE9E1
:106DF00004483038CDE900040023029403941A4675
:106E000060200A99F5F758FECDE904480B98CDE9C2
:106E100000040023029403941A4680200A99F5F78F
:106E20004BFE0899CDF818B0CDE9044103940094C5
:106E3000CDE90147174B042217490120F9F7E8F97A
:106E400003940494CDE9054B0094CDE90147022257
:106E5000124B13491046F9F7DBF90798E8600998D7
:106E6000A860272068700F482861062028700E4807
:106E700068610DB0BDE8F08FDC550020F8A802086D
:106E80006AA5020856000020000010420000594088
:106E90000000E03F7CA5020878A5020894A802083B
:106EA00076A502082CB7020832B70208F0B51F49D0
:106EB000054689B04FF081400860EEF7D7FB00240B
:106EC00001260794CDE9034607AFCDE90547CDE993
:106ED0000046174B2246214620460296F9F798F9BC
:106EE000CDE90346CDE90547CDE900460022114B27
:106EF000114601200296F9F78BF9CDE90346CDE959
:106F00000547CDE9004600220B4B114602200296B0
:106F1000F9F77EF927206870084828610620287054
:106F2000074868610798E86009B0F0BDDC550020AB
:106F30003BBA02083DBA02083FBA020822BA020868
:106F400028BA020810B51249044688B04FF08340B1
:106F50000860EEF78BFB002007A9079003900490D0
:106F6000CDE905010121CDE900010A460291094B55
:106F70000949F9F74DF9072060700848206104209D
:106F80002070074860610798E06008B010BD0000FD
:106F9000DC550020D4A90208D3A9020836A50208AE
:106FA00067A802082DE9F14F88B000250695EEF795
:106FB0005DFBFE4CE06B11F0A9FFCDE90001FCA2E6
:106FC0000721FD48E9F798FA2046006C11F09EFF72
:106FD000CDE90001F848F6A20721C01DE9F78CFAB7
:106FE00006AECDE90456F5484FF00208CDE900059C
:106FF000CDE902850323F24A20210020F5F75CFD4C
:10700000CDE9045620460127CDE90005CDE90275FA
:1070100000231A4620213020F5F74EFD0120CDE94E
:107020000205CDE90456E748CDE9000500231A46DC
:1070300030211846F5F740FD0120CDE90205CDE9E4
:10704000045604F10D00CDE9000500231A46302155
:107050001820F5F731FD0120CDE90205CDE90456F0
:10706000D948CDE9000500231A4640211846F5F716
:1070700023FD0120CDE90205CDE90456A4F10E005F
:10708000CDE9000500231A4640211820F5F714FD2C
:107090002046806B11F03AFFCDE90001C648C4A23A
:1070A00007210E30E9F728FAC848DFF80CB3DFF8FB
:1070B00020A300780BF11C0B4FF003090F2872D2AC
:1070C000DFE810F00F00FE004901B8011F028F0435
:1070D000B3043A05550597054206B406A20782088F
:1070E000F208A06C11F012FFCDE90001B248B0A285
:1070F00007211530E9F700FAB649606C884209DBD0
:1071000012F0B6F80346AC48B3A207211C30E9F7E9
:10711000F3F909E011F0FAFECDE90001A648A4A2B6
:1071200007211C30E9F7E8F9CDE90456AB48CDE971
:107130000005CDE9028544460223A94A50210020DA
:10714000F5F7BAFC10F058FA08B1202000E0402012
:10715000059608220095CDE90327CDE901590023C2
:107160001A465021F5F7A8FCCDE904569248CDE91E
:107170000005CDE9027500231A4650217020F5F76D
:107180009BFCCDE904569748CDE90005CDE90245C1
:107190000223954A60210020F5F78EFC10F02CFAAE
:1071A00010B1202001E04EE2402005960A21009512
:1071B000CDE90317CDE901590023C8461A466021DD
:1071C000F5F77AFC7C48CDE90456C01DCDE90005F1
:1071D000CDE9027500231A4660217020F5F76CFC9A
:1071E000CDE90456CDE900A5CDE9024502237F4A49
:1071F00070210020F5F760FC05960095CDE9034766
:10720000CDE9015800231A4670212020F5F754FCDF
:107210006948CDE904560E30CDE90005CDE9027587
:10722000002370211A460846F5F746FCCDE90456BE
:10723000DFF8BC91CDE90095CDE9024503236D4A05
:1072400080210020F5F738FC10F0D6F908B1302085
:1072500000E010200095CDE90287CDE904760023F7
:107260001A4680210195F5F727FC5348CDE90456CD
:107270001530CDE90005CDE9027500231A468021BD
:107280007020F5F719FCCDE90456CDE90095CDE95C
:1072900002450323574A90210020F5F70DFC10F01A
:1072A000ABF908B1302000E01020059604210095CC
:1072B000CDE903170023CDE901581A469021AFE02C
:1072C0004449E06C884209DB11F0D2FF03463A489A
:1072D00041A207211C30E9F70FF909E011F016FE71
:1072E000CDE90001344832A207211C30E9F704F946
:1072F000CDE90456CDE90285CDE900A54446022337
:107300003A4A70210020F5F7D7FB05960095CDE9A4
:107310000347CDE9015900231A4670212020F5F7D3
:10732000CBFB2548CDE904560E30CDE90005CDE96B
:107330000275002370211A460846F5F7BDFBCDE91A
:1073400004562D48CDE9000501238021CDE90245F1
:107350002A4A0020EFE31F49606E884209DB11F0E2
:1073600087FF034614481CA207211C30E9F7C4F824
:1073700009E011F0CBFDCDE900010F480CA2072177
:107380001C30E9F7B9F8CDE904561D48CDE90005F0
:10739000CDE90285444602231A4A90210020F5F7E0
:1073A0008BFB10F029F978B330202FE0705B0020C0
:1073B00025362E3266000000085600200BA7020872
:1073C00008A7020816A7020812A7020825550020E0
:1073D0003AB4020800401C46256400001CA70208BD
:1073E0001AA7020827A7020825A7020838B402082E
:1073F000B6B40208B3B40208A7B60208A6B60208DB
:1074000080B702087EB70208FFE7102002AA05969F
:1074100082E8B000F949CDE900150223F84A90212D
:10742000F5F74AFBCDE90275CDE9045600231A466B
:107430009021F7E3206E10F1FF4F07D2F149884207
:1074400004DA11F063FDAFF298020FE0ED49494212
:107450000144B1F1D97F03D211F058FDEAA205E051
:10746000EB49884208DB11F051FDEAA2CDE90001A9
:107470000721EA48E9F740F8CDE90456CDE902854D
:10748000CDE900A544460223E54A50210020F5F746
:1074900013FB03A8002380E870000095CDE9015993
:1074A0001A4650212020F5F707FBDC48CDE90456A9
:1074B0003138CDE90005CDE9027500231A46502187
:1074C0007020F5F7F9FACDE90456D648CDE9000564
:1074D000CDE902450223D44A60210020F5F7ECFAF9
:1074E00003A90A2081E861000095CDE90159002334
:1074F0001A4660212020F5F7DFFACDE90275C7486A
:10750000FDE307F0E3FD40790328A06D03D1C049F6
:1075100011F09CFDA06510F1FF4F0FD2B9498842D0
:107520000CDA11F0F3FCAFF27812CDE90001BB48A0
:1075300007212338E8F7E0FFE06D3CE0B14949421C
:107540000144B1F1D97F0BD211F0E0FCCDE900018B
:10755000B248ADA207212338E8F7CEFFE06D45E041
:10756000AB4949424218B1498A420DD211F080FE1E
:107570000346AA48AEA207212338E8F7BDFFE06D15
:1075800011F076FE03464EE0AA49AB4A014491420F
:1075900016D29F4911F05AFD11F0B8FCAFF2F0126B
:1075A000CDE900019D4807212338E8F7A5FF984958
:1075B000E06D11F04BFD11F0A9FCAFF20C2218E0C8
:1075C0009E499F4A014491421BD2914911F03EFDD0
:1075D00011F09CFCCDE9000190488BA207212338D3
:1075E000E8F78AFF8A49E06D11F030FD11F08EFC5A
:1075F00085A2CDE90001894807212A38E8F77CFFF8
:1076000017E09049884214DB84484FF47A7388A2CB
:1076100007212338E8F770FFE06D11F029FE4FF4E1
:107620007A71B0FBF1F37D4881A207212A38E8F78F
:1076300063FF07F04BFD4079032805D007F046FDB6
:10764000407934287ED085E2206E10F1FF4F07D2BA
:107650006C49884204DA11F059FCAFF2AC2208E020
:10766000684949420144B1F1D97F09D211F04EFC79
:1076700065A2CDE9000107216848E8F73DFF0AE06F
:107680006349884207DB11F0F3FD034668A2072136
:107690006248E8F731FFCDE90456CDE90285CDE92E
:1076A00000A5444602235E4A50210020F5F704FA63
:1076B00003A8002380E870000095CDE90159C84671
:1076C0001A4650212020F5F7F7F95448CDE9045621
:1076D0003138CDE90005CDE9027500231A46502165
:1076E0007020F5F7E9F9CDE904565748CDE90005D2
:1076F000CDE902450323554A60210020F5F7DCF966
:107700000FF07AFF08B1302000E0182003AA0F2103
:1077100082E862000095CDE9015800231A466021F5
:10772000F5F7CAF903A9112081E861000095CDE9B8
:10773000015800231A4670212020F5F7BDF9CDE944
:10774000027500E03DE0CDE90456CDE900B5002327
:107750001A4660217020F5F7AFF9CDE904563C4890
:10776000CDE90005CDE9024502233A4A7021002007
:10777000F5F7A2F92948CDE904562A38CDE90005E4
:10778000CDE90275002370211A460846F5F794F9F1
:10779000CDE904562348CDE90005CDE90245022391
:1077A000214A80210020F5F787F903A90A2081E802
:1077B000610000950023CDE9015880211A46202060
:1077C00004E12548006E10F1FF4F07D20D498842B1
:1077D00004DA11F09BFBAFF2284208E00949494264
:1077E0000144B1F1D97F39D211F090FB06A2CDE965
:1077F000000107210948E8F77FFE3BE070B402086A
:107800006EB402080000C84225362E316600000022
:1078100000007A4425362E306600000047560020CE
:1078200038B402080BB7020825A702080040A201DD
:107830002536640000C0E3B90010A70100B03CB8D1
:1078400000D4B0010024744914B7020811B702082B
:1078500007B7020805B70208705B0020FE4988429E
:1078600008DB11F005FD0346AFF23C020721FB489F
:10787000E8F742FECDE90456CDE90285CDE900A541
:107880000223F74A50210020F5F716F9CDE90456F6
:10789000CDF80C800095CDE9015900234C461A46DD
:1078A00050212020F5F708F9EC48CDE9045631388D
:1078B000CDE90005CDE9027500231A46502170205C
:1078C000F5F7FAF8CDE90456E648CDE90005CDE92B
:1078D00002850323E44A60210020F5F7EDF8E34830
:1078E000E349806D884213DB0FF086FE08B130203B
:1078F00000E0182003AA0F2182E862000095CDE97C
:10790000015400231A466021F5F7D6F8112012E041
:107910000FF072FE08B1302000E0182003AA052104
:1079200082E862000095CDE9015400231A466021E7
:10793000F5F7C2F8042003A9002381E8610000954F
:10794000CDE901541A4670212020F5F7B5F8CDE9AC
:107950000456CDE90275CDE900B500231A46602131
:107960007020F5F7A9F8CDE90456C248CDE9000525
:10797000CDE902850223C04A70210020F5F79CF86A
:10798000B648CDE904562A38CDE90005CDE902759F
:10799000002370211A460846F5F78EF8CDE9045603
:1079A000B648CDE90005CDE902850223B44A80211D
:1079B0000020F5F781F803A90A2081E8610000950D
:1079C000CDE9015400231A4680212020F5F774F8F0
:1079D000CDE90275CDE904560023A0481A4680215E
:1079E000F1E3A349606D11F027FC03469B48A5A273
:1079F00007212338E8F780FDCDE90456A248CDE9F8
:107A00000005CDE902850223A04A90210020F5F768
:107A100053F80FF0F1FD03AA072182E8620000236A
:107A200090211A463020009582E0E06C11F06EFA49
:107A3000AFF28462CDE90001884807212A38E8F7CF
:107A40005BFD8B49A06E88420ADB11F011FC0346F6
:107A5000AFF27C62814807212338E8F74DFD0AE048
:107A600011F054FAAFF2B862CDE900017B4807216A
:107A70002338E8F741FDCDE90456CDE90285CDE98B
:107A800000A544460223764A70210020F5F714F839
:107A900005960095CDE90347CDE9015900231A4623
:107AA00070212020F5F708F86C48CDE904563138EC
:107AB000CDE90005CDE90275002370211A4608467C
:107AC000F4F7FAFFCDE904567148CDE90005CDE998
:107AD000024501236F4A80210020F4F7EDFF5F4843
:107AE000CDE904562A38CDE90005CDE90275002319
:107AF0001A4680217020F4F7DFFFCDE9045666486E
:107B0000CDE90005CDE902450223644A9021002019
:107B1000F4F7D2FF0FF070FD08B1302000E0202014
:107B2000042205960095CDE9032700231A469021EB
:107B3000CDE9015974E4FDE04D49E06E88420ADB6D
:107B400011F096FB0346AFF27072444807212338C8
:107B5000E8F7D2FC25E311F0D9F9AFF2AC72CDE928
:107B600000013E4807212338E8F7C6FC19E3A06B63
:107B700011F0CCF9AFF27032CDE90001374807219E
:107B80003138E8F7B9FC4649D4F89800884203DB5D
:107B900011F0BCF943A203E0444911F0B7F944A243
:107BA000CDE9000108212D48E8F7A6FCCDE90456EF
:107BB0004148CDE90005CDE90285444603233F4A0B
:107BC00060210020F4F778FFCDE904562348CDE981
:107BD0000005CDE9027500231A4660216820F4F7FC
:107BE0006BFF0FF009FD08B1402000E028201022B3
:107BF0002EE3A06F10F1FF4F02D22C49884205DB23
:107C00002A4949420144B1F1D47F0CD211F07EF9E6
:107C1000AFF20C42CDE90001104807212338E8F704
:107C20006BFC10E0FEE01E49254A494201449142A6
:107C300009D211F01DFB0346AFF20C4207480721A1
:107C40002338E8F759FCCDE90285CDE90456022333
:107C50004446034A702135E000007A44475600202C
:107C600038B4020814B7020811B70208705B00208C
:107C700000401C4607B7020805B702080BB7020808
:107C800025A702082535640086B7020884B70208D4
:107C9000A7B60208A6B602088BB6020889B6020883
:107CA0000000C84225372E31660000000000204148
:107CB00025372E3266000000BAB80208B7B80208AD
:107CC00000A04403CDE900A50020F4F7F5FE0596D9
:107CD0000095CDE90347CDE9015900231A467021EB
:107CE0002020F4F7E9FECDE90456F8480023CDE959
:107CF0000005CDE9027570211A46084600E05CE3F4
:107D0000F4F7DAFECDE90456F148CDE90005CDE9F6
:107D100002450323EF4A80210020F4F7CDFECDE990
:107D20000456ED48CDE90005CDE902450223EB4AB2
:107D300080213820F4F7C0FECDE90275CDE9045664
:107D400000231A4680216DE0E06FB0F5000F03DAE2
:107D500011F0DCF8E2A215E0E349884203DC11F0FF
:107D6000D5F8E2A20EE0E349884204DC11F0CEF837
:107D7000AFF6C41206E0E04988420ADC11F0C6F80A
:107D8000AFF27C52CDE90001D04807210E30E8F770
:107D9000B3FBCDE90456CDE90285CDE900A5444603
:107DA0000223D64A50210020F4F786FE059600955E
:107DB000CDE90347CDE9015900231A46502120207F
:107DC000F4F77AFECDE90456C048CDE90005CDE9C7
:107DD000027500231A4650217020F4F76DFECDE99C
:107DE0000456C748CDE90005CDE902450323C54A3D
:107DF00060210020F4F760FE0FF0FEFB05960E21D7
:107E00000095CDE903170023CDE901591A467021E9
:107E10001846F4F751FECDE90275CDE9045600236A
:107E20001A467021CDE900B57020B8E1606E11F0FE
:107E30006DF8AFF68422CDE90001A4480721C01DEA
:107E4000E8F75AFBAC49D4F8800088420ADB11F00D
:107E50000FFA0346AFF228629C4807210E30E8F77C
:107E60004BFB0AE011F052F8AFF26462CDE9000179
:107E7000964807210E30E8F73FFB9F49D4F884006D
:107E800088420ADB11F0F4F90346AFF25C628F48D6
:107E900007213130E8F730FB0AE011F037F8AFF294
:107EA0009862CDE90001894807213130E8F724FBC9
:107EB00007F00CF940790A2804D007F007F9407957
:107EC0004A2802D10FF0A4FB68B3CDE904568E48CE
:107ED000CDE90005CDE90285444602238B4A902175
:107EE0000020F4F7E9FD0FF087FB08B1302000E037
:107EF000102002AA059682E8B0008549CDE9001558
:107F00000223844A9021F4F7D7FD7048CDE9045646
:107F1000C01DCDE90005CDE9027500231A46902168
:107F20007020F4F7C9FDCDE90456CDE90285CDE90D
:107F300000A544460223714A60210020F4F7BCFDED
:107F400005960095CDE90347CDE9015900231A466E
:107F500060212020F4F7B0FDCDE904565B48CDE95F
:107F60000005CDE9027500231A4660217020F4F760
:107F7000A3FDCDE904566848CDE90005CDE90245E9
:107F80000223664A70210020F4F796FD0FF034FBBF
:107F900008B1302000E010204FF00408CDF80C802C
:107FA0000095CDE90159CDE9047600231A467021E8
:107FB000F4F782FDCDE90456CDE90275CDE900B5AF
:107FC000002370211A460846F4F776FDCDE90456E1
:107FD0005348CDE90005CDE902450223514A8021ED
:107FE0000020F4F769FD0FF007FB08B1302000E036
:107FF0001020CDF80C800095CDE901590023CDE982
:1080000004761A468021E1E40FF0D0FBF0B30FF0C4
:10801000CDFB0A2840D00FF0C9FB0528D4F88C000E
:1080200046D010F073FF00223F4B10F0EDFA3FA254
:10803000CDE90001254808213130E8F75DFACDE9A6
:1080400004563C48CDE90005CDE9028504233A4AAF
:1080500050210020F4F730FD1C48CDE904563130A2
:10806000CDE90005CDE9027500231A4650216820AC
:10807000F4F722FD0FF09AFB10B30FF097FB0528E1
:108080006AD00FF093FB0A286ED000E004E00FF0F6
:108090008DFB142874D084E0D4F88C0011F0CCF857
:1080A00003460A4825A208213130E8F725FAC6E739
:1080B00010F02CFF0022224B10F0A6FA21A2B7E705
:1080C0000FF09AFA08B1402041E03FE01656002038
:1080D000ACB70208A9B70208B2B70208B0B70208E5
:1080E00025362E34660000000000C84225362E33A7
:1080F0006600000000007A4400401C4638B40208C4
:1081000011B802080EB8020880B702087EB702084C
:1081100070B402086EB4020816B5020814B502085D
:108120001CB502081AB502080088C34025372E3452
:10813000660000005CB8020858B8020825376400E1
:1081400000408F4025372E3366000000282003AA08
:10815000042182E862001CE00FF04EFA08B14020D2
:1081600000E02820092206E00FF046FA08B140207E
:1081700000E02820102203A981E8640009E0FFE75D
:108180000FF03AFA08B1402000E02820CDE904566B
:1081900003970095CDE9015900231A465021F4F7C1
:1081A0008BFC08980699816008981B2141700898FB
:1081B0008649016108990420087008988449416142
:1081C00009B0BDE8F08FFDE0A06B10F09FFEAFF6A8
:1081D000C812CDE9000107217E48E8F78DF97E49F4
:1081E000D4F89000884204DB10F090FEAFF24C52BD
:1081F00004E07A4910F08AFEAFF24C52CDE900015A
:10820000744808213130E8F777F9CDE9045674480D
:10821000CDE90005CDE9028544460323714A60217A
:108220000020F4F749FC6B48CDE904563130CDE924
:108230000005CDE9027500231A4660216820F4F795
:108240003BFC0FF0D9F908B1402000E028201222B1
:1082500003A9002381E864000095CDE901591A467D
:108260006021F4F729FCCDE90456CDE900A5CDE95C
:10827000024502235C4A50210020F4F71DFC0596BC
:108280000095CDE90347CDE9015900231A46502155
:108290002020F4F711FCCDE90275CDE90456002346
:1082A0004C481A4650218DE05049D4F89400884239
:1082B0000ADB10F0DDFF0346AFF6E4624548072114
:1082C0000E30E8F719F90AE010F020FEAFF6207240
:1082D000CDE900013F4807210E30E8F70DF906F01F
:1082E000E9FE4079052811D10FF0D0FA68B30FF0FC
:1082F000CDFA0528A06B33D010F008FEAFF650720F
:10830000CDE9000107213348E8F7F6F8CDE9045636
:108310003748CDE900050424CDE902450323354A59
:1083200050210020F4F7C8FBCDE90456CDE90275D1
:10833000CDE900B500231A4650217020F4F7BCFBAC
:108340000FF05AF988B1382010E0A06B10F090FFC0
:1083500083B2AFF6243207211E48E8F7CDF8D5E7FF
:1083600010F0D4FDAFF66032CAE7202005960095E4
:10837000CDE90347CDE9015900231A465021F4F70E
:108380009BFBCDE90456CDE90285CDE900A5444625
:108390000223154A60210020F4F78EFB0596009514
:1083A000CDE90347CDE9015900231A466021202079
:1083B000F4F782FBCDE902750648CDE904560023A7
:1083C0001A466021CDE900057020E8E632A50208D2
:1083D0005DA80208165600200000C8420000204197
:1083E000BAB80208B7B8020838B4020800401C4600
:1083F00004BA020801BA02082DE9F04188B000244D
:1084000005460694EDF732F906AECDE904462F484D
:108410004FF00208CDE90004CDE9028403232C4A81
:1084200020210020F4F748FBCDE904462948012724
:10843000CDE90004CDE9027400231A463021184624
:10844000F4F73AFB2348CDE90446801CCDE900044B
:10845000CDE9027400231A4630211820F4F72CFBD2
:10846000CDE904461C48CDE90004CDE9028403238C
:108470001A4A40210020F4F71FFB1648CDE90446B4
:10848000801ECDE90004CDE9027400231A46502174
:108490001846F4F711FB0F48CDE904460E30CDE93C
:1084A0000004CDE9027400231A4650211820F4F785
:1084B00003FB0698A8601B20687009482861042007
:1084C00028700848686108B0BDE8F08141A702083B
:1084D0003EA702088C5B002033A7020830A70208E1
:1084E00032A502085DA8020810B51249044688B0FA
:1084F0004FF083400860EDF7B9F8002007A9079016
:1085000003900490CDE905010121CDE9000102911C
:10851000094B02220949F7F77BFE082060700848E2
:10852000206104202070074860610798E06008B06F
:1085300010BD0000DC55002094A8020876A50208B2
:108540002EA5020852A802082DE9F0478AB08946F4
:108550000024A44907460794A14808940860EDF751
:1085600085F807ADA048CDE904450226CDE9000411
:10857000CDE9026403239D4A20210020F4F79CFAF0
:108580009B48CDE90445CDE90004CDE9026405230B
:10859000984A30210020F4F78FFA9748CDE9044536
:1085A000CDE90004CDE902640523944A402100206E
:1085B000F4F782FA9248CDE90445CDE90004CDE90B
:1085C000026405238F4A50210020F4F775FA4846CB
:1085D00008F004FADFF830A2D0469AF8000009F05B
:1085E00045FC03467F4889A20521001DE7F784FF6B
:1085F00098F800004FF004080F281ED2DFE800F0C2
:108600000810535B636B737B838B939BA3ABB300AB
:10861000CDE902647E48CDE9044503237D4A06E0A6
:10862000CDE902647C487D4ACDE904450123CDE9CA
:10863000000420213020F4F73FFA7948CDE90445C1
:108640000126CDE90004CDE9026400231A46302159
:108650005020F4F731FA6348CDE90445001DCDE917
:108660000004CDE9026400231A4640215820F4F7A3
:1086700023FA07F0CDFBCDE90445CDE90004CDE9AF
:10868000026400231A4650215820F4F715FA08AD69
:10869000B9F1000F6FD09AF80020A9F10100032A68
:1086A00081B26AD06AE0CDE902645E48CDE9044552
:1086B00002235D4ABBE7CDE902645C48CDE904458D
:1086C00002235B4AB3E7CDE902645A48CDE9044589
:1086D0000323594AABE7CDE902645848CDE9044584
:1086E0000223574AA3E7CDE902645648CDE9044581
:1086F0000223554A9BE7CDE902645448CDE904457D
:108700000123534A93E7CDE902845248CDE9044559
:108710000523514A8BE7CDE902645048CDE9044571
:1087200003234F4A83E7CDE902644E48CDE904456F
:1087300003234D4A7BE7CDE902644C48CDE904456B
:1087400002234B4A73E7CDE902644A48CDE9044568
:108750000423494A6BE7CDE902844848CDE9044542
:108760000523474A63E7CDE902844648CDE904453D
:108770000323454A5BE726E0FFE70F22434809F061
:108780009DFB494641480FF0FFFCCDE903462320FD
:10879000CDE900063D4B00220296143B11461046DF
:1087A000CDE90545F7F734FD0898F8600798B860FB
:1087B000062078703648386187F80080354878613F
:1087C0000AB0BDE8F08703940494CDE90545CDE9EE
:1087D00000460322304B314900200294E2E70000BA
:1087E0000000A042DC5500200BA7020808A70208E1
:1087F000D7A60208D2A60208EDA60208E8A602083B
:10880000FDA60208F8A602082555002025346400BC
:10881000B6B40208B3B40208A7B60208A6B60208A6
:10882000E2A6020880B702087EB7020827A702085E
:1088300025A7020814B7020811B7020886B7020874
:1088400084B702088BB6020889B602088BB7020803
:108850008AB70208C3B80208BEB80208BAB702084D
:10886000B7B7020811B802080EB8020816B5020818
:1088700014B502085CB8020858B80208D0B802085B
:10888000CBB8020804BA020801BA0208705B0020E3
:1088900032A502085DA80208CAA60208C7A60208F7
:1088A000F0B52549044689B04FF080400860ECF7E8
:1088B000DDFE0027079706F009FC4079012507AE89
:1088C0004A2805D106F002FCB0F8C800012826D0DD
:1088D00003970497CDE90576CDE900753846174B27
:1088E000042217490295F7F793FC3A21CDE90015C8
:1088F000039704970295CDE905762846114B04228B
:108900001149F7F785FC05206070104820610420AC
:1089100020700F4860610798E06009B0F0BD392110
:10892000CDE90015039704970295CDE90576384601
:10893000024B04220249D6E7DC55002019B8020890
:1089400015B802083AB8020836B8020829B8020871
:108950002DB8020800487047705B00202DE9F041F7
:108960004A4904468AB04FF080400860ECF77EFE2A
:1089700000250895079507AF03950495CDE90557A0
:108980004FF00108CDE900584646414B02224149CB
:108990002846CDF80880F7F73BFC03950495CDE910
:1089A0000557CDE900563C4B02223C490120029676
:1089B000F7F72EFC0EF026FE002858D006F056FDE4
:1089C000007808AED0B1CDE9045635480227CDE98C
:1089D0000005CDE902750323324A7E210020F4F719
:1089E0006BF8CDE904563048CDE90005CDE90275B4
:1089F00003232E4A4E210020F4F75EF806F0CCFD4A
:108A0000CDE90456CDE90005CDE9028500234746AE
:108A10001A465E211846F4F74FF806F027FDCDE917
:108A20000456CDE90005CDE9027500231A465E2102
:108A30001820F4F741F806F0ABFDCDE90456CDE976
:108A40000005CDE9027500231A468E211846F4F779
:108A500033F806F017FDCDE90456CDE90005CDE960
:108A6000027500231A468E211820F4F725F80520F8
:108A700060700F482061042020700E4860610898E3
:108A8000A0600798E0600AB0BDE8F081DC550020E6
:108A90009DA8020872A5020899A8020874A50208F8
:108AA00033A7020830A7020841A702083EA7020820
:108AB00026A5020836A80208F0B51A49044689B06E
:108AC0004FF080400860ECF7D1FD0126002506201C
:108AD000CDE90006079507AF039504950296CDE909
:108AE0000557114B042211493046F7F791FB072037
:108AF000CDE90006039504950296CDE905570C4B88
:108B000004220C490220F7F783FB0798E06002205B
:108B1000607009482061042020700848606109B035
:108B2000F0BD0000DC5500205DA8020832A5020857
:108B300067A8020836A5020806A50208D5A70208FC
:108B40002DE9F04FBE49824689B04FF080400024A5
:108B50000860ECF78BFD00252846079509F086F99B
:108B6000B84F0DF11C0801264FF01C0970B13D7083
:108B7000CDE90096039504950296CDE9055828465F
:108B80000124B14B0322B149F7F742FB012009F060
:108B90006DF988B13878102800D13E70CDE9009683
:108BA000039504950296CDE905582046641CA84B10
:108BB0000122A849F7F72CFB022009F057F94FF0E2
:108BC000020B90B13878102801D187F800B0CDE9B8
:108BD0000096039504950296CDE905582046641C3D
:108BE0009D4B02229D49F7F713FB032009F03EF944
:108BF00090B13878102801D103203870CDE9009663
:108C0000039504950296CDE905582046641C944BC3
:108C100002229449F7F7FCFA042009F027F990B1F1
:108C20003878102801D104203870CDE900960395DA
:108C300004950296CDE905582046641C8A4B032210
:108C40008A49F7F7E5FA052009F010F990B138786C
:108C5000102801D105203870CDE9009603950495C0
:108C60000296CDE905582046641C814B02228149B9
:108C7000F7F7CEFA062009F0F9F890B13878102805
:108C800001D106203870CDE900960395049502962F
:108C9000CDE905582046641C774B02227749F7F747
:108CA000B7FA072009F0E2F890B13878102801D11E
:108CB00007203870CDE90096039504950296CDE91A
:108CC00005582046641C6E4B01226E49F7F7A0FA46
:108CD000082009F0CBF898B13878102801D1082085
:108CE0003870CDE9035BCDE9009602962046CDE9C8
:108CF0000558641CE4B2644B05226449F7F788FA0E
:108D0000092009F0B3F898B13878102801D109206A
:108D10003870CDE900960395049502962046CDE97A
:108D20000558641CE4B25A4B03225A49F7F770FA0B
:108D30000A2009F09BF898B13878102801D10A2050
:108D40003870CDE900960395049502962046CDE94A
:108D50000558641CE4B2504B03225049F7F758FA07
:108D60000B2009F083F898B13878102801D10B2036
:108D70003870CDE900960395049502962046CDE91A
:108D80000558641CE4B2464B02224649F7F740FA04
:108D90000C2009F06BF898B13878102801D10C201C
:108DA0003870CDE900960395049502962046CDE9EA
:108DB0000558641CE4B23C4B04223C49F7F728FAFE
:108DC0000D2009F053F898B13878102801D10D2002
:108DD0003870CDE9035BCDE9009602962046CDE9D7
:108DE0000558641CE4B2324B05223249F7F710FAF9
:108DF0000E2009F03BF888B13878102801D10E20F8
:108E00003870CDE9035BCDE900960296CDE90558AF
:108E10002046294B03222949F7F7FAF90799CAF89E
:108E20000C1008208AF801002549CAF81010042007
:108E30008AF800002349CAF8141009B0BDE8F08F81
:108E4000DC55002025550020B6B40208B3B4020852
:108E5000A7B60208A6B6020880B702087EB70208C5
:108E600027A7020825A7020814B7020811B70208AD
:108E700086B7020884B702088BB6020889B60208D2
:108E80008BB702088AB70208C3B80208BEB8020846
:108E9000BAB70208B7B7020811B802080EB802083C
:108EA00016B5020814B502085CB8020858B80208E2
:108EB000D0B80208CBB8020804BA020801BA020806
:108EC00006A50208D5A702082DE9F04FBF49824642
:108ED00089B04FF0804000240860ECF7C7FBBC4F1E
:108EE0000025102007953870284608F0BFFF0DF1C7
:108EF0001C0801264FF01B0970B13D70CDE90096AA
:108F0000039504950296CDE9055828460124B14BF6
:108F10000322B149F7F77CF9012008F0A7FF88B1D7
:108F20003878102800D13E70CDE90096039504955D
:108F30000296CDE905582046641CA84B0122A84999
:108F4000F7F766F9022008F091FF4FF0020B90B19D
:108F50003878102801D187F800B0CDE90096039544
:108F600004950296CDE905582046641C9D4B0222CB
:108F70009D49F7F74DF9032008F078FF90B1387854
:108F8000102801D103203870CDE90096039504958F
:108F90000296CDE905582046641C944B0222944960
:108FA000F7F736F9042008F061FF90B138781028FF
:108FB00001D104203870CDE90096039504950296FE
:108FC000CDE905582046641C8A4B03228A49F7F7ED
:108FD0001FF9052008F04AFF90B13878102801D118
:108FE00005203870CDE90096039504950296CDE9E9
:108FF00005582046641C814B02228149F7F708F985
:10900000062008F033FF90B13878102801D10620EF
:109010003870CDE90096039504950296CDE9055880
:109020002046641C774B02227749F7F7F1F80720B6
:1090300008F01CFF90B13878102801D10720387053
:10904000CDE90096039504950296CDE90558204692
:10905000641C6E4B01226E49F7F7DAF8082008F01D
:1090600005FF98B13878102801D108203870CDE973
:10907000035BCDE9009602962046CDE90558641CB5
:10908000E4B2644B05226449F7F7C2F8092008F0FE
:10909000EDFE98B13878102801D109203870CDE95B
:1090A00000960395049502962046CDE90558641C68
:1090B000E4B25A4B03225A49F7F7AAF80A2008F0FB
:1090C000D5FE98B13878102801D10A203870CDE942
:1090D00000960395049502962046CDE90558641C38
:1090E000E4B2504B03225049F7F792F80B2008F0F6
:1090F000BDFE98B13878102801D10B203870CDE929
:1091000000960395049502962046CDE90558641C07
:10911000E4B2464B02224649F7F77AF80C2008F0F1
:10912000A5FE98B13878102801D10C203870CDE90F
:1091300000960395049502962046CDE90558641CD7
:10914000E4B23C4B04223C49F7F762F80D2008F0EA
:109150008DFE98B13878102801D10D203870CDE9F6
:10916000035BCDE9009602962046CDE90558641CC4
:10917000E4B2324B05223249F7F74AF80E2008F0E4
:1091800075FE88B13878102801D10E203870CDE9ED
:10919000035BCDE900960296CDE905582046294BA0
:1091A00003222949F7F734F80799CAF80C10082068
:1091B0008AF801002549CAF8101004208AF8000036
:1091C0002349CAF8141009B0BDE8F08FDC5500201F
:1091D00025550020B6B40208B3B40208A7B60208A9
:1091E000A6B6020880B702087EB7020827A70208C1
:1091F00025A7020814B7020811B7020886B70208AB
:1092000084B702088BB6020889B602088BB7020839
:109210008AB70208C3B80208BEB80208BAB7020883
:10922000B7B7020811B802080EB8020816B502084E
:1092300014B502085CB8020858B80208D0B8020891
:10924000CBB8020804BA020801BA020806A502084F
:10925000D5A70208F0B51A49044689B04FF08040FE
:109260000860ECF703FA002501265620CDE9000638
:10927000079507AF039504950296CDE90557114B65
:10928000042211492846F6F7C3FF5720CDE900060E
:10929000039504950296CDE905570C4B04220C4921
:1092A0003046F6F7B5FF382060700A482061042088
:1092B0002070094860610798E06009B0F0BD0000C7
:1092C000DC55002024B5020820B502083FB502088D
:1092D0003BB5020815B8020819B802082DE9F04F8D
:1092E0006D4F05468BB04FF0814091460E46DFF83A
:1092F000AC813860ECF7BAF900240794089409941B
:109300004FF0834138680FF02DFE014640460FF0C4
:1093100029FE0FF0ADFF0921012700F0FF084FF4EF
:10932000616308AAB9F1000F44D09B46CDE903411F
:10933000B6FBFBF00094CDE90572C0B2CDE9014067
:10934000914600231A4641463420F5F74CFC0DF1B6
:10935000240ACDE9044A02215148CDE90214CDE99D
:10936000000401234F4A41463C20F3F7A5FBB6FB1E
:10937000FBF10BFB11613C203B22B1FBF0F0CDE98E
:109380000342CDE90549C0B20094CDE90140002374
:109390001A4641464C20F5F726FCCDE9044A022145
:1093A0004148CDE90214CDE9000401233F4A41467A
:1093B0005C2043E09A46CDE90341B6FBFAF0009405
:1093C000CDE90572C0B2CDE9014000231A464146FD
:1093D0003820F5F708FC0DF1240BCDE9044B30489B
:1093E0004FF00209CDE90004CDE9029401232D4A92
:1093F00041464020F3F760FBB6FBFAF10AFB11612E
:109400003C20B1FBF0F03B22CDE9034208A9CDE9B5
:109410000541C0B20094CDE9014000231A464146FF
:109420004820F5F7E0FBCDE9044B1F48CDE90004E7
:10943000CDE9029401231D4A41465820F3F73CFB35
:10944000089807AECDE90440069603940094CDE950
:109450000147174B052217490020F6F7D9FE039460
:109460000494CDE905460094CDE901470222124B50
:1094700012491046F6F7CCFE0798E8600998A860F4
:109480000F2068700E482861042028700D4868611C
:109490000BB0BDE8F08F0000DC550020000010424A
:1094A000DCA50208DBA50208DFA50208DEA502088C
:1094B000CCA50208C7A5020894A8020876A5020850
:1094C000B5A50208B9A50208F0B51949044689B046
:1094D0004FF080400860ECF7C9F8002507AF07950A
:1094E00003950495CDE905570126CDE90056114BAA
:1094F0000222114928460296F6F78AFE0395049542
:10950000CDE90557CDE900560C4B02220C4901204C
:109510000296F6F77DFE0C2060700A482061032059
:109520002070094860610798E06009B0F0BD000054
:10953000DC5500209DA8020872A5020899A802081F
:1095400074A5020895A7020898A70208F0B5224959
:10955000044689B04FF082400860ECF787F8002598
:1095600007950EF049F80126CDE9036507AFCDE96F
:109570000557CDE900562B46029678B108221749C7
:109580000020F6F745FECDE90365CDE90557CDE9A5
:10959000005600230822124902960EE007221149C4
:1095A0000020F6F735FECDE90365CDE90557CDE995
:1095B000005600230C49072202960120F6F728FEE8
:1095C000052060700948206104202070084860610F
:1095D0000798E06009B0F0BDDC5500207DAA0208C4
:1095E00093AA020885AA02088CAA02080EA50208FE
:1095F000EFA70208F0B51949044689B04FF0804042
:109600000860ECF733F8002507AF0795039504953C
:10961000CDE905570126CDE90056114B022211492B
:1096200028460296F6F7F4FD03950495CDE9055713
:10963000CDE900560C4B02220C4901200296F6F7A8
:10964000E7FD0F2060700A4820610420207009485F
:1096500060610798E06009B0F0BD0000DC550020B3
:109660009DA8020872A5020899A8020874A502081C
:10967000A7A50208ABA502082DE9F34FF34905465B
:109680008BB0F1480860EBF7F1FF002407940C98C9
:10969000EF4E0127DFF8BCB3089409940DF12009BF
:1096A0004FF009084FF0020A0C2804D00D287DD095
:1096B0000E287CD164E109A8CDE90440CDE902A4DB
:1096C000CDE900B40223E44A24210020F3F7F4F9A1
:1096D0000EF06CF800286BD00EF068F80A2867D0FE
:1096E0000EF064F8052809A8CDE90440CDE900642E
:1096F0004FF00003029403941A464FF038014FF0E4
:109700004C0075D0F3F7D8F9CDE9034800940194E3
:109710000294CDE9057900234E461A4638213C20B3
:10972000F5F761FACDE90348009401940294CDE97C
:10973000057600231A4638214420F5F754FACDE97E
:109740000348009401940294CDE9057600231A465B
:1097500038215420F5F747FACDE9034800940194E5
:109760000294CDE9057600231A4638215C20F5F7EE
:109770003AFACDE90348009401940294CDE90576C4
:1097800000231A4638216420F5F72DFACDE9034865
:10979000009401940294CDE9057600231A463821FD
:1097A0006C20F5F720FA07A8089902E09DE00DE08B
:1097B0001FE0CDE904410690CDE900470394A74B93
:1097C0000622A74900200297F6F722FD0798E860D5
:1097D0000998A860262068700C980D287ED09E48B5
:1097E000286185F800A0C5F814B00DB0BDE8F08F71
:1097F0003BE003A8464680E8D00200230094019491
:109800001A4638213C200294F5F7EDF903A800230D
:1098100080E8D002009401941A4638214420029432
:10982000F5F7E1F903A8002380E8D0020094019441
:109830001A4638214C200294F5F7D5F903A80023E5
:1098400080E8D002009401941A46382154200294F2
:10985000F5F7C9F903A8002380E8D0023821009465
:1098600001941A465C2002949BE7F3F725F903A8BC
:10987000464680E8D0020023009401941A4638211D
:109880003C200294F5F7AFF903A8002380E8D0024A
:10989000009401941A46382144200294F5F7A3F964
:1098A00003A8002380E8D002009401941A463821CE
:1098B00054200294F5F797F903A8002380E8D0021A
:1098C000009401941A4638215C200294F5F78BF934
:1098D00003A880E8D0020094019400E0ACE00023EB
:1098E00038211A46642002945BE709A8CDE90440B8
:1098F000CDE902A4CDE900B40223574A2421002077
:10990000F3F7DAF8CDE90348009401940294CDE925
:10991000057900231A4638213420F5F764F9CDE99A
:109920000348009401940294CDE9057900231A4676
:1099300038214420F5F757F9CDE903480094019404
:109940000294CDE9057900231A4638214C20F5F719
:109950004AF9CDE90348009401940294CDE90579D0
:1099600000231A4638215420F5F73DF909A8CDE91E
:10997000044000233821029403941A463C2056E008
:1099800009A8CDE90440CDE902A4CDE900B4022341
:10999000314A24210020F3F78FF8CDE903480094E1
:1099A00001940294CDE9057900231A463821342028
:1099B000F5F719F9CDE90348009401940294CDE933
:1099C000057900231A4638213C20F5F70CF9CDE93A
:1099D0000348009401940294CDE9057900231A46C6
:1099E00038214420F5F7FFF8CDE9034800940194AD
:1099F0000294CDE9057900231A4638215420F5F761
:109A0000F2F8CDE90348009401940294CDE9057978
:109A100000231A4638215C20F5F7E5F809A8CDE9BE
:109A2000044000233821029403941A464C20CDE9C7
:109A30000064F3F741F8B6E60A482861042028706C
:109A400009486861D1E6000000003042DC55002082
:109A500026000020CDA8020862A5020803A602087D
:109A6000FDA50208B1B90208B5B90208F0B5204950
:109A7000054689B04FF080400860EBF7F7FD002401
:109A800001260420CDE90006079407AF039404944F
:109A90000296CDE90547174B052217492046F6F7F0
:109AA000B7FB0520CDE90006039404940296CDE9A6
:109AB0000547124B042212490120F6F7A9FB0820A2
:109AC000CDE90006039404940296CDE905470D4BB9
:109AD00004220D490220F6F79BFB0798E8606E70A0
:109AE0000A482861022028700948686109B0F0BD61
:109AF000DC550020C6A70208FDA40208CEA7020874
:109B000002A50208D5A7020806A5020856A5020864
:109B100013A9020810B5164C01220628A071627024
:109B2000A1701AD2DFE800F003101019101A1048C3
:109B3000983040684069E061017841F001010170AE
:109B40000C48A0620C4807E00DF09EFB207801282D
:109B500003D00A48A0620A48E06210BD04480949DF
:109B6000803001600849416007210172ECE7000084
:109B700020550020953B0108053601089D39010854
:109B80004D2801088AB4020891B40208F0B587B0E4
:109B90000546EBF76BFD002406AECDE904460694BE
:109BA00022480227CDE90004CDE902740523204AAA
:109BB00028212046F2F780FFCDE904461D48CDE973
:109BC0000004CDE9027405231B4A40210020F2F76E
:109BD00073FF06F031F919490127002351F82000DD
:109BE000CDE90446CDE90004CDE902741A462821E6
:109BF0006020F2F761FF06F03DF9CDE90446CDE9BA
:109C00000004CDE9027400231A4640216020F2F7D7
:109C100053FF052068700A4828610420287009480D
:109C200068610698A86007B0F0BD0000B5A80208FA
:109C3000E3A50208C1A80208E8A502080C55002007
:109C40002AA5020842A802082DE9F0411A49044653
:109C500088B04FF080400860EBF708FD00254FF01A
:109C600002080795CDE9035807AFCDE9055701264E
:109C7000CDE90056114B4246114928460296F6F7A7
:109C8000C7FACDE90358CDE90557CDE900560D4B8C
:109C900002220D4930460296F6F7BAFA3820607073
:109CA0000A48206104202070094860610798E0603C
:109CB00008B0BDE8F0810000DC55002053B8020870
:109CC00051B802084CB802084AB8020829B802087C
:109CD0002DB802082DE9F0413F4905468AB03D48BC
:109CE0000860EBF7C3FC002407940894022009AE37
:109CF0000994CDE90204CDE904463848CDE90004D1
:109D00000423374A24212046F2F7D6FECDE9044643
:109D10003448CDE900040023029403941A46382104
:109D20004C20F2F7C9FE4FF00908CDE9034808AF0F
:109D3000012600940194002302941A46382134200D
:109D4000CDE90567F4F74FFFCDE903480094CDE96D
:109D50000567CDE9014600231A4638213C20F4F777
:109D600042FFCDE9034800940194002302941A466F
:109D700038214420CDE90567F4F735FFCDE90348E4
:109D800000940194002302941A4638215420CDE90E
:109D90000567F4F728FF089907A8CDE90441069064
:109DA000CDE900460394104B06221049002002968C
:109DB000F6F72EFA0798E8600998A86026206870E0
:109DC0000B482861032028700A4868610AB0BDE882
:109DD000F081000000003042DC55002013A602088C
:109DE0000FA602082600002003A60208FDA502080F
:109DF00075B602087BB602082DE9F0413F490546D9
:109E00008AB03D480860EBF731FC002407940894C1
:109E1000022009AE0994CDE90204CDE90446384890
:109E2000CDE900040423374A24212046F2F744FEFA
:109E3000CDE904463448CDE900040023029403949C
:109E40001A4638214C20F2F737FE4FF00908CDE9C9
:109E5000034808AF01260094CDE90567CDE9014626
:109E600000231A4638213420F4F7BDFECDE903481B
:109E700000940194002302941A4638213C20CDE935
:109E80000567F4F7B0FECDE9034800940194002380
:109E900002941A4638214420CDE90567F4F7A3FE61
:109EA000CDE9034800940194002302941A46382116
:109EB0005420CDE90567F4F796FE089907A8CDE987
:109EC00004410690CDE900460394104B0622104948
:109ED00000200296F6F79CF90798E8600998A860B8
:109EE000262068700B482861032028700A486861A2
:109EF0000AB0BDE8F081000000003042DC550020CF
:109F000013A602080FA602082600002003A60208D6
:109F1000FDA5020878B6020882B602082DE9F047CE
:109F20008C4904468AB08A480860EBF79FFB0025FD
:109F300007950895022009AE0995CDE90205CDE9FE
:109F400004568548CDE900050423844A2421284687
:109F5000F2F7B2FDCDE904568148CDE900050023B2
:109F6000029503951A4638214420F2F7A5FD0DF01D
:109F7000ADFB042601274FF0030A4FF009090DF14C
:109F80002008002858D005F0A1F840790395012851
:109F900004A82B4680E8A001009501951A464FF0D1
:109FA00038014FF0340002957ED0F4F71CFE04A86F
:109FB000009580E8C0010DF1040C00238CE86004DA
:109FC0001A4638213C20F4F70EFECDE903590095DE
:109FD00001950295CDE9057800231A4638214A20DB
:109FE000F4F701FE039704970095CDE90578CDE9D4
:109FF000015700231A4638215420F4F7F4FD59483C
:10A000002061594826706061089907A8CDE904517C
:10A010000690CDE900570395544B06225449002081
:10A020000297F6F7F5F80798E0600998A0602620F7
:10A0300060700AB0BDE8F08705F048F840790395F4
:10A04000012804A84FF0000380E8A00100950195C5
:10A050001A464FF038014FF03400029530D0F4F733
:10A06000C2FD04A8009580E8C0010DF1040C002396
:10A070008CE860041A4638213C20F4F7B4FDCDE9A1
:10A080000359009501950295CDE9057800231A46FC
:10A0900038214A20F4F7A7FDCDE9035900230095A4
:10A0A00001951A46382100E032E00295CDE90578A5
:10A0B0005420F4F798FD2F48206126702E48A2E71F
:10A0C000F4F791FD04A80396009580E8C001CDE95E
:10A0D000015600231A4638213C20F4F784FD04A8D9
:10A0E000039580E8A0010023009501951A463821C8
:10A0F0004A200295F4F777FD04A8039580E8A001B3
:10A1000000233821009501951A4654200295D0E786
:10A11000F4F769FD04A80396009580E8C001CDE935
:10A12000015600231A4638213C20F4F75CFD04A8B0
:10A13000039580E8A0010023009501951A46382177
:10A140004A200295F4F74FFDCDE903594CE7000092
:10A1500000003042DC55002013A602080FA60208BA
:10A16000260000204FB602085CB6020803A60208CB
:10A17000FDA502082BB6020837B602082DE9F04704
:10A18000984904468AB096480860EBF76FFA0025B4
:10A1900007950895022009AE0995CDE90205CDE99C
:10A1A00004569148CDE900050423904A242128460D
:10A1B000F2F782FCCDE904568D48CDE90005002375
:10A1C000029503951A4638214420F2F775FC0DF0EC
:10A1D0007DFA01264FF0090908AF002856D004F097
:10A1E00075FF407901287DD0CDE903560095CDE972
:10A1F0000567CDE9015600231A4638213420F4F7CB
:10A20000F2FCCDE9035600950195002302951A460C
:10A2100038213C20CDE90567F4F7E5FCCDE9035989
:10A2200000950195002302951A4638214A20CDE970
:10A230000567F4F7D8FCCDE903590095CDE905672A
:10A24000CDE9015600231A4638215420F4F7CBFCFF
:10A25000684820610520207067486061089907A858
:10A26000CDE904510690CDE900560395634B0622D3
:10A27000634900200296F5F7CBFF0798E060099844
:10A28000A060262060700AB0BDE8F08704F01EFFD1
:10A2900040794FF0080A012840D004A8B846039539
:10A2A00080E860010023009501951A46382134208A
:10A2B0000295F4F798FC4F460095CDE904760DF130
:10A2C000040CD146CDF818808CE8A00200231A4671
:10A2D00038213C20F4F787FCCDE903570095CDE900
:10A2E000056800E051E0CDE9015600231A46382107
:10A2F0004A20F4F778FCCDE903570095CDE90159E0
:10A30000CDE9056800231A4638215420F4F76BFC88
:10A310003C482061042020703B489EE704A8039538
:10A3200080E8E0000023009501951A46382134208A
:10A330000295F4F758FC04A94846CDF80C90009516
:10A3400081E8C100CDE9015900231A4638213C209B
:10A35000F4F749FC039604960095CDE90567CDE92D
:10A36000015600231A4638214A20F4F73CFC04A980
:10A370005046CDF80CA0009581E8C1000023CDE93E
:10A38000015A38211A465420C0E7039604960095D6
:10A39000CDE90567CDE9015600231A46382134205E
:10A3A000F4F721FC04A8039580E8E0000023009561
:10A3B00001951A4638213C200295F4F714FC04A8B4
:10A3C000039580E8E0000023009501951A463821A6
:10A3D0004A200295F4F707FC039604962DE7000047
:10A3E00000003042DC55002013A602080FA6020828
:10A3F0002600002057B602086CB6020803A6020821
:10A40000FDA5020833B6020847B602082DE9F04F51
:10A410009D4904468BB09B480860EBF727F900255F
:10A4200007950895022009AE0995CDE90205CDE909
:10A4300004569648CDE900050423954A2421284670
:10A44000F2F73AFBCDE904569248CDE90005002326
:10A45000029503951A4638214420F2F72DFB0DF0A2
:10A4600035F901264FF006094FF007084FF0090AA9
:10A4700008AF00285BD004F029FE4079039501283D
:10A4800004A82B4680E8E000009501951A464FF09D
:10A4900038014FF0340002957ED0F4F7A4FB04A9F4
:10A4A0004046CDF80C90009581E8C100CDE90158F7
:10A4B00000231A4638213C20F4F795FBCDE9035AD6
:10A4C0000095019500230295D0461A4638214A206E
:10A4D000CDE90567F4F787FBCDE9035800950195B1
:10A4E000002302951A4638215420CDE90567F4F778
:10A4F0007AFB6948206104202070684860610899EF
:10A5000007A8CDE904510690CDE900560395644BA8
:10A510000622644900200296F5F77AFE0798E0606B
:10A520000998A060262060700BB0BDE8F08F04F0A1
:10A53000CDFD40794FF0080B01283FD004A80395CA
:10A5400080E8E0000023009501951A463821342068
:10A550000295F4F748FB404604A9CDF80C9081E839
:10A56000C1000095CDE901590023C8461A4638219B
:10A570003C20F4F738FBCDE9035A0095CDE9015BA7
:10A580000023D1461A4638214A20CDE90567F4F761
:10A590002AFBCDE9035900E04AE00095CDE90158D6
:10A5A00000231A4638215420CDE90567F4F71BFB38
:10A5B0003D482061042020703C489FE704A8B8462D
:10A5C000039580E860010023009501951A46382123
:10A5D00034200295F4F707FB0095CDE90496CDF8F9
:10A5E0000C90CDF81880CDE9015900234F461A464A
:10A5F00038213C20F4F7F7FA04A95846CDF80CB0FE
:10A60000009581E84101CDE9015B00231A4638211C
:10A610004A20F4F7E8FA0095CDE90476CDF81880E1
:10A6200003970023CDE9015738211A465420BDE78E
:10A63000F4F7D9FA04A94046CDF80C80009581E8DA
:10A64000C100CDE9015800231A4638213C20F4F717
:10A65000CAFA04A8039580E8E0000023009501955C
:10A660001A4638214A200295F4F7BDFA04A803954A
:10A6700080E8E00000233821009501951A46542017
:10A68000029534E700003042DC55002013A6020892
:10A690000FA602082600002053B6020864B602087E
:10A6A00003A60208FDA502082FB602083FB602085D
:10A6B0002DE9F0476E4905468AB06C480860EAF714
:10A6C000D5FF00240DF1240A0994CDE9044A07942A
:10A6D000089402216748CDE90214CDE9000404235F
:10A6E000654A24212046F2F7E7F904F0EFFC4179AE
:10A6F000DFF88891012608AF4FF009081D290FD017
:10A7000004F0E4FC40794E283AD004F0DFFC4079B4
:10A710002A2835D004F0DAFC4079052830D07CE0D6
:10A72000CDE9034800940194002302941A4638218D
:10A730003420CDE90567F4F756FACDE903480094D3
:10A740000194002302941A4638213C20CDE9056784
:10A75000F4F749FACDE903480094019400230294E8
:10A760001A4638214C20CDE90567F4F73CFACDE9CB
:10A77000044A00233821029403941A46442048E0F6
:10A78000CDE9034800940194002302941A4638212D
:10A790003420CDE90567F4F726FACDE903480094A3
:10A7A0000194002302941A4638213C20CDE9056724
:10A7B000F4F719FACDE903480094019400230294B8
:10A7C0001A4638214420CDE90567F4F70CFACDE9A3
:10A7D000034800940194002302941A46382154201F
:10A7E000CDE90567F4F7FFF9CDE90348009401943A
:10A7F000002302941A4638215C20CDE90567F4F75E
:10A80000F2F9CDE9044A00233821029403941A4650
:10A810004C20CDE90094F2F74FF9089907A8CDE94B
:10A8200004410690CDE900460394154B06221549D4
:10A8300000200296F5F7ECFC0798E8600998A860FC
:10A840002620687004F042FC4079052805D01D28B8
:10A8500003D02A2801D04E2805D10B4828610420B6
:10A8600028700A4868610AB0BDE8F08700003042ED
:10A87000DC55002013A602080FA6020826000020BF
:10A8800003A60208FDA5020895B9020899B90208B5
:10A890002DE9F04F8846E14904468BB0DE48086058
:10A8A000EAF7E4FE0025DE4E02200795089508AF82
:10A8B0004FF0090A4FF0260B09A94FF0010909953D
:10A8C000B8F1000F0ED0B8F10C0F7DD0C4E90255DD
:10A8D00084F801B0D34921612070D34860610BB086
:10A8E000BDE8F08F0220CDE90205CDE90451CF4843
:10A8F000CDE9000588460423CD4A24210020F2F743
:10A90000DBF8C748CDE904583030CDE90005002315
:10A91000029503951A4638216420F2F7CDF8CDE967
:10A920000458CDE900650023029503951A463821A5
:10A930004C20F2F7C1F8CDE9035AB8460095CDE9AD
:10A940000598CDE9015900234E4657461A4638214D
:10A950003420F4F748F9CDE90357009501950295A5
:10A96000CDE9056800231A4638213C20F4F73BF96D
:10A97000CDE90357009501950295CDE905680023BF
:10A980001A4638214420F4F72EF9CDE903570095F3
:10A9900001950295CDE9056800231A463821542017
:10A9A000F4F721F9089907A8CDE904510690CDE9FB
:10A9B000005603959F4B06229F4900200296F5F70B
:10A9C00027FC0798E06000E009E00998A06084F89F
:10A9D00001B09A4820610220207099487EE7CDE9B5
:10A9E0000205CDE904519748CDE9000588460423C6
:10A9F000954A24210020F2F75FF80CF0D7FE0028DA
:10AA00007ED00CF0D3FE0A287AD00CF0CFFECDE930
:10AA10000458CDE9006505284FF000030295039521
:10AA20001A464FF038014FF04C006AD0F2F744F864
:10AA3000CDE9035AB846009501950295CDE90598F0
:10AA400000234E4657461A4638213C20F4F7CBF8EF
:10AA5000CDE90357009501950295CDE905680023DE
:10AA60001A4638214420F4F7BEF8CDE90357009583
:10AA700001950295CDE9056800231A463821542036
:10AA8000F4F7B1F8CDE90357009501950295CDE9AA
:10AA9000056800231A4638215C20F4F7A4F8CDE9B4
:10AAA0000357009501950295CDE9056800231A46E4
:10AAB00038216420F4F797F8CDE9035700233821B3
:10AAC000009501951A466C200295CDE90568F4F7CA
:10AAD0008AF8089907A803950495CDE90510CDE9F2
:10AAE0000059544B062254490020CDF80890F5F740
:10AAF0008FFB0798E0600998A06084F801B001E03E
:10AB000006E046E050482061042020704D48E5E60C
:10AB1000CDE9035AB846009501950295CDE905980F
:10AB200000234E4657461A4638213C20F4F75BF87E
:10AB3000CDE90357009501950295CDE905680023FD
:10AB40001A4638214420F4F74EF8CDE90357009512
:10AB500001950295CDE9056800231A4638214C205D
:10AB6000F4F741F8CDE90357009501950295CDE939
:10AB7000056800231A4638215420F4F734F8CDE94B
:10AB8000035700233821009501951A465C20029551
:10AB90009BE7F1F791FF03A85646069780E860020D
:10ABA0000023009501951A4638213C200295F4F7C0
:10ABB0001AF803A8069780E8600200230095019523
:10ABC0001A46382144200295F4F70DF803A8069799
:10ABD00080E860020023009501951A463821542030
:10ABE0000295F4F700F803A8069780E860020023B6
:10ABF000009501951A4638215C200295F3F7F3FF82
:10AC000003A8069780E8600200233821009501958B
:10AC10001A46642002955AE700003042DC550020B5
:10AC20002600002064A50208D8A8020813A602087E
:10AC30000FA6020803A60208FDA50208F3B9020840
:10AC4000F5B902086FA602086BA602082DE9F04FBD
:10AC500089B08046002705F007F9DE494FF08040B3
:10AC60000860EAF703FD0024079409F001F80125C4
:10AC70004FF002094FF0030B4FF02D0A07AE1028DA
:10AC80007ED2DFE800F0087D7D7D217D7D7D7D4DDC
:10AC90007D5B8AC1FD411220CDE900050394049437
:10ACA0000295CDE90546CC4B0422CC492046F5F768
:10ACB000AFFA1120CDE90005022703940494C84B94
:10ACC0000422C849029559E004F000FA40790328AB
:10ACD00001D0342854D11720CDE900050394049401
:10ACE0000295CDE90546C04B0822C0492046F5F73C
:10ACF0008FFA1820CDE90005022703940494BC4B79
:10AD00000622BC49029539E01921CDE90015012739
:10AD1000204603940494B84B0622B84902950AE0F1
:10AD20003221CDE900150127B54BB64920460394E1
:10AD3000049404220295CDE90506E6E004F0C6F984
:10AD400040794A2802D05F28C4D11AE03520CDE9E5
:10AD50000005039404940295CDE90546AA4B06220A
:10AD6000AA492046F5F754FA3620CDE90005022716
:10AD7000A74BA84903940494082202952846C2E0F0
:10AD8000C5E03321CDE90015012720460394049442
:10AD9000A14B0522A1490295CDE72820CDE9000568
:10ADA000039404940295CDE905469D4B06229D49E6
:10ADB0002046F5F72DFA2920CDE9000503940494E7
:10ADC0000295CDE905464F46974B062297492846FE
:10ADD000F5F71EFA6020CDE900050394049402956E
:10ADE000CDE90546924B042292493846F5F710FA10
:10ADF0005F20CDE900050427039404948E4B3A4666
:10AE00008E49584602957EE004F060F940791D288D
:10AE100004D02A2801D04E2879D1B6E02C20CDE9E3
:10AE20000005039404940295CDE90546844B08225D
:10AE300084492046F5F7ECF92A20CDE90005039472
:10AE400004940295CDE905464F467F4B06227F4983
:10AE50002846F5F7DDF9CDE90347CDE900A50295D0
:10AE6000CDE905467A4B06227A493846F5F7D0F9FE
:10AE70002B20CDE90005039404940427764B00E0D1
:10AE80008FE00295CDE90546062274495846F5F74C
:10AE9000BFF92F20CDE90005039404940295CDE974
:10AEA00005464FF005096E4B06226E493846F5F708
:10AEB000AFF95920CDE90005039404940295CDE93A
:10AEC00005460627684B052268494846F5F7A0F96C
:10AED0005A20CDE90005039404940295CDE9054676
:10AEE0004FF00709624B052262493846F5F790F9A1
:10AEF0005B20CDE9000508275F4B6049039404946B
:10AF0000052248460295CDE90546F5F781F921204D
:10AF1000CDE90005039404940295CDE90546384631
:10AF20007F1C574B04225749F5F772F93020CDE9C1
:10AF30000005039404940295CDE9054638467F1C2C
:10AF4000514B04225149F5F763F92220CDE9000560
:10AF5000039404940295CDE905464D4B04224D49D6
:10AF60003846F5F755F90799C8F80C100A2188F802
:10AF700001104949C8F81010042088F8000047491A
:10AF8000C8F8141009B0BDE8F08F2F21CDE90015E5
:10AF90000127204603940494314B0622314902953F
:10AFA000C9E6CDE900A5039404940295CDE90546D0
:10AFB0003B4B06223B492046F5F72AF92E20CDE9E6
:10AFC0000005022703940494374B06223749029563
:10AFD000D4E60000DC5500202DA8020822A50208B6
:10AFE00020A802081EA502081FB7020817B702080A
:10AFF00032B702082CB7020845B702083FB702086B
:10B00000CFB70208CBB70208BDB50208B7B5020832
:10B01000D2B50208CAB502086FB502086AB50208BF
:10B0200067B8020861B802087AB8020874B8020862
:10B030008AB8020886B8020897B8020893B80208CE
:10B04000E0B80208D8B80208F8B80208F2B8020856
:10B0500011B902080BB9020827B9020821B9020880
:10B060003BB9020835B90208C3B90208BEB90208E3
:10B07000D4B90208CFB90208E5B90208E0B902085C
:10B080001AA802081AA50208EDB30208E9B30208DB
:10B09000A8A70208A4A702083FA502087FA80208E3
:10B0A0000EBA020808BA020828BA020822BA020830
:10B0B00030B51149044689B04FF083400860EAF783
:10B0C000D5FA002007A90790039004900125CDE947
:10B0D0000501CDE90005094B2A4609490295F5F716
:10B0E00097F8657007482061062020700648606167
:10B0F0000798E06009B030BDDC550020D4A90208F3
:10B10000D3A90208EDA50208F3A502082DE9F04134
:10B110001A49044688B04FF082400860EAF7A6FA60
:10B1200000254FF002080795CDE9035807AFCDE998
:10B1300005570126CDE90056114B424611492846D4
:10B140000296F5F765F8CDE90358CDE90557CDE945
:10B15000005601220C4B0D4910460296F5F758F89F
:10B16000272060700A48206106202070094860612D
:10B170000798E06008B0BDE8F0810000DC550020D1
:10B1800054B7020852B7020859B7020858B7020864
:10B190003FB7020845B702082DE9F04F8BB00646CD
:10B1A00004F062FEDFF8C08105464FF08140DFF811
:10B1B000BCB14FF0240AC8F80000EAF757FA00249F
:10B1C00007940894099408F031FD01462846EAF7EF
:10B1D0003BFD0DF12409CDE9044905465A3001270C
:10B1E000CDE90004CDE9027400231A46514620201F
:10B1F000F1F762FC4FF08341D8F800000DF0B2FE89
:10B20000014658460DF0AEFE0EF032F800F0FF0B8E
:10B21000CDE9044905F12200CDE90004CDE902742D
:10B2200000231A4659466020F1F746FC4FF083414F
:10B23000D8F800000DF096FE824658460EF050F801
:10B2400051460DF08FFE0EF013F800F0FF0ACDE925
:10B25000044905F11D00CDE90004CDE90274002385
:10B260001A4651466020F1F727FC4FF08341D8F889
:10B2700000000DF077FE804650460EF031F8414652
:10B280000DF070FE0DF0F4FF697900F0FF094FF04A
:10B290000A084FF0090BB1FBF8F0CDE9034B0DF1B3
:10B2A000200A0094CDE9057ACDE9014000231A4631
:10B2B00049466020F3F797FC6979CDE9034BB1FB70
:10B2C000F8F208FB12100094CDE90140CDE9057AAF
:10B2D00000231A4649466820F3F785FCCDE9034769
:10B2E00007ADCDE90545002200940194204B11469D
:10B2F00010460294F4F78CFF03940494CDE90545BD
:10B30000009401941B4B05221B4901200294F4F781
:10B310007FFF03940494CDE9054500940194174BF5
:10B320000522174902200294F4F772FF0898CDE92C
:10B330000347009401940294CDE905050022114BC6
:10B3400011460320F4F764FF0798F0600998B06095
:10B3500086F801800C483061052030700B48706120
:10B360000BB0BDE8F08F0000DC550020000010425B
:10B37000B1A80208B5A80208E3A50208C1A80208FE
:10B38000E8A50208C2A7020843A5020888A8020887
:10B390002DE9F04389B0044608F042FC2C494FF0F7
:10B3A000804000250860EAF761F90026079603F05F
:10B3B00081FE0DF11C0801274FF00A0980B103F04E
:10B3C00079FECDE90367CDE900970297CDE90568DD
:10B3D00000F127030022304601251146F4F718FF3B
:10B3E00003F06EFE78B103F06BFECDE90367CDE9A3
:10B3F00000970297CDE9056800F12703002228464F
:10B400001146F4F705FF03F055FE022598B903F045
:10B4100057FE80B906A8CDE9046006960D48CDE92F
:10B420000006CDE9025604230B4A50213220F1F7E1
:10B4300043FB0698A0600798E060657007482061AC
:10B44000052020700648606109B0BDE8F083000067
:10B45000DC5500202EB402082AB40208FDA402081C
:10B46000C6A7020810B5084904464FF0804008609E
:10B47000EAF7FCF804206070044820610620207080
:10B480000348606110BD0000DC5500202AA90208B5
:10B4900030A902082DE9F04F89B0064604F0E4FC1B
:10B4A000DFF8C49305464FF081412420C9F800100D
:10B4B000DFF8B8B30690EAF7D9F8002407940894A7
:10B4C00008F0B4FB01462846EAF7BEFB0546407982
:10B4D000DFF89CA308AF4FF001081D2804D04E28C8
:10B4E0007ED02A28FCD0AFE155F87C0F0DF00EFD80
:10B4F000CDE90001DC48DFA207210930E4F7FCFFB9
:10B5000068680DF003FDCDE90001D748D9A20721F5
:10B510001030E4F7F1FFA8680DF0F8FCCDE9000168
:10B52000D148D4A207211730E4F7E6FFE8680DF010
:10B53000EDFCCDE90001CC48CEA207211E30E4F796
:10B54000DBFF68697C3D0DF0E1FCCDE90001C648F8
:10B55000C8A207212530E4F7CFFFCDE90447C7484B
:10B56000CDE90004CDE9028400231A46382006996B
:10B57000F1F7A2FABC48CDE904472530CDE9000433
:10B58000CDE9028400231A4666200699F1F794FA61
:10B590004FF08341D9F800000DF0E4FC0146584615
:10B5A0000DF0E0FC0DF064FE00F0FF0BCDE9044768
:10B5B000AF48CDE90004CDE9028400231A4659467C
:10B5C0003820F1F779FAA848CDE904470930CDE9E8
:10B5D0000004CDE9028400231A465946662000E0A3
:10B5E000D5E0F1F769FA4FF08341D9F800000DF08A
:10B5F000B9FC824658460DF073FE51460DF0B2FC80
:10B600000DF036FE00F0FF0B9748CDE904471730E8
:10B61000CDE90004CDE9028400231A46594666208C
:10B62000F1F74AFA4FF08341D9F800000DF09AFC87
:10B63000824658460DF054FE51460DF093FC0DF035
:10B6400017FE00F0FF0B8848CDE904471E30CDE916
:10B650000004CDE9028400231A4659466620F1F71A
:10B660002BFA4FF08341D9F800000DF07BFC8246A5
:10B6700058460DF035FE51460DF074FC0DF0F8FD06
:10B6800000F0FF0ACDE904477948CDE90004CDE98F
:10B69000028400231A4651463820F1F70DFA724809
:10B6A000CDE904471030CDE90004CDE90284002340
:10B6B0001A4651466620F1F7FFF94FF08341D9F859
:10B6C00000000DF04FFC814650460DF009FE494642
:10B6D0000DF048FC0DF0CCFDCDE904474335CDE934
:10B6E0000284CDE90054C1B200231A466620F1F766
:10B6F000E3F907AD03940494CDE905450094019462
:10B700005F4B03225F4900200294F4F781FD03940C
:10B710000494CDE9054500940194594B03225949FD
:10B7200001200294F4F774FD03940494CDE90545D7
:10B7300000940194544B0422544902200294F4F7DB
:10B7400067FD03940494CDE9054500940194504BA2
:10B750000422504903200294F4F75AFD0394049400
:10B76000CDE90545009401944B4B02224B4904203E
:10B770000294F4F74DFD03940494CDE905450522A8
:10B7800000940194464B4749104602945AE0CDE993
:10B7900004473A48CDE90004CDE9028400231A4663
:10B7A00038200699F1F788F9CDE9044705F15300EF
:10B7B000CDE90004CDE9028400231A4666200699EB
:10B7C000F1F77AF94FF08341D9F800000DF0CAFB88
:10B7D000014658460DF0C6FB0DF04AFDCDE9044781
:10B7E00000F0FF09CDE90284CDE900A400231A4648
:10B7F00049463820F1F760F9CDE904474B35CDE9EA
:10B800000284CDE9005400231A4649466620F1F728
:10B8100053F907AD03940494CDE9054500940194D0
:10B82000174B0322174900200294F4F7F1FC03940C
:10B830000494CDE9054500940194114B032211496C
:10B8400001200294F4F7E4FC0798F0600898B060D7
:10B8500027207070144830610620307013487061E2
:10B8600009B0BDE8F08F0000DC5500200000104258
:10B8700092B9020825362E31660000008FB9020801
:10B88000BAB80208B7B8020875B9020871B9020857
:10B890007EB902087AB902083AB4020838B402083C
:10B8A00089B9020884B9020835B902083BB902080F
:10B8B0002DE9F04F89B0054604F0D6FA4B494FF018
:10B8C00080400860E9F7D2FE0024079408F0D0F920
:10B8D0004FF0260B4FF027094FF0020A07AF4FF049
:10B8E0000108052804D008F0C3F90B281AD024E079
:10B8F000CDE900B803940494CDF80880CDE905475C
:10B900003B4B05223B492046F4F782FCCDE90098E9
:10B91000022603940494384B042238494046CDF85B
:10B9200008803FE003F0D2FB40794A2805D103F0BC
:10B93000CDFBB0F8C80002280DD0CDE900B80394C3
:10B940000494CDF80880CDE905474646284B0522EA
:10B95000284920460CE003940494CDE90547CDE93D
:10B9600000484646224B052222492046CDF8088051
:10B97000F4F74EFCCDE90096039404940296CDE9C9
:10B9800005471D4B04221D493046F4F741FC252094
:10B99000CDE9000602960326194B1A490394049434
:10B9A00005225046CDE90547F4F732FC08F060F96E
:10B9B00001280ED13121CDE9001803940494CDF86B
:10B9C0000880CDE9054730460F4B05220F49F4F7B3
:10B9D0001FFC0798E860042068702C612C7004F04C
:10B9E00043FA686109B0BDE8F08F0000DC55002023
:10B9F00073A802083AA502087FA802083FA502081A
:10BA000088A8020843A50208AFB60208AAB6020831
:10BA1000F0B51949044689B04FF081400860E9F754
:10BA200025FE002507AF079503950495CDE9055739
:10BA30000126CDE90056114B0222114928460296F3
:10BA4000F4F7E6FB03950495CDE90557CDE90056DB
:10BA50000C4B02220C4901200296F4F7D9FB272057
:10BA600060700A48206106202070094860610798CC
:10BA7000E06009B0F0BD0000DC550020E2A802083B
:10BA800066A50208ECA8020868A5020874B80208B6
:10BA90007AB802082DE9F0412749054688B04FF0F1
:10BAA00081400860E9F7E2FD00244FF002080794A6
:10BAB000CDE9034807AFCDE905470126CDE90046AA
:10BAC0001E4B42461E4920460296F4F7A1FBCDE9E3
:10BAD0000348CDE90547CDE900461A4B02221A4931
:10BAE00001200296F4F794FBCDE90348CDE9054720
:10BAF000CDE900460222154B154910460296F4F78F
:10BB000087FBCDE90348CDE90547CDE90046114B58
:10BB10000122114903200296F4F77AFB272068706E
:10BB20000E482861062028700D4868610798E86073
:10BB300008B0BDE8F0810000DC550020A8B802087C
:10BB4000A1B80208ADB80208A3B80208B1B802084B
:10BB5000A5B80208B5B80208A7B8020861B802087B
:10BB600067B802082DE9F04F8BB006460BF0B8FB22
:10BB70000DF0CCF904460D46F6F732FC22462B4672
:10BB80000CF086FC00228E4B0CF096FF00228D4BB1
:10BB90000CF07EFC0CF0CCFEDFF82C8205464FF05A
:10BBA0008140DFF828B24FF02409C8F80000E9F717
:10BBB0005DFD002408940994079409A80A9403944D
:10BBC0000494CDE905400127CDE9004723462246EC
:10BBD000494660200294F3F706F809990DF11C0A12
:10BBE000CDE90441CDF818A0039400940194784B5A
:10BBF0000422784900200294F4F70AFB4FF08341B5
:10BC0000D8F800000DF0AEF9014658460DF0AAF93B
:10BC10000DF02EFB00F0FF0903F038FC0AA9CDE976
:10BC20000441CDE90004CDE9027400231A464946D7
:10BC30005020F0F741FF03940494CDE9054A0094A5
:10BC40000194654B0422654901200294F4F7E0FA5F
:10BC50004FF08341D8F800000DF084F98046484643
:10BC60000DF03EFB41460DF07DF90DF001FB00F0BB
:10BC7000FF0B42F210704FF0090995FBF0F0CDE98F
:10BC800003490DF120080094CDE90578C0B2CDE953
:10BC9000014000231A4659465020F2F7A4FF42F211
:10BCA000107095FBF0F100FB11514FF47A7091FB8D
:10BCB000F0F0CDE90349C0B20094CDE90140CDE9EF
:10BCC000057800231A4659465820F2F78CFF4FF4A6
:10BCD0007A7095FBF0F100FB1151642091FBF0F0BC
:10BCE000CDE90349C0B20094CDE90140CDE9057822
:10BCF00000231A4659466020F2F775FF642095FB31
:10BD0000F0F100FB11510A2091FBF0F0CDE903495D
:10BD1000C0B20094CDE90140CDE9057800231A4670
:10BD200059467020F2F75FFF0A2095FBF0F100FB07
:10BD30001150CDE90349C0B20094CDE90140CDE9ED
:10BD4000057800231A4659467820F2F74CFF0AA8D6
:10BD5000CDE904402248CDE9000400230294039475
:10BD60001A4659466820F0F7A7FE0899CDF818A0A2
:10BD7000CDE9044103940094CDE90147194B042215
:10BD800019490220F4F744FA03940494CDE9054AD2
:10BD90000094CDE90147154B022215490320F4F721
:10BDA00037FA0798F0600A98B06027207070114841
:10BDB000306104203070104870610BB0BDE8F08F26
:10BDC000000059400000E03FDC5500200000104218
:10BDD00024A902085EA50208F8A802086AA50208BC
:10BDE0002600002001A902086EA5020894A80208F6
:10BDF00076A502081EA5020820A802082DE9F04F2A
:10BE00008BB005460BF0E4FC044685490DF0B0FA12
:10BE10000DF07CF80022834B0CF03AFB0CF088FD0F
:10BE2000064620460BF0FEF9DFF8FC814FF081401A
:10BE3000DFF8F8B14FF02409C8F80000E9F716FC64
:10BE4000002408940994079409A80A94039404947C
:10BE5000CDE905400127CDE9004723462246494662
:10BE600050200294F2F7BFFE09990DF11C0ACDE9AA
:10BE70000441CDF818A00394009401946C4B042263
:10BE80006C4900200294F4F7C3F94FF08341D8F8CD
:10BE900000000DF067F8014658460DF063F80DF00C
:10BEA000E7F900F0FF0903F003FB0AA9CDE904411B
:10BEB000CDE90004CDE9027400231A46494650201A
:10BEC000F0F7FAFD03940494CDE9054A0094019437
:10BED000594B0422594901200294F4F799F94FF083
:10BEE0008341D8F800000DF03DF8804648460DF03B
:10BEF000F7F941460DF036F80DF0BAF900F0FF0BF6
:10BF00000AA8CDE904404E48CDE90004002302947C
:10BF100003941A4659466820F0F7CEFD4FF47A7024
:10BF20004FF0090996FBF0F0CDE903490DF1200827
:10BF30000094CDE90578C0B2CDE9014000231A464E
:10BF400059465020F2F74FFE4FF47A7096FBF0F10D
:10BF500000FB1161642091FBF0F0CDE90349C0B210
:10BF60000094CDE90140CDE9057800231A465946F1
:10BF70005820F2F738FE642096FBF0F100FB1161C7
:10BF80000A2091FBF0F0CDE90349C0B20094CDE95D
:10BF90000140CDE9057800231A4659466020F2F7A2
:10BFA00022FE0A2096FBF0F100FB1160CDE9034967
:10BFB000C0B20094CDE90140CDE9057800231A46CE
:10BFC00059467020F2F70FFE0899CDF818A0CDE978
:10BFD000044103940094CDE901471A4B04221A4905
:10BFE0000220F4F715F903940494CDE9054A00946E
:10BFF000CDE90147154B022215490320F4F708F952
:10C00000272068701348286104202870124868614E
:10C010000798E8600A98A8600BB0BDE8F08F0000B0
:10C02000000020410000E03FDC55002000001042ED
:10C0300024A902085EA50208F8A802086AA5020859
:10C040002600002001A902086EA5020894A8020893
:10C0500076A5020822A502082DA802082DE9F047BE
:10C0600088463449044688B04FF081400860E9F7BB
:10C07000FDFA0025012607AF4FF002094FF0060A2E
:10C080000795B8F12A0F27D0CDE90359CDE9055717
:10C09000CDE90056C846284B0222284900200296C6
:10C0A000F4F7B6F8CDE90358CDE90557CDE90056C8
:10C0B000234B0222234901200296F4F7A9F82248D3
:10C0C0002061224884F800A06061272060700798F2
:10C0D000E06008B0BDE8F08703950495CDE9055709
:10C0E000CDE900561A4B02221A4900200296F4F7B5
:10C0F0008FF8CDE90359CDE90557CDE90056C8467B
:10C10000154B0322154901200296F4F781F8CDE979
:10C110000358CDE90557CDE90056114B03221149CB
:10C1200002200296F4F774F80F48206184F800A00A
:10C130000E48C9E7DC55002067B9020865B9020856
:10C140006DB902086BB9020821B9020827B90208C3
:10C150004DB902084BB9020855B9020852B9020894
:10C160005EB902085BB90208F2B8020867B80208B3
:10C170002DE9F04FDFF8ECA105468BB04FF0814080
:10C18000DFF8E4B14FF02409CAF80000E9F76EFACD
:10C1900000240794089409940A94F4F715FA63218B
:10C1A000CDE9034108AFCDE905470094CDE9014051
:10C1B00000231A4649463820F2F715FDF4F7E6F950
:10C1C000012604AA0C21039682E892000094CDE98E
:10C1D000014000231A4649465020F2F704FDF4F7C7
:10C1E000C3F904AA1F21039682E892000094CDE9C6
:10C1F000014000231A4649466820F2F7F4FC0AAFD2
:10C20000CDE90447DFF86481CDE90084002302947E
:10C2100003941A4649466020F0F74EFCCDE90447E6
:10C22000CDE900840023029403941A46494648202D
:10C23000F0F742FC08990DF11C09CDE90441CDF855
:10C24000189003940094CDE90146494B03224949D3
:10C250000020F3F7DDFF4FF08341DAF800000CF027
:10C2600081FE014658460CF07DFE0DF001F800F00D
:10C27000FF0AF4F77FF91722CDE903420DF12408F4
:10C28000CDE905480094CDE9014000231A46514606
:10C290003820F2F7A8FCF4F773F94FF03B0BCDE927
:10C2A000034BCDE905480094CDE9014000231A462F
:10C2B00051465020F2F797FCF4F76EF9CDE9034BA5
:10C2C000CDE905480094CDE9014000231A465146C6
:10C2D0006820F2F788FCDFF89480CDE90447A8F1E4
:10C2E0001008CDE900840023029403941A465146B5
:10C2F0004820F0F7E1FBCDE90447CDE900840023B5
:10C30000029403941A4651466020F0F7D5FB099930
:10C31000CDF81890CDE9044103940094CDE901468D
:10C32000154B032215490120F3F772FF039404947F
:10C33000CDE905490094CDE901460222104B11498F
:10C340001046F3F765FF0798E8600A98A860052093
:10C3500068700D482861042028700C4868610BB093
:10C36000BDE8F08FDC5500200000104246000020A0
:10C3700018A9020858A502081EA902085BA5020810
:10C3800094A8020876A502080AA50208E5A70208F3
:10C390002DE9F04EDFF8649105468AB04FF08140F8
:10C3A000DFF85CB12427C9F80000E9F75FF9002441
:10C3B00007940894099402F089FE02F087FE09A907
:10C3C000CDE90441CC300126CDE90004CDE9026479
:10C3D00000231A4639465020F0F76EFB0DF11C0A77
:10C3E00003940494CDE9054A00940194454B04223A
:10C3F000454900200294F3F70BFF4FF08341D9F831
:10C4000000000CF0AFFD014658460CF0ABFD0CF0FF
:10C410002FFF00F0FF0B42F2107098FBF0F100FBD1
:10C4200011814FF47A7091FBF0F04FF00909CDE9DA
:10C430000349C0B20094CDE9014008AF00231A4679
:10C4400059465020CDE90567F2F7CDFB4FF47A70DD
:10C4500098FBF0F100FB1181642091FBF0F0CDE935
:10C460000349C0B20094CDE9014000231A46594661
:10C470005820CDE90567F2F7B6FB642098FBF0F190
:10C4800000FB11800A2190FBF1F0CDE90349C0B215
:10C490000094CDE9014000231A4659466020CDE9B9
:10C4A0000567F2F7A0FB0899CDF818A0CDE9044183
:10C4B00003940094CDE90146144B04221449012051
:10C4C000F3F7A6FE03940494CDE9054A0094CDE960
:10C4D000014602220F4B10491046F3F799FE0798C8
:10C4E000E8600998A860272068700C482861082037
:10C4F00028700B4868610AB0BDE8F08EDC5500205A
:10C5000000001042F8A802086AA502087CA50208EB
:10C5100078A5020894A8020876A50208CAB5020800
:10C52000D2B50208F0B51949044689B04FF08040F1
:10C530000860E9F79BF8002507AF07950395049578
:10C54000CDE905570126CDE90056114B06221149C8
:10C5500028460296F3F75CFE03950495CDE905574E
:10C56000CDE900560C4B06220C4901200296F3F748
:10C570004FFE272060700A4820610620207009487D
:10C5800060610798E06009B0F0BD0000DC55002054
:10C5900002B60208FCB50208ECB50208E6B50208CE
:10C5A000B7B50208BDB50208F0B51949044689B00F
:10C5B0004FF080400860E9F759F8002501263E2039
:10C5C000CDE90006079507AF039504950296CDE9DE
:10C5D0000557104B022210492846F3F719FE039520
:10C5E0000495CDE90557CDE900560C4B02220C49C4
:10C5F00001200296F3F70CFE2720607009482061A5
:10C6000004202070084860610798E06009B0F0BD20
:10C61000DC5500209DA8020872A5020899A802080E
:10C6200074A50208E9B30208EDB302082DE9F04F42
:10C630000F46374905468BB04FF082404FF028082F
:10C640000860E9F713F80024079408944FF0040BEE
:10C6500009944FF00A0ACDE9034BB7FBFAF00DF14C
:10C66000200901260094CDE90569CDE90140234662
:10C67000224641465820F2F7B6FAB7FBFAF10922F2
:10C68000CDE903420AFB11700094CDE90140CDE9E8
:10C69000056900231A4641466020F2F7A4FA09A86A
:10C6A000CDE904401B48CDE90004CDE90264002334
:10C6B0001A4641467020F0F7FFF9089807AFCDE918
:10C6C0000440069703940094CDE90146124B0322DF
:10C6D00012490020F3F79CFD03940494CDE905472B
:10C6E0000094CDE901460E4B02220E490120F3F7DA
:10C6F0008FFD0998A860302068700B48286185F884
:10C7000000B00A4868610798E8600BB0BDE8F08F98
:10C71000DC5500200EB4020803B4020800B402087D
:10C7200094A8020876A50208E9B30208EDB302084E
:10C73000F0B589B04F49074600244FF08240079476
:10C740000860E8F793FF07F071FA0068012507AE6B
:10C7500000287DD007F08CFA014630200C296ED2DB
:10C76000DFE801F0060F186D212A333C454E576073
:10C77000CDE90005039404943F4B03223F49029501
:10C7800058E0CDE90005039404943D4B01223D4956
:10C7900002954FE0CDE90005039404943A4B022240
:10C7A0003A49029546E0CDE9000503940494384BDC
:10C7B0000322384902953DE0CDE900050394049435
:10C7C000354B02223549029534E0CDE9000503944A
:10C7D0000494334B0222334902952BE0CDE9000546
:10C7E00003940494304B01223049029522E0CDE9B4
:10C7F0000005039404942E4B02222E49029519E061
:10C80000CDE90005039404942B4B03222B49029598
:10C8100010E0CDE9000503940494294B0322294933
:10C82000029507E0CDE90005254B274903940494C0
:10C8300002220295CDE905462046F3F7E9FC0520E2
:10C84000787022483861042038702148786100E00F
:10C8500003E00798F86009B0F0BD03940494CDE9B3
:10C8600005462046CDE900451A4B04221A49029498
:10C87000E3E70000DC550020B6B40208B3B40208B8
:10C88000A7B60208A6B6020880B702087EB702085B
:10C8900014B7020811B7020886B7020884B7020865
:10C8A0008BB6020889B602088BB702088AB702085D
:10C8B00090B702088EB70208BAB70208B7B70208E5
:10C8C00016B502080EB8020814B50208E9B302084A
:10C8D000EDB302082EB402082AB4020803F08ABAA3
:10C8E0002DE9F0435549064689B04FF080404FF09E
:10C8F00000080860E8F7BAFE002407940AF0C6FDB5
:10C9000007AF012578B11321CDE9001503940494F4
:10C910000295CDE9054720464FF00108484B042217
:10C920004849F3F775FC0E20CDE900050394049403
:10C930000295CDE9054708F10109434B042243491B
:10C940004046F3F765FC0F20CDE9000503940494FD
:10C950000295CDE9054709F1010848463C4B042200
:10C960003C49F3F755FC0C20CDE9000503940494F1
:10C970000295CDE90547404608F10108364B0522EE
:10C980003649F3F745FC0B20CDE9000503940494E8
:10C990000295CDE90547404608F10108304B0422D5
:10C9A0003049F3F735FC0D20CDE9000503940494DC
:10C9B0000295CDE90547404608F101082A4B0422BB
:10C9C0002A49F3F725FC1420CDE9000503940494CB
:10C9D0000295CDE90547404608F10108244B0422A1
:10C9E0002449F3F715FC1520CDE9000503940494C0
:10C9F0000295CDE90547404608F101081E4B042287
:10CA00001E49F3F705FC1620CDE9000503940494B4
:10CA10000295CDE905474046194B04221949F3F721
:10CA2000F7FB0798F060022070701748306104200F
:10CA300030701648706109B0BDE8F083DC55002005
:10CA400036A8020826A50208F8A7020812A50208BF
:10CA50000BA8020816A502087BA7020876A7020801
:10CA6000E5A702080AA50208EFA702080EA502081A
:10CA70008AA5020886A5020842A802082AA502087B
:10CA800070A702086CA7020802A50208CEA7020838
:10CA90002DE9F04FDFF874830E468BB04FF08141E3
:10CAA0000446DFF86CA34FF0240BC8F80010E8F739
:10CAB000DDFD0025089509950A9502F007FB4079F0
:10CAC00001270DF1280905287DD02D2EFCD002F07C
:10CAD000FDFACDE90275CDE9045900231A465946FD
:10CAE0005330CDE900055020EFF7E6FF08A8039585
:10CAF0000495CDE9055000950195C64B0422C64921
:10CB000000200295F3F784FB4FF08341D8F8000032
:10CB10000CF028FA014650460CF024FA0CF0A8FB61
:10CB2000C0B2079002F0D2FA40794FF47A7A0DF150
:10CB300024084FF0640B05287ED02D2E7DD002F006
:10CB4000C5FA5330F5F7F6F90022B44B0BF0B4FFF9
:10CB50000022B34B0BF09CFC0BF0EAFE064604A946
:10CB600044200095019581E881014322CDE902022C
:10CB700000231A4658200799F2F735F842F2107050
:10CB800096FBF0F100FB116191FBFAF0CDE9035740
:10CB9000C0B20095CDE90150CDE9057800231A46D1
:10CBA00060200799F2F71FF896FBFAF10AFB116172
:10CBB00091FBFBF04FF0090ACDE9035A0023C0B204
:10CBC0001A46009500E057E0CDE90150CDE905781F
:10CBD00068200799F2F707F896FBFBF10BFB116150
:10CBE0000A2091FBF0F0CDE9035AC0B20095CDE9DF
:10CBF0000150CDE9057800231A4678200799F1F70E
:10CC0000F2FFCDE904598748CDE9000502950023DC
:10CC100003951A4670200799EFF74EFF824820616E
:10CC20000820207081486061099808AECDE9045061
:10CC3000069603957E4B01E029E080E00095CDE962
:10CC4000015704227B490120F3F7E2FA039504958A
:10CC5000CDE905560095CDE901570222764B77497B
:10CC60001046F3F7D5FA0898E0600A98A0602720EC
:10CC700060700BB0BDE8F08F02F028FACDE90275C4
:10CC8000CDE9045900231A4659464B3029E702F0F2
:10CC90001DFAB0F86C000BF0BFFE0022604B0BF0E9
:10CCA000F7FB0BF045FE064642F2107096FBF0F1E2
:10CCB00000FB116191FBFAF0CDE90357C0B200957A
:10CCC000CDE90150CDE9057800231A465020079997
:10CCD000F1F789FF96FBFAF10AFB116191FBFBF07A
:10CCE0000321CDE90351C0B20095CDE90150CDE952
:10CCF000057800231A4658200799F1F774FF96FB30
:10CD0000FBF10BFB11614FF00A0A91FBFAF04FF0B7
:10CD10000909CDE90359C0B20095CDE90150CDE92B
:10CD2000057800231A4660200799F1F75CFF96FB0F
:10CD3000FAF10AFB1160CDE90359C0B254E0EDF7F6
:10CD4000C1FC0BF052FE0022354B0BF0A1FB0BF0A7
:10CD5000EFFD064642F2107096FBF0F100FB116108
:10CD600091FBFAF0CDE90357C0B20095CDE901502F
:10CD7000CDE9057800231A4650200799F1F733FFD3
:10CD800096FBFAF10AFB116191FBFBF00322CDE95E
:10CD90000352C0B20095CDE90150CDE905780023DA
:10CDA0001A4658200799F1F71EFF96FBFBF10BFB83
:10CDB00011614FF00A0991FBF9F04FF0090ACDE932
:10CDC000035AC0B20095CDE90150CDE905780023A2
:10CDD0001A4660200799F1F706FF96FBF9F109FB67
:10CDE0001160CDE9035AC0B20095CDE90150CDE9FB
:10CDF000057800231A4668200799F1F7F4FE1048D9
:10CE00002061062020700F480DE70000DC5500204F
:10CE100000001042F8A802086AA502080000594064
:10CE20000000E03F26000020D8B80208E0B8020861
:10CE30007CA5020878A5020894A8020876A5020835
:10CE40000BB9020811B902082DE9F04F8846EC49E8
:10CE500004468BB0E9480860E8F708FC0025E94E75
:10CE60000227079508950DF1200B0DF1240A4FF0CC
:10CE700001090995B8F1000F03D0B8F10C0F78D172
:10CE80008DE002F023F94079CDE9027521287DD0AB
:10CE9000CDE9045ADC48DD4A0423CDE9000524210C
:10CEA0000020EFF709FED748CDE9045A3030CDE92C
:10CEB00000050023029503951A4638216420EFF7F8
:10CEC000FBFDCDE9045ACDE90065002302950395E9
:10CED0001A4638214C20EFF7EFFD4E464FF0090976
:10CEE000CDE90359009501950295CDE9056B002325
:10CEF000D8461A4638213420F1F775FECDE903599A
:10CF0000009501950295CDE9056800231A46382160
:10CF10003C20F1F768FECDE9035900950195029593
:10CF2000CDE9056800231A4638214420F1F75BFE5D
:10CF3000CDE90359009501950295CDE905680023D7
:10CF40001A4638215420F1F74EFE089907A8CDE97A
:10CF500004510690CDE900560395AD4B0622AD492C
:10CF600000200296F3F754F902F0B0F84079212836
:10CF70007ED00798E0600998A06026206070A648DF
:10CF80002061A648277060610BB000E001E0BDE8B9
:10CF9000F08FCDE9045AA2480223A24A7DE7CDE9E9
:10CFA000045AA148CDE90005CDE9027504239F4A42
:10CFB00024210020EFF780FD0AF0F8FB00287DD047
:10CFC0000AF0F4FB0A2879D00AF0F0FBCDE9045A04
:10CFD000CDE9006505284FF00003029503951A4638
:10CFE0004FF038014FF04C0069D0EFF765FD4FF07E
:10CFF0000908CDE90358009501950295CDE9059BF7
:10D0000000235E464F461A4638213C20F1F7EBFDDF
:10D01000CDE90358009501950295CDE905760023E9
:10D020001A4638214420F1F7DEFDCDE9035800957A
:10D0300001950295CDE9057600231A463821542042
:10D04000F1F7D1FDCDE90358009501950295CDE9A1
:10D05000057600231A4638215C20F1F7C4FDCDE99E
:10D06000035800233821009501951A46642000E0FA
:10D07000B8E00295CDE90576F1F7B5FDCDE90358A5
:10D08000009501950295CDE9057600231A463821D1
:10D090006C20F1F7A8FD089907A803950495CDE940
:10D0A0000510CDE900595A4B06225A490020CDF807
:10D0B0000890F3F7ADF80798E06001E00AE04CE073
:10D0C0000998A060262060705848206104202070D4
:10D0D000554858E703A80927CDF818B080E8A00202
:10D0E00000235E46009501951A4638213C200295A2
:10D0F000F1F779FD03A8069680E8A00200230095C9
:10D1000001951A46382144200295F1F76CFD03A8D9
:10D11000069680E8A0020023009501951A46382162
:10D120004C200295F1F75FFD03A8069680E8A00267
:10D130000023009501951A46382154200295F1F7F5
:10D1400052FD03A8069680E8A0020023382100952E
:10D1500001951A465C2002959BE7EFF7ADFC03A80A
:10D160000927CDF818B080E8A00200235E4600959C
:10D1700001951A4638213C200295F1F734FD03A8A9
:10D18000069680E8A0020023009501951A463821F2
:10D1900044200295F1F727FD03A8069680E8A00237
:10D1A0000023009501951A46382154200295F1F785
:10D1B0001AFD03A8069680E8A002002300950195B9
:10D1C0001A4638215C200295F1F70DFD03A806965A
:10D1D00080E8A00200233821009501951A466420BA
:10D1E000029556E70798E0600998A06026206070D5
:10D1F0000C48206127700A48C5E600000000304254
:10D20000DC550020260000206FA602086BA602084D
:10D2100003A60208FDA5020866A50208E2A8020806
:10D22000CDA8020862A5020880A602087CA6020812
:10D230002DE9F04F0F46864905468BB083480860BC
:10D24000E8F714FA00248348834E079408940DF1FC
:10D2500024080DF120094FF0020B099417B10C2F8F
:10D260007ED168E0CDE90448CDE90004CDE902B4FF
:10D27000C2460423794A24210020EFF71DFC76489A
:10D28000CDE9044A3030CDE9000400230294039430
:10D290001A4638216420EFF70FFCC8464FF0090901
:10D2A000CDE9034901270094CDE90578CDE901478F
:10D2B00000231A4638213420F1F795FCCDE90349C3
:10D2C000009401940294CDE9057800231A46382190
:10D2D0003C20F1F788FCCDE90349009401940294C5
:10D2E000CDE9057800231A4638214420F1F77BFC6C
:10D2F000CDE9044ACDE900640023029403941A4660
:10D3000038214C20EFF7D8FBCDE903490094019474
:10D310000294CDE9057800231A4638215420F1F70C
:10D3200062FC089907A8CDE904410690CDE90047C1
:10D330000394029774E0CDE90448CDE90004CDE9F7
:10D3400002B40423454A24210020EFF7B5FBCDE9C0
:10D35000044800233821029403941A46542000E024
:10D3600064E0CDE90064EFF7A7FB4FF00908CDE9D1
:10D37000034801260094CDE90569CDE90146002363
:10D380004F461A4638212C20F1F72DFCCDE90348F1
:10D3900000940194002302941A4638213420CDE9E8
:10D3A0000567F1F720FCCDE90348009401940023C0
:10D3B00002941A4638213C20CDE90567F1F713FCA9
:10D3C000CDE9034800940194002302941A463821C1
:10D3D0004420CDE90567F1F706FCCDE90348009448
:10D3E0000194002302941A4638214C20CDE90567A8
:10D3F000F1F7F9FBCDE9034800940194002302946E
:10D400001A4638215C20CDE90567F1F7ECFB089955
:10D4100007A8CDE904410690CDE9004603940296A1
:10D420000F4B06220F490020F2F7F2FE0798E86042
:10D430000998A860262068700B48286185F800B01C
:10D440000A4868610BB0BDE8F08F00000000304270
:10D45000DC55002080A60208260000207CA60208D9
:10D4600003A60208FDA5020866A50208E2A80208B4
:10D470002DE9F0418846234905468AB04FF08240A5
:10D4800028270860E8F7F2F800240126079408949A
:10D49000CDE903460321CDE9004108A8CDF8088075
:10D4A000CDE905603346184A39465820F1F79BFB11
:10D4B000089807AFCDE90440069703940094CDE99E
:10D4C0000146124B042212490020F2F7A1FE0394F8
:10D4D0000494CDE905470094CDE901460D4B0222A5
:10D4E0000D490120F2F794FE0520AC6068700B48EE
:10D4F0002861042028700A4868610798E8600AB02B
:10D50000BDE8F081DC550020A5A502089AA5020817
:10D5100096A5020894A8020876A5020886A5020826
:10D520008AA502082DE9F74F88B00C46054600276A
:10D5300006F09EFB00264FF03F094FF002084FF027
:10D54000050A4FF0040B10287ED2DFE800F0084BEC
:10D55000B57DF0EEED7D7DECEBEAE9E8E7E60A98D3
:10D5600001280ED10121CDE9009102910396049684
:10D57000CDE905640F463046FC4B0222FC49F2F728
:10D5800047FE4FF001084021CDE9001803960496AC
:10D59000CDF80880CDE9056438467F1CF54B0222A2
:10D5A000F549F2F735FE01F091FD40794FF0410168
:10D5B000CDE900182128039604963846CDF8088056
:10D5C0000CD0EE4BEE490222CDE90564F2F720FEC5
:10D5D000EC48286185F800A0EB4849E0EB4B0222BB
:10D5E000EB49F1E70127CDE90097039604960297EE
:10D5F000CDE90564DD4B0222DD493046F2F708FE35
:10D600000AF064F800284FF04800CDE900070396BF
:10D61000049602972ED0CDE90564DE4B0422DE4944
:10D620003846F2F7F5FD4920CDE900070396049648
:10D630000297CDE905644FF00309D84B0422D8497D
:10D640004046F2F7E5FD00E0E0E04A20CDE90007C2
:10D65000D44BD5490396049605220297CDE905647B
:10D660004846F2F7D5FDD148286103202870D048FC
:10D670006861CBE0CDE90564CE4B0422CE49384643
:10D68000F2F7C6FD4920CDE90007039604960297FC
:10D69000CDE905644FF00309C84B0422C849404650
:10D6A000F2F7B6FD4A20CDE9000703960496C54B74
:10D6B0000422C5490297D1E701275920CDE9000787
:10D6C000039604960297CDE90564C04B0322C04936
:10D6D0003046F2F79DFD5A20CDE9000703960496E7
:10D6E0000297CDE90564BB4B0322BB493846F2F7EC
:10D6F0008FFD5B20CDE90007039604960297CDE9E4
:10D700000564B64B0322B6494046F2F781FDB548A1
:10D71000286185F800B0B448AAE74DE02FE3D7E2CE
:10D720009AE2ADE107E1D6E079E060E0FFE70127AA
:10D73000CDE90097039604960297CDE9056430463B
:10D740008A4B02228A49F2F763FD01F0BFFC40795F
:10D75000032804D0342802D05D2827D118E06020A7
:10D76000CDE90007039604960297CDE905649F4B27
:10D7700002229F493846F2F74BFD5C20CDE90007B5
:10D78000039604969B4B02229B494046029709E070
:10D790005C21CDE90017994B9949039638460496C8
:10D7A00003220297CDE90564F2F732FD954828611E
:10D7B00085F800A094485BE70127CDE90097039620
:10D7C00004960297CDE90564904B042290493046B7
:10D7D000F2F71EFD5C20CDE9000703960496029740
:10D7E000CDE905648B4B04228B4938460CE00121BE
:10D7F0005F22CDE90021029103960496CDE90564EC
:10D8000030467C4B02227C49F2F702FD83482861B6
:10D8100085F800A0824868610BB0BDE8F08F012751
:10D82000CDE90097039604960297CDE905644F4B26
:10D8300002224F493046F2F7EBFC4620CDE90007C3
:10D84000039604960297CDE90564764B0322764948
:10D850003846F2F7DDFC4720CDE900070396049631
:10D860000297CDE905644FF00309704B4A467049B1
:10D870004046F2F7CDFC4820CDE900070396049618
:10D880000297CDE905644B4B04224B494846F2F719
:10D89000BFFC4920CDE90007039604960297CDE925
:10D8A0000564464B042246495846F2F7B1FC4A202B
:10D8B000CDE90007039604960297CDE90564414B34
:10D8C000042241495046F2F7A3FC5A48286185F8E2
:10D8D00000B05948CCE60127CDE90097039604969D
:10D8E0000297CDE90564214B022221493046F2F727
:10D8F0008FFC6020CDE90007039604960297CDE9DE
:10D9000005643A4B02223A493846F2F781FC5C2022
:10D91000CDE90007039604960297CDE90564474BCD
:10D92000022247494046F2F773FC4648286185F8D1
:10D9300000A045489CE60127CDE900970396049690
:10D940000297CDE90564094B022209493046F2F7F6
:10D950005FFC5D20CDE90007039604960297CDE9B0
:10D9600005643A4B04223A49384673E03AB4020857
:10D9700038B40208F5B90208F3B90208E2A80208AF
:10D9800066A502089FB40208A4B40208CDA8020844
:10D9900062A502085CB602084FB6020864B6020827
:10D9A00053B602086CB6020857B6020894B60208CD
:10D9B00097B6020837B602082BB602083FB602082F
:10D9C0002FB6020847B6020833B6020802B50208AD
:10D9D000F9B4020808B50208FCB402080EB5020842
:10D9E000FFB402086AB702086EB702084EB4020814
:10D9F0004CB40208D8A8020864A5020814B70208AB
:10DA000011B70208EFB60208F4B6020843B40208E0
:10DA10003FB4020862B702085EB702083AA50208DE
:10DA200073A802087BB6020875B6020882B602081F
:10DA300078B6020816B602081AB60208C0B702087D
:10DA4000BEB7020894B7020899B70208B5B9020830
:10DA5000B1B90208F2F7DCFB5E20CDE900070396BE
:10DA600004960297CDE905640324DD4B0422DD49C9
:10DA70004046F2F7CDFBDC4828612C70DB48F7E527
:10DA800001F024FB40790A2804D04A2802D05F28FC
:10DA900067D16CE00121CDE90091304603960496F0
:10DAA00002913746CDE905040E46D14B0222D149F9
:10DAB000F2F7AEFB09F0ACFDE8B101265120CDE94B
:10DAC0000006039704970296CDE90574CA4B042219
:10DAD000CA493046F2F79CFB5220CDE90006029677
:10DAE00003970497CDE905740326C54B0422C54965
:10DAF0004046F2F78DFB4FF001095321CDE90019A3
:10DB000003970497CDF80890CDE905743046C846D0
:10DB1000761CBD4B0422BD49F2F77AFB5421CDE9B6
:10DB20000018CDF8088003970497CDE9057406F135
:10DB30000108B74B0422B7493046F2F769FB09F0F8
:10DB400067FD70B15521CDE9001903970497CDF811
:10DB50000890CDE905744046AF4B0422AF49F2F777
:10DB600057FBAF48286185F800B0AE4880E5012733
:10DB7000CDE90097039604960297CDE905649C4B86
:10DB800002229C493046F2F743FB4B20CDE90007C7
:10DB9000039604960297CDE90564A34B0222A3499C
:10DBA0003846F2F735FB4C20CDE900070396049682
:10DBB0000297CDE905644FF003099D4B4A469D4904
:10DBC0004046F2F725FB4D20CDE900070396049669
:10DBD0000297CDE90564984B032298494846F2F72D
:10DBE00017FB4E20CDE90007039604960297CDE976
:10DBF0000564934B032293495846F2F709FB4F20E3
:10DC0000CDE90007039604960297CDE905644FF02D
:10DC100006088D4B03228D495046F2F7F9FA502041
:10DC2000CDE90007039604960297CDE905644FF00D
:10DC30000709874B032287494046F2F7E9FA582043
:10DC4000CDE90007039604960297CDE90564824B5F
:10DC500002228249484682E701274320CDE9000796
:10DC6000039604960297CDE90564B0467C4B0222E8
:10DC70007C493046F2F7CCFA4020CDE90007039604
:10DC800004960297CDE905640226774B0422774972
:10DC90003846F2F7BDFA01F019FAD0F88800744955
:10DCA00088420FD1CDF80C80CDF81080CDE90584E5
:10DCB0004120CDE9000730466E4B04226E490297A1
:10DCC000F2F7A6FA6D48286185F800B06C48CFE4F9
:10DCD00001F0FCF940791D281DD02A2801D04E28DA
:10DCE00047D101275F20CDE90007039604960297EC
:10DCF000CDE90564634B042263493046F2F788FAA4
:10DD00004420CDE9000703960496354B042235499B
:10DD10003846029729E05D4802F0F8F801274320D1
:10DD2000CDE90007039604960297CDE90564584BA8
:10DD3000042258493046F2F76BFA5F20CDE900071C
:10DD4000039604960297CDE905644E4B04224E4992
:10DD50003846F2F75DFA4420CDE90007204B21490F
:10DD600003960496042240460297CDE90564F2F733
:10DD70004FFA4948286103202870444878E4012775
:10DD8000CDE90097039604960297CDE90564184BF8
:10DD9000022218493046F2F73BFA4320CDE900074A
:10DDA000039604960297CDE90564394B042239495C
:10DDB0003846F2F72DFA4420CDE900070396049681
:10DDC0000297CDE905640324054B0422054940462A
:10DDD000F2F71EFA314828612C70314848E40000FF
:10DDE00099B9020895B902080EB8020811B80208DC
:10DDF0003AB4020838B4020824B5020820B5020873
:10DE000031B502082DB502083FB502083BB502083E
:10DE10004CB5020848B502085AB5020856B50208C2
:10DE2000CAB40208CEB402084EB402084CB40208C8
:10DE300002B50208F9B4020808B50208FCB40208E9
:10DE4000E7B40208DEB40208EDB40208E1B4020847
:10DE5000F3B40208E4B4020855B4020853B402084B
:10DE6000CDA8020862A502086FA602086BA60208E8
:10DE70000000404080A602087CA6020858B80208AC
:10DE80005CB80208A7B90208A3B90208BAB8020828
:10DE9000B5B90208B1B90208B7B8020801BA020858
:10DEA00004BA02082DE9F041284905468AB04FF02E
:10DEB00081400860E7F7DAFB00240894079407AF75
:10DEC00003940494CDE905470126CDE90046204B93
:10DED0000522204920460296F2F79AF90DF1200812
:10DEE000CDE904481C48CDE90004CDE902640023D3
:10DEF0001A4638212820EEF7DFFD03940494CDE97B
:10DF00000547CDE90046154B05221549022002962A
:10DF1000F2F77EF9CDE904481248CDE90004CDE9D5
:10DF2000026400231A4660212820EEF7C5FD0A206E
:10DF300068700D482861052028700C4868610898B1
:10DF4000A8600798E8600AB0BDE8F081DC550020C1
:10DF5000C4B60208BFB60208D0B60208CCB60208A2
:10DF6000C7B60208DFB60208AAB60208AFB60208B2
:10DF700010B51249044688B04FF083400860E7F7B7
:10DF800075FB002007A9079003900490CDE90501D7
:10DF90000121CDE900010291094B06220949F2F75E
:10DFA00037F9052060700848206104202070074878
:10DFB00060610798E06008B010BD0000DC550020EB
:10DFC0005FA7020859A702086CA7020870A70208F9
:10DFD0002DE9F043444905468BB042480860E7F715
:10DFE00045FB00240DF124090994CDE90449079467
:10DFF000089402213D48CDE90214CDE90004042330
:10E000003B4A24212046EEF757FD01F05FF84079A6
:10E010000126612843D14FF00908CDE9034808AF34
:10E0200000940194002302941A4638213C20CDE943
:10E030000567F0F7D8FDCDE903480094019400236B
:10E0400002941A4638214420CDE90567F0F7CBFD4C
:10E05000CDE9034800940194002302941A46382124
:10E060004C20CDE90567F0F7BEFDCDE90449214814
:10E07000CDE900040023029403941A463821542069
:10E08000EEF71AFDCDE903480094019400230294B1
:10E090001A4638215C20CDE90567F0F7A4FD089900
:10E0A00007A8CDE904410690CDE900460394124B40
:10E0B0000622124900200296F2F7AAF80798E860B3
:10E0C0000998A8602620687001F000F8407961285E
:10E0D00005D10B482861042028700A4868610BB0FC
:10E0E000BDE8F08300003042DC55002013A6020892
:10E0F0000FA602082600002003A60208FDA50208BC
:10E10000B1B90208B5B902082DE9F0434449054602
:10E110008BB042480860E7F7A9FA00240DF1240902
:10E120000994CDE904490794089402213D48CDE9BA
:10E130000214CDE9000404233B4A24212046EEF7D3
:10E14000BBFC00F0C3FF40790126612843D14FF0AA
:10E150000908CDE9034808AF009401940023029414
:10E160001A4638213C20CDE90567F0F73CFDCDE9A2
:10E17000034800940194002302941A463821442055
:10E18000CDE90567F0F72FFDCDE903480094019430
:10E19000002302941A4638214C20CDE90567F0F798
:10E1A00022FDCDE904492148CDE900040023029471
:10E1B00003941A4638215420EEF77EFCCDE903483B
:10E1C00000940194002302941A4638215C20CDE982
:10E1D0000567F0F708FD089907A8CDE90441069006
:10E1E000CDE900460394124B062212490020029604
:10E1F000F2F70EF80798E8600998A8602620687082
:10E2000000F064FF4079612805D10B4828610420A3
:10E2100028700A4868610BB0BDE8F0830000304206
:10E22000DC55002013A602080FA6020826000020D5
:10E2300003A60208FDA5020895B9020899B90208CB
:10E240002DE9F04F87B00646E7F710FA00F03EFFE1
:10E25000C06F0AF05BFECDE9000170A20721714892
:10E26000E2F74AF900F032FFD0F880000AF04EFEE3
:10E27000CDE900016B4869A20721C01DE2F73CF916
:10E2800000F024FFD0F884000AF040FECDE9000140
:10E29000644862A207210E30E2F72EF900F016FF63
:10E2A000D0F888000AF032FECDE900015D485BA29B
:10E2B00007211530E2F720F9002406AD0227069465
:10E2C000DFF86491CDE90445CDE90274CDE900940D
:10E2D0003B46564A24212046EEF7EEFBDFF850A1DC
:10E2E000CDE90445CDE90274CDE900A40423514AE7
:10E2F00024212020EEF7E0FB4A48CDE904450E300A
:10E300004FF00108CDE90004CDE9028400231A464C
:10E3100024216020EEF7D0FBDFF81CB1CDE90445E5
:10E32000CDE90274CDE900B40223444A382100202B
:10E33000EEF7C2FBCDE90445CDE90274CDE900A4B6
:10E3400004233C4A38212020EEF7B6FB3548CDE9BE
:10E3500004451530CDE90004CDE9028400231A46B6
:10E3600038216020EEF7A8FBCDE90445CDE9027421
:10E37000CDE9009402232D4A4C210020EEF79CFBAE
:10E38000DFF8BC90CDE90445CDE90274CDE90094F5
:10E3900003232C4A4C212020EEF78EFB2148CDE9A7
:10E3A0000445CDE90004CDE9028400231A464C213E
:10E3B0006020EEF781FBCDE90445CDE90274CDE99B
:10E3C00000B402231D4A60210020EEF775FBCDE961
:10E3D0000445CDE90274CDE900940323194A602174
:10E3E0002020EEF769FB0F48CDE90445C01DCDE9BB
:10E3F0000004CDE90284002360211A460846EEF7A6
:10E400005BFB0698B060272070700F4830610520D4
:10E4100030700E48706107B0BDE8F08F25322E34A1
:10E42000660000002B560020A1B502089FB5020827
:10E4300086B5020882B50208A7B50208A5B502088C
:10E4400094B5020891B502086AB502086FB50208D2
:10E450002DE9F04FFF4904468BB0FD480860E7F70F
:10E4600005F900250DF1240A0995CDE9045A07950F
:10E4700008950221F848CDE90215CDE900050423ED
:10E48000F64A24212846EEF717FB00F01FFE4079DC
:10E49000F34E01270DF120094FF009084FF0040B4E
:10E4A00060287DD000F012FE4079092879D000F074
:10E4B0000DFE4079612875D000F008FE40794D28A6
:10E4C00071D000F003FE40791D286DD000F0FEFDF4
:10E4D00040794E2869D000F0F9FD40792A28F9D01A
:10E4E00000F0F4FD40795528F4D000F0EFFD4079BC
:10E4F0000328EFD003A8464680E8E0020095CDE966
:10E50000015700231A4638213420F0F76CFB03A88A
:10E51000002380E8E0020095CDE9015B1A4638212E
:10E520003C20F0F760FB03A8002380E8E0020095A0
:10E53000CDE901571A4638214420F0F754FB03A9CE
:10E54000032081E8E0020095CDE9015000231A463E
:10E5500038214C20F0F747FB089907A8CDE9045172
:10E560000690CDE900570395BE4B0622BE49002018
:10E570000297F1F74DFE00F0A9FD40794D2807986C
:10E58000E0600998A0607DD02620607000F09EFDBC
:10E5900040794D2877D077DC1D2876D076DC05E0F1
:10E5A00009E08BE0D0E035E173E1CCE1032801D054
:10E5B00009286CD11BE2CDE9045ACDE9006500239E
:10E5C000029503951A4638214C20EEF775FA00F0B3
:10E5D0007DFDB0F86C00B0F5807F38D000F076FD9E
:10E5E000B0F86C00A0F57061FF39B5D1CDE90358E2
:10E5F0000095CDE9015BCDE9057900234E461A4629
:10E6000038213420F0F7EFFACDE903580095019551
:10E610000295CDE9057600231A4638213C20F0F713
:10E62000E2FACDE90358009501950295CDE905760A
:10E6300000231A4638214420F0F7D5FACDE90358D3
:10E640000023009501951A463821029578E003A829
:10E65000464680E8E0020023009501951A463821DD
:10E6600034200295F0F7BFFA03A8002380E8E00207
:10E670000095CDE9015B1A4638213C20F0F7B3FA4A
:10E6800003A805E0ADE1E4E1B7E1D0E1ABE1C1E130
:10E6900080E8E0020023009501951A4638214420C5
:10E6A0000295F0F7A0FA03A8002380E8E0023821E1
:10E6B000009501951A46542002954BE744204321CA
:10E6C0000095CDE90310CDE90150CDE9057900238E
:10E6D0004E461A4638213420F0F785FACDE9035822
:10E6E000009501950295CDE9057600231A4638215B
:10E6F0003C20F0F778FACDE9035802200095CDE9E7
:10E700000150CDE9057600231A4638214420F0F760
:10E710006AFACDE9035805200095CDE90150CDE90D
:10E72000057600231A4638214C20F0F75CFACDE933
:10E730000358062000950023CDE901501A463821E0
:10E74000CDE90576542005E7CDE9035800950195FC
:10E750000295CDE9057900231A4638212C20F0F7DF
:10E7600042FACDE90358009501950295CDE9057966
:10E7700000231A4638213420F0F735FACDE9035842
:10E78000009501950295CDE9057900231A463821B7
:10E790003C20F0F728FACDE9035800950195029541
:10E7A000CDE9057900231A4638214420F0F71BFAF9
:10E7B000CDE90358009501950295CDE9057900232F
:10E7C0001A4638214C20F0F70EFACDE9035800958F
:10E7D00001950295CDE9057900231A463821542088
:10E7E000F0F701FACDE9045ACDE90065002302955E
:10E7F00003951A4638215C20EEF75EF9CDE90358FF
:10E800000095019502950023CDE9057938211A4636
:10E8100064209FE6CDE9045ACDE900650023029506
:10E8200003951A4638214C20EEF746F903A84646D0
:10E8300080E8E0020023009501951A463821442023
:10E840000295F0F7D0F903A880E8E00200950DE00A
:10E8500000003042DC55002013A602080FA6020873
:10E860002600002003A60208FDA50208002301954A
:10E870001A46382154200295F0F7B5F903A8002371
:10E8800080E8E0020095CDE9015738211A465C2066
:10E8900060E604A944200095019581E881024322A5
:10E8A000CDE9020200231A4638213420F0F79BF903
:10E8B000CDE90358009501950295CDE9057900232E
:10E8C0001A4638213C20F0F78EF9CDE9035800951F
:10E8D00001950295CDE9057900231A463821442097
:10E8E000F0F781F9CDE90358009501950295CDE93E
:10E8F000057900231A4638214C20F0F774F9CDE948
:10E900000358009501950295CDE9057900231A4633
:10E9100038215C20F0F767F9CDE90358009501959F
:10E920000295CDE9057900231A4638216420F0F7D5
:10E930005AF9CDE9035800233821009501951A466C
:10E940006C2002953CE0CDE90358009501950295B5
:10E95000CDE9057900231A4638213C20F0F743F928
:10E96000CDE90358009501950295CDE9057900237D
:10E970001A4638214420F0F736F9CDE903580095BE
:10E9800001950295CDE9057900231A4638214C20DE
:10E99000F0F729F9CDE90358009501950295CDE9E5
:10E9A000057900231A4638215C20F0F71CF9CDE9DF
:10E9B000035800233821009501951A4664200295DA
:10E9C000CDE90579F0F70FF9CDE9045ACDE90065F5
:10E9D0000023029503951A4638215420EEF76CF86F
:10E9E000BAE52720D1E52A2821D0342812D11C48A5
:10E9F0002061022020701B480BE05D281DD00CDC3C
:10EA00004E2814D0552805D117482061174884F89E
:10EA100000B060610BB0BDE8F08F602813D06128B2
:10EA2000F8D113482061032020701248F1E7124802
:10EA3000206184F800B01148EBE711482061032001
:10EA400020701048E5E710482061022020700F4830
:10EA5000DFE70F48206184F800B00E48D9E70000D6
:10EA600064A50208D8A802085EB7020862B70208C7
:10EA700005B8020808B80208A3B90208A7B9020835
:10EA800011B7020814B70208BEB70208C0B70208DF
:10EA900093B8020897B802082DE9F0477349054674
:10EAA0008AB071480860E6F7E1FD002407940894F5
:10EAB000022009AF0994CDE90204CDE904476C486E
:10EAC000CDE9000404236B4A24212046EDF7F4FF2E
:10EAD00000F0FCFA4179CDE904476748CDE900042C
:10EAE0001D29234608AE4FF0090A4FF00109029490
:10EAF00003941A464FF038014FF04C005BD0EDF70D
:10EB0000DBFF03A9C8465746069681E8900100231B
:10EB1000009401941A46382134200294F0F763F8E7
:10EB200003A9069681E890010023009401941A46F7
:10EB300038213C200294F0F756F803A9069681E8A4
:10EB400090010023009401941A4638214420029435
:10EB5000F0F749F803A9069681E890010023009494
:10EB600001941A46382154200294F0F73CF8089991
:10EB700007A803940494CDE90510CDE900493F4B63
:10EB800006223F490020CDF80890F1F741FB079895
:10EB9000E8600998A86000F099FA40791D285BD0D8
:10EBA000262068703748286103202870364868613D
:10EBB0000AB0BDE8F087EDF77FFFCDE9034A009486
:10EBC00001940294CDE9059600234F46D0461A469B
:10EBD00038213420F0F707F8CDE903480094019478
:10EBE0000294CDE9057600231A4638213C20EFF740
:10EBF000FAFFCDE90348009401940294CDE905762B
:10EC000000231A4638214420EFF7EDFFCDE90348F1
:10EC1000009401940294CDE9057600231A46382128
:10EC20005420EFF7E0FFCDE90348009401940294EB
:10EC3000CDE9057600231A4638215C20EFF7D3FF93
:10EC4000CDE903480094019402940023CDE90576B0
:10EC500038211A46642088E7272068700B4828610D
:10EC6000052028700A48A2E700003042DC55002049
:10EC700013A602080FA602082600002003A6020819
:10EC8000FDA50208F9B4020802B50208BEB90208DF
:10EC9000C3B902082DE9F047744905468AB07248A5
:10ECA0000860E6F7E3FC002407940894022009AF0B
:10ECB0000994CDE90204CDE904476D48CDE900048B
:10ECC00004236C4A24212046EDF7F6FE00F0FEF9FD
:10ECD0004179CDE904476848CDE900041D29234660
:10ECE00008AE4FF0090A4FF00109029403941A4646
:10ECF0004FF038014FF04C005CD0EDF7DDFE03A97A
:10ED0000C8465746069681E8900108200094CDE950
:10ED1000014000231A4638213420EFF764FF03A98D
:10ED2000069681E890010023009401941A46382148
:10ED30003C200294EFF757FF03A9069681E8900163
:10ED40000023009401941A46382144200294EFF7DE
:10ED50004AFF03A9069681E89001002300940194DC
:10ED60001A46382154200294EFF73DFF089907A86E
:10ED700003940494CDE90510CDE900493F4B0622E8
:10ED80003F490020CDF80890F1F742FA0798E86073
:10ED90000998A86000F09AF940791D285BD02620D8
:10EDA00068703848286103202870374868610AB0C5
:10EDB000BDE8F087EDF780FECDE9034A00940194A9
:10EDC0000294CDE9059600234F46D0461A463821D5
:10EDD0003420EFF708FFCDE9034800940194029432
:10EDE000CDE9057600231A4638213C20EFF7FBFEDB
:10EDF000CDE90348009401940294CDE905760023FF
:10EE00001A4638214420EFF7EEFECDE9034800947E
:10EE100001940294CDE9057600231A463821542046
:10EE2000EFF7E1FECDE90348009401940294CDE9A7
:10EE3000057600231A4638215C20EFF7D4FECDE991
:10EE400003480094019402940023CDE9057638210B
:10EE50001A46642088E7272068700C48286105203E
:10EE600028700B48A2E7000000003042DC5500206B
:10EE700013A602080FA602082600002003A6020817
:10EE8000FDA50208FFB402080EB50208E0B90208A9
:10EE9000E5B902082DE9F047744905468AB0724881
:10EEA0000860E6F7E3FB002407940894022009AF0A
:10EEB0000994CDE90204CDE904476D48CDE9000489
:10EEC00004236C4A24212046EDF7F6FD00F0FEF8FD
:10EED0004179CDE904476848CDE900041D2923465E
:10EEE00008AE4FF0090A4FF00109029403941A4644
:10EEF0004FF038014FF04C005CD0EDF7DDFD03A979
:10EF0000C8465746069681E8900104200094CDE952
:10EF1000014000231A4638213420EFF764FE03A98C
:10EF2000069681E890010023009401941A46382146
:10EF30003C200294EFF757FE03A9069681E8900162
:10EF40000023009401941A46382144200294EFF7DC
:10EF50004AFE03A9069681E89001002300940194DB
:10EF60001A46382154200294EFF73DFE089907A86D
:10EF700003940494CDE90510CDE900493F4B0622E6
:10EF80003F490020CDF80890F1F742F90798E86072
:10EF90000998A86000F09AF840791D285BD02620D7
:10EFA00068703848286103202870374868610AB0C3
:10EFB000BDE8F087EDF780FDCDE9034A00940194A8
:10EFC0000294CDE9059600234F46D0461A463821D3
:10EFD0003420EFF708FECDE9034800940194029431
:10EFE000CDE9057600231A4638213C20EFF7FBFDDA
:10EFF000CDE90348009401940294CDE905760023FD
:10F000001A4638214420EFF7EEFDCDE9034800947D
:10F0100001940294CDE9057600231A463821542044
:10F02000EFF7E1FDCDE90348009401940294CDE9A6
:10F03000057600231A4638215C20EFF7D4FDCDE990
:10F0400003480094019402940023CDE90576382109
:10F050001A46642088E7272068700C48286105203C
:10F0600028700B48A2E7000000003042DC55002069
:10F0700013A602080FA602082600002003A6020815
:10F08000FDA50208FCB4020808B50208CFB90208C1
:10F09000D4B9020802480078C0F3C00070470000ED
:10F0A0003357002002480078C0F38000704700000A
:10F0B000335700200148406870470000585800202E
:10F0C00001484068704700006058002001484068CF
:10F0D000704700005058002002480078C0F300102C
:10F0E00070470000335700202DE9F04F87B0002013
:10F0F0005F4E029003900546049006F12800DFF869
:10F100006CA105900FE075B1471C5AA13846E1F794
:10F110000DFB04007ED0072D1DD2DFE805F0990B12
:10F120000F20535A910053A10598E1F7FFFA0028E8
:10F1300070D092E0E21B3946701D87E0E21B394631
:10F1400006A8E1F705FB9DF818004128307803D0A8
:10F1500020F0040030707BE040F00400FAE73078E3
:10F16000400775D5E21B394602A8E1F7F1FA002104
:10F1700002A808F0BFFF0022534609F045FA0746EF
:10F18000884609F0D5FB0246E6F75AFA104609F020
:10F190002CFC8B4681463A46434609F0C1FD0022CD
:10F1A000534609F089FC0022334B09F02DFA4A46F8
:10F1B0005B4609F06DF9CDE900012D480C212FA225
:10F1C00010303AE03178490742D5E21B3946F01C4D
:10F1D0003CE0307840073BD5E21B394602A8E1F716
:10F1E000B7FA002102A808F085FF0022534609F073
:10F1F0000BFA0746884609F09BFB0246E6F72EFA13
:10F20000104609F0F2FB8B46814643463A4609F028
:10F2100087FD00E026E00022534609F04DFC002265
:10F22000154B09F0F1F94A465B4609F031F9CDE991
:10F2300000010F4811A20C211C30E1F75DF907E035
:10F240003178490704D5E21B3946701CE1F780FA92
:10F250003178204641F0020131706D1CEDB2062D6F
:10F260007FF651AF07B0BDE8F08F000000005940B5
:10F27000585700202C00000000004E40252E376615
:10F280000000000002480078C0F340107047000002
:10F290003357002002480078C0F300107047000088
:10F2A0003757002002480078C0F300107047000074
:10F2B0003557002002480078C0F300107047000066
:10F2C0002F57002002480078C0F3801070470000DC
:10F2D0003757002002480078C0F3801070470000C4
:10F2E0003557002002480078C0F3801070470000B6
:10F2F0002F5700200248407800F0010070470000BE
:10F300002F57002002484078C0F3001070470000DB
:10F310002F57002001480078C00970472F57002060
:10F3200002480078C0F340007047000037570020C3
:10F3300002480078C0F340007047000035570020B5
:10F3400002480078C0F34000704700002F570020AB
:10F3500002480078C0F3C000704700003757002013
:10F3600002480078C0F3C000704700003557002005
:10F3700002480078C0F3C000704700002F570020FB
:10F3800002480078C0F34010704700003757002053
:10F3900002480078C0F34010704700003557002045
:10F3A00002480078C0F34010704700002F5700203B
:10F3B00002484078C0F380007047000037570020B3
:10F3C00002484078C0F380007047000035570020A5
:10F3D00002484078C0F38000704700002F5700209B
:10F3E00002484078C0F3C000704700002F5700204B
:10F3F00002480078C0F380007047000037570020B3
:10F400000148C08870470000A478002002480078B6
:10F41000C0F3800070470000355700200248007894
:10F42000C0F38000704700002F570020024840784A
:10F43000C0F34000704700002F57002002480078BA
:10F4400000F00100704700003757002002480078A4
:10F4500000F0010070470000355700200248007896
:10F4600000F00100704700002F570020004870474F
:10F47000685700200248007800F001007047000043
:10F4800033570020004870477457002000487047E9
:10F490008D5500200148006870470000DC550020B1
:10F4A00002480078C0F34000704700003357002046
:10F4B00000487047875500200148008970470000C8
:10F4C000325700200248007800F001007047000029
:10F4D0005057002001480078C0097047335700207A
:10F4E00002480078C0F380107047000033570020B6
:10F4F00070B5E3F7B3F809F08FFA144CD4E904239C
:10F5000008F0C6FFC4E90401054620780E460A2823
:10F5100016D309F081FA02460B462846314609F017
:10F5200073F86FF00A020AF0D7F8094A094B09F09C
:10F53000C3FA0246012020700020C4E9040003E061
:10F5400000220549401C2070104670BD1058002054
:10F55000E17A14AE47E109400000F0BF10B5E3F7CF
:10F5600097F86FF00A020AF0B7F8BDE81040024AB7
:10F57000024B09F0A1BA0000E17A14AE47E109405C
:10F5800002484078C0F34000704700003357002025
:10F590000048704759570020004870475B570020CB
:10F5A0002DE9F041FFF714FF08B1F4F703FEFFF770
:10F5B00017FF7C4D4FF4004818B3F4F703FE002208
:10F5C00041462846EBF70DFD0020EAF72DFD00240B
:10F5D000EAF79AFF641CE4B2C82CF9D310217248F0
:10F5E000EBF7F2FC28B1012280217048EBF7F9FC1F
:10F5F000FEE780212846EBF7E7FC012801D0EBF776
:10F60000C5FDFFF70BFF0026694C0127B0B120783C
:10F61000012813D1FFF75AFDB0F8C80002280DD118
:10F62000FFF754FD40794A2808D1624806806248B5
:10F630000770FFF74BFD0021E3F7FEFEFFF7B0FE7A
:10F6400038B1F4F789FEF4F797FD0021022000F0AD
:10F6500063FCFFF72FFE28B1F4F7F8FC414628467B
:10F66000EBF7B7FCFFF73EFEB0B1F4F70DFD2078E5
:10F67000012811D104F0D4FA70B1FFF727FDB0F8DA
:10F68000C800022804D1FFF721FD40794A280AD09A
:10F690000021262000F040FCFFF72CFE40B320782C
:10F6A00001280DD013E042484449803001604449AC
:10F6B00041600721017201210420FAF72BFAEBE7E0
:10F6C00004F0AEFA18B10021032000F025FC2078E8
:10F6D00026280DD1FFF7FAFC40790A2804D0FFF75D
:10F6E000F5FC40794A2803D10021342000F014FCB5
:10F6F000FFF708FE30B12078052803D1002138201B
:10F7000000F00AFCFFF792FE98B12078012811D191
:10F71000FFF7DCFC58B1207960B9277104F0A8FA32
:10F7200002F024FC01460120FAF7F4F902E000217E
:10F73000F9E72671FFF7EEFD38B1F4F7BDFC07F0ED
:10F7400097FC07F091FEF0F745FF2078012827D1BC
:10F75000FFF784FE1B4C70B1F4F77AFD1A4D606818
:10F760006968884207D004F0EBFD00F031FB68685F
:10F77000606028782070FFF7E3FD002810D0F4F7D0
:10F78000BBFC124D686800280AD06168814207D02E
:10F7900004F0D6FD00F01CFB6868606028782070DB
:10F7A000BDE8F08100000240000802400010024065
:10F7B000205500203A5700205457002074B4020806
:10F7C0007BB4020850580020585800206058002090
:10F7D00038B5044601680B48814211D10868486871
:10F7E00000902046ECF76FFBE5F732FFF4F782FD5F
:10F7F0002046BDE838404FF461720349ECF7BEBDC6
:10F8000038BD000000440040AE7800207047000082
:10F8100010B50446E5F7ECFEE5F7F2FE2168C8688E
:10F8200040F01000C8604FF4617206492046ECF7C2
:10F83000A5FD2046C823BDE810400E220249ECF782
:10F84000BFBD0000AE78002050BA020870B50A4E65
:10F850000FE000EB8004002306EB84050AB1FF24CF
:10F8600000E00024EC545B1CDBB2142BF6D3401CEC
:10F87000C0B28842EDD370BD245C002010B51C21BD
:10F88000084C002201EB8103012004EB83031A548E
:10F89000401CC0B20328FAD3491CC9B22C29F1D3A9
:10F8A00010BD0000245C002010B51A21084C002275
:10F8B00001EB8103102004EB83031A54401CC0B2F7
:10F8C0001328FAD3491CC9B22A29F1D310BD00006C
:10F8D000245C002010B53821084C002201EB810384
:10F8E000022004EB83031A54401CC0B21228FAD33E
:10F8F000491CC9B27829F1D310BD0000245C002056
:10F90000F0B510B106240E2301E005240F230026D4
:10F91000094F01F110050CE001EB8102204607EBD5
:10F92000820202E01654401CC0B29842FAD3491C2D
:10F93000C9B2A942F0D3F0BD245C002010B58E21DD
:10F94000084C002201EB8103092004EB83031A54C5
:10F95000401CC0B20B28FAD3491CC9B29E29F1D36E
:10F9600010BD0000245C002010B58421084C00224A
:10F9700001EB8103002004EB83031A54401CC0B246
:10F980000428FAD3491CC9B29E29F1D310BD000046
:10F99000245C002030B5094C1C2202EB82030121BB
:10F9A00004EB830310F8015B5D54491CC9B20329C1
:10F9B000F8D3521CD2B22C2AEFD330BD245C0020E5
:10F9C0002DE9F05F002492468B468046274623E0CF
:10F9D0005CB908F00F00564640F06000F2F780F97D
:10F9E000702141EA1810F2F77BF900254FF0140955
:10F9F00016F8010BF2F736F9641CA4B2B4FBF9F166
:10FA000009FB114010B90020F2F79CF96D1CADB252
:10FA1000142DEDD37F1CFFB25F45D9D3BDE8F09F15
:10FA200030B5094C1A2202EB8203102104EB830348
:10FA300010F8015B5D54491CC9B21329F8D3521C5C
:10FA4000D2B22A2AEFD330BD245C002010B5104C6E
:10FA5000382202EB8201022004EB810300210228FC
:10FA600002D0112802D002E0802100E00121382AD2
:10FA70000BD0772A09D01954401CC0B21228EDD3FC
:10FA8000521CD2B2782AE4D310BDFF21F3E7000064
:10FA9000245C00200020054AFF211318401CC0B23E
:10FAA00083F8E0111428F8D370470000245C00208C
:10FAB00030B5094C8E2202EB8203092104EB83034B
:10FAC00010F8015B5D54491CC9B20B29F8D3521CD4
:10FAD000D2B29E2AEFD330BD245C002030B5094C51
:10FAE000842202EB8203002104EB830310F8015B04
:10FAF0005D54491CC9B20429F8D3521CD2B29E2AC3
:10FB0000EFD330BD245C002001480078704700002E
:10FB10007056002001490020087070477056002080
:10FB20000149012008707047705600201A4910B52D
:10FB300009686FF0010008611748ECF77FF8174873
:10FB40000068016841F040010160EDF7DBFDEDF771
:10FB5000F3FFEDF7D5FFEDF7B7FF1148D0F88810A8
:10FB6000104888471048D0F88C1010488847104833
:10FB70008169104888471048416808488847F2F76B
:10FB8000EFFD582802D10D4901200870ECF720FD47
:10FB9000BDE8104002F004B9705900201859002047
:10FBA0007C560020385A002058570020F459002075
:10FBB000F0570020B059002058560020305800203F
:10FBC0001CB5012211026846F1F73AFF9DF80000CA
:10FBD00000B101207D4C01224FF4A06120706846E5
:10FBE000F1F72EFF9DF8000000B10120A070012266
:10FBF0004FF4C0616846F1F723FF9DF8000000B1A3
:10FC00000120207101224FF4E0616846F1F718FFEE
:10FC10009DF8000000B1012060710122D102684608
:10FC2000F1F70EFF9DF8000000B1012084F8DC0020
:10FC30000122910201A8F1F703FF9DF80430002092
:10FC400001210222002B7CD0012B7BD0032B7AD008
:10FC5000E270A171E171442384F8DE3084F8DD3074
:10FC600020726072A072E07220736073A073E07300
:10FC700020746074A075E07520766076A076E076DA
:10FC800020776077A077E07784F8330084F8340039
:10FC900084F8350084F8360084F8370004F8380F0B
:10FCA0006070A070E07020716272A272E2722273C2
:10FCB0006273A273E27322746274A27404F8140C67
:10FCC00004F8130C04F8120C04F8110C04F8100CCE
:10FCD00004F80F0C04F80E0C04F80D0C04F80C0CCE
:10FCE00004F80B0C21766176E175A176E176217737
:10FCF0006177A177E17784F8201084F8211084F8E7
:10FD000022100A2104F8061C6062A062E0622063EF
:10FD10006063A063E06320646064A064E0642065C5
:10FD20006065A065E06520666066A066E0662067A5
:10FD3000C4F89400C4F89800A4F89E0084F89C00CD
:10FD400002E03BE03CE03DE084F8A00084F8A10044
:10FD500084F8A20084F8A70084F8A80004F8260C10
:10FD600004F8250C04F8230C04F8180C04F8170CFC
:10FD700004F8150C6071A071E071E274227562756F
:10FD800004F80A0C04F8070C04F8090C6067A06773
:10FD9000E067C4F88000C4F88400C4F8880084F8E0
:10FDA000A90004F8240C04F8160C2072A27504F8BB
:10FDB000080CC4F88C00C4F890001CBDE07048E743
:10FDC000E17046E70323E37043E70000347C002042
:10FDD0000148ECF782BE0000C05500200149002018
:10FDE000C870704720550020014900208872704774
:10FDF0002055002010B504460C30F0F72BFA04F122
:10FE00000800ECF76AFE00202061606110BD000070
:10FE1000004870477C5500200148807970470000F9
:10FE20002055002001480078704700002055002030
:10FE300000487047B85500200148807C704700009A
:10FE400020550020014840787047000020550020D0
:10FE50000148C07870470000205500200148807A92
:10FE600070470000205500200148806D7047000059
:10FE7000205500200048704741BA02080148007C24
:10FE800070470000205500202DE9F04188B0002483
:10FE90004FF009080794CDE9034802271048CDE93F
:10FEA0000007012607AD0294CDE9056533460D4AEA
:10FEB00060212020EEF797FECDE903480A48CDE9FE
:10FEC00000070294CDE905650123084A60216820F6
:10FED000EEF789FE06490798486008B0BDE8F08152
:10FEE000D4A90208D3A90208D9A90208D8A90208EE
:10FEF000B855002001498874704700002055002043
:10FF000001490120C87070472055002001498865CB
:10FF100070470000205500202DE9F04107460D46AE
:10FF2000002007F059F9002007F050F9DFF8FC83B2
:10FF300000210C22FE4EA8F19804612F3BD2DFE88D
:10FF400007F03A313B415045656D5B75717F8387A2
:10FF500098A23AF0F4F891ECEBEAE9E8E7E6E53A42
:10FF6000E4E3E2E1E0DFDEDDDCDBDAD9D8D7D6D5C9
:10FF7000D4D3D2D1D0CFCECDCCCBCAC9C8C7C6C5B9
:10FF8000C4C3C2C1C0BFBE3ABDBCBBBAB9B8B7B624
:10FF9000B5B4B3B2B1B0AFAEB2B0ADACABAAA9A874
:10FFA000A7A9A600E148FCF799FCE248A062E24854
:10FFB000E06204F0C5F9D9E3DC48F9F757FD1EE02B
:10FFC000607A66E1D948FBF773F807E2D748FCF797
:10FFD00087FCDA48A062DA48E062002D15D0207A6A
:10FFE000BFE1D248FBF7D4F9D448A062D448E0621C
:10FFF000002DF3D0207A4CE1CC48F8F75DFDCF48D6
:020000040802F0
:10000000A062CF48E062002DDAD1B2E1C748F8F72C
:100010005BFFE3E1A062CA48E062AAE1C348F8F7E7
:100020008FFDDBE1C148FBF743FCD7E1BF48FBF79D
:1000300019FAC048A062C248E06204F079F995E379
:10004000BA48FCF795F8C9E1B848F5F725F9C5E1D4
:10005000B648F9F77BFAB948A062B948E06207F000
:10006000CBFA81E307F018FC0146B048FDF700FA2F
:10007000B4E1AE48F5F7ACF8B048A062B048E06231
:1000800007F0F2F911E1A948F5F75EF8A6E1F2E30D
:10009000F2E3F2E3F2E3F2E3F2E3F2E3F2E3F2E3B8
:1000A000F2E3F2E3F2E3F2E3F2E3F2E3F2E3F2E3A8
:1000B000F2E3D8E3CFE3C6E3BDE3B4E3ABE3ECE3C1
:1000C000F0E135E20EE2D7E14BE25CE3A1E2CFE101
:1000D000A8E1C3E1BAE1BDE199E194E17FE1ABE1DF
:1000E00079E166E15AE1E6E2F9E004E1FDE0FAE0F7
:1000F000EAE0DDE009E1CFE02AE1BAE03CE149E1F4
:100100003EE13BE26AE05FE054E0D0E238E02AE022
:1001100025E041E03CE037E01DE014E009E004E0C8
:10012000FFE78248FBF71EFD58E18048FBF766FEBB
:1001300054E17E48F8F712FC8148E0627F48A062F3
:1001400007F060FA10E37948F9F720FD7C48E06297
:100150007848A0620DE17548FDF70AFF18E1734881
:10016000F8F7C2F914E12078062803D1607901F08C
:100170007DFEA082A18A6D48F8F7E6F9714849E74B
:100180006A48F6F7DFFE03E16848F6F797FCC8E136
:100190006648F6F78BFDC4E16448FAF7B7FF674895
:1001A000A0626748E062FEF791FF90F86C00F0F7FC
:1001B0001FFADBE25D48F4F74FFA6048A06260483E
:1001C000E06207F093F8CFE25848F9F77DF95B4811
:1001D000A0625B48E06207F07FFAC5E25348F4F79B
:1001E000F9F95648A0625648E06230781028E0D20B
:1001F000DFE800F0080B0E1114171A1D2023262922
:100200002C2F393C07F0B4F9AEE207F0EFF9ABE27E
:1002100007F0E6F9A8E207F0B8F9A5E207F0AEF9B1
:10022000A2E207F0CBF99FE207F0B6F99CE207F0F3
:10023000ABF999E207F08EF996E207F093F993E2B1
:1002400007F082F990E207F087F98DE207F09EF956
:100250008AE2706840794E2802D007F0A9F983E25B
:1002600007F0A0F980E207F0B5F97DE207F0ACF9FC
:100270007AE22078012801D00A2800D12074217C5C
:100280002A48F5F7C1FE2D48A0622D48E0628DB3E3
:10029000E079F0F79FF869E22448FBF7FBFB274879
:1002A000A0622748E06207F081FAE2F727FA5DE2F0
:1002B0002A211E48FBF7D2FE2048A0622048E062B7
:1002C000EAF706FAC0B2F0E72B211848FBF7C6FEA2
:1002D0001A48A0621A48E062EAF700FA36E01348CA
:1002E000FBF7D8F833E32C2100E02D210F48FCF771
:1002F000CFFB16E13DE00D48F6F7D8FD0F48A062B0
:100300000F48E06207F0C2FACFE70848FBF780FB2E
:100310000A48A0620A48E062FEF7D8FED0F88800DA
:100320004FF0804109F02CF90EE00000B855002094
:1003300050580020E13B0108153701089D3901089C
:100340004D280108ED3A010808F092FFC0B2A0E77D
:10035000FA48FAF77BFCFA48A062FA48E06245B135
:10036000E079F0F737F8D8F80C10A06903F048FBF3
:10037000FCE1E5F781F9F9E1F048FAF70DFFE6E273
:10038000EE48F6F70FFE07F081F808B1EE4841E6B7
:10039000EE483FE6E948F8F72FF8F7E7E748FDF7BA
:1003A00081FDE748A062E748E06207F08FF970B18D
:1003B0000FE0E248F6F7F0F8E148A062E148E062B9
:1003C000FEF784FEB0F86C00B0F5807F01D101200B
:1003D000CAE10020C8E1D948FDF732FFB7E2D748AB
:1003E000FCF7A0F8D648A062D648E062FEF76EFEA1
:1003F000B0F8C8000128EAD0FEF768FEB0F8C800DF
:100400000228E6D0B2E1CD48FBF7C2FF89E007F051
:10041000F3F8054606F070FF01462A46C748F8F78C
:100420005DFF94E2C548F9F7E5F8C548A062C54804
:10043000E06207F057F997E1C048F6F7EFF8C048D7
:10044000A062C048E06207F0E3F88DE1BB48F8F72E
:1004500001FF7CE2B948F8F723FA78E2B748F9F7E8
:10046000F3FBB748A062B748E06207F01BFA7BE1F4
:10047000B248F4F733F96AE230786074207C0A28D5
:1004800002D0012806D008E0A06D0078442804D1ED
:10049000617402E003F0ECFB6074617CA748FAF73A
:1004A000F7F937E030786074207C0A2802D0012800
:1004B00006D008E0A06D0078442804D1617402E001
:1004C00003F0D6FB6074617C9C48F9F7D5F8A06D09
:1004D00001784F2925D14178692922D18078572880
:1004E0001AD01EE0207C0A2802D001280BD00DE093
:1004F000A06D0078442802D04D2802D006E0617437
:1005000004E0627402E003F0B3FB6074617C8B482A
:10051000FCF79AFC607C20B98948A0628948E062B7
:1005200055E78B48A0628B48E062EEF755FC1DE171
:10053000207C0A2802D001280BD00DE0A06D0078A5
:10054000442802D04D2802D006E0617404E06274B1
:1005500002E003F08DFB6074617C7848FCF768FE74
:10056000DFE7207C0A2801D0012802D103F080FBBC
:100570006074617C7148F5F76DFDD2E76F48F4F760
:100580003DFD6F48A0626F48E062307810286FD25E
:10059000DFE800F0080B0E1114171A1D202326297E
:1005A0002C2F393C06F01AFF7EE006F057FF7BE067
:1005B00006F04EFF78E006F01EFF75E006F014FF2F
:1005C00072E006F033FF6FE006F01EFF6CE006F00D
:1005D00011FF69E006F0F4FE66E006F0F9FE63E064
:1005E00006F0E8FE60E006F0EDFE5DE006F006FFD6
:1005F0005AE0706840794E2802D006F011FF53E0AF
:1006000006F008FF50E006F01DFF4DE006F014FF75
:100610004AE04A48F4F746FD4948A0624948E0628A
:100620003078102824D2DFE800F0080B0E111417E0
:100630001A1D2024272A2D303A3D06F077FE33E09C
:1006400006F0B2FE30E006F0A9FE2DE006F07BFEDB
:100650002AE006F071FE27E006F08EFE24E006F0A8
:1006600079FE21E006F06EFE1EE006F051FE1BE072
:100670007CE006F055FE17E006F044FE14E006F0BC
:1006800049FE11E006F060FE0EE0706840794E28E9
:1006900002D006F06BFE07E006F062FE04E006F012
:1006A00077FE01E006F06EFEE2F712F85EE0234806
:1006B000FCF73EF84BE12148FBF776FF2048A062AB
:1006C0002048E0623078102850D2DFE800F0080BB4
:1006D0000E1114171A1D202326292C2F484B06F023
:1006E000B1FF41E006F0ECFF3EE006F0E3FF3BE047
:1006F00006F0B5FF38E006F0ABFF35E006F0C8FFC6
:1007000032E006F0B3FF2FE006F0A8FF2CE006F081
:100710008BFF29E006F090FF26E006F07FFF23E044
:1007200006F084FF20E006F09BFF1DE07068407932
:100730004E2811D006F0A6FF16E00000B8550020A4
:100740009D3901084D2801086D3A0108E13B010877
:10075000ED3A01086927010806F08EFF04E006F073
:10076000A3FF01E006F09AFFE2F70AFC0022A021B5
:100770001020FFF76BF8FFF78DF9102006F064FDED
:100780002770BDE8F081307810283AD2DFE800F019
:10079000080B0E1114171A1D202326292C2F3D405B
:1007A00007F030F829E007F06BF826E007F062F870
:1007B00023E007F034F820E007F02AF81DE007F006
:1007C00047F81AE007F032F817E007F027F814E0CE
:1007D00007F00AF811E007F00FF80EE006F0FEFF50
:1007E0000BE007F003F808E007F01AF805E070687E
:1007F00040794E2806D007F025F801467548FBF7EA
:1008000015FFA4E007F018F8F7E707F02DF8F4E774
:1008100007F024F8F1E703F02BFA607401466D4805
:10082000F9F758FA7DE603F023FA60740146694847
:10083000F9F7E2FA75E603F01BFA607401466548C1
:10084000F9F76CFB6DE603F013FA6074014661483A
:10085000F9F7DCFD65E603F00BFA607401465D48CC
:10086000F9F78CFC5DE603F003FA60740146594821
:10087000F5F758FB6BE0A4E09BE092E081E078E0C4
:100880006FE066E05CE053E04AE040E037E02DE0F6
:1008900024E01BE012E009E000E07AE003F0E8F970
:1008A000607401464B48F5F71BFA3AE603F0E0F9AD
:1008B000607401464748F5F7A5FA32E603F0D8F927
:1008C000607401464348F5F753F82AE603F0D0F97F
:1008D000607401463F48F5F771F922E603F0C8F964
:1008E000607401463B48F5F7D7F81AE603F0C0F903
:1008F000607401463A463748F4F70AFF11E603F000
:10090000B7F9607401463348F4F770FE09E603F066
:10091000AFF9607401463A462E48F4F791FF00E6BD
:1009200003F0A6F9607401462A48F4F7CDFDF8E516
:1009300003F09EF9607401462648F4F721FDF0E5C6
:1009400003F096F9607401462248F4F7E7FC224868
:1009500015E403F08DF9607401461E48FEF79CF81B
:10096000DFE503F085F9607401461A48FEF792FA54
:10097000D7E503F07DF9607401461648FEF78AF961
:10098000CFE503F075F9607401461248FDF760FD8C
:10099000C7E503F06DF9607401460E48F9F788FE6B
:1009A000BFE503F065F9607401460A48FDF710FBE6
:1009B000B7E503F05DF9607401460648FDF7A4FB56
:1009C000AFE503F055F9607401460248F5F766FE9D
:1009D000A7E50000B85500209D390108034602A292
:1009E00005210248DFF788BD253464007C550020CE
:1009F0002DE9F04F89B000200690F0F797F8FD48F8
:100A00004FF0000A00780A2826D006F0F5FD0028ED
:100A10004FF010000BD00090CDE9010AF5481021ED
:100A20009830037802690820E9F764FC09E0CDE911
:100A3000000AF04898300823426910211846E9F767
:100A4000BDFC03F0EDF8022701260028E9480078F4
:100A50007ED001287DD105E01021E648CDE9001ABD
:100A60009830E8E7FEF732FB002872D003F0E2F896
:100A700000286FD003F004F8FFF7AAF900228221C2
:100A80001A20FEF7E3FE5546CDF81CA003F0F0F85F
:100A9000DFF86493D94903244FF0040B0DF11C08CF
:100AA00010287DD2DFE800F00893ADD7EFEEEDD748
:100AB000D7ECEBEAE9E8E7E6FEF708FB4079CDE999
:100AC00002755A2805D0CDE90458CD480323CD4AF4
:100AD00004E0CDE90458CC48CC4A0323CDE9000515
:100AE00030210020EBF7E8FFFEF7F0FA3530CDE9D2
:100AF0000007CDE90265CDE9045800231A462421F8
:100B00003020EBF7D9FFCDE90458C148CDE9000505
:100B1000CDE902750223BF4A54210020EBF7CCFF38
:100B2000FEF7D4FA3C30CDE90007CDE90265CDE906
:100B3000045800231A4648212020EBF7BDFFCDE9D9
:100B40000275CDE9045802237021B34A002002E067
:100B5000FAE3FAE383E0CDE90095EBF7ADFFFEF7AA
:100B6000B5FA2F30CDE90006CDE90265CDE904588C
:100B700000231A4670213E20EBF79EFFCDF814802B
:100B8000CDE903650095CDE9015400231A463221D1
:100B90009820EBF791FFCDE90458CDF80CB000E0B8
:100BA00059E000231A4656210095FCE3CDE9015493
:100BB0004AE303A8029480E83001002372210095E3
:100BC0001A467820019544E0CDE9015441E0CDE991
:100BD0000458CDE90015CDE9027501238F4A422161
:100BE0000020EBF769FFFEF771FA3C30CDE9000712
:100BF000CDE902650023CDE9045836211A462020AC
:100C0000FEE3CDE904588648CDE90005CDE902753B
:100C100044460223834A52210020EBF74DFFFEF7A2
:100C200055FA3C30CDE90007CDE90265CDE9045421
:100C300000231A4646212020EBF73EFFCDE904545D
:100C40007948CDE90005CDE902750223774A5421A0
:100C50008020EBF731FF6748079998308160FEF7F5
:100C600035FAE4F7FAFF00287DD003F001F81028E8
:100C70007AD209E0D5E1FDE3FDE3FDE366E315E3A8
:100C8000A0E24EE223E211E0DFE810F0E804F30412
:100C9000FE042E05390544054F055A056505700506
:100CA0007B05860591059C05DA05E605FEF70EFA3B
:100CB00041795F4803297CD034293FD05D29CAD1CE
:100CC000CDE90458CDE90005CDE902750223594A62
:100CD00042210020EBF7F0FEFEF7F8F93C30CDE9B9
:100CE0000007CDE90265CDE9045800231A463621F4
:100CF0002020EBF7E1FECDE90458CDE90275CDE9FE
:100D000000950223444A70210020EBF7D5FEFEF740
:100D1000DDF92F30CDE90006CDE90265CDE90458B3
:100D200000231A4670213E20EBF7C6FEFEF7CEF9EF
:100D3000816F414881425CDB0F21DCE0CDE9045842
:100D4000CDE90005CDE9027502233A4A30210020A1
:100D5000EBF7B2FEFEF7BAF9CDE9026500233021C8
:100D60001A463C3001E0FDE3FDE3CDE90006CDE9A4
:100D700004583E20EBF7A0FECDE904582F48CDE9FA
:100D80000005CDE9027502232D4A45210020EBF72D
:100D900093FEFEF79BF93530CDE90006CDE90265FB
:100DA000CDE9045800231A4645213E20EBF784FE86
:100DB00000E0A9E0CDE904582248CDE90005CDE9DD
:100DC00002750223204A5A210020EBF775FEFEF738
:100DD0007DF94330CDE90006CDE90265CDE904583F
:100DE00000231A465A213E20EBF766FE0A2103AA89
:100DF0002CE07FE0205500203AB40208A7B6020894
:100E0000C6B40208C3B40208C1B40208BEB40208E2
:100E1000BBB40208B9B4020838B40208A6B6020886
:100E200080B702087EB7020870B402086EB40208E8
:100E300014B702080FB7020800401C4607B70208A3
:100E400005B702080BB7020825A7020882E82201AD
:100E50000095CDE9015400231A465C217820EBF778
:100E60002BFECDE90458CDE90275CDE900950223AA
:100E7000FD4A70210020EBF71FFEFEF727F92F3007
:100E8000CDE90006CDE90265CDE9045800231A46F4
:100E900070213E20EBF710FEFEF718F9816FF34842
:100EA000814211DB03A80F2180E822010095CDE9E2
:100EB000015400231A4632217820EBF7FDFD03A8E8
:100EC000112180E8220110E003A8052180E8220119
:100ED0000095CDE9015400231A4632217820EBF722
:100EE000EBFDCDE90458CDF80CB000231A4647219C
:100EF000009507E0052103A8002380E822011A4697
:100F000044210095782051E6CDE90458CDE900054B
:100F1000CDE902750223D64A30210020EBF7CCFD43
:100F2000FEF7D4F83C30CDE90006CDE90265CDE905
:100F3000045800231A4630213E20EBF7BDFDCDE9D1
:100F40000458CC48CDE90005CDE902750223CA4A10
:100F500045210020EBF7B0FDFEF7B8F83530CDE9BC
:100F60000006CDE90265CDE9045800231A46452163
:100F70003E20EBF7A1FDCDE90458C048CDE90005BE
:100F8000CDE902750223BE4A5A210020EBF794FDF9
:100F9000FEF79CF84330CDE90006CDE90265CDE9C6
:100FA000045800231A465A213E20EBF785FD03AA78
:100FB0000A2182E822010095CDE9015400231A4656
:100FC0005C217820EBF778FDCDE90458CDE9027576
:100FD000CDE900950223A44A70210020EBF76CFDB7
:100FE000FEF774F82F30CDE90006CDE90265CDE9B2
:100FF000045800231A4670213E20EBF75DFD03A93B
:101000000F2081E821010095CDE9015400231A4603
:1010100032217820EBF750FD03AA112182E822014A
:1010200063E7FEF753F8407955287FF414AECDE915
:1010300004589248CDE90005CDE902750223904A93
:1010400042210020EBF738FDFEF740F84330CDE9B0
:101050000007CDE90265CDE9045800231A4638217E
:101060002020EBF729FDFEF731F8B0F86C0030B125
:10107000FEF72CF8B0F86C00012805D00DE003A8AD
:101080000A2180E8220103E0CDF81480CDE9036550
:1010900000231A4641210095C9E1CDE90458CDE964
:1010A0000275CDE9009502236F4A70210020EBF70D
:1010B00003FDFEF70BF82F30CDE90006CDE9026500
:1010C0000023CDE9045870211A463E20BCE0FDF70C
:1010D000FDFF40790928A8D1CDE904586948CDE938
:1010E0000005CDE902750223674A54210020EBF781
:1010F000E3FCFDF7EBFF3C30CDE90007CDE90265ED
:10110000CDE9045800231A4648212020EBF7D4FCEF
:1011100003A8072180E8220100231A4656210095E2
:1011200002E2CDE90458CDE90015CDE902750123AD
:10113000564A30210020EBF7BFFCFDF7C7FF3530E2
:10114000CDE90007CDE90265CDE9045800231A4630
:1011500024212020EBF7B0FCCDE904584C48CDE920
:101160000005CDE9027502234A4A54210020EBF71D
:10117000A3FCFDF7ABFF3C30CDE90007CDE90265EC
:10118000CDE9045800231A4648212020EBF794FCAF
:10119000CDE90458CDE90275CDE900950223324A24
:1011A00070210020EBF788FCFDF790FF2F30CDE990
:1011B0000006CDE902650023CDE9045870211A46E6
:1011C0003E20E6E4CDE904583348CDE90005CDE9F9
:1011D00002750323314A42210020EBF76DFCFDF735
:1011E00075FF3C30CDE90007CDE90265CDE9045833
:1011F00000231A4636212020EBF75EFCCDE9045887
:10120000CDE90275CDE900950223174A702100202F
:10121000EBF752FCFDF75AFF2F30CDE90006CDE980
:101220000265CDE9045800231A4670213E20EBF7F1
:1012300043FCCDE904581A48CDE90005CDE9027513
:101240000223184A44217820EBF736FC06F024FBF1
:1012500000287FF4AEACCDF81480CDE903750023EF
:1012600072211A4678201FE038B4020800401C465C
:101270000FB7020807B7020805B702080BB7020844
:1012800025A7020886B7020884B70208A6B6020896
:101290008BB6020889B60208ACB70208A9B70208E3
:1012A000B2B70208B0B7020800958DE4CDE9045842
:1012B000FB48CDE90005CDE902750323F94A422137
:1012C0000020EBF7F9FBFDF701FF3C30CDE900070B
:1012D000CDE90265CDE9045800231A4636213020B5
:1012E000EBF7EAFBCDE90458CDE90275CDE90095AD
:1012F0000223ED4A70210020EBF7DEFBFDF7E6FE4E
:101300002F30CDE90006CDE90265CDE90458002370
:101310001A4670212620EBF7CFFB03A80E2180E8A8
:1013200022010095CDE90154002358211A460846B0
:10133000EBF7C2FBCDF81480CDE9037500237221D1
:101340001A46602000953FE4C9E2C4E2FDF7BEFE04
:1013500040794A2805D1FDF7B9FEB0F8C800022847
:101360000CD0FEF7A1FAFDF7B1FE40790A2809D0AA
:10137000FDF7ACFE40794A2804D006E0CB48FEF7E2
:101380004FFBF0E706F044F9D8B3CDE90458C8485C
:10139000CDE90005CDE902750223C64A30210020BF
:1013A000EBF78AFB00E019E1FDF790FE3530CDE95F
:1013B0000007CDE90265CDE9045800231A4624212F
:1013C0002020EBF779FBCDE90458BB48CDE90005B7
:1013D000CDE902750223B94A54210020EBF76CFBDA
:1013E000FDF774FE3C30CDE90007CDE90265CDE99B
:1013F000045800231A4648212020EBF75DFB01E04A
:1014000018E01AE0CDE90458AD48CDE90005CDE972
:1014100002750223AB4A32218020EBF74DFBCDE968
:1014200004580023CDF80CB01A4656210095CDE99A
:1014300001548020EBF740FB2FE6CDE904589E488D
:10144000CDE90005CDE9027502239C4A3021002038
:10145000EBF732FBFDF73AFE3C30CDE90007CDE972
:101460000265CDE9045800231A4624212020EBF719
:1014700023FB02E0B6E065E027E0CDE90458CDF8B3
:101480000CB00095CDE9015400231A46322180208A
:10149000EBF712FBCDE904588B48CDE90005CDE907
:1014A00002750223894A54210020EBF705FBFDF762
:1014B0000DFE5330CDE90007CDE902650023CDE9EB
:1014C000045848211A462020A7E7CDE9045880484F
:1014D000CDE90005CDE9027504237E4A3C210020B8
:1014E000EBF7EAFAFDF7F2FD4330CDE90007CDE96D
:1014F0000265CDE9045800231A464C212020EBF761
:10150000DBFA06F053F988B106F050F90A2812D038
:1015100006F04CF9052810D0CDF81480CDE903650C
:1015200000231A465A2100958020BEE6CDE90458D2
:10153000CDF80CB0F4E7102100E0092103A880E801
:101540002201EDE7CDE904586348CDE90005CDE976
:1015500002750323614A42210020EBF7ADFAFDF743
:10156000B5FD01E09AE13FE13C30CDE90007CDE96E
:101570000265CDE9045800231A4636212020EBF7F6
:101580009BFACDE90458CDE90275CDE90095022317
:10159000454A70210020EBF78FFAFDF797FD2F30B9
:1015A000CDE90006CDE90265CDE9045800231A46CD
:1015B00070213E20EBF780FAFDF788FD40791D2869
:1015C0000ED0FDF783FD40792A2809D0122103A807
:1015D00080E8220100231A4644210095802092E4ED
:1015E0001021F4E7CDE904583D48CDE90005CDE9E7
:1015F00002B503233B4A42210020EBF75DFAFDF7D9
:1016000065FD3C30CDE90007CDE90265CDE9045820
:1016100000231A4636212020EBF74EFACDE9045874
:10162000CDE90275CDE9009502231F4A7021002003
:10163000EBF742FAFDF74AFD2F30CDE90006CDE980
:101640000265CDE9045800231A4670213E20EBF7CD
:1016500033FACDE90458CDF80CB0BBE705F088FFAC
:10166000069005F02DFFF2F7EBFE054606F05AF85E
:10167000B7E005F0BBFF069005F060FFF2F7E0FE73
:10168000054606F08DF8ACE005F0AAFF069005F0DF
:101690004FFFF2F7D5FE054606F07CF8A1E000000A
:1016A00011B802080EB8020838B4020859B302088B
:1016B00080B702087EB7020816B5020814B5020802
:1016C00070B402086EB402081CB502081AB502080C
:1016D0005CB8020858B80208BAB80208B7B80208DD
:1016E00004BA020801BA020805F04FFF069005F09F
:1016F000F4FEF2F7A5FE054606F021F871E005F0CC
:101700003DFF069005F0E2FEF2F79AFE054606F070
:101710000FF866E005F052FF069005F0F7FEF2F7CD
:101720008FFE054606F024F85BE005F035FF0690D5
:1017300005F0DAFEF2F784FE054606F007F850E001
:1017400005F022FF069005F0C7FEF2F779FE054688
:1017500005F0F4FF45E005F0FDFE069005F0A2FE61
:10176000F2F76EFE054605F0CFFF3AE005F0FAFE0F
:10177000069005F09FFEF2F763FE054605F0CCFFEC
:101780002FE005F0E1FE069005F086FEF2F758FE28
:10179000054605F0B3FF24E005F0DEFE069005F0F7
:1017A00083FEF2F74DFE054605F0B0FF19E005F0A7
:1017B000EDFE069005F092FEF2F742FE054605F0BA
:1017C000BFFF0EE09C48406840794E282DD005F0C0
:1017D000EFFE069005F094FEF2F732FE054605F0A6
:1017E000C1FFF2F72DFE0446DFF8508298F80A9008
:1017F00088F80AA0069870B315F0FF4F07D0FDF7E0
:1018000065FCE4F728FA294607F07EFE0AD914F0B1
:10181000FF4F2CD0FDF75AFCE4F71DFA214607F0E4
:1018200073FD24D888F80A6023E005F0BBFE06901B
:1018300005F060FEF2F704FE054605F08DFFD0E7E7
:1018400005F0C8FE069005F06DFEF2F7F9FD0546BD
:1018500005F09AFFC5E71FE005F0B6FE069005F01B
:101860005BFEF2F7EDFD054605F088FFB9E788F865
:101870000AA0B9F1000F03D0B9F1010F06D00DE0B5
:1018800098F80A0050B105F0EDFB07E098F80A005F
:1018900020B9FEF769F801E088F80AA0FDF716FC08
:1018A000E4F7E2F918B16648FEF774F801E0FDF7D5
:1018B000E5FFFDF7FFFB78B1FDF702FC60B1FDF736
:1018C00005FC0446FDF7F6FB844201D15D4800E0CB
:1018D0005D48FEF7EDF804E0FEF730F801E001287E
:1018E00006D0DFF8588198F80000132803D06BE089
:1018F000FDF7C4FFF0E705F085FEE8B3FDF7B6FDA0
:101900000078D0B398F80F10B1B3544688F80FA000
:10191000002278215420FDF799FF484D4B48A0350F
:10192000CDE90445CDE90004CDE902740323484A1A
:101930007E210020EBF7C0F84648CDE90445CDE90B
:101940000004CDE902740323434A4E210020EBF743
:10195000B3F8FDF721FECDE90445CDE90004CDE95A
:10196000026400231A465E211846EBF7A5F8FDF73E
:101970007DFDCDE9026401E026E040E0CDE90445CB
:10198000CDE9000400231A465E211820EBF794F8F5
:10199000FDF7FEFDCDE90445CDE90004CDE9026483
:1019A00000231A468E211846EBF786F8FDF76AFDEC
:1019B000CDE90445CDE90004CDE9026400231A46CF
:1019C0008E211820EBF778F805F016FE1B4C014627
:1019D0009834A068EBF7B0F8FDF75CFD054605F01C
:1019E0000BFE01462A46E068EEF752FC98F801002B
:1019F00000281DD009B0BDE8F04F06F07DBA88F888
:101A00000F6005F0F9FD48B110200090CDE9010A02
:101A10000623124A6821E8F76DFCD5E71021CDE9CD
:101A2000001A08230E4A68211020E8F7C7FCCBE70C
:101A300009B0BDE8F08F000050580020205500206C
:101A400089B30208C9B30208A9B3020833A7020880
:101A500030A7020841A702083EA702089CA6020878
:101A6000A2A6020810B5774C4FF480612046E9F732
:101A7000ABFA01282FD0FDF7E1FC18B105F09EFB71
:101A800005F02CFBF2F7CCFBF2F7DAFBF2F7D0FB18
:101A90004FF400612046E9F797FA012822D0FDF7BC
:101AA0003FFC18B105F02AFB05F018FBF2F70CFB20
:101AB000F2F71AFBF2F710FB4FF480512046E9F7DA
:101AC00083FA012815D0FDF793FC10B3FEF7AAF9AD
:101AD000012814D019E0FDF7B9FC0028D8D105F091
:101AE00065FBD5E7FDF724FC0028E5D105F0FEFAFB
:101AF000E2E7FDF78BFCA0B905F040FB11E0FDF734
:101B00007FFC40F6B831884201D205F03FFB05F07A
:101B1000E5FAF2F77DFBF2F75DFBF2F769FBF2F70E
:101B200061FB4FF400712046E9F74EFA012863D0BB
:101B3000FDF7B0FB18B105F0A9FA05F0CFFAF2F7FE
:101B40006DFAF2F77BFAF2F771FA4FF40051204682
:101B5000E9F73AFA012856D0FDF7B4FB18B105F0C1
:101B6000A5FA05F0BBFAF2F797FAF2F79DFAF2F749
:101B700075FAF2F781FAF2F779FA4FF480412046CC
:101B8000E9F722FA012845D0FDF7E2FB18B105F08C
:101B9000C5FA05F0A3FAF2F7B7FAF2F7C5FAF2F7C9
:101BA000BBFA4FF400412046E9F70EFA012838D07D
:101BB000FDF7E6FB18B105F0C1FA05F08FFAF2F770
:101BC000C3FAF2F7D1FAF2F7C7FA80211E48E9F713
:101BD000FBF901282CD0FDF7EBFB18B105F0BEFA9C
:101BE00005F07CFAF2F7EEFAF2F7CEFAF2F7DAFA4B
:101BF000BDE81040F2F7D0BAFDF754FB0028A4D19D
:101C000005F03CFAA1E7FDF765FB0028B5D105F02A
:101C100045FAB2E7FDF7A4FB0028C2D105F076FA39
:101C2000BFE7FDF7B5FB0028CFD105F07FFACCE781
:101C3000FDF7C6FB08B905F089FA044901200870D0
:101C400010BD000000100240000002402E5700208E
:101C50002DE9F047504F3878504CC00707F1020586
:101C60000DD021782078491C61F30300207000F02A
:101C70000F000A2803D3287840F001002870387834
:101C80004FF0010880074FF00A090DD52178207820
:101C900008EB111161F307102070B9EB101F03D886
:101CA000287840F002002870387840F6B8364007AF
:101CB0000ED5E088401C80B2E0800A2808D328783E
:101CC00040F004002870E088B04201D305F066FAC5
:101CD000387800070DD561786078491C61F30300FE
:101CE000607000F00F000A2803D3287840F0080045
:101CF00028703878400616D5A088401C80B2A08095
:101D00000A2810D3287840F040002870A08841F2BB
:101D10007071884202D305F0D9F904E0A088B0427E
:101D200001D305F0CBF9387880060DD5A178A078DD
:101D3000491C61F30300A07000F00F000A2803D3D0
:101D4000287840F0200028703878C0060DD56178DA
:101D5000607808EB111161F307106070B9EB101F88
:101D600003D8287840F0100028707878400710D504
:101D70002089401C80B220810A280AD3687840F06C
:101D8000040068702089B04203D3BDE8F04705F035
:101D9000EDB9BDE8F087000035570020A478002099
:101DA00008B5012200216846EFF74AFE9DF80000C1
:101DB000DD2802D0F2F722FB03E0E8F72DF900F06E
:101DC000CDF805F01FFC0B4B4FF4006108B1012268
:101DD00000E000221846E9F704F905F051FBE8F7A6
:101DE0002BF900210120E8F789FB002005F02CFAEF
:101DF00008BD0000000002402DE9F04106460C46F7
:101E000040F2FF75174635EA14502BD000221346D6
:101E1000304606F051FD25D03A463046214607F0BF
:101E20005BFC06460C4635EA145010D000221346DF
:101E3000304606F041FD15D10220DEF77AFDEFF7BE
:101E4000DFFF0A46214662F31E01BDE8F081022051
:101E5000DEF76FFDEFF7CCFF0A46214662F31E0165
:101E6000BDE8F08130462146BDE8F081014931F8F6
:101E700010007047187D00200F4801884288C388F1
:101E8000114482881A441144028911444289114440
:101E900082891144C2891144028A1144428A114440
:101EA000828A1144C28A1144028B1144428B808B76
:101EB0001144084480B27047187D00200B4630B4AE
:101EC0000021102A0ED2DFE802F0080A110D1517C2
:101ED000191B1D1F212325272913114900E0114932
:101EE00001EB032130BC9C22EFF7AABD0E49F7E7B6
:101EF0000E49F5E70E49F3E70E49F1E70E49EFE722
:101F00000E49EDE70E49EBE70E49E9E70E49E7E731
:101F10000E49E5E70E49E3E70E49E1E70E49DFE741
:101F200000B03C00C07D5400804B6C004019840020
:101F300000E79B00C0B4B3008082CB004050E300B8
:101F4000001EFB00C0EB120180B92A01408742014C
:101F5000C022720180F0890140BEA1011E224FF40F
:101F600000710148EFF76CBD187D00202DE9F05F8E
:101F700081460024F74800F077FBF64E002043220C
:101F80004C215323203EF34D42F210774FF04F0A7D
:101F90004FF0540E4FF0460BB9F1100F4AD2DFE864
:101FA00009F0088A95A7B7D3E5FDFCFBFAF9F8F725
:101FB000F6F53488BC427DD24421297085F801A011
:101FC000A87005F005FC286405F08AF906F09EFF6C
:101FD00006460F46F0F704FA32463B4606F058FA3A
:101FE00006F024FAE863FDF771F83C30EFF7A2FF42
:101FF00006F01CFA6864FDF769F83530EFF79AFFD0
:1020000006F014FAA8649AE1FDF760F8006F4FF04B
:10201000844107F0B5FA06F079FFCF4ACF4B06F0BE
:10202000F3FA04E0FDF752F82F30EFF783FF06F0E4
:10203000FDF9A863EEF798FA6872EEF79BFA28723A
:10204000EEF79EFAE871EEF7A1FAE872EEF7A4FA5D
:10205000A871EEF7B3FAA872EEF7B6FA2873FDF797
:1020600035F800F15A01BB480D220D30DEF770FB48
:10207000FDF7FCF9B74D0168203DC5F83E104168F9
:10208000C5F842108068C5F846003A35FDF7FAF900
:1020900001682961416869618068A861FDF778FA83
:1020A00000882880FDF778FA00886880B9F10D0F64
:1020B00075D05EE174E07488BC4271D270202870E3
:1020C00048206870FDF702F83C3070E0B488BC42EC
:1020D000F3D285F800E0752068707220A870FCF7D4
:1020E000F5FF3C30EFF726FF06F0A0F96866A1E7A0
:1020F000F488BC42E1D285F800B06A70A970FCF7A0
:10210000E5FF3C30EFF716FF06F090F9686716E13F
:102110003489BC42D1D2452129706A70A870FCF77D
:10212000D5FF4079032808D0FCF7D0FF806FA86561
:10213000FCF7CCFF406FE86507E1FCF7C7FF806F55
:10214000874907F015F9F2E77489BC42B5D285F8E2
:1021500000A0522068705020A870FCF7B7FF3C30F8
:10216000EFF7E8FE06F062F9686563E7B489BC4200
:10217000A3D24E202870482169703321A970E870DD
:10218000FCF7A4FF3C30EFF7D5FE0AE0C0E0AEE07C
:1021900082E073E04FE040E02EE01EE00DE0E3E07F
:1021A0008CE006F043F9A866FCF790FF3530EFF7B6
:1021B000C1FE06F03BF9E864C1E0F489BC427DD27F
:1021C00085F800B06870A870FCF780FF3C30EFF72E
:1021D000B1FE06F02BF9E866B1E0348ABC426DD25C
:1021E0002A706970A870FCF771FF3C30EFF7A2FE0F
:1021F00006F01CF92867A2E0748ABC425ED22A70FD
:10220000682068706C20A870FCF760FF3C30EFF726
:1022100091FE06F00BF9A86791E0B48ABC427AD22D
:1022200042202870672068706120A870FCF74EFF7C
:10223000806FE86783E0F48ABC426CD22A7085F82C
:1022400001A04420A870FCF741FF3C30EFF772FE7C
:1022500006F0ECF8C5F88000FCF738FF3530EFF7F2
:1022600069FE06F0E3F86866FCF730FF5330EFF7DD
:1022700061FE06F0DBF8C5F8840060E0348BBC42F8
:1022800049D24D2028706970AB70EB70FCF71EFFCF
:10229000806FC5F88C00CDE6FCF718FF4279692005
:1022A00057212A2A12D0748BBC4234D285F800A060
:1022B0006870A970FCF70AFF3C3000E02BE0EFF7F4
:1022C00039FE06F0B3F8C5F8900038E0348ABC4215
:1022D00021D285F800A06870A970FCF7F7FE3C30A9
:1022E000EFF728FE06F0A2F8C5F8980027E0B48BB7
:1022F000BC4210D285F800E06B70AB70FCF7E6FED4
:102300003C30EFF717FE06F091F8C5F8940016E0A0
:10231000F488BC4202D30020BDE8F09F2B7041201E
:102320006870A970FCF7D2FEB0F86C0068B1FCF7D9
:10233000CDFED0F880000B4907F01AF8286605F0AA
:10234000ABFA00283FF46EAE5EE6FCF7BFFED0F8B5
:102350008000F3E7387D0020CDCCCCCCCCCCFC3F4A
:1023600000007A4400002041FCF7B0FE40792A28A2
:102370000DD001F07DFC02462146114800F024F901
:10238000B9F10F0F14D0B9F10D0F05D009E00822F3
:1023900021460B4800F018F9FCF798FE40792A28EE
:1023A0000AD0641CA0B2494600F002F90120B3E74C
:1023B000641CA0B20321F7E7641CA0B20821F3E774
:1023C000387D002010B5AAB0FF208DF80000032052
:1023D0008DF801000220624A624C8DF80200D38A17
:1023E000E18A68468B4207D90B22001DFFF766FD84
:1023F000E08A401CE082A6E0938AA18A8B4207D93A
:102400000A22001DFFF75AFDA08A401CA0829AE014
:10241000538A618A8B4207D90922001DFFF74EFDBE
:10242000608A401C60828EE0D388E1888B4207D9A5
:102430000F22001DFFF742FDE088401CE08082E093
:10244000138A218A8B4207D90822001DFFF736FD27
:10245000208A401C208276E0D389E1898B4207D90B
:102460000722001DFFF72AFDE089401CE0816AE099
:102470009389A1898B4207D90622001DFFF71EFD13
:10248000A089401CA0815EE0538961898B4207D9F5
:102490000522001DFFF712FD6089401C608152E09B
:1024A000138921898B4207D90422001DFFF706FDFD
:1024B0002089401C208146E09388A1888B4207D95F
:1024C0000222001DFFF7FAFCA088401CA0803AE021
:1024D000538861888B4207D90122001DFFF7EEFC6B
:1024E0006088401C60802EE0138821888B4207D9C9
:1024F0000022001DFFF7E2FC2088401C208022E023
:10250000138B218B8B4207D90C22001DFFF7D6FCC1
:10251000208B401C208316E0538B618B8B4207D9A4
:102520000D22001DFFF7CAFC608B401C60830AE08F
:10253000928BA18B8A4206D90E22001DFFF7BEFCAA
:10254000A08B401CA083A4216846EEF7ABFA064896
:10255000C823A422C0696946E9F732FF2AB010BD3A
:10256000187D002068580020F05700201CB5FF207F
:102570008DF8000003208DF8010001208DF8020085
:10258000FFF77AFC000A8DF80300FFF775FC8DF861
:10259000040007216846EEF785FA0448C82307229D
:1025A000C0696946E9F70CFF1CBD0000F057002028
:1025B000044A22F811001E224FF400710148EFF77F
:1025C0009FBA0000187D00200B4630B40021102A6D
:1025D0000ED2DFE802F0080A110D1517191B1D1F96
:1025E000212325272913114900E0114901EB03217B
:1025F00030BC9C22EFF784BA0E49F7E70E49F5E7A5
:102600000E49F3E70E49F1E70E49EFE70E49EDE712
:102610000E49EBE70E49E9E70E49E7E70E49E5E722
:102620000E49E3E70E49E1E70E49DFE700B03C0061
:10263000C07D5400804B6C004019840000E79B0073
:10264000C0B4B3008082CB004050E300001EFB000A
:10265000C0EB120180B92A0140874201C0227201F9
:1026600080F0890140BEA10170B50446002544F800
:10267000025B0D21658025836583E56125626562C6
:10268000A562E56244F8305FA4F12500323CDEF734
:10269000ACF844F8385F6560A560E5602561656168
:1026A000A561E56125626562A562E56225636563F2
:1026B000A563E56325646564A564E56425656565D2
:1026C000A565E565256670BD10B50B4CFCF710FFE0
:1026D00000220A4BC4E9040106F0EEF803D0D4E965
:1026E0000401C4E90201D4E9020105F09FFEBDE83E
:1026F0001040EFF735BC0000305800200000F0BF5C
:1027000010B50B4CFCF7F4FE00220A4BC4E904019F
:1027100006F0D2F803D0D4E90401C4E90201D4E9F7
:10272000020105F083FEBDE81040EFF7CBBD0000CD
:10273000305800200000F0BF70B501F071FA08B108
:1027400001F05EFAFDF78AFB08B1FDF74DFBFCF7DF
:10275000BDFC484D407995F8451088425CD1FDF7A5
:1027600061FB502836D019DC482833D012DC4228CF
:1027700030D008DC01281ED0032826D0252824D0FC
:10278000402849D126E0432824D0462822D0472893
:1027900042D11FE0493806283ED81BE051381028A6
:1027A0003AD2DFE800F01717171717171712171785
:1027B000171717171717FDF70BFB0022A02116207C
:1027C000FDF744F801F0BCFD26E000210220F7F7F8
:1027D000A1F921E001F052FA0B281DD1FDF728FBE9
:1027E0008068254900698160FDF722FB80682349E4
:1027F0000069C160FDF71CFB80680421006941711C
:1028000000210220F7F786F9FDF738FB01281ED0DA
:102810000424FDF70DFB4470FCF74CFC407995F85F
:102820004510174C174D88421CD1FCF749FC80B16C
:1028300001F086FDFDF7CCFA1349486860606860D6
:10284000087820702870BDE87040E3F7E7B90124EC
:10285000DFE7E3F7DBF9E3F7EFF9BDE870401020BD
:1028600001F08CBD01F06CFDFDF7B2FA60686860A4
:102870002078E7E77C56002067A6020862A60208D7
:10288000585800205058002060580020064810B5C5
:102890000078002807D0EFF7F3FDEFF7A1FDBDE8C2
:1028A000104004F09FBC10BD3058002010B5FDF75B
:1028B0002BF900280ED1084940F2DC52888B401CCD
:1028C00080B28883904205D300208883BDE8104001
:1028D000FDF726B910BD000032570020E8F7C6FB0F
:1028E000EEF7E4F9EAF734FFEAF7DAFEEBF79AF8E5
:1028F000EBF7B6F8EBF780F8FDF718F9EEF7FCFF09
:1029000000F002F8FCE7000070B5FCF7C9FD38B133
:10291000F1F7C2FC04215448E8F75BFBE9F7ECFD52
:10292000FCF7C0FB514CE0B1F1F724FBFFF7AEFF21
:10293000FDF778FA0025012812D104F0DDFC78B10A
:10294000FCF7C4FB60B104F0D7FCA188491C89B234
:10295000A180B1EB500F04D3A580EDF7E9FE00E0B4
:10296000A580FCF7B9FB18B1F1F714FBFCF7BCFB31
:10297000FCF790FB88B1F1F7F5FAFCF701FE10B116
:10298000E078401CE070E078062804D10122802124
:102990003748E8F726FBFFF797FEFFF763F8FCF7E9
:1029A00099FD98B1F1F78EFCFDF73CFA01280DD1A5
:1029B00001F036F910B3FDF73BFA80682D498068C5
:1029C000884203D1FDF704FAF1F752FCFCF75AFCF8
:1029D00018B1F1F7E7FAFEF70BF8F1F717F9FDF781
:1029E00037FAB0B1FDF7FAF9FDF716FA88B1F1F749
:1029F000B3FCFDF717FA012803D00AE000F002F952
:102A0000E4E7FDF72BFA20B1607810B11A48FDF722
:102A100065F8FCF765FD18B1F1F75CFC05F052FCB8
:102A2000FCF728FD18B1F1F71BFCE7F76DFDF1F796
:102A3000FDF801F049F801F003F918B101F026F8AA
:102A4000FFF77AFE0D48007818B901F0EFF8E3F7C8
:102A50007FFE01F0FDF818B101F020F801F046FC0E
:102A6000BDE87040EDF740BD000002403058002046
:102A7000001002404BA70208F1B202085058002093
:102A800010B5414C04F101012078401C10F0FF0208
:102A900022704FF0000004D020700A7842F001024A
:102AA0000A70E28940F2EF23521C92B2E2819A420C
:102AB00004D3E0810A7842F002020A70228A40F2CE
:102AC000D273521C92B222829A4204D320820A7894
:102AD00042F004020A70628A40F6CB13521C92B292
:102AE00062829A4204D360820A7842F080020A70BD
:102AF000A28A41F29813521C92B2A2829A4204D343
:102B0000A0820A7842F010020A70E28A521C92B245
:102B1000E282B2F5BD6F04D9E0820A7842F0080281
:102B20000A70228B521C92B22283FA2A04D3208389
:102B30000A7842F020020A70628940F21A53521C4D
:102B400092B262819A420AD360810A7842F04002CE
:102B50000A700E4A11880A2901D8491C1180618B1C
:102B6000491C89B26183B1F57A7F0BD360832089D8
:102B7000401C80B22081B0F5807F03D104F098FE24
:102B8000401D208110BD0000325700203655002026
:102B9000024640210148E8F724BA00000004024040
:102BA000024680210148E8F71CBA000000040240F8
:102BB00080210148E8F708BA0004024000B585B05A
:102BC00080200090002001900120029002200390BC
:102BD00069460248E8F716F905B000BD0004024056
:102BE00000B585B080200090012001900020029067
:102BF0000220039069460248E8F704F905B000BDD9
:102C0000000402402DE9F043314D0227DFF8C49063
:102C1000E88A87B005F1A0044FF00008092812D116
:102C2000FDF7D6F804F0E8FC08B1302000E02C20D5
:102C3000CDE90484CDE90278CDE900980423264A41
:102C40002421E9F739FF224E9836B068B8B1F1F780
:102C50000FFB02220021A6F18A0005F013FBA87BDE
:102C600000EB400101EB0010242101EB4000B168B2
:102C7000087107B00020BDE8F04304F0E5BA85F81C
:102C80000E80E88A46460A2810D204F0B5FC08B146
:102C9000362000E02C20CDE904641049CDE900166F
:102CA000CDE9027603230E4A24210EE004F0A4FCB1
:102CB00008B1302000E02C20CDE90464CDE9027693
:102CC000CDE900960423044A2421E9F7F5FED0E774
:102CD000205500204FA702084BA7020840A9020870
:102CE0003DA9020870B500F0C9FF714C0B2804F132
:102CF000080570D01FDC022853D0042871D00828A2
:102D00006BD1A079032868D1F1F7ECFAFCF7D2F97E
:102D1000407901285CD0FCF7D3F90021E0F7D4FC1E
:102D2000FCF7C8F94079012858D0FCF7C9F9BDE88B
:102D30007040E3F79ABC0C2818D0122871D01328E1
:102D40004BD1A079062848D1E079082845D1207ACE
:102D5000332842D1F1F7C6FAFDF764F803283CD1D5
:102D6000BDE8704001210220F6F7D4BEA079032807
:102D700033D10120E2F7C8FC00F03AFFFCF79AF9E2
:102D8000407901280AD0FCF79BF9294600F0B0F8F9
:102D9000FCF790F9BDE8704000F04EBAFCF78AF9F4
:102DA000F3E7A079032871D1F1F79CFAFCF782F9D7
:102DB0004079012809D0FCF783F900F07FF8FCF78F
:102DC00079F9BDE8704000F015BAFCF773F9F4E743
:102DD000FCF770F9A1E728E003E057E0FCF76AF997
:102DE000A5E7A079032851D1E07906284ED1F1F763
:102DF00079FAFCF75FF9407901280FD0FCF760F908
:102E0000294600F075F8FCF755F94079012809D0FA
:102E1000FCF756F9BDE87040E3F720BCFCF74AF92F
:102E2000EEE734E0FCF746F9F4E7A07906282DD167
:102E3000E07908282AD1207A082827D1F1F752FA18
:102E4000FCF7F0FF032805D0482803D0492801D01B
:102E50004A281BD101210220F6F75CFEFCF7E8FFAF
:102E6000806814490069006900698160FCF7E0FF2F
:102E700080681149006900690069C160FCF7D8FFEA
:102E800080680421006900690069417170BDA07902
:102E90000628FBD1E0790828F8D1207A0B28F5D153
:102EA000F1F720FAFCF7BEFF3F283FF459AF70BDA1
:102EB0007C56002053A6020857A60208002815D009
:102EC0004C2100F85A1F482141702D228270442263
:102ED000C270702202714171302383713723C37134
:102EE0005F230372427281722021C1727047000019
:102EF0002DE9FE4F040079D04A7862F307000A7882
:102F000062F30F20CA7880B262F307058A7862F311
:102F10000F254A79097962F3070661F30F2606F057
:102F2000DFF97A4906F092F8A067A8B206F0D8F95E
:102F3000774D294606F08AF8206730B206F0B8F9D6
:102F4000294606F083F800256567C4F8800005F07F
:102F5000DDFFCDE900016FA2082104F14300DDF798
:102F6000CBFA04F099FCA8B1206F05F0CFFF6B4AB3
:102F70006B4B05F0A1FD00226A4B05F089FA05F0C4
:102F800055FA69492067884203DC4FF08441884242
:102F900000DA2167207804F12F08420704F1350791
:102FA00004F13C0624D520F004002070A06F60617D
:102FB000206F05F0ABFFCDE900015CA20621404681
:102FC000DDF79AFA606F05F0A1FFCDE9000159A283
:102FD00007213846DDF790FAA06F05F097FFCDE99D
:102FE00000014CA207213046DDF786FABDE8FE8FCE
:102FF000A16FA06805F0B6FFA060616FE06805F002
:10300000B1FFE060216F206905F0ACFF2061204630
:10301000E1F74CFCA06F6061E079401CC0B2E07148
:103020000328E3D306F05CF981464946206906F09F
:103030000DF802904946E06806F008F883464946D4
:10304000A06806F003F8824604F03AFBDFF8EC9043
:1030500088B304F015FC02282ED399F8001004F16F
:10306000A40001904A460C3804F1B009009049B11F
:1030700015700098F1F77EF90198F1F77BF9484651
:10308000F1F778F951460098F1F7A7F959460198F8
:10309000F1F7A3F948460299F1F79FF94846F1F78D
:1030A0007FF902900098F1F77BF982460198F1F7D9
:1030B00077F9834603E0FFE7012189F800102046F5
:1030C000E2F7D2FDE8B9029805F020FFCDE9000152
:1030D00016A206214046DDF70FFA584605F016FF06
:1030E000CDE9000113A207213846DDF705FA504665
:1030F00005F00CFFCDE9000106A207213046DDF7FF
:10310000FBF9E571A560E56025616FE70000C84245
:103110000000204125352E3266000000CDCCCCCCFD
:10312000CCCCFC3F0000404000000C4325352E3144
:103130006600000025362E32660000004C58002044
:1031400010B5002819D00D4801220B0A00F8452FB0
:103150000622427008228270C2700371417100F829
:10316000422C064811464530EDF79CFC01F0E0F892
:10317000BDE810400B2001F007B910BD7C560020BF
:1031800010B5002819D00D480122062100F8452F5E
:103190003323417008218170C37000230371427191
:1031A00000F8421C05484530EDF77CFC01F0C0F802
:1031B000BDE81040132001F0E7B810BD7C56002098
:1031C0000B4810B5012100F8451F03234370082167
:1031D00081700022C2700271437100F8421C0448E1
:1031E0004530EDF75FFCBDE810400C2001F0CCB895
:1031F0007C56002010B500281AD00E4801217C22F0
:1032000000F8451F0321417008218170C27000221F
:1032100002710222427100F8421C06484530EDF767
:1032200041FC01F085F8BDE81040082001F0ACB881
:1032300010BD00007C56002010B5002818D00D48A5
:103240000121032300F8451F0821437081700022EB
:10325000C2700271437100F8421C06484530EDF718
:1032600021FC01F065F8BDE81040022001F08CB8A7
:1032700010BD00007C56002010B5002816D00C4868
:103280000121032300F8451F0821437081700022AB
:10329000C2700271437100F8421C05484530EDF7D9
:1032A00001FCBDE81040042001F06EB810BD000024
:1032B0007C56002010B500281AD00E4801220B239E
:1032C00000F8452F0622427008228270C3700B0A54
:1032D0000371417100F8422C064811464530EDF764
:1032E000E1FB01F025F8BDE81040122001F04CB8D8
:1032F00010BD00007C56002070B500F0BFFC6D4C86
:103300000B2804F108056FD01FDC022850D00428D8
:1033100073D008286AD1A079042867D1F0F7E2FFBA
:10332000FBF7C8FE40795C2861D0FBF7C9FE29464F
:1033300004F0ACFDFBF7BEFE40795C285AD0FBF7E9
:10334000BFFEBDE87040E3F790B90C2815D01228F5
:1033500073D013284AD1E0799C2847D1207A51288C
:1033600044D1F0F7BFFFFCF75DFD03283ED1BDE877
:10337000704001210220F6F7CDBBA079042835D199
:103380005C20E2F7C1F900F033FCFBF793FE4079D3
:103390005C280AD0FBF794FE294600F091F8FBF771
:1033A00089FEBDE8704000F047BAFBF783FEF3E703
:1033B000A079042871D1E0790C286ED1F0F792FF42
:1033C000FBF778FE40795C280BD0FBF779FE0C22E6
:1033D000294604F072FDFBF76DFEBDE8704000F079
:1033E00009BAFBF767FEF2E72BE006E055E0FBF7D2
:1033F00061FE9CE7FBF75EFEA3E7A07904284CD1B1
:10340000E079102849D1F0F76DFFFBF753FE4079C2
:103410005C280FD0FBF754FE294600F051F8FBF76B
:1034200049FE40795C2809D0FBF74AFEBDE87040B0
:10343000E3F714B9FBF73EFEEEE72FE0FBF73AFEA9
:10344000F4E7A079102828D1E0799C2825D1F0F75D
:1034500049FFFCF7E7FC482803D0492801D04A2857
:103460001BD101210220F6F755FBFCF7E1FC806837
:1034700011490069006900698160FCF7D9FC806826
:103480000E49006900690069C160FCF7D1FC8068E1
:103490000421006900690069417170BDE0799C28D0
:1034A000FBD1F0F71FFFFCF7BDFC3F283FF45FAFF7
:1034B00070BD00007C56002053A6020857A60208E3
:1034C0002DE9FE4F040079D0487884F87800087818
:1034D00084F87900C87884F87A00887884F87B00CA
:1034E000487984F87000087984F87100C87984F804
:1034F0007200887984F87300487B84F88000087B28
:1035000084F88100C87B84F88200887B84F883007B
:10351000002565677149D4F8800005F029FF05F0A2
:10352000F5FCCDE900016EA2082104F14300DCF7AF
:10353000E3FF04F0B1F9A8B1206F05F0E7FC6A4A97
:103540006A4B05F0B9FA0022694B04F0A1FF04F0C0
:103550006DFF68492067884203DC4FF08441884250
:1035600000DA2167207804F12F08420704F13507BB
:1035700004F13C0624D520F004002070A06F6061A7
:10358000206F05F0C3FCCDE9000155A2062140469D
:10359000DCF7B2FF606F05F0B9FCCDE9000156A27F
:1035A00007213846DCF7A8FFA06F05F0AFFCCDE996
:1035B00000014BA207213046DCF79EFFBDE8FE8FDD
:1035C000A16FA06805F0CEFCA060616FE06805F017
:1035D000C9FCE060216F206905F0C4FC2061204631
:1035E000E1F764F9A06F6061E079401CC0B2E0715E
:1035F0000328E3D305F074FE81464946206905F0AF
:1036000025FD02904946E06805F020FD83464946C5
:10361000A06805F01BFD824604F052F8DFF8E09048
:1036200088B304F02DF902282ED399F8001004F184
:10363000A40001904A460C3804F1B009009049B149
:1036400015700098F0F796FE0198F0F793FE484643
:10365000F0F790FE51460098F0F7BFFE59460198EA
:10366000F0F7BBFE48460299F0F7B7FE4846F0F780
:1036700097FE02900098F0F793FE82460198F0F7CB
:103680008FFE834603E0FFE7012189F80010204602
:10369000E2F7EAFAE8B9029805F038FCCDE9000152
:1036A0000FA206214046DCF727FF584605F02EFC06
:1036B000CDE9000110A207213846DCF71DFF504676
:1036C00005F024FCCDE9000105A207213046DCF716
:1036D00013FFE571A560E56025616FE700007A449E
:1036E00025352E3266000000CDCCCCCCCCCCFC3FB6
:1036F0000000404000000C4325362E3266000000DA
:103700004C58002010B500281BD00E485C2100F852
:10371000451F062141709C2181705121C1700021FB
:10372000017101214171082100F8421C0548453012
:10373000EDF7B8F900F0FCFDBDE81040132000F0F3
:1037400023BE10BD7C5600201CB50C46002832D08C
:103750006846ECF727FFDDE90001F0F7A1FE164A05
:103760005C2102F8451F102151709C21917062214B
:10377000D170002111710421517108219171010A48
:10378000D1711072010E5172000C9072200AD07229
:103790001473200E5073200C90730748112102F807
:1037A000421C4530EDF77EF900F0C2FDBDE81C403B
:1037B0000B2000F0E9BD1CBD7C5600200C4810B564
:1037C0005C2100F8451F0421417075218170692139
:1037D000C170002101710821417100F8421C0448A8
:1037E0004530EDF75FF9BDE810400C2000F0CCBD8E
:1037F0007C56002010B500281BD00E485C2100F834
:10380000451F04214170752181704521C17000213F
:10381000017101214171082100F8421C0548453021
:10382000EDF740F900F084FDBDE81040082000F0FD
:10383000ABBD10BD7C56002010B500281BD00E4833
:103840005C2100F8451F04214170752181703021F1
:10385000C1700021017106214171082100F8421C4C
:1038600005484530EDF71EF900F062FDBDE8104057
:10387000022000F089BD10BD7C56002010B5002844
:1038800018D00D485C2100F8451F042141707521B6
:1038900081706921C170002101710821417100F816
:1038A000421C05484530EDF7FDF8BDE81040042006
:1038B00000F06ABD10BD00007C5600201CB50C460F
:1038C000002832D06846ECF76DFEDDE90001F0F724
:1038D000E7FD164A5C2102F8451F102151709C211A
:1038E00091706621D170002111710421517108215C
:1038F0009171010AD1711072010E5172000C907217
:10390000200AD0721473200E5073200C9073074855
:10391000112102F8421C4530EDF7C4F800F008FD13
:10392000BDE81C400B2000F02FBD1CBD7C560020C4
:1039300010B5002827D0144A40F8701F5C2102F807
:10394000451F102151709C2191707A21D170002166
:10395000117102215171042191714178D171017865
:103960001172C17851728078907207480D2102F867
:10397000421C4530EDF796F800F0DAFCBDE8104047
:10398000122000F001BD10BD7C5600201CB50C4675
:10399000002832D06846ECF705FEDDE90001F0F7BB
:1039A0007FFD164A5C2102F8451F102151709C21B1
:1039B00091706A21D1700021117104215171082187
:1039C0009171010AD1711072010E5172000C907246
:1039D000200AD0721473200E5073200C9073074885
:1039E000112102F8421C4530EDF75CF800F0A0FC14
:1039F000BDE81C400B2000F0C7BC1CBD7C5600205D
:103A000010B5C47801220F4B072C0CD219605960F5
:103A10005868006958600069884203D0521CD2B2CD
:103A2000072AF5D310BD58601860496918684069C5
:103A3000186040698842F5D0521CD2B2072AF5D3EB
:103A400010BD0000D055002010B5014608224FF6E9
:103A5000FF7407E004EA410100F00103521E19431C
:103A6000D2B240080028F5D19140C8B210BD000084
:103A70000248017821F00401017070477C56002053
:103A800001490020087070477856002002480178EC
:103A900021F01001017070477C5600200248017827
:103AA00021F00801017070477C5600200149002078
:103AB000887070477C5600200248017821F002018E
:103AC000017070477C56002010B500F0C9F800283E
:103AD0007DD0FFF7F1FF454C2179052977D3601D93
:103AE000E0F7CCFE002872D060794D2869D025DC43
:103AF0001D286BD00FDC052873D004DC012850D0C2
:103B0000032872D145E0092853D00A286DD1BDE8B9
:103B10001040DFF7D5BC2A2858D007DC21285CD01C
:103B2000222862D1BDE81040EAF724B8342834D006
:103B30004A285AD1BDE81040DFF73ABA4E38142867
:103B400053D2DFE800F04252520A525252265252E9
:103B500052520E1E1A221216323ABDE81040E2F7F7
:103B600087B8BDE81040E3F75DB9BDE81040EAF75B
:103B700007BCBDE81040E0F7EFB9BDE81040FFF723
:103B8000BBBBBDE81040EDF74FB9BDE81040E5F70D
:103B9000FDBEBDE81040E4F7D5BEBDE81040E4F737
:103BA000DFB8BDE81040FFF79DB8BDE81040E1F771
:103BB00063B8BDE81040EBF72DBBBDE81040DEF761
:103BC000C5BDBDE81040E9F789B94E2001E00CE021
:103BD00007E0BDE81040EBF71BB9BDE81040E2F785
:103BE00097B9BDE81040E8F73FBE10BD7C560020F5
:103BF00002484178491C4170704700007C56002003
:103C000002484178491E4170704700007C560020F0
:103C100002480078C0F38000704700007C56002006
:103C200001484078704700007C56002000487047EB
:103C30005458002001480078704700007856002052
:103C400002480078C0F30010704700007C56002046
:103C500002480078C0F3C000704700007C56002086
:103C600002480078C0F34000704700007C560020F6
:103C7000014800787047000050580020014890F833
:103C8000850070477C56002038B5044601680D4811
:103C9000814215D10868486800902046E8F713F97A
:103CA000094800684068094BC0F14000187100F0F5
:103CB0005DFB4022591D2046BDE83840E8F75EBB59
:103CC00038BD000000480040045B00207C56002006
:103CD000704700002DE9F0410024FBF7EBF90126C5
:103CE0000025FE4F00287DD0FBF7EAF9002879D0A7
:103CF00003F0D8FD002876D0787B78B10020787367
:103D0000A8B3FBF7D7F940794D286ED02BDC1D28DE
:103D10006CD012DC05286AD06ADDB4E04FF00100F7
:103D2000EDE7032872D1FBF7D1F9032138E00A2827
:103D30006CD1FBF7CBF90A2111E02A2841D05FDCD6
:103D4000212865D0222861D1FBF7C0F9BDE8F041F8
:103D5000EAF79CBA4A2859D1FBF7B8F94A21BDE8DD
:103D6000F041E0F751B84E3814284FD200E02FE070
:103D7000DFE800F0234C4CBC4C4C4C134C4C4C4CEE
:103D80000AD4CEDAC2C81AE7387B68B33D73FBF7B2
:103D90009DF9BDE8F041E3F7ABBBFBF797F955217F
:103DA000BDE8F041E5F760BB387B80B33D73FBF7BE
:103DB0008DF9BDE8F041E1F73FBBFBF787F94E21F4
:103DC00002E0FBF783F92A21BDE8F041ECF772B974
:103DD000FBF776F940794D2807D012DC1D2805D075
:103DE0000BDC06E025E067E079E0ACE0ACE065E004
:103DF0003EE0052862D03BDD45E02A28E1D09FDD8A
:103E00004DE0A0F14E00142800D202E0D2E091E093
:103E1000ADE0DFE800F00DCFCF6BCFCFCF0CCFCF31
:103E2000CFCF0B837D8971770A96BDE7ACE7B4E706
:103E3000C3E7FBF73FF910B1FBF742F920B103F0FC
:103E400031FD00287ED0B6E103F02CFDA0B3787BD5
:103E5000B8B10020787380B3FBF72CF940794D2876
:103E600079D025DC1D287CD016DC052826D00ADC7C
:103E700001287FF456AFFBF729F9BDE8F041FFF7C1
:103E8000FBB90120E6E709287FF451AFFBF71EF9E3
:103E9000BDE8F041EBF712BB2A2892D0AFDD342801
:103EA0007FF458AFFBF712F9BDE8F041E4F78EBCA0
:103EB0004E3814287ED202E018E064E05DE0DFE8CE
:103EC00000F00D7979157979790C797979790B2D5B
:103ED00027331B210A4067E756E75EE76DE73E732D
:103EE000FBF7F4F8BDE8F041E3F760BAFBF7EEF852
:103EF000BDE8F041E2F77ABEFBF7E8F8BDE8F04133
:103F0000EAF7E6BDFBF7E2F8BDE8F041E0F79EBB5B
:103F1000FBF7DCF8BDE8F041FFF7B0BCFBF7D6F8E3
:103F2000BDE8F041EDF732BAFBF7D0F8BDE8F0415B
:103F3000E6F722B83E73FBF7C9F8BDE8F041E1F7B8
:103F40009BBA02E033E106E00BE0FBF7BFF8BDE807
:103F5000F041DEF73FBFFBF7B9F8BDE8F041E9F704
:103F600059BAFBF7B3F8BDE8F041EBF777BCFBF7C4
:103F7000ADF8BDE8F041E2F761BAFBF7A7F8BDE89C
:103F8000F041E3F7F1BDF87A401CC0B2F8720128A5
:103F900007D1FBF78FF84079512802D00124E2F7CE
:103FA000A3FDF87A022809D1FBF784F840795A2852
:103FB00004D000E0F9E00124E3F718FAF87A0328C6
:103FC00007D1FBF777F84079222802D00124EAF7DD
:103FD000FDF8F87A042807D1FBF76CF840795E28E1
:103FE00002D00124EAF712FDF87A052808D1FBF780
:103FF00061F840790A2803D001240A20DFF792FEF5
:10400000F87A062807D1FBF755F840795F2802D0E7
:104010000124E0F7B7FAF87A072807D1FBF74AF846
:1040200040795C2802D00124FFF7C8FBF87A082801
:1040300007D1FBF73FF840795B2802D00124EDF768
:1040400045F9F87A092807D1FBF734F840795D285B
:1040500002D00124E5F730FFF87A0A2807D1FBF7F0
:1040600029F84079342802D00124E4F74FFBF87A8C
:104070000B2807D1FBF71EF84079012802D0012454
:10408000FFF79EF8F87A0C2807D1FBF713F8407970
:10409000602802D00124E1F76FF9F87A0D2807D1E2
:1040A000FBF708F84079092802D00124EBF7EAF978
:1040B000F87A0E2807D1FAF7FDFF4079612802D07F
:1040C0000124DEF727FEF87A0F280BD1FAF7F2FF6A
:1040D00040794A2806D001244A2001E020550020DA
:1040E000DFF720FEF87A102807D1FAF7E3FF4079CE
:1040F0004D2802D00124E9F76FF9F87A112807D189
:10410000FAF7D8FF40791D2802D00124EBF7F6F921
:10411000F87A122808D1FAF7CDFF40794E2803D05B
:1041200001244E20EBF76AFFF87A132807D1FAF73B
:10413000C1FF4079212802D00124E2F763F9F87A1F
:10414000142807D1FAF7B6FF4079052802D00124D8
:10415000E3F7CEFCF87A152808D1FAF7ABFF4079DF
:10416000032803D001240320E5F71EF9F87A162866
:1041700008D1FAF79FFF4079552803D00124552034
:10418000E5F712F9F87A172808D1FAF793FF407982
:104190002A2803D001242A20EBF730FFF87A1828C8
:1041A00000D1FD72002C3FF4EEAEBDE8F081BDE819
:1041B000F041E2F799BCF87A401CC0B2F8720128CD
:1041C00002D10124E2F790FCF87A022802D10124FE
:1041D000E3F70CF9F87A032802D10124E9F7F6FF96
:1041E000F87A042802D10124EAF710FCF87A0528AD
:1041F00003D101240A20DFF795FDF87A062802D1C1
:104200000124E0F7BFF9F87A072802D10124FFF76B
:10421000D5FAF87A082802D10124EDF757F8F87A90
:10422000092802D10124E5F747FEF87A0A2802D1CD
:104230000124E4F76BFAF87A0B2802D10124FEF787
:10424000BFFFF87A0C2802D10124E1F795F8F87A3B
:104250000D2802D10124EBF715F9F87A0E2802D1C6
:104260000124DEF757FDF87A0F2803D101244A20F4
:10427000DFF758FDF87A102802D10124E9F7ACF8ED
:10428000F87A112802D10124EBF738F9F87A1228CC
:1042900003D101244E20EBF7B1FEF87A132802D1A6
:1042A0000124E2F7AFF8F87A142802D10124E3F7E9
:1042B0001FFCF87A152803D101240320E5F774F8D0
:1042C000F87A162803D101245520E5F76DF8F87A1D
:1042D000172803D101242A20EBF790FEF87A18283A
:1042E00000D1FD72002C3FF4AEAD5EE70F4A10B571
:1042F00092F885000C280DD09078401CC0B29070C8
:10430000042807D3FFF7B4FB00209070BDE81040ED
:1043100000F01CB8FFF77CFC20B99078012801D18F
:10432000FFF7D8FCBDE8104000F054B87C560020E0
:104330000248017841F00401017070477C5600206A
:104340000149012008707047785600200248017822
:1043500041F01001017070477C560020024801783E
:1043600041F00801017070477C5600200248017836
:1043700041F00201017070477C560020014908702D
:104380007047000050580020014981F885007047AF
:104390007C56002006494888401C80B24880B0F511
:1043A000167F03D300204880FFF7D8BF7047000076
:1043B00078560020064941F88C0F0068C26842F028
:1043C0001002C26051F887094022E7F7D7BF00000A
:1043D0007C56002070B501220C4E1503294630464C
:1043E000E6F7FFFD0A4CC82304F14501E278D4F852
:1043F0008C00E7F7E5FF2078294640F001002070A7
:104400003046BDE870400022E6F7EBBD00080240F0
:104410007C5600202DE9FE4FFC4EFD4806F1980524
:1044200096F800C0324601784368DFF8E893E86800
:104430009269ACF1030C4FF0640B4FF0040A05F1E4
:104440000C07BCF15E0F77D2DFE81CF05E008A003B
:104450008A008A008A008A008A008A0018018A007D
:10446000500189018A008A00AE011D026F017B02A2
:104470008A0083029E02D00259018A008A009902B2
:104480008A008A00090301034103AF038A008A00FE
:1044900090038A008A006C058105210843085C08A6
:1044A00087089E018A00C10D1E0550058A00480537
:1044B00011031F0326058A008A0094054005AA05FA
:1044C00083043B0EA708840B660C0D0DEE0A1C1529
:1044D0008A00F60F2D106710AE10F51011013A1179
:1044E00064118E11B811E21136127912BC12281320
:1044F000CB0A0C12FE126C138713BD13F8136B1446
:104500002E142E146B14A815EFF726FFFAF7DEFD14
:1045100040794FF07E544D2873D02DDC1D2871D08A
:1045200013DC05286FD008DC012865D0032817D1DB
:10453000FAF7CCFD03225BE012E0092869D00A28D3
:104540000ED1FAF7C3FD0A2113E02A287CD009DC3A
:1045500021286ED0222803D1FAF7B8FDE9F7E4FD4F
:10456000BDE8FE8F34283AD04A28F9D1FAF7AEFDDB
:104570004A21DFF795FBF3E74E381428F0D2DFE845
:1045800000F05F0A0A0B0A0A0A340A0A0A0A10240F
:104590001F29151A434DE3E7FAF798FDE1F746FBAB
:1045A000DEE7FAF793FDE2F7ADFED9E7FAF78EFD05
:1045B000EAF7D0F9D4E7FAF789FDDFF787FFCFE70D
:1045C000FAF784FDFFF79EF8CAE7FAF77FFDECF7EC
:1045D00021FEC5E7FAF77AFDE5F712FCC0E7FAF726
:1045E00075FD3021E4F734F9BAE7FAF76FFD55228B
:1045F0003021E4F7C3FFB3E7FAF768FDFEF7C0FD2B
:10460000AEE710E016E02DE0FAF760FDE0F702FEFD
:10461000A6E7FAF75BFDEAF713FFA1E7FAF756FD05
:10462000DEF734FB9CE7FAF751FDE8F74DFD97E71D
:104630000AE012E0FAF74AFD2146EBF713FB8FE799
:10464000FAF744FD4E2302E0FAF740FD2A23002248
:1046500002F097BCEBF7ACFD82E7FAF737FDE1F724
:10466000B1FE7DE7FAF732FDE3F700FA78E7EFF7FE
:1046700073FEFAF72BFDE0F7B7F871E701218DF82B
:10468000041080696421EAF7DEFA42F21076B0FB8A
:10469000F6F18DF80610B0FBF6F106FB11015C4651
:1046A000B1FBF4F18DF80510B0FBF4F10BFB110038
:1046B0008DF80300E868642100698069EAF7C3FAAD
:1046C000B0FBF6F18DF80210B0FBF6F106FB11011C
:1046D000B1FBF4F18DF80110B0FBF4F104FB110013
:1046E0008DF800006846E7F7C4FE39E7904201D133
:1046F000012000E0002003F061FA01F069BE904261
:1047000001D1002403E00069904200D10124EFF7B9
:1047100023FEFAF7DBFC4079552888D1FAF7D6FC5E
:1047200055222146E4F778FF1AE7904201D1012093
:1047300000E0002003F0A6FAECF7EAF902F062FFCD
:10474000354B08B1012200E000224FF40061184609
:10475000E6F747FC00211320FBF7DEFB00E7904261
:1047600001D100200DE00169914201D1052008E04E
:104770000969914201D10A2003E040699042BCD10D
:10478000142003F063F9B8E7904201D1002008E05B
:104790000069904201D1052003E000699042ACD14C
:1047A0000A2003F04FFBA8E7EFF7D6FDE8680A21DF
:1047B000006900698069EAF746FA04F02DF9174CA0
:1047C0000022234603F020FFC6E91E01EDF708FE94
:1047D000D6E91E2304F0A4FA03F028FE03F06EF8D5
:1047E000FAF774FC4079212825D0512802D05A28A4
:1047F000C9D115E0D6E91E0103F018FE0446FAF708
:1048000065FC2146E2F784FA77E700002055002096
:104810005058002062A602080000024000005940E3
:10482000D6E91E0103F002FE0446FAF74FFC2146CA
:10483000E2F77EFE61E7D6E91E010022F64B04F0A6
:1048400039FA03D8F4490020C6E91E01EDF7C8FD86
:10485000D6E91E2304F064FA03F0E8FD03F02EF815
:10486000FAF734FCE1F794FED6E91E010022234654
:1048700004F022F904F05CF800B2ECF72DF9012005
:10488000ECF724F939E7EFF767FDE8680A210069DA
:1048900000698069EAF7D7F904F0BEF80022DF4B1F
:1048A00003F0B2FEC6E91E0103F0C0FD03F06CFA8E
:1048B00002F08EFF02F0B6FCFAF708FC40792128DE
:1048C0001AD0512802D05A289ED10AE0D6E91E01FA
:1048D00003F0ACFD0446FAF7F9FB2146E2F746FA8D
:1048E0000BE7D6E91E0103F0A1FD0446FAF7EEFB43
:1048F0002146E2F74BFE00E7C94CD6E91E01002233
:10490000234604F0D7F903D800202146C6E91E014A
:10491000D6E91E0103F08AFD03F036FAFAF7D6FB5A
:10492000E1F736FED6E91E010022234604F0C4F862
:1049300003F0FEFF00B2ECF7DBF80120ECF7D2F851
:10494000DBE680690021EAF77EF9C0B203F080FA65
:10495000D3E690427FF40FAEEFF72CFB03F08AFA18
:10496000F1E1FAF7B3FBE1F77FF900283FF403AE7A
:10497000EFF708FBFAF7AAFBE1F7E5FEF0E571793E
:104980000020FDF715FEEBE5EFF7E6FCE8680A21ED
:1049900000698069EAF757F904F03EF80022A14B5C
:1049A00003F032FEC6E91E01FAF790FBE0B1FAF718
:1049B0008DFB407903280CD03428DFD1D6E91E01C5
:1049C00003F034FD0446FAF781FB2146E3F722FBAE
:1049D000C6E5D6E91E0103F029FD0446FAF776FB89
:1049E0002146E4F78BF9BBE50021F3E3EFF7B4FCD4
:1049F000E8680A2100698069EAF725F904F00CF8F3
:104A00000022894B03F000FEC6E91E01FAF75EFBA7
:104A10000028E9D0FAF75AFB407903280CD0342853
:104A2000ACD1D6E91E0103F001FD0446FAF74EFBB6
:104A30002146E3F71BFB93E5D6E91E0103F0F6FCE4
:104A40000446FAF743FB2146E4F784F988E59042EF
:104A500001D1012000E0002003F01AF94DE6904258
:104A600001D1012000E0002002F02EFF45E6EFF723
:104A700073FCFAF72BFBE968B269914201D101217D
:104A800000E00021DEF7D8FC6AE5EFF765FCE86896
:104A90000A2100698069EAF7D6F80446C0B203F03B
:104AA000E3F9601FFA2805D8FAF710FBA1B2DEF788
:104AB000E5FC55E5A8685D4900698160A868016961
:104AC000C1F80C90A868016981F805A08CE710294D
:104AD000C4D2DFE801F0080C1014181C2024282C84
:104AE0003034383CF147002003F024F805E600207C
:104AF00003F05EF801E6002003F054F8FDE5002025
:104B000003F025F8F9E5002003F01AF8F5E5002098
:104B100003F036F8F1E5002003F020F8EDE5002081
:104B200003F014F8E9E5002002F0F6FFE5E50020C7
:104B300002F0FAFFE1E5002002F0E8FFDDE50020E9
:104B400002F0ECFFD9E5002003F002F8D5E5587932
:104B50004E284FF0000002D003F00CF8CDE503F032
:104B600003F8CAE5002003F011F8C6E5EFF7F4FBFF
:104B7000FFF75CF80146B06DE1F766F80446E868B7
:104B800064210069006900698069EAF75CF85946A8
:104B9000B0FBF1F20BFB1202B0FBFBF042EA00109B
:104BA000C1B22046E2F742F8DAE4102913D2DFE876
:104BB00001F008131E672F46515C676D78848F9A49
:104BC000B3BE904201D1002003E04069904202D17F
:104BD000022002F0F1FEB4E0904201D1002003E097
:104BE0004069904202D1022002F02AFFA9E09042DF
:104BF00001D1002003E04069904202D1022002F07E
:104C000013FF9EE0002000E0022002F0C7FE98E0C3
:104C100090420DD100200FE000C06240000024400F
:104C20000000594000408F400088C34067A602083A
:104C30004069904202D1022002F0C4FE81E090421D
:104C400001D1002003E0406990427AD1022002F0B5
:104C5000D9FE76E0904201D1002003E04069904205
:104C60006FD1022002F0BCFE6BE0904201D1002027
:104C700003E04069904264D1022002F0A9FE60E0A6
:104C80009042BFD040699042BED05AE0904201D1DC
:104C9000002003E04069904253D1022002F086FEDA
:104CA0004FE0904201D1002003E04069904248D19A
:104CB000022002F06DFE44E0FDE3904201D10020AD
:104CC00003E0406990423CD1022002F069FE38E0E6
:104CD000904201D1002003E04069904231D102208E
:104CE00002F078FE2DE059794E2903D090420CD184
:104CF00000200EE0904201D1002003E04069904284
:104D00001FD1022002F072FE1BE04069904218D1D0
:104D1000022002F071FE14E0904201D1002003E075
:104D2000406990420DD1022002F078FE09E09042E5
:104D300001D1002003E04069904202D1022002F03C
:104D400067FEEBF7E5FEFAF7C1F900287FF409AE3C
:104D500006E4102981F03C83DFE801F008131B23EF
:104D60002B333B434B535B636B73868E012002F006
:104D700023FEB069C07802F0C7FD002002F05AFEA1
:104D8000BBE4012002F05CFEB069C07802F0FAFDDD
:104D9000B3E4012002F048FEB069C07802F0ECFDF7
:104DA000ABE4012002F015FEB069C07802F0B9FD55
:104DB000A3E4012002F006FEB069C07802F0AAFD6B
:104DC0009BE4012002F01EFEB069C07802F0C2FD33
:104DD00093E4012002F004FEB069C07802F0A8FD5F
:104DE0008BE4012002F0F4FDB069C07802F098FD78
:104DF00083E4012002F0D2FDB069C07802F076FDB4
:104E00007BE4012002F0D2FDB069C07802F076FDAB
:104E100073E4012002F0BCFDB069C07802F060FDCF
:104E20006BE4012002F0BCFDB069C07802F060FDC7
:104E300063E4012002F0CEFDB069C07802F072FD9B
:104E40005BE458794E284FF0010006D002F0D4FD03
:104E5000B069C07802F078FD4FE402F0C7FDB06998
:104E6000C07802F06BFD48E4012002F0D7FDB06984
:104E7000C07802F07BFD40E4012002F0C9FDB0697A
:104E8000C07802F06DFD38E4904201D0012000E0CE
:104E9000002002F0F1FE30E480696421E9F7D3FEDE
:104EA0005946B0FBF1F24FF461635A43B0FBFBF398
:104EB0000BFB1300C0EB001002EB800080B202F08D
:104EC00009FDEBF725FEEFF7EFF90EE4904201D173
:104ED000012000E0002002F0E7FE0EE4904201D144
:104EE000012000E0002002F0D9FE06E4FAF7EEF817
:104EF00000283FF4EBADFAF7E9F8E968B2699142AE
:104F000002D14FF4807101E040F6FF71A0F86C10FF
:104F1000FAF7DCF8B0F86C40FAF7D8F82146E0F779
:104F2000CBFA1BE4904201D100200DE001699142CF
:104F300001D1052008E00969914201D10A2003E06E
:104F40004069904288D1142002F00CFF1BE4EFF777
:104F500003FAE868B169884203D1FAF7B7F8022189
:104F600005E000698842DCD1FAF7B0F80321E8F7E0
:104F7000C1FA03E5904201D1012000E0002002F0D7
:104F80006DFFE868B169884201D1012000E000208E
:104F90008DF808000122D10202A8ECF7B1FD33E43C
:104FA00010299AD2DFE801F0082A4C6E90B2F4EF93
:104FB000EEEDECEBEAE9E8E7012002F0BBFDEEF7ED
:104FC000ADFF002889D0E8680A218069E9F73BFE37
:104FD00004F086F9F94C214604F038F802F07EFE20
:104FE000E8680A2100698069E9F72DFE04F078F984
:104FF000214604F02BF802F045FD05E4012002F003
:10500000D7FDEEF78BFF0028A0D0E8680A21806961
:10501000E9F719FE04F064F9E84C214604F016F8AB
:1050200002F09AFEE8680A2100698069E9F70BFE40
:1050300004F056F9214604F009F802F061FD21E47C
:10504000012002F0AFFDEEF769FF0028A7D0E86865
:105050000A218069E9F7F7FD04F042F9D74C2146AF
:1050600003F0F4FF02F072FEE8680A21006980692B
:10507000E9F7E9FD04F034F9214603F0E7FF02F017
:1050800039FD2DE4012002F062FDEEF747FF002814
:1050900085D0E8680A218069E9F7D5FD04F020F998
:1050A000C64C214603F0D2FF02F025FEE8680A2133
:1050B00000698069E9F7C7FD04F012F9214603F0A1
:1050C000C5FF02F0ECFC0BE4012002F039FDEEF725
:1050D00025FF002891D0E8680A218069E9F7B3FD2F
:1050E00004F0FEF8B54C214603F0B0FF02F0FCFDE1
:1050F000E8680A2100698069E9F7A5FD04F0F0F885
:10510000214603F0A3FF02F0C3FC19E4012002F0E2
:1051100037FDEEF703FF002891D0E8680A21806987
:10512000E9F79EFDA64C00B294F90010442902D084
:10513000432915D003E004F0BBF802F0F5FD207818
:1051400002F01CFEE8680A2100698069E9F788FD21
:1051500094F9001000B2442905D0432915D006E087
:10516000404200B2E7E704F0A3F802F0B1FC207877
:1051700002F0FEFD72E468E145E1F8E0D5E0B2E05E
:105180008FE06CE049E026E002E0404200B2EAE74E
:10519000012002F0E3FCEEF7C1FE002893D0E8689E
:1051A0000A218069E9F74FFD04F09AF8834C214603
:1051B00003F04CFF02F0A6FDE8680A21006980694F
:1051C000E9F741FD04F08CF8214603F03FFF02F0BF
:1051D0006DFC43E4D2E3012002F0B8FCEEF79EFE42
:1051E000002892D0E8680A218069E9F72CFD04F0D4
:1051F00077F8724C214603F029FF02F07BFDE86846
:105200000A2100698069E9F71EFD04F069F821466A
:1052100003F01CFF02F042FC20E4012002F07CFCC1
:10522000EEF77CFE0028A5D0E8680A218069E9F73E
:105230000AFD04F055F8614C214603F007FF02F027
:105240003FFDE8680A2100698069E9F7FCFC04F089
:1052500047F8214603F0FAFE02F006FC06E40120BE
:1052600002F062FCEEF75AFE0028B2D0E8680A218C
:105270008069E9F7E8FC04F033F8504C214603F06C
:10528000E5FE02F025FDE8680A2100698069E9F77A
:10529000DAFC04F025F8214603F0D8FE02F0ECFB1E
:1052A00024E4012002F032FCEEF738FE002890D012
:1052B000E8680A218069E9F7C6FC04F011F83F4C60
:1052C000214603F0C3FE02F0F5FCE8680A210069FC
:1052D0008069E9F7B8FC04F003F8214603F0B6FE54
:1052E00002F0BCFB06E4012002F018FCEEF716FE0B
:1052F000002891D0E8680A218069E9F7A4FC03F04E
:10530000EFFF2E4C214603F0A1FE02F0DBFCE86823
:105310000A2100698069E9F796FC03F0E1FF214664
:1053200003F094FE02F0A2FB04E4012002F010FC62
:10533000EEF7F4FD002891D0E8680A218069E9F7CA
:1053400082FC03F0CDFF1D4C214603F07FFE02F0EE
:10535000D3FCE8680A2100698069E9F774FC03F06E
:10536000BFFF214603F072FE02F09AFB08E5587970
:105370004E284FF0010025D002F0FCFBEEF7CEFDE9
:1053800000288DD0E8680A218069E9F75CFC03F009
:10539000A7FF0A4C214603F059FE02F0BFFCE86863
:1053A0000A2100698069E9F74EFC03F099FF214664
:1053B00003F04CFE02F086FBE2E400000000204116
:1053C000D855002002F0D0FBEEF7A8FD002889D0C8
:1053D000E8680A218069E9F736FC03F081FFFE4C9A
:1053E000214603F033FE02F093FCE8680A210069CD
:1053F0008069E9F728FC03F073FF214603F026FEDD
:1054000002F05AFBBCE4012002F0C6FBEEF786FD79
:10541000002889D0E8680A218069E9F714FC03F0C4
:105420005FFFED4C214603F011FE02F089FCE868B5
:105430000A2100698069E9F706FC03F051FF214663
:1054400003F004FE02F050FB9AE4012002F09EFB00
:10545000EEF764FD002889D0E8680A218069E9F741
:10546000F2FB03F03DFFDC4C214603F0EFFD02F0C0
:1054700061FCE8680A2100698069E9F7E4FB03F050
:105480002FFF214603F0E2FD02F028FB78E4EEF75F
:1054900063FFFEF7EDFB0D287FF46BADF9F716FE09
:1054A00040791D28F8D1E868B169884204D1F9F73C
:1054B0000DFE00210AE0F1E30069884203D1F9F70B
:1054C00005FE022102E0F9F701FE0321EAF72CFBB9
:1054D0003EE4EEF741FFFEF7CBFB0D28F8D1F9F7DC
:1054E000F5FD40791D28F3D1E868B169884203D100
:1054F000F9F7ECFD002102E0F9F7E8FD0121EAF7F8
:10550000DBFB25E4EEF728FFE8680A2100698069E3
:10551000E9F7A6FB04B2B14890F90000442803D093
:10552000432801D1604204B2FEF7A2FB0D28CFD17F
:10553000F9F7CCFD40791D28CAD1204603F055FA71
:105540000022A74B03F060F802F070FF0446F9F761
:10555000BDFD2146EAF7D0FBB7E4EEF7FDFEE868B3
:105560000A2100698069E9F76EFB0446FEF780FBBB
:105570000D2807D00E28EFD1F9F7A8FDA1B2E2F768
:1055800027FBA2E4F9F7A2FD40791D28E4D1F9F741
:105590009DFDA1B2EAF786FA97E4EEF7DDFEE86832
:1055A0000A2100698069E9F74EFB0446F9F78EFD90
:1055B000407905280DD102F069F920B102F066F9B1
:1055C000052803D005E06420444302E004EB840096
:1055D000440002F061F9834D834E10B3F9F776FD74
:1055E00040795D2812D008DC05280FD05A280DD04C
:1055F0005B280BD05C2806D108E05E2806D05F2827
:1056000004D0602802D0A4F5A07001E0A4F54860A1
:1056100003F002FA2A46334602F0F6FF03F0B8F927
:105620000446FEF725FB4FF08447102894D2DFE8AC
:1056300000F0093008084D089A0808C1E3FBF90892
:10564000F88442E4F9F742FD4079512811D05A28F4
:1056500097D1204603F0E0F90022644B02F0D4FF1A
:1056600002F0E4FE0446F9F731FD2146E1F7BCFF04
:105670002BE4204603F0D0F90022594B02F0C4FF7E
:1056800002F0D4FE0446F9F721FD2146E1F79CFB28
:105690001BE4F9F71BFD4079012811D05C28D0D11B
:1056A000204603F0B9F90022504B02F0ADFF02F0A2
:1056B000BDFE0446F9F70AFD2146FEF739F904E478
:1056C000F9F704FDA1B2FDF7F5FD2AE4F9F7FEFCB8
:1056D0004079032823D0342811D05D28F5D1204605
:1056E00003F09AF90022414B02F08EFF02F09EFE79
:1056F0000446F9F7EBFC2146E4F75EFC11E4204692
:1057000003F08AF90022364B02F07EFF02F08EFE93
:105710000446F9F7DBFC2146E3F7BAF829E4204612
:1057200003F07AF900222E4B02F06EFF02F07EFEAB
:105730000446F9F7CBFC032211E0F9F7C7FC4079E6
:105740005528EBD1204603F067F90022244B02F0E4
:105750005BFF02F06BFE0446F9F7B8FC55222146C8
:10576000E3F72CFF05E4F9F7B1FC4079222811D0CA
:105770005E28D3D1204603F04FF900221B4B02F0E4
:1057800043FF02F053FE0446F9F7A0FC2146E9F777
:10579000F9F99DE6204603F03FF90022104B02F094
:1057A00033FF02F043FE0446F9F790FC2146E8F788
:1057B000B9FD8DE6F9F78AFC40796028E9D12046E9
:1057C00003F02AF90022094B02F01EFF02F02EFE20
:1057D0000446F9F77BFC0BE000002041D85500207F
:1057E00000002440CDCCCCCCCCCCFC3F00005940B8
:1057F0002146DFF7CFFE6BE6F9F768FC40796128B8
:10580000C7D1204603F008F90022FE4B02F0FCFE4F
:1058100002F00CFE0446F9F759FC2146DDF7FAFACE
:1058200056E6AFE082E0FFE7F9F750FC40790A283E
:1058300013D04A2844D05F28ABD1204603F0ECF8BF
:105840000022F04B02F0E0FE02F0F0FD0446F9F712
:105850003DFC2146DEF754FF3AE602F01DF890B118
:10586000F9F734FC006F394603F08AFE03F04EFB73
:105870002A46334602F0C8FE0022E34B03F01CF92F
:1058800003F056F807E0F9F721FC006FDF4903F059
:105890006FFD03F0D1FC201A04B2F9F717FCD0F821
:1058A0008C5004EB8400400003F002FD294603F015
:1058B00059FB03F0C1FC04B2F9F708FC0A2231E0FD
:1058C00001F0EAFF90B1F9F701FC006F394603F0EF
:1058D00057FE03F01BFB2A46334602F095FE0022DA
:1058E000C94B03F0E9F803F023F807E0F9F7EEFB02
:1058F000006FC64903F03CFD03F09EFC201A04B281
:10590000F9F7E4FBD0F88C5004EB8400400003F07E
:10591000CFFC294603F026FB03F08EFC04B2F9F716
:10592000D5FB4A222146DEF7ABFAD1E501F0B4FF00
:1059300090B1F9F7CBFB006F394603F021FE03F07D
:10594000E5FA2A46334602F05FFE0022AE4B03F032
:10595000B3F802F0EDFF07E0F9F7B8FB006FAB49D1
:1059600003F006FD03F068FC201A00B203F0A0FC6F
:10597000A64903F06BFBEBF7D3F801210220F4F703
:10598000C9F8A5E501F088FFD8B1F9F79FFB006FD2
:105990009F4903F0EDFC03F06BFCA0F5486003F0B9
:1059A0003BF82A46334602F02FFE05460E462046B7
:1059B00003F032F82A46334603F0BEF902F0B8FF8E
:1059C00008E0F9F783FB006F914903F0D1FC03F085
:1059D0004FFC201A04B2F9F779FB2146E2F746F9A9
:1059E00076E5EEF7B9FCE8680A218069E9F72BF95A
:1059F0000446F9F76BFBA0F86C40F9F767FB4079B8
:105A00000A2805D1F9F762FBA1B20A22DEF76AF98A
:105A1000F9F75CFB40794A2887D1F9F757FBA1B227
:105A20004A22DEF75FF953E571740C2911D00D2974
:105A30003ED00E29A5D13846EAF70CFC002285217C
:105A40007320F9F703FF307C01285ED00A285FD06D
:105A500065E03846EAF7FEFB002285217320F9F75E
:105A6000F5FE307C012802D00A2803D009E0F9F7BE
:105A70002DFB05E0FEF7DAF80146B06DE0F7E4F83B
:105A80000446EEF769FCF9F721FB002878D02046A0
:105A9000316AE1F705F80028A2D060794D289FD13E
:105AA000F9F714FB49F61452616FE7F7ADFD0FE506
:105AB0003846EAF7CFFB002285217320F9F7C6FEAE
:105AC000307C012802D00A2803D009E0F9F7FEFA59
:105AD00005E0FEF7ABF80146B06DE0F7B5F8044617
:105AE000EEF73AFCF9F7F2FA0028CFD02046316AF7
:105AF000E0F7D6FF002896D060791D2893D1F9F7FA
:105B0000E5FA0121E9F7F0FFE2E4F9F7DFFA05E051
:105B1000FEF78CF80146B06DE0F796F80446EEF714
:105B20001BFCF9F7D3FA0028B0D02046316AE0F721
:105B3000B7FF0028BBD060790528B8D1306A03F0E0
:105B40007BFB04B2F9F7C2FA2146E2F7E5F8BFE4BD
:105B50006870BDE47174A1B149F616580C297CD067
:105B60000D29A4D13846EAF775FB00228521732060
:105B7000F9F76CFE307C012870D00A286FD0B7E0AE
:105B8000DCE03846EAF766FB002285217320F9F74E
:105B90005DFE307C012802D00A2803D009E0F9F725
:105BA00095FA05E0FEF742F80146B06DE0F74CF8D3
:105BB0000446EEF7D1FB2046316AE0F771FF00287A
:105BC000A2D0F9F783FA00288FD0607921284FD02E
:105BD000512802D05A2897D145E02046E0F739F8FD
:105BE00003F094F907468846306A03F08FF90022E3
:105BF000044B02F009FD3A46434602F005FD074614
:105C0000884607E000005940000024400000204181
:105C10000000C8422046E0F724F803F077F9434635
:105C20003A4602F049FF02F001FC3063F9F74EFA00
:105C3000007F01280DD0306B03F068F90022F84B8B
:105C400003F07AF821F000410022F64B02F0F8FE52
:105C500074D8F9F73BFA316B02E011E03EE040E026
:105C6000E1F71AF834E4F9F731FAE1F76DFB2FE4C4
:105C7000F9F72CFAE0F78CFC0120EAF721FF27E482
:105C80003846EAF7E7FA002285217320F9F7DEFDAE
:105C9000307C012803D00A2804D00AE010E2F9F78A
:105CA00015FA05E0FDF7C2FF0146B06DDFF7CCFF46
:105CB0000446EEF751FBF9F709FA002884D0204694
:105CC000316AE0F7EDFE0028CCD060794D28C9D1CB
:105CD00001F06CFDD8B101F069FD18E0F9F7F6F9B3
:105CE00005E0FDF7A3FF0146B06DDFF7ADFF044609
:105CF000EEF732FBF9F7EAF90028DFD02046316AE7
:105D0000E0F7CEFE0028ADD060791D28AAD1F9F7C2
:105D1000DDF94346616FA2E0717481B10C29A1D114
:105D20003846EAF797FA002285217320F9F78EFDAD
:105D3000307C01286ED00A2870D076E046E1307CB5
:105D4000012802D00A2803D009E0F9F7BFF905E0DD
:105D5000FDF76CFF0146B06DDFF776FF0446F9F7FB
:105D6000B5F94079212807D13846EAF773FA0022BD
:105D700085217320F9F76AFDEEF7EEFA2046316AC5
:105D8000E0F78EFE00289FD0F9F7A0F9002895D003
:105D90006079212836D051280FD05A2897D1A249AE
:105DA000306A8842BFF618AFA04988423FF7F1AC8D
:105DB000F9F78CF9E1F746FC5AE49D49306A03F0A3
:105DC00045F9B0632046DFF74CFF07462046DFF772
:105DD0003DFF05462046DFF73CFF294603F0D0FB98
:105DE000394603F033F93064B06992498160032188
:105DF00081709149C160422101719048B062904820
:105E0000F06235E4F9F762F9E0F7C2FB0120EAF746
:105E100079FE2DE4F9F75AF906E0FFE7FDF706FFF2
:105E20000146B06DDFF710FF0446EEF795FAF9F77B
:105E30004DF90028ABD02046316AE0F731FE00284A
:105E4000BAD060794D28B7D101F0B0FC49F61A55A7
:105E500008B101F0ABFCF9F739F9616F2B46326AF2
:105E6000E7F7A0FB04E4717479B10C29A4D138469A
:105E7000EAF7F0F9002285217320F9F7E7FC307C7E
:105E800001287AD00A287BD081E03846EAF7E2F987
:105E9000002285217320F9F7D9FC307C012802D03B
:105EA0000A2803D009E0F9F711F905E0FDF7BEFE75
:105EB0000146B06DDFF7C8FE0446EEF74DFA204606
:105EC000316AE0F7EDFD00289BD05949306A03F0B4
:105ED000BDF8F0632046DFF7C4FE80462046DFF7BA
:105EE000B5FE07462046DFF7B4FE394603F048FB0F
:105EF000414603F0ABF8074670643946306C03F056
:105F00003FFBF16B80468B46B06B03F039FB41469B
:105F100003F09CF83946306303F02AFA594603F03F
:105F200024FB7063F9F7D2F800284FD0607951282C
:105F30007FF433AFF9F7CAF8007F012814D0306B33
:105F400002F0E4FF0022364B02F0F6FE21F00041A1
:105F50000022344B02F074FD38D8706B394920F0C0
:105F6000004003F0D1F931D2F9F7B0F8D6E90C12BC
:105F7000E0F796FE0DE400E002E0F9F7A7F805E08F
:105F8000FDF754FE0146B06DDFF75EFE0446EEF706
:105F9000E3F92046316AE0F783FD0028EAD0F9F7FB
:105FA00095F8806FF064B16C0C4603F0E9FA014695
:105FB000306A03F04BF8306580F00040214603F072
:105FC000D7F97065F9F782F80028D3D1D5E2102906
:105FD00064D2DFE801F0080C1014181C20393D4190
:105FE00045494D515C60002001F002FE56E0002062
:105FF00001F03CFE52E0002001F032FE4EE00020B5
:1060000001F003FE4AE0002001F0F8FD46E0002028
:1060100001F014FE42E0002001F0FEFD3EE0000031
:106020000000F03F0000E03F0000BE420000A04042
:106030000000C8428EA6020891A602089D390108F8
:106040004D2801089A99193E002001F0DDFD25E058
:10605000002001F0BFFD21E0002001F0C3FD1DE0A4
:10606000002001F0B1FD19E0002001F0B5FD15E0C0
:10607000002001F0CBFD11E058794E284FF00000D0
:1060800002D001F0D5FD09E001F0CCFD06E00020D2
:1060900001F0E0FD02E0002001F0D6FDFDF7C6FDB5
:1060A0000468002C3FF466AF04F19800EEF76DF938
:1060B00004F1A400EEF769F904F1B000EEF765F918
:1060C00086E180690A21E8F7BEFD0546FDF7AEFDD1
:1060D0000468002CE6D0FB49087810287CD2DFE861
:1060E00000F0081F364D647C93AAC1D8F5F3F2F195
:1060F000F0EFE8B201F062FE012001F079FD01F05D
:1061000081FB014604F19800EEF754F901F07AFBA7
:10611000014604F1A400EEF74DF901F073FB87E1AD
:10612000E8B201F089FE012001F0A0FD01F0A8FB1A
:10613000014604F19800EEF73DF901F0A1FB01469C
:1061400004F1A400EEF736F901F09AFB70E1E8B231
:1061500001F06CFE012001F083FD01F08BFB014694
:1061600004F19800EEF726F901F084FB014604F1F2
:10617000A400EEF71FF901F07DFB59E1E8B201F050
:106180002AFE012001F041FD01F049FB014604F126
:106190009800EEF70FF901F042FB014604F1A4006C
:1061A000EEF708F901F03BFB42E1E8B201F00CFE2A
:1061B000012001F023FD01F02BFB014604F19800C2
:1061C000EEF7F8F801F024FB014604F1A400EEF725
:1061D000F1F801F01DFB2BE1FAE0E8B201F014FE4A
:1061E000012001F02BFD01F033FB014604F1980082
:1061F000EEF7E0F801F02CFB014604F1A400EEF705
:10620000D9F801F025FB13E1E8B201F0EBFD012024
:1062100001F002FD01F00AFB014604F19800EEF7DF
:10622000C9F801F003FB014604F1A400EEF7C2F83F
:1062300001F0FCFAFCE0E8B201F0CCFD012001F035
:10624000E3FC01F0EBFA014604F19800EEF7B2F836
:1062500001F0E4FA014604F1A400EEF7ABF801F016
:10626000DDFAE5E0E8B201F09BFD012001F0B2FCAF
:1062700001F0BAFA014604F19800EEF79BF801F03C
:10628000B3FA014604F1A400EEF794F801F0ACFA79
:10629000CEE0E8B201F08CFD012001F0A3FC01F09A
:1062A000ABFA014604F19800EEF784F801F0A4FA85
:1062B000014604F1A400EEF77DF801F09DFAB7E085
:1062C000A0E088E051E039E017E0FFE7E8B201F034
:1062D00061FD012001F078FC01F080FA014604F133
:1062E0009800EEF767F801F079FA014604F1A4008E
:1062F000EEF760F801F072FA9AE0E8B201F052FDB0
:10630000012001F069FC01F071FA014604F19800E6
:10631000EEF750F801F06AFA014604F1A400EEF736
:1063200049F801F063FA014604F1B000EEF742F8D3
:1063300001F05CFA014604F1BC0047E0E8B201F06C
:106340004BFD012001F062FC01F06AFA014604F104
:106350009800EEF72FF801F063FA014604F1A4006B
:10636000EEF728F801F05CFA62E0486840792A28E4
:10637000E8B215D001F03CFD012001F053FC01F022
:106380005BFA014604F19800EEF714F801F054FAB4
:10639000014604F1A400EEF70DF801F04DFA47E0D4
:1063A00001F02CFD012001F043FC01F04BFA014605
:1063B00004F19800EDF7FEFF01F044FA014604F104
:1063C000A400EDF7F7FF01F03DFA31E0EDF7F2FF41
:1063D000EAF79EFB46E4E8B201F022FD012001F05D
:1063E00039FC01F041FA014604F19800EDF7E2FFB3
:1063F00001F03AFA014604F1A400EDF7DBFF01F0E9
:1064000033FA15E0E8B201F005FD012001F01CFCB3
:1064100001F024FA014604F19800EDF7CBFF01F0FA
:106420001DFA014604F1A400EDF7C4FF01F016FACD
:10643000014604F1B000C9E73846E9F70BFF002236
:1064400085217320F9F702FA307C012802D00A284E
:1064500003D009E0F8F73AFE05E0FDF7E7FB014657
:10646000B06DDFF7F1FB0446EDF776FF2046316AA9
:10647000E0F716FB0028ADD0F8F728FE00287CD006
:10648000F8F724FE4079222807D05E28A2D1F8F739
:106490001DFE316AE8F780FA8EE4F8F717FE316ADC
:1064A000E7F768FE88E43846E9F7D4FE0022852144
:1064B0007320F9F7CBF9307C012805D00A2806D0E3
:1064C0000CE0000050580020F8F700FE05E0FDF752
:1064D000ADFB0146B06DDFF7B7FB0446EDF73CFFBF
:1064E0002046316AE0F7DCFA0028D5D0F8F7EEFD57
:1064F0000028C4D0F8F7EAFD4079222807D05E28AA
:10650000CAD1F8F7E3FD316AE8F702FB54E4F8F783
:10651000DDFD316AE7F7DAFE4EE43846E9F79AFE28
:10652000002285217320F9F791F9307C012802D0EF
:106530000A2803D009E0F8F7C9FD05E0FDF776FB6E
:106540000146B06DDFF780FB0446EDF705FF2046FE
:10655000316AE0F7A5FA00289ED0F8F7B7FD0028C9
:106560008DD0F8F7B3FD4079012819D022280BD03F
:106570005C280FD05E288FD100E076E2F8F7A6FD08
:10658000316AE8F739F917E4F8F7A0FD316AE7F75F
:106590004DFD11E4F8F79AFD316AFDF7D5F80BE4EB
:1065A000F8F794FD122143E03846E9F753FE002244
:1065B00085217320F9F74AF9307C012802D00A2896
:1065C00003D009E0F8F782FD05E0FDF72FFB014657
:1065D000B06DDFF739FB0446EDF7BEFE2046316AA9
:1065E000E0F75EFA002891D0F8F770FD0028B7D0E8
:1065F000F8F76CFD4079012817D0222809D05C28D3
:106600000DD05E2888D1F8F761FD316AE8F72EF9E0
:1066100028E4F8F75BFD316AE7F732FD22E4F8F78A
:1066200055FD316AFDF74AF91CE4F8F74FFD1121D9
:10663000FCF786FD16E43846E9F70CFE00228521BA
:106640007320F9F703F9307C012802D00A2803D01F
:1066500009E0F8F73BFD05E0FDF7E8FA0146B06D0B
:10666000DFF7F2FA0446EDF777FE2046316AE0F7ED
:1066700017FA0028CCD0F8F729FD0028B7D0F8F792
:1066800025FD4079012817D0222809D05C280DD09B
:106690005E28BDD1F8F71AFD316AE8F721F969E4FF
:1066A000F8F714FD316AE7F715FD63E4F8F70EFD1E
:1066B000316AFDF76BF95DE4F8F708FD1321B7E7E0
:1066C0003846E9F7C7FD002285217320F9F7BEF8A7
:1066D000307C012802D00A2803D009E0F8F7F6FC44
:1066E00005E0FDF7A3FA0146B06DDFF7ADFA044609
:1066F000EDF732FE2046316AE0F7D2F90028CED01D
:10670000F8F7E4FC0028B9D0F8F7E0FC316ADDF7CF
:1067100015FD2FE43846E9F79DFD00228521732001
:10672000F9F794F8307C012802D00A2803D009E058
:10673000F8F7CCFC05E0FDF779FA0146B06DDFF71C
:1067400083FA0446EDF708FE2046316AE0F7A8F91F
:106750000028A4D0F8F7BAFC00288FD0F8F7B6FCD0
:10676000316ADDF725FD05E43846E9F773FD0022BF
:1067700085217320F9F76AF8307C012802D00A28B5
:1067800003D009E0F8F7A2FC05E0FDF74FFA014657
:10679000B06DDFF759FA0446EDF7DEFD2046316AA9
:1067A000E0F77EF9002886D0F8F790FC0028AAD000
:1067B000F8F78CFC316ADDF7ABFE0BE63846E9F7FB
:1067C00049FD002285217320F9F740F8307C01282B
:1067D00002D00A2803D009E0F8F778FC05E0FDF7BD
:1067E00025FA0146B06DDFF72FFA0446EDF7B4FD48
:1067F0002046316AE0F754F90028DED0F8F766FC4D
:106800000028AAD0F8F762FC316ADDF73FFFE1E526
:106810003846E9F71FFD002285217320F9F716F8A5
:10682000307C012802D00A2803D009E0F8F74EFC9A
:1068300005E0FDF7FBF90146B06DDFF705FA044608
:10684000EDF78AFD2046316AE0F72AF90028B4D036
:10685000F8F73CFC0028AAD0F8F738FC316ADDF7DD
:1068600089FFB7E53846E9F7F5FC0022852173205A
:10687000F8F7ECFF307C012802D00A2803D009E0A9
:10688000F8F724FC05E0FDF7D1F90146B06DDFF71C
:10689000DBF90446EDF760FD2046316AE0F700F9C8
:1068A00000288AD0F8F712FC0028AAD0F8F70EFCCE
:1068B000316ADCF795FD8DE53846E9F7CBFC00221F
:1068C00085217320F8F7C2FF307C012802D00A2806
:1068D00003D009E0F8F7FAFB05E0FDF7A7F9014658
:1068E000B06DDFF7B1F90446EDF736FD2046316AA9
:1068F000E0F7D6F800288AD0F8F7E8FB0028AAD0FD
:10690000F8F7E4FB40790A2809D1306A02F0B0FCBC
:1069100084B2F8F7DBFB0A222146DCF759FFF8F7CF
:10692000D5FB40794A289CD1306A02F0A1FC84B2A0
:10693000F8F7CCFB4A222146DCF74AFF4AE5384605
:10694000E9F788FC002285217320F8F77FFF307C6F
:10695000012802D00A2803D009E0F8F7B7FB05E0C8
:10696000FDF764F90146B06DDFF76EF90446EDF707
:10697000F3FC2046316AE0F793F800289BD0F8F743
:10698000A5FB002871D0F8F7A1FB40790A2809D1AE
:10699000306A02F06DFC84B2F8F798FB0A222146B7
:1069A000DCF7F0FEF8F792FB40794A28C6D1306A4E
:1069B00002F05EFC84B2F8F789FB4A222146DCF73C
:1069C000E1FE07E53846E9F745FC00228521732002
:1069D000F8F73CFF307C012802D00A2803D009E0F8
:1069E000F8F774FB05E0FDF721F90146B06DDFF71C
:1069F0002BF90446EDF7B0FC2046316AE0F750F879
:106A000000289BD0F8F762FB78B3F8F75FFB40797A
:106A10000A2809D1306A02F02BFC84B2F8F756FB41
:106A20000A222146DDF772FAF8F750FB40794A282E
:106A300084D1306A02F01CFC84B2F8F747FB4A228A
:106A40002146DDF763FAC5E43846E9F703FC002286
:106A500085217320F8F7FAFE307C012802D00A283D
:106A600004D00AE0F8F732FB06E04FE0FDF7DEF86D
:106A70000146B06DDFF7E8F80446EDF76DFC2046FF
:106A8000316AE0F70DF800289BD0F8F71FFBE8B358
:106A9000F8F71CFB316ADCF777FC9BE43846E9F732
:106AA000D9FB002285217320F8F7D0FE307C012825
:106AB00002D00A2803D009E0F8F708FB05E0FDF74B
:106AC000B5F80146B06DDFF7BFF80446EDF744FCBA
:106AD0002046316ADFF7E4FF0028B4D0F8F7F6FA71
:106AE000A0B1F8F7F3FA40790A2809D1306A02F028
:106AF000BFFB84B2F8F7EAFA0A222146DDF7E0F993
:106B0000F8F7E4FA40794A289DD100E086E0306A3F
:106B100002F0AEFB84B2F8F7D9FA4A222146DDF73B
:106B2000CFF957E4EDF718FCF8F7D0FA40790A28C6
:106B300008D04A280AD05F2885D1F8F7C7FADDF7D0
:106B4000A3FC47E4F8F7C2FA0A2202E0F8F7BEFA1B
:106B50004A220121DDF784F83CE43846E9F77AFB64
:106B6000002285217320F8F771FE307C012803D0C4
:106B70000A2804D018B109E0F8F7A8FA05E0FDF7F3
:106B800055F80146B06DDFF75FF80446EDF7E4FB1A
:106B90002046316ADFF784FF0028C2D0F4B3607961
:106BA0001D2807D05B28BCD1F8F790FA316AEAF7C4
:106BB00053FB0FE4F749306A02F048FA0446F8F74D
:106BC00085FA012236E03846E9F744FB00228521A8
:106BD0007320F8F73BFE307C012803D00A2804D04C
:106BE00018B109E0F8F772FA05E0FDF71FF8014661
:106BF000B06DDFF729F80446EDF7AEFB2046316AA9
:106C0000DFF74EFF00288CD044B160791D2809D0F1
:106C10005B2886D1F8F75AFA316A00E06EE0EAF7AD
:106C2000F7FB39E4DB49306A02F010FA0446F8F762
:106C30004DFA02222146E8F79BFD2DE43846E9F79C
:106C400009FB002285217320F8F700FE307C012823
:106C500003D00A2804D018B109E0F8F737FA05E0A4
:106C6000FCF7E4FF0146B06DDEF7EEFF0446EDF7FA
:106C700073FB2046316ADFF713FF0028D1D0ECB355
:106C800060791D2807D05B28CBD1F8F71FFA316A4D
:106C9000EAF7F8FB06E4BF49306A02F0D7F9044688
:106CA000F8F714FA0322C5E73846E9F7D3FA0022C9
:106CB00085217320F8F7CAFDEDF74EFB307C0128E3
:106CC00002D00A2803D009E0F8F700FA05E0FCF743
:106CD000ADFF0146B06DDEF7B7FF0446EDF73CFBB4
:106CE0002046316ADFF7DCFE0028D3D0F8F7EEF952
:106CF00020B1F8F7EBF94079612800E065E0C9D1EF
:106D000030785D2807D05E28C4D1F8F7DFF9316A02
:106D1000DBF782FF37E4F8F7D9F9316ADBF742FF96
:106D200031E43846E9F796FA002285217320F8F716
:106D30008DFD307C012802D00A2803D009E0F8F745
:106D4000C5F905E0FCF772FF0146B06DDEF77CFF88
:106D50000446EDF701FB2046316ADFF7A1FE00286B
:106D6000D8D0F8F7B3F980B3F8F7B0F940794D28E7
:106D700039D015DC1D2841D00ADC03281ED0092893
:106D8000C8D1F8F7A3F9B18C09B2E8F737FB06E4EC
:106D90002A2859D03428FAD1F8F798F9342210E08B
:106DA0004E2836D0552817D05D280FD06028EED158
:106DB000F8F78CF9316ADEF7A1FB29E4F8F786F9D8
:106DC0000322316AE1F778FC22E4AEE0F8F77EF9BD
:106DD000316AE3F737F81BE4F8F778F95522316A9E
:106DE000E2F7A2FB14E46C49306A02F02FF9044682
:106DF000F8F76CF92146E6F7A9FB09E46549306A22
:106E000002F024F90446F8F761F92146E8F7ACFEF0
:106E100004E4F8F75BF9D0F89040F8F757F9806F81
:106E2000214602F0ADFB04465B49306A02F00EF9E0
:106E3000214602F0A5FB0446F8F748F9D0F88C503B
:106E4000F8F744F94E2319E0F8F740F9D0F89040EC
:106E5000F8F73CF9806F214602F092FB04464E4958
:106E6000306A02F0F3F8214602F08AFB0446F8F794
:106E70002DF9D0F88C50F8F729F92A232246294613
:106E8000FDF7E8BB3846E9F7E5F9002285217320D4
:106E9000F8F7DCFC307C012802D00A2803D009E096
:106EA000F8F714F905E0FCF7C1FE0146B06DDEF716
:106EB000CBFE0446EDF750FA2046316ADFF7F0FDCD
:106EC0000028A5D0F8F702F978B3F8F7FFF8407971
:106ED000052858D01D2829D02A282DD04E2897D1F2
:106EE000F8F7F4F8D0F89050F8F7F0F8D0F88C7084
:106EF000F8F7ECF8D0F89040F8F7E8F8806F214602
:106F000002F03EFB394602F0A1F80446F8F7DEF83D
:106F1000D0F89010306A02F033FB214602F096F868
:106F20000446F8F7D3F84E232AE082E0F8F7CEF8CB
:106F3000316AE8F76DFE16E4F8F7C8F8D0F890501B
:106F4000F8F7C4F8D0F88C70F8F7C0F8D0F8904093
:106F5000F8F7BCF8806F214602F012FB394602F0C8
:106F600075F80446F8F7B2F8D0F89010306A02F0DD
:106F700007FB214602F06AF80446F8F7A7F82A232F
:106F80002A4621467CE7F8F7A1F8316AE0F742FE8D
:106F900013E4000000007A440000C8423846E9F7D4
:106FA00059F9002285217320F8F750FC307C012824
:106FB00002D00A2803D009E0F8F788F805E0FCF7CA
:106FC00035FE0146B06DDEF73FFE0446EDF7C4F92D
:106FD0002046316ADFF764FD0028D9D0F8F776F84B
:106FE00038B3F8F773F84079032811D0342809D062
:106FF0004D2813D06028CBD1F8F768F8316ADEF756
:107000002BF904E4F8F762F8316AE1F76FFC28E441
:10701000F8F75CF8316AE2F71FFB22E400F0C6FBE8
:1070200008B100F0C3FBF8F751F8316AE6F736FA19
:1070300017E4A8680A4900698160A8680169C1F875
:107040000C90A8680169022081F805A00021F2F7E0
:1070500061FD307C01283EF47BAD0420FEF778BD55
:1070600067A602080149012088707047285800204F
:1070700001490120487070472858002002480178D3
:1070800041F0100101707047355700200248017827
:1070900041F01001017070472F570020024801781D
:1070A00041F04001017070473557002002480178D7
:1070B00041F04001017070472F570020024841788D
:1070C00041F00101417070472F570020024841787C
:1070D00041F01001417070472F570020024801789D
:1070E00041F08001017070472F570020024801785D
:1070F00041F00201017070473557002002480178C5
:1071000041F00201017070472F57002002480178BA
:1071100041F008010170704735570020024801789E
:1071200041F00801017070472F5700200248017894
:1071300041F0200101707047355700200248017866
:1071400041F02001017070472F570020024841781C
:1071500041F00401417070473557002002484178E2
:1071600041F00401417070472F57002002484178D8
:1071700041F00801417070472F5700200248017804
:1071800041F0040101707047355700200248017832
:1071900041F00401017070472F57002002484178E8
:1071A00041F00201417070472F57002002480178DA
:1071B00041F0010101707047355700200248017805
:1071C00041F00101017070472F57002001494860CC
:1071D00070470000D055002001490860704700004A
:1071E000D05500207CB504460D4600F079F801F03A
:1071F0008DFE22462B4601F04BF9CDE9000103A29A
:1072000007210448D9F778F97CBD000025352E32D6
:10721000660000008D55002001490860704700009D
:10722000DC5500201CB501F071FECDE9000103A280
:1072300006210448D9F760F91CBD000025352E3120
:10724000660000008755002070B5044600EB8400FE
:10725000850004F00F0040F06000EAF741FD702067
:1072600040EA1410EAF73CFD0520EAF739FD122048
:10727000EAF736FD02480349284448604D8070BD56
:10728000245C0020705600200248017841F0010182
:1072900001707047505700200248417841F00201C8
:1072A000417070473357002070B504460E460846BB
:1072B000FCF7CAFBC04305063046FCF7C5FB45EAB0
:1072C0000020A06170BD00000148007870470000F8
:1072D00048580020014890F8E2007047347C0020B4
:1072E0000148D0F8CC007047347C00200148C079B8
:1072F00070470000347C00200148B0F8D600704789
:10730000347C00200148407F70470000347C00201E
:10731000704700000148807F70470000347C0020E7
:107320000148007F70470000347C00200148C07D88
:1073300070470000347C00200148007E7047000048
:10734000347C0020704770470148C07F70470000C0
:10735000347C00200148C07E70470000347C00204F
:10736000014890F820007047347C0020014890F8D4
:1073700023007047347C00200148807E7047000065
:10738000347C0020014890F822007047347C0020B3
:10739000014890F821007047347C00200148407E6D
:1073A00070470000347C00200148807D7047000059
:1073B000347C00200148C07B70470000347C0020F2
:1073C000704700000148007C70470000347C0020BA
:1073D0000148807B70470000347C00200148407ADF
:1073E00070470000347C00200148807A704700001C
:1073F000347C002070470120704700000148407C29
:1074000070470000347C00200148407B704700003A
:10741000347C00200148807C70470000347C0020D0
:107420000148407D70470000347C00200148007B0B
:1074300070470000347C00200148007D7047000048
:10744000347C00200148C07C70470000347C002060
:107450000148C07A70470000347C00200148007A5F
:1074600070470000347C0020014890F832007047DB
:10747000347C00200148407970470000347C0020B3
:107480000148007970470000347C00200148807872
:1074900070470000347C00200148D0F89800704705
:1074A000347C0020704700000148D0F8A0007047ED
:1074B000347C00200148D0F890007047347C0020D4
:1074C0000148806E70470000347C00200148006F46
:1074D00070470000347C0020704770470148D0F8A6
:1074E000A8007047347C00200148D0F8880070471D
:1074F000347C00200148D0F8B0007047347C002074
:107500000148D0F8B8007047347C00200148D0F81A
:1075100080007047347C00200148D0F8C8007047D4
:10752000347C00200148D0F8C0007047347C002033
:107530000148806F70470000347C00200148006ED5
:1075400070470000347C0020014890F82B00704701
:10755000347C002070470000014890F82C007047F0
:10756000347C0020014890F82A007047347C0020C9
:10757000014890F825007047347C0020014890F8BD
:1075800026007047347C002070477047014890F80F
:107590002D007047347C0020014890F82900704786
:1075A000347C0020014890F82E007047347C002085
:1075B000014890F831007047347C0020014890F871
:1075C00028007047347C0020014890F83000704754
:1075D000347C0020014890F82F007047347C002054
:1075E000014890F827007047347C0020014890F84B
:1075F00024007047347C0020014800787047000068
:10760000347C0020014890F8D8007047347C00207A
:10761000014890F8DA007047347C0020014890F867
:107620003A007047347C002070470000014890F811
:107630003B007047347C0020014890F839007047C7
:10764000347C0020014890F834007047347C0020DE
:10765000014890F835007047347C0020704770472F
:10766000014890F83C007047347C0020014890F8B5
:1076700038007047347C0020014890F83D00704786
:10768000347C0020014890F83E007047347C002094
:10769000014890F837007047347C0020014890F88A
:1076A00040007047347C0020014890F83F0070474C
:1076B000347C0020014890F836007047347C00206C
:1076C000014890F833007047347C0020014840782E
:1076D00070470000347C002001488079704700002A
:1076E000347C0020014890F8D4007047347C00209E
:1076F0000148C07870470000347C00200148D0F871
:1077000094007047347C0020704700000148D0F896
:107710009C007047347C00200148D0F88C007047F2
:10772000347C00200148406E70470000347C00200B
:107730000148C06E70470000347C002070477047DD
:107740000148D0F8A4007047347C00200148D0F8EC
:1077500084007047347C00200148D0F8AC007047AA
:10776000347C00200148D0F8B4007047347C0020FD
:107770000148C06F70470000347C00200148D0F8F9
:10778000C4007047347C00200148D0F8BC0070472A
:10779000347C00200148406F70470000347C00209A
:1077A0000148C06D70470000347C0020014890F80B
:1077B000E0007047347C0020014890F8DE007047FC
:1077C000347C0020014890F8DD007047347C0020B4
:1077D0000148D0F8D0007047347C0020014890F870
:1077E00048007047347C002070470000014890F842
:1077F00049007047347C0020014890F847007047EA
:10780000347C0020014890F842007047347C00200E
:10781000014890F843007047347C0020704770475F
:10782000014890F84A007047347C0020014890F8E5
:1078300046007047347C0020014890F84B007047A8
:10784000347C0020014890F84C007047347C0020C4
:10785000014890F845007047347C0020014890F8BA
:107860004E007047347C0020014890F84D0070476E
:10787000347C0020014890F844007047347C00209C
:10788000014890F841007047347C0020014890F88E
:10789000E1007047347C0020014890F8D90070471F
:1078A000347C0020014890F8DC007047347C0020D4
:1078B000014890F8DB007047347C00200149C1F892
:1078C000CC007047347C00200149C871704700002B
:1078D000347C00200149A1F8D6007047347C002098
:1078E0000149487770470000347C00207047000051
:1078F0000149887770470000347C002001490877EF
:1079000070470000347C00200149C87570470000B2
:10791000347C00200149087670470000347C002048
:10792000704770470149C87770470000347C0020D9
:107930000149C87670470000347C0020014981F875
:1079400020007047347C0020014981F823007047F3
:10795000347C00200149887670470000347C002088
:10796000014981F822007047347C0020014981F8E8
:1079700021007047347C00200149487670470000A0
:10798000347C00200149887570470000347C002059
:107990000149C87370470000347C00207047000024
:1079A0000149087470470000347C00200149887345
:1079B00070470000347C0020014948727047000085
:1079C000347C00200149887270470000347C00201C
:1079D000704770470149487470470000347C0020AC
:1079E0000149487370470000347C002001498874C5
:1079F00070470000347C0020014948757047000042
:107A0000347C00200149087370470000347C00205A
:107A10000149087570470000347C00200149C87492
:107A200070470000347C00200149C8727047000094
:107A3000347C00200149087070470000485800203D
:107A40000149087270470000347C0020024981F827
:107A50003200E8F7BFBD0000347C00200149C1F8C6
:107A600098007047347C0020704700000149C1F83D
:107A7000A0007047347C00200149C1F89000704795
:107A8000347C00200149886670470000347C002067
:107A90000149086770470000347C00207047704738
:107AA0000149C1F8A8007047347C00200149C1F8A1
:107AB00088007047347C00200149C1F8B00070474D
:107AC000347C00200149C1F8B8007047347C0020A4
:107AD0000149C1F880007047347C00200149C1F899
:107AE000C8007047347C00200149C1F8C0007047CD
:107AF000347C00200149886770470000347C0020F6
:107B00000149086670470000347C0020014981F873
:107B10002B007047347C002070470000014981F839
:107B20002C007047347C0020014981F82A007047FE
:107B3000347C0020014981F825007047347C002006
:107B4000014981F826007047347C00207047704757
:107B5000014981F82D007047347C0020014981F8EB
:107B600029007047347C0020014981F82E007047BD
:107B7000347C0020014981F831007047347C0020BA
:107B8000014981F828007047347C0020014981F8C0
:107B900030007047347C0020014981F82F00704785
:107BA000347C0020014981F827007047347C002094
:107BB000014981F824007047347C00200149087095
:107BC00070470000347C0020014981F83A0070477A
:107BD000347C002070470000014981F83B00704769
:107BE000347C0020014981F839007047347C002042
:107BF000014981F834007047347C0020014981F844
:107C000035007047347C002070477047014981F887
:107C10003C007047347C0020014981F838007047EF
:107C2000347C0020014981F83D007047347C0020FD
:107C3000014981F83E007047347C0020014981F8F9
:107C400037007047347C0020014981F840007047BC
:107C5000347C0020014981F83F007047347C0020CB
:107C6000014981F836007047347C0020014981F8D1
:107C700033007047347C0020014948707047000091
:107C8000347C0020014981F8D8007047347C002002
:107C90000149887170470000347C0020014981F857
:107CA000DA007047347C0020014981F8D400704725
:107CB000347C00200149C1F894007047347C0020D6
:107CC000704700000149C1F89C007047347C0020D7
:107CD0000149C1F88C007047347C00200149486696
:107CE00070470000347C00200149C86670470000DE
:107CF000347C0020704770470149C1F8A4007047E8
:107D0000347C00200149C1F884007047347C002095
:107D10000149C1F8AC007047347C00200149C1F82A
:107D2000B4007047347C00200149C86770470000E8
:107D3000347C00200149C1F8C4007047347C002025
:107D40000149C1F8BC007047347C002001494867F4
:107D500070470000347C00200149C865704700006E
:107D6000347C0020014981F8E0007047347C002019
:107D7000014981F8DE007047347C0020014981F818
:107D8000DD007047347C00200149C1F8D000704705
:107D9000347C0020014981F848007047347C002081
:107DA00070470000014981F849007047347C002089
:107DB000014981F847007047347C0020014981F86F
:107DC00042007047347C0020014981F8430070472D
:107DD000347C002070477047014981F84A007047A1
:107DE000347C0020014981F846007047347C002033
:107DF000014981F84B007047347C0020014981F82B
:107E00004C007047347C0020014981F845007047E0
:107E1000347C0020014981F84E007047347C0020FA
:107E2000014981F84D007047347C0020014981F8F8
:107E300044007047347C0020014981F841007047BC
:107E4000347C0020014981F8E1007047347C002037
:107E5000014981F8D9007047347C0020014981F83C
:107E6000DC007047347C0020014981F8DB0070475A
:107E7000347C002010B5F7F7A3FEE8F749FE142084
:107E8000E2F7AEFFBDE81040E2F7C6B810B5002833
:107E900012D0312280F822202E2380F82330302285
:107EA00080F82420002280F825200C78C47783777E
:107EB000497800F81D1FC27010BD00281BD04A78F9
:107EC00000F85A2F0A784270CA7882708A78C27095
:107ED0004A7902710A794271CA7982718A79C271CA
:107EE0004A7A02720A7A4272CA7A8272897AC172B4
:107EF000012100F83E1C7047FEB5F7F7A7FD3F488B
:107F000000251024817900F1800606293CD2DFE8A3
:107F100001F00343233B6262FFF76EFB48B100941C
:107F2000CDE90145337A402118203268E2F7E2F9C1
:107F300007E0CDE900450823402114207268E2F7EC
:107F40003DFAFFF759FB01462C489830406803B0D2
:107F5000BDE8F040E6F79CBE807848B1FFF74CFBE7
:107F600018B10423264A009408E00823254A0CE0AF
:107F7000FFF742FB60B3244A0423009450211820E9
:107F8000CDE90145E2F7B6F9FEBD50211820CDE953
:107F90000045E2F713FAFEBD807890B1FFF72CFBA5
:107FA00018B10623194A0094E8E70823184A482123
:107FB0001820CDE90045E2F701FA0823154A5821B7
:107FC000E4E7FFF719FB18B10423134A0094D5E73F
:107FD0000823124AD9E7FFF70FFB38B10094CDE927
:107FE00001455021337A18203268CBE7CDE90045AE
:107FF0000823502118207268CBE70000205500208C
:10800000C1A9020857A60208C5A90208C9A9020801
:10801000AFA60208BAA60208CFA9020862A6020803
:1080200070B5F7F731FF00210120F7F775FFFFF773
:108030001BFAE8F7CFFA00F06BF8FFF759FB284C72
:108040004FF4004550B3012802D0032815D136E083
:10805000012229462046E2F7C4FF224A24213E207D
:10806000F7F7AEFCF7F756FDF7F74EFD0028FBD00B
:10807000002229462046E2F7B4FF1920F7F76EFAEE
:10808000194AC2E90201E4F737FAFAF71DFB0020AA
:10809000FFF7DAF8BDE87040E8F748BD012229464D
:1080A0002046E2F79EFF114A56212520F7F788FC6B
:1080B000F7F730FDF7F728FD0028FBD0D8E70122BD
:1080C00029462046E2F78DFF094A2D213E20F7F789
:1080D00077FCF7F71FFDF7F717FD0028FBD0C7E780
:1080E00000000240E597020830580020459E020833
:1080F000B59A020800B583B00A460021CDE9001107
:1081000001466846D8F7C8FEDDE9000103B000BDAE
:1081100070B5114D00244FF480512846E2F754FF0A
:1081200000B101244FF400512846E2F74DFF00B1A1
:10813000A41C54B1012C0AD0022C0AD0032C0AD161
:108140000320BDE87040F7F7D5BE0020F9E7012015
:10815000F7E70220F5E770BD0004024010B5F0F724
:10816000F9FB084CA18A6279491E89B2F9F7A6FE8B
:10817000F0F7F0FBA18A00F007F8A08ABDE81040F4
:10818000F8F72CBC2055002070B586B0C27A01AB40
:10819000C679057A447A83E87400007B0B46009028
:1081A00003A213210948D8F7A7F906B070BD000053
:1081B0002530356420253032642530326425303254
:1081C0006420253032643A25303264005C5B002044
:1081D00030B5174BD8688169A3F19800C069814216
:1081E0000BD1827909254AB10024042A13D04869A9
:1081F000C471D86880694069057230BD496902223E
:10820000CA71D968896949690D7240698179022901
:10821000F3D2827130BD4969CC71D96889694969E5
:108220000C72406981790029F4D0847130BD00005E
:10823000B855002030B4124CA4F10D01E0688269F9
:10824000A4F19800C06982420DD1837901F1010542
:108250009B0701D01C2300E01D236B7052699379AA
:1082600052695B5C1372E26892695269824203D17F
:1082700082794069515C017230BCEBF739BE000075
:10828000B855002003785B1C5BB2934200DD4BB213
:108290000370704703885B1C1BB2934200DD0BB276
:1082A0000380704703785B1E5BB28B4200DA53B2E7
:1082B0000370704703885B1E1BB28B4200DA13B257
:1082C0000380704710B5F7F7C9FD234CA8B1F7F745
:1082D000A9FD012811D1F7F7B5FD70B9607818B183
:1082E0001E48F7F7FBFB01E0F7F73EFB6078E0B1D3
:1082F000002060700020FEF7A7FFF7F793FD01282C
:1083000028D1F6F7E3FE40794A2823D1F6F7DEFEBE
:10831000B0F8C80002281DD111480078012806D005
:10832000BDE810400F48F7F77BBB0120E1E7A078DC
:1083300010B1F7F7B9FA02E00A48F7F771FBA07835
:1083400030B10020A070BDE810400020FEF77CBFD7
:108350000120F7E710BD000030580020F1B20208FC
:108360005457002059B3020830B5194C01226368F4
:108370001B69834212D1884204D025682D69C4E963
:1083800000530BE02160616063681B6963601B69D7
:108390008B4203D0521CD2B2072AF5D323685B6903
:1083A000834206D14969814204D0236060684069F4
:1083B000606030BD61602160206840692060406974
:1083C0008842F6D0521CD2B2072AF5D330BD000045
:1083D000D055002010B500290AD00878002807D011
:1083E00005487844D9F7ECF9002801D0002010BDE9
:1083F0000248784410BD00007A3700007237000050
:1084000010B500290AD00878002807D0054878441C
:10841000D9F7D6F9002801D0002010BD02487844D1
:1084200010BD00006A3700006237000021F00042F2
:10843000A2F16052B2F5801F01F0004328BFD2F1D3
:108440007F6C0BD95FEA001C43EAC20242EB50701A
:1084500018BF704728BF20F001007047B2F5801F99
:10846000BCBF184670474FEA410C1CF5001F02D2F2
:10847000084601F044B870B500F0C8FB0000008960
:10848000FFF7F6BF4FF00040A0F5800070470000F6
:1084900010B591EA030F48BF83F0004300F1548404
:1084A000841A71EB030C05D2121943EB0C03001B69
:1084B00061EB0C01DFF824E14FEA1154A4EB135CEB
:1084C0001EEA430F18BF9EEA445F73D023EA0E03EF
:1084D000DCF1200E21EA045143F4801332D322FA56
:1084E0000CFE10EB0E0023FA0CFE41EB0E01CCF15A
:1084F000200E03FA0EFE10EB0E0051F10001B1F553
:10850000801FCCF1200E32D201EB045112FA0EF290
:10851000BDE8104058BF7047401C38BF5FEA4202B8
:1085200018BF7047002814BF20F0010041F100017E
:108530004FEA410313F5001F38BF7047A1F1C04156
:1085400000F0B2BB012A43EB0302ACF1200CDCF1DA
:108550001F0E32BF4FF0000E23FA0CF310EB030096
:1085600041EB0451B4EB115FD0D0A1EB045101F504
:10857000801149085FEA300001EB04510ED350F13D
:10858000000038BF12FA0EFE08D1BDE81040C9E75E
:10859000401C38BF5FEA4202CAD1C3E7BDE81040C1
:1085A0004FEA410313F5001F38BF7047A1F1C041E6
:1085B00000F07ABB9EEA445F08D011EA5E0FBDE886
:1085C000104004BF01F0004100207047BDE810409A
:1085D00070B500F01BFB00BF64FBBE3E0000E0FF77
:1085E00002494FF0000001F045B800BF0000F87FDD
:1085F000491058BFC1F140415B1058BFC3F140431F
:108600008B42EFF3008070472DE9C04130B4DFF8B2
:10861000A0C23CEA111418BF3CEA131400F0EC802D
:1086200081EA03051CEA111444EAD57418BF1CEA58
:10863000131500F0C780A4EB05044FF0004545EA90
:10864000C12145EAC32341EA505143EA525304F1A0
:108650007F74994204F500344FEAC0204FEAC222E9
:1086600008BF904200F09C804FEA13650FF240165D
:10867000765D4FEA134506FB05F7C7F1807706FBE9
:1086800007F74FEAD737A7FB03687642C8F580386B
:10869000A7FB06CE38BFA8F1010807FB08E64FF09C
:1086A000000EA6FB028CE6FB03CEDCF1000CCEF143
:1086B000004E38BFAEF1010EA6FB0C584FF000077C
:1086C0004FF00005E6FB0E87A1FB08C6A0FB07CE16
:1086D00016EB0E0645F10005E1FB076515F1E04ECE
:1086E0007EBFA4F580345FEA46066D4116F180072F
:1086F00045F100054FEA17274FEA066647EA056786
:10870000A6F1DE46B6F1805F4FEA15251FD938463F
:1087100024F0010C05EBC471BCF1FE6F01EB0C11F0
:1087200002D8F0BCBDE8008124425CBF01F5801E88
:108730009EEAC47F02D4F0BCBDE80081244238D454
:10874000F0BCA1F1C041BDE8004100F0ADBA4FEA74
:10875000D22242EA43524FEAD323A7FB02864FEAD2
:10876000D02040EA415007FB03661EEA0E0F4FEA95
:10877000D12105FB026658BFA6EB0056B6EB0056AA
:108780004FEA520E4EEAC37E18EB0E0E56EB530E16
:10879000BDD518EB02085E417F1C55F10005B6E718
:1087A0004FF480154FF000074FF000064FF000081F
:1087B000ADE7F0BC4FF0000001F1C04101F0004115
:1087C000BDE8008111EA0C1F0CEA131500D00CE083
:1087D00013EA0C1F00F025804FF00000F0BC81EA86
:1087E000030101F00041BDE80081F0BCBDE800419B
:1087F00081EA030100F058BAF0BCBDE8004170B551
:1088000000F004FA097EFC3E00F007B881EA03019B
:108810004FF0000001F00041704781EA030100F0D1
:1088200043BAF0BCBDE800414FF000002149704759
:10883000FFFDFBF9F7F5F4F2F0EEEDEBE9E8E6E425
:10884000E3E1E0DEDDDBDAD8D7D5D4D3D1D0CFCDAC
:10885000CCCBCAC8C7C6C5C4C2C1C0BFBEBDBCBBE5
:10886000BAB9B8B7B6B5B4B3B2B1B0AFAEADACABE0
:10887000AAA9A8A8A7A6A5A4A3A3A2A1A09F9F9EBA
:108880009D9C9C9B9A99999897979695959493936C
:10889000929191908F8F8E8E8D8C8C8B8B8A898903
:1088A0008888878786858584848383828281818086
:1088B0000000FF070000F87F51EA030C17D41CF5F5
:1088C000801F58BFBCF5801F00F10680994218BF79
:1088D000704708BF9042704707D711F5801F58BFF7
:1088E00013F5801F19D499427047894270471CF5CF
:1088F000801F08D5BCF5801FF7D58B4218BF704785
:1089000008BF824270474FF4001C1CEB410F38BF78
:108910001CEB430F01D28B42704770B500F076F923
:10892000922449004FF000514FF08053FFF760BE92
:108930004FEA41034FEA5353A3F58063D3F11E037B
:10894000C8BFD3F1210C0CDD4FF0004242EAC12236
:1089500042EA505232FA03FC8CEAE17CACEBE17063
:108960007047102BC4BF0020704703F5787CBCF122
:10897000FF3F04D06FF0004282EA2100704770B5DB
:1089800000F044F94992248000207047F2E700008B
:108990004FEA1153A3F58063D3F11E03A8BFD3F1AF
:1089A000200C08DB4FF0004242EAC12252EA50524A
:1089B00032FA03F0704709420BD4102BC4BF0020D9
:1089C000704703F5787CBCF1FF3F05D04FF0FF30D6
:1089D00070474FF00000704770B500F017F900BF06
:1089E0004992248000207047F0E710F0004248BF11
:1089F0004042B0FA80F310FA03F10AD0C3F11D032C
:108A000003F580634FEA415002EB035202EBD121A0
:108A100070474FF000007047B0FA80F310FA03F18E
:108A20000AD0C3F11D0303F580634FEA41504FEABA
:108A3000035202EBD12170474FF000007047000055
:108A400051EA030C17D41CF5801F58BFBCF5801FDA
:108A500000F10680994218BF704708BF90427047E6
:108A600007D711F5801F58BF13F5801F19D49942FD
:108A70007047894270471CF5801F08D5BCF5801FE0
:108A8000F7D58B4218BF704708BF824270474FF43A
:108A9000001C1CEB410F38BF1CEB430F01D28B4273
:108AA000704770B500F0B2F8922449004FF00051C1
:108AB0004FF08053FFF79CBDDFF848C170B51CEA4A
:108AC000111E1EBF1CEA13159EEA0C0F95EA0C0F2F
:108AD00000F06F8081EA030423EA4C134EEAD47E4F
:108AE00021EA4C1141F4801143F48013AE44A1FB00
:108AF000024CA0FB0365AEF17F7E361955EB0C05E9
:108B0000A1FB034C4CF10003A0FB021C16EB0C066E
:108B1000654153F10003094218BF46F0010613F402
:108B2000007F0BD14FEA03314FEA0530340341EAAD
:108B3000155140EA16506FF003020AE04FEAC321D4
:108B40004FEAC520F40241EA555140EA56506FF011
:108B5000020202EB2E4201EB025585EACE710AD0E9
:108B60005FEA440C18BF24F0004450F1000041F1CA
:108B7000000120EAD47040F2FE7C624500D270BD54
:108B8000A84214BF4FF080444FF04044002E08BF6D
:108B90000024BEF1806FA8BFA1F1C041BDE87040C4
:108BA00080F282804FF0000001F1C04101F00041ED
:108BB00070479EEA0C0F0CEA131518BF95EA0C0FCC
:108BC00006D04FF0000081EA030E0EF0004170BDA8
:108BD00000F01CF88900013E00F007B800F009B869
:108BE0004FEA430C5FEA5C5C08D081EA030100F0C5
:108BF0005BB84FEA410C5FEA5C5CF6D14FF00000D5
:108C0000014970470000FF070000F87F0EF1020ED7
:108C10002EF0030E5EF8046B364205D4012A43EBB6
:108C2000030515F5001F12D8012841EB010C1CF5B6
:108C3000001F0CD80ED14FEAD17C15F5001F0CEBAC
:108C40004C0C0CF1020C08BF4CEBD37C04E04FF051
:108C5000080C01E04FEAD37C0CEB4C0526FA05F634
:108C600006F00706B6F1040C06D20EEB860CBDE842
:108C700070404CF0010C6047DFE80CF0090B020279
:108C80004FF000414FF00000A1F5002170BD1946E2
:108C90001046012851EB010418BFD4F5001484BF1D
:108CA000002001F0004170BD0808A0F500114FEA56
:108CB0003101704753EA010C17D41CF5801F58BFCF
:108CC000BCF5801F00F106808B4218BF704708BFBB
:108CD0008242704707D713F5801F58BF11F5801FD8
:108CE00019D48B4270479B4270471CF5801F08D5F2
:108CF000BCF5801FF7D5994218BF704708BF904256
:108D000070474FF4001C1CEB430F38BF1CEB410FA6
:108D100001D2994270470FB40CBC03BCFFF7C1BE2F
:108D200091EA030F10B581F000413FF5B9AB83F034
:108D3000004300F009B8000010B591EA030F48BFE6
:108D400083F000433FF5ACAB841A71EB030C07D200
:108D500012198CF0004C43EB0C03001B61EB0C016F
:108D6000DFF8A4E14FEA1154A4EB135C1EEA430FB1
:108D700018BF9EEA445F00F0B08023EA6E035242BF
:108D800021EA0451C3EB6E0338BF5B1EDCF1200EF9
:108D900025D322FA0CFE10EB0E0043FA0CFE41EB39
:108DA0000E01CCF1200E03FA0EFE10EB0E0051F175
:108DB0000001CCF1200E29D412FA0EF201EB04517D
:108DC000BDE8104058BF7047401C1CBFB2F1004FB7
:108DD000704700280CBF491C20F00100704712EBBF
:108DE000020E43EB030218BF4FF0010E4EEA42029F
:108DF000ACF1200CDCF11E0E54D943FA0CFE10EB42
:108E00000E0051F1FF31CCF11E0ED5D50EF1010E41
:108E100012FA0EFE404141EB010101EB445C5FEAB6
:108E20005C5C10D910EBDE7001EB045138BFBEF171
:108E3000004FBDE8104018BF704700280CBF491C08
:108E400020F00100704730D24FEAD42C11F5001108
:108E500024F400641BD0B1FA81F20B3AA41AA41EC8
:108E6000D2F12003914030FA03F31943904001EB13
:108E7000CC71002C01EB0451BDE81040A8BF704735
:108E800001F1C0414FF0000001F000417047B0FA1D
:108E900080F310FA03F100D110BDE41A173C480525
:108EA000C90AE4E701EB045110BD491001EB04517C
:108EB000BDE810404FEA300002E04FF0000170477B
:108EC0004A0008BF0042F8D0B2F5001F28BF704723
:108ED00001F000414FF0000070479EEA445F07D068
:108EE00011EA5E0FBDE8104004BF0021002070476A
:108EF000BDE8104070B5FFF789FE00BF40DFF63EC9
:108F000083F00041104670470000E0FF43004FEA45
:108F1000D30C4FEA3C0C43401FBF40070CF160519B
:108F200013F0FE4F70471CF0006F03D100200CF0CF
:108F3000004170470CF0004343EA507010B540EA1E
:108F4000CC0000F096FA00BF000000924FEA00014A
:108F5000FFF7AABE4FF000414FF00000A1F500213D
:108F60007047000090EA010F48BF81F0004100F116
:108F70000E83421A3CBF801A89184FEAD0524FF034
:108F80007F4C1CEA410FA2EBD15318BF9CEA026F41
:108F900000F03B804FF0004C4CEA00204CEA0121ED
:108FA00021FA03FC10EB0C0C1ED202F1FF325FEA37
:108FB0001C2040EBC25038BF70471CF07F0F4FEAB7
:108FC000400C18BFBCF17F4F38BF7047C3F120037E
:108FD000994008BF20F00100BCF17F4F38BF7047B7
:108FE000A0F1C04000F08BBA4FEA3C00000A40EB11
:108FF000C25028BF1CF0FF0F4FEA400CE6D018BF4C
:10900000BCF17F4F38BF7047EAE79CEA026F05D09A
:1090100010EA5C0F08BF00F00040704710B500F088
:1090200028FA00BF64FBBE3E014800F023BB00BF2E
:109030000000C07F401058BFC0F14040491058BFE9
:10904000C1F140418142EFF3008070474FF47F0C43
:109050001CEAD0121EBF1CEAD11392EA0C0F93EA4D
:109060000C0F00F0858090EA010F48BF42F4807237
:1090700040F4000C41F400002CF07F4120F07F40D0
:1090800000B58142A2EB03020FF2081CACEB504E7C
:10909000C0F100009EF800E04FEA4E0E00FB0EFC0F
:1090A00038BF49004FEA2C1C02F5FA020CFB0EF304
:1090B0004FEACE1E4FEA112C4FEAC1210EEB635E40
:1090C00042EB22420EFB0CFC4FEA1C5300FB031147
:1090D0004FEA112C4FEA01310EFB0CFC4FEADC4C3D
:1090E00000FB0C11C14228BF09184CEB03335DF89B
:1090F00004EB10EB410143EBC250B2F57C0F38BFDB
:10910000704729D512F0F00F1CBF00F1C04000F0ED
:1091100000407047008182838485868788898B8C94
:109120008D8E8F919293959697999A9C9D9FA0A2D0
:10913000A3A5A7A8AAACAEB0B2B3B5B7B9BCBEC020
:10914000C2C5C7C9CCCED1D4D7D9DCDFE2E6E9ECC1
:10915000F0F3F7FAFE0000004FEA400C0CF1807CBF
:10916000BCF17E4F28BF7047B0F1C04000F0C7B9D6
:1091700090EA010F0CEAD11348BF42F480726245B5
:1091800038BF634507D213F47F0F16D080EA010081
:1091900000F00040704710B500F06BF9097EFC3E0E
:1091A00000F005B880EA010000F00040704780EA56
:1091B000010000F0004000F0A2B912F47F0F04BFDC
:1091C0000248704780EA010000F099B90000C07FB2
:1091D00050EA010C00F113801CF5000F58BFBCF5DC
:1091E000000F01D48842704707D710F5000F58BF11
:1091F00011F5000F15D488427047894270471CF55D
:10920000000F04D5BCF5000FF7D5814270474FF031
:10921000807C1CEB400F38BF1CEB410F01D2814218
:10922000704710B500F025F9922449004FF0005026
:109230004FF08051FFF7FEBE41000B0ED3F19E02AE
:1092400008D950F400034FEA032323FA02F048BF81
:109250004042704710B500F00CF900BF49922480DD
:10926000002070476FF0004282EA20007047000043
:10927000C10DD1F19E0206DB4FEA002343F000430B
:1092800023FA02F07047004207D54FEA4001B1F1DE
:10929000FE4F02D24FF00000704710B500F0E9F821
:1092A00049922480002070476FEA20007047000038
:1092B00010F0004148BF4042B0FA80F310FA03F2C8
:1092C000C3F19D030BD051EAC35101EB12205306A9
:1092D00038BF704700F1010008BF20F0010070475F
:1092E000B0FA80F310FA03F2C3F19D030AD0D90556
:1092F00001EB1220530638BF704700F1010008BF90
:1093000020F001007047000050EA010C00F11380CA
:109310001CF5000F58BFBCF5000F01D48842704700
:1093200007D710F5000F58BF11F5000F15D488426C
:109330007047894270471CF5000F04D5BCF5000F3B
:10934000F7D5814270474FF0807C1CEB400F38BF4F
:109350001CEB410F01D28142704710B500F089F833
:10936000922449004FF000504FF08051FFF762BE49
:109370004FF47F0C1CEAD0121EBF1CEAD11392EAF4
:109380000C0F93EA0C0F00F0478090EA010F48BFE2
:1093900042F480724FF0004C4CEA00204CEA01216C
:1093A00002EB0302A0FB0113A2F50002002918BF83
:1093B00043F001035B0028BF4FEA330342EB224234
:1093C0005FEA132C4CEBC2502EBFBCEB436FB2F5DF
:1093D0007C0F70474FEA036CBCF1004F08BF20F0D0
:1093E0000100B2F57C0F38BF70470BD582F0FF0249
:1093F00012F5803FC8BF704700F1C040D8BF00F0F1
:109400000040704700F5000C5FEA4C0C48BF704705
:10941000B0F1C04000F073B890EA010F0CEAD1132C
:1094200048BF42F48072624538BF634504D280EA87
:10943000010000F00040704710B500F01AF800BFBE
:109440008900013E00F007B800F009B85FEA410C5E
:109450005FEA1C6C08D080EA010000F050B85FEAB7
:10946000400C5FEA1C6CF6D14FF00040A0F5800084
:1094700070470EF1020E2EF0030E5EF8044B2442EC
:1094800004D44FEA4102B2F17F4F11D84FEA4003B2
:10949000B3F17F4F0CD80ED14FEAD07CB2F17F4FA1
:1094A0000CEB4C0C0CF1020C08BF4CEBD17C04E033
:1094B0004FF0080C01E04FEAD17C0CEB4C0324FA8E
:1094C00003F404F00704B4F1040C06D20EEB840C90
:1094D000BDE810404CF0010C6047DFE80CF00708D5
:1094E00002024FF00040A0F5800010BD0846420087
:1094F00018BFD2F1807288BF00F0004010BDFF217C
:1095000041EAD050C005704751EA000C00F11380C9
:109510001CF5000F58BFBCF5000F01D48142704705
:1095200007D711F5000F58BF10F5000F15D4814271
:109530007047894270471CF5000F04D5BCF5000F39
:10954000F7D5884270474FF0807C1CEB410F38BF45
:109550001CEB400F01D28842704780EA010081EA8B
:10956000000180EA0100FFF7F8BE80F0004090EAB9
:10957000010F7FF5FEAC81F0004100F008B800005B
:1095800090EA010F48BF81F000413FF5F2AC421A6A
:1095900004D882F00042A0EB020011444FEAD052FE
:1095A0004FF07F4C1CEA410FA2EBD15318BF9CEA4D
:1095B000026F4AD04FF0004C4CEA00204CEA0121E7
:1095C00021FA03FCB0EB0C0C0FD412F0FE0F36D0D6
:1095D0005FEA4C001DD5001240EBC25038BF704707
:1095E0001CF03F0F18BF70470BE0A2F101025FEAC9
:1095F0001C2040EBC25038BF70471CF07F0F18BFD3
:109600007047C3F12003994014BF401E20F00100B1
:10961000704780084FEA122308BF7047B0FA80FCF9
:10962000A2EB0C02CCF1280C60FA0CF093EA122F9A
:1096300004BF00EBC25070474FEAC3707047130A73
:109640005FEADC1008BF7047F6E79CEA026F04D0BF
:1096500010EA5C0F08BF0020704710B5FFF709FF44
:1096600040DFF63E81F0004070474FF00000704749
:10967000D7F797BA0CF00F03092B08BF082000F0AA
:1096800085800A2B0BD0082B18BF704708BF1CF031
:10969000400F0AD04FF000004FF0000170471CF05F
:1096A000400F18BF4FF0004070471CF0100F08D05B
:1096B00020F0704300F07F4242EAD3014FEA43704A
:1096C000704700F0604021F07F4242EA000201F062
:1096D0007F4040EA727070474FF0FF0C4CF4E06C32
:1096E0001CEA11531CBF9CEA030C9445C2BFDA422A
:1096F00001EB02517047002B0DD0BCF1000F0FD0D1
:10970000002A01F00041A4BF41F0E04141F07F6137
:109710004FF00000704701F000414FF0000070472B
:1097200050EA01334FF09B0C18BF4CF0806C7EF474
:1097300057AF70474FF0FF0212EAD0521CBF92F0B1
:10974000FF038B42C2BFD14200EBC1507047002AD9
:109750000AD0002B0BD0002900F00040A4BF40F03D
:10976000FE4040F40000704700F0004070474302A4
:109770004FF00B0C18BF4CF0806C7FF455AC704769
:10978000D7F792BED8F782B8D8F710BA1CF4801F6A
:1097900011D01CF4E02F03D06FEACC3149007047A0
:1097A0004FF04050EFF3008222F0704242EA000294
:1097B00082F3008870474FF00000704703040608EA
:1097C0000C1018203000000000000000000102030F
:1097D000040607080900000000010203048040207D
:1097E000100804020100000000007E0000000000DC
:1097F0007E0001F8000000000000000000007E3F35
:10980000FFFFF8007F0001F80000000000000000EA
:1098100000007E3FFFFFF81FFFFFFFFFE00000009A
:1098200000000000001C7E000000001FFFFFFFFF83
:10983000E000000000000000001C7E0000000000AE
:109840007F0001F80000000000000000001C7E0006
:10985000000000003F0001F80000000000000000D0
:10986000001C7E0FFFFFE000000000000000000071
:1098700000000000001C7E0FFFFFE0000000000061
:109880000000000000000000001C7FCFC007E007C0
:10989000E7E03F000000000000000000001C7FCF58
:1098A000C007E007E3E03F00000000000000000008
:1098B000001C7FCFC007E007E3E07FFFC00000008F
:1098C00000000000001C7E0FC007E007E3E07FFF00
:1098D0008000000000000000001C7E0FC007E007B1
:1098E000E3E07EFC0000000000000000001C7E0F92
:1098F000C007E007E3E0FC7E00000000000000007D
:10990000001C7E0FC007E007C3E0FC3E0000000023
:1099100000000000001C7E0FFFC7E0060381FC3F33
:109920000000000000000000001C7E0FFFC7E000E8
:109930000201F81F8000000000000000001C7E0FE4
:10994000C007E00000000000000000000000000070
:10995000001C7E0FC007E0000000000000000000B7
:1099600000000000001C7E0FC007E007FFFFFFFEA5
:109970000000000000000000001C7E0FC007E00790
:10998000FFFFFFFE0000000000000000001C7E0F33
:10999000C007E007E07F1FBF0000000000000000DC
:1099A000001C7E0FC007E007E07E1F1F8000000044
:1099B00000000000001C7E0FC007E007E07E3F1F94
:1099C000C000000000000000001C7E0FC007E00780
:1099D000E07C3F0FC000000000000000001C7E0F74
:1099E000C007E007E0FC7E0FC000000000000000A0
:1099F000001C7E0FC007E007E0FC7E0FC0000000E7
:109A000000000000001C7E0FC007E007E0F87E0F9A
:109A1000C000000000000000001C7E0FFFFFE007F8
:109A2000E1F8FC0FC000000000000000001C7E0FE9
:109A3000FFFFE007E1F8FC0FC0000000000000009D
:109A400000007E0000000007E3F0FC0FC0000000F3
:109A50000000000000007E0000000007E3F1F80FA6
:109A6000C00000000000000000007E0000000007B1
:109A7000E3F1F80FC00000000000000000007E3F8E
:109A8000FFFFE00FE7F3F81FC00000000000000038
:109A900000007E3FFFFFF01FFFFFFFFFE000000020
:109AA0000000000000007E3FFFFFF81FFFFFFFFFE8
:109AB000F0000000000000000000000000000000B6
:109AC0000000000000000000000000000000000096
:109AD0000000000000000000000000000000000086
:109AE0000000000000000000000000000000000076
:109AF0000000000000000000000000000000000066
:109B000000003FE000000000000000000000000036
:109B1000000000000001FFF800000000000000004D
:109B200000000000000000000007FFFE0000000031
:109B3000000000000000000000000000001FFFFF08
:109B40000000000000000000000000000000000015
:109B5000003FFFFF80000000000000000000000048
:109B60000000000000FFFFFF800001FF000FF9FF71
:109B700080FF9FFFFC7FFFE001FFC1FFC00003FEED
:109B8000000FF9FF01FF9FFFFCFFFFF803FF80FFBD
:109B9000C00003FE001FF9FF01FF3FFFF8FFFFFCBD
:109BA00007FF00FFE00003FE001FF1FE01FF3FFF83
:109BB000F8FFFFFC0FFE007FE00007FC001FF3FE34
:109BC00003FE3FFFF1FF1FFE1FFC007FE00007FCCC
:109BD000003FF3FE03FE7FC001FF07FE1FF8007F7A
:109BE000E00007FC003FE7FE03FE7FC001FE03FE2E
:109BF0003FF8007FE0000FF8003FE7FC07FE7FC062
:109C000003FE03FE7FF0007FE0000FF8003FE7FC5B
:109C100007FCFFC003FE03FE7FF0007FE0000FF8AB
:109C2000007FC7FC07FCFF8003FE03FEFFE0007F10
:109C3000E0001FF0007FCFF80FF8FF8007FC07FC63
:109C4000FFE0007FE0001FF0007FCFF80FF9FF007A
:109C500007FC07FDFFC000FFE0001FF000FF9FFFB3
:109C6000FFF9FFFF87FC0FF9FFC000FFE0003FE0B6
:109C700000FF9FFFFFF9FFFF8FF83FF3FF8000FF1A
:109C8000E0003FE001FF9FFFFFF3FFFF8FFFFFE3D7
:109C9000FF8000FFC0003FE001FF1FFFFFF3FFFF59
:109CA0000FFFFFC3FF8000FFC0007FC001FF3FFF29
:109CB000FFE3FFFF1FF7FF03FF8001FFC0007FC02E
:109CC00001FF3FE03FE7FE001FF7FC07FF0001FF39
:109CD00080007FC003FE7FC03FE7FC001FF7FC074A
:109CE000FF0001FF8000FF8003FE7FC07FE7FC00D4
:109CF0003FE7FC07FF0003FF8000FF8003FE7FC0FB
:109D00007FCFFC003FE7FC07FF0003FF0000FF8060
:109D100007FC7FC07FCFF8003FE7FC07FF0007FF8D
:109D20000001FF0007FCFF80FFCFF8007FC7FE07A0
:109D3000FF0007FE0001FF0007FCFF80FF8FF80017
:109D40007FC7FE07FE000FFE0001FF000FF8FF8037
:109D5000FF9FF0007FC7FE07FE001FFC0003FFFF10
:109D60008FF9FF01FF9FFFFCFF83FE07FF001FF835
:109D70000003FFFF8FF9FF01FF3FFFFCFF83FE079A
:109D8000FF003FF00003FFFF9FF1FF01FF3FFFFCDB
:109D9000FF83FF03FF007FF00007FFFF9FF3FE0339
:109DA000FF3FFFF9FF03FF03FF01FFE00007FFFF95
:109DB0001FF3FE03FE3FFFF9FF03FF03FF87FFC012
:109DC0000000000000000000000000000000000192
:109DD000FFFFFF0000000000000000000000000086
:109DE00000000000FFFFFE00000000000000000077
:109DF00000000000000000007FFFFC0000000000E9
:109E00000000000000000000000000003FFFF00024
:109E10000000000000000000000000000000000042
:109E20001FFF800000000000000000000000000094
:109E30000000000007FE000000000000000000001D
:109E4000000000000000000000000000F000000022
:109E5000FFFFF80000000000000000000000000309
:109E6000F0000000FFFFFC00000000000000000008
:109E700000000007F0000000FFFFFC0000000000F1
:109E8000000000000000000FF00000007FFFFE0057
:109E900000000000000000000000000FF0000000C3
:109EA0007FFFFE0000000000000000000000001F17
:109EB000F00000003FFFFE00000000000000000076
:109EC0000000003FF00000003FFFFE000000000027
:109ED000000000000000003FF00000001FFFFE0037
:109EE00000000000000000000000007FF000000003
:109EF0001FFFFE0000000000000000000000007FC7
:109F0000F00001800FFFFE000000000000000000D4
:109F10000000007FF00001800FFFFE000000000045
:109F2000000000000000007FF00003C007FFFE00FB
:109F300000000000000000000000007FF00003C0EF
:109F400007FFFE0000000000000000000000007F8E
:109F5000F00007C007FFFE00000000000000000046
:109F60000000007FF00007E003FFFE00000000009B
:109F7000000000000000007FF00007E003FFFE008B
:109F800000000000000000000000007FF0000FF063
:109F900001FFFE0000000000000000000000007F44
:109FA000F0000FF001FFFE000000000000000000C4
:109FB0000000007FF0001FF800FFFE00000000001E
:109FC000000000000000007FF0001FF800FFFE000E
:109FD00000000000000000000000007FF0001FF8FB
:109FE000007FFE0000000000000000000000007F75
:109FF000F0003FFC007FFE000000000000000000B9
:10A000000000007FF0003FFFFFFFFE0000000000A7
:10A01000000000000000007FF0007FFFFFFFFE0057
:10A0200000000000000000000000007FF0007FFF43
:10A03000FFFFFE0000000000000000000000007FA5
:10A04000F000FFFFFFFFFE00000000000000000026
:10A050000000007FF000FFFFFFFFFE000000000097
:10A06000000000000000007FF000FFFFFFFFFE0087
:10A0700000000000000000000000007FF001FFFF72
:10A08000FFFFFE0000000000000000000000007F55
:10A09000F001FFFFFFFFFE000000000000000000D5
:10A0A0000000007FF001FFFBFFFFFE00000000004A
:10A0B000000000000000007FF001FFF1FFFFFE0044
:10A0C00000000000000000000000007FF001FFF130
:10A0D000FFFFFE0000000000000000000000007F05
:10A0E000F001FFF3800FFE00000000000000000000
:10A0F0000000007FF001FFE3800FFE000000000081
:10A10000000000000000007FF001FFC7800FFE008C
:10A1100000000000000000000000007FF800FE0FBB
:10A12000000FFE0000000000000000000000007FA3
:10A13000F800FE1E000FFE000000000000000000FE
:10A140000000007FF8007E7E000FFE00000000008F
:10A15000000000000000007FFC003FF8000FFE0040
:10A1600000000000000000000000007FFC000FF075
:10A17000000FFE0000000000000000000000007F53
:10A18000FE000000000FFE000000000000000000C4
:10A190000000007FFE000000000FFE000000000035
:10A1A000000000000000007FFF000000000FFE0024
:10A1B00000000000000000000000007FFF800000A1
:10A1C000000FFE0000000000000000000000007F03
:10A1D000FFC00000000FFE000000000000000000B3
:10A1E0000000007FFFE00000000FFE000000000004
:10A1F000000000000000007FFFF00000000FFE00E4
:10A2000000000000000000000000007FFFF80000D8
:10A21000000FFE0000000000000000000000007FB2
:10A22000FFFE0000000FFE00000000000000000024
:10A230000000007FFFFF8000000FFE000000000014
:10A24000000000000000007FFFFFF000000FFE0094
:10A2500000000000000000000000007FFFFFFFFE84
:10A26000000FFE0000000000000000000000007F62
:10A27000FFFFFFFE000FFE000000000000000000D6
:10A280000000007FFFFFFFFC000FFC00000000004B
:10A29000000000000000007FFFFFFFF8000FFC003F
:10A2A00000000000000000000000007FFFFFFFF042
:10A2B000000FF80000000000000000000000007F18
:10A2C000FFFFFFE0000FF0000000000000000000B2
:10A2D0000000007FFFFFFFC0000FE0000000000053
:10A2E000000000000000007FFFFFFF80000FC000A3
:10A2F00000000000000000000000003FFFFFFF0022
:10A30000000F800000000000000000000000003F7F
:10A31000FFFFFE00000F0000000000000000000032
:10A320000000000FFFFFFC00000E00000000000016
:10A33000000000000000000000000000000000001D
:10A34000000000000000000000000000000000000D
:10A3500000000000000000000000000000000000FD
:10A3600000000000000000000000000000000000ED
:10A3700000000000000000000000000000000000DD
:10A3800000000000000000000000000000000000CD
:10A3900000000000000000000000000000000000BD
:10A3A00000000000000000000000000000000000AD
:10A3B000000000000000000000000000000000009D
:10A3C000000000000000000000000000000000008D
:10A3D000000000000000000000000000000000007D
:10A3E000000000000000000000000000000000006D
:10A3F000000000000000000000000000000000005D
:10A40000000000000000000000000000000000004C
:10A41000000000000000000000000000000000003C
:10A42000000000000000000000000000000000002C
:10A4300000000000000000000060003FC0E0380F96
:10A44000C0781C3FFC000000000000000060007F9E
:10A45000E0E0380FC07C1C3FFE0000000000000060
:10A46000006000E070E0381CE07E1C000E00000080
:10A4700000000000006000C030E0381CE0771C00E5
:10A480000E00000000000000006000C030E7F81877
:10A4900070739C380E00000000000000006000C0D7
:10A4A00030E7F8387071DC380E0000000000000062
:10A4B000007000C030E038303070FC380E00000012
:10A4C00000000000007800E070E0387038707C38E0
:10A4D0001E00000000000000003FF07FE0E0387345
:10A4E000F8703C3FFE00000000000000001FF83F35
:10A4F000C0E038E3FC701C3FFC0000000010203B73
:10A50000232E534E45672F474A2C46274567625CEA
:10A5100045676C1B22266C1B0311042B45673C5AB4
:10A5200045675B1C45676D080C595E0957524A2CFC
:10A5300003114A2C54484A2C440F10203B566A0BF6
:10A540004A456710203B57521635556E64213555E4
:10A550006E643E3F566A0A13403900462700136F67
:10A560004F003218131830184318143D6400566A0F
:10A5700064002D3A22070311456764005365742077
:10A5800056616C756500134F4567756E697473206D
:10A59000736574757000501C134F54656D702055B1
:10A5A0006E69737400A5F1A61A03114C6F636B20DA
:10A5B000536176650027F00311496E746572766108
:10A5C0006C205361766500031127F00053617665B6
:10A5D00020496E74657276616C3A004668001D6DA4
:10A5E000696E0061290206004229020600251F56F5
:10A5F0006A534A52657365742043616C00818256C8
:10A600006A8384436C69636B20456E7465720008CD
:10A610006A64005374616E646172642056616C7583
:10A62000653A002D002B00858682086A4187496EB5
:10A63000205374616E6461726420536F6C75746929
:10A640006F6E008889688A8B57616974696E672E9E
:10A650002E2E00566A7E7F5375636365737366752D
:10A660006C004661696C00566A8C8D8E8F180046AE
:10A670006972737420506F696E743A008E9018007E
:10A680005365636F6E6420506F696E743A00918FEA
:10A69000184E65787420506F696E740092934B4C1D
:10A6A0008A8B536561726368696E672E2E2E004433
:10A6B00061746120736176656400737563636573AB
:10A6C0007366756C6C79009B4A2C4E6F20446174E4
:10A6D000610097989496004D61782053697A653AA5
:10A6E0002000313030303000143D959600557365B0
:10A6F0002053697A653A2000143D999A0053656C9D
:10A7000065637465643A20009C9D00547970653AD5
:10A71000200044543A00534E3A003C5A507265733C
:10A7200073757265005B1C53616C696E69747900A6
:10A73000A01C004C6F6E6769747564653A00A11CBB
:10A74000004C617469747564653A009B10203B4E3F
:10A750006F2050726F62652100251F0E0D456752F4
:10A7600065736574204D6574657220000E0D456734
:10A770005265736574004D485F456750726F6D7028
:10A780007420546F6E6500042B5F416C61726D2004
:10A79000546F6E650001285F4B65797061642054C9
:10A7A0006F6E6500A84AA61A4175746F204C6F63DE
:10A7B0006B00A71B4D616E75616C006C1B4175745D
:10A7C0006F0049443A0053656E736F72730053799A
:10A7D0007374656D00486973746F726963616C208E
:10A7E0004461746100446174652F54696D65004C67
:10A7F000616E6775616765004175746F6D6174693D
:10A80000632053687574646F776E004175746F6D63
:10A8100061746963205361766500416C61726D00FB
:10A820004169722050726573737572650053616C73
:10A83000696E697479004750532051756572696576
:10A840007300496E737472756D656E7420496E661F
:10A850006F00446174612053746F726500446174C9
:10A8600061205669657700446174612044656C65B8
:10A8700074650043616C6962726174696F6E005344
:10A88000657474696E67730053656E736F722049E7
:10A890006E666F0053617665004F4646004F4E006E
:10A8A0004C6F772054483A00486967682054483A0A
:10A8B00000534E3A0048572056657273696F6E3ADE
:10A8C0000053572056657273696F6E3A005A65726D
:10A8D0006F20506F696E74004F6E6520506F696E07
:10A8E000740054776F20506F696E740054687265FD
:10A8F0006520506F696E740043757272656E743AAC
:10A90000005374616E646172643A00436F6E6669ED
:10A91000726D004D656E7500446174653A0054694E
:10A920006D653A00556E69743A006C1B4B4C4505D9
:10A930005365617263682050726F6265004B4C68AA
:10A940005365617263680020707074006D672F4CEE
:10A950000020202025005665722E41005665722E7B
:10A9600042005665722E43005665722E44006B50AD
:10A970006100491E031145677B536176652073654D
:10A980007474696E6700491EA2A34A2C7B576970D4
:10A9900065206461746100491E3E3F566A7B4361D5
:10A9A0006C6962726174696F6E00491E251F0E0D1D
:10A9B0007B466163746F727920726573746F726520
:10A9C000007C7D7E7F7C7D8C8D4A2C03117E7F03F5
:10A9D000118C8D49596573001E4E6F00701D697191
:10A9E0001D69721D693520206D696E75746573006F
:10A9F0003130206D696E75746573003230206D6979
:10AA00006E75746573002020444F20200020207054
:10AA100048202000205475722000002046434C201E
:10AA2000000020204543202000204F5250200000ED
:10AA3000204E48334E20002020462D202000204369
:10AA40004C2D2000002043686C20000020426761EC
:10AA500020000020434F44200000204D4C53532041
:10AA600000204F695720000020545353200000203D
:10AA700053414C2000002020202020200068516FEE
:10AA80006F7778797A7778797A6F68517374757699
:10AA90006F605160516F6F73747576000000000035
:10AAA00000000000000000000000000000000000A6
:10AAB000000000000000000000000000FFFFF08028
:10AAC000001080001C80001480001480001480009E
:10AAD0001480001480001C800010FFFFF0FFFFF0C6
:10AAE000800010BC001CBC0014BC0014BC0014BCD2
:10AAF0000014BC0014BC001C800010FFFFF0FFFF1E
:10AB0000F0800010BCF01CBCF014BCF014BCF014BD
:10AB1000BCF014BCF014BCF01C800010FFFFF0FF70
:10AB2000FFF0800010BCF3DCBCF3D4BCF3D4BCF366
:10AB3000D4BCF3D4BCF3D4BCF3DC800010FFFFF032
:10AB4000000C00003E00004C00308010790018FF1F
:10AB5000FFFC7820183010100009C00007C0000169
:10AB6000C01FFFFFFFFFFFFFFFFFFF007FFFFFFF93
:10AB7000FFFFFFFFFFFFC07FFFFFFFFFFFFFFFFFA4
:10AB8000FFE0F8000000000000000001E0F000001D
:10AB900000000000000000F0E000000000000000E5
:10ABA0000000F0E0000000000000000000F0E00005
:10ABB0000000000000000000F0E0000000000000C5
:10ABC000000000F0E0000000000000000000F0E0E5
:10ABD000000000000000000000F0E00000000000A5
:10ABE00000000000F0E0000000000000000000F0A5
:10ABF000E0000000000000000000FCE00000000099
:10AC00000000000000FFE000000000000000000065
:10AC1000FFE0000000000000000000FFE000000076
:10AC2000000000000000FFE0000000000000000045
:10AC300000FFE0000000000000000000FFE0000056
:10AC400000000000000000FFE00000000000000025
:10AC50000000FFE0000000000000000000FFE00036
:10AC60000000000000000000FFE000000000000005
:10AC7000000000FFE0000000000000000000FFE016
:10AC8000000000000000000000FFE00000000000E5
:10AC900000000000FFE0000000000000000000FFD6
:10ACA000E0000000000000000000FFE000000000E5
:10ACB0000000000000FCE0000000000000000000B8
:10ACC000F0E0000000000000000000F0E0000000E4
:10ACD000000000000000F0E00000000000000000A4
:10ACE00000F0E0000000000000000000F0E00000C4
:10ACF00000000000000000F0E00000000000000084
:10AD00000000F0E0000000000000000000F0F00093
:10AD10000000000000000000F0F80000000000004B
:10AD2000000001E07FFFFFFFFFFFFFFFFFFFE07F6D
:10AD3000FFFFFFFFFFFFFFFFFFC01FFFFFFFFFFF42
:10AD4000FFFFFFFF001FFFFFFFFFFFFFFFFFFF00F1
:10AD50007FFFFFFFFFFFFFFFFFFFC07FFFFFFFFF42
:10AD6000FFFFFFFFFFE0F80000000000000000010F
:10AD7000E0F0000000000000000000F0E000000033
:10AD8000000000000000F0E3FFFFF0000000000002
:10AD900000F0E3FFFFF0000000000000F0E3FFFF21
:10ADA000F0000000000000F0E3FFFFF000000000F2
:10ADB0000000F0E3FFFFF0000000000000F0E3FF00
:10ADC000FFF0000000000000F0E3FFFFF0000000D3
:10ADD000000000F0E3FFFFF0000000000000FCE3D3
:10ADE000FFFFF0000000000000FFE3FFFFF00000A5
:10ADF00000000000FFE3FFFFF0000000000000FF84
:10AE0000E3FFFFF0000000000000FFE3FFFFF000A1
:10AE10000000000000FFE3FFFFF000000000000062
:10AE2000FFE3FFFFF0000000000000FFE3FFFFF082
:10AE3000000000000000FFE3FFFFF0000000000042
:10AE400000FFE3FFFFF0000000000000FFE3FFFF52
:10AE5000F0000000000000FFE3FFFFF00000000032
:10AE60000000FFE3FFFFF0000000000000FFE3FF31
:10AE7000FFF0000000000000FFE3FFFFF000000013
:10AE8000000000FFE3FFFFF0000000000000FFE310
:10AE9000FFFFF0000000000000FCE3FFFFF00000F7
:10AEA00000000000F0E3FFFFF0000000000000F0F1
:10AEB000E3FFFFF0000000000000F0E3FFFFF00000
:10AEC0000000000000F0E3FFFFF0000000000000C1
:10AED000F0E3FFFFF0000000000000F0E3FFFFF0F0
:10AEE000000000000000F0E0000000000000000092
:10AEF00000F0F0000000000000000000F0F800008A
:10AF000000000000000001E07FFFFFFFFFFFFFFFE8
:10AF1000FFFFE07FFFFFFFFFFFFFFFFFFFC01FFFFF
:10AF2000FFFFFFFFFFFFFFFF001FFFFFFFFFFFFF10
:10AF3000FFFFFF007FFFFFFFFFFFFFFFFFFFC07F5F
:10AF4000FFFFFFFFFFFFFFFFFFE0F8000000000032
:10AF500000000001E0F0000000000000000000F030
:10AF6000E0000000000000000000F0E3FFFFF1FF40
:10AF7000FFF8000000F0E3FFFFF1FFFFF800000022
:10AF8000F0E3FFFFF1FFFFF8000000F0E3FFFFF147
:10AF9000FFFFF8000000F0E3FFFFF1FFFFF8000003
:10AFA00000F0E3FFFFF1FFFFF8000000F0E3FFFF18
:10AFB000F1FFFFF8000000F0E3FFFFF1FFFFF800F2
:10AFC0000000FCE3FFFFF1FFFFF8000000FFE3FFDC
:10AFD000FFF1FFFFF8000000FFE3FFFFF1FFFFF8C4
:10AFE000000000FFE3FFFFF1FFFFF8000000FFE3B8
:10AFF000FFFFF1FFFFF8000000FFE3FFFFF1FFFF9D
:10B00000F8000000FFE3FFFFF1FFFFF8000000FF82
:10B01000E3FFFFF1FFFFF8000000FFE3FFFFF1FF98
:10B02000FFF8000000FFE3FFFFF1FFFFF800000062
:10B03000FFE3FFFFF1FFFFF8000000FFE3FFFFF178
:10B04000FFFFF8000000FFE3FFFFF1FFFFF8000043
:10B0500000FFE3FFFFF1FFFFF8000000FFE3FFFF49
:10B06000F1FFFFF8000000FFE3FFFFF1FFFFF80032
:10B070000000FFE3FFFFF1FFFFF8000000FCE3FF2B
:10B08000FFF1FFFFF8000000F0E3FFFFF1FFFFF822
:10B09000000000F0E3FFFFF1FFFFF8000000F0E325
:10B0A000FFFFF1FFFFF8000000F0E3FFFFF1FFFFFB
:10B0B000F8000000F0E3FFFFF1FFFFF8000000F0F0
:10B0C000E3FFFFF1FFFFF8000000F0E000000000E8
:10B0D0000000000000F0F000000000000000000090
:10B0E000F0F8000000000000000001E07FFFFFFF1B
:10B0F000FFFFFFFFFFFFE07FFFFFFFFFFFFFFFFFFF
:10B10000FFC01FFFFFFFFFFFFFFFFFFF001FFFFF4D
:10B11000FFFFFFFFFFFFFF007FFFFFFFFFFFFFFFBE
:10B12000FFFFC07FFFFFFFFFFFFFFFFFFFE0F80013
:10B130000000000000000001E0F00000000000003E
:10B14000000000F0E0000000000000000000F0E35C
:10B15000FFFFF1FFFFF8FFFFF8F0E3FFFFF1FFFF54
:10B16000F8FFFFF8F0E3FFFFF1FFFFF8FFFFF8F053
:10B17000E3FFFFF1FFFFF8FFFFF8F0E3FFFFF1FF50
:10B18000FFF8FFFFF8F0E3FFFFF1FFFFF8FFFFF824
:10B19000F0E3FFFFF1FFFFF8FFFFF8F0E3FFFFF13F
:10B1A000FFFFF8FFFFF8FCE3FFFFF1FFFFF8FFFFF1
:10B1B000F8FFE3FFFFF1FFFFF8FFFFF8FFE3FFFFFA
:10B1C000F1FFFFF8FFFFF8FFE3FFFFF1FFFFF8FFDC
:10B1D000FFF8FFE3FFFFF1FFFFF8FFFFF8FFE3FFDA
:10B1E000FFF1FFFFF8FFFFF8FFE3FFFFF1FFFFF8BC
:10B1F000FFFFF8FFE3FFFFF1FFFFF8FFFFF8FFE3BA
:10B20000FFFFF1FFFFF8FFFFF8FFE3FFFFF1FFFF94
:10B21000F8FFFFF8FFE3FFFFF1FFFFF8FFFFF8FF84
:10B22000E3FFFFF1FFFFF8FFFFF8FFE3FFFFF1FF90
:10B23000FFF8FFFFF8FFE3FFFFF1FFFFF8FFFFF864
:10B24000FFE3FFFFF1FFFFF8FFFFF8FFE3FFFFF170
:10B25000FFFFF8FFFFF8FFE3FFFFF1FFFFF8FFFF3D
:10B26000F8FCE3FFFFF1FFFFF8FFFFF8F0E3FFFF5B
:10B27000F1FFFFF8FFFFF8F0E3FFFFF1FFFFF8FF3A
:10B28000FFF8F0E3FFFFF1FFFFF8FFFFF8F0E3FF47
:10B29000FFF1FFFFF8FFFFF8F0E3FFFFF1FFFFF81A
:10B2A000FFFFF8F0E3FFFFF1FFFFF8FFFFF8F0E02A
:10B2B000000000000000000000F0F00000000000AE
:10B2C00000000000F0F8000000000000000001E0B5
:10B2D0007FFFFFFFFFFFFFFFFFFFE07FFFFFFFFF9D
:10B2E000FFFFFFFFFFC01FFFFFFFFFFFFFFFFFFF8D
:10B2F000000003C0000007E000000FF000000FF0A6
:10B3000000001FF800001FF800003E7C00007C3E9B
:10B3100000007C3E0000FC3F0000FC3F0001FC3FC1
:10B320008003FC3FC003FC3FC007FC3FE007FC3F3D
:10B33000E00FFE7FF01FFFFFF81FFFFFF83FFE7FCB
:10B34000FC3FFC3FFC7FFC3FFEFFFE7FFFFFFFFF5B
:10B35000FFFFFFFFFF7FFFFFFE0000000000000077
:10B3600000003E3CE0424440424440408040208057
:10B3700040188040048E400284404244404244428F
:10B380007C38FE00000000000003C00E700810189A
:10B3900018181818181FF83FFC3FFC3E7C3FFC3E75
:10B3A0007C3E7C3E7C3FFC1FF8000000000000005B
:10B3B00000018003C007E00FF01FF83FFC7FFE7F15
:10B3C000FE0000000000000000000000000000007F
:10B3D0000000007FFE7FFE3FFC1FF80FF007E00338
:10B3E000C00180000000000000A9AA456746696C02
:10B3F000746572696E672073657474696E67730033
:10B400000B4A00506172616D657465723A002832B2
:10B410002D34302900AC466173740068884E6F7219
:10B420006D616C00AD536C6F7700CF10203B4E4FB9
:10B430002053656E736F7200501C54656D70005020
:10B440001C566A54656D702043616C0032185A6551
:10B45000726F00A2B8436C65616E696E6700491E29
:10B460003E3F56A2B8436C65616E696E6700BBBC17
:10B470004E54550085999AF4F5F2E353656C656373
:10B480007420436F6E204D65730019E3168B85C2DF
:10B49000194C6F77204261747465727920210041E4
:10B4A0002A5D566A444F2D43616C6962726174690A
:10B4B0006F6E00412A5D444F00415D444F00DCDD6A
:10B4C000332500DCDD1C444F2500B9BA566A434FD2
:10B4D000442D43616C6962726174696F6E00B9BA20
:10B4E000B6B9BAB7B9BABD434F44203100434F444F
:10B4F000203200434F442033006B1CB66B1CB76BEB
:10B500001CBD547572203100547572203200547580
:10B5100072203300B9BA434F4400F7F8544F430048
:10B520006B1C3218547572205A65726F006B1CBF09
:10B530003354757220536C6F706500B9BA3218437A
:10B540004F44205A65726F00B9BABF33434F44204D
:10B55000536C6F706500C0C1534A434F4420436F22
:10B56000656666696369656E7400143DEAEB1C43A9
:10B57000757272656E74206162736F7262616E6360
:10B580006500EAEB1C004162736F7262616E636575
:10B5900000195A004162736F7262616E636500EC5C
:10B5A000ED32353400EEEF333635006B1C54485421
:10B5B00075722053657400F2E3838445674D6573AB
:10B5C000204D6F6465205365740013F3F2E3462742
:10B5D000456753696E676C65204D65732054696DCE
:10B5E00065205365740013F3F2E3838453696E6737
:10B5F0006C65204D6573204D6F646500F4F5F2E3D2
:10B600008384436F6E74696E756F7573204D6573B7
:10B61000204D6F646500AEAF566A4E48334E2D43E1
:10B62000616C6962726174696F6E00806FB0D880FE
:10B630006FB2B3806FB4B5704820342E30300070D4
:10B640004820362E383600704820392E3138008098
:10B650006FB0B1806FD9D8806FDADBC97048203401
:10B660002E303100704820372E30300070482031A5
:10B67000302E303100AEAFB6AEAFB74E48334E20AD
:10B6800031004E48334E203200AEAF4E48334E00AC
:10B690006D563A0080566A70482D43616C6962723B
:10B6A0006174696F6E00807048000887D4232E5340
:10B6B00074616E64617264206C697175696400D52F
:10B6C0006F0887D4474200D6D70887D45553410026
:10B6D000342E30302F362E38362F392E3138003474
:10B6E0002E30312F372E30302F31302E303100199F
:10B6F0001533566A436F6E642D43616C69627261E3
:10B7000074696F6E00F9FA5444530053414C0019A8
:10B7100015191533454300F9FAFBFC534A456743B5
:10B720006F6E76436F65666673657400501C534A8E
:10B73000456754656D70436F656666736574005B3D
:10B740001C134F456753616C205365742055696E17
:10B7500074000405505054000625002525005B1C8C
:10B76000566A53414C2043616C006B1C566A5475F9
:10B77000722D43616C6962726174696F6E006B1C3B
:10B7800054757200C4C54F525000C6462D00C7CE36
:10B79000434C2D00E0E1E2566A43686C2D43616C36
:10B7A0006962726174696F6E00E0E1E243686C0087
:10B7B000DEDF75672F4C00E0E1E243686C00211882
:10B7C0004869676820706F696E7400E3E445674DEF
:10B7D000656173757265205377697463680016E359
:10B7E000E4E5E7E8E94C6F7720353075672F4C00CA
:10B7F00021E3E4E5D8DEDFE64869676820353030CC
:10B8000075672F4C00CACBB6426761203100CAE190
:10B81000CB42676100F632566A496E7369646520EF
:10B820005A65726F2043616C000E0D83844661631C
:10B83000746F727479009D24999A4D6F64656C20C1
:10B8400073656C656374696F6E0000014437303254
:10B8500000020342353830003134371C4D4C53530D
:10B8600000F2E3134F45674D657320556E697420F0
:10B8700053657400081A184A456743616C204E7579
:10B880006D2053657400321845675A65726F2053F6
:10B89000657400BF334567536C6F706520536574E2
:10B8A0000008090A090B0C0D6D672F4C00672F4C1F
:10B8B0000070706D002500CD68FE4F6957001F2095
:10B8C000210B0C4F69572070706D001F20210B2237
:10B8D0004F69572070706200501CC0C1534A4567C1
:10B8E00054656D7020436F6D70656E736174696F20
:10B8F0006E00F2E3584F45674D65732047656172EE
:10B9000020506F72736974696F6E000E0F10111200
:10B9100013436C65616E204379636C6520536574D5
:10B9200000501C8384456754656D70204D6F6465BD
:10B930002053657400566A534A0C5943616C204386
:10B940006F656666696369656E74006C1B4175742A
:10B950006F00160B0C313070706D001617183130F7
:10B960003070706D00191A415443001B1A4D544336
:10B97000003218534A5A65726F00BF33534A536CF2
:10B980006F706500A3A4194F64426C616E6B004B2D
:10B990003A00423A00BF33566A536C6F70652043D9
:10B9A000616C001318566A4F6E6520506F696E7493
:10B9B000003218566A5A65726F2043616C0008871E
:10B9C000566A8F4F69572043616C204F6E6500089F
:10B9D00087566A904F69572043616C2054776F00F7
:10B9E0000887566A434F69572043616C2054687238
:10B9F000656500CC5D46756C6C206F787967656E07
:10BA0000001C1D1E545353006C1BA2B827F0417537
:10BA1000746F20436C65617220496E746572766143
:10BA20006C00501CAB1C456754656D7020707265CE
:10BA3000636973696F6E20536574003000310032A2
:10BA40000056322E322E31008040201008040201B0
:10BA5000245043415331302C332A31460D0A000023
:10BA6000CDCCCC3D9A99993E0000003F0000803F2C
:10BA7000000040400000A04000007042000048422A
:10BA80000000204204000008000000000000000246
:10BA9000000100001000000002400000000000A0B3
:10BAA0000000000005400000000000C80000000089
:10BAB0000C4000000000409C000000001940000005
:10BAC0000020BCBE0000000034400000BFC91B8E37
:10BAD00000000004B5400000504BCFD06607E2CF15
:10BAE000010000006C4100003E8251AADFEEA73445
:10BAF00001000000D9420000DCB5A0E23A301F97F7
:10BB0000FFFFFFFFB4450000FD25A0C8E9A3C14F1A
:10BB1000FFFFFFFFFF3F000000000080000000006B
:10BB2000FF3F0000000000800000000088BC020809
:10BB300000000020B858000060010008D8D90208B1
:10BB4000B858002080450000C40100080000000033
:10BB50000000F07FFFFFFFFFFFFFEF7F1C000000F2
:10BB600043000000F8FFFFFF0C0000000E00000083
:10BB70000F0000002E000000100100004300000034
:10BB8000F8FFFFFF004040404040404040404141FE
:10BB900041414140404040404040404040404040A2
:10BBA000404040404005020202020202020202023C
:10BBB0000202020202202020202020202020200239
:10BBC00002020202020290909090909010101010C9
:10BBD0001010101010101010101010101010101065
:10BBE00002020202020288888888888808080808F9
:10BBF00008080808080808080808080808080808C5
:10BC000002020202400000000000000000000000EC
:10BC10000000000000000000000000000000000024
:10BC20000000000000000000000000000000000014
:10BC30000000000000000000000000000000000004
:10BC400000000000000000000000000000000000F4
:10BC500000000000000000000000000000000000E4
:10BC600000000000000000000000000000000000D4
:10BC700000000000000000000000000000000000C4
:10BC80000000000000000000120001121004430137
:10BC9000000100051C68FF1F00016360600A831833
:10BCA0001806200E0204040408081010102020407A
:10BCB0004027400C44A4A8A8B0541A2A2A4A442D6C
:10BCC0004324420132243050050008380801323E36
:10BCD00057123C1B60080204081020427E103009F5
:10BCE000020418040242423C30400B040C0C1424A1
:10BCF00024447F0404A1500C7E404040784402025A
:10BD000042443860100540405C626043221C20526F
:10BD10004291731010603224854150133844905082
:10BD200005463A02029010081010182828243C16E4
:10BD300032E7402006F844444478243344F8F7209E
:10BD4000053E42428001617053F844D05120B00C4E
:10BD5000FC424848784848404242FC104004404079
:10BD6000E0801344444050048E84444022E73C2247
:10BD70007E054170637C1001427C70651F100508D0
:10BD80000888F070300CEE444850705048484444E5
:10BD9000EE4053E040013342FE9023EE6C0112541A
:10BDA0000132D620500CC7626252524A4A4A464675
:10BDB000E2F042820151C022FC80737C40A06120ED
:10BDC0006005B24C380620227C6F6742E3003740A2
:10BDD000209041A063FE92B091D035E2623CE054E5
:10BDE000074424242828188022D69B1004546C2849
:10BDF000015130540824241818182424709006EE99
:10BE000044442828502B7E84506720205045B44855
:10BE1000060C34444C36AA1006C040405864C47323
:10BE2000645820171C22155900140500060202B49C
:10BE300015E47A3BBB19045B7E40509406000C125B
:10BE4000107C7035E4159D53403CC25AC05055A03B
:10BE500094063030000070A0130C0C7032040153B3
:10BE6000447890164EA35648A0C71070D03534229F
:10BE7000490172ED1092DC6069A469F0212042D87A
:10BE8000E055A2100500001A261F5005261A0207C9
:10BE9000501004EE32200182F8C0540542403C02AA
:10BEA000A029D231E073120C50D6C610557471908F
:10BEB0007008DB894A5A542424303676A2726E30D8
:10BEC00045B46F101002041F7E44F2038F227E1CC3
:10BED00004910B1DE203180408087FC5857C1E62CF
:10BEE00091035E0830045A00EF21093D3F045DAC28
:10BEF00003200A1008080402000040200A2D1E0436
:10BF00001D5204C240C000052D7B404000011004BA
:10BF10001C003E0202131C1C200803E007300E38F0
:10BF20001C010004100C380E02231C0C1C0C0713FF
:10BF30000E38073003E011051005C001C01F0401D1
:10BF40001E0200051203E01FFC9C300A07F00C3CA7
:10BF5000181C300E306E13000EAD10081C00380097
:10BF60007000E034000F1480030006060C0618066B
:10BF7000300E3FFC3F402008E01C703838381C026F
:10BF8000613C11AA127848120C4E41C6120CE10312
:10BF9000143807C012706C1005F000F00102100494
:10BFA00003700602120C02300B187038703070608B
:10BFB000707FFE203102071203FE5C80070FFE0F28
:10BFC000FE18000214041BF01E4E32187C61800023
:10BFD0000417301C3080340501F0071C65313E9495
:10BFE0000A38003BF03F383C1C3C8C211F0C0712E8
:10BFF0000E1C0F3803F090061C0B1FFE1FFE180CC2
:10C0000038183018A30330043000600216C096427E
:10C01000800292030205148025FE45FA14093C0EA5
:10C020003C0C1F1C0FB054400AF8387C383C701E82
:10C03000700E0205184015801406303818381C356B
:10C04000512C540B700E781E383E1C7E0FCECE162F
:10C0500018A00007657038E00FC00001033A7FFFA9
:10C060003E25F1B562C008003180318060C00221F8
:10C0700014CD2C08100406001E04011202E31F80D8
:10C0800050414425A619E219A9100418003060B6E1
:10C090007F2224083E006300618061C42406000FF3
:10C0A000000180D62186CC0461803FC203130007C3
:10C0B00002120F0210041B003302100663007FC03F
:10C0C00003161136B1502B3FC021292530043F0003
:10C0D000394E01145020040F0019F0194770047FE5
:10C0E0000071F8E330C0F0327F8C416A21E6920C97
:10C0F000020114F02142854AE150211C5661683446
:10C100000661C033C01E20140431803358093F1229
:10C1100009257C252261061DC50610184010201037
:10C120002013FEFA02144410401BFE3088D0881100
:10C130000810D0161C0550508823A2071013481C65
:10C1400049E0490049007DFC414441447944492883
:10C150000210111049104A284A448C8208000BF83A
:10C160000A081202101333F83040504097FC10E0D8
:10C1700011501248144418425C103440100011FC55
:10C1800011041104FD141108110015FC1944314467
:10C19000D1281128111011285144218204000400D3
:10C1A0000FF01820644003801C70E00E1FF01A622C
:10C1B00010064005101001000240137FFC038005AB
:10C1C0004005400920111021084FE4810218101881
:10C1D000200017FC0004408440845FF440844184C4
:10C1E0004284448448845008200741044014400895
:10C1F000801E10000B1013FC0013FE302038205559
:10C20000285524922412221422E24004A010405CFB
:10C210002106233FF8681019FFFE05000888185012
:10C220002820C9180A060C0008200820FFFE082054
:10C23000432008F83F00111008208C218810083195
:10C2400018C1060100027D100608201FF002161C0E
:10C2500012082010902308CC4601800610182000F8
:10C26000C007A30541BC613021D2610412006C39C2
:10C27000B4000412FE2000021240023280FC43216E
:10C28000080211A22208B043410402127FFA1C18CE
:10C290000040784048A05110520865F65040484090
:10C2A0004FFC48406A5052450A20094844414040EA
:10C2B00080084002100D13F81040308037FE508087
:10C2C00091000C2004081110FC25FA258011E023B0
:10C2D0000008181404103020C236FEB811022405DC
:10C2E000114010803C180613FE1020FC26300A1066
:10C2F00020142018203020D00C1C07102050A02023
:10C3000040C50740062004403FF8A051A6354865C7
:10C31000BA2408210811080910093812F867116BAE
:10C32000523F0831102004003FF04D11061C040458
:10C330002004400711FB2570110D1C062000A000F1
:10C34000403E0C10093C0BE0122012203202100774
:10C3500053FE9220121002400A12120A128A132669
:10C3600012128A14181120112CFD34116413A41117
:10C3700024113411281D22E1224102006032020200
:10C380002303FC06416A216C480B000024882244E8
:10C39000424480045E41BA61C231CA10050A0102FA
:10C3A00001422602C05807FE400280040022100508
:10C3B000110011F8041C0600290047FEF50415A71A
:10C3C000127C04200801FC0044FE4420021980185D
:10C3D0000A4484FD044504022804C0200B00803F69
:10C3E000FE222022203FFC061C0F23E020002FF01D
:10C3F0002410422041C086300E0818054004400435
:10C40000641D570D20060840049FE2F82110194CC6
:10C41000172021C01DEA051C05FC00800180041CBA
:10C4200008056009183104C13B0929422D470B3129
:10C4300008199958081FFC20005FF0905ACD50034E
:10C4400018050028002462201A202FA420242FA8D9
:10C45000289828924FAA40468082010048844812BA
:10C4600087F2E02988230FE0741E0FCA0C140F7F97
:10C47000FC40044FE4482448244FE4400CE019F405
:10C4800061FC45D81702800F19F6440D3018C0061C
:10C4900020403F7E489085082650089FE410201FCA
:10C4A000E010A249E681AE29F22208B01AF0552D1B
:10C4B000950315E0496A1C1B13FE18805490509098
:10C4C00051129152115412901228142810441084C1
:10C4D0001102C0033D120412FD0410063110391080
:10C4E000550218069110111211031C04120E1400AB
:10C4F00004140413FC1043300447C4440181083E73
:10C5000040000425F0101A3B7C211441FE7A14A24D
:10C510007C2710F97C251025FE22102A10350028D2
:10C52000F821F61D540428042011FC60480754200B
:10C53000902017FE5451021C2B0010FC3C24242494
:10C540004854BE882A102A503E7C2A902A103EFE6B
:10C550002A104A10421086102420FF20247E7EC418
:10C5600082287A120534047AC6054E19E219541A43
:10C570002050340A200023FC22042204FBFE241352
:10C580002BFE3220E22022FC228422842484A4FC7C
:10C590004884702184410229FA410A2D60031D69F3
:10C5A0000F157A180501FCFD24D61AFCDA3804248C
:10C5B0007DFCEE11068C061C20E020434004228006
:10C5C00002100A2FFC20842084210421703C0822C0
:10C5D0000444044828906604151F150D477FFC226B
:10C5E00044094AA44A94511442042024050000231B
:10C5F000F88B1A80CE600A40801080110021F8E08C
:10C600008F2C0450002016052C107FFE41029D74D3
:10C6100001001D7002800C6032C8041C06E000207E
:10C620000640B0073E4020031D5E03AC0D44442F7E
:10C6300088111022484FE40020FE031160741DFC95
:10C6400012041204820443FC4A000A4012441248B5
:10C65000E270224024422442283E10C00113021DF1
:10C66000C0051208EA1D21043C11A810A4FCA21167
:10C670002231203A24542454289088102C0410C0CD
:10C6800013480C19401C1217FC848448884140113F
:10C690004413482530E9202124061E215E065F014F
:10C6A000002003151E1C0540801FF8D00411E4155E
:10C6B000A262800210082200227C7F442202333EC4
:10C6C0007C06134422081404FF4404A21C044114F1
:10C6D000827005100400801FA221023E1F4A061E20
:10C6E0001072061404240424601C0487FC0416043D
:10C6F000513824087C01200110FFFE222D1803610F
:10C7000016255C1E3FA0031C044FF080800459F8DE
:10C710002102120A024C0406000260032934500967
:10C720003E08224822483E48062C080822082A28AB
:10C73000241060041FFC7C0A031C0C0822FE3C929F
:10C74000649264FEA492C106110C44072512210ACA
:10C750000204002E102D062F40F04C0322A0021CD4
:10C76000071510191012081F119D2E047D3204B1F7
:10C770000E11401DFE075C111202849441084A64A8
:10C78000089011081204E5FA72061D70064DA00308
:10C79000280AFE7C2084288849207EA63C0E500E64
:10C7A00050F8504888088809040A028C0A7DC00F96
:10C7B0008E3FAA0E5DDE06500800027BC24A424A46
:10C7C0000163FFEA0A1C084A425A42854A080003EC
:10C7D0003E21EC071C060110020EF484061D2608FB
:10C7E000100710109014A018CA2C0503180C062866
:10C7F0000610087C08440845FE4406110A1E88D924
:10C800000632480A1E08DC040E1010C0052DA205D1
:10C810001E09A60A2C04058018000591944D940663
:10C82000116E1C09082104410281020514068DAA1B
:10C83000046DA2046DE2051C0629004500839003E7
:10C840001C1449202A20083EFF442A44494488A455
:10C850001028FE2822FA032C0D642818283444C21C
:10C860008210A0112C9A032FFDACA0035C0B15FCC9
:10C87000182031FCD088105040098E065A081C0739
:10C880007FFE42028424480E1D1E082DCA077C0725
:10C8900011202510420820093D260911402C0500D1
:10C8A00033FED090042C083C112052A0247EA00915
:10C8B0003C1E202023FE4840F888110423FE4092AD
:10C8C000F890409000901912E112420E040008E224
:10C8D0000729941D1B0D1C0508520892DC07310224
:10C8E0001D40042F1FFE790F2F23F89E091C07837C
:10C8F000F842084208FC0730070027FCE4A42402A1
:10C900003E2F20074DF6083D990F1D88041E04EBAD
:10C91000062DE2056DE005560124A1041C07010067
:10C92000088448923E062DB6121D160911861C0574
:10C930002010403FA6061DF8081E084E094E04A60A
:10C94000091D0207D70000624C0D044044442444F2
:10C95000144814500440000910047BF84AB810042D
:10C9600053F862065C124BF84A444A486A30522037
:10C9700042104288430642A00A441111FEFC0010F6
:10C980008831043A02548850889050601C05108801
:10C990001306E00813200BE81404100031023C04D5
:10C9A000500091EE094D740A21061D2E051C042429
:10C9B00010A43E045C0DA8102033FC38045404502D
:10C9C0000491D0032D7A041E003A0515F02EFCDEEA
:10C9D000143008F3E4122412241306180617E4187E
:10C9E000041060AD60053D62052D6A051C099020AC
:10C9F00088208840805F00082D200A3C0A7F20089C
:10CA00002808240F22F0B0051F3FF83B07310256DB
:10CA1000FF605DE809A2F8062D490331061D1E04DA
:10CA2000180440009F7A1E7F080314130A107FD059
:10CA300004103F900412FFEA040A04060402E02CEA
:10CA400004480A48600B1E3100072C04511090E086
:10CA5000033DE8031E11E2032F140680052D6E0628
:10CA60002D86092D4604C56E45D42D50092D2C0B5D
:10CA70004D560B3E11A60465E01D60062EFEDC0936
:10CA80001C1811FC21243D2465FC6524A52425FCEB
:10CA900025203CA0244020B00340031347FCD73C92
:10CAA000094003F80088E08827AC0A1F23F89C049B
:10CAB0001C0708320823F80240061D56051D2308EE
:10CAC000C31008082D29042805402880109E2F0F28
:10CAD000FC4404140433F832E61A92843212042B14
:10CAE0001208A07DC0093B20FDF4410218081D205A
:10CAF000E120412007A08D76084D4A0321122F081E
:10CB000088BC0849802DD6062DC00B2104E9A872E7
:10CB1000FF408D22048D26044D400C2DC80A1E3C7A
:10CB200063132C0441FCBD66073F24FD6A074DEAF0
:10CB30000A1610F91C06014041202180032C08022E
:10CB40002016201BFC12C2091EFCC20721088C05FE
:10CB5000FE22000280063D77081F14441C061C0BB1
:10CB600044E040204820442FFE247E053D220CCD89
:10CB7000B209AE10C0093D900435967C08292825DD
:10CB80002445448130044D98093DE00C2C06844036
:10CB9000A44094E00C2C0E4EA44AA44EA440C446DB
:10CBA0005458B441C4070E240C1C0E3E7E4E0C1E7D
:10CBB0004033123E44100B124208AE38C9131C0415
:10CBC0001838241F04A1028C04243E18A80F3C042A
:10CBD0003C1842DD171004024204261DBD0A1D6ADE
:10CBE00017927E2012FC521248023C0878DC486200
:10CBF00048424036178EFCF6142D81182E70F2092B
:10CC00001E3ED5091C04441038B106BC083C104235
:10CC10007C42003C940E1D7F151E3E5B05211D12BB
:10CC2000021FBE7C831331C010045C0062BC410251
:10CC3000A15F1C073E0042C04240E3072C075C8016
:10CC400062804280D417EC044238E7F40E11601C75
:10CC500004DC1062BD0531020F107CE7FA182E3C8F
:10CC600050162C05407E3C40951802117C20317AEC
:10CC7000254E81BC1E0E0C0C1E21C40F3E31E81047
:10CC800041025200062D7E052DCA071C1C23F8F810
:10CC90000027BC24A42CA437BCE0402FFE21602236
:10CCA000502448B846404009AC063C0E090011FE2D
:10CCB00012803280348050F890A2084F10FCAA08ED
:10CCC0001F1080D3041C04480040C20B1DE8082E2E
:10CCD000209E08100444222802440A122A32444AA0
:10CCE00040868102D91FFE40140A5244021C078468
:10CCF00010841E84F1240E2D800C6DD81545353C12
:10CD000004D8426491181D54171C064258E740008D
:10CD1000EF0B1C09902090109013FC0054061FF09C
:10CD200090FC0A110E2D7C0F1E12FD041E47200BD5
:10CD30005E0422064DF60B2D38042DF00E3DB00C8E
:10CD40002C061040088006A80F1C0517FC11106067
:10CD50000F1DE0031C043BF856E4031E9010036D06
:10CD6000A00419171244022D9C041D2A0D3E3E8E6C
:10CD70000E1DFB041C07220F12780A2000091E005A
:10CD8000E5183F27FC60044C0440E7FE5C042D607E
:10CD900004122B4E1C04222802160D1408203C27D6
:10CDA000C02040F8361C0820402940365CE440068C
:10CDB0001004275C24062C04A7FC44C0051C164064
:10CDC00017FE11208120423C4244166412942348ED
:10CDD000E2482230720D9C0550228803A00C6D9809
:10CDE0000E1D13072E20740B1D680D2D600E2D3E99
:10CDF000071F4023360F1208481E3055061D000F2E
:10CE00001D620E2D96032D66060D18241B8D261B04
:10CE10000D13441B4E0043173D300E1D2E0E1D7486
:10CE2000043F0041601065442DF20D1D80051D3E3C
:10CE30000E200C4440548054FE5508568854021F5E
:10CE400050543E086C092850248845048202600D25
:10CE50003DFC0F2DBA041F0021500ADC0A03040513
:10CE6000041928E11001A9160E13FFC015CD980969
:10CE7000E12A11925D260F100902400220021002E1
:10CE8000080261123DDE096DCA0F6DFA0E61024D96
:10CE9000E0066E0242101DE4055C06304057FC902F
:10CEA0003E104F104080081D60161DE7055E1FE60E
:10CEB000043DD8111DF0093D000E1D600C7E0016CA
:10CEC0000B5D06104DFE105E040E103D2C07FD9C00
:10CED0000F3DA40F1C0441084160068D52112D5EC8
:10CEE0000E181022003EF822883E9022502F20F289
:10CEF0005042006DE8056D440689C465801C04221B
:10CF0000401220111E04680B4FF7FC7E062D00080E
:10CF10004F141C00031C04200027C2031C04211012
:10CF2000F0EC102C0921B0264E3040E3F88C032998
:10CF3000B41EA08C1A2DC010654020057FFC048013
:10CF4000021DB4071F80108A0D2F407CC0114E11A6
:10CF5000FC103D3412680511106008045D80072C38
:10CF600004047F8476081C071224FFA412242A0ECE
:10CF7000980514410881AC1D7E111EFC140B13F89A
:10CF8000FD043C15110E17F8180837BCD0A412A4E4
:10CF90001128129054A8284698125D9E081D260458
:10CFA0002DA8082D2A041408222012280A3006CFA2
:10CFB0001D600A1C11200824104430F848108423F6
:10CFC000024000FDFCA6087D400E4D680E1E25BBEC
:10CFD000102C05F82010FC720E1C04FDFE40150DEF
:10CFE0001C041C2AE001082D87121D60031DC007C8
:10CFF0001C0683F8404047B0071E139C035EE3A461
:10D00000032DA0036D20112F8824C2102D6E0C85D6
:10D01000722D180C4D00074DF0087DF408910C2579
:10D02000621409500050F0230C02040D41021DF956
:10D03000083C04030C0130092DC0092C083CA42035
:10D04000A84020BD280B2DA0073DA8071C041450A4
:10D0500018100B4F02029813BE0136076DDC072D26
:10D06000E00B1E00401B2D300F2C0B002003FEF0A8
:10D070000210941050600C1C0A13FE14281844105F
:10D08000820380041F207C400E201AFE84424470DC
:10D0900047C41444143C2420E4102454254229425B
:10D0A000294A1238402D20151C0D822242244A2084
:10D0B0000BFC1284128860041C0550222024A20359
:10D0C0002F090608131C0695FE542058940F1C0DBA
:10D0D000FDFE300038FC548454FC9084C205128458
:10D0E0006E5E88E0101007F81848544850023D5E04
:10D0F000131DA20D3D64051DC0094DF0041C0A322C
:10D1000008ABF8A000A7FCA4960B1D0E051D360663
:10D11000AC09211020E023182C06200A1E041E0A48
:10D12000C01140500810FFD01112320A0C0A1B0621
:10D130006082201C0424900B3E0D4C0D60500412A4
:10D14000248A0B0A10866042B8173E04BA161004EF
:10D15000140024021E44F41615649F601FC004DCF2
:10D160000518082438FF07900408183E201138CD10
:10D170008007DC0522601C6020085C0840424024D7
:10D180005C186206209F223C8D1B1E3805064DB69A
:10D19000073C0446003A820890042460188070041A
:10D1A000083C38775E088A08AF3E3C6A1C1D371A77
:10D1B000D20802FE3E99073E426D092D63123E20C1
:10D1C000A7072DA6204DE0031FFC841C153E402A16
:10D1D000061E215C0A1004212022016F241EBB1CA4
:10D1E0001F3E383108738280021F4282281E9D2113
:10D1F0000972F8C06D7E08AF440053051008C7FEE1
:10D20000629262105202324A0212460292E240D206
:10D21000E73E9E42400891C02D2B0A3E187307D16D
:10D22000215C173CC74262426202520452184A040F
:10D230004A024A424642463CE2831D1F48141208F5
:10D240001C054108BE48860C1C0D287F0E08782A54
:10D25000082908490888950C1D5D101D70074C129F
:10D2600000407E400240046008501A482C444A4462
:10D270000A860751022C050A48095002033C08346B
:10D2800002380451F090E0101D0812199E1E17BAC2
:10D29000114D20144E04E40D1DB80E4F04489B118F
:10D2A0001D930F1D6C085E606A1F5EE0600A8102BC
:10D2B000AF42004B1C1738FC5F210210047C8248EF
:10D2C0000216445FCC044238E3400A4DD609727C12
:10D2D00042AD8B1B7D600A00051100487E48202B63
:10D2E0003EE07E7280021F4240000A0E28FE200AA5
:10D2F0005D9F0AB1024D05206D96138C0B048024AE
:10D300008024FC24A02510E20D2D38154DB4132DDA
:10D31000640F1F13F844131C13BC54A417BC204003
:10D32000EFFE215022482C46204001760C19763E13
:10D330000860131D6A095C1017FE2492E492256AA6
:10D3400026462402240A0480162DDC073C0A7D9020
:10D3500005A009400940113C0F4C04410681C0045E
:10D36000FDCA0BFDDC070D1B800685011D20031C7B
:10D370000640C6204218C30B1DE3212C0446427B05
:10D38000B7164DA3115D78051D9B172C041C1022A8
:10D39000AC0D2D42060F10401C851F1EFE081A61A1
:10D3A00002CEEDC91B31603C0EFE204918490449EC
:10D3B0000249424942ED46221D80193D1C181C04B9
:10D3C0004908F9DC112DB6071C04F9F841CA087C9C
:10D3D000061908E1084784082E3C8C231C0A448067
:10D3E00044807880448E428C051E42A8219D4C12B8
:10D3F0003EE7E8211D620471C0CDA00B2D06171E6B
:10D4000018EB161DED161DA40BFE44200C3D8622C4
:10D41000B1012DE720AD200D66420269000C042801
:10D42000601060200D3D2105BD21041E60E1042D2A
:10D43000000C2D3610200C21FC39044A0455F481CF
:10D440001421021EF4A2153C072829123102206083
:10D450000B1E0EC91F2DD9121EFF52031C041844A7
:10D460001C68121E2AE3123E88E112D6088027C6E5
:10D470003E1B280842384240463C7BF3563CC03EA7
:10D48000E094033DCC0A55C01E42150C31811C04AA
:10D490000020788F0E2102434BFE0821106D671A81
:10D4A00025A02DD5131C0449F8F889141D60121C01
:10D4B0000D20FA22417400A81924E2224080194D5F
:10D4C000181B2DD6072D280AEF0420C012AF00002C
:10D4D0006E0F2DBE1B410441341D680B4C06001D10
:10D4E000FCF104E2121E10981D1E392C073C045456
:10D4F0002091C8163E13A0123DB305527EBA1E7885
:10D500001F0E2D830A48064208440438FE1E40249C
:10D51000162D3115ADFB052DF0110404102000402F
:10D520007F76C6E0F80546187B00E15F3E08800E76
:10D530001DF40F753F11612EE0AB1CAD15051DDC10
:10D540001752FE612C0507F87908F01C18054920D0
:10D55000493CDC1C08044A887A884A503E0C3F50FB
:10D5600008600A8DE01A6D6A171D1E054D260F6EA4
:10D570003E9D1E2F3C7EA0041008424002780444C9
:10D5800008E01DF4249F447E20060D11A007AE0084
:10D590008A1E4D60071DC4051D600759FFBD600749
:10D5A0000D1AE00F10197BFE480051FC5104610474
:10D5B00051FC48004BFE4A8A6A5253FE4222021F27
:10D5C0002A42C0161C0A03FC190C250425041984E0
:10D5D000151D222221063D3E095D4C212F042716F0
:10D5E00009100554855445021215021C052554E501
:10D5F0005462181C068422442414ED231D6F051D5B
:10D6000012132DF4131F080A71191C071040E0A013
:10D6100020A080172C051022082480162D400A1EF9
:10D62000FEC80E3C05A00120F3BE185E1062195C16
:10D6300004282047800A1C0421FC24371B17FBFE0A
:10D64000182C0F944050FD10409003FE1C28E0441D
:10D6500040A0091D80122DEC0D1C0805F40444E4C3
:10D6600044277A176C0D25F425142D1435F4240461
:10D6700004147C241C04FE3892CE09B102BDC007FC
:10D680004D9F047DF517FD001113FEF840B24202D4
:10D69000BD80045D3F051DA81D8D9F074DC5272D2D
:10D6A0009F252F2020540B1C06504093FEFC321D5A
:10D6B0002C0811FC1C04F08850A2142DEC272DCE50
:10D6C0000F1DFA041C04FA1015C21914071924318D
:10D6D00024D124102DC2141C0A88510426020008EB
:10D6E000301094033C07404880490032BD082C0CA0
:10D6F000130C249244928492049203D8255DE0177F
:10D700003E87BE19158A15042D020F2D000F3E27E6
:10D71000801801FF0101FF0101FF0101FF0101FF6D
:10D7200001019D011FF87E4C2E3E043D175E085FEF
:10D73000068F10F8962B5C0400183C360F7D61179D
:10D74000B0052442187E401D26141C0544407878FC
:10D75000390D2E02C00B0C05104444F838A01711E7
:10D76000364109110BAE3CA0176EFCFE0A6F7C7CA3
:10D77000562E9EE0610DFC04FE0092000DAD2007C8
:10D7800010064400A400A8021008B00054001A00BB
:10D790002A024F4A00F52F0D1FC006CD400C1F3E38
:10D7A00049461D7C0849384940493CEDE40E0D1BB3
:10D7B000C00ACDED0C3E3E4E161E38DA090E103C66
:10D7C000450F1D4F2D5C04D86464E016C0046458F6
:10D7D00058E40D1BC00C0118E10D1D00132DC016DF
:10D7E0001E209C161E00780E1C0447FC50881C1C32
:10D7F0000423F8E2F2174DF6172D201B4D16254F86
:10D800002FE87A1A2C05200827C81C1C3C0427C8BE
:10D8100040201B0D1E80200D1E201F0D1E001BDD35
:10D82000200D2FC62427173D652DCFE73B422D3D08
:10D83000F40E6E3C1E190C052812420C3C201A7D79
:10D84000800B1D61185D800BDC04641858A50F2542
:10D85000A02FFE641B0E1D1F0E8C05644958EDE4BD
:10D860000F100810FE1092181028021E241A1A4DCC
:10D870008B090E29E7C0094007EEFE6C926C10027E
:10D880005254023ED60631CD101C4DC4101E100E4F
:10D89000181C07288828A44824F02B1D60181C0A8F
:10D8A00013C010048244412848CC282DE0321D8842
:10D8B000184DD7092DA0241D30224C13508050FC48
:10D8C0007D545254905410941C94F124522468199D
:10D8D0007F1128A0280D17C00F0D1E801C0D26E0FB
:10D8E000094D001B5C0458006428110005FF64000A
:10D8F00058000101FF0101FF0101FF0101FF0101CA
:10D90000FF0101FF0101FF0101FF0101FF0101FF13
:10D910000101FF0101FF0101FF0101FF0101FF0101
:10D9200001FF0101FF0101FF0101FF0101FF0101F1
:10D93000FF0101FF0101FF0101FF0101FF0101FFE3
:10D940000101FF0101FF0101FF0101FF0101FF01D1
:10D9500001FF013D8A39100647A902084C04125103
:10D9600004125604125C041262041268184DA239A3
:10D970004E0121558D23550D1DCE25DD9D4C0D3DB0
:10D98000B84B12728C1279A42DF35110051F1C1F75
:10D990001E02310501268E0D7AD8260006A1F92334
:10D9A0000108000147B543EC8D79531E1F83511EBA
:10D9B0001FCE4E4104810A01B401072011F88843AB
:10D9C000D13E24091FE5021801225E014C580211C4
:08D9D0000008014E01000000F7
:0400000508000125C9
:00000001FF
