:020000040800F2
:10000000909D00203D02000865BF000831A4000853
:10001000F9AE0008452F0008C5DA0008000000000E
:1000200000000000000000000000000065C900089A
:10003000636C000800000000D1C60008B1CD0008C4
:10004000570200085702000857020008570200082C
:10005000570200085702000857020008570200081C
:10006000570200085702000857020008570200080C
:100070005702000849540008570200085554000868
:100080006154000857020008570200085702000890
:1000900057020008570200085702000857020008DC
:1000A00057020008570200085702000857020008CC
:1000B00035CE000857020008570200085702000812
:1000C00057020008570200085702000857020008AC
:1000D00057020008B9D90008D1D90008E9D90008A9
:1000E000570200085702000857020008570200088C
:1000F00057020008000000005702000857020008DD
:10010000570200085702000857020008570200086B
:1001100057020008570200085702000800000000BC
:100120005702000800F002F800F078F80AA090E802
:10013000000C82448344AAF10107DA4501D100F0A2
:100140006DF8AFF2090EBAE80F0013F0010F18BFF7
:10015000FB1A43F001031847F02A0200102B02009B
:1001600010F8013B0A4413F0030408BF10F8014BD8
:100170001D1108BF10F8015B641E05D010F8016B5B
:10018000641E01F8016BF9D1002D15D010F8014B58
:1001900003F00C030C2BA1EB04040ABF10F8013B85
:1001A000A4EB8314A4EB032405F1010314F8016B01
:1001B0005B1E01F8016BF9D5914238BF10F8013B85
:1001C000D1D370470023002400250026103A28BF11
:1001D00078C1FBD8520728BF30C148BF0B607047B9
:1001E000662920F02784642900F0C8810020704728
:1001F0001FB59DE8030000F061FB00F0B7FE0400AE
:10020000002000211FF018FB401C6060002000212E
:100210001FF0FCFAE0601FBD10B510BD00F0F0FF4C
:100220001146FFF7E5FF1AF073FE01F093FA03B4ED
:10023000FFF7F2FF03BC01F003FB00000948804711
:1002400009480047FEE7FEE7FEE7FEE7FEE7FEE7B8
:10025000FEE7FEE7FEE7FEE704480549054A064BD0
:100260007047000031CE000825010008907D002075
:10027000909D0020908D0020908D002070B5A0FBF7
:100280000140B4F1805170F1000024BF002070BD26
:10029000204600F007F805001CBF214600F0A5FA33
:1002A000284670BD70B5064600F0ECFA056806F108
:1002B0000B0020F00704B4429CBF002070BD2B4609
:1002C0006A68BAB11068A04210D304F108018842EC
:1002D0003CBF5068586007D35168101941601168DD
:1002E000091B016058601460101D70BD13465268F0
:1002F000002AE7D12146284600F0CCFA0028DED1BA
:1003000070BD70B50446051F00F0BCFA0068002CF3
:1003100014BF446870BD002C18BFAC423CBF2046DF
:100320006468F8D301680A18AA4218BF456003D16F
:100330002A6805461144016028684119A1421CBF82
:100340006C6070BD6168696021680844286070BD98
:1003500070B50D460646041F00F094FAD0F800C0B0
:10036000C5B1E6B105F10B0020F00703AB423CBF7D
:10037000002070BD2068984238BFDCF8042013D3F9
:10038000C11A08292FD3E01840F8041B2360FFF797
:10039000B8FF28E03046FFF7B4FF002070BD2846C4
:1003A000BDE87040FFF77EBF002A18BFA2423CBFE5
:1003B00094465268F8D30119914216D11168084445
:1003C000984212D3C11A08293CBF2060506808D354
:1003D0005168E0184160216812681144C91A01602F
:1003E0002360CCF80400201D70BD181FFFF75AFFD2
:1003F000050007D021680A1F211D00F081FD201D86
:10040000FFF77FFF284670BD53EA020C00F06980B9
:100410002DE9F04B4FF00006002B1FBFB3FA83F518
:1004200003FA05F424FA05F65E4012BF1643B2FA49
:1004300082F502FA05F4C5F120051EBF22FA05FC7B
:1004400044EA0C04203556EA044C4FEA144418BF21
:10045000641C4FF000084FF00009904271EB030C50
:1004600039D3002919BFB1FA81F701FA07F6B0FABA
:1004700080F700FA07F6C7F120071EBF20FA07FC35
:1004800046EA0C062037B6FBF4FCA7EB0507103F45
:1004900007F01F0BCBF120060CFA0BFB2CFA06F62B
:1004A00044BFB3460026202FA4BF5E464FF0000B8A
:1004B0005BEA060C08BF4FF0010B19EB0B09ABFB15
:1004C000027C48EB0608C01B06FB02CC0BFB03CCEE
:1004D00071EB0C01C1E70B46024641464846BDE8B8
:1004E000F08B13B54FF000004FF00001AFF3008028
:1004F000BDE81C40704700000FB41CB50C0007AAF3
:10050000009001D02044401E074B7B446946019077
:10051000069800F082FC002C03D06946002000F011
:100520008FFC1CBC5DF814FB3D09000070B504464F
:1005300085690068C10601D5302600E02026C00785
:1005400007D070BDD4E9012130469047206A401C95
:1005500020626D1EF6D570BD70B5044685690078C1
:10056000C00707D170BDD4E9012120209047206A3F
:10057000401C20626D1EF6D570BD00002DE9F041D3
:100580000646002410687529314616A510D0AFF331
:100590000080002802DA404213A507E031688A078C
:1005A00001D512A502E0490704D511A5012401E0F7
:1005B000AFF3008000210A2206F1240709E0B0FB16
:1005C000F2FCB0FBF2F302FB1C003030785418460A
:1005D000491C0028F3D123462A463046BDE8F041A5
:1005E00000F0ADB9000000002D0000002B0000005D
:1005F000200000002DE9F05F894604464FF0000A14
:10060000DFF824B1FB44C0F820A02046E168884709
:1006100000287DD0252806D0D4E901219047206A02
:10062000401C2062F1E700255F462046E1688847CC
:100630002028064607DB312E05D2B81910F8200C09
:1006400008B10543F1E7A80701D525F00405C4F872
:100650001CA00027C4F818A02A2E09D030460DF09F
:10066000CCFC38B304EB8708303EC8F8186019E0BA
:1006700059F8041B204604EB87029161E168884722
:10068000012F064618D1E069002820DA25F0200560
:100690001DE0D8F8180000EB800006EB4000303871
:1006A000C8F818002046E168884706460DF0A5FC0A
:1006B0000028EED1012F0AD02E2E08D12046E16865
:1006C00088477F1C0646022F45F02005C4DBA06941
:1006D000002803DA404245F00105A061E80701D097
:1006E00025F01005A6B1A6F14100192802D8203640
:1006F00045F400654A463146204625604D46FFF7E1
:100700006FFD60B1012807D0ED1D25F0070000E066
:1007100007E000F1080978E705F1040975E73046BC
:100720007AE7206ABDE8F09F9825020030B50546BB
:100730000B462A4613F8014B12F8010B08B1A042F0
:10074000F8D01CB1002802D06D1CF1E7284630BD5E
:10075000032A40F2308010F0030C00F0158011F8ED
:10076000013BBCF1020F624498BF11F801CB00F8C5
:10077000013B38BF11F8013BA2F1040298BF00F819
:1007800001CB38BF00F8013B11F0030300F0B88340
:10079000083AC0F0088051F8043B083A51F804CBFD
:1007A000A0E80810F5E7121D5CBF51F8043B40F8C3
:1007B000043BAFF30080D20724BF11F8013B11F8CE
:1007C00001CB48BF11F8012B24BF00F8013B00F812
:1007D00001CB48BF00F8012B704702F0FF0343EA4A
:1007E000032242EA024200F002B84FF0000204295C
:1007F000C0F0128010F0030C00F01B80CCF1040C50
:10080000BCF1020F18BF00F8012BA8BF20F8022B83
:10081000A1EB0C0100F00DB85FEAC17C24BF00F829
:10082000012B00F8012B48BF00F8012B70474FF057
:10083000000200B5134694469646203922BFA0E830
:100840000C50A0E80C50B1F12001BFF4F7AF09073C
:1008500028BFA0E80C5048BF0CC05DF804EB89002D
:1008600028BF40F8042B08BF704748BF20F8022B70
:1008700011F0804F18BF00F8012B70477047704788
:100880007047000000487047387D0020704770476F
:100890007047704738B504460A4600206946AFF3F2
:1008A0000080002808BF38BD02460099204600F0AD
:1008B00065FB012038BD012000F09ABCF8B5AFF30C
:1008C0000080054600200C46102000BF0646A819EF
:1008D000A0420DD9324669460020AFF300800700E0
:1008E00008BF00F085FC0098A04218BF0546C41957
:1008F000FFF7C8FF05600746F01D20F00700461906
:10090000284600F00AF8B44208BFF8BDA21B3146E1
:100910003868BDE8F84000F031BB00210160C0E953
:10092000011070471020704710B500F023FB0068DD
:1009300010BD10B5044600F01DFB046010BD2DE98C
:10094000F0470D4699469246044600F12408016896
:10095000880604D5E06921F01001216000E0012043
:10096000A84201DD471B00E00027A1697A1902EBCC
:100970000900081AA0612078C00602D42046FFF7BB
:10098000D5FD002608E0D4E901211AF806009047B9
:10099000206A401C761C20624E45F4DB2078C0069D
:1009A0000AD52046FFF7C2FD06E0D4E90121302038
:1009B0009047206A401C2062381EA7F10107F4DC32
:1009C00007E0D4E9012118F805009047206A401C8F
:1009D0002062281EA5F10105F3DC2046FFF7BCFDCF
:1009E0002078000602D50220BDE8F0870120FBE751
:1009F00070472DE9FF4F0C461E464FF0FF378BB076
:100A0000D2E90001DDF860800A908A46C1F30A55F8
:100A100005B93D46002108464FF00000BAF1000F2D
:100A200000F4400005DA00EB80004FF4400101EAD9
:100A300050004FEA9059B9F1010F00DDB9460A980C
:100A400050EA4A000ED044F61050A5F2FF35454357
:100A50002F14B8F1000F1ED07542291E1EDDC9F1FA
:100A600000021CE0B8F1010F4FF0000001D030216E
:100A700003E0F24305E02154401CB042FBDB30466A
:100A80000022002121540B99C1F80880C1E90020FF
:100A90000FB0BDE8F08FBD1B6D1CDEE74A4600DAE3
:100AA000694206A800F032FB06AB93E8070003ABEF
:100AB00083E8070050460A9901F033F98DE80700F2
:100AC000A0F500501F3800900398002D0ADD42F277
:100AD0001F014A460844002303A90390684601F019
:100AE000DFFB09E0A0F500504A461F38002303A9A8
:100AF0000390684601F0FEFB8DE807000004000C3F
:100B000003D04FF0FF30410800E01046B8F1000F6D
:100B100003D00022009215461EE0751E05D400F099
:100B200047FA303262556D1EF9D5B34601220843AB
:100B300002D000227F1C04E02078302801D100225E
:100B40007F1E002A099784D01DE0112D07DA00F0DE
:100B50002FFA303262556D1C50EA0102F5D108437C
:100B600002D00098C8B10EE00021681E05E0235CA9
:100B7000625C63542254401E491C8142F7DBAB4641
:100B8000A81B401E0990002004F80B000B98099A3E
:100B9000C0F80880C0E9002B7AE711264FF0000862
:100BA00057E72DE9F04F88460446D21D22F0070191
:100BB00091B0D1E90001CDE90A010DF079F90246C1
:100BC0000B98C00F01D02D2007E02068810701D5C8
:100BD0002B2002E0202101EAC000032A099001D065
:100BE000072A05DB03464146204600F02FFA0BE1B9
:100BF0002078800601D5E06900E00620B8F1650F95
:100C0000814606D0B8F1660F18D0B8F1670F70D1E1
:100C100031E00020B9F1110F009001DB112301E058
:100C200009F101030AAA01A90CA8FFF7E2FEDDE918
:100C30000C70002609F10105834647E001204B4670
:100C400000904FF000470AAA01A90CA8FFF7D1FEB7
:100C5000DDE90DB00C995D46002610B909F10100DF
:100C60000D18B9EB050003D4C0F1FF3609F10105F9
:100C7000A5EB09002BE0B9F1010F01DA4FF00109F2
:100C80000020B9F1110F0090484601DD112300E06A
:100C900003460AAA01A90CA8FFF7ABFEDDE90C7018
:100CA0004D4600268346207800070AD4AB4500DA7B
:100CB0005D4601A8012D04DD411911F8011C302900
:100CC00007D04F4502DA17F1040F04DA01208246FB
:100CD0000FE06D1EEEE7002F02DCED1B3E4403E04B
:100CE000781CA84200DD7D1CB81B00F1010A4FF002
:100CF00000472078000703D4AA4501DB4FF0FF3AF4
:100D00000021B7F1004F0DF143088DF8431024D0B6
:100D100002202B23002F01DA7F422D230A21021EFD
:100D2000A0F1010000DC5FB197FBF1FC97FBF1F251
:100D300001FB1C7C17460CF1300C08F801CDEEE7E6
:100D4000A8F1010003702188090501D5452100E0C3
:100D50006521A0F1010800F8011C09980FA9A1EB79
:100D60000807FF1D00B10120411901EBEA70A169DC
:100D70003844081A401EA0612078C00602D42046DC
:100D8000FFF7D4FB099828B1D4E901219047206AE4
:100D9000401C20622078C00622D52046FFF7C6FB03
:100DA0001EE0002E04DBB34502DD01A8805D00E0FB
:100DB0003020D4E901219047206A401C2062761C33
:100DC000AAF101005FEA000A0AD100F0CFF8C0687A
:100DD0000168405CD4E901219047206A401C2062F0
:100DE000281EA5F10105DCDC07E0D4E9012118F893
:100DF000010B9047206A401C2062381EA7F10107B2
:100E0000F3DC2046FFF7A8FB032011B041E6000009
:100E100001694A1C02610878704700B58FB0CDE9BE
:100E200001310021059105497944CDE903101146AE
:100E30006846FFF7DFFB0FB000BD0000E5FFFFFFD6
:100E40000A6802F8010B0A607047D1E900239A4250
:100E500002D2531C0B601070704700000FB40023C7
:100E600000B589B00CA900910B99CB60214B7B4454
:100E70000693214B7B44079304236FF00042CDE996
:100E800001321E4A7A446B460892024600201FF047
:100E900033FE09B05DF814FB70B506464FF0FF3025
:100EA00015460C46324686B00091CDE901016946EF
:100EB0000020049004A8FFF7D1FF024604982118EF
:100EC00025B108B1084600E02046286004980028B3
:100ED0000DD0002A02DD0098884208D03246081B57
:100EE00069460094CDE9010404A8FFF7B7FF06B0F6
:100EF00070BD00005B02000073020000B30100003F
:100F000010B5203AC0F00B80B1E81850203AA0E8A4
:100F10001850B1E81850A0E81850BFF4F5AF5FEAD8
:100F2000027C24BFB1E81850A0E8185044BF18C98B
:100F300018C0BDE810405FEA827C24BF51F8043B32
:100F400040F8043B08BF7047D20728BF31F8023B86
:100F500048BF11F8012B28BF20F8023B48BF00F81A
:100F6000012B704700487047307D002000487047D3
:100F7000507D002000487047307D002003464068C7
:100F80008C46002818BF88423CBF03464068F8D30F
:100F900018681844884207D00CF1030020F00700BD
:100FA000001D411A521A0146081D0A60FFF7A9B92F
:100FB00030B5B0F10A024FEA900E71F100034EEA2B
:100FC000817EB0EB0E0061EB91014FEA101E4EEAFC
:100FD000017E10EB0E0041EB11114FEA102E4EEA8C
:100FE000016E10EB0E0041EB11214FEA104E4EEA5C
:100FF000014E10EB0E0041EB1141401841F1000190
:101000004FEAD00040EA41704FEAD10110EB800571
:101010004FEA810444EA907444EB01046D1944EBF7
:101020000404521BA3414FF0000348BF0A3200D50D
:1010300030BD401C41F1000130BD10B5044600F048
:1010400005F90068005D00F0010010BD2DE9F041D8
:101050001F46044603260168072A01F4006004DBEA
:1010600008B116A505E016A503E008B115A500E036
:1010700015A521F010002060A069C01EA0610FB16D
:10108000401EA0612046FFF751FA4FB1D4E901217B
:1010900038469047206A401C2062C01C206206E04F
:1010A000206AFAE7D4E9012115F8010B9047761E72
:1010B000F8D22046FFF750FABDE8F0814E414E00CD
:1010C0006E616E00494E4600696E6600426842B12C
:1010D000016811F8013B23B1521EC0E90012184605
:1010E00070470121C160881E704742685AB1C368C9
:1010F000016843B983688B4205D0491E521CC0E980
:101100000012002070474FF0FF3070472DE9F04784
:10111000814616468AB0354878440DC88DE80D00E2
:1011200032487844801C03AC0DC884E80D0041F6B9
:101130009B300844372190FBF1F290FBF1F5A5F1CB
:10114000800501FB12041B3C02D56442012000E033
:101150000020DFF898A080460027FA44AAF1BE0AD2
:101160000EE0E0070AD03246684607EB470101234C
:101170000AEB810101F0BEF88DE8070064107F1CC6
:10118000002CEED1194F7F44AE3F19E0E80715D08F
:1011900007EB04100DF1180A90E80E008AE80E0023
:1011A000C068F04201D1981908903246012306A97F
:1011B00003A801F09FF803AB83E807006D10641CDF
:1011C000002DE3D14FF0010332466946B8F1000F1C
:1011D00003A802D001F064F801E001F08BF8C9E93E
:1011E0000001C9F808200AB0BDE8F087141B02000E
:1011F00010B500F0BDFABDE8104000F0B4BA704779
:101200007546FFF7AFFEAE4605006946534620F02F
:101210000700854618B020B5FFF71EF8BDE820404E
:101220004FF000064FF000074FF000084FF0000BA2
:1012300021F00701AC46ACE8C009ACE8C009ACE855
:10124000C009ACE8C0098D467047000010B5FFF733
:101250008DFE001D10BD00BFE1E501002DE9FF4F2F
:1012600006468BB00878FF2806D0491C2D2805D0EB
:1012700000244FF0000908E000200CE00124F8E70A
:1012800009EB8903491C00EB43090878FF28F7D1D3
:1012900014B1C9F100008146107800252C46AA46F9
:1012A00029462D2801D02B2804D1521C2D2813D0DB
:1012B000002082468B461078FF280FD04FF0000C9C
:1012C0000A21521CA5FB017804FB018105FB0C11CE
:1012D000C5194BEB0104EEE70120EAE700210846BF
:1012E0004FF00000BAF1000F02D000EB8000400880
:1012F000C0F38157012F01DD4FF0FF370E9955EAFA
:10130000040009EB01080BD04FF0020918F5FA7F31
:1013100016DA4FEACA70002F706008DD012007E07E
:101320004FEACA70C6E900B00FB0BDE8F08F0020E8
:101330003060FFF71FFEC0F800901821084616E045
:10134000B8F5FA7F18DD002F02DAF748784401E09B
:10135000F6487844D0E90010C6E9001040EACA70A7
:101360007060FFF707FEC0F80090142108460FB028
:10137000BDE8F04F1FF05BBB002108464FF00000B6
:10138000B8F10001099002DAC7F1000200E03A4624
:1013900001DAC8F1000106A8FFF7B8FE06AB93E832
:1013A000070003AB83E8070044F23E005BEA040158
:1013B0000090584604D144F21E012C465D4600912F
:1013C000210C0904014306D10099240444EA154480
:1013D0002D041039009104F07F41014306D100999A
:1013E000240244EA15642D020839009104F070418A
:1013F000014306D10099240144EA15742D01091F07
:10140000009104F04041014306D10099A40044EA50
:101410009574AD00891E009104F00041084304D189
:1014200000986D196441401E00904FF001033A4648
:101430006846B8F1000FCDE9014503A902DD00F0CF
:101440006EFF01E000F041FFBAF1000F04460D46C7
:1014500001D084F00044002108464FF000000999B3
:1014600040F2FF77484010F00C0F07D124F0004005
:10147000284303D0C4F30A50B84212D1FFF77AFDD3
:10148000C0F80090C4F30A50B8420AD1A848784482
:10149000D0E90010C6E9001004F000410843706074
:1014A00042E7C6E900543FE72DE9FF4F1F464FF0E2
:1014B000000A4FF0FF38454691B0D7E90146CDF814
:1014C0003CA0FFF753FDC0680168405C1090B9690B
:1014D00012986D1C8847396A814688470028F6D1E2
:1014E000B9F1FF3F0AD0002E24F4D06411DDB9F128
:1014F0002B0F08D0B9F12D0F0BD102E0404615B0EB
:1015000013E744F48064B96912986D1C8847761E0D
:101510008146600504A901D52D2000E02B20002E76
:1015200001F1010B0DF130088DF810003FDDB9F12C
:10153000690F08D0B9F1490F05D0B9F16E0F02D08B
:10154000B9F14E0F1CD13B4601A8009580E850022E
:10155000DDE912126FF002001FF0D2FAC11CCED1E9
:101560000EE0B96912986D1C884781461398761E63
:1015700044F4007405600F98401C002E0F9016DD97
:10158000B9F1300FEDD0B9F1780F02D0B9F1580FA1
:101590000DD10F9801280AD13B46CDE90054DDE971
:1015A0001212001F02961FF0A9FAC11CA7D11099B0
:1015B00089453ED144F0800406E01399681CAAF1E5
:1015C000010A44F400740860B9696D1C1298761E13
:1015D000884730288146F0D02BE01099894505D105
:1015E000200603D4761E44F0800418E048460CF030
:1015F00004FD08B3761E0DF123018B4544F40074FD
:1016000008D2A9F130000BF8010B200607D5AAF18A
:10161000010003E0200602D40AF101008246A00581
:1016200002D51399681C0860B96912986D1C884727
:101630008146002ED1DC53E0002E51DDB9F1650F5B
:1016400002D0B9F1450F4BD1A00549D5B9696D1C40
:101650001298761E24F440748847002E81460CDDD3
:101660002B2804D0B9F12D0F07D144F48074B96947
:1016700012986D1C8847761E8146E00501D52D2104
:1016800000E02B2108F8011BCDF8008021E0761E38
:101690000DF13901884544F400740CD2A9F13000F1
:1016A00010F0FF0088F8000002D10099884509D9A0
:1016B00008F1010806E0E00501D51E4801E042F20C
:1016C0000F708246B96912986D1C8847814613983D
:1016D0000560002E04DD48460CF08FFC0028D6D1B2
:1016E000F96912988847FF2053468BF8000088F864
:1016F000000000200A900B9004AA0CA90AA8FFF78A
:10170000ADFDA00502D46FF00100F8E614F0240F3F
:1017100012D0E0071CD13868DDE90A12031D3B60D6
:101720000068C0E9001213E020190200121902003B
:10173000D6170200F1D8FFFF0AA968460CF0ECFBAF
:10174000E00705D13868009A011D39600068026021
:101750002846D4E610B50446AFF300802046BDE825
:101760001040FEF764BD002801D000F069B8704752
:1017700010B5012805D0002103A000F067F8012072
:1017800010BD09A1F8E7000053494752544D454D9B
:101790003A204F7574206F662068656170206D6512
:1017A0006D6F7279000000003A2048656170206D0D
:1017B000656D6F727920636F727275707465640005
:1017C0004FF0013C50F8042B51F8043B9A4221D1D0
:1017D000A2EB0C03934313EACC1317D150F8042B5C
:1017E00051F8043B9A4215D1A2EB0C03934313EA40
:1017F000CC130BD150F8042B51F8043B9A4209D179
:10180000A2EB0C03934313EACC13DBD04FF00000A0
:10181000704700BFD01A01BAB1FA81F101F0180186
:1018200022FA01F0CB40C1F12001DBB2C0B2C01AF4
:101830002CFA01F3D11A914311EAC311E6D1704792
:1018400001491820ABBEFEE72600020070B5054630
:101850000C460A2000E06D1C00F011F835B1287824
:101860000028F8D102E0641C00F009F814B12078D7
:101870000028F8D1BDE870400A20AFF3008008B519
:1018800069468DF800000320ABBE08BD2DE9FF4F6F
:101890001F464FF03C0987B04FF00042DDE91410BD
:1018A00001F10108DDF858A002EA40500390002041
:1018B00005908346054604460490B969461E08987B
:1018C0008847AAF1010A0290BAF1000F3BDD0298A5
:1018D0002E2815D0102100F016FA00282EDB4FF02C
:1018E000010B0599014317D0B9F1000F0BDB4A46F4
:1018F000C11700F0F5F905430C43A9F1040905E00F
:10190000012004900BE008B145F00105012005908D
:10191000049820B9361D02E0049800B1361FB96959
:10192000089808F101088847BBF1000FAAF1010AE5
:101930000290C9D00999C1F80080C5E702987028C3
:1019400008D0502806D0F96908988847BBF1000FE5
:1019500014D04FE0002002900120BBF1000F049052
:1019600009D0B969089808F101088847AAF1010966
:10197000B9F1000F07DCF969089888476FF001009A
:101980000BB0BDE8F08F2B2804D02D280CD14FF0E0
:10199000FF300490B969089808F101088847A9F157
:1019A0000109B9F1000FE6DD411CE4D00A2100F085
:1019B000AAF90028DFDB029908F1010801EB810197
:1019C00000EB41000290B969089888470A2100F0AD
:1019D0009AF9099AA9F10109B9F1000FC2F800803A
:1019E00001DD0028E7DAF969089888470499029828
:1019F00000FB016655EA040004D004F040410900F0
:101A000002D006E0039898E0A40044EA9574AD0083
:101A1000B61E04F00041080002D16D196441761E23
:101A2000159810F0240F03D04FF00B095C4803E029
:101A30004FF028096FF07D008246564507DAAAEB81
:101A400006018944B9F1410F01DD4FF04109012040
:101A50000021A9F1010200F043F9024628400B469B
:101A60002140084301D0012100E00021501E0291D5
:101A700043F1FF3128402140084301D0012000E01C
:101A800000200299834651EA0B014FD000210846FD
:101A90004FF00000039900F4400039B100EB8000E2
:101AA0004FF4400100EBD07001EA6000801501287E
:101AB00002DD4FF0FF3000E013D0401C36D002981A
:101AC00060B3BBF1000F0CD14A460120002100F0A9
:101AD00007F928402140084301D0012000E0002000
:101AE000E0B101204A46002100F0FAF8034640190F
:101AF0000A4661412D1A8C4111D3B9F1400F09DD1D
:101B0000159810F0240F02D0AAF1340603E0AAF1D0
:101B1000170600E0761C00254FF0004406E05B1E2F
:101B200042F1FF3220EA030521EA0204CAF1010072
:101B3000B04206DA1B490398084301900020009048
:101B40000EE0039AC4F3D321E80A0A43164940EA97
:101B500044500A433146CDE9000268460CF042FA8F
:101B6000159810F0240F0BD01598C00715D13868C0
:101B7000DDE90012031D3B600068C0E900120CE0C3
:101B800002A869460CF0C8F91598C00705D1386855
:101B9000029A011D3960006802604046F0E60000CC
:101BA00002FCFFFF0000F07F0000F03F2DE9FF4F37
:101BB00092461D4685B04FF00041DDE9124BDDE94C
:101BC00014727F1E01EA4B50414940F0FF4940EA40
:101BD0000108002122F020004928049102D04E285B
:101BE00028D04CE03BA0012607C88DE80700A96972
:101BF0000698641C88477F1E014606D41DF806001F
:101C000018B121F0200181420BD0E969069888477C
:101C1000032E34D0082E32D06FF0010009B0BDE899
:101C2000F08F761C032E01D0082EE0D1601CCAF87C
:101C30000000DCE7A9690698641C88477F1E2AD447
:101C400020F02000412826D1A9690698641C884705
:101C50007F1E20D420F020004E281CD1A9690698B0
:101C6000641C88477F1E48F4002849F48009CAF89C
:101C7000004001D4282806D0E969069888475FEA21
:101C8000CB7012D022E0A9690698641C88477F1E99
:101C900001D4002803DAE96906988847BCE72928B7
:101CA000F1D1641CCAF80040E9E71BF0240F07D00B
:101CB00028680499031D2B600068C0E9001805E03E
:101CC0002868021D2A600068C0F800902046A5E739
:101CD0000000F07F494E46494E495459000000002B
:101CE000B2F120030AD5C2F1200301FA02F120FA71
:101CF00003F300FA02F041EA0301704700FA03F12E
:101D00004FF0000070473A2800D2303820F020020F
:101D1000412A01D3A2F13700884201D34FF0FF30AE
:101D200070475FEA400C08BF91F0000F4FEA8C2328
:101D30004FEAC12243EA51514FEA1C5018BF00F547
:101D4000F0404FEA300018BF41F000415FEA6C5CA0
:101D500000F02980BCF1FF3F08BF40F08040704791
:101D6000130C06BF12044FF0100C4FF0000C130EB2
:101D700004BF12020CF1080C130F04BF12010CF186
:101D8000040C930F04BF92000CF1020CD30F04BF9C
:101D900052000CF1010C11464FF00002A0F11F009F
:101DA000A0EB0C00704711F0004F08BF704731F0F6
:101DB00000413FF4D5AF0B0C06BF09044FF0100CE7
:101DC0004FF0000C0B0E04BF09020CF1080C0B0FB6
:101DD00004BF09010CF1040C8B0F04BF89000CF146
:101DE000020CCB0F04BF49000CF1010CCCF1200315
:101DF000A0EB0C0022FA03F302FA0CF241EA030111
:101E000000F10100704720F07F4C80EA030023F0CE
:101E10007F47ACEB070303F57C5300F0004003F170
:101E2000FF032DE980494FEA154B09B44FEA1443EB
:101E300025EA0B4E24EA03480FF2042606EB13278B
:101E400049083E785FEA320203FB0667C7F50007E0
:101E500007FB06F64FEA54374FEAD64606F102066C
:101E600007FB066CCCF1005C4FEA1C472CEA074CE0
:101E700007FB06F40CFB06F504EB15464FEA961635
:101E800034BF00204FF000404FEAD13706FB07FC7B
:101E90004FEA1C4C0CFB0BF7D21B03FB0CF761EB5E
:101EA00007010CFB0EF7B0EB074072EB17420CFB7F
:101EB00008F734BFA2EB0742B2EB074261EB1741D0
:101EC0004FEA0C444FEA910706FB07FC4FEA1C4C13
:101ED0000CFB0BF7B0EBC74072EB573203FB0CF770
:101EE00034BFA2EBC742B2EBC74261EB57310CFBE8
:101EF0000EF7B0EBC70072EB57720CFB08F734BF5C
:101F0000A2EBC702B2EBC70261EB5771039F4FEA26
:101F1000816141EA921104EBCC044FEAD1374FEAD8
:101F2000826206FB07FC42EA90124FEA80604FEAA9
:101F30001C4C0CFB0BF7D21B03FB0CF761EB0701EE
:101F40000CFB0EF7B0EB074072EB17420CFB08F7E7
:101F500034BFA2EB0742B2EB074261EB17414FEAF5
:101F60008C554FEA910704EB9C2406FB07FC4FEAD3
:101F70001C4C0CFB0BF7B0EBC74072EB573203FB6A
:101F80000CF734BFA2EBC742B2EBC74261EB57314B
:101F90000CFB0EF7B0EBC70072EB57720CFB08F7A7
:101FA00034BFA2EBC702B2EBC70261EB577115EB6E
:101FB0004C254FEA816141EA92114FEA82624FEA71
:101FC000D13742EA901206FB07FC44F100044FEAC5
:101FD00080604FEA1C4C0CFB0BF7D21B03FB0CF789
:101FE00061EB07010CFB0EF7B0EB074072EB1742F9
:101FF0000CFB08F734BFA2EB0742B2EB074261EBE0
:10200000174115EB1C154FEA813141EA92414FEA25
:10201000823242EA90424FEA80304FEA0C7644F135
:10202000000448EA03434EEA0B484FF0000EB2EBBF
:10203000080C71EB030724BF624639464EEB0E0EC7
:102040004FF0000B0018524149414BEB0B0BB2EB28
:10205000080C71EB03077BF1000B24BF6246394685
:102060004EEB0E0E4FF0000B0018524149414BEB66
:102070000B0BB2EB080C71EB03077BF1000B24BFD9
:10208000624639464EEB0E0E51EA020718BF46F083
:10209000010616EB0E7655F1000254F1000103D54E
:1020A000BDE88901BDE80088BDE88901BDE80048B8
:1020B000B619524141EB0101A3F101037047808041
:1020C0007F7E7D7C7B7A7978777676757473727192
:1020D00071706F6E6E6D6C6C6B6A6A69686867664A
:1020E00066656464636362616160605F5F5E5E5DDC
:1020F0005D5C5C5B5B5A5A59595858575756565550
:1021000055555454535352525251515050504F4FB1
:102110004F4E4E4D4D4D4C4C4C4B4B4B4A4A4A4901
:102120004949484848474747474646464545454444
:1021300044444443434343424242424141410000FC
:1021400046EA0646A3F570534FEA164646EA42565B
:102150004FEAD22242EA415210B54FEAD121A3F10F
:10216000010300F02FF820F0004000F1020C00F015
:10217000004701EB00501146BCF5006F40EA070034
:1021800000D210BDBAF1000F0AD01CB503B44FF055
:1021900004004FF004014FF000000FBCBDE81040F8
:1021A0004FF00001BBF1010FB9BF04484FF0FF3100
:1021B0000348002140EA070010BD00BFFFFFEF7F8A
:1021C0000000F07F002B9C4630D477002BD01CB54C
:1021D0004FEA370703B44FF010004FF01001BAF187
:1021E000000F06D0BCF1000FDCBF40F0080040F04B
:1021F00008014FF000000FBCBDE810400BF1010BCF
:10220000BBF1010F08BF5FEA170722BF12F10102FD
:1022100011F101014FF0004143F1000300F00040D3
:1022200043EA00007047F9D35708D0E746EA06466C
:1022300013F1400F4FEA16461FDD13F1200FDFBFE9
:1022400016430A46002120335B42BED0C3F120076B
:1022500046EA064602FA07F74FEA164646EA070636
:10226000C3F1200722FA03F201FA07F721FA03F17A
:102270004FF0000342EA0702A7E746EA020646EAF1
:1022800006464FEA164646EA0106BCBF46EA06463F
:10229000360C4FF000034FF000024FF0000194E7BE
:1022A0002DE9804C9A46934670B491E8380007C8EF
:1022B00031EA400C48BF34EA430C03D5FFF7A3FDD5
:1022C000FFF780FFF0BCBDE8008C2DE9804C9A46FA
:1022D000934670B491E8380007C831EA400C48BF13
:1022E00034EA430C03D5FFF78EFDFFF729FFF0BC5E
:1022F000BDE8008C2DE9804C9A46934670B491E875
:10230000380007C810F0804F08BF13F0804F03D18A
:1023100000F01AF8FFF756FFF0BCBDE8008C2DE97D
:10232000804C9A46934670B491E8380007C810F084
:10233000804F08BF13F0804F03D100F005F8FFF77E
:10234000FFFEF0BCBDE8008C20F07F4780EA030070
:1023500023F07F4C07EB0C03A3F57C5300F0004007
:10236000A3F1FE0392F0000F00F0B38095F0000F90
:1023700000F077802DE901494FEA11404FEA1446F9
:1023800021EA004800FB06FC24EA064708FB06F6A3
:1023900007FB08F800FB07F718EB06484CEB164C58
:1023A0004FEA124B18EB07484FEA15464CEB174023
:1023B00022EA0B4E0BFB06FC25EA06470EFB06F64F
:1023C00007FB0EFE0BFB07F71EEB064E4CEB164C05
:1023D0004FF000061EEB074E4CEB174B18EB0B08AB
:1023E00040F1000018EB0E0B58EB000840F1000024
:1023F0008F1A4FF000013CBFC943661B14BFB5EBF9
:10240000040C00213CBFC943F61B4FEA17444EEAB7
:102410008E0E27EA04454FEA1C4704FB07622CEAAC
:10242000074C05FB07F70CFB05F604FB0CFC16EB51
:10243000074642EB174216EB0C4642EB1C421BEBE5
:10244000060658EB0202414146EA9E0601D5BDE868
:102450000189B619524141EB0101A3F10103BDE825
:1024600001894FEA14454FEA114724EA054621EA5B
:10247000074C05FB07F406FB07F70CFB06F105FB11
:102480000CFC11EB074144EB17444FEA124711EBE8
:102490000C4144EB1C4422EA074C05FB07F206FB07
:1024A00007F70CFB06F605FB0CFC16EB074642EBA8
:1024B000174216EB0C4642EB1C456A1854F100011A
:1024C00048BF7047B619524141EB0101A3F1010326
:1024D000704795F0000F37D04FEA11424FEA14478A
:1024E00021EA024624EA074C02FB07F106FB07F744
:1024F0000CFB06F402FB0CFC14EB074441EB174108
:102500004FEA154714EB0C4441EB1C4125EA074CFC
:1025100002FB07F506FB07F70CFB06F602FB0CFCBB
:1025200016EB074645EB174516EB0C4645EB1C42F0
:10253000121951F1000148BF7047B619524141EBE1
:102540000101A3F1010370474FEA14454FEA114717
:1025500024EA054621EA074C05FB07F106FB07F7CD
:102560000CFB06F24FF0000605FB0CFC12EB0742D9
:1025700041EB174112EB0C4251EB1C4148BF704735
:10258000921841EB0101A3F10103704770B50446B5
:1025900000680168C943490620D4816821F001011F
:1025A000816006F02FFC054613E006F02BFC401B73
:1025B00002280ED920680068C043400609D4E06CA8
:1025C00040F01000E064206D40F001002065012023
:1025D00070BD20680068C0434006E6D5002070BD8D
:1025E000F8B500260446009600680168C94349060C
:1025F0002ED5816841F001018160164816490068B6
:10260000B0FBF1F000EB400000E0401E009000281D
:10261000FBD106F0F7FB054615E006F0F3FB401B87
:10262000022810D920680068C04340060BD5E06C32
:1026300040F01000E064206D40F00100206584F857
:1026400048600120F8BD20680068C0434006E4D41B
:102650000020F8BD1000002040420F0010B50A48CD
:1026600006F054F96421084806F0F8F8064805F029
:10267000FBFF064CA060044806F083F9052006F035
:10268000BBFAA06810BD000058580020E857002091
:102690002DE9F041002507462E462C460BE0FFF7BA
:1026A000DDFF1DF0D5FB2A4633461DF00DF9641CF5
:1026B00005460E46E4B2BC42F1D338461DF0C8FBD5
:1026C00002460B4628463146BDE8F0411DF0B8B938
:1026D0000949094A903AC968D161002104E0D369E7
:1026E000491CC9B21B69D3618142F8D3D069017812
:1026F00041F0010101707047B05500200E490E4AAB
:10270000903AC968D16170B1052811D00A2811D05A
:10271000142807D1086900690069D061017841F087
:10272000010101707047087840F00100087070479F
:102730000869F2E70869EFE7B055002010B519F015
:102740007FFD6A4A0B286ED025DC684C022804F114
:10275000080449D004286BD008287CD1907904283B
:1027600079D1D079022876D10DF02EFB15F0E6FB59
:102770004079612854D015F0E7FB21461CF0A6FDF6
:1027800015F0DCFB407961284FD015F0DDFBBDE88A
:10279000104003F032BA0C2815D012287ED013282E
:1027A00059D1D0799C2856D1107A512853D10DF0A7
:1027B0000BFB16F057FA03284DD10121BDE810405C
:1027C000022011F033BF9079042844D1612002F037
:1027D00065FE19F0EFFC46490020087015F0AEFBCD
:1027E000BDE8104000F0A0BA907904286FD1D079EC
:1027F0000C286CD10DF0E8FA15F0A0FB40796128A7
:102800000BD015F0A1FB0C2221461CF074FD15F035
:1028100095FBBDE8104000F065BA15F08FFBF2E7BC
:1028200015F08CFBA9E728E002E015F087FBAEE786
:10283000907904284BD1D079082848D10DF0C4FAFA
:1028400015F07CFB4079612811D015F07DFB214605
:1028500000F054F800E03AE015F070FB4079612890
:1028600008D015F071FBBDE8104003F0BFB915F0BA
:1028700065FBECE715F062FBF5E79079102826D1AF
:10288000D0799C2823D10DF09FFA16F0EBF953284C
:1028900001D054281BD10121022000E018E011F0E2
:1028A000C5FE16F0E5F9806812490069006981608B
:1028B00016F0DEF98068104900690069C16016F001
:1028C000D7F980680069006901690420487110BD6A
:1028D000D0799C28FBD1107A5728F8D10DF074FAE2
:1028E00016F0C0F937283FF468AF10BD54560020E9
:1028F0002C550020C7190208CB1902082DE9FF5FEB
:10290000040079D0487884F87000087884F8710061
:10291000C87884F87200887884F87300487984F85D
:102920006800087984F86900C87984F86A008879B1
:1029300084F86B00207804F137010291DFF84092AF
:10294000DFF840A2DFF840B204F12A018F4E4207BF
:10295000039165D520F004002070206F6061484528
:1029600038DB1DF0EFFC002233461DF069F8002231
:10297000874B1DF081FA206F07D21DF0E3FC002287
:1029800033461DF05DF883A22FE01DF0DBFC002232
:1029900033461DF055F80022804B1DF06DFA0CD225
:1029A000206F1DF0CFFC002233461DF049F81DF0CA
:1029B0000BFA03467AA2042124E0206F1DF0C2FC2A
:1029C000002233461DF03CF8002233461DF054FA35
:1029D0001BD2E5E7504503DA1DF0B4FC71A204E018
:1029E00058450ADA1DF0AEFC70A2CDE900010521C0
:1029F0000298FDF781FD08E0BFE01DF01BFE0346D5
:102A00006CA205210298FDF777FDA06E1DF09AFCDF
:102A1000CDE9000168A206210398FDF76DFDA8E04D
:102A2000216FA0681DF0BAFCA060A16E20691DF0A6
:102A3000B5FC2061204601F0E9FE206F6061E0797D
:102A4000401CC0B2E0710328E9D31DF02BFE0546FF
:102A5000294620691DF010FD00902946A0681DF050
:102A60000BFD05461CF0C4F8DFF85481002720B3A5
:102A70001CF07EF9022820D398F80020404604F18B
:102A8000A80104F19008019132B1077040460DF0A1
:102A9000E3F901980DF0E0F9294640460DF00FFAF0
:102AA000DDE900100DF00BFA01980DF0EBF9009044
:102AB00040460DF0E7F9054602E0012188F80010D4
:102AC000204602F03EFF002850D100981DF03AFC4D
:102AD000CDE9000138A206210398FDF70DFD4D4513
:102AE00028DB28461DF02EFC002233461CF0A8FFF0
:102AF000884605460022264B1DF0BEF904D2CDE9DA
:102B0000005824A2052125E0284641460022234BF7
:102B10001DF0B2F906D333462846414600221DF087
:102B2000ABF923D2284641461DF04EF903461CA2BC
:102B3000042118E0554504DA28461DF003FC19A2CB
:102B400005E05D45284609DA1DF0FCFB17A2CDE93A
:102B5000000105210298FDF7CFFC07E01DF06AFD9A
:102B6000034614A205210298FDF7C6FCE771A76091
:102B70002761BDE8FF5F19F0CDBDBDE8FF9F0000F4
:102B800000401C46000020410000C84200408F4029
:102B90000000244025332E3166000000000059401B
:102BA0002533640025332E326600000025342E3193
:102BB000660000002534640025352E3266000000D2
:102BC000205800201CB50C46002832D0684609F079
:102BD0001BFEDDE900010DF0D7F9164A612102F86C
:102BE000451F102151709C2191706821D1700021E6
:102BF00011710421517108219171010AD171107272
:102C0000010E5172000C9072200AD0721473200EC3
:102C10005073200C90730748112102F8421C453074
:102C20000AF014F819F06EFDBDE81C400B2019F0F5
:102C300095BD1CBD545600201CB50C46002832D052
:102C4000684609F0E1FDDDE900010DF09DF9164A45
:102C5000612102F8451F102151709C2191706C2157
:102C6000D170002111710421517108219171010A63
:102C7000D1711072010E5172000C9072200AD07244
:102C80001473200E5073200C90730748112102F822
:102C9000421C453009F0DAFF19F034FDBDE81C4054
:102CA0000B2019F05BBD1CBD545600200C4810B51C
:102CB000612100F8451F042141707522827069224C
:102CC000C270002202714171082100F8421C0448C0
:102CD000453009F0BBFFBDE810400C2019F03EBDA7
:102CE0005456002010B500281BD00E48612100F872
:102CF000451F04214170752181704521C17000215B
:102D0000017101214171082100F8421C054845303C
:102D100009F09CFF19F0F6FCBDE81040082019F0FE
:102D20001DBD10BD5456002010B500281BD00E4804
:102D3000612100F8451F0421417075218170302107
:102D4000C1700021017106214171082100F8421C67
:102D50000548453009F07AFF19F0D4FCBDE8104071
:102D6000022019F0FBBC10BD5456002010B50028FD
:102D700018D00D486121752200F8451F04214170CB
:102D800082706922C270002202714171082100F82C
:102D9000421C0548453009F059FFBDE810400420A9
:102DA00019F0DCBC10BD00005456002010B50028FE
:102DB00027D0144A40F8681F612102F8451F1021EE
:102DC00051709C2191705721D17000211171022105
:102DD0005171042191714178D17101781172C178DA
:102DE00051728078907207480D2102F8421C4530DC
:102DF00009F02CFF19F086FCBDE81040122019F0F4
:102E0000ADBC10BD5456002010B50446F32000F0B0
:102E100037F8204000D0012010BD000010B5F92087
:102E200000F02EF80A4C2070F82000F029F86070AD
:102E3000F72000F025F8A0706178000340EA011047
:102E40002178BDE8104040EA11100BF089BB00006A
:102E50002856002070B5FC2000F012F80446FB2034
:102E600000F00EF80546FA2000F00AF8000340EAE8
:102E7000051040EA1410BDE870400BF067BC00007C
:102E800070B50B4D06464FF480740022214628464B
:102E900005F0B3FF30460BF037FB0BF031FB064675
:102EA00001222146284605F0A8FF304670BD0000EB
:102EB00000040240017842784901807841EA8201A9
:102EC0000143C9B2F52000F00BB8417802784901FE
:102ED000807841EA82010143C9B2F420AFF3008057
:102EE0002DE9F0410B4D0F4606464FF48074002249
:102EF0002146284605F081FF30460BF005FB384699
:102F00000BF002FB21462846BDE8F041012205F006
:102F100074BF0000000402400949094AC968903A98
:102F20000029D16104D020B1087840F00100087078
:102F300070470869D061017841F001010170704764
:102F4000B0550020FEE700002DE9F04119F078F9B6
:102F5000B449B54CB54D042601F108070C2814D02E
:102F60000ADCA0F102000A2871D2DFE800F03D700F
:102F7000E2707070577071F31238072867D2DFE87B
:102F800000F0EBEA66661A87B600887903285ED1FE
:102F90004A2002F083FA19F00DF914F0CFFF4079BE
:102FA0004A2805D014F0D0FF394600F0FFFBBAE004
:102FB00014F0C4FFF8E78879032848D10CF004FF27
:102FC00014F0BCFF40794A280BD014F0BDFF3946FD
:102FD00000F030F914F0B2FFBDE8F0414A2100F0F2
:102FE00089BE14F0ABFFF2E7887903282FD10CF0EB
:102FF000EBFE14F0A3FF40794A280CD014F0A4FF94
:103000000122394600F052FB14F098FFBDE8F04170
:103010004A2100F053BE14F091FFF1E788790328AC
:1030200015D10CF0D1FE14F089FF40794A280BD05D
:1030300014F08AFF002100F013FB14F07FFFBDE8BD
:10304000F0414A2100F0AEBE14F078FFF2E780E0D4
:10305000887903287DD10CF0B7FE14F06FFF40791A
:103060004A280FD014F070FF394600F045FB14F0E9
:1030700065FF40794A2808D014F066FFBDE8F041AA
:1030800002F0BBBD14F05AFFEEE714F057FFF5E76E
:10309000887906285DD10CF097FE15F0E3FD2D2808
:1030A00015D16349012008700146022011F0BEFAD3
:1030B00015F0DEFD80680069846015F0D9FD806838
:1030C0000069C56015F0D4FD80680069467114F090
:1030D00035FF40794A2807D014F036FFBDE8F041AB
:1030E0005049093100F0E0B814F028FFF6E788797C
:1030F000062873D10CF068FE15F0B4FD2E2812D10D
:103100000121022011F092FA15F0B2FD80680069E9
:10311000846015F0ADFD80680069C56015F0A8FDFC
:1031200080680069467114F009FFBDE8F04100F0C5
:10313000D5B88879032851D10CF046FE14F0FEFE74
:1031400040794A2814D014F0FFFE394600F02EFBD7
:1031500003E043E012E055E042E014F0EFFE407976
:103160004A2808D014F0F0FEBDE8F04102F03EBD60
:1031700014F0E4FEE9E714F0E1FEF5E788790628AB
:1031800001D010282AD10CF01FFE15F06BFD482845
:1031900011D008DC03280ED038280CD03A280AD0E9
:1031A00047281BD107E0492805D04A2803D04C28DE
:1031B00001D04D2812D10121022011F037FA15F06B
:1031C00057FD80680069846015F052FD80680069D1
:1031D000C56015F04DFD806800694671BDE8F0815D
:1031E00088790628FAD10CF0EFFD15F03BFD372861
:1031F00011D015F037FD4E280DD015F033FD4B28BA
:1032000009D0EBE788790628E8D10CF0DDFD15F050
:1032100029FD0328E2D1BDE8F0410121022011F08F
:1032200005BA000054560020C7190208CB1902083D
:103230002C57002010B504000FD049B1487884F80D
:10324000B400087884F8B500B4F8B40030B106E0F2
:10325000012024F8B40F0A20608010BD0220A4F8D9
:10326000B400C87884F8B60088780D4984F8B700AF
:103270000020088094F8B600B4341CF015F834F837
:10328000B409012801D115F04FFAB4F8B63004F1B1
:10329000B800BDE8104003A20421FDF72DB90000DD
:1032A000125700202533640000280DD049B14A7818
:1032B00080F8B420097880F8B510B0F8B41021B1C6
:1032C00004E00121A0F8B41070470221A0F8B41066
:1032D00001490020088070471257002010B50028CF
:1032E0001BD00E484A2100F8451F032141700521DB
:1032F00081701D21C17000210171022141710821DD
:1033000000F8421C0548453009F0A0FC19F0FAF914
:10331000BDE81040162019F021BA10BD5456002007
:1033200010B5002824D013484A2200F8452F102257
:103330004270052282704422C27000220271022271
:103340004271042282710A0AC27101720A0E42722B
:10335000090C81720D2100F8421C0648453009F025
:1033600075FC19F0CFF9BDE810400B2019F0F6B943
:1033700010BD00005456002010B5002824D013487A
:103380004A2200F8452F1022427005228270342212
:10339000C2700022027102224271042282710A0A62
:1033A000C27101720A0E4272090C81720D2100F87D
:1033B000421C0648453009F049FC19F0A3F9BDE864
:1033C00010400B2019F0CAB910BD0000545600205F
:1033D00010B500281AD00E484A2200F8452F0622C0
:1033E0004270052282701D22C2700A0A0271417168
:1033F000082100F8421C0648453009F027FC19F066
:1034000081F9BDE81040172019F0A8B910BD0000DF
:103410005456002010B500281AD00E484A2200F851
:10342000452F06224270052282701E22C2700A0AAF
:1034300002714171082100F8421C0648453009F02C
:1034400005FC19F05FF9BDE81040182019F086B9A5
:1034500010BD00005456002070B518F0F1FE7D4CF0
:103460000B2804F108057DD021DC022850D0042867
:1034700079D0082866D00A2876D1A079032873D19C
:103480000CF0A2FC14F05AFD40790A2878D014F010
:103490005BFD294600F030F914F050FD40790A2810
:1034A00073D014F051FDBDE8704002F0A6BB0C28AB
:1034B00012D0122868D0132856D1A079062853D1EB
:1034C0000CF082FC15F0CEFB03284DD1BDE8704016
:1034D0000121022011F0AAB8A079032844D10A20C2
:1034E00001F0DCFF18F066FE14F028FD40790A2890
:1034F0000BD014F029FD294600F058F914F01EFDF8
:10350000BDE870400A2100F0F5BB14F017FDF2E7AA
:10351000A079032828D10CF057FC14F00FFD407956
:103520000A280CD014F010FD0022294600F0BEF845
:1035300014F004FDBDE870400A2100F0BFBB14F098
:10354000FDFCF1E7A07903286FD10CF03DFC14F0ED
:10355000F5FC40790A2810D014F0F6FC002100F0A8
:103560007FF803E034E013E05FE009E014F0E6FCEC
:10357000BDE870400A2100F015BC14F0DFFCEDE757
:1035800014F0DCFC85E700E050E014F0D7FC8AE79B
:10359000A079032849D10CF017FC14F0CFFC407936
:1035A0000A280FD014F0D0FC294600F0FFF814F0E0
:1035B000C5FC40790A2808D014F0C6FCBDE870406C
:1035C00002F014BB14F0BAFCEEE714F0B7FCF5E718
:1035D000A079062829D10CF0F7FB15F043FB47280A
:1035E0000DD006DC03280AD0382808D03A281CD190
:1035F00005E0482803D0492801D04A2815D10121E7
:10360000022011F013F815F033FB806812490069AD
:10361000816015F02DFB806810490069C16015F0CC
:1036200027FB806804210069417170BDA0790628DC
:10363000FBD10CF0C9FB15F015FB37283FF446AF62
:1036400015F010FB4E28F9D015F00CFB4B28F5D0E7
:1036500070BD000054560020C7190208CB1902089B
:1036600010B5002815D000222E2499B10B783033E4
:103670008377C4774B78303380F8203080F821206E
:103680008B78303300F81A3F4470C978303181703C
:10369000C27010BD31238377C477302180F82010A9
:1036A00080F8212000F81A3F4470F0E72DE9F0433C
:1036B00000281DD04C2400F8554F4FF0480C4FF017
:1036C0002D08442380F801C0432180F80280312571
:1036D000C3705F2601714F274FF0200945714AB131
:1036E00037228271C67101724772837280F80B9023
:1036F000BDE8F0833822F4E7002805D029B14A78E4
:1037000000F8662F0978417070473221A0F86610E2
:103710007047000010B500281FD001EB81004FF664
:10372000FF7101EA40010D4800F8452F0622427062
:10373000052282708622C2700A0A02714171082134
:1037400000F8421C0548453009F080FA18F0DAFF0D
:10375000BDE810400B2019F001B810BD54560020F0
:1037600010B500281FD001EB81004FF6FF7101EA70
:1037700040010D4800F8452F062242700522827054
:103780008522C2700A0A02714171082100F8421CA8
:103790000548453009F05AFA18F0B4FFBDE810406A
:1037A0000B2018F0DBBF10BD545600202DE9F04F60
:1037B0008BB00D464FF00001040000917ED0697877
:1037C00061F30700297861F30F20E97880B261F393
:1037D0000707A97861F30F27697961F3070629794B
:1037E00061F30F261CF05EFFDFF8A08341461CF05A
:1037F00043FEE066B8B21CF055FF41461CF03CFEAB
:10380000206730B207461CF035FFE1491CF034FE5A
:10381000A06638461CF005FB0022DE4B1CF010F9B8
:103820001CF020F8A067E87B60F30706A87B60F334
:103830000F2630B21CF01EFFC4F884001BF0C8FA3B
:10384000A8B1A06E1CF07EFDD34AD44B1CF050FBF7
:103850000022D34B1CF038F81CF004F8D149A066C4
:10386000884203DC4FF08441884200DAA1661BF0F5
:10387000A1F9002500B9E566207804F12A0B42077A
:1038800004F1300A04F1370904F14E0831D520F073
:1038900004002070206F6061A06E1CF053FDCDE924
:1038A0000001C1A206215846FCF726FEE06E1CF07E
:1038B00049FDCDE90001BEA2072100E016E0504617
:1038C000FCF71AFE206F1CF03DFDCDE90001B8A207
:1038D00007214846FCF710FEA06F1CF033FDCDE930
:1038E0000001B3A207214046FCF706FE0BB0BDE87D
:1038F000F08F216FA0681CF051FDA060E16EE068C0
:103900001CF04CFDE060A16E20691CF047FD2061B9
:10391000A16F00981CF042FD0090204600F076FF59
:10392000206F6061617904F19C0007900C30099070
:103930001838A14E03904A297ED1E079401CC0B2CC
:10394000E071032805D214F005FBB0F8B40002289A
:10395000F2D1E0791CF0A6FE0746394620691CF03A
:103960008BFD08903946E0681CF086FD06903946CC
:10397000A0681CF081FD0290394600981CF07CFD87
:1039800004901BF029F980B31BF0E6F902282DD32F
:10399000307848B1357003980CF05EFA07980CF057
:1039A0005BFA09980CF058FADDE902100CF087FA7E
:1039B000DDE906100CF083FADDE908100CF07FFA5F
:1039C000DDE903010CF07BFA09980CF05BFA089032
:1039D00003980CF057FA029007980CF053FA0690EF
:1039E00003980CF04FFA049002E0FFE701203070DA
:1039F000B4F8B40001280AD014F0A2FC07461BF06A
:103A0000F3F9401D874202D36C4805702DE0204633
:103A100001F097FF48BB08981CF094FCCDE9000129
:103A200061A206215846FCF767FD06981CF08AFC47
:103A30005FA2CDE9000100E01DE007215046FCF740
:103A40005BFD02981CF07EFCCDE9000158A2072125
:103A50004846FCF751FD04981CF074FCCDE90001C8
:103A600053A207214046FCF747FDE571A560E560DC
:103A700000202561009060790A287FF437AFE07953
:103A8000401CC0B2E0710328FFF430AF1CF00AFE06
:103A90000746394620691CF0EFFC08903946E0687B
:103AA0001CF0EAFC06903946A0681CF0E5FC029088
:103AB000394600981CF0E0FC07461BF08DF880B3F7
:103AC0001BF04AF902282DD3307848B1357003989D
:103AD0000CF0C2F907980CF0BFF909980CF0BCF98A
:103AE000DDE902100CF0EBF9DDE906100CF0E7F966
:103AF000DDE908100CF0E3F9394603980CF0DFF922
:103B000009980CF0BFF9089003980CF0BBF90290EB
:103B100007980CF0B7F9069003980CF0B3F9074634
:103B200002E0FFE701203070204601F00AFF38BBB9
:103B300008981CF007FCCDE900011BA2062158469D
:103B4000FCF7DAFC06981CF0FDFBCDE9000118A299
:103B500007215046FCF7D0FC02981CF0F3FBCDE99E
:103B6000000113A207214846FCF7C6FC38461CF0AA
:103B7000E9FBCDE900010EA207214046FCF7BCFCA1
:103B8000E571A560E5602561B0E600000000204118
:103B90000000C84200002440CDCCCCCCCCCCFC3FB3
:103BA0000000404000000C4325352E316600000027
:103BB00025362E3166000000205800202C570020AA
:103BC00010B5002819D00D4800F8452F0622427084
:103BD000052282701422C2700A0A02714171082102
:103BE00000F8421C0548453009F030F818F08AFD0D
:103BF000BDE81040122018F0B1BD10BD5456002091
:103C000010B500281AD00E4800F8451F0621417053
:103C1000052181701521C170002101717921417147
:103C2000082100F8421C0648453009F00FF818F04A
:103C300069FDBDE81040132018F090BD10BD0000D4
:103C40005456002010B5002819D00D4800F8452F13
:103C500006224270052282701022C2700A0A027186
:103C60004171082100F8421C0548453008F0EEFF7C
:103C700018F048FDBDE81040122018F06FBD10BDCF
:103C80005456002070B50C4C0825294604F8450F01
:103C9000032060700520A0700020E07020710648AD
:103CA000657104F8425D453008F0D0FF2570BDE82D
:103CB00070400C2018F052BD545600200C4810B52E
:103CC00000F8451F03214170052181700021C1705A
:103CD00001710821417100F8421C0548453008F087
:103CE000B5FF18F00FFDBDE81040082018F036BDF4
:103CF0005456002070B5002833D000230324052536
:103D0000184808224A2902D00A2910D01CE04A216A
:103D100080F8451080F8464080F84750C02180F870
:103D2000481080F84930102180F84A100CE00A2130
:103D300080F8451080F8464080F8475080F84830B9
:103D400080F8493080F84A20C27006481146453054
:103D500008F07CFF18F0D6FCBDE87040022018F097
:103D6000FDBC70BD5456002010B5002816D00C487C
:103D700000F8451F03214170052181700021C170A9
:103D800001710821417100F8421C0548453008F0D6
:103D90005DFFBDE81040042018F0E0BC10BD00003D
:103DA000545600200D4810B500F8451F03214170FE
:103DB000052181701021C170002101710121417123
:103DC000082100F8421C0548453008F03FFF18F074
:103DD00099FCBDE810400A2018F0C0BC54560020E1
:103DE00010B5002819D00D4800F8452F0622427062
:103DF000052282700722C2700A0A027141710821ED
:103E000000F8421C0548453008F020FF18F07AFC05
:103E1000BDE81040122018F0A1BC10BD545600207F
:103E200010B500281FD001EB81004FF6FF7101EAA9
:103E300040010D4800F8452F06224270052282708D
:103E40008822C2700A0A02714171082100F8421CDE
:103E50000548453008F0FAFE18F054FCBDE8104063
:103E60000B2018F07BBC10BD5456002010B5002864
:103E70001FD001EB81004FF6FF7101EA40010D48B0
:103E800000F8452F06224270052282708722C270F8
:103E90000A0A02714171082100F8421C05484530A8
:103EA00008F0D4FE18F02EFCBDE810400B2018F0EE
:103EB00055BC10BD5456002070B518F0C1F9744CB3
:103EC0000B2804F108056FD01FDC022850D004280D
:103ED00073D008286AD1A079042867D10BF074FF49
:103EE00014F02CF840795F2861D014F02DF82946A1
:103EF0001BF0ECF914F022F840795F285AD014F046
:103F000023F8BDE8704001F078BE0C2815D01228C7
:103F100073D013284AD1E0799C2847D1207A5128C0
:103F200044D10BF051FF14F09DFE03283ED1BDE8B3
:103F300070400121022010F079BBA079042835D10E
:103F40005F2001F0ABFA18F035F913F0F7FF407974
:103F50005F280AD013F0F8FF294600F013F913F098
:103F6000EDFFBDE8704000F0FFBA13F0E7FFF3E7A4
:103F7000A079042877D1E0790C2874D10BF024FFC4
:103F800013F0DCFF40795F280BD013F0DDFF0C222B
:103F900029461BF0B0F913F0D1FFBDE8704000F0E6
:103FA000C1BA13F0CBFFF2E72BE006E05BE013F0C1
:103FB000C5FF9CE713F0C2FFA3E7A079042852D104
:103FC000E0791C284FD10BF0FFFE13F0B7FF4079CA
:103FD0005F280FD013F0B8FF294600F0D3F813F094
:103FE000ADFF40795F2809D013F0AEFFBDE8704007
:103FF00001F0FCBD13F0A2FFEEE735E013F09EFFE9
:10400000F4E7A07910282ED1E0799C282BD10BF071
:10401000DBFE14F027FE43280FD008DC03280CD069
:1040200038280AD03A2808D042281CD105E0442874
:1040300003D0452801D0462815D10121022010F0D7
:10404000F5FA14F015FE806812490069816014F0D9
:104050000FFE806810490069C16014F009FE806895
:1040600004210069417170BDE0799C28FBD10BF0FF
:10407000ABFE14F0F7FD37283FF459AF14F0F2FD12
:104080004E28F9D014F0EEFD4128F5D070BD0000A7
:1040900054560020C7190208CB1902081CB50C465B
:1040A000002832D0684608F0AFFBDDE900010BF0D4
:1040B0006BFF164A5F2102F8451F102151709C21A9
:1040C00091706621D1700021117104215171082174
:1040D0009171010AD1711072010E5172000C90722F
:1040E000200AD0721473200E5073200C907307486E
:1040F000112102F8421C453008F0A8FD18F002FB1F
:10410000BDE81C400B2018F029BB1CBD54560020F4
:104110001CB50C46002832D0684608F075FBDDE976
:1041200000010BF031FF164A5F2102F8451F1021F4
:1041300051709C2191706A21D1700021117104216C
:10414000517108219171010AD1711072010E5172E1
:10415000000C9072200AD0721473200E5073200C41
:1041600090730748112102F8421C453008F06EFD9B
:1041700018F0C8FABDE81C400B2018F0EFBA1CBDBF
:10418000545600202DE9FE4F04007DD0487884F875
:104190007000087884F87100C87884F87200887814
:1041A00084F87300487904F8680F08796070C8795A
:1041B000A0708879E070487A2071087A6071C87AB6
:1041C000A071887AE071487B2073087B6073C87B9C
:1041D000A073887BE073487C2074087C6074C87C82
:1041E000A074887CE074487D2075087D6075C87D6A
:1041F000A075887DE075487E2076087E6076C87E52
:10420000A076887EE076683C1AF0E2FDA8B1A06E48
:104210001CF098F86B4A6C4B1BF06AFE00226B4B4B
:104220001BF052FB1BF01EFB6949A066884203DCB1
:104230004FF08441884200DAA166207804F12A0711
:10424000410704F1300604F1370526D520F00400BB
:104250002070206F6061A06E1CF074F8CDE9000141
:104260005CA206213846FCF747F9E06E1CF06AF8BC
:10427000CDE9000159A207213046FCF73DF9206F36
:104280001CF060F855A200E005E0CDE9000107212F
:104290002846FCF731F9BDE8FE8F216FA0681CF0BD
:1042A0007DF8A060E16EE0681CF078F8E060A16E37
:1042B00020691CF073F82061204600F0A7FA206FF7
:1042C0006061E079401CC0B2E0710328E3D31CF0C8
:1042D000E9F98046414620691CF0CEF8029041463B
:1042E000E0681CF0C9F883464146A0681CF0C4F899
:1042F00082461AF071FCDFF8EC904FF0000890B3A2
:104300001AF02AFD02282FD399F8001004F19C001E
:1043100001904A460C3804F1A809009051B182F886
:10432000008000980BF098FD01980BF095FD484631
:104330000BF092FD514600980BF0C1FD59460198D3
:104340000BF0BDFD484602990BF0B9FD48460BF055
:1043500099FD029000980BF095FD824601980BF0B4
:1043600091FD834603E0FFE7012189F80010204614
:1043700001F0E7FAE8B902981BF0E4FFCDE900018B
:1043800014A206213846FCF7B7F858461BF0DAFFAE
:10439000CDE9000111A207213046FCF7ADF85046E7
:1043A0001BF0D0FFCDE900010CA207212846FCF745
:1043B000A3F884F80780C4F80880C4F80C80C4F817
:1043C000108068E7CDCCCCCCCCCCFC3F000040408A
:1043D00000000C4325352E326600000025362E32B3
:1043E000660000002058002010B500281BD00E48A1
:1043F0005F2100F8451F062141709C2181705321E7
:10440000C1700021017101214171082100F8421C95
:104410000548453008F01AFC18F074F9BDE8104062
:10442000122018F09BB910BD5456002010B500287A
:104430001BD00E485F2100F8451F062141709C21CA
:1044400081705121C1700021017101214171082148
:1044500000F8421C0548453008F0F8FB18F052F906
:10446000BDE81040132018F079B910BD5456002053
:104470001CB50C46002832D0684608F0C5F9DDE9C5
:1044800000010BF081FD164A5F2102F8451F102143
:1044900051709C2191706E21D17000211171042105
:1044A000517108219171010AD1711072010E51727E
:1044B000000C9072200AD0721473200E5073200CDE
:1044C00090730748112102F8421C453008F0BEFBEA
:1044D00018F018F9BDE81C400B2018F03FB91CBDBE
:1044E0005456002070B50E4C5F20082504F8450F87
:1044F000042060707520A0706920E0700020207199
:1045000006206071064804F8425C2946453008F0F0
:104510009DFB04F8425CBDE870400C2018F01EB909
:104520005456002010B500281BD00E485F2100F81B
:10453000451F04214170752181704421C170002103
:10454000017102214171082100F8421C05484530E3
:1045500008F07CFB18F0D6F8BDE81040082018F0F1
:10456000FDB810BD5456002010B500281BD00E48D1
:104570005F2100F8451F04214170752181703021B1
:10458000C1700021017106214171082100F8421C0F
:104590000548453008F05AFB18F0B4F8BDE8104063
:1045A000022018F0DBB810BD5456002010B50028CA
:1045B00019D00D485F2100F8451F04214170752175
:1045C00081706921C170002101710E2141710821A2
:1045D00000F8421C0448453008F038FBBDE81040A4
:1045E000042018F0BBB810BD545600201CB50C4672
:1045F000002832D0684608F007F9DDE900010BF029
:10460000C3FC164A5F2102F8451F102151709C21FE
:1046100091707221D1700021117104215171082112
:104620009171010AD1711072010E5172000C9072D9
:10463000200AD0721473200E5073200C9073074818
:10464000112102F8421C453008F000FB18F05AF81E
:10465000BDE81C400B2018F081B81CBD545600204A
:104660001CB50C46002832D0684608F0CDF8DDE9CC
:1046700000010BF089FC164A5F2102F8451F10214A
:1046800051709C2191706021D17000211171042121
:10469000517108219171010AD1711072010E51728C
:1046A000000C9072200AD0721473200E5073200CEC
:1046B00090730748112102F8421C453008F0C6FAF1
:1046C00018F020F8BDE81C40122018F047B81CBDB7
:1046D000545600201CB50C46002832D0684608F01D
:1046E00093F8DDE900010BF04FFC164A5F2102F858
:1046F000451F102151709C2191707621D1700021AD
:1047000011710421517108219171010AD171107246
:10471000010E5172000C9072200AD0721473200E98
:104720005073200C90730748112102F8421C453049
:1047300008F08CFA17F0E6FFBDE81C400B2018F0DB
:104740000DB81CBD545600201CB500282BD068465F
:1047500008F05AF8DDE900010BF016FC124A5F215F
:1047600002F8451F102151709C2191706421D17075
:10477000002111710221517104219171010AD1713D
:104780001072010E5172000C907207480D2102F850
:10479000421C453008F05AFA17F0B4FFBDE81C403F
:1047A000122017F0DBBF1CBD5456002030B5034665
:1047B0004FF6FF704AF201040CE013F8012B504051
:1047C0000022C50702D084EA500000E04008521CD5
:1047D000082AF6D3491E89B2EFD230BD30B505465E
:1047E0000C46881E81B22846FFF7E0FF2919C3B2A4
:1047F00011F8022C9A4206D111F8011CB1EB102FCE
:1048000001D1012030BD002030BD00002DE9F0476E
:10481000002504462F4614F025FADFF8CC923828FC
:1048200074D014F01FFA392870D014F01BFA3E2807
:104830006CD014F017FA3F2868D014F013FA40280F
:1048400064D014F00FFA4F2860D014F00BFA5028FF
:104850005CD014F007FA512858D014F003FA562807
:1048600054D014F0FFF9522850D014F0FBF93C2832
:104870004CD014F0F7F93D2848D014F0F3F947284C
:1048800044D014F0EFF94C2840D014F0EBF948284C
:104890003CD014F0E7F9492838D014F0E3F94D285A
:1048A00034D014F0DFF94A2830D014F0DBF9412875
:1048B0002CD014F0D7F9422828D014F0D3F943288B
:1048C00024D014F0CFF9442820D014F0CBF9452897
:1048D0001CD014F0C7F9462818D014F0C3F9532897
:1048E00014D014F0BFF9542810D014F0BBF9552897
:1048F0000CD017F09FFC7D4E0C2825D2DFE800F08D
:10490000161D3E454C535A616870777E0BF0ACF82B
:104910004946D9F8040001F014F8002804D048688A
:10492000017821F008010170BDE8F0871AF016F84F
:1049300056F820501AF05AF805E01AF039F856F8EF
:1049400020501AF07DF807464FF00008012FEBD1F8
:104950006169206F1BF0F6FF1BF0F4FC0022064695
:104960000F4613461BF0C2FB414658D82171A07870
:10497000A8B36078401C6070A17059E01AF012F87A
:1049800056F820501AF056F8DDE719F0F9FF56F8FE
:1049900020501AF03DF8D6E719F0E6FF56F82050FF
:1049A0001AF02AF8CFE719F0F7FF56F820501AF05E
:1049B0003BF8C8E719F0EAFF56F820501AF02EF835
:1049C000C1E719F0D7FF56F820501AF01BF8BAE7E4
:1049D00019F0B2FF56F8205019F0F6FFB3E714E0D3
:1049E00019F0B6FF56F8205019F0FAFFABE719F0AE
:1049F0009DFF56F8205019F0E1FFA4E719F0A2FF3F
:104A000056F8205019F0E6FF9DE7E078401CC0B250
:104A1000E0700328B0D36170E1702171ACE7E17000
:104A2000A078012816D06078401C60700120A0702A
:104A300028461BF087FC02460B46304627F0004113
:104A40001BF054FB10D884F8018084F8038084F8AC
:104A5000048069E72079401CC0B220710328E5D3A7
:104A60006170E1702171E1E760780328F1D384F887
:104A700001801AF0F9F888B3207800072ED4D9F80D
:104A8000040061794D464079884204D117F0D2FB89
:104A900015F04EFE1EE0144E083606F10807706849
:104AA00042798A420AD168603078287017F0C2FBD8
:104AB00015F03EFE7868686038780AE078686860CB
:104AC0003878287017F0B6FB15F032FE7068686011
:104AD00030782870012108460FF0A8FD207840F0BA
:104AE0000800207020E7000024580020942B0208C2
:104AF00070B517F0A5FB7F4C801E04F10805122845
:104B00006FD2DFE800F01AD672D691D636D6D6AC80
:104B100009D651D6D6D6D7E5A079042861D1602030
:104B200000F0BCFC17F046FB73490020087013F03E
:104B300005FABDE8704000F027BBA079042850D1E9
:104B4000E0790C284DD10BF03FF913F0F7F94079DB
:104B500060280BD013F0F8F90C2229461AF0CBFB91
:104B600013F0ECF9BDE8704000F0ECBA13F0E6F990
:104B7000F2E7A079042834D1E079022831D10BF092
:104B800023F913F0DBF9407960280AD013F0DCF93F
:104B900029461AF09BFB13F0D1F9BDE8704000F0F4
:104BA00093BA13F0CBF9F3E7A079032819D10BF0EE
:104BB0000BF913F0C3F9407960280FD013F0C4F952
:104BC000294600F09FF813F0B9F94079602809D020
:104BD00013F0BAF9BDE8704001F00FB813F0AEF968
:104BE000EEE766E013F0AAF9F4E7A079042860D1B3
:104BF000E07908285DD10BF0E7F813F09FF94079D0
:104C0000602805D013F0A0F9294600F083F81DE0D4
:104C100013F094F9F8E713F091F901E013F094F927
:104C2000BDE8704000F0E2BFA079042841D1E079EE
:104C300004283ED10BF0C8F813F080F940796028C1
:104C40000AD013F081F9294600F0ACF913F076F997
:104C500040796028E2D1DEE713F070F9F3E7A0793C
:104C6000102826D1E0799C2823D10BF0ADF813F061
:104C7000F9FF522801D056281BD1012102200FF044
:104C8000D5FC13F0F5FF80681C49006900690069D4
:104C9000816013F0EDFF80681949006900690069BF
:104CA000C16013F0E5FF80680421006900690069B4
:104CB000417170BDE0799C28FBD10BF085F813F0B1
:104CC000D1FF372810D013F0CDFF2A280CD070BDAB
:104CD000E0799C28FBD1207A5128F8D10BF074F8A8
:104CE00013F0C0FF0328F2D1BDE87040012102207B
:104CF0000FF09CBC545600202C550020C719020808
:104D0000CB190208002804D04A7800F8662F0978E9
:104D1000417070472DE9F04F85B004006DD04878A0
:104D200084F87000087884F87100C87884F87200FC
:104D3000887884F87300487984F86800087984F8E2
:104D40006900C87984F86A00887984F86B000026C5
:104D5000E6661AF03DF8A8B1A06E1BF0F3FA844A9B
:104D6000844B1BF0C5F80022834B1AF0ADFD1AF0FE
:104D700079FD8249A066884203DC4FF08441884275
:104D800000DAA1662078DFF8F8A104F137014207C4
:104D900004F12A0804F13007CAF1000B04913FD551
:104DA00020F004002070206F6061A06E1BF0CAFA32
:104DB000CDE9000173A206214046FBF79DFBE06EA2
:104DC0001BF0C0FACDE900016EA207213846FBF7BF
:104DD00093FB206F10F1FF4F01D2504504DB00EB35
:104DE0000B01B1F1D47F0BD21BF0ACFACDE900017D
:104DF00066A207210498FBF77FFB05B0BDE8F08FA2
:104E00006449421864498A42F7D21BF013FC0346F6
:104E1000049805B061A2BDE8F04F0721FBF76CBB19
:104E2000216FA0681BF0BAFAA060E16EE0681BF089
:104E3000B5FAE060A16E20691BF0B0FA206120464F
:104E4000FFF7E4FC206F6061E079401CC0B2E071C4
:104E50000328D2D31BF026FC0546294620691BF007
:104E60000BFB01902946E0681BF006FB02902946E7
:104E7000A0681BF001FB054619F0B4FEDFF8209195
:104E800088B319F06FFF02282ED399F8001004F1AF
:104E90009C0003904A460C3804F1A809009049B1DF
:104EA000167000980AF0D8FF03980AF0D5FF48461C
:104EB0000AF0D2FF294600980BF001F8DDE9021054
:104EC0000AF0FDFF484601990AF0F9FF48460AF04A
:104ED000D9FF019000980AF0D5FF054603980AF023
:104EE000D1FF029003E0FFE7012189F8001020467E
:104EF00000F027FD38BB01981BF024FACDE9000132
:104F000020A206214046FBF7F7FA02981BF01AFA96
:104F1000CDE900011BA207213846FBF7EDFA15F198
:104F2000FF4F01D2554504DB05EB0B00B0F1D47FF8
:104F30000AD228461BF006FACDE9000113A2072188
:104F40000498FBF7D9FA0DE012482918124881425B
:104F500008D228461BF06EFB034610A207210498D6
:104F6000FBF7CAFAE671A660E660266145E7000035
:104F7000CDCCCCCCCCCCFC3F0000404000000C435E
:104F80000000204125352E326600000025352E31E7
:104F900066000000000038BD00A044032535640011
:104FA000205800201CB5040019D0487884F87400FB
:104FB000087884F87500C87884F87600887884F8D2
:104FC00077000749606F1BF0B5FB1BF0BBF9CDE91B
:104FD000000104A2082104F14600FBF78DFA1CBD74
:104FE00000007A4425352E326600000010B50028F6
:104FF0001BD00E48602100F8451F062141709C21FE
:1050000081705121C170002101710121417108217C
:1050100000F8421C0548453007F018FE17F072FBF7
:10502000BDE81040132017F099BB10BD5456002066
:105030007CB50C46050044D0684607F0E5FBDDE989
:1050400000010AF0A1FF1F4A6023102182F84530B9
:1050500082F84610B5F866109C25B1F5807F2BD0FC
:10506000A1F57063FF3B04D182F84750682182F8B4
:105070004810002102F8491F042151700821917045
:10508000010AD1701071010E5171000C9071200A4B
:10509000D0711472200E5072200C907209481121A8
:1050A00002F8461C453007F0D1FD17F02BFBBDE898
:1050B0007C400B2017F052BB82F8475082F84830F2
:1050C000D7E77CBD5456002010B500281BD00E48F1
:1050D000602100F8451F032141709C2181704E2101
:1050E000C1700021017101214171082100F8421CA9
:1050F0000548453007F0AAFD17F004FBBDE8104055
:105100000E2017F02BBB10BD545600200C4810B5D4
:10511000602100F8451F04214170752282706922C8
:10512000C270002202714171082100F8421C04483B
:10513000453007F08BFDBDE810400C2017F00EBB8A
:105140005456002010B500281BD00E48602100F8EE
:10515000451F04214170752181704521C1700021D6
:10516000017101214171082100F8421C05484530B8
:1051700007F06CFD17F0C6FABDE81040082017F0E4
:10518000EDBA10BD5456002010B500281BD00E48B3
:10519000602100F8451F0421417075218170302184
:1051A000C1700021017106214171082100F8421CE3
:1051B0000548453007F04AFD17F0A4FABDE8104055
:1051C000022017F0CBBA10BD5456002010B50028AD
:1051D00018D00D486021752200F8451F0421417048
:1051E00082706922C270002202714171082100F8A8
:1051F000421C0548453007F029FDBDE81040042059
:1052000017F0ACBA10BD00005456002010B50028AD
:1052100019D00D48602100F8451F04214170752107
:1052200081707821C1700021017102214171082132
:1052300000F8421C0448453007F008FDBDE8104066
:10524000062017F08BBA10BD5456002010B5002868
:105250001AD00E48602200F8452F062242709C2288
:1052600082704E22C2700A0A02714171082100F850
:10527000421C0648453007F0E9FC17F043FABDE848
:105280001040122017F06ABA10BD000054560020DA
:105290007CB50C46050043D0684607F0B5FADDE959
:1052A00000010AF071FE1F4A60219C2382F845101C
:1052B000102182F84610B5F86610B1F5807F2BD02A
:1052C000A1F57065FF3D04D182F847306C2182F86A
:1052D0004810002102F8491F0421517008219170E3
:1052E000010AD1701071010E5171000C9071200AE9
:1052F000D0711472200E5072200C90720948112146
:1053000002F8461C453007F0A1FC17F0FBF9BDE898
:105310007C400B2017F022BA82F847306421D6E790
:105320007CBD00005456002010B5002827D0144A38
:1053300040F8681F602102F8451F102151709C2120
:1053400091705721D17000211171022151710421F6
:1053500091714178D17101781172C1785172807860
:10536000907207480D2102F8421C453007F06EFC90
:1053700017F0C8F9BDE81040122017F0EFB910BDC2
:10538000545600204FF461710148FBF72EBA00001B
:105390003A78002010B50E4C6421207820F00700E8
:1053A000207004F12800FBF742FA0020C4F8050041
:1053B000C4F80900A4F80D00E07320616061A061E9
:1053C000A4F80300E06120626062A4F8010010BD4F
:1053D000305700200248002101614161816170471E
:1053E0003057002064210148FBF721BA58570020AC
:1053F00002480021C16101624162704730570020BC
:10540000014813F017BC0000B05500200D48A0F172
:105410009002C168D161002905D00878430703D5FF
:1054200040F0010008707047D0690069D0610378CE
:105430005B0704D5017841F001010170704781429A
:10544000F2D17047B0550020014803F002BB0000C4
:10545000A45A0020014803F0FCBA00001C5A0020A6
:10546000014803F0F6BA0000605A002030B590F809
:10547000404004F01C050124AC40C56B6C6004681E
:1054800063604368102B036803D099600068C260B2
:1054900030BD9A600068C16030BD00002DE9F04168
:1054A00006460C25BC20FAF7FDFE04007CD0002740
:1054B000C4F8907004F18000C4F89470C4F8987037
:1054C000C761076247628762C7620763212E31D0D6
:1054D00012DC30461C2E68D2DFE806F06749A6676A
:1054E00068682C2C89C388498967676767C367A682
:1054F0006767672C676767885B2E57D010DC342E90
:1055000071D006DC222E6FD0242E6ED0252E4CD1E9
:10551000E1E04A2E6AD0512E0CD05A2EF7D109E084
:10552000A6F15C000828D6D2DFE800F0217EB86042
:10553000F33FF2F33346CBA2062104F12200FAF73F
:10554000DBFF002519F054FB00282ED019F010FCC9
:10555000014604F190000AF09FFC19F009FC014695
:1055600004F19C000AF098FC19F002FC44E1334677
:10557000BEA2062104F12200FAF7BEFF012519F0B0
:1055800061FB0028E1D019F01DFC014604F19000F8
:105590000AF082FC19F016FC014604F19C000AF0A6
:1055A0007BFC19F00FFC27E153E119E13346B1A26E
:1055B000072104F12200FAF79FFF022519F03CFBB6
:1055C0000028C2D019F0F8FB014604F190000AF05F
:1055D00063FC19F0F1FB014604F19C000AF05CFC4D
:1055E00019F0EAFB08E11FE058E093E0E7E003462A
:1055F000A3A2062104F12200FAF77EFF032519F089
:1056000009FB0028A1D019F0C5FB014604F1900068
:105610000AF042FC19F0BEFB014604F19C000AF0BE
:105620003BFC19F0B7FBE7E0334698A2072104F1F1
:105630002200FAF761FF042519F0E0FA002884D06F
:1056400019F09CFB014604F190000AF025FC19F0CA
:1056500095FB014604F19C000AF01EFC19F08EFB3C
:10566000CAE003468BA2072104F12200FAF744FFA7
:10567000052519F0DBFA002884D019F097FB0146C4
:1056800004F190000AF008FC19F090FB014604F1C7
:105690009C000AF001FC19F089FBADE0334680A2C2
:1056A000082104F12200FAF727FF062519F0B8FABD
:1056B000002886D019F074FB014604F190000AF02E
:1056C000EBFB19F06DFB014604F19C000AF0E4FBD2
:1056D00019F066FB90E0334674A2052104F1220024
:1056E000FAF70AFF072519F08FFA002878D019F089
:1056F0004BFB014604F190000AF0CEFB19F044FB8D
:10570000014604F19C000AF0C7FB19F03DFB73E071
:1057100039E01CE0334667A2062104F12200FAF7C3
:10572000EBFE082519F052FA00286AD019F00EFB9A
:10573000014604F190000AF0AFFB19F007FB0146A7
:1057400004F19C000AF0A8FB19F000FB54E033467A
:105750005BA2072104F12200FAF7CEFE092519F019
:1057600041FAE8B319F0FEFA014604F190000AF09C
:1057700093FB19F0F7FA014604F19C000AF08CFB48
:1057800019F0F0FA38E0334650A2072104F1220064
:10579000FAF7B2FE0A2519F013FA08B319F0D0FA95
:1057A000014604F190000AF077FB19F0C9FA0146AE
:1057B00004F19C000AF070FB19F0C2FA1CE03346B9
:1057C00045A2072104F12200FAF796FE0B2519F0F5
:1057D00003FA28B119F0C0FA014604F1900000E084
:1057E0000FE00AF059FB19F0B7FA014604F19C00EA
:1057F0000AF052FB19F0B0FA014604F1A8000AF0D1
:105800004BFB84F861702078314620F00B0040F0AB
:105810000400207066712767E7662046A76601F0DE
:10582000DFF9204601F010FA202084F82A00302009
:1058300084F82B002E2184F82C1084F82D0084F895
:105840002E00284884F82F70416821B11030446040
:105850000570BDE8F081234908314C6044600D704B
:10586000F6E70000444F20253032640070482025C0
:10587000303264005475722025303264000000001C
:1058800046434C202530326400000000454320256B
:10589000303264004F525020253032640000000046
:1058A0004E48334E2025303264000000462D20251E
:1058B00030326400434C2D2025303264000000005B
:1058C00043686C202530326400000000426761208C
:1058D0002530326400000000434F442025303264FC
:1058E00000000000245800200248002141600C21E3
:1058F000017070472C5800200248002141600C21A3
:10590000017070473458002000224FF07E5100F0A3
:1059100062BC00000248002141600C210170704708
:105920002458002008687047D0F880007047C06E87
:105930007047006F70470078C0F340007047C06F39
:1059400070470078C0F3C0007047000070B516F0D3
:1059500077FCA34C142804F1080571D2DFE800F0AD
:1059600070A61870B2707070357050D50A7074F9E6
:105970008FF8F7F6A079032862D15120FFF78EFD4A
:1059800016F018FC12F0DAFABDE8704000F0A8BB7F
:10599000A079032854D1E0790E2851D10AF014FAE5
:1059A00012F0CCFA407951280CD012F0CDFA8C4983
:1059B0000C22093100F064F912F0C0FABDE8704021
:1059C00000F06CBB12F0BAFAF1E7A079032837D1E6
:1059D000E079042834D10AF0F7F912F0AFFA4079EF
:1059E00051280AD012F0B0FA294600F030F912F02E
:1059F000A5FABDE8704000F0F1BA12F09FFAF3E7A3
:105A0000A07903281CD1E079082819D10AF0DCF923
:105A100012F094FA407951280FD012F095FA2946E5
:105A200000F0F2F812F08AFA4079512809D012F009
:105A30008BFABDE8704000F0E0B812F07FFAEEE7B4
:105A400083E012F07BFAF4E7A07903287DD1E079B6
:105A500004287AD10AF0B8F912F070FA4079512886
:105A60000AD012F071FA294600F022F912F066FA13
:105A7000BDE8704000F0F0BA12F060FAF3E7A079E8
:105A8000032873D1E079042870D10AF09DF912F04F
:105A900055FA4079512806D012F056FA2946BDE849
:105AA000704000F0C8B812F049FAF7E7E079302802
:105AB0005CD10AF089F912F041FA847912F03EFAC9
:105AC000447187E0A079032850D1E0790C284DD1AA
:105AD0000AF07AF912F032FA407951280FD012F018
:105AE00033FA294600F05CF912F028FA407951287F
:105AF00008D012F029FABDE8704000F077B812F033
:105B00001DFAEEE712F01AFAF5E7A07910282DD168
:105B1000E07911282AD10AF057F913F0A3F80328E5
:105B200004D0382806D03A2820D103E001210220F1
:105B30000EF07CFD012102200EF078FD13F098F8A4
:105B4000806828490069816004E00FE036E00EE0DB
:105B50001AE026E013F08CF8806823490069C160E0
:105B600013F086F8806804210069417170BDA07946
:105B70001028FBD1E0797628F8D10AF025F913F046
:105B800071F8372826D070BDA0791028FBD1E079B4
:105B90002428F8D10AF018F913F064F8112819D064
:105BA00070BDA0791028FBD1E0791528F8D10AF052
:105BB0000BF913F057F812280CD070BDE0790028CB
:105BC000FBD1607AFC28F8D10AF0FEF813F04AF80D
:105BD0000328F2D1BDE87040012102200EF026BD5D
:105BE00054560020C7190208CB190208002803D018
:105BF000017841F0020101707047002803D001785C
:105C000041F001010170704710B5002812D0002248
:105C100084188B5C521CD2B284F87C30042AF7D3EF
:105C20000022091D84188B5C521CD2B284F880308B
:105C3000042AF7D310BD002808D00A7800F8882F6E
:105C40004A7842708A788270C978C170704710B5FE
:105C5000002814D00A782E2430328277C4774A780C
:105C6000303280F82020002280F821208B783033D9
:105C700000F81A3F4470C97830318170C27010BD8D
:105C800030B5002813D0002305E0CC5CC5185B1CA0
:105C900085F85540DBB29342F7D390F85510482968
:105CA00005D190F85610462901D10121017630BD69
:105CB000002808D00A7800F8842F4A7842708A7841
:105CC0008270C978C1707047017841F00801017095
:105CD0007047017821F00801017070472DE9F0410B
:105CE0000746046818F010FE1AF02CFB05460E4615
:105CF00008F0CEFB2A46334619F0E6FD19F0B2FD56
:105D0000054619F017F806463868002840D0207874
:105D1000204FC0073CD02846D4F888101AF012FE55
:105D200020F000401C491AF0D1FD02D816F052FABA
:105D3000C8B13046D4F884101AF004FE20F00040B8
:105D400016491AF0C3FD23D816F044FA00281FD1D3
:105D500078684179512916D05A2919D13146BDE8C0
:105D6000F04100F0AFBE78684179512906D05A2938
:105D70000ED12946BDE8F04100F076BE2946BDE8C7
:105D8000F04100F061BA3146BDE8F04100F08ABA56
:105D9000BDE8F081245800209A99993EBD37863598
:105DA0002DE9FF5F040067D000202318401C11F884
:105DB000012BC0B283F868200428F6D300202318F2
:105DC000401C11F8012BC0B283F86C200428F6D3D4
:105DD00000202318401C11F8012BC0B283F870205A
:105DE0000428F6D318F0F4FFA8B1A06E1AF0AAFAAE
:105DF0006F4A704B1AF07CF800226F4B19F064FD6B
:105E000019F030FD6D49A066884203DC4FF08441F3
:105E1000884200DAA1662078694E420704F12A0917
:105E200004F1300804F1370528D520F00400207073
:105E3000206F6061A06E1AF085FACDE9000161A2C1
:105E400006214846FAF758FBE06E1AF07BFA00226A
:105E500033461AF04DF8CDE900015CA20721404617
:105E6000FAF74AFB206F1AF06DFACDE9000157A24C
:105E700007212846FAF740FBBDE8FF9F216FA06885
:105E80001AF08CFAA060E06E1AF05CFA0022334639
:105E90001AF02EF806460F46E0681AF053FA32461A
:105EA0003B4619F011FD19F0DDFCE060A16E2069A0
:105EB0001AF074FA20612046FEF7A8FC206F60619A
:105EC000E079401CC0B2E0710328D5D31AF0EAFB98
:105ED0000646314620691AF0CFFA83463146E0681B
:105EE0001AF0CAFA82463146A0681AF0C5FA029042
:105EF00018F07EFE374F002678B318F039FF0228DD
:105F00002CD3397804F19C0001900C3803901830A0
:105F1000009049B13E70039809F09EFF019809F086
:105F20009BFF009809F098FFDDE9021009F0C7FF18
:105F30005146019809F0C3FF5946009809F0BFFF88
:105F4000009809F09FFF8346039809F09BFF029099
:105F5000019809F097FF824602E0FFE701203870C0
:105F60002078C0F3C000E8B958461AF0EBF9CDE943
:105F7000000114A206214846FAF7BEFA50461AF06C
:105F8000E1F9CDE9000111A207214046FAF7B4FA80
:105F900002981AF0D7F9CDE900010CA20721284692
:105FA000FAF7AAFAE671A660E660266164E70000E7
:105FB000CDCCCCCCCCCCFC3F0000404000000C430E
:105FC0000000594025352E316600000025362E325E
:105FD00066000000205800200120704710B50028FE
:105FE0001AD00E48512100F8451F0321417011219C
:105FF00081700021C170017104214171082100F8F4
:10600000421C0648453006F021FE16F07BFBBDE839
:1060100010400A2016F0A2BB10BD0000545600200C
:106020000C4810B5512100F8451F0321417026216D
:1060300081700021C170017106214171082100F8B1
:10604000421C0448453006F001FEBDE810400C201B
:1060500016F084BB5456002010B500281AD00E4804
:10606000512100F8451F0321417024218170002136
:10607000C170017102214171082100F8421C0648DB
:10608000453006F0E3FD16F03DFBBDE81040102062
:1060900016F064BB10BD00005456002010B5002857
:1060A0001AD00E48512100F8451F032141700721E5
:1060B00081700021C170017102214171082100F835
:1060C000421C0648453006F0C1FD16F01BFBBDE83A
:1060D0001040082016F042BB10BD000054560020AE
:1060E00010B500281AD00E48512100F8451F032191
:1060F0004170092181700021C17001710721417136
:10610000082100F8421C0648453006F09FFD16F0B5
:10611000F9FABDE81040022016F020BB10BD0000C7
:106120005456002010B5002818D00D48512100F811
:10613000451F03214170262181700021C17001712A
:1061400006214171082100F8421C0548453006F03F
:106150007DFDBDE81040042016F000BB10BD00001E
:106160005456002070B50C4605002ED020090A2890
:1061700001D3373000E0303004F00F0285F82500FD
:106180000A2A01D3373200E0303285F826200F4A40
:106190005120012102F8450F1020507030209070DE
:1061A0000020D0701071517102219171D471107260
:1061B00006480B2102F8421C453006F047FD16F058
:1061C000A1FA012016F0CAFAAC7170BD5456002035
:1061D000C16700F005B8C0E91F1200F001B8000067
:1061E00010B500282CD0174A5121002302F8451F72
:1061F0001021517011219170D370137104235371C8
:106200000823937110F87C3FD3714378137283781D
:106210005372C37893720379D3724379137383797A
:106220005373C0799073074802F8421C453006F05A
:106230000DFD16F067FABDE810400B2016F08EBA7F
:1062400010BD00005456002010B5002826D0144A76
:1062500040F8881F512102F8451F10215170242158
:1062600091700021D170117102215171042191713D
:106270000178D1714178117281785172C078907231
:1062800007480D2102F8421C453006F0DFFC16F0ED
:1062900039FABDE81040112016F060BA10BD0000B8
:1062A0005456002010B5002826D0144A40F8841F08
:1062B000512102F8451F10215170152191700021C4
:1062C000D170117102215171042191710178D17144
:1062D0004178117281785172C078907207480D210F
:1062E00002F8421C453006F0B1FC16F00BFABDE88E
:1062F00010400F2016F032BA10BD00005456002096
:1063000010B5002826D0144A40F8681F512102F821
:10631000451F10215170762191700021D1701171AB
:1063200002215171042191710178D171417811726A
:1063300081785172C078907207480D2102F8421C92
:10634000453006F083FC16F0DDF9BDE81040122060
:1063500016F004BA10BD00005456002070B515F0B8
:106360006FFF9B4C801E04F10805122875D2DFE8F0
:1063700000F01AF18CF1ABF136F1F1C609F159F5E3
:1063800075F4F6F2A079042867D15A20FFF786F851
:1063900015F010FF8F490020087011F0CFFDBDE807
:1063A000704000F01FBBA079042856D1E0790C287A
:1063B00053D109F009FD11F0C1FD40795A280BD0E5
:1063C00011F0C2FD0C22294618F095FF11F0B6FD20
:1063D000BDE8704000F0E4BA11F0B0FDF2E7A0793A
:1063E00004283AD1E079022837D109F0EDFC11F008
:1063F000A5FD40795A280FD011F0A6FD294618F0C6
:1064000065FF11F09BFD40795A2808D011F09CFDE2
:10641000BDE87040FFF7F1BB11F090FDEEE711F021
:106420008DFDF5E7A079032817D1E079042814D170
:1064300009F0CAFC11F082FD40795A280AD011F007
:1064400083FD294600F0D8F811F078FDBDE87040D2
:1064500000F084BA11F072FDF3E77BE0A079032825
:1064600078D1E079042875D109F0AEFC11F066FD11
:1064700040795A2806D011F067FD2946BDE87040E2
:1064800000F0AEB811F05AFDF7E7A079042861D109
:10649000E07908285ED109F097FC11F04FFD4079B2
:1064A0005A2805D011F050FD294600F0B1F81DE042
:1064B00011F044FDF8E711F041FD01E011F044FD59
:1064C000BDE87040FFF792BBA079042842D1E07983
:1064D00004283FD109F078FC11F030FD40795A28AA
:1064E0000AD011F031FD294600F09CF911F026FD8B
:1064F00040795A28E2D1DEE711F020FDF3E7A079D8
:10650000102827D1E0799C2824D109F05DFC12F0F5
:10651000A9FB032804D0382806D03A281AD103E072
:10652000012102200EF082F8012102200EF07EF8F7
:1065300012F09EFB806828490069816012F098FB88
:10654000806826490069C16012F092FB8068016989
:106550000420487170BD29E001E00DE019E0A07948
:106560001028F7D1E0799C28F4D109F02DFC12F025
:1065700079FB372826D0EDE7A0791028EAD1E07919
:106580009C28E7D109F020FC12F06CFB112819D0EF
:10659000E0E7A0791028DDD1E0799C28DAD109F074
:1065A00013FC12F05FFB12280CD0D3E7E0799C2893
:1065B000D0D1207A5128CDD109F006FC12F052FB3F
:1065C0000328C7D1BDE87040012102200EF02EB88B
:1065D000545600202C550020C7190208CB19020878
:1065E000002808D04A7800F8882F0A784270CA78C4
:1065F00082708978C1707047002808D04A7800F806
:10660000842F0A784270CA7882708978C170704786
:106610002DE9FE4F04005CD0487884F870000878BB
:1066200084F87100C87884F87200887884F8730060
:10663000487984F86800087984F86900C87984F892
:106640006A00887984F86B0018F0C2FBA8B1A06ECC
:1066500019F078FE6A4A6B4B19F04AFC00226A4B2B
:1066600019F032F919F0FEF86849A066884203DC97
:106670004FF08441884200DAA166207804F12A07AD
:10668000410704F1300604F1370524D520F0040059
:106690002070206F6061A06E19F054FECDE90001FA
:1066A0005BA206213846F9F727FFE06E19F04AFE93
:1066B000CDE9000158A207213046F9F71DFF206FF0
:1066C00019F040FECDE9000153A207212846F9F751
:1066D00013FFBDE8FE8F216FA06819F05FFEA06078
:1066E000E16EE06819F05AFEE060A16E206919F0D1
:1066F00055FE20612046FEF789F8206F6061E07941
:10670000401CC0B2E0710328E3D319F0CBFF8046F0
:106710004146206919F0B0FE02904146E06819F048
:10672000ABFE83464146A06819F0A6FE824618F0EB
:106730005FFADFF8EC904FF0000890B318F018FB08
:1067400002282FD399F8001004F19C0001904A46CA
:106750000C3804F1A809009051B182F8008000982B
:1067600009F07AFB019809F077FB484609F074FBC1
:106770005146009809F0A3FB5946019809F09FFB88
:106780004846029909F09BFB484609F07BFB0290C2
:10679000009809F077FB8246019809F073FB834665
:1067A00003E0FFE7012189F800102046FFF7C9F850
:1067B000E8B9029819F0C6FDCDE9000114A206213E
:1067C0003846F9F799FE584619F0BCFDCDE90001AD
:1067D00011A207213046F9F78FFE504619F0B2FD9D
:1067E000CDE900010CA207212846F9F785FE84F8BF
:1067F0000780C4F80880C4F80C80C4F8108068E7EB
:10680000CDCCCCCCCCCCFC3F0000404000000C43B5
:1068100025352E326600000025362E326600000037
:1068200020580020002808D04A7800F86C2F0A78F9
:106830004270CA7882708978C170704710B500289C
:106840001BD00E485A2100F8451F062141709C219B
:1068500081705121C1700021017101214171082114
:1068600000F8421C0548453006F0F0F915F04AFFE3
:10687000BDE81040132015F071BF10BD5456002024
:106880001CB500282BD0684605F0BEFFDDE90001ED
:1068900009F07AFB124A5A2102F8451F1021517063
:1068A0009C2191707A21D1700021117102215171C6
:1068B00004219171010AD1711072010E5172000C04
:1068C000907207480D2102F8421C453006F0BEF9CF
:1068D00015F018FFBDE81C400B2015F03FBF1CBD94
:1068E0005456002010B5002819D00D485A2100F840
:1068F000451F04214170752181707721C1700021ED
:10690000017102214171082100F8421C0448453000
:1069100006F09CF9BDE81040062015F01FBF10BD21
:10692000545600200C4810B55A2100F8451F042188
:106930004170752282706922C27000220271417119
:10694000082100F8421C0448453006F07FF9BDE8F4
:1069500010400C2015F002BF5456002010B500283E
:106960001BD00E485A2100F8451F032141709C217D
:1069700081708621C17000210171022141710821BD
:1069800000F8421C0548453006F060F915F0BAFEE3
:10699000BDE81040102015F0E1BE10BD5456002097
:1069A00010B500281BD00E485A2100F8451F0421BD
:1069B0004170752181704521C17000210171012153
:1069C0004171082100F8421C0548453006F03EF9A7
:1069D00015F098FEBDE81040082015F0BFBE10BDB0
:1069E0005456002010B500281BD00E485A2100F83C
:1069F000451F04214170752181703021C170002133
:106A0000017106214171082100F8421C05484530FA
:106A100006F01CF915F076FEBDE81040022015F0D6
:106A20009DBE10BD5456002010B5002818D00D484A
:106A30005A21752200F8451F042141708270692295
:106A4000C270002202714171082100F8421C054801
:106A5000453006F0FBF8BDE81040042015F07EBE7E
:106A600010BD00005456002010B5002827D0144A4D
:106A700040F8881F5A2102F8451F102151709C21AF
:106A800091708621D1700021117102215171042170
:106A900091714178D17101781172C1785172807809
:106AA000907207480D2102F8421C453006F0CEF8DE
:106AB00015F028FEBDE81040112015F04FBE10BDA6
:106AC0005456002010B5002827D0144A40F8841FDF
:106AD0005A2102F8451F102151709C219170882184
:106AE000D1700021117102215171042191714178FD
:106AF000D17101781172C178517280789072074813
:106B00000D2102F8421C453006F0A0F815F0FAFD00
:106B1000BDE810400F2015F021BE10BD54560020D6
:106B200010B5002827D0144A40F8681F5A2102F8EF
:106B3000451F102151709C2191708021D17000213E
:106B4000117102215171042191714178D171017843
:106B50001172C17851728078907207480D2102F845
:106B6000421C453006F072F815F0CCFDBDE810402F
:106B7000122015F0F3BD10BD545600201CB500289E
:106B80002BD0684605F040FEDDE9000109F0FCF974
:106B9000124A5A2102F8451F102151709C21917010
:106BA0007821D1700021117102215171042191715C
:106BB000010AD1711072010E5172000C90720748D7
:106BC0000D2102F8421C453006F040F815F09AFD00
:106BD000BDE81C400B2015F0C1BD1CBD5456002063
:106BE00030B5202280F84E20302380F84F202E250B
:106BF00080F8503080F8515080F85230002480F8EE
:106C0000533080F85440602918D080F8372080F83D
:106C1000382080F8393080F83A5080F83B3080F8DE
:106C20003C3080F83D40092907D100F8372F4270E9
:106C30008270C27003714471847130BD00F8372FC7
:106C400042708370C570F5E7202100F8301F2E22B6
:106C5000417030218170C2700171417100218171D8
:106C60007047704770B515F0EBFA8B4C0F2804F1A4
:106C700008057CD042DC08287AD020DC02285FD0CE
:106C8000042876D1A079032873D1E079142870D133
:106C900009F09AF811F052F9407934286AD011F0CD
:106CA00053F9294600F0CEF911F048F9407934281B
:106CB00073D011F049F9BDE87040FEF797BF0B287B
:106CC0006CD00C2855D1A079032852D1E079142832
:106CD0004FD13420FEF7E2FB15F06CFA11F02EF9DB
:106CE0004079342829D011F02FF9294600F0AAF96B
:106CF00011F024F9BDE8704000F0CEBC112857D047
:106D0000122874D0132873D0162832D109F05CF8F9
:106D100011F014F94079342844D011F015F92946BE
:106D200000F050F911F00AF9407934283DD011F003
:106D30000BF9BDE87040FEF760BF11F0FFF8D4E733
:106D4000A07903287CD109F03FF811F0F7F84079D9
:106D500034280BD011F0F8F80022294600F0B5F8DD
:106D600011F0ECF8BDE8704000F074BC03E01FE0E7
:106D700004E065E038E011F0E1F8EDE7A0790328E0
:106D80005ED109F021F811F0D9F84079342806D005
:106D900011F0DAF800F086F820E02AE02CE011F09B
:106DA000CDF8F7E711F0CAF8B9E711F0C7F8C0E776
:106DB000A079102802D1E079062801D000215FE0F7
:106DC00009F002F811F04EFF172803D011F04AFF26
:106DD000182803D1012102200DF028FC11F0AEF893
:106DE000BDE8704000F09ABC11F0A8F859E728E01F
:106DF00031E011F0A3F85EE7A079102820D1E07906
:106E000006281DD108F0E0FF11F02CFF522801D018
:106E1000562815D1012102200DF008FC11F028FFA1
:106E200080681E490069816011F022FF80681C495A
:106E30000069C16011F01CFF806804210069417184
:106E400070BDA0791028FBD108F0BEFF11F00AFF39
:106E5000372814D070BDE0790628FBD1207AF428B9
:106E600001D0F528F6D108F0AFFF207AF42802D13E
:106E7000A07A302809D011F0F5FE0328EAD10121CB
:106E8000BDE8704002200DF0D1BB11F057F8BDE80D
:106E9000704000F075BB000054560020C71902086E
:106EA000CB19020810B500280ED031232E2183778C
:106EB0003022C17780F82020002480F8214000F89B
:106EC0001A3F41708270C47010BD30B50AB1002302
:106ED0001DE04C2100F8551F482141702D21817083
:106EE0004421C170452101713222427136228271E2
:106EF0005F22C27101724321417220218172C172ED
:106F000030BDCC5CC5185B1C85F85540DBB29342A4
:106F1000F7D330BD10B5002824D01348342200F830
:106F2000452F10224270062282702222C270002257
:106F3000027102224271042282710A0AC271017234
:106F40000A0E4272090C81720D2100F8421C06489B
:106F5000453005F07BFE15F0D5FBBDE810400F2055
:106F600015F0FCBB10BD00005456002010B50028E1
:106F700024D01348342200F8452F102242700622F4
:106F800082702622C2700022027102224271042203
:106F900082710A0AC27101720A0E4272090C817270
:106FA0000D2100F8421C0648453005F04FFE15F053
:106FB000A9FBBDE81040112015F0D0BB10BD0000AA
:106FC000545600207CB50446487884F88000087840
:106FD00084F88100C87884F88200887884F8830077
:106FE0000D46D4F8800019F0ADF9CDE9000110A2EA
:106FF000062104F14E00F9F77FFA687A04F87C0F55
:10700000287A6070E87AA070A87AE0700A4920684F
:1070100019F090FB44F87C0919F094F9CDE90001CE
:1070200006A2062104F14600F9F766FA7CBD0000CD
:1070300025352E33660000000000C84225342E326C
:10704000660000002DE9F04F8BB004004FF07E5039
:1070500006907DD0487884F87000087884F8710034
:10706000C87884F87200887884F87300487A84F8C5
:107070006C00087A84F86D00C87A84F86E00887A0B
:1070800084F86F00487B84F87800087B84F87900E6
:10709000C87B84F87A00887B84F87B00487C84F87D
:1070A0006800087C84F86900C87C84F86A00887CE1
:1070B00084F86B0017F038FE052801D1FE480690D1
:1070C00017F086FEA8B1A06E19F03CF9FB4AFC4B04
:1070D00018F00EFF0022FB4B18F0F6FB18F0C2FB75
:1070E000F949A066884203DC4FF08441884200DA07
:1070F000A166207804F12A01099104F13701059174
:1071000004F130010491DFF8D093F04E04F13E0118
:10711000EF4DDFF8C08342074FF0D97BC9F1000A79
:1071200007917DD520F004002070206F6061A06E73
:1071300019F008F9CDE90001E8A206210998F9F74C
:10714000DBF9E849206F88420FDB4FF47A7600E0E4
:1071500012E23346E4A207210598F9F7CDF9E06E73
:1071600019F068FAB0FBF6F342E0E0494218E04952
:107170008A4214D219F0E6F80022334618F060FC77
:10718000CDE90001D5A207210598F9F7B5F9E06E20
:1071900019F0D8F80022334618F052FC3EE0D549E9
:1071A0004218D5498A4214D219F0CCF8002233464D
:1071B00018F046FCCDE90001D0A207210598F9F7A7
:1071C0009BF9E06E19F0BEF80022334618F038FC47
:1071D00038E04219424511D219F02CFA0346C2A2F6
:1071E00007210598F9F788F9E06E19F023FA0346AC
:1071F000BDA207210498F9F77FF92AE000EB090105
:1072000059450ED219F09EF8CDE90001B3A207212D
:107210000598F9F771F9E06E19F094F8AFA212E051
:1072200047E010F1FF4F14D2504512DA19F08AF8F6
:10723000CDE90001B1A207210598F9F75DF9E06EEB
:1072400019F080F8ADA2CDE9000107210498F9F703
:1072500053F9A849A06F4942884202DA42194245CF
:107260000AD219F0E7F919F01DFA069919F004F994
:1072700019F068F89CA215E000EB0901594506D207
:10728000069919F0F9F819F05DF894A20AE010F1E6
:10729000FF4F0DD250450BDA069919F0EDF819F0B1
:1072A00051F896A2CDE9000107210798F9F724F9D2
:1072B0005DE1216FA06819F071F8A060E16EE068EF
:1072C00019F06CF8E060A16E206919F067F8206190
:1072D0002046FDF79BFA206F6061E079401CC0B248
:1072E000E0710328E4D319F0DDF907463946206937
:1072F00019F0C2F800903946E06819F0BDF8029024
:107300003946A06819F0B8F8074617F077FC88B33B
:1073100017F034FD02282ED37A4A04F19C0011782C
:1073200003900C3808901830019051B10020107073
:10733000089808F091FD039808F08EFD019808F078
:107340008BFD3946089808F0BAFDDDE9021008F017
:10735000B6FDDDE9001008F0B2FD019808F092FDDD
:107360000090089808F08EFD0746039808F08AFD03
:10737000029003E0FFE76348012101702046FEF719
:10738000E0FA002879D1009818F0DCFFCDE900017F
:1073900052A206210998F9F7AFF8524887420DDB4F
:1073A0004FF47A76334650A207210598F9F7A4F8EE
:1073B000029819F03FF9B0FBF6F345E04B48391855
:1073C0004B48814215D2384618F0BCFF00223346A4
:1073D00018F036FBCDE9000140A207210598F9F726
:1073E0008BF8029818F0AEFF0022334618F028FB05
:1073F00041E0404839184048814215D2384618F0DB
:10740000A1FF0022334618F01BFBCDE900013BA28F
:1074100007210598F9F770F8029818F093FF0022F9
:10742000334618F00DFB3BE07919414512D238463E
:1074300019F000F903462CA207210598F9F75CF82A
:10744000029819F0F7F8034627A207210498F9F7E4
:1074500053F82CE007EB090058450FD2384618F0D6
:1074600071FFCDE900011DA207210598F9F744F845
:10747000029818F067FF19A213E073E017F1FF4FAD
:1074800015D2574513DA384618F05CFFCDE90001F4
:107490001AA207210598F9F72FF8029818F052FF61
:1074A00016A2CDE9000107210498F9F725F8114942
:1074B000A06F4942884227E000002041CDCCCCCCCF
:1074C000CCCCFC3F0000404000000C4300408F400B
:1074D000000086BB0040A201000038BD25352E31DA
:1074E00066000000002474492535640000B03CB8F3
:1074F00000D4B00100C0E3B90010A70125352E3239
:10750000660000002058002002DA421942450BD2E2
:1075100019F090F819F0C6F8069918F0ADFF18F0B8
:1075200011FFAFF23C0217E000EB0901594507D209
:10753000069918F0A1FF18F005FFAFF260020BE00A
:1075400010F1FF4F0ED250450CDA069918F094FF57
:1075500018F0F8FEAFF25C02CDE9000107210798B0
:10756000F8F7CAFF0020E071A060E06020610BB076
:10757000BDE8F04F15F0CEB80BB0BDE8F08F0000BD
:1075800010B500281AD00E48342100F8451F0621F6
:1075900041708170F521C170002101717921417123
:1075A000082100F8421C0648453005F04FFB15F055
:1075B000A9F8BDE81040132015F0D0B810BD0000A8
:1075C0005456002010B5002824D01348342200F867
:1075D000452F10224270062282702022C2700022A3
:1075E000027102224271042282710A0AC27101727E
:1075F0000A0E4272090C81720D2100F8421C0648E5
:10760000453005F023FB15F07DF8BDE810400B2058
:1076100015F0A4B810BD0000545600200C4810B559
:10762000342100F8451F032141700621817000219B
:10763000C17001710A214171082100F8421C0448FF
:10764000453005F003FBBDE810400C2015F086B86E
:107650005456002010B500281BD00E48342100F8E5
:10766000451F0321417006218170D021C170002186
:1076700001710F214171082100F8421C0548453075
:1076800005F0E4FA15F03EF8BDE81040082015F0CA
:1076900065B810BD5456002010B500281BD00E4808
:1076A000342100F8451F0321417006218170C0215B
:1076B000C170002101710F214171082100F8421CA5
:1076C0000548453005F0C2FA15F01CF8BDE8104039
:1076D000022015F043B810BD5456002010B5002804
:1076E00018D00D48342100F8451F032141700621B0
:1076F00081700021C17001710A214171082100F8D7
:10770000421C0548453005F0A1FABDE810400420B0
:1077100015F024B810BD00005456002010B5002804
:107720001AD00E483421222200F8451F032141704F
:1077300006218170C270002202714171082100F897
:10774000421C0648453005F081FA14F0DBFFBDE825
:107750001040162015F002B810BD0000545600204D
:1077600010B5002819D00D48342200F8452F062204
:1077700042708270F422C2700A0A027141710821BB
:1077800000F8421C0548453005F060FA14F0BAFFD5
:10779000BDE81040132014F0E1BF10BD5456002086
:1077A00010B5002827D0144A40F8681F342102F889
:1077B000451F10215170062191702421D1700021A4
:1077C000117102215171042191714178D1710178B7
:1077D0001172C17851728078907207480D2102F8B9
:1077E000421C453005F032FA14F08CFFBDE8104021
:1077F000122014F0B3BF10BD5456002010B500285D
:1078000024D01348342200F8452F1022427006225B
:1078100082702822C2700022027102224271042268
:1078200082710A0AC27101720A0E4272090C8172D7
:107830000D2100F8421C0648453005F007FA14F007
:1078400061FFBDE810400B2014F088BF10BD0000A0
:107850005456002070B514F0F3FC694C0B2804F169
:1078600008056FD01FDC022850D0042873D00828E8
:107870006AD1A079042867D108F0A6FA10F05EFB5F
:1078800040795D2861D010F05FFB294617F01EFD9E
:1078900010F054FB40795D285AD010F055FBBDE83C
:1078A0007040FEF7AAB90C2815D0122873D01328FF
:1078B0004AD1E0799C2847D1207A512844D108F058
:1078C00083FA11F0CFF903283ED1BDE870400121C1
:1078D00002200CF0ABBEA079042835D15D20FDF765
:1078E000DDFD14F067FC10F029FB40795D280AD01B
:1078F00010F02AFB294600F089F810F01FFBBDE8C4
:10790000704000F07BBA10F019FBF3E7A07904286F
:1079100069D1E0790C2866D108F056FA10F00EFB18
:1079200040795D280BD010F00FFB0C22294617F090
:10793000E2FC10F003FBBDE8704000F03DBA10F02F
:10794000FDFAF2E72BE006E04DE010F0F7FA9CE7D5
:1079500010F0F4FAA3E7A079042844D1E0790828CC
:1079600041D108F031FA10F0E9FA40795D280FD0E2
:1079700010F0EAFA294600F049F810F0DFFA4079F1
:107980005D2809D010F0E0FABDE87040FEF72EB98E
:1079900010F0D4FAEEE727E010F0D0FAF4E7A0797F
:1079A000102820D1E0799C281DD108F00DFA11F0A3
:1079B00059F9032801D0522815D1012102200CF0D9
:1079C00035FE11F055F980680E490069816011F0AB
:1079D0004FF980680C490069C16011F049F980686D
:1079E00004210069417170BDE0799C28FBD108F049
:1079F000EBF911F037F937283FF467AF70BD00009D
:107A000054560020C7190208CB1902082DE9F04F7F
:107A100085B0040072D0487884F87000087884F843
:107A20007100C87884F87200887884F87300487907
:107A300084F86800087984F86900C87984F86A00D5
:107A4000887984F86B000025E56617F0C1F9A8B1C4
:107A5000A06E18F077FC8C4A8C4B18F049FA002283
:107A60008B4B17F031FF17F0FDFE8A49A066884264
:107A700003DC4FF08441884200DAA1662078DFF809
:107A800018B204F13701854E420704F12A0904F1C6
:107A90003008029147D520F004002070206F60610B
:107AA000A06E18F04FFCCDE900017DA206214846EA
:107AB000F8F722FDE06E18F045FCCDE900017AA24E
:107AC00007214046F8F718FD206F58450ADB18F0EB
:107AD000B1FD0346029805B075A2BDE8F04F07213D
:107AE000F8F70ABD7349884209DB18F0A3FD034685
:107AF0006FA206210298F8F7FFFC10E010E06E4933
:107B0000884203DB18F01EFC6CA202E018F01AFC9D
:107B100063A2CDE9000107210298F8F7EDFC35706A
:107B200005B0BDE8F08F216FA06818F037FCA060A9
:107B3000E16EE06818F032FCE060A16E206918F098
:107B40002DFC20612046FCF761FE206F6061E0792A
:107B5000401CC0B2E0710328E2D318F0A3FD074631
:107B60003946206918F088FC01903946E06818F021
:107B700083FC03903946A06818F07EFC074617F096
:107B80003DF8DFF840A188B317F0F8F802282ED3AB
:107B90009AF8001004F19C00049052460C3804F14D
:107BA000A80A009049B11570009808F055F904989A
:107BB00008F052F9504608F04FF93946009808F09D
:107BC0007EF9DDE9031008F07AF95046019908F0D2
:107BD00076F9504608F056F90190009808F052F9ED
:107BE0000746049808F04EF9039003E0FFE70121EF
:107BF0008AF800102046FDF7A4FEA0BB019818F0FB
:107C0000A1FBCDE9000126A206214846F8F774FC45
:107C1000039818F097FBCDE9000123A20721404605
:107C2000F8F76AFC5F4509DB206F18F003FD034697
:107C30001FA207210298F8F75FFC1FE01D4887424A
:107C400009DB384618F0F6FC034619A20621029813
:107C5000F8F752FC11E018488742384604DB18F068
:107C600071FB16A203E009E018F06CFB0CA2CDE951
:107C7000000107210298F8F73FFC3570E571A56017
:107C8000E56025614CE70000CDCCCCCCCCCCFC3FF2
:107C90000000404000000C4300401C4654580020A7
:107CA00025352E326600000025362E326600000093
:107CB0002564000000007A440000C84225352E31BA
:107CC000660000002058002010B500281BD00E4888
:107CD0005D2100F8451F062141709C2181705121D2
:107CE000C1700021017101214171082100F8421C7D
:107CF0000548453004F0AAFF14F004FDBDE810402B
:107D0000132014F02BBD10BD545600201CB50C469A
:107D1000002832D0684604F077FDDDE9000108F064
:107D200033F9164A5D2102F8451F102151709C213C
:107D300091705B21D17000211171042151710821D2
:107D40009171010AD1711072010E5172000C907282
:107D5000200AD0721473200E5073200C90730748C1
:107D6000112102F8421C453004F070FF14F0CAFCE7
:107D7000BDE81C400B2014F0F1BC1CBD5456002083
:107D80000C4810B55D2100F8451F04214170752293
:107D900082706922C270002202714171082100F8CC
:107DA000421C0448453004F051FFBDE810400C204F
:107DB00014F0D4BC5456002010B500281BD00E4837
:107DC0005D2100F8451F0421417075218170452116
:107DD000C1700021017101214171082100F8421C8C
:107DE0000548453004F032FF14F08CFCBDE810402B
:107DF000082014F0B3BC10BD5456002010B5002864
:107E00001BD00E485D2100F8451F042141707521EB
:107E100081703021C170002101710621417108215A
:107E200000F8421C0548453004F010FF14F06AFCCD
:107E3000BDE81040022014F091BC10BD5456002043
:107E400010B5002818D00D485D21752200F8451F97
:107E50000421417082706922C27000220271417156
:107E6000082100F8421C0548453004F0EFFEBDE84B
:107E70001040042014F072BC10BD000054560020C5
:107E800010B5002827D0144A40F8681F5D2102F879
:107E9000451F102151709C2191705921D1700021F2
:107EA000117102215171042191714178D1710178D0
:107EB0001172C17851728078907207480D2102F8D2
:107EC000421C453004F0C2FE14F01CFCBDE810401A
:107ED000122014F043BC10BD5456002072B6FEE7C9
:107EE000C8224FF44071014805F02EBEC07B00202F
:107EF00002464FF448610148F8F76FBCB05B0020C0
:107F000010B5094C0021217002F05AFB0020FFF748
:107F1000EFFF01202070002400F03EFA641CE4B260
:107F2000C82CF9D310BD0000485600202DE9FF5F92
:107F30009B46DDF8388015460646A0281FD20198DA
:107F4000A0281CD20024DFF85890DFF858A022E0C7
:107F5000600701D115F8017B134804F00701405C6C
:107F6000384210D1B8F1000F10D09AF800203046F6
:107F7000019900F03BF8761CF6B2A02E09D3002040
:107F800004B0BDE8F09FB8F1000FEED099F80020E2
:107F9000EDE7641CE4B25C45DAD30120F0E70000B1
:107FA0001500002014000020550B02082DE9F84FA1
:107FB00000251F4614460E468246A946DDF8288055
:107FC00010E03B46224631465046CDF80090FFF780
:107FD000ADFF761CF6B204EBD704780700D0641C22
:107FE0006D1CEDB24545ECD3BDE8F88F30B5A02847
:107FF00001D2A02901D3002030BD0A4BD50701EBE7
:10800000810100F00702084C03EB810101EBD00075
:10801000A25C017801D0114300E09143017001207E
:1080200030BD0000B05B00207D2B02082DE9FC5F15
:108030008046DDE90C541E4691460F4610462D2A17
:1080400068D00BDCA2F120000C2813D2DFE800F08E
:1080500047741212125B12128188126D3A2846D0B0
:1080600004DC2E283DD02F2A04D146E03F2856D0EC
:10807000402A68D03F4AA9F1610102EB091BABF528
:1080800060708246192906D8CDE900540246394667
:10809000404600F073F8A9F13000092808D8CDE96E
:1080A0000054ABF52C7233463946404600F066F872
:1080B000A9F14100192808D8CDE90054ABF5487260
:1080C00033463946404600F059F8B9F17A0F4FD996
:1080D00052463346CDE900543946404646E0254AEB
:1080E000F8E7244ACDE90054103240463EE0214AE8
:1080F000CDE900542032404638E01E4ACDE9005414
:108100003032404632E01B4ACDE900544032394615
:1081100040462BE0CDE90054174A404626E0164A77
:10812000CDE900542032404620E0134ACDE9005406
:1081300010323946404619E00F4ACDE9005430323A
:108140003946404612E00C4ACDE9005460324046C0
:108150000CE0094ACDE9005440323946404605E07A
:10816000054ACDE9005450323946404600F006F841
:10817000BDE8FC9F16000020460400202DE9F84FC2
:108180001F46DDE90A9814460E468246002510E097
:108190003B46224631465046CDF80080FFF7C6FEEA
:1081A000761CF6B204EBD704780700D0641C6D1C73
:1081B000EDB24D45ECD3BDE8F88F00002DE9FF4F3F
:1081C00083B01E46DDE91198DDF840B01500074682
:1081D00013D00024DFF828A00DE0CDE90098295D38
:1081E00007EB04100AEB4112C0B25B460499FFF79B
:1081F000C5FF641CE4B2B442EFD307B0BDE8F08F12
:10820000FE0900202DE9FF4F83B01E46DDE91198DD
:10821000DDF840B01500074613D00024DFF828A091
:108220000DE0CDE90098295D07EB04100AEB41123F
:10823000C0B25B460499FFF7A1FF641CE4B2B442EC
:10824000EFD307B0BDE8F08F7E2F00202DE9FC476B
:108250009846DDE90A761400894605460DD009E006
:10826000CDE90076434649462846FFF7DFFE08354C
:10827000EDB2641C2278002AF2D1BDE8FC87000030
:108280007CB5202ADDE9065413D02D2A15D02E2ADC
:108290000BD0A2F13006092E15D8CDE900540A4CB6
:1082A00004EB8212A2F53C620BE0CDE90054064AD1
:1082B00007E0CDE90054054A03E0044ACDE9005443
:1082C0004032FFF75BFF7CBDB6040020760700203C
:1082D0002DE9FC479846DDE90A76140089460546F3
:1082E0000DD009E0CDE90076434649462846FFF720
:1082F000C7FF1035EDB2641C2278002AF2D1BDE828
:10830000FC8700007CB5202ADDE9065415D02D2A13
:1083100017D02E2A0DD0A2F13006092E17D8CDE99C
:1083200000540B4C02EB820204EBC202A2F5EB629A
:108330000BE0CDE90054064A07E0CDE90054054AB8
:1083400003E0044ACDE900542832FFF717FF7CBD53
:10835000F6070020AE0900202DE9FC479846DDE92C
:108360000A761400894605460DD009E0CDE900766D
:10837000434649462846FFF7C5FF0B35EDB2641C5E
:108380002278002AF2D1BDE8FC870000014A107073
:1083900051707047140000202DE9F0411A4D2878E3
:1083A00000282ED0688868B918486860602005F0F9
:1083B0001BFD702005F018FD052005F015FD1220AD
:1083C00005F012FD002414264FF44868274669681A
:1083D00011F8010B696005F0C9FC6888401C80B287
:1083E000B0FBF6F1688006FB110010B9002005F023
:1083F0002DFD6888404500D16F80641CA4B2142C08
:10840000E5D3BDE8F081000048560020B05B0020B5
:1084100070B58820FAF734FD04468920FAF730FD5C
:1084200004EB0020384C20808A20FAF729FD05460D
:108430008B20FAF725FD05EB002060808C20FAF7F1
:108440001FFD05468D20FAF71BFD05EB0020A080DF
:108450008E20FAF715FD05468F20FAF711FD05EB82
:108460000020E0809020FAF70BFD05469120FAF7F6
:1084700007FD05EB002020819220FAF701FD05465B
:108480009320FAF7FDFC05EB002060819420FAF7B9
:10849000F7FC05469520FAF7F3FC05EB0020A081D8
:1084A0009620FAF7EDFC05469720FAF7E9FC05EB74
:1084B0000020E0819820FAF7E3FC05469920FAF7BE
:1084C000DFFC05EB002020829A20FAF7D9FC054654
:1084D0009B20FAF7D5FC05EB002060829C20FAF780
:1084E000CFFC05469D20FAF7CBFC05EB0020A082CF
:1084F0009E20FAF7C5FC05469F20FAF7C1FC05EB64
:108500000020E08270BD0000985B0020F8B50024D8
:10851000009490F848202546012A12D0012280F8C4
:1085200048204A681F23072A0DD20668376C521E5E
:1085300002EB820293409F430B6893401F433764D2
:1085400035E00220F8BD0D2A0BD20668F76BD21F6A
:1085500002EB820293409F430B6893401F43F763F3
:1085600025E0132A0BD20668B76B0D3A02EB8202A4
:1085700093409F430B6893401F43B76317E006681F
:10858000192A0AD2776B133A02EB820293409F4377
:108590000B6893401F43776309E0376B193A02EB8E
:1085A000820293409F430B6893401F4337630A68DE
:1085B00007260A2A0AD203685F6902EB4202964044
:1085C000B7438E68964037435F6125E0142A0BD28B
:1085D00003681F690A3A02EB42029640B7438E686D
:1085E000964037431F6117E003681D2A0AD8DF68E9
:1085F000143A02EB42029640B7438E6896403743E6
:10860000DF6009E0DF6D1E3A02EB42029640B7439D
:108610008E6896403743DF650A68102A01D0112A18
:1086200017D10E4A13681B0213D4136843F40003D6
:108630001360096810290CD109490A4A0968B1FB7D
:10864000F2F101EB8101490000E0491E009100298F
:10865000FBD180F848502046F8BD000004270140B7
:108660001000002040420F000068806D704700003D
:10867000F8B504004FF0000503D0E06C002610B1FF
:1086800010E00120F8BD2665564884F8486001686E
:1086900041F001010160006800F0010000902046F7
:1086A00000F0AAF8E06CC00671D4E06C20F48850A9
:1086B00040F00200E0644C480168626821F44031F7
:1086C000114301606169E0684FF40073084394F856
:1086D0003C2093FAA3F3B3FA83F3216A9A4011433F
:1086E0000843022194F824C091FAA1F1B1FA81F172
:1086F0000CFA01F10843616B102902D0A26B1143FF
:108700000843226811684FF4807EC943490620D58A
:10871000A169E3690843A1682769194373469F4229
:1087200002D0012F00D00023194394F82C30012BE4
:108730000AD1BCF1000F2BD0E36C43F02003E364BB
:10874000236D43F0010323655368284F3B400B43DF
:10875000536021688A68264B1A4002438A60216967
:10876000714522D0012920D021680A6B22F0F872CD
:108770000A63216889681F4A1140814225D1266514
:10878000E06C20F0020040F00100E06428E026E008
:108790004FF46047236B97FAA7F7B7FA87F75B1E8A
:1087A000BB400B4343F40061CEE721680A6B4FF0F6
:1087B000F87722F0F873A26A97FAA7F7B7FA87F763
:1087C000521EBA4013430B63D3E7E06C20F0020063
:1087D00040F01000E064206D40F0010020650125AC
:1087E0002846F8BD2038024004270140FF16FCFC53
:1087F00089F1FFC0FEFF80BF10B586B0044614218A
:108800006846F8F714F81249206888421DD11148CB
:10881000016841F400710160006800F40070059087
:108820000C48001F016841F01001016000686946B2
:1088300000F0100005904FF480700090032001902C
:1088400000200290044800F0E9F906B010BD0000D5
:108850000024014020380240001002402DE9F04180
:10886000044600680D4681684FF0000749050BD5A6
:108870008068C00508D5E06C40F02000E06484F812
:1088800048700120BDE8F08100F0BCFA064613E014
:10889000681C11D025B100F0B5FA801BA8420BD995
:1088A00020680068800707D4E06C40F00400E064B2
:1088B00084F848700320E5E7206800688007E7D562
:1088C000A06918B921686FF012000860E06C40F4EC
:1088D0000070E0642068816811F0405F14D194F862
:1088E000241089B9016B11F0F87F02D0806840052F
:1088F0000AD4E06C20F48070E064E06CC00403D41F
:10890000E06C40F00100E0640020BBE710B50446D5
:1089100090F84800012822D0012084F84800204621
:10892000F9F75EFE00281BD1E16C40F20162914331
:1089300041F48071E16421684A68520505D5E26C12
:1089400022F4005242F48052E264E26CD3044FF00D
:10895000000206D5236D23F00603236502E0022002
:1089600010BD226584F848206FF022020A60216859
:108970008A6812F0405FF3D18A6842F080428A60D0
:1089800010BD10B5044690F84800012807D001201A
:1089900084F848002046F9F7F9FD10B107E00220FD
:1089A00010BDE16C21F4885141F00101E164002126
:1089B00084F8481010BD10B590F82110002202294B
:1089C00005D00421816380F82020012010BD0168BA
:1089D0000B6823F00E030B6001680B6823F00103A2
:1089E0000B6090F84010012401F01C0304FA03F11D
:1089F000C36B596080F8214080F82020104610BDDC
:108A000010B590F821100024022903D004218163BD
:108A100001241AE001680A6822F00E020A60016867
:108A20000A6822F001020A6090F84010012301F068
:108A30001C0203FA02F1C26B516080F82130002160
:108A400080F82010416B01B18847204610BD806B33
:108A50007047F0B4C16B0B6801680A6890F8404039
:108A6000042504F01C0405FA04F61E4211D0560732
:108A70000FD50A68920603D40A6822F004020A603D
:108A800090F8401001F01C018D40C16B4D60C16A2F
:108A90001DE0022606FA04F71F424FF0000C4FF0CB
:108AA000010518D0970716D50A68920605D40A68FA
:108AB00022F00A020A6080F8215090F8401001F07C
:108AC0001C018E40C16B4E6080F820C0816A002975
:108AD0001AD0F0BC08470826A6401E4214D0120740
:108AE00012D50A6822F00E020A6090F84010C26B9C
:108AF00001F01C0105FA01F15160856380F82150F5
:108B000080F820C0016BE2E7F0BC704730B560B17F
:108B10001A4B01681422994209D2194B0B44B3FB3A
:108B2000F2F292000264174A0AE0012030BD134BB2
:108B30005B420B44B3FBF2F2920002640F4A083A24
:108B4000C263022280F821200A6847F6F0739A4334
:108B5000F0E901342343D0E902452C43234304695F
:108B60002343446923438469234313430B60002157
:108B70004163012242770177084630BD0864024014
:108B8000F89FFDBF0060024070B5044690F82000D9
:108B9000002501280CD0012084F8200094F82160E1
:108BA0000020012E06D084F820000225284670BD42
:108BB000022070BD022684F82160A0632068066848
:108BC00026F0010606602046FCF750FCE06A00280B
:108BD0002068016802D041F00E0106E021F0040196
:108BE00001602068016841F00A01016020680168A5
:108BF00041F001010160D9E770B5044600F002F9C7
:108C00000546601C02D004484068044400F0FAF8AD
:108C1000401BA042FAD370BD040000202DE9F84F9C
:108C2000DFF89491002209F1040A0AF1040B0327EA
:108C30004FF00F0C0BF1040EB6E0012595402B40D0
:108C400073D00C7904F00304012C01D0022C15D14F
:108C50008668540007FA04F826EA0806D1F80C8062
:108C600008FA04F848EA0608C0F808804468AC43EB
:108C70000D79C5F300159540254345600C79E44313
:108C8000A40708D0C568540007FA04F6B5438E68F7
:108C9000A6402E43C6600C7904F00304022C11D1C7
:108CA000D40800EB8406356A5407E40E0CFA04F885
:108CB00025EA0805D1F8108008FA04F848EA050802
:108CC000C6F820800568540007FA04F6B5430E790B
:108CD00006F00306A6402E4306604C6814F4403F9D
:108CE00061D0364C256845F001052560246822F0E6
:108CF000030504F001040094314C05EB0408D8F896
:108D000008509407260F0CFA06F4A5432D4CA042F8
:108D100001D100241FE02C4CA04201D101241AE013
:108D20002A4CA04202D1022415E03CE0284CA0428B
:108D300001D103240FE0274CA04201D104240AE012
:108D4000254CA04201D1052405E0244CA04201D1CC
:108D5000062400E00724B4402C43C8F80840D9F8A2
:108D600000404D464E689C43F60300D51C432C60E2
:108D7000DAF8004055464E689C43B60300D51C43C4
:108D80002C60DBF800405D464E689C43F60200D53F
:108D90001C432C60DEF8004075464E689C43B602CA
:108DA00000D51C432C60521C0B6833FA02F47FF48C
:108DB00044AFBDE8F88F00000004014020380240B5
:108DC0000000014000000240000402400008024090
:108DD000000C024000100240001402400018024043
:108DE0000069084000D001207047426921EA02036F
:108DF0000A4043EA0241816170470AB181617047CC
:108E00000904FBE701488068704700000400002067
:108E100070B5040011D021684CF6CC400860216880
:108E200045F255500860D4E9000141602168A0680E
:108E30008860FFF7E7FF05460CE0012070BDFFF7F3
:108E4000E1FF401B2A2805D92068C068800701D0AF
:108E5000032070BD2068C0688007F0D121684AF601
:108E6000AA200860002070BD00684AF6AA210160AF
:108E70000020704702488168426811448160704751
:108E80000400002010B50024032000F079F80F2022
:108E900000F008F808B1012401E000F025F82046B0
:108EA00010BD000070B50E4E05460024706898B1E4
:108EB0004FF47A71B1FBF0F00A490968B1FBF0F0A8
:108EC00000F03DFD40B9102D06D200222946501E6B
:108ED00000F036F8356000E00124204670BD000047
:108EE00004000020100000200D4808B5016841F082
:108EF00000410160016801F000410091011F0A6812
:108F000042F001020A60096801F001010091016864
:108F100041F080510160006800F08050009008BD71
:108F200024380240002809DB00F01F020121914093
:108F30004009800000F1E020C0F8001170470000F7
:108F4000F0B40E4B1B68C3F30223C3F10704042CD7
:108F500000D904241D1D072D01D2002300E0DB1ED3
:108F6000012606FA04F56D1E0D409D409E40761EBA
:108F7000164045EA0601F0BC04F0AEBF0CED00E07F
:108F8000064A00F0070110684FF6FF03184040EA58
:108F90000120034908431060704700000CED00E019
:108FA0000000FA05BFF34F8F05480168054A01F438
:108FB000E06111430160BFF34F8F00BFFDE7000088
:108FC0000CED00E00400FA05704700002DE9F047C1
:108FD0000E46040076D0DFF88081D8F8000000F05B
:108FE0000100B04214D2012E05D1D8F8001041F092
:108FF0000401C8F80010D8F8001021F00101314335
:10900000C8F80010D8F8000000F00100B0427DD18F
:109010002078524F800705D53868A16820F0F0000D
:10902000084338602078C00759D04C496068083937
:1090300002281AD003281BD0096801281BD08905F3
:10904000002963DA396821F0030101433960FFF731
:10905000D9FE0546606841F28831022813D0032802
:109060001ED00128894627D035E009688903E7E743
:1090700009688901E4E78907E2E7FFF7C3FE411BBE
:10908000494501D924E089463868C0F381000228A7
:10909000F3D124E0FFF7B6FE411B494501D917E0A3
:1090A00089463868C0F381000328F3D117E0FFF741
:1090B000A9FE411B49450BD83868C0F3810001283F
:1090C000F5D10CE022E0FFF79DFE411B494502D996
:1090D0000320BDE8F087386810F00C0FF3D1D8F802
:1090E0000010404601F00101B14211D9012E03D117
:1090F000016841F004010160016821F00101314380
:109100000160006800F00100B04201D00120E0E7FA
:109110002078400705D53868E16820F4E06008430E
:1091200038602078000706D53868216920F460503F
:1091300040EAC100386000F03FF83968084AC1F3DE
:109140000311515CC8400749086007480068BDE842
:10915000F047FFF7A7BE0000003C0240083802407D
:109160003D0B0208100000200400002001490120EE
:1091700008677047000047420448054900680968CD
:10918000044AC1F30221515CC8407047100000201E
:10919000083802404D0B0208044805490068096878
:1091A000044AC1F3C221515CC8407047100000203E
:1091B000083802404D0B020870B5154D2968154856
:1091C00001F00C02042A0CD04410082A0AD00C2A00
:1091D0000AD0281F0068C0F342314FF40040491CF8
:1091E000884070BD204670BD0B4AC1F38343D35CF9
:1091F000C1F381522968521CC90302D5A3FB0401A3
:1092000001E0A3FB00010023F7F7FEF870BD0000AA
:10921000083802400024F400340B0208054810B559
:109220000068000605D5FFF7CFFE02498020891CA3
:10923000087010BD0C3802402DE9F84F04007BD0B7
:10924000F6480168006801F00C0600F4803B2078C5
:10925000F34DC0073FD0082E12D00C2E02D1BBF523
:10926000803F0DD06068012811D008B1052818D0C2
:10927000286820F480302860286820F4802009E0E5
:109280002868800327D560680028D8D023E02868A4
:1092900040F480302860606888B1FFF7B3FD07466E
:1092A00009E0286840F480202860F0E7FFF7AAFD75
:1092B000C01B642879D828688003F7D50BE0FFF736
:1092C000A1FD074604E0FFF79DFDC01B6428F1D80F
:1092D00028688003F7D42078DFF8488380074FF0B0
:1092E00001094FF0000A36D5042E0CD00C2E02D105
:1092F000BBF1000F07D0E068F8B1C8F80090FFF7A5
:1093000081FD07460BE0286880070BD5E06801283F
:1093100012D107E0FFF776FDC01B0228CAD82868E3
:109320008007F7D5BD48001F0168226921F4F85174
:1093300041EA022101600EE06CE1C8F800A0FFF7ED
:1093400061FD074604E0FFF75DFDC01B0228B1D8B0
:1093500028688007F7D42078C00672D53EB1A0698E
:10936000F0B3C8F82090FFF74DFD07464AE02868A3
:10937000800502D5A069002887D0A84F206A3F1F2A
:10938000396801F46041884210D903F0A3F900283C
:10939000BED13868216A20F4604008433860217FDC
:1093A000386861F31F6038600FE0A4E0396821F489
:1093B000604101433960217F386861F31F60386084
:1093C000206A03F087F90028A2D1216A4FF40040F7
:1093D00009EB5131884091490968C1F3031100E05C
:1093E00021E0914A515CC84090490860904800686B
:1093F000FFF758FD00287DD123E0FFF703FDC01BD8
:10940000022878D828688005F7D58448001F0168AD
:10941000226A21F4604111430160227F016862F3F6
:109420001F6101600DE0C8F820A0FFF7EBFC0746C4
:1094300004E0FFF7E7FCC01B02285CD82868800521
:10944000F7D420787B4F000721D57B48616979B13B
:10945000C0F80090FFF7D6FC834605E0FFF7D2FC8A
:10946000A0EB0B00022846D838688007F6D50EE03E
:10947000C0F800A0FFF7C6FC834605E0FFF7C2FC7A
:10948000A0EB0B00022836D838688007F6D4207885
:1094900040076AD500200090664810380068C00078
:1094A0000AD464481038016841F0805101600068B6
:1094B00000F080500120009060480168C90511D477
:1094C000016841F480710160FFF79CFC834605E070
:1094D000FFF798FCA0EB0B0064280CD857480068F5
:1094E000C005F5D5A06801280DD008B1052814D015
:1094F000386801E075E073E020F480703860386807
:1095000020F4806002E0386840F480703860A06821
:10951000A0B1FFF777FC83460CE0386840F4806028
:109520003860F0E7FFF76EFCA0EB0B0141F28830EA
:10953000814255D838688005F4D50EE0FFF762FC0B
:10954000834607E0FFF75EFCA0EB0B0141F2883099
:10955000814245D838688005F4D4009828B1354850
:109560001038016821F080510160606A90B30C2EC0
:109570003DD00228504605D0C8F86000FFF742FCF5
:10958000044630E04746C8F86000FFF73BFC06465B
:1095900004E0FFF737FC801B022821D828688001EF
:1095A000F7D4D4E90A1001431C48226B036823F462
:1095B0007D031A4311430160C7F86090FFF722FC56
:1095C000044604E0FFF71EFC001B022808D82868A8
:1095D0008001F7D520E0FFF715FC001B022802D917
:1095E0000320BDE8F88F28688001F4D414E0012836
:1095F000F7D00A480068A26A00F48031914209D18C
:10960000E26A00F47011914204D1216B00F4400031
:10961000884201D00120E4E70020E2E70838024058
:1096200000380240000047423D0B020810000020B5
:109630000400002034380240800647420070004099
:1096400070B5040009D0606A002540B125616561EC
:10965000A56294F8510040B10CE0012070BD606833
:10966000B0F5827FF4D0E561F2E784F850502046EF
:1096700000F044F8022084F851002068016821F0CD
:1096800040010160A088218900F4827001F4044146
:109690000843A18901F400610843217C01F0020123
:1096A0000843217D01F001010843218B01F4007181
:1096B0000843217F01F03801084394F8201001F09D
:1096C00080010843218D01F400510843216808609E
:1096D000A069042101EA104094F8241001F010015F
:1096E0000843216848602068C16921F40061C161B4
:1096F0006565012084F85100002070BD10B586B06A
:10970000044614216846F7F792F813492068884206
:1097100020D11248016841F480510160006800F4D2
:10972000805005900D48001F016841F00201016062
:109730000068694600F00200059038200090022081
:10974000019000200290032003900520049004481B
:10975000FFF764FA06B010BD003001402038024027
:10976000000402402DE9F84F044690F8500001250E
:109770000A9E1F4692468B464FF0000801280ED0E5
:10978000012084F85000FFF73DFB814694F851001A
:10979000616801280CD0B1F5827F07D102E0022078
:1097A000BDE8F88FA16809B9042801D00220B6E00D
:1097B000BBF1000F27D0BAF1000F24D01FB394F8EB
:1097C0005100042802D0052084F851000020606573
:1097D000C4F838A0E787A787C4F830B0E786A78623
:1097E0002064606420680168490603D4016841F080
:1097F00040010160E068B0F5006F606805D0E8B333
:10980000012F43D079E0012089E008B1012F34D144
:10981000206B21680088C860206B801C2063E08E6C
:10982000401EE08629E02068816889070DD5E18E19
:1098300059B1012D09D1216B0988C160206B801CB1
:109840002063E08E401EE086002520688168C907FD
:109850000BD0E18F49B1C068A16B0880A06B801C60
:10986000A063E08F401EE0870125FFF7CBFAA0EB55
:109870000900B04201D3701C50D100E006E0E08E38
:109880000028D0D1E08F0028CDD13CE0206B2168AA
:1098900000780873206B401C2063E08E401EE08639
:1098A0002BE02068816889070DD5E18E59B1012D23
:1098B00009D1216B09780173206B401C2063E08E75
:1098C000401EE086002520688168C9070BD0E18F23
:1098D00049B1C068A16B0870A06B401CA063E08F09
:1098E000401EE0870125FFF78DFAA0EB0900B0428A
:1098F00002D3701C01D011E086B1E08E0028D0D1D7
:10990000E08F0028CDD14A463146204602F0A2FF22
:1099100038B120204FF00108606508E00320804640
:1099200005E0A06818B92068C1688068009001202F
:1099300084F85100002084F85000404630E710B50C
:10994000401EB0F1807F01D3012010BD4FF0E02414
:1099500060610F21601704F0BFFA0020A0610720AA
:109960002061002010BD000070B590F83820012A59
:1099700026D0012580F83850022280F8392002686C
:109980005368946823F070060B6833435360026891
:10999000B2F1804F08D00B4B9A4205D00A4B9A4245
:1099A00002D00A4B9A4204D1496824F0800319433B
:1099B000916080F83950002180F83810084670BD59
:1099C000022070BD00040040000800400008014073
:1099D00010B5040003D094F8390010B107E001205D
:1099E00010BD002084F83800204600F017F802204F
:1099F00084F83900211D206803F022FA012084F840
:109A00003E0084F83A0084F83B0084F83C0084F877
:109A10003D0084F83900002010BD000008B5006842
:109A2000B0F1804F12D10A48016841F00101016094
:109A30000068002200F00100009005211C20FFF7C3
:109A40007FFABDE808401C20FFF76CBA08BD000093
:109A50002438024090F83910012901D001207047C4
:109A6000022180F839100168CA6842F00102CA6018
:109A70000068B0F1804F08D00949884205D00949F3
:109A8000884202D00849884204D1816801F0070168
:109A9000062903D0016841F00101016000207047F0
:109AA00000040040000800400008014070B5044672
:109AB00090F83800012817D0012584F8385002208A
:109AC00084F839002068826822F0770222F47F420D
:109AD00082600868502830D00DDC20284DD005DC8D
:109AE00098B310283BD148E0022070BD302844D004
:109AF000402834D139E0602828D0702806D0B0F54D
:109B0000805F2CD0B0F5005F29D10AE0CB68D1E9A5
:109B10000121206803F0D6F92068816841F07701BF
:109B200009E0CB68D1E90121206803F0CBF9206876
:109B3000816841F48041816011E0CA684968206809
:109B400003F0D2F95021206807E016E0CA6849689E
:109B5000206803F0DAF96021206803F0BDF984F889
:109B60003950002084F8380070BDCA684968206800
:109B700003F0BAF940212068EFE722680146104659
:109B8000EBE7704770B50446006801694FF00005C7
:109B9000C943890715D4C168C943890711D4E91E8F
:109BA000016101202076206880698007204602D06C
:109BB000FFF7E7FF04E000F078F8204600F076F8C1
:109BC000257620680169C943490717D4C168C9438C
:109BD000490713D46FF00401016102202076206848
:109BE000806910F4407F204602D0FFF7CAFF04E0EE
:109BF00000F05BF8204600F059F8257620680169EE
:109C0000C943090716D4C168C943090712D46FF0C4
:109C100008010161042020762068C0698007204681
:109C200002D0FFF7AEFF04E000F03FF8204600F05E
:109C30003DF8257620680169C943C90617D4C16873
:109C4000C943C90613D46FF01001016108202076C2
:109C50002068C06910F4407F204602D0FFF791FFD2
:109C600004E000F022F8204600F020F82576206875
:109C70000169C943C90708D1C168C943C90704D1EB
:109C8000891E0161204600F012F820680169C9436D
:109C9000490609D4C168C943490605D46FF040019B
:109CA0000161204600F019F870BD7047704710B58B
:109CB0000068B0F1804F0FD106F0C8F811F0EAF952
:109CC00010F0BCFB04F0A2FB06F0DCF911F008F97F
:109CD000BDE8104012F048BD10BD7047704770B528
:109CE00004460068C16821F49071C1602068416930
:109CF00021F001014161206B012804D12068C16875
:109D000021F01001C160206841694FF0000549064B
:109D10000FD5416921F040014161A06B48B1456315
:109D2000A06BFEF748FE20B1A06BFEF790FE202846
:109D300006D0E585202084F83E002563002070BD14
:109D400010202064032070BD704710B504460068E1
:109D50000068C043C0060AD4204612F077FA2046B5
:109D60000EF072FC2046BDE8104005F0FFBD10BDAE
:109D7000F8B5026804461068D168536910F00F0FF7
:109D80004FF0000553D003F0010601F490773743FC
:109D90005FD0C20705D0CA0503D5226C42F001028C
:109DA0002264420705D5DA0703D0226C42F0020292
:109DB0002264820705D5DA0703D0226C42F0040240
:109DC0002264020707D501F02002324303D0226C3F
:109DD00042F008022264226C002A34D0800604D5A6
:109DE000880602D5204603F093FC20684069216C68
:109DF000C0F38010090700D430B3204603F067FC9D
:109E00002068416949061BD5416921F04001416143
:109E1000A06BA8B158494163A06BFEF7F1FD002883
:109E200011D0A06B416B01B0BDE8F040084783063C
:109E30000FD58B060DD52046BDE8F84003F068BC71
:109E40002046FFF781FFF8BD2046FFF77DFF256420
:109E5000F8BD266B2023012E52D1C60650D5CE0662
:109E60004ED5106850680090506940062AD5A16B05
:109E7000086840680004000CEAD0A68D8642E7D945
:109E8000E0858869202818D0D06820F48070D060E0
:109E90002068416921F0010141612068416921F098
:109EA0004001416184F83E3025632068C16821F09B
:109EB0001001C160A06BFEF77EFDA08DE18D401A00
:109EC00081B219E0A08DE18D401A81B2E08D0028A9
:109ED000BED00029BCD0D06820F49070D06020683B
:109EE000426922F00102426184F83E302563206815
:109EF000C26822F01002C2602046FFF7EFFEF8BDF4
:109F000005062BD50D0629D594F83D002128F6D15C
:109F1000A068B0F5805F01D12069B0B1206A411C12
:109F20002162216800784860E08C401E0004000C2B
:109F3000E084E4D12068C16821F08001C16020681C
:109F4000C16841F04001C160F8BD206A0088C0F3DB
:109F500008005060206A801C2062E5E74006F3D5C7
:109F60004806F1D5D168204621F04001D16084F83F
:109F70003D3000F085F9F8BD01D6000870B5040049
:109F800004D094F83D00002510B106E0012070BD1A
:109F900084F83C50204600F023F8242084F83D004B
:109FA0002068C16821F40051C160204603F00CFC18
:109FB0002068016921F4904101612068416921F024
:109FC0002A0141612068C16841F40051C1602564E3
:109FD000202084F83D0084F83E00002070BD000081
:109FE0002DE9F04387B0044614216846F6F71FFCBC
:109FF0005D4D206800265D490322072380274FF02E
:10A00000020C4FF40059A84233D1081D056845F4ED
:10A0100080450560006800F480400590086840F0C5
:10A02000010008600868029600F0010005905002E7
:10A03000CDE9000C69464E48CDE90323FEF7EEFD5D
:10A040004D4D4C48C5E90006C5E902672E616E61B9
:10A05000C5E906692846FEF759FD08B1FDF73EFF40
:10A06000A5630022022125206C62FEF769FF2520EE
:10A070003BE03E4DDFF80481083540453AD1286881
:10A0800040F400302860286800F40030059008682B
:10A0900040F0080008600868029600F0080005908B
:10A0A0006020CDE9000C69463548CDE90323FEF771
:10A0B000B5FD314D2F4844351430C5E90006C5E9DA
:10A0C00002672E614FF440506E61C5E90660284674
:10A0D000FEF71CFD08B1FDF701FFA5630022042176
:10A0E00026206C62FEF72CFF2620FEF71BFF07B030
:10A0F000BDE8F083DFF88C804045F8D1286840F453
:10A1000080202860286800F480200590086840F0CE
:10A11000040008600868029600F0040005904FF4FF
:10A120004060CDE9000C69461748CDE90323FEF7EE
:10A1300075FD114D0F4888352838C5E90006C5E979
:10A1400002672E616E61C5E906692846FEF7DEFCEE
:10A1500008B1FDF7C3FEA5630022032127206C622E
:10A16000FEF7EEFE2720C0E7003801401C38024011
:10A1700000000240586002401C5A00200044004089
:10A18000000C0240004800400008024090F83E30B9
:10A19000202B0ED159B152B190F83C30012B08D090
:10A1A000012380F83C300023036303F099BB0120B6
:10A1B00070470220704710B5044612F06BF8204635
:10A1C0000EF060FA2046BDE8104005F0F1BB704784
:10A1D0002DE9F843044690F83D001F4615460E460B
:10A1E00020284BD1C6B1BDB194F83C00012845D020
:10A1F000012084F83C004FF00008C4F84080212082
:10A2000084F83D00FEF7FEFDA5848146E584A06844
:10A21000B0F5805F03D004E00120BDE8F883206939
:10A2200020B13546002684F83C800EE00025FAE790
:10A230008021204603F08EFBA0B9ADB115F8010BCB
:10A2400021684860E08C401EE084E08C4B464FF073
:10A25000000200970028EBD14FF04001204603F0A8
:10A2600079FB30B10320D8E736F8020BC0F30800C1
:10A27000E6E7202084F83D000020CEE70220CCE76E
:10A28000704710B5044600F04CF9A22000F024F904
:10A2900000F075F9022000F01FF900F070F9207845
:10A2A00005F0B6FD00F018F900F069F9607805F0E6
:10A2B000AFFD00F011F900F062F9A07805F0A8FDFB
:10A2C00000F00AF900F05BF9E07805F0A1FD00F07C
:10A2D00003F900F054F9207905F09AFD00F0FCF83C
:10A2E00000F04DF9607905F093FD00F0F5F800F00D
:10A2F00046F9A07905F08CFD00F0EEF800F03FF98A
:10A30000BDE8104000F024B910B500F00AF9A22011
:10A3100000F0E2F800F033F9022000F0DDF800F080
:10A320002EF900F0FEF8A32000F0D6F800F027F98F
:10A33000012000F0ACF800F07F0004F05DF81B4C49
:10A340002070012000F0A3F800F07F0004F054F822
:10A350006070012000F09BF800F03F0004F04CF822
:10A36000A070012000F093F800F03F0004F044F8E2
:10A37000E070012000F08BF800F0070004F03CF8DA
:10A380002071012000F083F800F01F0004F034F881
:10A390006071002000F07BF804F02EF8A07100F04E
:10A3A000D7F8BDE8104002F0D5B90000E55600200E
:10A3B00070B50D46044600F0B4F8A22000F08CF809
:10A3C00000F0DDF8204600F087F800F0D8F82846C5
:10A3D00000F082F800F0D3F8BDE8704000F0B8B8A3
:10A3E00010B510F007FF00210846FFF7E1FF1F211D
:10A3F0000120FFF7DDFF82210D20FFF7D9FF0021AB
:10A400000E20FFF7D5FFFFF77FFF0848417911B114
:10A41000C178002909D101214171C1700348FFF7BA
:10A4200030FFBDE81040FFF76FBF10BDE5560020BC
:10A43000FEE710B5002010F0B5FE10F0DBFE0020A6
:10A4400010F0B8FE022005F0EEFC012010F0AAFE8C
:10A45000022005F0E8FCBDE81040002010F0A2BE8C
:10A4600010B5002010F09EFE10F0C4FE012010F088
:10A47000A1FE022005F0D7FC012010F093FE02207F
:10A4800005F0D1FCBDE81040002010F08BBE70B587
:10A490000646002410F09CFE0025002010F082FEED
:10A4A000022005F0C0FC012010F07CFE6006040EC6
:10A4B00010F088FE08B1641CE4B2012005F0B3FC82
:10A4C0006D1CEDB2082DE8D31EB1FFF7B2FF204698
:10A4D00070BDFFF7C5FFFAE770B5054610F08AFEBC
:10A4E000002010F05FFE0024280601D5012000E0C6
:10A4F000002010F05FFE6806050E022005F093FCB8
:10A50000012010F04FFE022005F08DFC002010F01D
:10A5100049FE022005F087FC641CE4B2082CE3D35A
:10A5200070BD10B510F066FE012010F043FE012052
:10A5300010F038FE042005F076FC002010F03AFE02
:10A54000042005F070FCBDE81040002010F02ABE89
:10A5500010B510F04FFE002010F024FE002010F087
:10A5600029FE042005F05FFC012010F01BFE0120F5
:10A5700010F020FEBDE81040042005F054BC10B5DA
:10A58000002410F025FE012010F014FE012005F03B
:10A590004AFC012010F006FE012005F044FC07E013
:10A5A000641CE4B2FA2C03D9FFF7D2FF012010BDDE
:10A5B00010F008FE0028F3D110F0F4FD002010BDCB
:10A5C00010B50446E22003F00FFC6420FEF714FBF4
:10A5D000242003F009FC2B2003F006FC812003F06B
:10A5E00003FC0CB1C02000E0B22003F0FDFB84208E
:10A5F00003F0FAFB892003F0F7FBA32003F0F4FB40
:10A60000C52003F0F1FBC82003F0EEFB102003F09F
:10A61000EBFBD12003F0E8FBD52003F0E5FBDA20CB
:10A6200003F0E2FBE92003F0DFFBF42003F0DCFBA6
:10A63000252003F0D9FBF62003F0D6FB5A2003F0C7
:10A64000D3FBF52003F0D0FB002003F0CDFBF72077
:10A6500003F0CAFB9F2003F0C7FBF82003F0C4FB04
:10A66000F12003F0C1FB9F2003F0BEFBBDE81040CA
:10A67000AD2003F0B9BBF0B585B0DDE90EE4DDE94E
:10A680000C7CDDE90A568DE8E05000F012F82168F4
:10A690000161206005B0F0BD10B5014600680022E0
:10A6A0000A6003E00469F5F72CFE20460028F9D182
:10A6B00010BD2DE9F05F07460AA81C4690E8000D82
:10A6C00015460E461420DDF83490F5F7EBFD002812
:10A6D0000FD0C770067185604471C0F80C8080F897
:10A6E00006A080F801B080F802900E990170002158
:10A6F0000161BDE8F09F00002DE9FE43884604009B
:10A7000073D000261027607830B101280DD00228C0
:10A7100029D003287FD13FE0CDE900762179E07888
:10A720000823E268FDF72AFD75E0A079B8B1012899
:10A730000BD002286FD12020CDE900062179E078E6
:10A740001023E268FDF7C4FD65E01420CDE90006A2
:10A750002179E0780B23E268FDF7FEFD5BE0CDE9AF
:10A760000076E26812E0B8F1000F03D1AB48E2686E
:10A77000824209D10097CDE9017663792179E078A9
:10A78000A268FDF71BFD46E0CDE900762179E0786F
:10A790000823FDF75BFD3EE02078E578C00709D08F
:10A7A000CDE900762179082328222846FDF73EFCD2
:10A7B0000835EDB2A078112819D2DFE800F01809A9
:10A7C0000F323C641898A818C21818DCE26A4600D8
:10A7D000CDE900760823217925224FE0CDE90076E6
:10A7E000217910238E4A284621E018E0EDB2207826
:10A7F000C00710D0CDE90076217908232922284608
:10A80000FDF714FCCDE900760835E8B2217908237C
:10A810003A22FDF70BFC2469002C7FF474AFBDE8ED
:10A82000FE83CDE90076217910237E4A2846FDF784
:10A83000A5FC1035DAE7CDE90076217908236D22F1
:10A840002846FDF7F3FB0835EDB2CDE90076217916
:10A85000082367222846FDF7E9FBCDE90076083595
:10A8600021790823EDB22F222846FDF7DFFBCDE941
:10A870000076083521790823EDB24C222846FDF7F1
:10A88000D5FB0835B2E7CDE90076082321794022CF
:10A8900004E0CDE90076217908236D222846FDF7F2
:10A8A000C5FBCDE900760835EDB2217908235322A6
:10A8B0002846FDF7BBFBCDE900760835EDB22179DE
:10A8C00008232F222846FDF7B1FBCDE90076083595
:10A8D000EDB22179082363222846FDF7A7FBCDE9D5
:10A8E000007608350823EDB221796D22C6E7CDE95F
:10A8F0000076217908236D222846FDF797FBCDE9E4
:10A90000007608350823EDB221795622B6E7CDE965
:10A910000076217908236B222846FDF787FBCDE9D5
:10A9200000760835EDB22179082350222846FDF73C
:10A930007DFBCDE9007608350823EDB2217961224F
:10A940009CE7CDE900762179082370222846FDF79F
:10A950006DFBCDE900760835EDB221790823702230
:10A960002846FDF763FBCDE9007608350823EDB2F4
:10A970002179742282E7CDE90076082321794322E8
:10A980000EE0CDE90076217908234B222846FDF719
:10A990004DFBCDE90076083521790823EDB263221D
:10A9A0002846FDF743FBCDE900760835EDB2217965
:10A9B000082365222846FDF739FBCDE900760835E6
:10A9C000EDB2217908236C222846FDF72FFBCDE953
:10A9D00000760835EDB2217908236C222846FDF770
:10A9E00025FBCDE900760835EDB2217908237322E5
:10A9F0002846FDF71BFBCDE900760835EDB221793D
:10AA000008232F222846FDF711FBCDE900760835F3
:10AA10000823EDB221796D2226E70000772A02088B
:10AA20009E1E00201E2800203EB5002416480094DB
:10AA3000019414490294C0E900148460C460046164
:10AA400044618461C461046280F824400125856208
:10AA500080F82C401021C0E90D1480F83C40FDF72F
:10AA600007FE08B1FDF73AFA1720CDE9000569465F
:10AA700002940548FDF74AFD002801D0FDF72EFAA3
:10AA80003EBD00000024014058580020114808B580
:10AA9000016841F0807101600068002200F0807060
:10AAA000009003210D20FEF74BFA0D20FEF73AFA35
:10AAB000002202210F20FEF743FA0F20FEF732FAA0
:10AAC000002204211020FEF73BFABDE808401020C8
:10AAD000FEF728BA1C3802402DE9F04F87B0142148
:10AAE0006846F5F7A4FE9F4800689E4940F01000B4
:10AAF0000860086800F010000590086840F0040045
:10AB00000860086800F004000590086840F0200024
:10AB10000860086800F0200005900846006840F0D2
:10AB200001000860086800F001000590086840F026
:10AB300002000860086800F002000590086840F014
:10AB4000080008600868012200F0080005904FF432
:10AB500082718548FEF751F9002248F2400182488F
:10AB6000FEF74BF9DFF80492002281214846FEF7F8
:10AB700044F94FF47F4B002259467D48FEF73DF9DA
:10AB80004FF4E074012221467A48FEF736F900229C
:10AB90004FF490517748FEF730F901228021744834
:10ABA000FEF72BF9012221467348FEF726F97E2095
:10ABB0000326CDE900060025694602954846FEF7C2
:10ABC0002DF84EF22F00CDE900066946029569483E
:10ABD000FEF724F841F23B00CDE9000669460295F4
:10ABE0006148FEF71BF84FF0040A01240227CDF854
:10ABF00000A00396CDE9014769465B48FEF70EF8D1
:10AC00004FF40068CDF800800396CDE9014769460E
:10AC10005548FEF703F8002241465348FEF7EDF889
:10AC20004FF0400801AACDF8008082E87000694624
:10AC30004D48FDF7F3FF4CF60760CDE90006694685
:10AC400002954D48FDF7EAFF81208DE83100694605
:10AC500048460395FDF7E2FF4FF47E40CDE900053D
:10AC6000694648460295FDF7D9FF4FF08009CDE9C6
:10AC7000009569463C480295FDF7D0FF1020CDE9CC
:10AC8000000569463B480295FDF7C8FF3003CDE952
:10AC90000005694638480295FDF7C0FFCDE900B4CC
:10ACA000CDE9024669463248FDF7B8FFCDE9008498
:10ACB00069463048CDE90245FDF7B0FF4FF49C509E
:10ACC000CDE90004CDE9024669462A48FDF7A6FF12
:10ACD0002003CDE90004CDE9024669462548FDF789
:10ACE0009DFF4FF48078CDE90084CDE902466946A6
:10ACF0001D48FDF793FFCDF800A0CDE90165694639
:10AD00001E48FDF78BFFE003CDE90004029469467D
:10AD100015480394FDF782FF1F20CDE90006694620
:10AD200002951348FDF77AFF01AACDF8009082E85A
:10AD3000700069460E48FDF771FFC020009001AA1F
:10AD4000112082E8510069460B48FDF767FFCDE905
:10AD50000084CDE9024769460748FDF75FFF07B069
:10AD6000BDE8F08F1C380240000002400010024095
:10AD7000000C02400008024000040240001402409F
:10AD8000094810B5074901600321416040F6FF7191
:10AD90008160FEF73DF8002803D0BDE81040FDF7C4
:10ADA0009DB810BD00300040AC5800200D4810B5D3
:10ADB0000B4901604FF482714160002181604FF4C2
:10ADC0000072C160C0E9062181620A21C162FEF7FA
:10ADD00037FC002803D0BDE81040FDF77FB810BD58
:10ADE00000300140B858002010B586B00024174844
:10ADF000009401940294039404944FF080410594CC
:10AE000001601F21C0E9011440F2E731C0E90314D9
:10AE100080214161FEF7DCFD08B1FDF75FF84FF4DA
:10AE20008050009069460948FEF740FE08B1FDF7E2
:10AE300055F8049404A905480594FEF795FD0028EB
:10AE400001D0FDF74BF806B010BD000010590020EE
:10AE50000C4810B50A4901604FF4E131416000210E
:10AE600081600C22C160C0E904128161C161FFF7F9
:10AE700085F8002803D0BDE81040FDF72FB810BDBD
:10AE800000380140505900200C4810B50A490160B3
:10AE90004FF416514160002181600C22C160C0E96D
:10AEA00004128161C161FFF769F8002803D0BDE891
:10AEB0001040FDF713B810BD004400409459002025
:10AEC0000C4810B50A4901604FF416514160002149
:10AED00081600C22C160C0E904128161C161FFF789
:10AEE0004DF8002803D0BDE81040FCF7F7BF10BDB7
:10AEF00000480040D8590020FEE7000070B511F06E
:10AF00009FF9714C0B2804F108056FD01FDC022853
:10AF100050D0042870D008286AD1A079032867D1BE
:10AF200004F052FF0DF00AF8407922285BD00DF0B2
:10AF30000BF8294600F0CEF80DF000F840792228F1
:10AF400057D00DF001F8BDE87040FAF756BE0C2856
:10AF500015D0122870D013284AD1E079632847D140
:10AF6000207A122844D104F02FFF0DF07BFE032835
:10AF70003ED1BDE870400121022009F057BBA07905
:10AF8000032835D12220FAF789FA0CF0D7FF40794F
:10AF900022280CD00CF0D8FF294600F0C3F811F09D
:10AFA00009F90CF0CBFFBDE8704000F00FBB0CF0CE
:10AFB000C5FFF1E7A079032879D104F005FF0CF073
:10AFC000BDFF407922280BD00CF0BEFF0C22294691
:10AFD00000F099F80CF0B2FFBDE8704000F0D4BA70
:10AFE0000CF0ACFFF2E70CF0A9FFA2E725E003E0CC
:10AFF0005DE00CF0A3FFA6E7A079032857D104F089
:10B00000E3FE0CF09BFF407922280FD00CF09CFF50
:10B01000294600F087F80CF091FF4079222808D0EB
:10B020000CF092FFBDE87040FAF7E0BD0CF086FF2F
:10B03000EEE70CF083FFF5E73AE0A079102836D16F
:10B0400004F0C2FE0DF00EFE3D2814D008DC0328EB
:10B050000DD038280FD03A280DD03C2827D10AE04F
:10B060003E2808D03F2806D0402820D103E0012107
:10B07000022009F0DBFA0121022009F0D7FA0DF0D5
:10B08000F7FD8068114900690069006981600DF071
:10B09000EFFD80680E49006900690069C1600DF02C
:10B0A000E7FD80680421006900690069417170BD95
:10B0B000A0791028FBD104F087FE0DF0D3FD3728CE
:10B0C0003FF457AF70BD000054560020C719020866
:10B0D000CB19020810B5002814D00A782E2430327B
:10B0E0008277C4774A78303280F82020002280F8B6
:10B0F00021208B78303300F81A3F4470C978303102
:10B100008170C27010BD30B5002809D0002305E061
:10B11000CC5CC5185B1C85F85540DBB29342F7D375
:10B1200030BD00002DE9FE4F04007DD0087884F882
:10B130007000487884F87100887884F87200C878C4
:10B1400084F87300087904F8680F4879607088798A
:10B15000A070C879E070087A2071487A6071887AA6
:10B16000A071C87AE071087E2074487E6074887E81
:10B17000A074C87EE074087F2073487F6073887F66
:10B18000A073C87FE073683C13F022FEA8B1A06EE4
:10B1900015F0D8F87A4A7B4B14F0AAFE00227A4BBD
:10B1A00014F092FB14F05EFB7849A066884203DC41
:10B1B0004FF08441884200DAA166754DA06F2946A0
:10B1C00015F0B8FA15F0BEF8CDE9000171A208211A
:10B1D00004F13E00F5F790F92946606F15F0AAFAE0
:10B1E00015F0B0F8CDE900016AA2082104F146008B
:10B1F000F5F782F9207804F12A07410704F13006B7
:10B2000004F1370526D520F004002070206F60611E
:10B21000A06E15F097F8CDE9000160A2062138462E
:10B22000F5F76AF9E06E00E012E015F08BF8CDE971
:10B2300000015CA207213046F5F75EF9206F15F09A
:10B2400081F8CDE9000157A207212846F5F754F906
:10B25000BDE8FE8F216FA06815F0A0F8A060E16E38
:10B26000E06815F09BF8E060A16E206915F096F893
:10B2700020612046F9F7CAFA206F6061E079401C2E
:10B28000C0B2E0710328E3D315F00CFA80464146C2
:10B29000206915F0F1F802904146E06815F0ECF8ED
:10B2A00083464146A06815F0E7F8824613F0B8FCE3
:10B2B000DFF8F8904FF0000890B313F071FD02280A
:10B2C0002FD399F8001004F19C0001904A460C38E5
:10B2D00004F1A809009051B182F80080009804F0B0
:10B2E000BBFD019804F0B8FD484604F0B5FD514699
:10B2F000009804F0E4FD5946019804F0E0FD48464A
:10B30000029904F0DCFD484604F0BCFD0290009870
:10B3100004F0B8FD8246019804F0B4FD834603E0D2
:10B32000FFE7012189F800102046FAF70AFBE8B987
:10B33000029815F007F8CDE9000118A20621384659
:10B34000F5F7DAF8584614F0FDFFCDE9000115A233
:10B3500007213046F5F7D0F8504614F0F3FFCDE959
:10B36000000110A207212846F5F7C6F884F80780E7
:10B37000C4F80880C4F80C80C4F8108068E70000A6
:10B38000CDCCCCCCCCCCFC3F0000404000000C43EA
:10B3900000007A4425352E326600000025352E3116
:10B3A0006600000025362E3266000000205800207E
:10B3B00010B5002823D01248222200F8452F102271
:10B3C0004270632282700022C270027102224271B6
:10B3D00004228271C1710A0A02720A0C4272090EB9
:10B3E00081720D2100F8421C0548453001F02EFC09
:10B3F00011F088F9BDE810400B2011F0AFB910BD75
:10B400005456002010B5002823D0124822220023D1
:10B4100000F8452F10224270632282700222C2700F
:10B420000371427104228271C1710A0A02720A0C0C
:10B430004272090E81720D2100F8421C0548453008
:10B4400001F004FC11F05EF9BDE810400B2011F092
:10B4500085B910BD5456002010B5002823D01248DD
:10B460002222002300F8452F1022427063228270AE
:10B470000422C2700371022343718271C1710A0AEE
:10B4800002720A0C4272090E81720D2100F8421CF0
:10B490000548453001F0DAFB11F034F9BDE8104001
:10B4A0000B2011F05BB910BD5456002010B50028D8
:10B4B0001FD010482221012200F8451F10214170A1
:10B4C000632181701221C170002101714271022338
:10B4D0008371C27101720B2100F8421C054845308E
:10B4E00001F0B4FB11F00EF9BDE81040132011F08B
:10B4F00035B910BD5456002010B5002824D013488B
:10B50000222200F8452F1022427063228270062208
:10B51000C270002202710222427104228271C17142
:10B520000A0A02720A0C4272090E81720D2100F899
:10B53000421C0648453001F089FB11F0E3F8BDE8F4
:10B5400010400B2011F00AB910BD00005456002025
:10B550000C4810B5222100F8451F032141706121DC
:10B5600081700021C170017110214171082100F822
:10B57000421C0448453001F069FBBDE810400C2036
:10B5800011F0ECB85456002010B500281AD00E481F
:10B59000222100F8451F03214170622181700021A2
:10B5A000C170017102214171082100F8421C064856
:10B5B000453001F04BFB11F0A5F8BDE81040082024
:10B5C00011F0CCB810BD00005456002010B5002872
:10B5D0001AD00E48222100F8451F03214170622134
:10B5E00081700221C170002101710821417100F8B0
:10B5F000421C0648453001F029FB11F083F8BDE8F4
:10B600001040022011F0AAB810BD000054560020CE
:10B6100010B5002818D00D48222100F8451F03213D
:10B620004170612181700021C1700171102141714F
:10B63000082100F8421C0548453001F007FBBDE831
:10B640001040042011F08AB810BD000054560020AC
:10B6500010B5002824D01348222200F8452F1022CC
:10B660004270632282700822C2700022027102229C
:10B67000427104228271C1710A0A02720A0C42727A
:10B68000090E81720D2100F8421C0648453001F078
:10B69000DDFA11F037F8BDE810400B2011F05EB86C
:10B6A00010BD00005456002010B5002827D0144AC1
:10B6B00040F8681F222102F8451F102151706321B4
:10B6C00091700E21D170002111710221517104215C
:10B6D00091710178D1714178117281785172C0787D
:10B6E000907207480D2102F8421C453001F0AEFA75
:10B6F00011F008F8BDE81040122011F02FB810BD6D
:10B700005456002070B510F09BFD784C0B2804F1C6
:10B71000080572D022DC022853D0042876D00828ED
:10B720006DD1A07904286AD1E079022867D104F0AC
:10B730004BFB0CF003FC40795E2861D00CF004FC5C
:10B74000294613F0C3FD0CF0F9FB40795E285AD06E
:10B750000CF0FAFBBDE87040FAF74FBA0C2815D090
:10B76000122873D013284AD1E0799C2847D1207A37
:10B77000512844D104F028FB0DF074FA03283ED17F
:10B78000BDE870400121022008F050BFA0790428D4
:10B7900035D15E20F9F782FE0CF0D0FB40795E28AF
:10B7A0000CD00CF0D1FB294600F0A6F810F002FDF9
:10B7B0000CF0C4FBBDE8704000F02ABB0CF0BEFBEF
:10B7C000F1E7A07904281AD1E0790C287FD104F0A0
:10B7D000FBFA0CF0B3FB40795E280BD00CF0B4FB05
:10B7E0000C22294613F087FD0CF0A8FBBDE8704041
:10B7F00000F0ECBA0CF0A2FBF2E72BE006E066E00A
:10B800000CF09CFB9CE70CF099FBA3E7A0790428C3
:10B810005DD1E07914285AD104F0D6FA0CF08EFBF1
:10B8200040795E280FD00CF08FFB294600F064F8B9
:10B830000CF084FB40795E2809D00CF085FBBDE854
:10B840007040FAF7D3B90CF079FBEEE740E00CF06A
:10B8500075FBF4E7A079102839D1E0799C2836D11E
:10B8600004F0B2FA0DF0FEF93D2814D008DC0328EC
:10B870000DD038280FD03A280DD03C2827D10AE027
:10B880003E2808D03F2806D0402820D103E00121DF
:10B89000022008F0CBFE0121022008F0C7FE0DF0C7
:10B8A000E7F98068124900690069006981600DF05C
:10B8B000DFF980680F49006900690069C1600DF017
:10B8C000D7F980680421006900690069417170BD81
:10B8D000A0791028FBD1E0799C28F8D104F074FA03
:10B8E0000DF0C0F937283FF44BAF70BD545600201F
:10B8F000C7190208CB1902082DE9FE4F04007DD0BC
:10B90000487884F87000087884F87100C87884F862
:10B910007200887884F87300487904F8680F087911
:10B920006070C879A0708879E070487A2071087AD0
:10B930006071C87AA071887AE071487B2074087BB6
:10B940006074C87BA074887BE074487C2073087C9A
:10B950006073C87CA073887CE073683C13F038FA8D
:10B96000A8B1A06E14F0EEFC7A4A7B4B14F0C0FA3A
:10B9700000227A4B13F0A8FF13F074FF7849A066F9
:10B98000884203DC4FF08441884200DAA166754D9D
:10B99000A06F294614F0CEFE14F0D4FCCDE90001CE
:10B9A00071A2082104F13E00F4F7A6FD2946606F5C
:10B9B00014F0C0FE14F0C6FCCDE900016AA2082113
:10B9C00004F14600F4F798FD207804F12A074107B6
:10B9D00004F1300604F1370526D520F0040020706C
:10B9E000206F6061A06E14F0ADFCCDE900015EA295
:10B9F00006213846F4F780FDE06E00E012E014F016
:10BA0000A1FCCDE900015AA207213046F4F774FDEC
:10BA1000206F14F097FCCDE9000155A207212846BC
:10BA2000F4F76AFDBDE8FE8F216FA06814F0B6FC44
:10BA3000A060E16EE06814F0B1FCE060A16E2069E6
:10BA400014F0ACFC20612046F8F7E0FE206F606146
:10BA5000E079401CC0B2E0710328E3D314F022FE69
:10BA600080464146206914F007FD02904146E06897
:10BA700014F002FD83464146A06814F0FDFC8246A6
:10BA800013F0CEF8DFF8F0904FF0000890B313F009
:10BA900087F902282FD399F8001004F19C00019037
:10BAA0004A460C3804F1A809009051B182F8008090
:10BAB000009804F0D1F9019804F0CEF9484604F05A
:10BAC000CBF95146009804F0FAF95946019804F070
:10BAD000F6F94846029904F0F2F9484604F0D2F922
:10BAE0000290009804F0CEF98246019804F0CAF959
:10BAF000834603E0FFE7012189F800102046F9F7AB
:10BB000020FFE8B9029814F01DFCCDE9000116A24F
:10BB100006213846F4F7F0FC584614F013FCCDE942
:10BB2000000113A207213046F4F7E6FC504614F05A
:10BB300009FCCDE900010EA207212846F4F7DCFC40
:10BB400084F80780C4F80880C4F80C80C4F810801A
:10BB500068E70000CDCCCCCCCCCCFC3F0000404012
:10BB600000000C4300007A4425352E3266000000A8
:10BB700025362E3266000000205800201CB50C46E9
:10BB8000002832D0684600F03FFEDDE9000104F0F5
:10BB9000FBF9164A5E2102F8451F102151709C21C5
:10BBA00091706221D170002111710421517108211D
:10BBB0009171010AD1711072010E5172000C9072D4
:10BBC000200AD0721473200E5073200C9073074813
:10BBD000112102F8421C453001F038F810F092FDB6
:10BBE000BDE81C400B2010F0B9BD1CBD5456002010
:10BBF0001CB50C46002832D0684600F005FEDDE991
:10BC0000000104F0C1F9164A5E2102F8451F102117
:10BC100051709C2191706621D17000211171042115
:10BC2000517108219171010AD1711072010E517286
:10BC3000000C9072200AD0721473200E5073200CE6
:10BC400090730748112102F8421C453000F0FEFFB6
:10BC500010F058FDBDE81C400B2010F07FBD1CBD4E
:10BC6000545600201CB50C46002832D0684600F01F
:10BC7000CBFDDDE9000104F087F9164A5E2102F8E8
:10BC8000451F102151709C2191706A21D1700021B3
:10BC900011710421517108219171010AD171107241
:10BCA000010E5172000C9072200AD0721473200E93
:10BCB0005073200C90730748112102F8421C453044
:10BCC00000F0C4FF10F01EFDBDE81C400B2010F07A
:10BCD00045BD1CBD5456002010B500281BD00E4891
:10BCE0005E2100F8451F062141709C218170512181
:10BCF000C1700021017101214171082100F8421C2D
:10BD00000548453000F0A2FF10F0FCFCBDE81040F3
:10BD1000132010F023BD10BD545600201CB50C4656
:10BD2000002832D0684600F06FFDDDE9000104F024
:10BD30002BF9164A5E2102F8451F102151709C21F3
:10BD400091707221D170002111710421517108216B
:10BD50009171010AD1711072010E5172000C907232
:10BD6000200AD0721473200E5073200C9073074871
:10BD7000112102F8421C453000F068FF10F0C2FCAF
:10BD8000BDE81C400B2010F0E9BC1CBD545600203F
:10BD90000D4810B55E2100F8451F04214170752142
:10BDA00081706921C170002101710A21417108214E
:10BDB00000F8421C0448453000F048FFBDE8104040
:10BDC0000C2010F0CBBC00005456002010B5002809
:10BDD0001BD00E485E2100F8451F042141707521DB
:10BDE00081704521C170002101710121417108213B
:10BDF00000F8421C0548453000F028FF10F082FC96
:10BE0000BDE81040082010F0A9BC10BD5456002019
:10BE100010B500281BD00E485E2100F8451F0421F4
:10BE20004170752181703021C1700021017106219E
:10BE30004171082100F8421C0548453000F006FF1A
:10BE400010F060FCBDE81040022010F087BC10BD6F
:10BE50005456002010B5002819D00D485E2100F876
:10BE6000451F04214170752181706921C170002135
:10BE700001710A214171082100F8421C0448453033
:10BE800000F0E4FEBDE81040042010F067BC10BDD7
:10BE9000545600201CB50C46002832D0684600F0ED
:10BEA000B3FCDDE9000104F06FF8164A5E2102F8E8
:10BEB000451F102151709C2191707621D170002175
:10BEC00011710421517108219171010AD17110720F
:10BED000010E5172000C9072200AD0721473200E61
:10BEE0005073200C90730748112102F8421C453012
:10BEF00000F0ACFE10F006FCBDE81C400B2010F07A
:10BF00002DBC1CBD5456002010B5002827D0144A63
:10BF100040F8681F5E2102F8451F102151709C21D6
:10BF200091707A21D1700021117102215171042187
:10BF300091714178D17101781172C1785172807814
:10BF4000907207480D2102F8421C453000F07EFE39
:10BF500010F0D8FBBDE81040122010F0FFBB10BD60
:10BF600054560020FDF75AF9FEE72DE9F04387B05B
:10BF70000DF1380E81469EE8E011DDE91304CDE9AC
:10BF800004C08DE8E001484600F0C0F8216859B1CE
:10BF900089698161216841612168896948612168F5
:10BFA000886107B0BDE8F0832060FAE770B5044609
:10BFB0000068002808D04569F4F7A3F921682846ED
:10BFC0008142F8D10020206070BD10B5002808D053
:10BFD0008279836940698342847902FB0142F9D105
:10BFE000104610BD10B5002810D08279084C53B20D
:10BFF000432B237001D0442B00D100228369406978
:10C000008342847902FB0142F9D1104610BD000041
:10C01000D05500202DE9FE4388460746040062D033
:10C02000374E10256078D0B101283AD0022802D0CE
:10C03000032855D159E02078B8F1000F00F0010035
:10C0400009D00095CDE901506379E268E178A078E4
:10C05000FCF7B4F844E0CDE9005022693BE02078D9
:10C06000800712D5A0790A2801D2303000E038309C
:10C070003070002070702078082300F00100CDE9B6
:10C080000050E178A0781E4A28E0A1790A20B1FB8F
:10C09000F0F230323270B1FBF0F200FB12103030AF
:10C0A000E8E70CF0DFFD112802D0122818D109E0D2
:10C0B0002078082300F00100CDE90050E178A07855
:10C0C000104A0BE02078104900F00100CDE9005043
:10C0D000A07951F82020E178A0780823FCF7B6F881
:10C0E0006469BC429ED1BDE8FE832078009500F0D3
:10C0F0000100CDE90150A179E06863794218A5E714
:10C10000D1550020CB1C0208005500202DE9F05F1E
:10C110000746DDE90E8A1C4615460E462020DDF84E
:10C1200030B0DDF82890F4F7BDF8002813D0406156
:10C1300080618770C670C560447180F806B00D9943
:10C14000C17180F80880C0F8109002786AF341024B
:10C1500002700B994170BDE8F09F00000C48A0F1FF
:10C160009002C168D161002906D0886928B11062A7
:10C17000017841F0010101707047D0690069D06118
:10C1800083690BB11846F2E78142F6D1704700008F
:10C19000B055002010B510F053F83B4904282FD0BB
:10C1A0000B284ED00C2813D0132825D1C8790B2882
:10C1B00022D1087A33281FD103F006FE0CF052FD7D
:10C1C000032819D10121BDE81040022008F02EBA41
:10C1D0008879032810D10920F9F760F90FF0EAFFF8
:10C1E0000BF0ACFE4079092807D00BF0ADFEF9F753
:10C1F00004FD26490020087010BD0BF09FFEF6E7F5
:10C2000088790328F8D103F0DFFD0BF097FE407921
:10C21000092810D00BF098FE1B49083100F03CF8BB
:10C220000BF08CFE4079092808D00BF08DFEBDE89C
:10C230001040F9F7DBBC0BF081FEEDE70BF07EFE62
:10C24000F5E788790628D7D1C8790B28D4D103F02F
:10C25000BBFD0CF007FD5528CED10121022008F0CE
:10C26000E5F90CF005FD80680949006981600CF072
:10C27000FFFC806807490069C1600CF0F9FC806828
:10C2800004210069417110BD545600202C55002036
:10C29000C7190208CB1902082DE9F047040066D03F
:10C2A000487884F88C00087884F88D00B4F98C60A4
:10C2B000304614F0DFF901462067207804F1370595
:10C2C00042070BD520F004002070616133462846F8
:10C2D000BDE8F04727A20621F4F70EB9B4F88E00A6
:10C2E0003044A4F88E002046F8F790FAB4F98C0098
:10C2F00014F0C0F96061E079401CC0B2E07103281D
:10C3000035D3B4F98E1091FBF0F006B212F08EFC2A
:10C31000194F4FF00009D0B112F048FD022816D392
:10C32000387804F1900820B187F80090404603F077
:10C3300093FD304614F09EF90146404603F0BFFDE0
:10C34000404603F09FFD14F059F906B201E00120C8
:10C3500038702046F9F7F5FA28B9334605A20621C8
:10C360002846F4F7C9F884F80790A4F88E90BDE841
:10C37000F0870000253564002058002010B5002803
:10C380001AD00E48092200F8452F062242700B22CF
:10C3900082700122C2700A0A02714171082100F8FC
:10C3A000421C0648453000F051FC10F0ABF9BDE8E6
:10C3B00010400B2010F0D2B910BD000054560020E0
:10C3C00010B500281BD00E48092100F8451F062192
:10C3D00041700B2181703321C17000210171012155
:10C3E0004171082100F8421C0548453000F02EFC40
:10C3F00010F088F9BDE81040132010F0AFB910BD5F
:10C40000545600200C4810B5092100F8451F03219F
:10C4100041700B2181700021C170017101214171B6
:10C42000082100F8421C0448453000F00FFCBDE82C
:10C4300010400C2010F092B95456002010B500287E
:10C4400018D00D48092100F8451F032141700B2128
:10C4500081700021C170017101214171082100F832
:10C46000421C0548453000F0F1FBBDE810400420B7
:10C4700010F074B910BD0000545600202DE9F043AF
:10C4800087B00DF1380E81469EE8E011DDE9130416
:10C49000CDE904C08DE8E001484600F0F1F82168DC
:10C4A00059B149694161216801612168496908619F
:10C4B0002168486107B0BDE8F0832060FAE700001A
:10C4C0002DE9F041054604680B48002707604760E6
:10C4D000286800280ED02669A06918B104F1180058
:10C4E000FFF764FD2046F3F70CFF28683446A042AE
:10C4F000F1D12F60BDE8F081C85500202DE9FE4F35
:10C50000154602000F464FF0010073D04A4E3168C5
:10C5100009B1716859B932607260716809697160F6
:10C520000969914203D0401CC0B20728F5D3346892
:10C530004FF08341284694F8038013F02FFF834681
:10C540004FF08441284613F029FF82461025B1465A
:10C55000E1785E46A1EB080014F08CF8314614F047
:10C56000E9F80146504613F019FF14F063F8C6B21B
:10C57000207881070BD500F0010206F11100C1B24D
:10C58000701EC0B20CF0A2F8102012F085F92078CD
:10C5900001070AD500F001000095CDE90150A3780C
:10C5A00031460020A268FBF709FE607802280FD010
:10C5B000012828D03FB32078009500F00100CDE994
:10C5C0000150A37831460020A268FBF7F7FD25E073
:10C5D0001FB91A48E26882420DD12078009500F018
:10C5E0000100CDE90150A37831460020A268FBF795
:10C5F00009FE13E01DE02078082300F00100CDE9DA
:10C600000050314607E02078082300F00100CDE912
:10C610000050E26831460020FBF718FEA06910B117
:10C620003946FFF7F7FCD9F8040024690069A042F5
:10C630008ED1BDE8FE8F0000C8550020772A020881
:10C640000E4910B5A1F19003CA68DA61002A06D03C
:10C65000D178814204D1107840F00100107010BDF3
:10C66000D9690969D961CC78844204D1087840F04D
:10C670000100087010BD8A42F2D110BDB0550020F3
:10C680002DE9F05F0746DDE90D8ADDE90A9B1C46CE
:10C6900015460E461C20F3F705FE002816D0006153
:10C6A0004061C77080F8049001780C9A21F0010174
:10C6B0006BF3410162F3820168F3C301017080F8FA
:10C6C00001A086608570C4600F998161BDE8F09F0C
:10C6D0007047000038B51C4A002112681B4C12F04C
:10C6E000F00F23D1184A1C321368DD00184B03D514
:10C6F0001A6802F4C0530EE0156845F080551560C5
:10C70000156805F0805500951B68156803F4C05343
:10C7100025F080551560B3F5C05F07D1B0F5404FE7
:10C7200004D12068012140F004002060206820F03E
:10C73000010008432060206800F00100884201D019
:10C74000012038BD002038BD08380240003C0240BE
:10C750000070004070B512F079F900282CD017490C
:10C760001648491E40780978884225D1144D002288
:10C770004FF400412846FCF740FB0020FBF7B8FBD4
:10C780000024FBF709FE641CE4B2C82CF9D3102185
:10C790000C48FCF725FB28B1012280210A48FCF750
:10C7A0002CFBFEE780212846FCF71AFB012803D06A
:10C7B000BDE87040FCF7F6BB70BD0000E5560020F8
:10C7C0000000024000080240001002400148C0780A
:10C7D00070470000E556002001488078704700004F
:10C7E000E55600200148407870470000E5560020DB
:10C7F0000148407970470000E55600200148007864
:10C8000070470000E5560020044951F8012F0260EE
:10C810008A8882808979817170470000E4560020FF
:10C820000148007970470000E556002001488079F2
:10C8300070470000E5560020054949780844C0B219
:10C840003C2800D33C380249491E0870704700005C
:10C85000E556002038B504461248134D4FF47A735C
:10C860000068B0FBF5F0584300906068B0F5827F37
:10C870000DD10B46009200228021204600F016F8D0
:10C8800070B1606D40F020006065032038BD0098F5
:10C8900030B1401E009020688068C0430006F6D585
:10C8A000002038BD1000002000366E012DE9F8434D
:10C8B0001E46914688460446089DFCF7A3FA401B95
:10C8C000351AFCF79FFA074625480068C0F3CB30BD
:10C8D000684338E0701C37D0FCF794FAC01BA842BC
:10C8E00003D215B1009860B32CE02068416821F0B4
:10C8F000E00141606068B0F5827F0BD1A068B0F5BF
:10C90000004F02D0B0F5806F04D12068016821F09B
:10C9100040010160A06AB0F5005F09D1206801689C
:10C9200021F4005101602068016841F40051016068
:10C93000012084F85100002084F850000320BDE855
:10C94000F8830025401E00902068816838EA0100C5
:10C9500004D000204845BDD10020F0E70120F9E7D0
:10C96000100000207047000070B5184C184D194E8B
:10C9700060686968884218D10FF05CFC0DF0D8FE41
:10C980000BF0E2FA58B170686060307820700FF0F8
:10C9900051FC0DF0CDFE6868606028782070BDE81D
:10C9A00070400121084607F041BE0FF043FC0DF036
:10C9B000BFFE68686060287820700FF03BFC0DF0C7
:10C9C000B7FE706860603078E8E700002458002007
:10C9D0002C5800203458002070B54C4C002560794C
:10C9E0000C2874D00026607940B901200DF034FE87
:10C9F00008B1012077E06079401C6071C0B2012865
:10CA000008D102200DF028FE08B102206BE0607909
:10CA1000401C6071C0B2022808D103200DF01CFE3A
:10CA200008B103205FE06079401C6071C0B2032848
:10CA300008D104200DF010FE08B1042053E0607905
:10CA4000401C6071C0B2042808D105200DF004FE1E
:10CA500008B1052047E06079401C6071C0B205282C
:10CA600008D106200DF0F8FD08B106203BE0607902
:10CA7000401C6071C0B2062808D107200DF0ECFD03
:10CA800008B107202FE06079401C6071C0B2072810
:10CA900008D108200DF0E0FD08B1082023E06079FE
:10CAA000401C6071C0B2082808D109200DF0D4FDE7
:10CAB00008B1092017E06079401C6071C0B20928F4
:10CAC00009D10A200DF0C8FD10B10A200BE00BE0DF
:10CAD0006079401C6071C0B20A2809D10B200DF0AA
:10CAE000BBFD10B10B20607170BD6079401C60719E
:10CAF000C0B20B2803D0002D3FF475AF70BD0020ED
:10CB00000DF0AAFD66710028F5D070BD20550020FB
:10CB100070B54D4C002560790C2873D00B2610F0B1
:10CB2000FF0002D0012807D00FE00B200DF094FD8C
:10CB3000667100287FD178E000200DF08DFD08B1EE
:10CB4000002077E06079401E6071C0B2022808D1F1
:10CB500001200DF081FD08B101206BE06079401EDD
:10CB60006071C0B2032808D102200DF075FD08B134
:10CB700002205FE06079401E6071C0B2042808D1D5
:10CB800003200DF069FD08B1032053E06079401ED9
:10CB90006071C0B2052808D104200DF05DFD08B118
:10CBA000042047E06079401E6071C0B2062808D1B9
:10CBB00005200DF051FD08B105203BE06079401ED5
:10CBC0006071C0B2072808D106200DF045FD08B1FC
:10CBD00006202FE06079401E6071C0B2082808D19D
:10CBE00007200DF039FD08B1072023E06079401ED1
:10CBF0006071C0B2092809D108200DF02DFD10B1D7
:10CC0000082017E017E06079401E6071C0B20A2862
:10CC100008D109200DF020FD08B109200AE0607953
:10CC2000401E6071C0B20B2809D10A200DF014FD1E
:10CC300010B10A20607170BD6079401E6071002DD6
:10CC40003FF46DAF70BD00002055002030B50546A3
:10CC50000C46881E81B22846F7F7A8FD291901F86D
:10CC6000020D000A487030BDC8224FF440710148DF
:10CC700000F0CABFC07B00207CB50025102408232B
:10CC8000464A29462846CDE90045FBF7DFFAFFF77B
:10CC9000A9FD0646FFF7A0FD034641A206213F4835
:10CCA0000096F3F729FC0FF0C5FA01210D2818D2E0
:10CCB000DFE800F00E1B232B333B434B535B636BCE
:10CCC000070008230021394A3C20CDE9004506E051
:10CCD000CDE90041354A0823543A00213C20FBF7B6
:10CCE000B5FABDE87C400BF015BECDE900412F4AF6
:10CCF00008234D3A00213C20F1E7CDE900412B4AC1
:10CD00000823463A00213C20E9E7CDE90041274AC3
:10CD100008233F3A00213C20E1E7CDE90041234AC6
:10CD20000823383A00213C20D9E7CDE900411F4AC9
:10CD30000823313A00213C20D1E7CDE900411B4ACC
:10CD400008232A3A00213C20C9E7CDE90041174ACF
:10CD50000823233A00213C20C1E7CDE90041134AD2
:10CD600008231C3A00213C20B9E7CDE900410F4AD5
:10CD70000823153A00213C20B1E7CDE900410B4AD8
:10CD800008230E3A00213C20A9E7CDE90041074ADB
:10CD90000823D21F00213C20A1E70000715500208C
:10CDA000253032643A25303264000000B71D020895
:10CDB000FCF760B800B593B034216846F3F737FD4F
:10CDC00014210DA8F3F733FD1848016821F4C05170
:10CDD00041F4006101600B200090012010210190BE
:10CDE000CDE90301059002200990C0030A904FF499
:10CDF00040200B9088040C906846FCF71DFA08B19F
:10CE000072B6FEE70F200D9003200E9000200F90C9
:10CE10001090119001210DA8FCF7D8F808B172B656
:10CE2000FEE7FCF7A3F913B000BD0000007000405E
:10CE3000704700000148FCF7A5BE00001059002013
:10CE4000F0B502684FF0804C184C194D194E1A4F2E
:10CE5000604507D0A04205D0A84203D0B04201D01F
:10CE6000B84205D122F070034A681A4360450DD0DC
:10CE7000A0420BD0A84209D0B04207D0B84205D09A
:10CE80000E4B984202D00E4B984203D122F44073CD
:10CE9000CA681A430B6922F080021A4302608A684A
:10CEA000C2620968816201214161F0BD0004004055
:10CEB00000080040000C004000080140000C014048
:10CEC0000010014010B5846842EA032224F47F4434
:10CED0000A432243826010BD826822F070020A4336
:10CEE00042F007018160704710B5046A036A23F0BD
:10CEF00001030362836923F0F00343EA021324F081
:10CF00000A020A438361026210BD10B5036A23F06E
:10CF1000100303628469036A24F4704444EA023211
:10CF200023F0A00343EA01118261016210BD0000F9
:10CF300070B50FF085F97C4C0C2804F1080537D04A
:10CF40001ADC02284FD004287ED0082867D00B288E
:10CF50007BD1A079102878D1E0799C2875D102F096
:10CF600033FF0BF07FFE032870D04F281AD05028D3
:10CF700018D0512869D115E0122868D0132867D03D
:10CF8000192862D1A07904285FD102F01DFF0BF0AF
:10CF900069FE4F2803D0502801D0512855D1607A1E
:10CFA00001287CD00AF0CAFFBDE8704000F092BAB8
:10CFB000A079042849D15B20F8F770FA0FF0FAF84D
:10CFC0000AF0BCFF40795B280AD00AF0BDFF294671
:10CFD00000F0B0F80AF0B2FFBDE8704000F038BAD7
:10CFE0000AF0ACFFF3E7A07904287FD1E0790C28A0
:10CFF0007CD102F0E9FE0AF0A1FF40795B280BD05A
:10D000000AF0A2FF0C22294612F075F90AF096FFE9
:10D01000BDE8704000F0FAB90AF090FFF2E7A0799D
:10D02000042863D102F0D0FE0AF088FF40795B2823
:10D0300015D00AF089FF294612F048F90AF07EFF60
:10D0400040795B280ED004E00FE04FE065E04EE051
:10D0500057E00AF079FFBDE87040F8F7CEBD0AF05E
:10D060006DFFE8E70AF06AFFF5E7A07904283DD1F3
:10D07000E07908283AD102F0A7FE0AF05FFF407974
:10D080005B2811D00AF060FF294600F053F80AF03F
:10D0900055FF40795B280AD00AF056FF00E009E00E
:10D0A000BDE87040F8F7A2BD0AF048FFECE70AF0CF
:10D0B00045FFF3E70121022007F0B8FA0BF0D8FD95
:10D0C00080681A4900690069006981600BF0D0FD31
:10D0D00080681749006900690069C1600BF0C8FDEC
:10D0E00080680421006900690069417170BDE079C0
:10D0F0009C28FBD102F068FE0BF0B4FD37280CD061
:10D1000070BDE0799C28FBD1207A5128F8D102F03B
:10D110005BFE0BF0A7FD0328F2D1BDE870400121B2
:10D12000022007F083BA000054560020C7190208F5
:10D13000CB1902082DE9FF5F040052D0487884F82B
:10D140007000087884F87100C87884F872008878D4
:10D1500084F87300487984F87800087984F87900B5
:10D16000C87984F87A00887984F87B006549A06FD3
:10D1700013F0E0FA13F0E6F8CDE9000162A208210D
:10D1800004F13E00F3F7B8F90025A566E5662078BE
:10D1900004F12A08420704F1300704F1370622D5CA
:10D1A00020F004002070206F60610020CDE90000B5
:10D1B00055A206214046F3F79FF9E06E13F0C2F83E
:10D1C000CDE9000152A207213846F3F795F9206F07
:10D1D00013F0B8F8CDE900014DA207213046F3F76E
:10D1E0008BF9BDE8FF9F216FA06813F0D7F8A0600E
:10D1F0002946E06813F0D2F8E0602946206913F070
:10D20000CDF820612046F7F701FB206F6061E079DF
:10D21000401CC0B2E0710328E3D313F043FA814607
:10D220004946206913F028F983464946E06813F01F
:10D2300023F982464946A06813F01EF9029011F0C6
:10D24000FBFCDFF8D49088B311F0B6FD02282ED392
:10D2500099F8001004F19C0000904A460C3804F143
:10D26000A809039049B11570039802F0F5FD0098E4
:10D2700002F0F2FD484602F0EFFDDDE9021002F097
:10D280001EFE5146009802F01AFE5946484602F02A
:10D2900016FE484602F0F6FD8346039802F0F2FDC2
:10D2A0000290009802F0EEFD824603E0FFE70121C4
:10D2B00089F800102046F8F744FBE8B9584613F007
:10D2C00041F8CDE9000110A206214046F3F714F918
:10D2D000504613F037F8CDE900010DA2072138467A
:10D2E000F3F70AF9029813F02DF8CDE9000108A22E
:10D2F00007213046F3F700F9E571A560E560256187
:10D300006FE7000000007A4425352E3266000000E9
:10D3100025362E32660000002058002010B5002867
:10D320001BD00E485B2100F8451F062141709C214F
:10D3300081705121C17000210171012141710821C9
:10D3400000F8421C05484530FFF780FC0FF0DAF981
:10D35000BDE8104013200FF001BA10BD5456002054
:10D360001CB50C46002832D06846FFF74DFADDE9BF
:10D37000000102F009FE164A5B2102F8451F102148
:10D3800051709C2191706021D17000211171042194
:10D39000517108219171010AD1711072010E5172FF
:10D3A000000C9072200AD0721473200E5073200C5F
:10D3B00090730748112102F8421C4530FFF746FCE4
:10D3C0000FF0A0F9BDE81C400B200FF0C7B91CBD41
:10D3D000545600200C4810B55B2100F8451F04216D
:10D3E0004170752282706922C270002202714171FF
:10D3F000082100F8421C04484530FFF727FCBDE82F
:10D4000010400C200FF0AAB95456002010B5002887
:10D410001BD00E485B2100F8451F04214170752187
:10D4200081704521C17000210171012141710821E4
:10D4300000F8421C05484530FFF708FC0FF062F980
:10D44000BDE8104008200FF089B910BD54560020E7
:10D4500010B500281BD00E485B2100F8451F0421A1
:10D460004170752181703021C17000210171062148
:10D470004171082100F8421C05484530FFF7E6FBE2
:10D480000FF040F9BDE8104002200FF067B910BD61
:10D490005456002010B5002818D00D485B21752285
:10D4A00000F8451F0421417082706922C270002279
:10D4B00002714171082100F8421C05484530FFF710
:10D4C000C5FBBDE8104004200FF048B910BD0000B6
:10D4D0005456002010B500281BD00E485B2100F8E0
:10D4E000451F04214170752181706621C1700021A2
:10D4F000017101214171082100F8421C05484530A5
:10D50000FFF7A4FB0FF0FEF8BDE8104019200FF064
:10D5100025B910BD545600201CB50C46002832D049
:10D520006846FFF771F9DDE9000102F02DFD164AAA
:10D530005B2102F8451F102151709C2191706421DC
:10D54000D170002111710421517108219171010ADA
:10D55000D1711072010E5172000C9072200AD072BB
:10D560001473200E5073200C90730748112102F899
:10D57000421C4530FFF76AFB0FF0C4F8BDE81C40C1
:10D580000B200FF0EBB81CBD545600201CB50C4608
:10D59000002832D06846FFF737F9DDE9000102F0D4
:10D5A000F3FC164A5B2102F8451F102151709C21A3
:10D5B00091706821D17000211171042151710821ED
:10D5C0009171010AD1711072010E5172000C9072AA
:10D5D000200AD0721473200E5073200C90730748E9
:10D5E000112102F8421C4530FFF730FB0FF08AF89A
:10D5F000BDE81C400B200FF0B1B81CBD54560020F4
:10D6000010B5406A0021C185C184FCF79DFB10BDA7
:10D6100070B5446A2068406994F83D10C0F3C010AA
:10D620000025212904D118B1E584204600F067F8CF
:10D630002068406994F83E10C0F38010222904D17C
:10D6400018B1E585204600F042F8206C40F010004B
:10D6500020642046FCF778FB70BD10B50146406A97
:10D660000968096889061BD40021C1850168CA6858
:10D6700022F48072CA6001684A6922F001024A619C
:10D6800001684A6922F040024A61202180F83E1078
:10D69000016B012904D10168CA6822F01002CA6036
:10D6A000016B012902D0FCF786FD10BD818DFCF7CE
:10D6B00015FB10BD10B5406A016B012902D0FCF7C3
:10D6C00086FD10BD818D4908FCF708FB10BD01687F
:10D6D000CA6822F49072CA6001684A6922F00102A5
:10D6E0004A61016B012904D10168CA6822F0100265
:10D6F000CA60202180F83E10002101637047016854
:10D70000CA6822F0C002CA60202180F83D1070472C
:10D7100008B590F83E10222901D0022008BD81688A
:10D720004FF48053994201D1026922B1826A994231
:10D730001BD049B10AE00268816A5268C2F308024C
:10D740000A80816A891C08E0016971B10168496831
:10D7500001F07F011170816A491C8162C18D491EEF
:10D760000904090CC18503D019E001684968F1E793
:10D770000168CA6822F02002CA600168CA6822F4FF
:10D780008072CA6001684A6922F001024A61202160
:10D7900080F83E10016B012903D0FCF70CFD00203E
:10D7A00008BD002101630168CA6822F01002CA6046
:10D7B00001680A68D20602D50A6849680091818D1D
:10D7C000FCF78CFAEBE700002DE9F0410446006815
:10D7D0000169E26821F4405111430161A1682069A7
:10D7E000E26901436069104301432068C26849F25D
:10D7F0000C639A430A43C26020684169A26921F41C
:10D8000040711143416135492068884202D1FBF7DC
:10D81000C3FC01E0FBF7B0FCE16964223223B1F5FF
:10D82000004F00EBC00101EB001160682BD08000BD
:10D83000B1FBF0F5B5FBF2F5B1FBF0F66FF01807B0
:10D840007D4306EB8505B1FBF0F603EB0515B5FB53
:10D85000F2F5B6FBF2F605F0F00505EB0615B1FBA7
:10D86000F0F6B1FBF0F0B0FBF2F0784306EB80008D
:10D8700003EB0010B0FBF2F000F00F002168284429
:10D880008860BDE8F0814000B1FBF0F6B6FBF2F62F
:10D89000B1FBF0F7B1FBF0F56FF0180C06FB0CF6DE
:10D8A00007EB860603EBC606B5FBF2F5B6FBF2F610
:10D8B0002D0106F0F80605EB4605B1FBF0F6B1FBCD
:10D8C000F0F0B0FBF2F000FB0CF006EB800003EB95
:10D8D000C000B0FBF2F000F00700CFE700380140D5
:10D8E00037B582B01346039A8262838500250446C9
:10D8F0000564222084F83E00A16B13488862A16B66
:10D900001248C862A16B12480863A06B4563216886
:10D91000A06B091DFBF738F9206801684168009188
:10D9200084F83C50C16841F48071C160206841694D
:10D9300041F0010141612068416941F040014161CC
:10D9400005B0002030BD00005BD60008B5D6000849
:10D9500011D600082DE9F0411E46174688460446B8
:10D96000069D1CE0681C1AD025B1FBF74BFA801B02
:10D97000A84214D92068C16821F4D071C160206820
:10D98000416921F001014161202084F83D0084F8C3
:10D990003E00002084F83C000320BDE8F0812068B0
:10D9A000016838EA010004D00020B842DAD0002033
:10D9B000F3E70120F9E7000010B50448FCF7D8F9B7
:10D9C000BDE810400148FCF7C0B9000050590020E4
:10D9D00010B50448FCF7CCF9BDE810400148FCF74D
:10D9E000B4B900009459002010B50448FCF7C0F900
:10D9F000BDE810400148FCF7A8B90000D859002044
:10DA000070B50020FAF774FA0024FAF7C5FC641C1C
:10DA1000E4B2C82CF9D3264C10212046FBF7E0F9DC
:10DA2000244E254DD8B90120307018E00CF010FCC0
:10DA30000AF07AFC18B102F0A1F90DF07BF90AF0B6
:10DA40005DFC18B102F07EF9FAF7A6FC01F06CFE5D
:10DA50000AF06AFC18B102F091F9FCF755FC1021AC
:10DA60002046FBF7BDF928B9287818B910F0F4FF63
:10DA70000028DBD00020FAF73BFA0024FAF78CFCF0
:10DA8000641CE4B2C82CF9D3307801280CD1287872
:10DA900050B900224FF400410848FBF7AEF90122CB
:10DAA00080210748FBF7A9F9BDE8704011F0D6BC0A
:10DAB000000802400000002006570020000002403D
:10DAC00000100240FEE7000010B500F0EBF800F097
:10DAD00095F8094C002280212046FBF78EF9C720DB
:10DAE00000F076F8012280212046FBF786F9BDE898
:10DAF000104000F083B80000000C024070B5040331
:10DB000000F0D0F800F07AF80E4D0022802128466F
:10DB1000FBF773F9202000F05BF8C4F3074000F036
:10DB200057F8C4F3072000F053F8E0B200F050F8C3
:10DB3000012280212846FBF760F9BDE8704000F023
:10DB40005DB80000000C02402DE9F041134F15466E
:10DB50000C460646002280213846FBF74EF903208A
:10DB600000F036F8C4F3074000F032F8C4F30720A1
:10DB700000F02EF8E0B200F02BF8002405E0FF20C2
:10DB800000F026F83055641CA4B2AC42F7D33846F6
:10DB9000BDE8F04101228021FBF72FB9000C0240C3
:10DBA00070B50A4C002280212046FBF726F905209B
:10DBB00000F00EF8FF2000F00BF80546012280214E
:10DBC0002046FBF71AF9284670BD0000000C024001
:10DBD00001B582B000208DF804000A2000900123D6
:10DBE00001AA02A90448FBF7BDFD10B1FF208DF882
:10DBF00004009DF804000EBDB858002010B5FFF7D2
:10DC0000CFFFC007FBD110BD2DE9F05FC1F30B06BC
:10DC1000DFF88C800F0BC6F580548A468146154686
:10DC2000A24200D8144639038B464FF48052404636
:10DC3000FFF78AFF002006E0321818F80210FF29CB
:10DC400003D1401C80B2A042F6D3A04221D2384674
:10DC5000FFF754FF002006E019F800208319401C4C
:10DC600008F8032080B2A042F6D359464FF4805200
:10DC7000404600F02BF8A5420FD0281BA144A24437
:10DC8000002685B24FF480547F1CA542CBD82C4689
:10DC9000C9E7224651464846EBE7BDE8F09F000041
:10DCA0003068002010B5084C002280212046FBF788
:10DCB000A4F80620FFF78CFF20460122BDE81040A3
:10DCC0008021FBF79AB80000000C02402DE9F041DA
:10DCD0000746C8B2C0F580740E461546A24200D869
:10DCE00014464FF4807822463146384600F00EF84C
:10DCF000A54208D0281B2744264485B24446A542A5
:10DD0000F1D82C46EFE7BDE8F08100002DE9F041A5
:10DD100015460C460646FFF7C5FF134F002280212B
:10DD20003846FBF76AF80220FFF752FFC4F30740BA
:10DD3000FFF74EFFC4F30720FFF74AFFE0B2FFF7FB
:10DD400047FF002404E0305DFFF742FF641CA4B2EB
:10DD5000AC42F8D3012280213846FBF74EF8BDE8EB
:10DD6000F041FFF74BBF0000000C0240810901F0B9
:10DD7000010201F00201C2EB0212C1EB011102EB40
:10DD80000111CBB2010901F0010270B501F00201ED
:10DD9000C2EB0212C1EB011102EB0111CCB28108FE
:10DDA00001F0010201F00201C2EB0212C1EB01110C
:10DDB00002EB0111CDB200F0010100F00200C1EB55
:10DDC0000111C0EB001001EB0010C6B2184600F0C4
:10DDD0003DF8204600F03AF8284600F037F8304683
:10DDE000BDE8704000F032B82DE9F041144D07460F
:10DDF0004FF48074002221462846FAF7FEFF114EA8
:10DE0000002261003046FAF7F8FF01222146304631
:10DE1000FAF7F3FF002280213046FAF7EEFF394689
:10DE2000094810F061FD002221463046FAF7E5FF6F
:10DE300021462846BDE8F0410122FAF7DEBF000086
:10DE40000000024000080240000C02402DE9F041B1
:10DE5000144D07464FF48074002221462846FAF7F5
:10DE6000CCFF114E012251023046FAF7C6FF0122C3
:10DE700021463046FAF7C1FF002280213046FAF7EA
:10DE8000BCFF3946094810F02FFD002221463046DC
:10DE9000FAF7B3FF21462846BDE8F0410122FAF720
:10DEA000ACBF00000000024000080240000C02402D
:10DEB000490050EAC12018BF04204A0D18BF40F0A5
:10DEC000010040F2FF72B2EB515F08BF40F0020068
:10DED000012808BF052070470907090E002804DB48
:10DEE00000F1E02080F80014704700F00F0000F10E
:10DEF000E02080F8141D704740F2013200204FF0FE
:10DF0000E04112F0CBBD0000024A0020110712F0E0
:10DF1000C5BD000001FDFFFF10B50446D1E90001B9
:10DF200000F002F8206010BDF8B504460D466A46C0
:10DF300002F07CF800987E30009000281EDC002261
:10DF400013462046294611F0D3FE17D0002140F693
:10DF500008004FF0000006462046294611F082FCDA
:10DF6000044640F6080006EA00014FF0000034F0D5
:10DF7000004004BF0220F2F7DCFC29E00098FF28F3
:10DF800028DB002108464FF0000000F44006002284
:10DF900013462046294612F0A9F88CBF002501251A
:10DFA0000220F2F7C6FC4FF0FF4446B1002D0CBF33
:10DFB0004FF400004FF48000B04218BF084C042119
:10DFC00008464FF00000002D04BF84F00040F8BD6B
:10DFD0002046F8BD20462946BDE8F84011F042BC75
:10DFE000FFFF7F7F10B504460A46D4E900031946B7
:10DFF0000CF0F8FAC4E9000110BD30380A2801D24B
:10E0000001207047002070472DE9F04100250E46A1
:10E0100007462C4607E057F82410284612F0BEF9B0
:10E02000641C0546E4B2B442F5D3304612F03AFB24
:10E0300001462846BDE8F04112F01EBA30B583B063
:10E040000446F2F771FC05460020CDE900000246C7
:10E0500021466846F2F720FF2846F2F76AFCDDE920
:10E06000000103B030BD00002DE9F04F85B0064639
:10E0700010F0F2FC0200B248B24D00F184010491AC
:10E0800000F16301039100F1420100F121004FF022
:10E090000B04A5F10209CDE9010174D010F0DCFCFC
:10E0A000DFF8A4A218B14FF06632A84B01E0A84AED
:10E0B000A84B17469846304612F044F983463A4634
:10E0C0004346009112F012F806D82878000766D46B
:10E0D00016230094049A49E010F0BEFC18B14FF0EA
:10E0E00066329D4B01E09D4B00225846009911F08D
:10E0F000FDFF17D810F0B0FC18B14FF06632934B0B
:10E1000001E0934A934B5846009911F0B5FE09D2AD
:10E11000287840F008002870400740D41623009467
:10E12000039A23E010F098FC10B18D4A8D4B01E06A
:10E13000874A8D4B5846009911F0D8FF1BD810F034
:10E140008BFC18B14FF06632834B01E0834B002209
:10E150005846009911F090FE0DD2287840F0040046
:10E16000287080071BD4029A162300940421822071
:10E17000F9F71CFF13E0564511DB10F06DFC18B1E8
:10E18000774A784B02E029E0714A774B584600996C
:10E1900011F072FE03D2287840F00300287028782E
:10E1A000C00712D099F8010040B1002089F80100A1
:10E1B0004FF01603009418B1019A02E00120F5E730
:10E1C0005F4A04218220F9F7F1FE564534DA5C4AB1
:10E1D0001623A5320421822000944CE010216348CC
:10E1E000FAF7FEFD58BB6248864228DC99F8030026
:10E1F0004D4630B1012808D002280AD003280CD09F
:10E2000012E016230094019A0AE016230094029A61
:10E2100006E016230094039A02E0049A1623009461
:10E2200004218220F9F7C2FEE878401CC0B2E870F1
:10E23000042801D30020E87005B0BDE8F08F10F08D
:10E240000BFC18B14FF06632404B01E0404A414BA5
:10E2500017469846304612F075F8894606463A4603
:10E26000434611F043FF09D828780007E4D4162369
:10E270000094049A61E0F9F799FEDDE710F0ECFBF9
:10E2800018B14FF06632344B01E0344B0022304677
:10E29000494611F02BFF17D810F0DEFB18B14FF0F4
:10E2A00066322A4B01E02A4A2A4B3046494611F091
:10E2B000E3FD09D2287840F0080028704007BBD45D
:10E2C00016230094039A38E010F0C6FB10B1244ADC
:10E2D000244B01E01E4A244B3046494611F006FF0C
:10E2E00017D810F0B9FB18B14FF066321A4B01E0A5
:10E2F0001A4B00223046494611F0BEFD09D228785B
:10E3000040F004002870800796D416230094029AE7
:10E3100013E010F0A1FB10B1114A124B01E00C4ABE
:10E32000114B3046494611F0A7FD85D228781623B7
:10E3300040F002002870019A0094042182209AE79C
:10E34000DC1D0208EA5700209A99193F66661240C0
:10E350009A99999999990D406666104000000C4071
:10E36000CDCCCCCCCCCC0C409999094000080240D3
:10E370003333834038B51A4B2C211A4A984228DC93
:10E38000194C207930B1012808D002280CD003287C
:10E3900010D015E05823154A00910DE00091582344
:10E3A0003A21134A242009E0009158233A21114AC6
:10E3B000242003E0582300913A212420F9F7F6FDA8
:10E3C0002079401CC0B22071042801D300202071A4
:10E3D00038BD009158233A212420F9F7E7FD38BDD4
:10E3E000333383404E240208E8570020A21E02085F
:10E3F000862002086A22020800F00F01000900EBE3
:10E40000800001EB4000C0B27047000070B510F012
:10E4100025FC1D4E1D4C002578B1607868B10122A5
:10E4200040213046FAF7E9FC2078401CC1B2217047
:10E43000322920D3257065701EE010F06BFAD8B138
:10E44000A078C8B12079C00701D0002200E00122E5
:10E4500040213046FAF7D1FCE078401CC0B2E070B1
:10E46000322808D3E5702079401CC0B220710428FE
:10E4700001D32571A57070BD3046BDE87040002203
:10E480004021FAF7BABC000000000240005800200A
:10E4900003490022034BD1E9020111F0D1BA000077
:10E4A0003056002000408F401CB514490860F9F731
:10E4B000AFFFB621E020F4F713FD1420FAF79CFB20
:10E4C00003208DF8000001248DF801408DF8020032
:10E4D0006846F4F7FAFC00208DF8040004208DF85B
:10E4E00005008DF8064001A8F4F7E4FCFF21742034
:10E4F000F4F7F6FC0A20FAF77FFB1CBD305600202B
:10E50000FF2000F001B80000084B196809688A680C
:10E51000D2439207FBD4C860186800688168C94379
:10E52000C907FBD1C068C0B2704700003056002058
:10E5300010B50120F4F768FC0028FAD10820F4F7A0
:10E5400063FC0028FAD1F4F785FC044CC4E904010B
:10E55000F4F764FCC4E9020110BD0000305600204D
:10E560002DE9F14F7448734E406811F05AFC4FF09A
:10E57000FF3212F093FA0022704B11F0F9FD0446BD
:10E580000D46B346B6F9100011F04BFC074688461D
:10E5900022462B461046194611F0AAFC43463A463D
:10E5A00011F0A6FC6FF00E0212F078FA80460F46CA
:10E5B000B6F90E0011F035FC22462B4611F098FCFE
:10E5C000012212F06BFA42463B4611F07DF981467A
:10E5D0008A46B6F90C0011F024FC102212F05EFA03
:10E5E000074688466FF001024846514612F056FA37
:10E5F0003A46434611F068F980468946B6F9080064
:10E6000011F00FFC22462B4611F072FC07468A4699
:10E61000B6F90A0011F005FC22462B4611F068FC01
:10E6200022462B4611F064FC6FF01204224612F0D1
:10E6300035FA53463A4611F047F9224612F02EFABF
:10E6400005460F46F08811F003FC04460E466FF0B5
:10E650000E022846394612F021FA0022384B11F0FA
:10E6600033F92246334611F043FC002204460D469E
:10E67000134611F03DFB03D100200146BDE8F88FA1
:10E68000009811F0CEFB00222E4B11F065FD0646DE
:10E690000F466FF00B024046494612F0FFF9324632
:10E6A0003B4611F059FD0022274B11F021FC224678
:10E6B0002B4611F0C5F904460D465E46BBF916001F
:10E6C00011F0AFFB22462B4611F012FC22462B46DE
:10E6D00011F00EFC6FF01E0212F0E0F982468B463C
:10E6E000B6F9140011F09DFB22462B4611F000FCF8
:10E6F0006FF00E0212F0D2F907468946B6F9120001
:10E7000011F08FFB064688463A464B46504659461E
:10E7100011F0DAF84346324611F0D6F86FF00302F2
:10E7200012F0BCF901B022462B46BDE8F04F11F0C3
:10E73000CBB80000985B0020285600200040EF4036
:10E740000000F03F00003041006AB8402DE9F84F6A
:10E750002C4C0546B4F9020011F063FB8246884652
:10E76000208811F075FB06466FF00902009112F047
:10E7700095F981460F46284611F053FB8B46054616
:10E780006FF00D0212F08AF94A463B4611F0F0FC98
:10E790005246434611F0ACFB81468A46B4F9040068
:10E7A00011F03FFB0446884630466FF00C0200999A
:10E7B00012F074F906460F46284659466FF01002CB
:10E7C00012F06CF932463B4611F0D2FC02460B4681
:10E7D00011F08EFB4346224611F08AFB4A4653460F
:10E7E00011F072F80D46044611F0BEFA06490022F7
:10E7F000064B486001B020462946BDE8F04F11F0B5
:10E800001FB90000985B0020285600200000B4408B
:10E81000D020F4F735BB000010B509F043FD344CAF
:10E82000E8B301F05FFA20780B2802D036281BD11C
:10E8300018E02F48216A9030C0688069884213D15F
:10E8400089792B4A890702F1840201D01C2100E05A
:10E850001D21517040692649827983314069515C9C
:10E86000017201E010F0D0FE206A017821F0010170
:10E87000017040692062017841F001010170E26994
:10E88000926982420BD121F001010170E0690178A7
:10E8900041F0010101701748A0621748E06209F0D9
:10E8A000ABFC002822D001F0B9F92078362801D13C
:10E8B00010F0AAFE206A017821F001010170806940
:10E8C0002062017841F001010170E2699269926968
:10E8D00082420BD121F001010170E069017841F021
:10E8E000010101700348A0620348E06210BD00000E
:10E8F0002055002099F40008FDE800082DE9F04FAC
:10E9000087B009F079FCFE4DA5F1900460B101F0EB
:10E9100085F9687840B12078092801D10DF0B2FB63
:10E92000687801210AF012FAE868A946A8B1E069FE
:10E9300098B10078C00710D009F0B4FC00287CD052
:10E9400001F0D0F9E069017989B32178042909D06F
:10E9500002290BD0082909D00AE007B0BDE8F04F22
:10E9600001F0C0B9C2683AB1A26405E0C27862722F
:10E97000042905D3072903D8C2782272042906D0B6
:10E980000A2915D0262913D0272911D012E0D9F849
:10E990000C10DC4A814201D1DB4903E00969814264
:10E9A00008D1DA494B6853600978117002E008E039
:10E9B000C178E171007907B00021BDE8F04F0AF09D
:10E9C000C5B9816900297CD0A0462278CC4CDFF8FB
:10E9D00030B304F10C0500270126383A08344FF013
:10E9E000020AABF12C0B1F2A6CD2DFE802F01010E8
:10E9F000106B8888D2D2D26BFDFDFCFCFCFDFDFCC7
:10EA0000FC6BFDFC6BFBFBFBFAFAFAF9FA00D9F898
:10EA10000C000A218069FDF7D8FA029011F018FA6B
:10EA20000022BB4B11F00CF88146CDE900010391A7
:10EA3000B3480821B7A22C3800E033E3F1F75CFDBE
:10EA40000298E8B34846039910F00CFFC8F8240078
:10EA50002846FDF735FD00225D214B2009F036FEEA
:10EA6000CDE90474CDE900B70023CDE902671A4669
:10EA700038213420FBF7FFFDCDE90474A848CDE927
:10EA80000007CDE902A70723A64A4C210020FBF787
:10EA9000F2FDCDE90474A448CDE90007CDE902A751
:10EAA0000523A24A60210020FBF7E5FD09F052FA98
:10EAB000CDE904740023CDE902671A46882102E0FB
:10EAC00003E0F2E2DEE230307BE299489949BBE7AD
:10EAD000FBF7D1FD98480FF0C7FE03970497CDE9E7
:10EAE0000575CDE90076954B0422954900200296E4
:10EAF000FDF7C4FC07B0BDE8F04FF6F787BCD9F8C6
:10EB00000C000A218069FDF760FA11F0A1F90022DA
:10EB10007F4B10F095FF8146009110F0A3FEC8F8DE
:10EB2000240000997648CDE9009186A208212C386E
:10EB3000F1F7E2FC2846FDF7C3FC00225D214B20E3
:10EB400009F0C4FDCDE90474CDE900B70023CDE997
:10EB500002671A4638213420FBF78DFDCDE9047495
:10EB60006F48CDE90007CDE902A707236D4A4C2184
:10EB70000020FBF780FDCDE904746B48CDE9000768
:10EB8000CDE902A70523694A60210020FBF773FD48
:10EB90004EE2D9F80C000A218069FDF716FA5FEA07
:10EBA00000097CD011F054F90022684B10F048FFA6
:10EBB00010F058FEC8F824002846FDF781FC4846AE
:10EBC00011F046F90022614B10F03AFFCDE9000147
:10EBD0004B485FA208212C38F1F78EFC002204E09C
:10EBE0002EE18DE1E2E070E0C1E05D214B2009F013
:10EBF0006DFDCDE90474CDE900B70023CDE90267CE
:10EC00001A4638213420FBF736FDCDE90474444818
:10EC1000CDE90007CDE902A70723424A4C21002095
:10EC2000FBF729FDCDE904743F48CDE90007CDE9A4
:10EC300002A705233D4A60210020FBF71CFD09F0D7
:10EC400089F94079012835D009F084F940790B28F9
:10EC500030D009F07FF940795C282BD009F07AF99F
:10EC6000CDE9047400238821CDE902671A463030CB
:10EC7000CDE900070020FBF7FEFCCDE9047436481F
:10EC8000CDE900070023CDE902671A468821462016
:10EC9000FBF7F1FC09F05EF9CDE9026700E006E060
:10ECA000CDE90474002388211A463E30E6E120486D
:10ECB00020497DE709F04EF9CDE90474002388214D
:10ECC000CDE902671A463730D2E7D9F80C000A219D
:10ECD0008069FDF77AF911F0BBF800220C4B10F0B7
:10ECE000AFFE8146009110F0BDFDC8F82400284613
:10ECF000FDF7E6FB009913A2CDE9009108212DE074
:10ED0000B0550020245800202C58002034580020F2
:10ED1000000024402530352E3031662025250000A6
:10ED2000A21902089B190208BC190208B7190208A7
:10ED3000FCA9F1D24D62503F0000A842681C0208B5
:10ED4000CA18020825352E3166000000000059401F
:10ED500025352E3266000000AF290208F748F1F78A
:10ED6000CBFB00225D214B2009F0B0FCA1E0D9F8DB
:10ED70000C000A218069FDF728F911F069F80022DA
:10ED8000EF4B10F05DFE8146009110F06BFDC8F86E
:10ED900024002846FDF794FBAFF258020099E7489B
:10EDA000CDE900910821F1F7A7FB54E6D9F80C0052
:10EDB0000A218069FDF709F911F04AF80022E04BB9
:10EDC00010F03EFE8146009110F04CFDC8F8240082
:10EDD0002846FDF775FBAFF294020099D748CDE9BC
:10EDE00000910821F1F788FB00225D214B2009F0FA
:10EDF0006DFCCDE90474CDE900B70023CDE90267CD
:10EE00001A4638213420FBF736FCCDE90474CD488E
:10EE1000CDE90007CDE902A70723CB4A4C2100200A
:10EE2000FBF729FCCDE90474C848CDE90007CDE91A
:10EE300002A70523C64A60210020FBF71CFC39E726
:10EE4000D9F80C000A218069FDF7CCF8A8F8140065
:10EE50002846FDF735FBB8F91430BEA20821B748A3
:10EE6000F1F74AFB00225D214B2009F02FFCBA4844
:10EE700090F90000442802D0432808D019E0B8F8DF
:10EE80001410A8F81410CDE90267B44807E0B8F8E8
:10EE900014004042A8F81400B148CDE90267CDE95A
:10EEA0000474CDE9000700231A4638213420FBF70B
:10EEB000E2FBCDE90474CDE900B70023CDE9026798
:10EEC0001A4638213420FBF7D6FBCDE904749D485F
:10EED000CDE90007CDE902A707239B4A4C2100207A
:10EEE000FBF7C9FBCDE904749848CDE90007CDE9EB
:10EEF00002A70523964A60210020FBF7BCFB56E0E1
:10EF0000D9F80C000A218069FDF75FF8814611F0FD
:10EF1000C9FBC8F824002846FDF7D2FA09F01AF810
:10EF20004079602851D009F015F84079612860D007
:10EF3000D8F8240011F07EFB03468AA208217F48FE
:10EF4000F1F7DAFA00225D214B2009F0BFFB09F04E
:10EF500001F84079CDE9026761285FD0CDE90474FA
:10EF6000CDE900B700231A4638213420FBF783FB94
:10EF7000CDE904747348CDE90007CDE902A7072362
:10EF8000714A4C210020FBF776FBCDE904746F48F1
:10EF9000CDE90007CDE902A705236D4A60210020D5
:10EFA000FBF769FB08F0D6FF4079602840D008F0F5
:10EFB000D1FFCDE9047400238821CDE902671A4608
:10EFC0003730CDE90007382082E5484610F040FF91
:10EFD00000225B4B10F034FD10F044FCC8F8240014
:10EFE00011F0B0F9AFF2A422CDE900010821534895
:10EFF00011E0484610F02CFF0022514B10F020FD8C
:10F0000010F030FCC8F8240011F09CF9CDE90001A3
:10F0100055A209215648F1F76FFA93E7CDE9047438
:10F020005348CDE90007002338211A462C209DE7DC
:10F0300008F090FFCDE904743730CDE900070023D4
:10F04000CDE902671A4688211846FBF714FBCDE983
:10F0500004744848CDE900070023CDE902671A4649
:10F0600088214620FBF707FB08F074FFCDE9047404
:10F0700000238821CDE902671A464630CDE9000712
:10F08000602025E5037823F001030370C8F8201001
:10F09000087840F0010008703748C8F82800374861
:10F0A000C8F82C0007B0BDE8F08F2449207807226B
:10F0B000143145287CD01BDC3C2879D014DC302866
:10F0C0006AD008DC0A2867D016282FD01A281DD04D
:10F0D0001C2872D126E037286AD0382868D0392811
:10F0E00066D03A2869D163E03D38072865D85FE0EB
:10F0F0004638112861D2DFE800F05B5B5B5B5B5B4D
:10F100005B5B4B5B5B5B5B5B5B5B5B0008F022FF0D
:10F1100028B10DF08FF80BF00BFB014600E0002149
:10F12000012040E016480860164802E016480860D2
:10F13000164848600A720121002034E084550020FE
:10F1400000002440A21902089B190208BC190208F9
:10F15000B719020825356400D05500209919020816
:10F16000971902082564000025382E31660000003A
:10F17000E85A0020AF290208E9F5000819E800085C
:10F18000E31C0208EA1C0208071D02080E1D020803
:10F190000C4808600C48CCE70C4808600C484860F4
:10F1A0000A720121042007B0BDE8F04F05F03EBA15
:10F1B000084808600848BCE7FFE7084808600848B6
:10F1C000B7E700009227020899270208A82702083B
:10F1D000AF270208F41C0208FB1C0208CF1C02081F
:10F1E000D61C020870B509F05DF8334DA5F1900406
:10F1F00008B300F077FD206A017821F00101017069
:10F200006968814231D10DF0FBFA2078422832D072
:10F210001FDC37282FD018DC25282CD00CDC122836
:10F2200029D004DC032826D0112815D123E0172883
:10F2300021D0182810D11EE02A281CD02D281AD041
:10F240002E2818D0342807D108E03838092803D8E8
:10F2500011E0433813280ED9012102E000F0D0FB61
:10F260000146022005F0E2F905E01448A0621448C6
:10F27000E06200F0E3FD08F0BFFF00281BD000F0C3
:10F28000CDFC20784F2810D050280ED051280CD01B
:10F29000206A017821F0010101700848A062084845
:10F2A000E062BDE8704000F0C9BD6878BDE870401C
:10F2B000012109F04BBD70BDB055002099F4000844
:10F2C000FDE8000810B508F0EDFF00282AD000F096
:10F2D00009FD70480078012824D10CF0ABFF0C2800
:10F2E00020D2DFE800F0062D3C495663707D8A97F6
:10F2F000A4B10FF07BFB022804D108F02BFEF6F737
:10F3000020FB10B10FF072FB26E008F023FEF6F7A9
:10F31000DBFCB1E00CF08EFF0BF00AFA0146012095
:10F3200005F084F9ADE008F015FEF6F70AFB0028B9
:10F3300005D000F099FB08F00DFEF6F7CAFCA0E03E
:10F340000FF07EFB022805D108F004FEF6F7F9FA6B
:10F350000028DAD00FF074FB0028E4D191E00FF020
:10F3600069FB022805D108F0F5FDF6F7EAFA002856
:10F37000CBD00FF05FFBEFE70FF04AFB022805D17F
:10F3800008F0E8FDF6F7DDFA0028BED00FF040FBEC
:10F39000E2E70FF031FB022805D108F0DBFDF6F7BC
:10F3A000D0FA0028B1D00FF027FBD5E70FF03CFBD7
:10F3B000022805D108F0CEFDF6F7C3FA0028A4D044
:10F3C0000FF032FBC8E70FF029FB022805D108F047
:10F3D000C1FDF6F7B6FA002897D00FF01FFBBBE788
:10F3E0000FF010FB022805D108F0B4FDF6F7A9FADA
:10F3F00000288AD00FF006FBAEE70FF0E5FA0228EE
:10F4000005D108F0A7FDF6F79CFA0028A1D00FF06F
:10F41000DBFAA1E70FF0E4FA022805D108F09AFD23
:10F42000F6F78FFA002894D00FF0DAFA94E70FF08D
:10F43000C5FA022805D108F08DFDF6F782FA0028FA
:10F4400087D00FF0BBFA87E70FF0C4FA022804D187
:10F4500008F080FDF6F775FA10B10FF0BBFA7BE704
:10F4600008F078FDB0F8B40002287FF44EAF08F041
:10F4700071FD40794A28F8D10FF0F6FB00287FF49F
:10F4800049AF08F0B9FE002803D0BDE8104000F0F5
:10F49000C5BB10BD2055002070B5304DEC698CB156
:10F4A00005F19006F06868B12078C0070AD008F02E
:10F4B00019FF68B300F03EFC2878062808D007281A
:10F4C00006D007E000F036FCBDE8704000F086BBD7
:10F4D000FDF71EFB2878012807D12148416821B992
:10F4E00020494A68426009780170E8696469844289
:10F4F00002D021784907F9D5844209D0207840F01C
:10F5000001002070E869017821F001010170EC61CF
:10F5100008F05AFED8B100F061FB2878062801D027
:10F52000072801D1FDF758FAE8692469844202D01E
:10F5300021784907F9D5844209D0207840F00100AC
:10F540002070E869017821F001010170EC61F16837
:10F55000E869BDE8704010F023B900002055002094
:10F56000245800202C58002070B508F0BBFE24253C
:10F570001C4C2326B8B100F0DDFB2078232802D0F4
:10F58000242810D105E017482570903003F092FF31
:10F5900004E014482670903003F058F80022A021AF
:10F5A000202009F093F808F00FFE002818D000F092
:10F5B00015FB207823280DD0242811D10948267066
:10F5C000903003F043F8BDE870400022A0212020D5
:10F5D00009F07CB803482570903003F06BFFF2E728
:10F5E00070BD00002055002010B508F07BFE274CB0
:10F5F00060B100F09FFB20780B2826D01B2818D084
:10F60000206A027AC179801D10F058F808F0DCFDFC
:10F6100000283AD000F0E2FA20780B282BD01B28E3
:10F620001CD0206A027AC179BDE81040801D10F01C
:10F6300055B860790BF010F80246144801211630D5
:10F6400010F044F80FF0A6FFE0E7206A027AC179D3
:10F65000801D10F033F810F009F8D7E760790AF050
:10F66000FBFF024609480121163010F03FF8BDE8C3
:10F6700010400FF08FBF206A027AC179801D10F010
:10F680002DF8BDE810400FF0F1BF10BD205500204F
:10F6900010B508F027FE104C60B100F04BFB206A5B
:10F6A000017821F00101017080692062017841F048
:10F6B0000101017008F088FD00280CD000F08EFADE
:10F6C000206A017821F0010101704069206201780F
:10F6D00041F00101017010BD20550020094810B50E
:10F6E000007801280CD008F0FDFD08B100F022FBE5
:10F6F00008F06AFD002803D0BDE8104000F06EBAA3
:10F7000010BD00002055002010B508F085FE054C06
:10F71000A06A00B18047E06A002802D0BDE810402E
:10F72000004710BD205500202DE9F04186B000248F
:10F730008DF8084000F012F9002816D07A4DA81C68
:10F740002C706978F5F74AF800280ED0A878FE28C2
:10F750000BD1E97802290BD0032906D12879012899
:10F760007BD0022801D10BF07BF906B0BDE8F08117
:10F7700028790226FF27C01E4FF0010807287ED2F5
:10F78000DFE800F00415506C8897A60001221402EF
:10F790002146681DFEF738FA0FF08CFD8DF80070D9
:10F7A0008DF8016003204AE08DF8030067E0687976
:10F7B0008DF81200A8798DF81100E8798DF80F0006
:10F7C000287A8DF80E00687A8DF80D00A87A8DF8E9
:10F7D0000C0003A8FAF755FD8DF800708DF8016054
:10F7E00004208DF80200FDF721F86979884216D1CE
:10F7F000FCF7FEFFA979884211D1FCF7E7FFE97910
:10F8000088420CD1FCF7E8FF297A884207D1FCF73F
:10F81000E9FF697A884202D18DF803802FE08DF8E4
:10F8200003402CE0012294022146681DFEF7ECF90A
:10F830000FF040FD8DF800708DF8016005208DF807
:10F8400002000122214602A8FEF77EF968799DF8A0
:10F85000081088424BD10120A6E74AE08DF80070DD
:10F860008DF8016006208DF80200FEF72DF94FF4A7
:10F870009670F9F7C1F98DF8038000F031FB06218D
:10F880006846FDF7E3F9C82306226946E869FAF7F6
:10F890009FFC6AE74FF4A06401222146681DFEF731
:10F8A000B3F90FF007FD8DF800708DF801600720A7
:10F8B000C5E74FF4C06401222146681DFEF7A4F994
:10F8C0000FF0F8FC8DF800708DF801600820B6E7A5
:10F8D0004FF4E06401222146681DFEF795F90FF010
:10F8E000E9FC8DF800708DF801600920A7E7002081
:10F8F0005AE70BF065F90D4804800D4804800D4867
:10F9000004800D4804800D4804800D4804800D4893
:10F9100004800D4804800D4804800D4804800D4883
:10F9200004800D48048020E7C45700203C58002084
:10F930003E580020405800204258002044580020E3
:10F9400046580020485800204A5800204C580020B3
:10F950004E5800205058002052580020024800788D
:10F9600000F0010070470000C457002008B50D4AA0
:10F970000168914215D10A6849680091FAF7AFF918
:10F980000948006840680949C0F114004870012026
:10F9900001F81C0B142251F81A09BDE80840FAF7C7
:10F9A000F5BB08BD003801401C5A0020C457002098
:10F9B00070470000064941F81C0F0068C26842F019
:10F9C0001002C26051F81A091422FAF7DFBB0000D6
:10F9D000C4570020094909489039C068CA69904253
:10F9E0000AD18069096A40694069884204D08279F5
:10F9F000017A8A4200D9817170470000B055002019
:10FA000070B50F4E0A21F0688069FCF7EBFA0D4DD6
:10FA100004462878432800D16442F0680A2100692E
:10FA20008069FCF7DFFA2978432900D1404220B1F0
:10FA30001CB1844201DB002070BD012070BD0000BC
:10FA4000B0550020D05500200248017821F008016F
:10FA5000017070470B5700200248017821F0040123
:10FA6000017070470B570020024800214068417028
:10FA700070470000245800200248017821F010014E
:10FA8000017070470B5700200248017821F02001D7
:10FA9000017070470B5700201848017821F01001C1
:10FAA0000170017821F040010170417821F00101DD
:10FAB0004170017821F080010170017821F002018C
:10FAC0000170017821F008010170017821F0200116
:10FAD0000170017821F004010170017821F0010129
:10FAE0000170417821F004014170417821F0080152
:10FAF0004170417821F01001417070470757002094
:10FB00000248017821F01001017070470F57002062
:10FB10000248417821F0F0014170704730780020B0
:10FB20000248017821F01001017070470D57002044
:10FB30000248017821F0100101707047075700203A
:10FB40000248017821F04001017070470F570020F2
:10FB500001490020888070473078002002480178F1
:10FB600021F04001017070470D57002002480178D4
:10FB700021F040010170704707570020024841788A
:10FB800021F0010141707047075700200248417879
:10FB900021F010014170704707570020024801789A
:10FBA00021F080010170704707570020024801785A
:10FBB00021F00201017070470F57002002480178C0
:10FBC00021F0F00101707047307800200248017880
:10FBD00021F00201017070470D57002002480178A2
:10FBE00021F0020101707047075700200248017898
:10FBF00021F00801017070470F570020024841783A
:10FC000021F00F01417070473078002002480178E0
:10FC100021F00801017070470D570020024801785B
:10FC200021F0080101707047075700200248017851
:10FC300021F02001017070470F57002002488178A1
:10FC400021F00F0181707047307800200248017860
:10FC500021F02001017070470D5700200248017803
:10FC600021F02001017070470757002002484178B9
:10FC700021F00401417070470F5700200149002016
:10FC800008817047307800200248417821F0040153
:10FC9000417070470D5700200248417821F004015F
:10FCA00041707047075700200248417821F0080151
:10FCB00041707047075700200248017821F0040185
:10FCC000017070470F57002001490020C88070471D
:10FCD000307800200248017821F00401017070475B
:10FCE0000D5700200248017821F00401017070478F
:10FCF000075700200248417821F002014170704707
:10FD0000075700200248017821F001010170704777
:10FD10000F5700200248017821F00F010170704751
:10FD2000307800200248017821F00101017070470D
:10FD30000D5700200248017821F001010170704741
:10FD4000075700200248017821F001010170704737
:10FD50000B57002010B50EF021FF0749897BBDE845
:10FD6000104001EB410202EB0111242202EB4101A0
:10FD7000C9B208F005BD00002055002002480178F6
:10FD800021F00201017070470B570020014900204B
:10FD900088807047085800200248017821F001014E
:10FDA00001707047285700200248017821F0800137
:10FDB000017070470B5700200248017821F0400184
:10FDC000017070470B57002010B50CF05BF9BDE8CF
:10FDD00010400CF075B9000010B508A10948F0F703
:10FDE000A5FC044608A1401CF0F7A0FC021B21461C
:10FDF000BDE810400548F0F7ABBC000024474E5268
:10FE00004D4300003A78002024000000585700209D
:10FE10000A21B0FBF1F201FB1202B0FBF1F042EA61
:10FE20000010C0B27047002204E00A21491EC9B286
:10FE3000FCD2521C8242F8D37047000002490020D5
:10FE4000487008F087BC0000205500200148F9F7F1
:10FE50000BB80000AC58002010B504464088810063
:10FE6000A068F0F7E4FC0020A080207010BD10B561
:10FE70000446806808B1F0F744FA0020A060A08032
:10FE8000207010BD0178826809B1807800E00079A7
:10FE9000C1B21046FEF7B8B810B504464180084616
:10FEA0000021A1802170A26822B181001046F0F7E4
:10FEB0004FFA02E00421F0F7E1F9A06010BD10B59F
:10FEC000828843889A4203D30022828001220270F2
:10FED000828883689400521C8280195110BD0000F2
:10FEE00000B587B018216846F0F7A1FC67208DF8AF
:10FEF000180008F0A5FD0B490020012248710146B9
:10FF000006A8FDF781FE18224FF400716846FDF740
:10FF10007BFEFCF7A9FE1420F8F76EFEF7F7E0FF72
:10FF200007B000BDC07B002010B50A4910F002FCEC
:10FF300010F008FA0022084B0FF0C6FC0FF014FF77
:10FF40000FF06FFF0022054B0FF07AFDBDE8104067
:10FF50000FF088BC0000C8420000E03F000059409C
:10FF6000810705D16421B0FBF1F201FB120141B917
:10FF70004FF4C871B0FBF1F201FB120008B1002090
:10FF800070470120704700002DE9F041C1F307459B
:10FF900006460F46002340F2B27405F5FA6507E005
:10FFA0002046FFF7DDFF08B15B1C9BB2641CA4B2C6
:10FFB000AC42F5D3E81A40F26D114843B7214B43E8
:10FFC000184900EB430044180123DFF85C80C7F3B5
:10FFD00007270CE0022B05D12846FFF7C1FF08B127
:10FFE0001D3402E038F8130004445B1C9BB29F42AE
:10FFF000F0D8641E04EB166040F2A322F1B2504325
:020000040801F1
:1000000001EBC012C6F307414FF461604143C6F3F0
:100010000720C0EB001001EB80001044A0F5E14088
:10002000BDE8F0813607F5FFEC56002010B5144608
:1000300000222260114A21F000439342A8BF10BD64
:1000400053EA000208BF10BDB3F5801FA8BF2268A5
:1000500007DA362210F022FD6FF0350221F000435E
:100060002260DFF81CC06FF31E510CEB23531A44BF
:1000700041F0FF5141F00051226010BD0000F07FBF
:1000800002FCFFFF10B508F061F9002813D00A49FF
:100090004888401C80B2488040F2DC5290420AD32B
:1000A00008F0F8F8002806D14880FFF775FEBDE893
:1000B000104008F045BE10BD28570020F0B5194982
:1000C000044689B04FF080400860F5F799F90025A3
:1000D00001263420CDE90006079507AF0395049566
:1000E0000296CDE90557104B022210492846FCF72D
:1000F000C5F903950495CDE90557CDE900560C4B9C
:1001000002220C4901200296FCF7B8F92720607002
:100110000948206104202070084860610798E06069
:1001200009B0F0BDD4550020111C0208E6180208E1
:100130000D1C0208E8180208921802088E1B02081B
:10014000F0B51949044689B04FF080400860F5F7D2
:1001500057F9002507AF079503950495CDE9055795
:100160000126CDE90056114B02221149284602967C
:10017000FCF784F903950495CDE90557CDE90056C0
:100180000C4B02220C4901200296FCF777F90C2057
:1001900060700A4820610320207009486061079858
:1001A000E06009B0F0BD0000D4550020111C020829
:1001B000E61802080D1C0208E8180208FB1A0208DB
:1001C000FE1A02082DE9F04F8FB080464FF08141B2
:1001D000FE48016024200790F5F712F900240994E5
:1001E0000A940B940C940CF025F80C2817D2DFE835
:1001F00000F0060CFEFDFCFBFAF9F8F7F6F50EF040
:1002000055FC08900EF054FD08E00EF079FCFFF765
:100210008BFE08900EF076FDFFF786FE834607F012
:1002200099FE417901250A27DFF8A4930BAE6129D5
:100230007ED007F08FFE407909287AD0584610F01A
:10024000F9F981B26420B1FBF0F0B2460926CDE99C
:100250000346C0B20094CDE90140CDE9055A002320
:100260001A4660200799FBF780FEDA49584610F0DD
:1002700003F9834610F0DEF980B2B0FBF7F1CDE967
:10028000034607FB11000094CDE90140CDE9055A72
:1002900000231A4668200799FBF767FECD495846A8
:1002A00010F048FA834610F0C5F980B2B0FBF7F1C0
:1002B000CDE9034607FB11000094CDE90140CDE9EB
:1002C000055A00231A4670200799FBF74EFEC149D4
:1002D000584610F02FFA10F0ADF980B2B0FBF7F1EC
:1002E000CDE9034607FB11000094CDE90140CDE9BB
:1002F000055A00231A4680200799FBF736FE0CA802
:10030000CDE90440CDE900940294002303941A46F9
:1003100078200799FAF7AFF90B990DF1240BCDE985
:100320000441CDF818B00394AB4B0522AB4901E072
:10033000E1E06AE200940020CDE90145FCF79EF877
:10034000A2484FF08341006810F028F80146A44805
:1003500010F024F810F06EF9C0B20790089810F071
:1003600069F981B26420B1FBF0F0CDE90346C0B277
:100370000094CDE901400DF1280ACDE9055A00238A
:100380001A4660200799FBF7F0FD9249089810F093
:1003900073F8089010F04EF980B2B0FBF7F1CDE998
:1003A000034607FB11000094CDE90140CDE9055A51
:1003B00000231A4668200799FBF7D7FD854908985E
:1003C00010F0B8F9089010F035F980B2B0FBF7F1F1
:1003D000CDE9034607FB1100002309E085E07EE03C
:1003E00077E070E069E062E057E050E049E042E029
:1003F0000094CDE90140CDE9055A1A4670200799CD
:10040000FBF7B3FD7349089810F094F910F012F956
:1004100080B2B0FBF7F1CDE9034607FB1100009471
:10042000CDE90140CDE9055A00231A4680200799FD
:10043000FBF79BFD0CA8CDE90440CDE900940294A4
:10044000002303941A4678200799FAF714F90A99B9
:10045000CDF818B0CDE9044103940094614B052216
:1004600061490120CDE90145FCF708F803940494A3
:10047000CDE9054BD3E20EF03DFB08900EF03CFCBD
:10048000CCE60EF025FB08900EF024FCC6E60EF03C
:1004900013FB08900EF012FCC0E60EF025FB20F0D6
:1004A000004008900EF022FC20F00040B6E60EF06E
:1004B00015FB08900EF014FCB0E60EF003FB08905C
:1004C0000EF002FCAAE60EF0DFFA08900EF0DEFB5A
:1004D000A4E60EF0E5FA08900EF0E4FB9EE60EF0BE
:1004E000CDFA08900EF0CCFB98E60EF0D3FA089007
:1004F0000EF0D2FB92E63D4958460FF0BDFF10F0DA
:1005000099F8B2460926CDE90346C0B20094CDE978
:100510000140CDE9055A00231A4658200799FBF7F8
:1005200024FD334958460FF0A7FF10F083F8B0FBC5
:10053000F7F1CDE9034607FB11000094CDE9014036
:10054000CDE9055A00231A4660200799FBF70DFDF7
:10055000284958460FF090FF10F06CF8B0FBF7F107
:10056000CDE9034607FB11000094CDE90140CDE938
:10057000055A00231A4668200799FBF7F6FC1E4926
:1005800058460FF079FF10F055F8B0FBF7F1CDE9C0
:10059000034607FB11000094CDE90140CDE9055A5F
:1005A00000231A4670200799FBF7DFFC09495846DB
:1005B0000FF062FF10F03EF8B0FBF7F1CDE9034613
:1005C00007FB110000231A46009417E0D4550020C1
:1005D0002600002000002041141C0208C018020858
:1005E000000010421C1C0208C51802080050C34736
:1005F00000401C4600007A440000C842CDE901409A
:10060000CDE9055A78200799FBF7AFFC584610F062
:1006100011F8B0FBF7F1CDE9034607FB1100009498
:10062000CDE90140CDE9055A00231A4680200799FB
:10063000FBF79BFCFE49584610F07CF80FF0FAFFE0
:10064000B0FBF7F1CDE9034607FB11000094CDE9BB
:100650000140CDE9055A00231A4690200799FBF77F
:1006600084FC0CA8CDE90440CDE900940294002359
:1006700003941A4688200799F9F7FDFF0B990DF1AD
:10068000240BCDE90441CDF818B003940094E94B54
:100690000522E9490020CDE90145FBF7EFFEE748D7
:1006A0004FF0834100680FF079FE0146E4480FF0F7
:1006B00075FE0FF0BFFFC0B2079008980FF0BAFFA9
:1006C0000D90E049CDE90346B0FBF1F0C0B20094D3
:1006D000CDE901400DF1280ACDE9055A00231A465B
:1006E00058200799FBF741FCD74908980FF0C4FE42
:1006F0000FF0A0FFB0FBF7F1CDE9034607FB1100B7
:100700000094CDE90140CDE9055A00231A46602046
:100710000799FBF72AFCCD4908980FF0ADFE0FF0C2
:1007200089FFB0FBF7F1CDE9034607FB1100009408
:10073000CDE90140CDE9055A00231A466820079902
:10074000FBF713FCC24908980FF096FE0FF072FFFA
:10075000B0FBF7F1CDE9034607FB11000094CDE9AA
:100760000140CDE9055A00231A4670200799FBF78E
:10077000FCFBAF4908980FF07FFE0FF05BFFB0FB6A
:10078000F7F1CDE9034607FB11000094CDE90140E4
:10079000CDE9055A00231A4678200799FBF7E5FBB7
:1007A0000D98CDE90346B0FBF7F107FB110000946B
:1007B000CDE90140CDE9055A00231A46802007996A
:1007C000FBF7D3FB9A4908980FF0B4FF0FF032FF04
:1007D000B0FBF7F1CDE9034607FB11000094CDE92A
:1007E0000140CDE9055A00231A4690200799FBF7EE
:1007F000BCFB0CA8CDE904400023CDE90094029491
:1008000003941A46882007991FE60EF087FA4323BF
:10081000CDE9020304A8B14644220094019480E883
:10082000240200231A4660200799FBF79EFB8749A4
:1008300058460FF021FE0FF0FDFEB0FBF7F1092640
:10084000CDE9034607FB11000094CDE90140CDE955
:10085000055900231A4668200799FBF786FB7C4957
:1008600058460FF009FE0FF0E5FEB0FBF7F1CDE9B9
:10087000034607FB11000094CDE90140CDE905597D
:1008800000231A4670200799FBF76FFB684958460A
:100890000FF0F2FD0FF0CEFEB0FBF7F1CDE903460D
:1008A00007FB11000094CDE90140CDE90559002373
:1008B0001A4678200799FBF758FB58460FF0BAFE06
:1008C000B0FBF7F1CDE9034607FB11000094CDE939
:1008D0000140CDE9055900231A4680200799FBF70E
:1008E00044FB0B990DF1240ACDE90441CDF818A081
:1008F000039400944F4B05224F490020CDE9014558
:10090000FBF7BCFD4D484FF0834100680FF046FDFA
:1009100001464B480FF042FD0FF08CFE00F0FF0B3C
:100920000EF0F6F9442104910DF128090094019488
:10093000CDE905594322CDE9020200231A46594662
:100940006020FBF712FB414908980FF095FD0FF06E
:1009500071FEB0FBF7F1CDE9034607FB11000094EF
:10096000CDE90140CDE9055900231A4659466820D2
:10097000FBF7FBFA364908980FF07EFD0FF05AFEA0
:10098000B0FBF7F1CDE9034607FB11000094CDE978
:100990000140CDE9055900231A4659467020FBF75E
:1009A000E4FA234908980FF067FD0FF043FEB0FB0F
:1009B000F7F1CDE9034607FB11000094CDE90140B2
:1009C000CDE9055900231A4659467820FBF7CDFAA0
:1009D00008980FF02FFEB0FBF7F1CDE9034607FBB7
:1009E00011000094CDE90140CDE9055900231A46D4
:1009F00059468020FBF7B9FA0A99CDF818A0CDE93D
:100A0000044103940094134B052213490120CDE9BE
:100A10000145FBF733FD03940494CDE9054A022216
:100A200000940E4B0E491046CDE901451AE0000036
:100A300000002041141C0208C0180208D4550020F0
:100A400000001042A086010000401C4600007A44CD
:100A50000000C8421C1C0208C5180208081C020835
:100A6000EA180208FBF70AFD212188F8011009495C
:100A7000C8F81010042188F800100749C8F81410AD
:100A80000999C8F80C100C99C8F808100FB0BDE807
:100A9000F08F0000921802088E1B0208F0B5204962
:100AA000054689B04FF081400860F4F7A9FC0024A6
:100AB00007AF079403940494CDE905470126CDE9D7
:100AC0000046184B0222184920460296FBF7D6FC36
:100AD0003520CDE90006039404940296CDE905473C
:100AE000124B022212490120FBF7C8FC0394049424
:100AF000CDE90547CDE9004602220E4B0E491046CE
:100B00000296FBF7BBFC272068700C482861042084
:100B100028700B4868610798E86009B0F0BD0000D4
:100B2000D45500200D1C0208E8180208311B0208E9
:100B30002F1B0208281B0208261B0208181B02088C
:100B40001C1B0208F0B51F49054689B04FF08140D3
:100B50000860F4F755FC002407AF0794039404944D
:100B6000CDE905470126CDE90046174B3246174926
:100B700020460296FBF782FC03940494CDE90547D6
:100B8000CDE90046124B0222124901200296FBF7E2
:100B900075FC03940494CDE90547CDE900460E4B5E
:100BA00001220E4902200296FBF768FC22206870A1
:100BB0000B482861042028700A4868610798E8609B
:100BC00009B0F0BDD4550020662702086527020849
:100BD0005E2702085C2702085727020856270208EA
:100BE000181B02081C1B0208F0B51A49044689B0FC
:100BF0004FF081400860F4F703FC002501262F2008
:100C0000CDE90006079507AF039504950296CDE957
:100C10000557114B042211492846FBF72FFC3320BE
:100C2000CDE90006039504950296CDE905570C4BD6
:100C300004220C490120FBF721FC052060700A48C2
:100C4000206104202070094860610798E06009B0C5
:100C5000F0BD0000D45500202D1902082919020802
:100C60001F1902081B1902088E1802087F1B0208B0
:100C7000F0B52649054689B04FF081400860F4F789
:100C8000BFFB002407AF079403940494CDE9054704
:100C90000126CDE900461E4B02221E49204602963F
:100CA000FBF7ECFB03940494CDE90547CDE900463E
:100CB000194B0322194901200296FBF7DFFB03942D
:100CC0000494CDE90547CDE90046154B03221549AB
:100CD00002200296FBF7D2FB03940494CDE905476A
:100CE000CDE900460322104B104910460296FBF74F
:100CF000C5FB052068700E482861042028700D4847
:100D000068610798E86009B0F0BD0000D455002084
:100D10000D1C0208E8180208421D0208391D0208CD
:100D20004D1D02083C1D0208581D02083F1D020807
:100D30008A1802086C1B0208F0B51949044689B0EC
:100D40004FF080400860F4F75BFB0025012620206F
:100D5000CDE90006079507AF039504950296CDE906
:100D60000557104B032210492846FBF787FB1F202D
:100D7000CDE90006039504950296CDE905570B4B86
:100D800003220B490120FBF779FB0520607009491C
:100D900021612070084860610798E06009B0F0BDEB
:100DA000D45500200C1B0208091B0208FE1A020879
:100DB000FB1A0208EA1A0208EF1A020830B51349B2
:100DC000044689B04FF083400860F4F719FB002512
:100DD00007A8079503950495CDE905500120CDE9B5
:100DE0000050024602900A4B0A492846FBF746FB90
:100DF0002620607008482061022020700748A56006
:100E000060610798E06009B030BD0000D455002053
:100E1000311D0208301D02088727020889270208B1
:100E20002DE9F047484905468AB04FF081400860F7
:100E3000F4F7E6FA002407940894099407F08AF876
:100E4000B0F86660642E00DB63264FF47A7096FB80
:100E5000F0F100FB11614FF0640991FBF9F00127FB
:100E6000CDE904470DF12008C0B2CDF818800394F5
:100E70000094CDE9014000231A4624215820FBF7B5
:100E800074F896FBF9F109FB11614FF00A0991FB27
:100E9000F9F04FF0090ACDE9034AC0B20094CDE958
:100EA0000140CDE9057800231A4624216820FBF78C
:100EB0005CF896FBF9F109FB1160CDE9034AC0B279
:100EC0000094CDE90140CDE9057800231A4624219C
:100ED0007020FBF74AF809A8CDE904401B48CDE98A
:100EE00000040023029403941A4624216020F9F799
:100EF000C2FB089807AECDE904400696039400941F
:100F0000CDE90147124B042212490120FBF7B6FA42
:100F100003940494CDE905460094CDE901470222EB
:100F20000D4B0E491046FBF7A9FA0798E86009989F
:100F3000A860262068700A482861042028700948A3
:100F400068610AB0BDE8F087D45500202600002073
:100F50005E1C0208E2180208081C0208EA180208CF
:100F600075280208792802082DE9F0413F49054615
:100F70008AB03D480860F4F743FA002407940894C7
:100F8000022009AE0994CDE90204CDE904463848AF
:100F9000CDE900040423374A24212046F9F76BFBEE
:100FA000CDE904463448CDE90004002302940394BB
:100FB0001A4638214C20F9F75EFB4FF00908CDE9BD
:100FC000034808AF01260094CDE90567CDE9014645
:100FD00000231A4638213420FAF7C7FFCDE9034829
:100FE00000940194002302941A4638213C20CDE954
:100FF0000567FAF7BAFFCDE903480094019400238E
:1010000002941A4638214420CDE90567FAF7ADFF6E
:10101000CDE9034800940194002302941A46382134
:101020005420CDE90567FAF7A0FF089907A8CDE994
:1010300004410690CDE900460394104B0622104966
:1010400000200296FBF71AFA0798E8600998A86052
:10105000262068700B482861042028700A486861BF
:101060000AB0BDE8F081000000003042D4550020F5
:101070008719020883190208260000207719020840
:1010800071190208672802086B2802082DE9F0414F
:101090003F4905468AB03D480860F4F7B1F900249D
:1010A00007940894022009AE0994CDE90204CDE921
:1010B00004463848CDE900040423374A2421204659
:1010C000F9F7D9FACDE904463448CDE90004002304
:1010D000029403941A4638214C20F9F7CCFA4FF0C9
:1010E0000908CDE9034808AF01260094CDE905675A
:1010F000CDE9014600231A4638213420FAF735FF9E
:10110000CDE9034800940194002302941A46382143
:101110003C20CDE90567FAF728FFCDE903480094A4
:101120000194002302941A4638214420CDE9056732
:10113000FAF71BFFCDE903480094019400230294C1
:101140001A4638215420CDE90567FAF70EFF0899B1
:1011500007A8CDE904410690CDE900460394104B61
:101160000622104900200296FBF788F90798E860EC
:101170000998A860262068700B4828610420287010
:101180000A4868610AB0BDE8F08100000000304202
:10119000D455002087190208831902082600002070
:1011A00077190208711902084C2802085028020811
:1011B0002DE9F043424905468BB04048914608600E
:1011C000F4F71EF9002407940894022009AE09944C
:1011D000CDE90204CDE904463A48CDE900040423F0
:1011E000394A24212046F9F746FACDE90446374822
:1011F000CDE900040023029403941A4638214C20C0
:10120000F9F739FA4FF00908CDE9034808AF01268C
:1012100000940194002302941A4638213420CDE929
:101220000567FAF7A2FECDE9034800940194002374
:1012300002941A4638213C20CDE90567FAF795FE5D
:10124000CDE9034800940194002302941A46382102
:101250004420CDE90567FAF788FECDE903480094FC
:101260000194002302941A4638215420CDE90567E1
:10127000FAF77BFE089907A8CDE904410690CDE96D
:1012800000460394124B0622124900200296FBF7F7
:10129000F5F80798E8600998A860B9F14C0F0AD0F2
:1012A000262068700C482861042028700B4868616B
:1012B0000BB0BDE8F0833120F3E7000000003042BE
:1012C000D45500208719020883190208260000203F
:1012D00077190208711902083F28020843280208FA
:1012E0002DE9F043424905468BB0404891460860DD
:1012F000F4F786F8002407940894022009AE0994B4
:10130000CDE90204CDE904463A48CDE900040423BE
:10131000394A24212046F9F7AEF9CDE90446374889
:10132000CDE900040023029403941A4638214C208E
:10133000F9F7A1F94FF00908CDE9034808AF0126F4
:1013400000940194002302941A4638213420CDE9F8
:101350000567FAF70AFECDE90348009401940023DB
:1013600002941A4638213C20CDE90567FAF7FDFDC5
:10137000CDE9034800940194002302941A463821D1
:101380004420CDE90567FAF7F0FDCDE90348009464
:101390000194002302941A4638215420CDE90567B0
:1013A000FAF7E3FD089907A8CDE904410690CDE9D5
:1013B00000460394124B0622124900200296FBF7C6
:1013C0005DF80798E8600998A860B9F14D0F0AD058
:1013D000262068700C482861042028700B4868613A
:1013E0000BB0BDE8F0833120F3E70000000030428D
:1013F000D45500208719020883190208260000200E
:1014000077190208711902085A2802085E28020892
:101410002DE9F043404905468BB03E480860F3F79C
:10142000EFFF002407940894022009AE0994CDE947
:101430000204CDE904463948CDE900040423384AC2
:1014400024212046F9F717F9CDE904463548CDE9BE
:1014500000040023029403941A4638214C20F9F723
:101460000AF94FF00908CDE9034808AF01260094B6
:101470000194002302941A4638213420CDE90567EF
:10148000FAF773FDCDE90348009401940023029418
:101490001A4638213C20CDE90567FAF766FDCDE90B
:1014A00003484FF003090094CDE9014900231A468F
:1014B00038214420CDE90567FAF757FDCDE9034807
:1014C00000940194002302941A4638215420CDE957
:1014D0000567FAF74AFD089907A8CDE90441069087
:1014E000CDE900460394104B0622104900200296D5
:1014F000FAF7C4FF0798E8600998A860262068708A
:101500000B48286185F800900A4868610BB0BDE877
:10151000F083000000003042D455002087190208F3
:1015200083190208260000207719020871190208A1
:10153000FD270208062802082DE9F0413F4905462B
:101540008AB03D480860F3F75BFF002407940894D5
:10155000022009AE0994CDE90204CDE904463848D9
:10156000CDE900040423374A24212046F9F783F803
:10157000CDE904463448CDE90004002302940394E5
:101580001A4638214C20F9F776F84FF00908CDE9D2
:10159000034804200094CDE9014008AF0126002350
:1015A0001A4638213420CDE90567FAF7DEFCCDE98B
:1015B000034800940194002302941A4638213C20E9
:1015C000CDE90567FAF7D1FCCDE903480094019411
:1015D000002302941A4638214420CDE90567FAF722
:1015E000C4FCCDE9034800940194002302941A46F8
:1015F00038215420CDE90567FAF7B7FC089907A808
:10160000CDE904410690CDE9004603940F4B062234
:101610000F4900200296FAF731FF0798E860099811
:10162000A860262068700B482861032028700A48AB
:1016300068610AB0BDE8F08100003042D455002056
:10164000871902088319020826000020771902086A
:101650007119020803280208122802082DE9F04136
:101660003F4905468AB03D480860F3F7C9FE0024AB
:1016700007940894022009AE0994CDE90204CDE94B
:1016800004463848CDE900040423374A2421204683
:10169000F8F7F1FFCDE904463448CDE90004002312
:1016A000029403941A4638214C20F8F7E4FF4FF0D7
:1016B0000908CDE9034808AF0126009401940023EE
:1016C00002941A4638213420CDE90567FAF74DFC1B
:1016D000CDE903480094CDE90567CDE90146002333
:1016E0001A4638213C20FAF740FCCDE90348009423
:1016F0000194002302941A4638214420CDE905675D
:10170000FAF733FCCDE903480094019400230294D6
:101710001A4638215420CDE90567FAF726FC0899C6
:1017200007A8CDE904410690CDE900460394104B8B
:101730000622104900200296FAF7A0FE0798E860FA
:101740000998A860262068700B482861032028703B
:101750000A4868610AB0BDE8F0810000000030422C
:10176000D45500208719020883190208260000209A
:101770007719020871190208002802080C280208CB
:101780002DE9F0413F4905468AB03D480860F3F72E
:1017900037FE002407940894022009AE0994CDE98D
:1017A0000204CDE904463848CDE900040423374A51
:1017B00024212046F8F75FFFCDE904463448CDE9FF
:1017C00000040023029403941A4638214C20F8F7B1
:1017D00052FF4FF00908CDE9034808AF01260094F5
:1017E0000194002302941A4638213420CDE905677C
:1017F000FAF7BBFBCDE9034805200094CDE9014091
:1018000000231A4638213C20CDE90567FAF7ADFBE5
:10181000CDE9034800940194002302941A4638212C
:101820004420CDE90567FAF7A0FBCDE90348009411
:101830000194002302941A4638215420CDE905670B
:10184000FAF793FB089907A8CDE904410690CDE982
:10185000004603940F4B06220F4900200296FAF728
:101860000DFE0798E8600998A860262068700B486C
:101870002861032028700A4868610AB0BDE8F08139
:1018800000003042D455002087190208831902084D
:10189000260000207719020871190208182802088A
:1018A000212802082DE9F0433F4905468BB03D4809
:1018B0000860F3F7A5FD002409AE0994CDE90446BC
:1018C0003A48079408944FF00209CDE90004CDE9A5
:1018D00002940423364A24212046F8F7CCFECDE9B1
:1018E00004463448CDE900040023029403941A46C8
:1018F00038214C20F8F7BFFE4FF00908CDE9034826
:101900000094CDE9014908AF012600231A46382189
:101910003420CDE90567FAF728FBCDE903480094A8
:101920000194002302941A4638213C20CDE9056732
:10193000FAF71BFBCDE903480094019400230294BD
:101940001A4638214420CDE90567FAF70EFBCDE9A8
:10195000034800940194002302941A46382154202D
:10196000CDE90567FAF701FB089907A8CDE904411D
:101970000690CDE9004603940F4B06220F49002044
:101980000296FAF77BFD0798E8600998A860262080
:1019900068700B4803212861297068610BB0BDE8AD
:1019A000F083000000003042D4550020871902085F
:1019B000831902082600002077190208711902080D
:1019C0001B280208F0B53049054689B04FF0834026
:1019D0000860F3F715FD00240894079408A8039401
:1019E0000494CDE905400126CDE90046274B324657
:1019F000274920460296FAF741FD07AFCDE9044793
:101A000024A0CDE90004CDE9026400231A46882110
:101A10001420F8F730FE06F09DFACDE90447373080
:101A2000CDE90004CDE9026400231A467821184666
:101A3000F8F721FECDE9044718A0CDE90004CDE96F
:101A4000026400231A4688216920F8F714FE06F084
:101A500081FACDE904473030CDE90004CDE90264D4
:101A600000231A4678215620F8F705FE26206870D4
:101A70000B482861022028700A4868610798A8600E
:101A80000898E86009B0F0BDD4550020311D020867
:101A9000301D02086D672F4C000000004E545500A9
:101AA0008027020882270208F8B50C46104905462F
:101AB0004FF080400860F3F7A3FC00200090012C59
:101AC0000BD00A2C10D107F0EFF806460AF090FB75
:101AD00001463046F3F726FF01E006F03BFA027EAE
:101AE0006946284605F07CF80098E8606C70F8BDFF
:101AF000D45500202DE9F04F8BB005464FF08141C1
:101B0000FE484FF0240A0160F3F77AFC4FF000081A
:101B10004646CDF82080CDF82480CDF8288006F008
:101B200019FA806E0EF00EFC04460F4606F012FA0B
:101B30000DF1280BCDE9046B2A304FF00109CDE9F6
:101B40000006CDE9029600231A4651465020F8F7C8
:101B500092FD08A803960496CDE9056000960196CB
:101B6000E74B0422E74900200296FAF787FCE34896
:101B70004FF0834100680EF011FC0146E2480EF080
:101B80000DFC0EF057FDC0B207900DF021F9DF4EAD
:101B90000DF1240A00287DD006F0DCF94079DC4BF9
:101BA0005A38072842462046394678D80EF0A0F920
:101BB0000022D84B0DF088FE0EF0D6F8074642F210
:101BC000107097FBF0F0CDE90389C0B2CDF800802A
:101BD000CDE90180CDE9059A002344461A46482004
:101BE0000799FAF7C2F942F2107097FBF0F100FB87
:101BF00011714FF47A7091FBF0F00921CDE90341A6
:101C0000C0B20094CDE90140CDE9059A00231A46FF
:101C100050200799FAF7A9F94FF47A7097FBF0F181
:101C200000FB1171642091FBF0F00921CDE9034123
:101C3000C0B20094CDE90140CDE9059A00231A46CF
:101C400058200799FAF791F9642097FBF0F100FB0F
:101C500011710A2091FBF0F00922CDE90342C0B2D4
:101C60000094CDE90140CDE9059A00231A46682089
:101C70000799FAF77AF90A2097FBF0F100FB117047
:101C80000921CDE90341C0B20094CDE90140002310
:101C90001A4601E061E002E0CDE9059AC7E00EF0E6
:101CA00027F90EF061F8074642F2107097FBF0F04A
:101CB000CDE90389C0B2CDF80080CDE90180CDE93E
:101CC000059A002344461A4650200799FAF74DF921
:101CD00042F2107097FBF0F100FB11714FF47A7033
:101CE00091FBF0F00921CDE90341C0B20094CDE9A8
:101CF0000140CDE9059A00231A4658200799FAF7C2
:101D000034F94FF47A7097FBF0F100FB1171642005
:101D100091FBF0F00922CDE90342C0B20094CDE975
:101D20000140CDE9059A00231A4660200799FAF789
:101D30001CF9642097FBF0F100FB11710A2091FB64
:101D4000F0F00923CDE90343C0B20094CDE901408E
:101D5000CDE9059A00231A460CE106F0FBF840791C
:101D60006B4B5A3807284FF00002204639467CD882
:101D70000EF0BEF80022674B0DF0A6FD0DF0F4FF4B
:101D800007464FF47A7097FBF0F04FF0090ACDE95F
:101D9000038AC0B2CDF80080CDE9018009A9CDE960
:101DA0000591002344461A4650200799FAF7DDF8BA
:101DB0004FF47A7097FBF0F100FB1171642091FBF6
:101DC000F0F0CDE9034AC0B20094CDE9014009A981
:101DD000CDE9059100231A4658200799FAF7C5F86E
:101DE000642097FBF0F100FB11710A20CDE9034A52
:101DF00091FBF0F009AA0094CDE90592C0B2CDE9BB
:101E0000014000231A4668200799FAF7AEF80A2025
:101E100097FBF0F100FB1170CDE9034AC0B20094CA
:101E2000CDE9014009A9CDE9059100231A467020AA
:101E30000799FAF79AF8CDE9044BCDE900640294CA
:101E4000002303941A4660200799F8F714FC0998B8
:101E500008AECDE90480042244464F46CDF80C80FC
:101E600006962D4B2D49012000E021E0CDF80080A1
:101E7000CDE90189FAF702FB03940494CDE9054604
:101E80000094CDE901470222254B26491046FAF776
:101E9000F5FA0898E8600A98A86026206870224839
:101EA000286102202870214868610BB0BDE8F08FDE
:101EB0000EF01EF80DF058FF07464FF47A7097FBAE
:101EC000F0F04FF0090ACDE9038AC0B2CDF80080E6
:101ED000CDE9018009A9CDE90591002344461A46C0
:101EE00058200799FAF741F84FF47A7097FBF0F110
:101EF00000FB1171642091FBF0F019E0D455002033
:101F0000551C0208DE1802080000104226000020BE
:101F1000000059400000E03F5E1C0208E218020881
:101F2000081C0208EA180208792702087B27020821
:101F3000CDE9034A09AA0094CDE90592C0B2CDE9E2
:101F4000014000231A4660200799FAF70EF8642032
:101F500097FBF0F100FB11710A20CDE9034A91FBD8
:101F6000F0F009AA0094CDE90592C0B2CDE9014094
:101F700000231A4670200799F9F7F7FFCDE9044BC3
:101F80000023CDE90064029403941A46682007995F
:101F90005BE70000F0B51949044689B04FF0824074
:101FA0000860F3F72DFA002507AF07950395049510
:101FB000CDE905570126CDE90056114B07221149FD
:101FC00028460296FAF75AFA03950495CDE9055783
:101FD000CDE900560C4B08220C4901200296FAF775
:101FE0004DFA272060700A482061042020700948BB
:101FF000A56060610798E06009B0F0BDD45500208D
:10200000FB2A0208F42A02080E2B0208062B0208FB
:10201000E12A0208E52A0208F0B51849044689B009
:102020004FF080400860F3F7EBF9002507AF079504
:1020300003950495CDE905570126CDE90056104BCF
:102040000222104928460296FAF718FA03950495D9
:10205000CDE90557CDE900560B4B02220B49012073
:102060000296FAF70BFA6670094820610420207086
:10207000084860610798E06009B0F0BDD4550020C1
:10208000111C0208E61802080D1C0208E8180208D4
:10209000CA280208CE2802082DE9F0475C49054607
:1020A0008AB05A480860F3F7ABF9002409AF0994E5
:1020B000CDE904475748079408944FF0020ACDE948
:1020C0000004CDE902A40423534A24212046F8F752
:1020D000D2FA05F03FFF407901260DF120084FF0BC
:1020E0000909602852D004A84746039480E8D0002C
:1020F0000023009401941A46382134200294F9F701
:1021000034FF04A8039480E8D000002300940194D5
:102110001A4638213C200294F9F727FF04A80394BB
:1021200080E8D0000023009401941A46382144200E
:102130000294F9F71AFFCDE90349002338210094EE
:1021400001941A464C200294CDE90567F9F70DFF7A
:10215000089907A8CDE904410690CDE9004603940B
:102160002E4B06222E4900200296FAF787F907988F
:10217000E8600998A860262068702A48286185F8D8
:1021800000A0294868610AB0BDE8F087CDE904479E
:102190002648CDE900040023029403941A4638210E
:1021A0004C20F8F768FA04A84746039480E8D0006A
:1021B0000023009401941A46382134200294F9F740
:1021C000D4FE04A8039480E8D00000230094019476
:1021D0001A4638213C200294F9F7C7FECDE903499D
:1021E0000094019400230294C8461A4638214420E2
:1021F000CDE90567F9F7B9FECDE903480023382199
:10220000009401941A46542002949DE70000304245
:10221000D45500208719020883190208771902088B
:102220007119020880270208822702082600002070
:102230002DE9F04FDFF8B8B105468BB04FF0814083
:102240004FF02409CBF80000F3F7DAF800240794E4
:102250000894099405F07EFED0F880000EF072F824
:102260000646884605F076FE09A9CDE904414E30C0
:102270000127CDE90004CDE9027400231A4649463E
:102280005820F8F7F8F90DF11C0A03940494CDE9ED
:10229000054A00940194574B0422574900200294A8
:1022A000FAF7ECF84FF08341DBF800000EF076F817
:1022B000014652480EF072F80EF0BCF900F0FF0B28
:1022C00000224F4B304641460DF012FE0DF04CFD02
:1022D000064642F210704FF0090996FBF0F0CDE986
:1022E00003490DF120080094CDE90578C0B2CDE98D
:1022F000014000231A4659465820F9F736FE4FF49C
:102300007A7096FBF0F100FB1161642091FBF0F014
:10231000CDE90349C0B20094CDE90140CDE905788B
:1023200000231A4659466820F9F71FFE642096FBE1
:10233000F0F100FB11610A2091FBF0F0CDE90349B7
:10234000C0B20094CDE90140CDE9057800231A46DA
:1023500059467020F9F709FE0A2096FBF0F100FBC0
:102360001160CDE90349C0B20094CDE90140CDE947
:10237000057800231A4659467820F9F7F6FD09A892
:10238000CDE904401F48CDE90004002302940394E2
:102390001A4659466020F8F76EF90899CDF818A04A
:1023A000CDE9044103940094CDE90147164B042282
:1023B00016490120FAF762F803940494CDE9054A1E
:1023C0000094CDE901470222114B12491046FAF759
:1023D00055F80798E8600998A860272068700E48AB
:1023E0002861082028700D4868610BB0BDE8F08FA7
:1023F000D4550020551C0208DE18020800001042C7
:1024000000408F4026000020F0180208EC18020857
:10241000081C0208EA180208322A02083A2A0208AE
:102420002DE9F04FDFF890B105468BB04FF08140B9
:102430004FF02409CBF80000F2F7E2FF00240794E4
:102440000894099405F086FDC06F0DF07BFF0646E9
:10245000884605F07FFD09A9CDE9044146300127F2
:10246000CDE90004CDE9027400231A4649465820FC
:10247000F8F701F90DF11C0A03940494CDE9054A1B
:10248000009401944D4B04224D4900200294F9F729
:10249000F5FF4FF08341DBF800000DF07FFF0146B0
:1024A00048480DF07BFF0EF0C5F800F0FF0B00224E
:1024B000454B304641460DF01BFD0022434B0DF0CD
:1024C00003FA0DF051FC064664204FF0090996FB13
:1024D000F0F0CDE903490DF120080094CDE905782D
:1024E000C0B2CDE9014000231A4659465820F9F7F9
:1024F0003CFD642096FBF0F100FB11610A2091FB8A
:10250000F0F0CDE90349C0B20094CDE90140CDE936
:10251000057800231A4659466820F9F726FD0A2057
:1025200096FBF0F100FB1160CDE90349C0B20094C5
:10253000CDE90140CDE9057800231A4659467020BF
:10254000F9F713FD09A8CDE904402148CDE90004BD
:102550000023029403941A4659466020F8F78BF83A
:102560000899CDF818A0CDE9044103940094CDE971
:102570000147184B042218490120F9F77FFF039403
:102580000494CDE9054A0094CDE901470222134B9A
:1025900013491046F9F772FF0798E8600998A86098
:1025A000272068700F482861062028700E4868614F
:1025B0000BB0BDE8F08F0000D4550020551C020878
:1025C000DE18020800001042000059400000E03F01
:1025D00026000020F0180208EC180208081C020867
:1025E000EA180208472A02084D2A020810B51249C3
:1025F000044688B04FF083400860F2F701FF0020E6
:1026000007A9079003900490CDE905010121CDE9C8
:1026100000010A460291094B0949F9F72FFF0720EB
:1026200060700848206104202070074860610798A6
:10263000E06008B010BD0000D4550020311D020834
:10264000301D0208AE180208DB1B02082DE9F04F0E
:1026500087B0002480460694F2F7D2FEFE4EF06B5F
:102660000DF070FECDE90001FCA20721FD48EDF759
:1026700043FF306C0DF066FECDE90001F948F7A28A
:102680000721C01DEDF738FF06AFCDE90447F64836
:102690000225CDE90004CDE902540323F34A2021A9
:1026A0000020F7F7E8FF06A8CDE904400121CDE9B5
:1026B0000214CDE9006400231A4620213020F7F7E8
:1026C000DAFF06A8CDE904400121E948CDE902146A
:1026D000CDE9000400231A4630211846F7F7CBFF56
:1026E00006A8CDE90440012106F10D00CDE9021450
:1026F000CDE9000400231A4630211820F7F7BBFF6C
:1027000006A8CDE904400121DA48CDE90214CDE95B
:10271000000400231A4640211846F7F7ACFF06A82C
:10272000CDE904400121A6F10E00CDE90214CDE966
:10273000000400231A4640211820F7F79CFFB06BD5
:102740000DF000FECDE90001C648C4A207210E30FD
:10275000EDF7D2FEC848DFF80CA3DFF820B300780D
:102760000AF10E0AC649C74E0AF10E090C287DD29D
:10277000DFE800F006F7F6F5F4F3F2F1F0EFEEED36
:10278000B548806C0DF0DEFDCDE90001B548B3A27F
:1027900007211530EDF7B0FEAF48406CB04209DBC1
:1027A0000DF048FF0346AF48B7A207211C30EDF7F4
:1027B000A3FE09E00DF0C6FDCDE90001A948A7A2DE
:1027C00007211C30EDF798FECDE90447AF48CDE96D
:1027D0000004CDE902540223AD4A50210020F7F74E
:1027E0004AFF0CF0DBF908B1202000E040200DF199
:1027F000080C012608220321009401948CE8C600ED
:1028000000231A465021F7F736FFCDE904479548D3
:10281000CDE90004CDE9026400231A46502170205E
:10282000F7F729FFCDE904479A48CDE90004CDE93F
:1028300002540223984A60210020F7F71CFF0CF095
:10284000ADF908B1202000E0402002AD0A220321AA
:102850000094019485E8C60000231A466021F7F72A
:102860000AFFCDE902647F48C01D00E097E3CDE98F
:102870000447CDE9000400231A4660217020F7F7D1
:10288000FAFECDE904470225CDE90254CDE900B4B2
:102890002B46824A70210020F7F7EDFE0DF1080C5F
:1028A0000320009401948CE8E10000231A46702173
:1028B0002020F7F7E0FECDE90447CDE90264CDE939
:1028C00000A4002370211A460846F7F7D4FECDE98C
:1028D0000447DFF8CCA1CDE90254CDE900A40323DD
:1028E000704A80210020F7F7C6FE0CF057F908B1B6
:1028F000302000E010200325CDE90256009400238B
:102900001A4680210194CDE90467F7F7B4FE5548D3
:10291000CDE904471530CDE90004CDE90264002378
:102920001A4680217020F7F7A6FECDE90447022061
:10293000CDE90204CDE900A403235A4A90210020E6
:10294000F7F799FE0CF02AF960B130200BE0F1E3C3
:10295000AAE344E324E315E358E22CE2CFE0CBE022
:102960005AE00CE010200DF10C0A042100948AE8D2
:10297000C20000231A469021CDE90145B2E0364855
:10298000C06CB04209DB0DF055FE034635483EA24F
:1029900007211C30EDF7B0FD09E00DF0D3FCCDE9C7
:1029A000000130482DA207211C30EDF7A5FDCDE92F
:1029B0000447CDE90254CDE900B40223374A70211F
:1029C0000020F7F758FE0DF1080C012603200094B3
:1029D00001948CE8E10000231A4670212020F7F7CB
:1029E0004AFECDE90447CDE90264CDE900A4002305
:1029F00070211A460846F7F73EFECDE904472A48FB
:102A0000CDE90004CDE9025401238021274A0020AA
:102A1000F9E3F7F730FED0E20F48406EB04209DB31
:102A20000DF008FE03460F4817A207211C30EDF7F2
:102A300063FD09E00DF086FCCDE90001094807A21D
:102A400007211C30EDF758FDCDE90254CDE90447CC
:102A500017480223174A2FE0085B002025362E3244
:102A600066000000DD5500207F1A02087C1A02086B
:102A70008A1A0208861A0208255500207B270208B8
:102A80000000808000401C4625640000901A020867
:102A90008E1A02089B1A0208991A0208792702085E
:102AA000D5270208D2270208C6290208C52902082C
:102AB000902A02088E2A0208CDE900049021002005
:102AC000F7F7D9FD0CF06AF808B1302000E01020CB
:102AD00003AA012682E8D000FC4902238DE83200D7
:102AE000FB4A9021F7F7C7FDCDE90264CDE9044721
:102AF00000231A4690218FE3F648406F44E2F548E0
:102B0000806D10F1FF4F0FD2F34988420CDA0DF0BF
:102B100019FCAFF2B802CDE900010721EF48EDF74B
:102B2000EBFCEC48C06D3DE0EB4949420144B1F19A
:102B3000D97F0BD20DF006FCCDE90001E8A20721F8
:102B4000E648EDF7D9FCE348C06D48E0E649E74BBD
:102B5000014499420DD20DF06DFD0346E4A2072118
:102B6000DE48EDF7C9FCDB48C06D0DF063FD0346A0
:102B700052E0E049E04B0144994218D2DA49494217
:102B80000DF07AFC0DF0DEFBAFF23012CDE9000162
:102B90000721D248EDF7B0FCCE48D349C06D494279
:102BA0000DF06AFC0DF0CEFBAFF250121AE0D349E3
:102BB000D34B014499421DD2CB4949420DF05CFCF4
:102BC0000DF0C0FBCDE90001C5A20721C348EDF718
:102BD00093FCC048C449C06D49420DF04DFC0DF056
:102BE000B1FBBFA2CDE90001BC480721C01FEDF732
:102BF00083FC17E0C349884214DB4FF47A73BCA20C
:102C00000721B648EDF778FCB248C06D0DF012FD13
:102C10004FF47A71B0FBF1F3B048B5A20721C01FA1
:102C2000EDF76AFC0CF080F8052806D1A948B649F2
:102C3000006E0DF021FCA7490866A648006E10F151
:102C4000FF4F07D2A449884204DA0DF07BFBAFF2B4
:102C5000F41208E0A04949420144B1F1D97F0AD2F7
:102C60000DF070FB9EA2CDE900019C480721C01D1C
:102C7000EDF742FC0CE09C494942884208DB0DF02C
:102C8000D9FC034695489AA20721C01DEDF734FCF4
:102C9000CDE904470225CDE90254CDE900B42B4625
:102CA0009A4A50210020F7F7E6FC0597CDE9035436
:102CB0004FF0030B0094CDE9014B00231A4650213D
:102CC0002020F7F7D8FCCDE904470120CDE9020424
:102CD000CDE900A400231A4650217020F7F7CBFC61
:102CE000CDE904478A48CDE90004CDE90254032325
:102CF000884A60210020F7F7BEFC7648806DB0421C
:102D000014DB0BF04BFF08B1302000E0182003AAC1
:102D10000F2182E892000094CDE9014B00235D462B
:102D20001A466021F7F7A7FC102013E00BF036FFDE
:102D300008B1302000E0182003AA052182E89200A3
:102D40000094CDE9014B00235D461A466021F7F758
:102D500092FC042003A9002381E8910000941A4604
:102D600070212020CDE90145F7F785FCCDE9044726
:102D70000125CDE90254CDE9009400231A466021D3
:102D80007020F7F778FC0220CDE90204CDE9044772
:102D90006148CDE900040223604A70210020F7F762
:102DA0006AFC4E48CDE90254CDE904470023C01F18
:102DB0001A46702170E34748406D0DF01FFC034632
:102DC00057A207214548EDF797FBCDE90447554841
:102DD000CDE90004CDE902540223534A902100209A
:102DE000F7F749FC0BF0DAFE03AA072082E891000E
:102DF00003210094CDE9014100231A46902130209F
:102E0000F7F739FC0120CDE902046FE63148C06CC8
:102E10000DF098FAAFF2BC32CDE900012F4807213E
:102E2000C01FEDF769FB2B48806EB04209DB0DF047
:102E300001FC0346AFF2B03207212848EDF75CFBF6
:102E400009E00DF07FFAAFF2EC32CDE90001072185
:102E50002248EDF751FBCDE90447CDE90254CDE915
:102E600000B40223294A70210020F7F704FC4FF038
:102E7000030B0094CDE9014B0DF10C0C01268CE8FD
:102E8000E00000231A4670212020F7F7F4FBCDE97B
:102E90000447CDE90264CDE900A4002370211A465D
:102EA0000846F7F7E8FBCDE904472048CDE90004E0
:102EB000CDE9025401231E4A80210020F7F7DBFBF5
:102EC000CDE902640548C01F34E00000A4270208D1
:102ED000A2270208085B00200000C842F955002024
:102EE00025362E3166000000000086BB0040A2019E
:102EF0002536640000C0E3B90010A70100B03CB85B
:102F000000D4B00100247449000020417927020850
:102F10002F2A02082C2A0208262A0208242A02083C
:102F2000253564009C2A02089A2A0208C62902084C
:102F3000C5290208CDE90447CDE9000400231A465B
:102F400080217020F7F797FBCDE90447FE48CDE9D3
:102F50000004CDE902540223FC4A90210020F7F737
:102F60008AFB0BF01BFE08B1302000E0102003A903
:102F70000422009481E8C4000023CDE9014B1A46E5
:102F80009021AFE5F248C06EB0420CDB0DF052FB71
:102F90000346AFF20C520721EE48EDF7ADFA0CE014
:102FA000EB48006FF0E70DF0CDF9AFF25052CDE9EC
:102FB00000010721E748EDF79FFA0699C8F80810C5
:102FC0001B2188F80110E449C8F81010042188F882
:102FD0000010E249C8F8141007B0BDE8F08FDC48D3
:102FE000806F884202D2DE49884205DBDC494942D3
:102FF0000144B1F1D47F0AD20DF0A4F9AFF220124E
:10300000CDE900010721D348EDF776FA0DE0D54967
:10301000D54A0144914208D20DF00CFB0346AFF2B1
:1030200030120721CB48EDF767FACDE90447CDE927
:103030000254CDE900B40223CC4A70210020F7F7F6
:103040001AFB0DF1080C01260320009401948CE872
:10305000E10000231A4670212020F7F70CFBCDE990
:103060000447CDE90264CDE900A4002370211A468B
:103070000846F7F700FBCDE90447BD48CDE9000459
:10308000CDE902540323BB4A80210020F7F7F3FA6D
:10309000CDE90447B848CDE90004CDE90254022344
:1030A0008021B64A3820AEE0A948B549C06F8842B1
:1030B00039DBA74E0DF046F90022B24B0CF0C0FCF4
:1030C0000022B14B0CF0D8FEF06F07D20DF03AF9A8
:1030D0000022AC4B0CF0B4FCACA233E00DF032F9A2
:1030E0000022A84B0CF0ACFC0022AA4B0CF0C4FE52
:1030F0000CD2F06F0DF026F90022A24B0CF0A0FCD0
:103100000CF062FE0346A4A2042127E0F06F0DF04C
:1031100019F900229B4B0CF093FC0022994B0CF008
:10312000ABFE1ED2E5E78E49884204DA0DF00AF9BB
:103130009AA207E075E08B494942884209DA0DF00E
:1031400001F998A2CDE9000105218248EDF7D4F9F3
:1031500007E00DF06FFA034694A205217D48EDF7D4
:10316000CBF9CDE90447CDE90254CDE900B40223FF
:103170007E4A70210020F7F77EFA4FF0030B00948F
:10318000CDE9014B0DF10C0C01268CE8E000002389
:103190001A4670212020F7F76EFACDE90447CDE9F1
:1031A0000264CDE900A4002370211A460846F7F70F
:1031B00062FACDE904477E48CDE90004CDE9025426
:1031C00002237C4A80210020F7F755FA6048C16F3E
:1031D0006B48814207DB0BF0E1FC08B1302000E0D6
:1031E00010200E2206E00BF0D9FC08B1302000E0E0
:1031F00010200D2203A9009481E8C400CDE9014B01
:1032000000231A468021F7F736FACDE90264CDE9AA
:10321000044700231A468021CDE900947020FFF76F
:10322000F8BB4B48406E0DF08DF8AFF2D072CDE98F
:10323000000148480721C01FEDF75EF94448D0F867
:103240008000B04209DB0DF0F5F90346AFF26032C1
:1032500007214048EDF750F909E00DF073F8AFF29F
:103260008032CDE9000107213A48EDF745F93848A9
:10327000D0F88400B0420ADB0DF0DCF90346AFF26F
:10328000903234480721C01DEDF736F90AE00DF001
:1032900059F8AFF2B432CDE900012E480721C01D24
:1032A000EDF72AF904F056FE40790A2804D004F01C
:1032B00051FE40794A2802D10BF07CFC60B3CDE985
:1032C00004473D48CDE90004CDE9025402233B4ABE
:1032D00090210020F7F7CFF90BF060FC08B1302007
:1032E00000E0102003AA012682E8D000344902231E
:1032F0008DE83200334A9021F7F7BDF91548CDE942
:103300000447C01FCDE90004CDE9026400231A463A
:1033100090217020F7F7AFF9CDE904470226CDE9F7
:103320000264CDE900B43346104A60210020F7F76B
:10333000A2F900230125602105974FF0030B1A46DF
:103340002020009440E00000AA290208A8290208D1
:10335000085B0020F9550020AA180208D11B0208BA
:1033600000002041000038BD00A044037927020876
:10337000C22A0208BF2A0208C82A0208C62A02086E
:1033800000401C4600408F400000244025332E3171
:1033900066000000000059402533640025332E32BA
:1033A0006600000025342E316600000025346400DC
:1033B0002F2B02082D2B0208902A02088E2A0208C1
:1033C000A4270208A2270208CDE9014BCDE9036535
:1033D000F7F751F9CDE90447CDE90254CDE900A44E
:1033E00000231A4660217020F7F745F9CDE904471C
:1033F0002B48CDE90004CDE902640223294A70215B
:103400000020F7F738F90BF0C9FB08B1302000E0D5
:1034100010200DF1040C4FF0040A5E4600948CE875
:103420005004CDE9045700231A467021F7F723F919
:10343000CDE90447CDE90254CDE900940023702181
:103440001A460846F7F717F90220CDE90204CDE93C
:1034500004471548CDE900040223144A80210020C6
:10346000F7F709F90BF09AFB08B1302000E01020C3
:103470000DF10409009489E85004CDE904570023B4
:103480001A468021F7F7F7F8CDE90254CDE9044751
:10349000002307481A468021CDE900047020BEE6CB
:1034A00035280208332802083B2802083928020878
:1034B000005600202DE9F04188B00024054606940E
:1034C000F1F79EFF06AECDE904462F484FF0020803
:1034D000CDE90004CDE9028403232C4A20210020F9
:1034E000F7F7C9F8CDE9044629480127CDE90004DA
:1034F000CDE9027400231A4630211846F7F7BBF8CD
:103500002348CDE90446801CCDE90004CDE90274CE
:1035100000231A4630211820F7F7ADF8CDE904460C
:103520001C48CDE90004CDE9028403231A4A402156
:103530000020F7F7A0F81648CDE90446801ECDE933
:103540000004CDE9027400231A4650211846F7F70B
:1035500092F80F48CDE904460E30CDE90004CDE9DC
:10356000027400231A4650211820F7F784F80698B1
:10357000A8601B206870094828610420287008484A
:10358000686108B0BDE8F081B51A0208B21A0208F5
:10359000245B0020A71A0208A41A0208AA1802082D
:1035A000D11B020810B51249044688B04FF0834081
:1035B0000860F1F725FF002007A907900390049009
:1035C000CDE905010121CDE900010291094B02225B
:1035D0000949F8F753FF082060700848206104206B
:1035E0002070074860610798E06008B010BD0000D7
:1035F000D4550020081C0208EA180208A618020880
:10360000C61B02082DE9F04389B088460024924980
:10361000074607948F4808940860F1F7F1FE07AD5C
:103620008E48CDE904450226CDE90004CDE90264C7
:1036300003238B4A20210020F7F71DF88948CDE9A4
:103640000445CDE90004CDE902640523864A302112
:103650000020F7F710F88548CDE90445CDE90004CE
:10366000CDE902640523824A40210020F7F703F8E0
:103670008048CDE90445CDE90004CDE90264052385
:103680007D4A50210020F6F7F6FF404605F0BCFFCA
:10369000DFF8E89199F8000006F0DEFF03466E4877
:1036A00077A20521001DECF727FF99F800000C28F0
:1036B0001CD2DFE800F0060E636B737B838B939B59
:1036C000A3ABCDE902646F48CDE9044503236E4AFC
:1036D00006E0CDE902646D486D4ACDE90445012359
:1036E000CDE9000420213020F6F7C5FF6948CDE977
:1036F00004450126CDE90004CDE9026400231A4601
:1037000030215020F6F7B7FF5348CDE90445001D9E
:10371000CDE90004CDE9026400231A464021582077
:10372000F6F7A9FF05F094FACDE90445CDE90004C8
:10373000CDE9026400231A4650215820F6F79BFF7A
:1037400008ADB8F1000F69D0A8F1010081B299F875
:103750000020514806F0A2FF41464F480BF030FFD1
:10376000CDE9034623204C4BCDE90006143B002253
:10377000029611461046CDE905455AE0CDE90264AE
:103780004648CDE904450223454AA9E7CDE902644C
:103790004448CDE904450223434AA1E7CDE9026448
:1037A0004248CDE904450323414A99E7CDE9026443
:1037B0004048CDE9044502233F4A91E7CDE9026440
:1037C0003E48CDE9044502233D4A89E7CDE902643C
:1037D0003C48CDE9044501233B4A81E7CDE9026439
:1037E0003A48CDE904450223394A79E7CDE9026434
:1037F0003848CDE904450323374A71E7CDE902642F
:103800003648CDE904450223354A69E7CDE902642B
:103810003448CDE904450223334A61E70394049414
:10382000CDE90545CDE90046304B03223049002063
:103830000294F8F723FE0898F8600798B86006200D
:1038400078702C483861042038702B48786109B0B2
:10385000BDE8F0830000A042D45500207F1A020882
:103860007C1A02084B1A0208461A0208611A02085A
:103870005C1A0208711A02086C1A02082555002009
:1038800025346400D5270208D2270208C629020879
:10389000C5290208561A0208085B0020902A02086F
:1038A0008E2A0208962A0208942A02082F2A020861
:1038B0002C2A02089C2A02089A2A0208AA2902082D
:1038C000A8290208A12A0208A02A0208A62A02089A
:1038D000A42A0208D02A0208CD2A02082F2B0208A7
:1038E0002D2B020835280208332802083E1A020848
:1038F0003B1A0208AA180208D11B0208F0B5254994
:10390000044689B04FF080400860F1F779FD002748
:10391000079704F01FFB4079012507AE4A2805D11F
:1039200004F018FBB0F8B400012826D003970497E0
:10393000CDE90576CDE900753846174B04221749C5
:103940000295F8F79BFD3221CDE900150397049706
:103950000295CDE905762846114B04221149F8F766
:103960008DFD0520607010482061042020700F48F4
:1039700060610798E06009B0F0BD3121CDE9001524
:10398000039704970295CDE905763846024B042249
:103990000249D6E7D4550020372B0208332B020802
:1039A000582B0208542B0208472B02084B2B020805
:1039B00000487047085B00202DE9F0414A49044661
:1039C0008AB04FF080400860F1F71AFD0025089595
:1039D000079507AF03950495CDE905574FF001080A
:1039E000CDE900584646414B022241492846CDF8D0
:1039F0000880F8F743FD03950495CDE90557CDE917
:103A000000563C4B02223C4901200296F8F736FD55
:103A10000BF0CAF8002858D004F06CFC007808AE0F
:103A2000D0B1CDE9045635480227CDE90005CDE9EE
:103A300002750323324A7E210020F6F71CFECDE9F1
:103A400004563048CDE90005CDE9027503232E4A1E
:103A50004E210020F6F70FFE04F0DAFCCDE9045603
:103A6000CDE90005CDE90285002347461A465E21CF
:103A70001846F6F700FE04F03DFCCDE90456CDE90A
:103A80000005CDE9027500231A465E211820F6F7DD
:103A9000F2FD04F0B9FCCDE90456CDE90005CDE90D
:103AA000027500231A468E211846F6F7E4FD04F04D
:103AB0002DFCCDE90456CDE90005CDE902750023C2
:103AC0001A468E211820F6F7D6FD052060700F48A3
:103AD0002061042020700E4860610898A06007985B
:103AE000E0600AB0BDE8F081D4550020111C020846
:103AF000E61802080D1C0208E8180208A71A0208B6
:103B0000A41A0208B51A0208B21A02089E1802087E
:103B1000AA1B0208F0B51A49044689B04FF080404C
:103B20000860F1F76DFC012600250620CDE90006AE
:103B3000079507AF039504950296CDE90557114BFC
:103B4000042211493046F8F799FC0720CDE9000618
:103B5000039504950296CDE905570C4B04220C49B8
:103B60000220F8F78BFC0798E0600220607009489B
:103B70002061042020700848606109B0F0BD000099
:103B8000D4550020D11B0208AA180208DB1B02082A
:103B9000AE1802087E180208491B02082DE9F04FF2
:103BA0009A49824689B04FF0804000240860F1F7BE
:103BB00027FC00252846079506F04EFD944F0DF191
:103BC0001C0801264FF01C0970B13D70CDE900962C
:103BD000039504950296CDE90558284601248D4B9E
:103BE00003228D49F8F74AFC012006F035FD88B123
:103BF00038780C2800D13E70CDE9009603950495E5
:103C00000296CDE905582046641C844B0122844964
:103C1000F8F734FC022006F01FFD90B138780C282C
:103C200001D102203870CDE90096039504950296E3
:103C3000CDE905582046641C7A4B02227A49F8F7F0
:103C40001DFC032006F008FD90B138780C2801D146
:103C500003203870CDE90096039504950296CDE9CE
:103C600005582046641C714B02227149F8F706FC86
:103C7000042006F0F1FC90B138780C2801D1042022
:103C80003870CDE90096039504950296CDE9055864
:103C90002046641C674B03226749F8F7EFFB0520B9
:103CA00006F0DAFC90B138780C2801D10520387084
:103CB000CDE90096039504950296CDE90558204676
:103CC000641C5E4B02225E49F8F7D8FB062006F022
:103CD000C3FC90B138780C2801D106203870CDE9AA
:103CE0000096039504950296CDE905582046641C7C
:103CF000544B02225449F8F7C1FB072006F0ACFCF4
:103D000090B138780C2801D107203870CDE90096A1
:103D1000039504950296CDE905582046641C4B4B4B
:103D200001224B49F8F7AAFB082006F095FC4FF05A
:103D3000080B98B138780C2801D187F800B0CDE98C
:103D400000960395049502962046CDE90558641C1B
:103D5000E4B2404B02224049F8F790FB092006F0FC
:103D60007BFC98B138780C2801D109203870CDE956
:103D700000960395049502962046CDE90558641CEB
:103D8000E4B2364B03223649F8F778FB0A2006F0F6
:103D900063FC98B138780C2801D10A203870CDE93D
:103DA00000960395049502962046CDE90558641CBB
:103DB000E4B22C4B02222C49F8F760FB0B2006F0F2
:103DC0004BFC88B138780C2801D10B203870CDE934
:103DD0000096039504950296CDE905582046234B9D
:103DE00002222349F8F74AFB0799CAF80C108AF80F
:103DF00001B02049CAF8101004208AF800001E49BA
:103E0000CAF8141009B0BDE8F08F0000D4550020A6
:103E100025550020D5270208D2270208C629020806
:103E2000C5290208902A02088E2A0208962A02084A
:103E3000942A02082F2A02082C2A02089C2A020827
:103E40009A2A0208AA290208A8290208A12A020817
:103E5000A02A0208A62A0208A42A0208D02A0208D8
:103E6000CD2A02082F2B02082D2B02083528020824
:103E7000332802087E180208491B02082DE9F04F7A
:103E80009B49824689B04FF0804000240860F1F7DA
:103E9000B7FA984F00250C2007953870284606F091
:103EA000DBFB0DF11C0801264FF01B0970B13D70C2
:103EB000CDE90096039504950296CDE9055828466C
:103EC00001248D4B03228D49F8F7D8FA012006F022
:103ED000C3FB88B138780C2800D13E70CDE900963C
:103EE000039504950296CDE905582046641C844B41
:103EF00001228449F8F7C2FA022006F0ADFB90B126
:103F000038780C2801D102203870CDE9009603954D
:103F100004950296CDE905582046641C7A4B02228E
:103F20007A49F8F7ABFA032006F096FB90B138789F
:103F30000C2801D103203870CDE900960395049533
:103F40000296CDE905582046641C714B0222714946
:103F5000F8F794FA042006F07FFB90B138780C282B
:103F600001D104203870CDE900960395049502969E
:103F7000CDE905582046641C674B03226749F8F7D2
:103F80007DFA052006F068FB90B138780C2801D145
:103F900005203870CDE90096039504950296CDE989
:103FA00005582046641C5E4B02225E49F8F766FA0B
:103FB000062006F051FB90B138780C2801D106207C
:103FC0003870CDE90096039504950296CDE9055821
:103FD0002046641C544B02225449F8F74FFA07203C
:103FE00006F03AFB90B138780C2801D107203870E0
:103FF000CDE90096039504950296CDE90558204633
:10400000641C4B4B01224B49F8F738FA082006F0A4
:1040100023FB4FF0080B98B138780C2801D187F8B2
:1040200000B0CDE900960395049502962046CDE9AF
:104030000558641CE4B2404B02224049F8F71EFACE
:10404000092006F009FB98B138780C2801D1092025
:104050003870CDE900960395049502962046CDE987
:104060000558641CE4B2364B03223649F8F706FAC9
:104070000A2006F0F1FA98B138780C2801D10A200C
:104080003870CDE900960395049502962046CDE957
:104090000558641CE4B22C4B02222C49F8F7EEF9C7
:1040A0000B2006F0D9FA88B138780C2801D10B2002
:1040B0003870CDE90096039504950296CDE9055830
:1040C0002046234B02222349F8F7D8F90799CAF86A
:1040D0000C108AF801B02049CAF8101004208AF8A0
:1040E00000001E49CAF8141009B0BDE8F08F0000A6
:1040F000D455002025550020D5270208D2270208D4
:10410000C6290208C5290208902A02088E2A020838
:10411000962A0208942A02082F2A02082C2A02084A
:104120009C2A02089A2A0208AA290208A829020839
:10413000A12A0208A02A0208A62A0208A42A020824
:10414000D02A0208CD2A02082F2B02082D2B0208A4
:1041500035280208332802087E180208491B020885
:10416000F0B51A49044689B04FF080400860F1F775
:1041700047F9002501264C20CDE90006079507AF39
:10418000039504950296CDE90557114B0422114978
:104190002846F8F773F94D20CDE9000603950495FC
:1041A0000296CDE905570C4B04220C493046F8F72E
:1041B00065F9302060700A482061042020700948A9
:1041C00060610798E06009B0F0BD0000D4550020A0
:1041D000432802083F2802085E2802085A280208DD
:1041E000332B0208372B02082DE9F04F6D4F05469F
:1041F0008BB04FF0814091460E46DFF8AC813860BD
:10420000F1F7FEF800240794089409944FF08341D5
:1042100038680CF0C3F8014640460CF0BFF80CF0CB
:1042200009FA0921012700F0FF084FF4616308AA89
:10423000B9F1000F44D09B46CDE90341B6FBFBF03A
:104240000094CDE90572C0B2CDE90140914600234A
:104250001A4641463420F7F788FE0DF1240ACDE9CD
:10426000044A02215148CDE90214CDE9000401239A
:104270004F4A41463C20F6F7FEF9B6FBFBF10BFB3B
:1042800011613C203B22B1FBF0F0CDE90342CDE9C6
:104290000549C0B20094CDE9014000231A464146C9
:1042A0004C20F7F762FECDE9044A02214148CDE9EE
:1042B0000214CDE9000401233F4A41465C2043E05B
:1042C0009A46CDE90341B6FBFAF00094CDE90572B8
:1042D000C0B2CDE9014000231A4641463820F7F725
:1042E00044FE0DF1240BCDE9044B30484FF0020998
:1042F000CDE90004CDE9029401232D4A4146402036
:10430000F6F7B9F9B6FBFAF10AFB11613C20B1FBF3
:10431000F0F03B22CDE9034208A9CDE90541C0B246
:104320000094CDE9014000231A4641464820F7F7A2
:104330001CFECDE9044B1F48CDE90004CDE90294F1
:1043400001231D4A41465820F6F795F9089807AE13
:10435000CDE90440069603940094CDE90147174B3C
:10436000052217490020F8F789F803940494CDE951
:1043700005460094CDE901470222124B124910462E
:10438000F8F77CF80798E8600998A8600F20687033
:104390000E482861042028700D4868610BB0BDE804
:1043A000F08F0000D4550020000010425019020880
:1043B0004F1902085319020852190208401902083D
:1043C0003B190208081C0208EA1802082919020809
:1043D0002D190208F0B51949044689B04FF0804004
:1043E0000860F1F70DF8002507AF079503950495D0
:1043F000CDE905570126CDE90056114B022211499E
:1044000028460296F8F73AF803950495CDE9055742
:10441000CDE900560C4B02220C4901200296F8F718
:104420002DF80C2060700A48206103202070094894
:1044300060610798E06009B0F0BD0000D45500202D
:10444000111C0208E61802080D1C0208E8180208F0
:10445000091B02080C1B0208F0B52249044689B06A
:104460004FF082400860F0F7CBFF002507950AF077
:1044700095FB0126CDE9036507AFCDE90557CDE9E9
:1044800000562B46029678B1082217490020F7F70C
:10449000F5FFCDE90365CDE90557CDE900560023C9
:1044A0000822124902960EE0072211490020F7F770
:1044B000E5FFCDE90365CDE90557CDE900560023B9
:1044C0000C49072202960120F7F7D8FF05206070FB
:1044D0000948206104202070084860610798E06066
:1044E00009B0F0BDD4550020BE1D0208D41D02083D
:1044F000C61D0208CD1D020886180208631B0208AB
:10450000F0B51949044689B04FF080400860F0F7D3
:1045100077FF002507AF079503950495CDE905576B
:104520000126CDE90056114B022211492846029678
:10453000F7F7A4FF03950495CDE90557CDE900569B
:104540000C4B02220C4901200296F7F797FF0F202F
:1045500060700A4820610420207009486061079853
:10456000E06009B0F0BD0000D4550020111C020825
:10457000E61802080D1C0208E81802081B190208B8
:104580001F190208F0B52049054689B04FF0804058
:104590000860F0F735FF002401260420CDE900066D
:1045A000079407AF039404940296CDE90547174B8F
:1045B000052217492046F7F761FF0520CDE90006DF
:1045C000039404940296CDE90547124B0422124944
:1045D0000120F7F753FF0820CDE900060394049467
:1045E0000296CDE905470D4B04220D490220F7F74D
:1045F00045FF0798E8606E700A482861022028701D
:104600000948686109B0F0BDD45500203A1B020882
:1046100075180208421B02087A180208491B020892
:104620007E180208CE180208701C020810B5114C42
:1046300001220528A0716270A1701AD2DFE800F093
:104640000310101910000B48903040684069206238
:10465000017841F0010101700748A062074807E0B6
:104660000AF03AF92078012803D00548A0620548ED
:10467000E06210BD2055002091F60008E5F1000829
:1046800099F40008FDE80008F0B587B00546F0F79A
:10469000B7FE002406AECDE9044606942248022760
:1046A000CDE90004CDE902740523204A28212046E3
:1046B000F5F7E1FFCDE904461D48CDE90004CDE959
:1046C000027405231B4A40210020F5F7D4FF04F0B3
:1046D000D3FA19490127002351F82000CDE90446F7
:1046E000CDE90004CDE902741A4628216020F5F7CF
:1046F000C2FF04F0DFFACDE90446CDE90004CDE9BC
:10470000027400231A4640216020F5F7B4FF05200B
:1047100068700A4828610420287009486861069872
:10472000A86007B0F0BD0000291C02085719020854
:10473000351C02085C1902080C550020A21802085A
:10474000B61B02082DE9F0411A49044688B04FF023
:1047500080400860F0F754FE00254FF002080795EE
:10476000CDE9035807AFCDE905570126CDE900563D
:10477000114B4246114928460296F7F77FFECDE9D4
:104780000358CDE90557CDE900560D4B02220D49DE
:1047900030460296F7F772FE302060700A482061BA
:1047A00004202070094860610798E06008B0BDE807
:1047B000F0810000D4550020712B02086F2B0208F5
:1047C0006A2B0208682B0208472B02084B2B0208B1
:1047D0002DE9F0413F4905468AB03D480860F0F7B1
:1047E0000FFE002407940894022009AE0994CDE935
:1047F0000204CDE904463848CDE900040423374AD1
:1048000024212046F5F737FFCDE904463448CDE9A9
:1048100000040023029403941A4638214C20F5F733
:104820002AFF4FF00908CDE9034808AF012600949C
:104830000194002302941A4638213420CDE90567FB
:10484000F7F793FBCDE903480094CDE90567CDE97F
:10485000014600231A4638213C20F7F786FBCDE9B4
:10486000034800940194002302941A4638214420FE
:10487000CDE90567F7F779FBCDE90348009401948A
:10488000002302941A4638215420CDE90567F7F732
:104890006CFB089907A8CDE904410690CDE90046D4
:1048A0000394104B0622104900200296F7F7E6FD0C
:1048B0000798E8600998A860262068700B4828616E
:1048C000032028700A4868610AB0BDE8F081000042
:1048D00000003042D45500208719020883190208CD
:1048E000260000207719020871190208942902088D
:1048F0009A2902082DE9F0413F4905468AB03D4812
:104900000860F0F77DFD002407940894022009AEAA
:104910000994CDE90204CDE904463848CDE9000404
:104920000423374A24212046F5F7A5FECDE90446A5
:104930003448CDE900040023029403941A46382138
:104940004C20F5F798FE4FF00908CDE9034808AF71
:1049500001260094CDE90567CDE9014600231A46FA
:1049600038213420F7F701FBCDE903480094019486
:10497000002302941A4638213C20CDE90567F7F759
:10498000F4FACDE9034800940194002302941A46F6
:1049900038214420CDE90567F7F7E7FACDE9034868
:1049A00000940194002302941A4638215420CDE942
:1049B0000567F7F7DAFA089907A8CDE904410690E8
:1049C000CDE900460394104B0622104900200296C0
:1049D000F7F754FD0798E8600998A86026206870EA
:1049E0000B482861032028700A4868610AB0BDE8B6
:1049F000F081000000003042D455002087190208E1
:104A0000831902082600002077190208711902088C
:104A100097290208A12902082DE9F0478C4904468C
:104A20008AB08A480860F0F7EBFC002507950895E6
:104A3000022009AE0995CDE90205CDE90456854865
:104A4000CDE900050423844A24212846F5F713FE06
:104A5000CDE904568148CDE9000500230295039570
:104A60001A4638214420F5F706FE0AF0F1F804262C
:104A700001274FF0030A4FF009090DF12008002823
:104A800058D003F067FA40790395012804A82B4613
:104A900080E8A001009501951A464FF038014FF0CB
:104AA000340002957ED0F7F760FA04A8009580E8FC
:104AB000C0010DF1040C00238CE860041A46382173
:104AC0003C20F7F752FACDE903590095019502957C
:104AD000CDE9057800231A4638214A20F7F745FA30
:104AE000039704970095CDE90578CDE90157002398
:104AF0001A4638215420F7F738FA594820615948A6
:104B000026706061089907A8CDE904510690CDE9A7
:104B100000570395544B0622544900200297F7F79B
:104B2000ADFC0798E0600998A060262060700AB08C
:104B3000BDE8F08703F00EFA40790395012804A838
:104B40004FF0000380E8A001009501951A464FF050
:104B500038014FF03400029530D0F7F706FA04A878
:104B6000009580E8C0010DF1040C00238CE860047E
:104B70001A4638213C20F7F7F8F9CDE9035900959A
:104B800001950295CDE9057800231A4638214A207F
:104B9000F7F7EBF9CDE903590023009501951A4683
:104BA000382100E032E00295CDE905785420F7F78E
:104BB000DCF92F48206126702E48A2E7F7F7D5F9D7
:104BC00004A80396009580E8C001CDE901560023B2
:104BD0001A4638213C20F7F7C8F904A8039580E865
:104BE000A0010023009501951A4638214A2002951C
:104BF000F7F7BBF904A8039580E8A001002338214A
:104C0000009501951A4654200295D0E7F7F7ADF9C3
:104C100004A80396009580E8C001CDE90156002361
:104C20001A4638213C20F7F7A0F904A8039580E83C
:104C3000A0010023009501951A4638214A200295CB
:104C4000F7F793F9CDE903594CE700000000304233
:104C5000D455002087190208831902082600002075
:104C60006E2902087B2902087719020871190208C7
:104C70004A290208562902082DE9F04798490446B6
:104C80008AB096480860F0F7BBFB002507950895A9
:104C9000022009AE0995CDE90205CDE904569148F7
:104CA000CDE900050423904A24212846F5F7E3FCCA
:104CB000CDE904568D48CDE9000500230295039502
:104CC0001A4638214420F5F7D6FC09F0C1FF012629
:104CD0004FF0090908AF002856D003F03BF940799E
:104CE00001287DD0CDE903560095CDE90567CDE9D2
:104CF000015600231A4638213420F7F736F9CDE95A
:104D0000035600950195002302951A4638213C2050
:104D1000CDE90567F7F729F9CDE903590095019524
:104D2000002302951A4638214A20CDE90567F7F796
:104D30001CF9CDE903590095CDE90567CDE9015688
:104D400000231A4638215420F7F70FF968482061EC
:104D50000520207067486061089907A8CDE90451D3
:104D60000690CDE900560395634B06226349002067
:104D70000296F7F783FB0798E0600998A060262069
:104D800060700AB0BDE8F08703F0E4F840794FF0B6
:104D9000080A012840D004A8B846039580E86001BD
:104DA0000023009501951A46382134200295F7F723
:104DB000DCF84F460095CDE904760DF1040CD146A0
:104DC000CDF818808CE8A00200231A4638213C2038
:104DD000F7F7CBF8CDE903570095CDE9056800E07A
:104DE00051E0CDE9015600231A4638214A20F7F751
:104DF000BCF8CDE903570095CDE90159CDE9056827
:104E000000231A4638215420F7F7AFF83C482061B8
:104E1000042020703B489EE704A8039580E8E0004A
:104E20000023009501951A46382134200295F7F7A2
:104E30009CF804A94846CDF80C90009581E8C10083
:104E4000CDE9015900231A4638213C20F7F78DF8A7
:104E5000039604960095CDE90567CDE90156002338
:104E60001A4638214A20F7F780F804A95046CDF8B1
:104E70000CA0009581E8C1000023CDE9015A38213A
:104E80001A465420C0E7039604960095CDE90567BD
:104E9000CDE9015600231A4638213420F7F765F88A
:104EA00004A8039580E8E0000023009501951A46C8
:104EB00038213C200295F7F758F804A8039580E8BC
:104EC000E0000023009501951A4638214A200295FA
:104ED000F7F74BF8039604962DE7000000003042E8
:104EE000D4550020871902088319020826000020E3
:104EF000762902088B29020877190208711902081D
:104F000052290208662902082DE9F04F9D490446FE
:104F10008BB09B480860F0F773FA00250795089559
:104F2000022009AE0995CDE90205CDE9045696485F
:104F3000CDE900050423954A24212846F5F79BFB7B
:104F4000CDE904569248CDE900050023029503956A
:104F50001A4638214420F5F78EFB09F079FE012628
:104F60004FF006094FF007084FF0090A08AF002874
:104F70005BD002F0EFFF40790395012804A82B468F
:104F800080E8E000009501951A464FF038014FF097
:104F9000340002957ED0F6F7E8FF04A94046CDF82C
:104FA0000C90009581E8C100CDE9015800231A4614
:104FB00038213C20F6F7D9FFCDE9035A0095019539
:104FC00000230295D0461A4638214A20CDE90567CC
:104FD000F6F7CBFFCDE90358009501950023029524
:104FE0001A4638215420CDE90567F6F7BEFF694817
:104FF00020610420207068486061089907A8CDE905
:1050000004510690CDE900560395644B062264498D
:1050100000200296F7F732FA0798E0600998A0603E
:10502000262060700BB0BDE8F08F02F093FF40794E
:105030004FF0080B01283FD004A8039580E8E0005A
:105040000023009501951A46382134200295F6F781
:105050008CFF404604A9CDF80C9081E8C100009572
:10506000CDE901590023C8461A4638213C20F6F7FD
:105070007CFFCDE9035A0095CDE9015B0023D146C1
:105080001A4638214A20CDE90567F6F76EFFCDE9CB
:10509000035900E04AE00095CDE9015800231A4683
:1050A00038215420CDE90567F6F75FFF3D482061C0
:1050B000042020703C489FE704A8B846039580E888
:1050C00060010023009501951A463821342002958D
:1050D000F6F74BFF0095CDE90496CDF80C90CDF88E
:1050E0001880CDE9015900234F461A4638213C204B
:1050F000F6F73BFF04A95846CDF80CB0009581E8BF
:105100004101CDE9015B00231A4638214A20F6F718
:105110002CFF0095CDE90476CDF818800397002385
:10512000CDE9015738211A465420BDE7F6F71DFF97
:1051300004A94046CDF80C80009581E8C100CDE976
:10514000015800231A4638213C20F6F70EFF04A828
:10515000039580E8E0000023009501951A46382168
:105160004A200295F6F701FF04A8039580E8E000C5
:1051700000233821009501951A465420029534E702
:1051800000003042D4550020871902088319020814
:1051900026000020722902088329020877190208D4
:1051A000711902084E2902085E2902082DE9F04310
:1051B0000E46484905468BB045480860F0F720F98F
:1051C0000024079408944FF002090994002E6FD12F
:1051D00009AECDE904464048CDE90004CDE902948A
:1051E00004233E4A24210020F5F745FACDE9044680
:1051F0003B48CDE900040023029403941A46382169
:105200006420F5F738FA3648CDE904463038CDE960
:1052100000040023029403941A4638214C20F5F729
:105220002AFA4FF00908CDE9034808AF0126009497
:10523000CDE90567CDE9014600231A46382134201F
:10524000F6F793FECDE903480094019400230294FD
:105250001A4638213C20CDE90567F6F786FECDE9F0
:10526000034800940194002302941A4638214420F4
:10527000CDE90567F6F779FECDE90348009401947E
:10528000002302941A4638215420CDE90567F6F729
:105290006CFE089907A8CDE904410690CDE90046C7
:1052A0000394104B0622104900200296F7F7E6F807
:1052B0000798E8600998A860262068700B48286164
:1052C00085F800900A4868610BB0BDE8F0830000E3
:1052D00000003042D45500208719020883190208C3
:1052E000560000207719020871190208DA1802081E
:1052F000411C02082DE9F04188B00546002403F066
:10530000D3FC68494FF080400860F0F779F8002638
:10531000079606F08FFF01270DF11C080C2877D2A5
:10532000DFE800F0068686862286868686448652D8
:105330001220CDE90007039604960297CDE905688F
:105340004446594B042259493046F7F797F8112043
:10535000CDE90007039604960297CDE9056402247F
:10536000534B042253491FE002F0F4FD40793428E6
:105370005ED11720CDE90007039604960297CDE988
:10538000056844464C4B08224C493046F7F776F8FE
:105390001820CDE90007039604960297CDE905642D
:1053A0000224474B4749062238463FE003960496BD
:1053B000CDE905682A21CDE9001701243046424B8A
:1053C00004224249029731E002F0C4FD40794A28A4
:1053D00002D05F282CD11CE02D20CDE900070396D8
:1053E00004960297CDE905684446394B06223949AF
:1053F0003046F7F743F82E20CDE9000703960496D0
:105400000297CDE905640224334B08223349CBE7E8
:105410000EE02B21CDE90017039604960297CDE903
:105420000568304601242E4B05222E49F7F726F851
:105430002120CDE90007039604960297CDE905687F
:105440002046641C284B04222849F7F717F8282027
:10545000CDE90007039604960297CDE9056820463A
:10546000641C234B04222349F7F708F82220CDE9D6
:105470000007039604960297CDE905681E4B0422A7
:105480001E492046F6F7FAFF0798E8600A20687080
:105490001B482861042028701A48686108B0BDE8DC
:1054A000F0810000D4550020A11B02089A180208C0
:1054B000941B0208961802083A2A0208322A0208A7
:1054C0004D2A0208472A0208E52A0208E12A0208B2
:1054D000DC280208D6280208F1280208E928020878
:1054E0008E280208892802088E1B020892180208DA
:1054F0002E2702082A2702081C1B0208181B020874
:10550000B7180208F31B020830B51149044689B0E8
:105510004FF083400860EFF773FF002007A9079062
:10552000039004900125CDE90501CDE90005094B63
:105530002A4609490295F6F7A1FF657007482061E0
:1055400006202070064860610798E06009B030BD11
:10555000D4550020311D0208301D020861190208CF
:10556000671902082DE9F0412049044688B04FF040
:1055700082400860EFF744FF00254FF002080795CE
:10558000CDE9035807AFCDE905570126CDE900560F
:10559000174B4246174928460296F6F76FFFCDE9AA
:1055A0000358CDE90557CDE900560122124B1349A6
:1055B00010460296F6F762FFCDE90557CDE903687C
:1055C000CDE900560E4B01220E4902200296F6F755
:1055D00055FF272060700C482061062020700B4882
:1055E00060610798E06008B0BDE8F081D455002004
:1055F0006F2A02086D2A0208742A0208732A020818
:10560000772A0208762A02085A2A0208602A020823
:105610002DE9F04F8BB0064603F046FBDFF8C08162
:1056200005464FF08140DFF8BCB14FF0240AC8F8BE
:105630000000EFF7E5FE002407940894099406F0B3
:10564000D7FD01462846F0F76DF90DF12409CDE9A3
:105650000449054655300127CDE90004CDE902741F
:1056600000231A4651462020F5F705F84FF08341F4
:10567000D8F800000AF092FE014658460AF08EFE65
:105680000AF0D8FF00F0FF0BCDE9044905F11E0038
:10569000CDE90004CDE9027400231A465946602082
:1056A000F4F7E9FF4FF08341D8F800000AF076FEE6
:1056B000824658460AF0F6FF51460AF06FFE0AF09D
:1056C000B9FF00F0FF0ACDE9044905F11A00CDE960
:1056D0000004CDE9027400231A4651466020F4F715
:1056E000CAFF4FF08341D8F800000AF057FE804609
:1056F00050460AF0D7FF41460AF050FE0AF09AFFE2
:10570000697900F0FF094FF00A084FF0090BB1FB6F
:10571000F8F0CDE9034B0DF1200A0094CDE9057AAC
:10572000CDE9014000231A4649466020F6F71DFCEA
:105730006979CDE9034BB1FBF8F208FB1210009434
:10574000CDE90140CDE9057A00231A464946682093
:10575000F6F70BFCCDE9034707ADCDE9054500227F
:1057600000940194204B114610460294F6F786FEF1
:1057700003940494CDE90545009401941B4B052244
:105780001B4901200294F6F779FE03940494CDE9B5
:10579000054500940194174B0522174902200294F5
:1057A000F6F76CFE0898CDE9034700940194029443
:1057B000CDE905050022114B11460320F6F75EFEE8
:1057C0000798F0600998B06086F801800C48306155
:1057D000052030700B4870610BB0BDE8F08F000001
:1057E000D455002000001042251C0208291C020884
:1057F00057190208351C02085C190208361B0208FA
:10580000BB180208FC1B02082DE9F04389B00446CE
:1058100006F0E8FC2C494FF0804000250860EFF7C7
:10582000EFFD0026079602F089FB0DF11C08012709
:105830004FF00A0980B102F081FBCDE90367CDE9A1
:1058400000970297CDE9056800F122030022304657
:1058500001251146F6F712FE02F076FB78B102F050
:1058600073FBCDE90367CDE900970297CDE90568A1
:1058700000F12203002228461146F6F7FFFD02F050
:105880005DFB022598B902F05FFB80B906A8CDE95F
:10589000046006960D48CDE90006CDE902560423C2
:1058A0000B4A50213220F4F7E6FE0698A0600798D4
:1058B000E06065700748206105202070064860613F
:1058C00009B0BDE8F0830000D45500206F2702081E
:1058D0006B270208751802083A1B020810B5084920
:1058E00004464FF080400860EFF78AFD04206070A6
:1058F00004482061062020700348606110BD00004C
:10590000D4550020871C02088D1C02082DE9F04F99
:1059100089B0054603F0C8F94B494FF08040086054
:10592000EFF76EFD0024079406F084FC4FF0260B81
:105930004FF027094FF0020A07AF4FF00108052882
:1059400004D006F077FC0B281AD024E0CDE900B88B
:1059500003940494CDF80880CDE905473B4B05221C
:105960003B492046F6F78AFDCDE9009802260394CC
:105970000494384B042238494046CDF808803FE073
:1059800002F0E8FA40794A2805D102F0E3FAB0F8CB
:10599000B40002280DD0CDE900B803940494CDF8EA
:1059A0000880CDE905474646284B05222849204670
:1059B0000CE003940494CDE90547CDE90048464640
:1059C000224B052222492046CDF80880F6F756FDE5
:1059D000CDE90096039404940296CDE905471D4B4A
:1059E00004221D493046F6F749FD2520CDE9000681
:1059F00002960326194B1A49039404940522504633
:105A0000CDE90547F6F73AFD06F014FC01280ED162
:105A10002921CDE9001803940494CDF80880CDE93C
:105A2000054730460F4B05220F49F6F727FD07982B
:105A3000E860042068702C612C7003F035F968610F
:105A400009B0BDE8F08F0000D4550020E71B020824
:105A5000B2180208F31B0208B7180208FC1B020860
:105A6000BB180208CE290208C92902082DE9F04F07
:105A70008BB0064608F048FF0AF064FC04460D4669
:105A8000F8F706FD22462B4609F01EFF00228E4B3A
:105A90000AF02EFA00228D4B09F016FF0AF064F985
:105AA000DFF82C8205464FF08140DFF828B24FF036
:105AB0002409C8F80000EFF7A3FC00240894099417
:105AC000079409A80A9403940494CDE9054001279A
:105AD000CDE9004723462246494660200294F6F766
:105AE00044FA09990DF11C0ACDE90441CDF818A03A
:105AF000039400940194784B042278490020029486
:105B0000F6F7BCFC4FF08341D8F800000AF046FCE1
:105B1000014658460AF042FC0AF08CFD00F0FF09ED
:105B200002F0F8FB0AA9CDE90441CDE90004CDE972
:105B3000027400231A4649465020F4F79CFD039452
:105B40000494CDE9054A00940194654B042265490B
:105B500001200294F6F792FC4FF08341D8F8000040
:105B60000AF01CFC804648460AF09CFD41460AF0BB
:105B700015FC0AF05FFD00F0FF0B42F210704FF0D1
:105B8000090995FBF0F0CDE903490DF120080094D7
:105B9000CDE90578C0B2CDE9014000231A46594647
:105BA0005020F6F7E2F942F2107095FBF0F100FB9D
:105BB00011514FF47A7091FBF0F0CDE90349C0B276
:105BC0000094CDE90140CDE9057800231A465946F5
:105BD0005820F6F7CAF94FF47A7095FBF0F100FB04
:105BE0001151642091FBF0F0CDE90349C0B200945B
:105BF000CDE90140CDE9057800231A4659466020D9
:105C0000F6F7B3F9642095FBF0F100FB11510A207F
:105C100091FBF0F0CDE90349C0B20094CDE9014019
:105C2000CDE9057800231A4659467020F6F79DF90C
:105C30000A2095FBF0F100FB1150CDE90349C0B2F9
:105C40000094CDE90140CDE9057800231A46594674
:105C50007820F6F78AF90AA8CDE904402248CDE970
:105C600000040023029403941A4659466820F4F76E
:105C700002FD0899CDF818A0CDE9044103940094E1
:105C8000CDE90147194B042219490220F6F7F6FB2A
:105C900003940494CDE9054A0094CDE90147154BDE
:105CA000022215490320F6F7E9FB0798F0600A98ED
:105CB000B0602720707011483061042030701048A7
:105CC00070610BB0BDE8F08F000059400000E03F6C
:105CD000D455002000001042811C0208D61802088A
:105CE000551C0208DE180208260000205E1C02086F
:105CF000E2180208081C0208EA18020896180208AE
:105D0000941B02082DE9F04F8BB0054609F012F8FC
:105D1000044685490AF00EFD0AF014FB0022834B6D
:105D200009F0D2FD0AF020F80646204608F0A2FD50
:105D3000DFF8FC814FF08140DFF8F8B14FF0240923
:105D4000C8F80000EFF75CFB00240894099407945E
:105D500009A80A9403940494CDE905400127CDE9EC
:105D6000004723462246494650200294F6F7FDF8A4
:105D700009990DF11C0ACDE90441CDF818A003944E
:105D8000009401946C4B04226C4900200294F6F7B5
:105D900075FB4FF08341D8F800000AF0FFFA014686
:105DA00058460AF0FBFA0AF045FC00F0FF0902F041
:105DB000C3FA0AA9CDE90441CDE90004CDE9027492
:105DC00000231A4649465020F4F755FC03940494E6
:105DD000CDE9054A00940194594B04225949012008
:105DE0000294F6F74BFB4FF08341D8F800000AF01D
:105DF000D5FA804648460AF055FC41460AF0CEFAEC
:105E00000AF018FC00F0FF0B0AA8CDE904404E4848
:105E1000CDE900040023029403941A4659466820F1
:105E2000F4F729FC4FF47A704FF0090996FBF0F073
:105E3000CDE903490DF120080094CDE90578C0B201
:105E4000CDE9014000231A4659465020F6F78DF857
:105E50004FF47A7096FBF0F100FB1161642091FB26
:105E6000F0F0CDE90349C0B20094CDE90140CDE99D
:105E7000057800231A4659465820F6F776F864202C
:105E800096FBF0F100FB11610A2091FBF0F0CDE9E7
:105E90000349C0B20094CDE90140CDE90578002363
:105EA0001A4659466020F6F760F80A2096FBF0F192
:105EB00000FB1160CDE90349C0B20094CDE9014077
:105EC000CDE9057800231A4659467020F6F74DF8BB
:105ED0000899CDF818A0CDE9044103940094CDE9C8
:105EE00001471A4B04221A490220F6F7C7FA039415
:105EF0000494CDE9054A0094CDE90147154B0222EF
:105F000015490320F6F7BAFA27206870134828616C
:105F100004202870124868610798E8600A98A86011
:105F20000BB0BDE8F08F0000000020410000E03F12
:105F3000D455002000001042811C0208D618020827
:105F4000551C0208DE180208260000205E1C02080C
:105F5000E2180208081C0208EA1802089A18020847
:105F6000A11B02082DE9F04FDFF8ECA105468BB02C
:105F70004FF08140DFF8E4B14FF02409CAF8000087
:105F8000EFF73EFA00240794089409940A94F6F770
:105F90004DFC6321CDE9034108AFCDE905470094ED
:105FA000CDE9014000231A4649463820F5F7DDFFC8
:105FB000F6F71EFC012604AA0C21039682E8920043
:105FC0000094CDE9014000231A4649465020F5F7D8
:105FD000CCFFF6F7FBFB04AA1F21039682E8920090
:105FE0000094CDE9014000231A4649466820F5F7A0
:105FF000BCFF0AAFCDE90447DFF86481CDE9008436
:106000000023029403941A4649466020F4F733FBB8
:10601000CDE90447CDE900840023029403941A4695
:1060200049464820F4F727FB08990DF11C09CDE9F2
:106030000441CDF8189003940094CDE90146494BF2
:10604000032249490020F6F719FA4FF08341DAF8A4
:1060500000000AF0A3F9014658460AF09FF90AF039
:10606000E9FA00F0FF0AF6F7B7FB1722CDE9034281
:106070000DF12408CDE905480094CDE90140002345
:106080001A4651463820F5F770FFF6F7ABFB4FF094
:106090003B0BCDE9034BCDE905480094CDE9014028
:1060A00000231A4651465020F5F75FFFF6F7A6FB8E
:1060B000CDE9034BCDE905480094CDE9014000232B
:1060C0001A4651466820F5F750FFDFF89480CDE975
:1060D0000447A8F11008CDE900840023029403943A
:1060E0001A4651464820F4F7C6FACDE90447CDE9EF
:1060F00000840023029403941A4651466020F4F76A
:10610000BAFA0999CDF81890CDE9044103940094A6
:10611000CDE90146154B032215490120F6F7AEF9EA
:1061200003940494CDE905490094CDE90146022287
:10613000104B11491046F6F7A1F90798E8600A9844
:10614000A860052068700D482861042028700C485C
:1061500068610BB0BDE8F08FD455002000001042FC
:1061600046000020751C0208D01802087B1C02089B
:10617000D3180208081C0208EA180208821802084C
:10618000591B02082DE9F04EDFF8649105468AB0EC
:106190004FF08140DFF85CB12427C9F80000EFF729
:1061A0002FF9002407940894099401F0D3FE01F01C
:1061B000D1FE09A9CDE90441B8300126CDE900049A
:1061C000CDE9026400231A4639465020F4F753FA09
:1061D0000DF11C0A03940494CDE9054A009401943E
:1061E000454B0422454900200294F6F747F94FF049
:1061F0008341D9F800000AF0D1F8014658460AF068
:10620000CDF80AF017FA00F0FF0B42F2107098FB7D
:10621000F0F100FB11814FF47A7091FBF0F04FF038
:106220000909CDE90349C0B20094CDE9014008AFA6
:1062300000231A4659465020CDE90567F5F795FE2B
:106240004FF47A7098FBF0F100FB1181642091FB10
:10625000F0F0CDE90349C0B20094CDE9014000233C
:106260001A4659465820CDE90567F5F77EFE6420A9
:1062700098FBF0F100FB11800A2190FBF1F0CDE9D1
:106280000349C0B20094CDE9014000231A465946A3
:106290006020CDE90567F5F768FE0899CDF818A0EC
:1062A000CDE9044103940094CDE90146144B042246
:1062B00014490120F6F7E2F803940494CDE9054A65
:1062C0000094CDE9014602220F4B10491046F6F723
:1062D000D5F80798E8600998A860272068700C48EE
:1062E0002861082028700B4868610AB0BDE8F08E6C
:1062F000D455002000001042551C0208DE18020888
:10630000F0180208EC180208081C0208EA18020833
:10631000E9280208F1280208F0B51949044689B0B5
:106320004FF080400860EFF76BF8002507AF079546
:1063300003950495CDE905570126CDE90056114B8B
:106340000622114928460296F6F798F80395049517
:10635000CDE90557CDE900560C4B06220C4901202A
:106360000296F6F78BF8272060700A482061062015
:106370002070094860610798E06009B0F0BD000036
:10638000D4550020212902081B2902080B290208E4
:1063900005290208D6280208DC280208F0B51949A8
:1063A000044689B04FF080400860EFF729F80025D7
:1063B00001263620CDE90006079507AF0395049521
:1063C0000296CDE90557104B022210492846F6F7F0
:1063D00055F803950495CDE90557CDE900560C4BCA
:1063E00002220C4901200296F6F748F82720607037
:1063F0000948206104202070084860610798E06027
:1064000009B0F0BDD4550020111C0208E61802089E
:106410000D1C0208E81802082A2702082E27020885
:106420002DE9F04F0F46374905468BB04FF08240BB
:106430004FF028080860EEF7E3FF00240794089463
:106440004FF0040B09944FF00A0ACDE9034BB7FB58
:10645000FAF00DF1200901260094CDE90569CDE996
:1064600001402346224641465820F5F77EFDB7FB02
:10647000FAF10922CDE903420AFB11700094CDE93B
:106480000140CDE9056900231A4641466020F5F731
:106490006CFD09A8CDE904401B48CDE90004CDE915
:1064A000026400231A4641467020F4F7E4F8089885
:1064B00007AFCDE90440069703940094CDE9014667
:1064C000124B032212490020F5F7D8FF03940494DD
:1064D000CDE905470094CDE901460E4B02220E4955
:1064E0000120F5F7CBFF0998A860282068700B48B9
:1064F000286185F800B00A4868610798E8600BB029
:10650000BDE8F08FD45500204F2702084427020829
:1065100041270208081C0208EA1802082A27020874
:106520002E270208F0B589B05349074600244FF0E2
:10653000824007940860EEF763FF05F059FE00689B
:10654000012507AE002870D005F074FE0146282012
:106550000C2979D2DFE801F0060F18212A333C45D7
:106560004E57606BCDE9000503940494434B03221E
:106570004349029563E0CDE9000503940494414B3F
:106580000122414902955AE0CDE9000503940494A3
:106590003E4B02223E49029551E0CDE900050394AD
:1065A00004943C4B02223C49029548E0CDE90005A9
:1065B00003940494394B0322394902953FE0CDE915
:1065C000000503940494374B02223749029536E0C4
:1065D000CDE9000503940494344B0222344902951A
:1065E0002DE0CDE9000503940494324B0122324999
:1065F000029524E0CDE90005039404942F4B022278
:106600002F4902951BE0CDE90005039404942D4B1E
:1066100003222D49029512E0CDE90005039404946C
:106620002A4B02222A49029509E019E00CE0CDE943
:106630000005264B27490394049402220295CDE9D4
:1066400005462046F5F71AFF052078702248386184
:1066500004203870214878610798F86009B0F0BDCF
:1066600003940494CDE905462046CDE900451C4B32
:1066700004221C490294E5E7D4550020D5270208DE
:10668000D2270208C6290208C5290208902A020852
:106690008E2A0208962A0208942A02082F2A020843
:1066A0002C2A02089C2A02089A2A0208AA2902080F
:1066B000A8290208A12A0208A02A0208A62A02087C
:1066C000A42A0208D02A0208CD2A02083528020886
:1066D0002D2B0208332802082A2702082E27020839
:1066E0006F2702086B27020802F0A4BA2DE9F043D5
:1066F0005549064689B04FF080404FF000080860C9
:10670000EEF77EFE0024079408F0B2F907AF0125EA
:1067100078B11321CDE90015039404940295CDE9D5
:10672000054720464FF00108484B04224849F5F739
:10673000A5FE0E20CDE90005039404940295CDE951
:10674000054708F10109434B042243494046F5F748
:1067500095FE0F20CDE90005039404940295CDE940
:10676000054709F1010848463C4B04223C49F5F72E
:1067700085FE0C20CDE90005039404940295CDE933
:106780000547404608F10108364B05223649F5F722
:1067900075FE0B20CDE90005039404940295CDE924
:1067A0000547404608F10108304B04223049F5F70F
:1067B00065FE0D20CDE90005039404940295CDE912
:1067C0000547404608F101082A4B04222A49F5F7FB
:1067D00055FE1420CDE90005039404940295CDE9FB
:1067E0000547404608F10108244B04222449F5F7E7
:1067F00045FE1520CDE90005039404940295CDE9EA
:106800000547404608F101081E4B04221E49F5F7D2
:1068100035FE1620CDE90005039404940295CDE9D8
:1068200005474046194B04221949F5F727FE0798FA
:10683000F0600220707017483061042030701648F4
:10684000706109B0BDE8F083D4550020AA1B02088E
:106850009E1802086C1B02088A1802087F1B020897
:106860008E180208EF1A0208EA1A0208591B0208D9
:1068700082180208631B020886180208FE18020824
:10688000FA180208B61B0208A2180208E41A020845
:10689000E01A02087A180208421B02082DE9F043A8
:1068A0000E46484905468BB045480860EEF7A8FDFE
:1068B0000024079408944FF002090994002E6FD128
:1068C00009AECDE904464048CDE90004CDE9029483
:1068D00004233E4A24210020F3F7CDFECDE90446EF
:1068E0003B48CDE900040023029403941A46382162
:1068F0006420F3F7C0FE3648CDE904463038CDE9D0
:1069000000040023029403941A4638214C20F3F724
:10691000B2FE4FF00908CDE9034808AF0126009404
:106920000194002302941A4638213420CDE90567EA
:10693000F5F71BFBCDE90348009401940023029472
:106940001A4638213C20CDE90567F5F70EFBCDE965
:10695000034800940194002302941A4638214420ED
:10696000CDE90567F5F701FBCDE9034800940194F3
:10697000002302941A4638215420CDE90567F5F723
:10698000F4FA089907A8CDE904410690CDE900463C
:106990000394104B0622104900200296F5F76EFD75
:1069A0000798E8600998A860262068700B4828615D
:1069B00085F800900A4868610BB0BDE8F0830000DC
:1069C00000003042D4550020E3190208DF19020804
:1069D000560000207719020871190208DC18020815
:1069E0004B1C02082DE9F0470E46484905468AB07F
:1069F00045480860EEF704FD0024079408944FF022
:106A0000020A0994002E70D10DF12409CDE9044940
:106A10003F48CDE90004CDE902A404233D4A2421E6
:106A20000020F3F728FECDE904493B48CDE90004F6
:106A30000023029403941A4638216420F3F71BFEC6
:106A40004FF00908CDE9034808AF012600940194EE
:106A5000002302941A4638213420CDE90567F5F762
:106A600084FACDE9034800940194002302941A4665
:106A700038213C20CDE90567F5F777FACDE90348E1
:106A800000940194002302941A4638214420CDE951
:106A90000567F5F76AFA2048CDE904493038CDE9B1
:106AA00000040023029403941A4638214C20F3F783
:106AB000E2FDCDE9034800940194002302941A46B4
:106AC00038215420CDE90567F5F74FFA089907A852
:106AD000CDE904410690CDE9004603940F4B062210
:106AE0000F4900200296F5F7C9FC0798E86009985D
:106AF000A860262068700B48286185F800A00A4825
:106B000068610AB0BDE8F08700003042D45500202B
:106B1000F4190208F019020856000020771902083B
:106B200071190208DC1802084B1C02082DE9F0411B
:106B30008846234905468AB04FF0824028270860DE
:106B4000EEF75EFC0024012607940894CDE9034685
:106B50000321CDE9004108A8CDF80880CDE9056002
:106B60003346184A39465820F5F7FFF9089807AF19
:106B7000CDE90440069703940094CDE90146124BF9
:106B8000042212490020F5F779FC03940494CDE91E
:106B900005470094CDE901460D4B02220D49012025
:106BA000F5F76CFC0520AC6068700B482861042088
:106BB00028700A4868610798E8600AB0BDE8F0816B
:106BC000D4550020191902080E1902080A190208E2
:106BD000081C0208EA180208FA180208FE1802083F
:106BE0002DE9F74F88B00C4605464FF0000A05F036
:106BF00021FB002701264FF037094FF002084FF024
:106C0000050B0C287ED2DFE800F0063CA67DD6EF0F
:106C1000EE7D7DEDECEB0A9801280ED1CDE90096D2
:106C2000039704970296CDE9057438464FF0010AA0
:106C3000FB4B0222FB49F5F721FC3820CDE9000689
:106C4000039704970296CDE905740AF10108F64B03
:106C50000222F6495046F5F711FC3920CDE900062D
:106C6000039704970296CDE905744046F04B022243
:106C7000F049F5F703FCF048286185F800B0EF48CB
:106C800045E0CDE90096039704970296CDE9057497
:106C90003846E34B0222E349F5F7F0FB07F0D8FF53
:106CA00000284FF03E00CDE9000603970497C14647
:106CB00002962ED0CDE90574E14B0422E14930461D
:106CC000F5F7DCFB3F20CDE9000603970497029619
:106CD000CDE905744FF00308DB4B0422DB4948463D
:106CE000F5F7CCFB4020CDE90006D94BD9490397F5
:106CF000049705220296CDE905744046F5F7BEFBE0
:106D0000D54800E0ACE0286103202870D3486861D2
:106D1000A6E0CDE90574D24B0422D2493046F5F7FE
:106D2000ADFB3F20CDE90006039704970296CDE91D
:106D300005744FF00308CC4B0422CC494846F5F7C4
:106D40009DFB4020CDE9000603970497C84B042221
:106D5000C8490296CFE74F20CDE900060397049774
:106D60000296CDE90574C44B0322C4493846F5F7B1
:106D700085FB5020CDE90006039704970296CDE9E4
:106D80000574BF4B0322BF493046F5F777FB51200E
:106D9000CDE90006039704970296CDE90574BA4B36
:106DA0000322BA494046F5F769FBB9482861042037
:106DB0002870B848ABE7CDE9009603970497029690
:106DC000CDE905743846964B02229649F5F756FBF5
:106DD00001F0C0F84079342807D05D282CD11DE09F
:106DE00002E1D2E0A2E044E02CE05620CDE900062A
:106DF000039704970296CDE90574A74B0222A74991
:106E00003046F5F73BFB5220CDE900060397049787
:106E1000854B022285494046029609E05221CDE980
:106E200000169F4B9F490397304604970322029612
:106E3000CDE90574F5F722FB9B48286185F800B081
:106E40009A4864E75521CDE9001603970497029606
:106E5000CDE905743846744B02227449F5F70EFBF0
:106E60009348286185F800B0924868610BB0BDE88E
:106E7000F08FCDE90096039704970296CDE905744B
:106E8000674B022267493846F5F7F8FA3C20CDE90E
:106E90000006039704970296CDE90574864B0322FA
:106EA00086493046F5F7EAFA3D20CDE9000603971A
:106EB00004970296CDE905744FF00309804B4A46CA
:106EC00080494046F5F7DAFA3E20CDE900060397FF
:106ED00004970296CDE905744FF00408604B4246D2
:106EE00060494846F5F7CAFA3F20CDE90006039706
:106EF00004970296CDE905745B4B04225B4940463A
:106F0000F5F7BCFA4020CDE90006039704970296F6
:106F1000CDE90574564B042256495846F5F7AEFAAA
:106F20006948286185F800806848F0E6CDE9009658
:106F3000039704970296CDE90574394B022239492B
:106F40003846F5F79BFA5620CDE9000603970497DB
:106F50000296CDE90574504B022250493046F5F7B0
:106F60008DFA5220CDE90006039704970296CDE9E9
:106F70000574574B022257494046F5F77FFA5648A9
:106F8000286185F800B05548C1E6CDE90096039721
:106F900004970296CDE90574214B02222149384617
:106FA000F5F76CFA5320CDE9000603970497029693
:106FB000CDE905744A4B03224A493046F5F75EFA9B
:106FC0005420CDE90006039704970296CDE9057495
:106FD000454B032245494046F5F750FA444828619D
:106FE00085F80080434892E600F0B4FF40790A2813
:106FF00004D04A2802D05F287ED1D8E0CDE900969F
:10700000029603970497CDE90574B24638460126E7
:10701000034B02220349F5F731FA07F0CBFD6CE090
:107020007B27020879270208411C0208DA180208A7
:107030004B1C0208DC180208BE270208C3270208FE
:107040007B2902086E290208832902087229020896
:107050008B29020876290208B3290208B6290208FA
:10706000562902084A2902085E2902084E29020808
:107070006629020852290208212802081828020855
:10708000272802081B2802082D2802081E280208AB
:107090007A2A02087E2A020882270208802702082C
:1070A0002F2A02082C2A02080E2A0208132A020894
:1070B000B2180208E71B02089A290208942902085C
:1070C000A12902089729020835290208392902084E
:1070D000D62A0208D42A0208AA2A0208AF2A0208DD
:1070E0001E2B02081B2B0208272B0208242B020848
:1070F0002D2B02082F2B020853E0F0B14720CDE9D9
:10710000000A03970497CDF808A0CDE90574564608
:10711000614B042261493046F5F7B0F94820CDE9CA
:107120000006029603970497CDE9057403265C4B8D
:1071300004225C494046F5F7A1F94921CDE9001A3E
:1071400003970497CDF808A0CDE905743046D046E2
:10715000761C554B04225549F5F790F94A21CDE9A3
:107160000018CDF8088003970497CDE9057406F15F
:10717000010830464E4B04224E49F5F77FF907F0DF
:1071800019FD70B14B21CDE9001A4B4B4B490397C8
:10719000049740460422CDF808A0CDE90574F5F720
:1071A0006DF947482861042028704648AFE5CDE9CD
:1071B0000096039704970296CDE90574424B02228C
:1071C00042493846F5F75AF94120CDE900060397C0
:1071D00004970296CDE905743D4B02223D493046A5
:1071E000F5F74CF94220CDE9000603970497029683
:1071F000CDE905744FF00309374B4A4637494046FD
:10720000F5F73CF94320CDE9000603970497029671
:10721000CDE905744FF00408314B0322314948464B
:10722000F5F72CF94420CDE9000603970497029660
:10723000CDE905742C4B03222C494046F5F71EF985
:107240004520CDE90006039704970296CDE9057421
:107250004FF00608264B032226495846F5F70EF94B
:107260004620CDE90006039704970296CDE9057400
:107270004FF00709204B032220494046F5F7FEF85E
:107280004E20CDE90006039704971D4B02221D49AD
:107290004846029681E70000432802083F2802087A
:1072A000502802084C2802085E2802085A280208C2
:1072B0006B28020867280208792802087528020846
:1072C000E9270208ED2702087B2702087927020830
:1072D00082270208802702082128020818280208AD
:1072E000272802081B28020806280208FD27020892
:1072F0000C280208002802081228020803280208A5
:1073000089270208872702082DE9F0412849054608
:107310008AB04FF081400860EEF772F800240894BC
:10732000079407AF03940494CDE905470126CDE9FE
:107330000046204B0522204920460296F5F79EF88C
:107340000DF12008CDE904481C48CDE90004CDE941
:10735000026400231A4638212820F3F78CF903949D
:107360000494CDE90547CDE90046154B05221549A2
:1073700002200296F5F782F8CDE904481248CDE9DB
:107380000004CDE9026400231A4660212820F3F7A7
:1073900072F90A2068700D482861052028700C4891
:1073A00068610898A8600798E8600AB0BDE8F081B5
:1073B000D4550020E3290208DE290208EF2902083B
:1073C000EB290208E6290208FE290208C929020859
:1073D000CE29020810B51249044688B04FF0834008
:1073E0000860EEF70DF8002007A9079003900490BD
:1073F000CDE905010121CDE900010291094B0622E9
:107400000949F5F73BF80520607008482061042021
:107410002070074860610798E06008B010BD000068
:10742000D4550020D31A0208CD1A0208E01A020827
:10743000E41A02082DE9F043584905468BB0564836
:107440000860EDF7DDFF00240DF124090994CDE972
:1074500004490794089402215148CDE90214CDE96A
:10746000000404234F4A24212046F3F704F900F0D6
:1074700071FD4079012661286AD14FF00908CDE9F4
:10748000034808AF00940194002302941A4638215F
:107490002C20CDE90567F4F768FDCDE90348009499
:1074A0000194002302941A4638213420CDE905675F
:1074B000F4F75BFDCDE903480094019400230294A6
:1074C0001A4638213C20CDE90567F4F74EFDCDE999
:1074D000034800940194002302941A463821442062
:1074E000CDE90567F4F741FDCDE903480094019427
:1074F000002302941A4638214C20CDE90567F4F7A1
:1075000034FDCDE9034800940194002302941A4607
:1075100038215420CDE90567F4F727FDCDE904496A
:107520002148CDE900040023029403941A4638212F
:107530005C20F3F7A0F8CDE9034800940194002300
:1075400002941A4638216420CDE90567F4F70DFD51
:10755000089907A8CDE904410690CDE900460394B7
:10756000124B0622124900200296F4F787FF079873
:10757000E8600998A8602620687000F0EBFC40796C
:10758000612805D10B482861032028700A486861EA
:107590000BB0BDE8F083000000003042D45500205D
:1075A00087190208831902082600002077190208AB
:1075B00071190208242B0208272B02082DE9F04F2D
:1075C00087B00646EDF71CFF00F0C4FC406F08F0E2
:1075D000B9FECDE900016FA207217048E8F78CFFE2
:1075E00000F0B8FC806F08F0ADFECDE900016B48FB
:1075F00068A20721C01DE8F77FFF00F0ABFCC06F59
:1076000008F0A0FECDE90001644862A207210E3017
:10761000E8F772FF00F09EFCD0F8800008F092FEC0
:10762000CDE900015D485BA207211530E8F764FF52
:10763000002406AD02270694DFF86491CDE90445E5
:10764000CDE90274CDE900943B46564A24212046F8
:10765000F3F711F8DFF850A1CDE90445CDE9027444
:10766000CDE900A40423514A24212020F3F703F894
:107670004A48CDE904450E304FF00108CDE9000439
:10768000CDE9028400231A4624216020F2F7F3FF9B
:10769000DFF81CB1CDE90445CDE90274CDE900B4B1
:1076A0000223444A38210020F2F7E5FFCDE90445E2
:1076B000CDE90274CDE900A404233C4A38212020FE
:1076C000F2F7D9FF3548CDE904451530CDE900047E
:1076D000CDE9028400231A4638216020F2F7CBFF5F
:1076E000CDE90445CDE90274CDE9009402232D4A89
:1076F0004C210020F2F7BFFFDFF8BC90CDE9044534
:10770000CDE90274CDE9009403232C4A4C212020BA
:10771000F2F7B1FF2148CDE90445CDE90004CDE9F8
:10772000028400231A464C216020F2F7A4FFCDE921
:107730000445CDE90274CDE900B402231D4A60215D
:107740000020F2F798FFCDE90445CDE90274CDE9B8
:1077500000940323194A60212020F2F78CFF0F4880
:10776000CDE90445C01DCDE90004CDE90284002324
:1077700060211A460846F2F77EFF0698B06027207F
:1077800070700F483061052030700E48706107B08E
:10779000BDE8F08F25322E34660000000756002029
:1077A000C0280208BE280208A5280208A12802084D
:1077B000C6280208C4280208B3280208B028020814
:1077C000892802088E2802082DE9F04FEA4904466C
:1077D0008BB0E8480860EDF713FE002509A809956D
:1077E000CDE90450E548079508954FF0020BCDE927
:1077F0000005CDE902B50423E14A24212846F2F729
:107800003AFF00F0A7FB4179DFF878A3012608AF23
:107810004FF00909602966D000F09CFB40790928E7
:107820007ED000F097FB4079CDE90359B846612836
:107830004F46009575D0CDE90568CDE90156002386
:107840001A4638213420F4F790FBCDE90357042081
:107850000095CDE90150CDE9056800231A4638218D
:107860003C20F4F782FBCDE903570095CDE905688C
:10787000CDE9015600231A4638214420F4F775FB60
:10788000CDE9035703200095CDE9015000233821AD
:107890001A464C20CDE90568F4F767FB089907A85C
:1078A000CDE904510690CDE900560395B64B06226A
:1078B000B64900200296F4F7E1FD0798E0600998C8
:1078C000A0602620607000F045FB40795D287DD0E7
:1078D0007DDC092801D034287AD1AD48206184F8B4
:1078E00000B0AC4836E109A8CDE90450CDE900A5C7
:1078F0000023029503951A4638214C20F2F7BBFE6F
:1079000000F028FBB0F86600B0F5807F3BD000F0B7
:1079100021FBB0F86600A0F57061FF39BED101E02F
:1079200069E0ACE0CDE9035904200095CDE90150B0
:1079300000231A4638213420CDE90567F4F715FBFA
:10794000CDE9035900950195002302951A46382187
:107950003C20CDE90567F4F708FBCDE90359009514
:107960000195002302951A4638214420CDE9056788
:10797000F4F7FBFACDE903590023009501951A4667
:107980003821029577E0CDE90359B8460095019575
:107990000295CDE9056800234F461A463821342068
:1079A000F4F7E3FACDE9035704200095CDE901503F
:1079B000CDE9056800231A4638213C20F4F7D5FAB2
:1079C000CDE9035700950195002302E0C6E0B8E039
:1079D000C1E00295CDE905681A4638214420F4F744
:1079E000C4FACDE9035700233821009501951A46C2
:1079F000542002954EE704AA44200095019582E8A0
:107A0000C1004321CDE9020100231A463821342068
:107A1000F4F7ABFACDE903590095019500230295DF
:107A20001A4638213C20CDE90567F4F79EFACDE9E6
:107A300003590095CDE9015B00231A463821442003
:107A4000CDE90567F4F791FACDE9035905200095D2
:107A5000CDE9015000231A4638214C20CDE90567B5
:107A6000F4F783FACDE90359062000950023CDE908
:107A700001501A4638215420CDE905670CE70195DD
:107A80000295CDE9056800231A4638212C20F4F729
:107A90006CFACDE90357009501950295CDE905688B
:107AA00000231A4638213420F4F75FFACDE9035752
:107AB000009501950295CDE9056800231A46382105
:107AC0003C20F4F752FACDE9035700950195029551
:107AD000CDE9056800231A4638214420F4F745FA19
:107AE000CDE90357009501950295CDE9056800237E
:107AF0001A4638214C20F4F738FACDE9035700959F
:107B000001950295CDE9056800231A4638215420D5
:107B1000F4F72BFA09A8CDE90450CDE900A500231C
:107B2000029503951A4638215C20F2F7A4FDCDE9B1
:107B3000035700233821009501951A4664200295C9
:107B4000A8E6602810D0612805D1134820610320E1
:107B50002070124860610BB0BDE8F08F10482061C2
:107B6000032020700F48F5E70F48206184F800B02B
:107B70000E48EFE700003042D45500208719020874
:107B800083190208260000207719020871190208DB
:107B9000DA180208411C02081B2B02081E2B0208DF
:107BA0002C2A02082F2A0208D42A0208D62A020800
:107BB0002DE9F0413F4905468AB03D480860EDF7A0
:107BC0001FFC002407940894022009AE0994CDE913
:107BD0000204CDE904463848CDE900040423374ABD
:107BE00024212046F2F747FDCDE904463448CDE98B
:107BF00000040023029403941A4638214C20F2F723
:107C00003AFD4FF00908CDE9034808AF012600947A
:107C10000194002302941A4638213420CDE90567E7
:107C2000F4F7A3F9CDE903480094019400230294EA
:107C30001A4638213C20CDE90567F4F796F9CDE9DD
:107C4000034800940194002302941A4638214420EA
:107C5000CDE90567F4F789F9CDE90348009401946B
:107C6000002302941A4638215420CDE90567F4F721
:107C70007CF9089907A8CDE904410690CDE90046B2
:107C80000394104B0622104900200296F4F7F6FBED
:107C90000798E8600998A860262068700B4828615A
:107CA000032028700A4868610AB0BDE8F08100002E
:107CB00000003042D45500208719020883190208B9
:107CC00026000020771902087119020818280208F6
:107CD000212802082DE9F0413F4905468AB03D4878
:107CE0000860EDF78DFB002407940894022009AE8C
:107CF0000994CDE90204CDE904463848CDE90004F1
:107D00000423374A24212046F2F7B5FCCDE9044686
:107D10003448CDE900040023029403941A46382124
:107D20004C20F2F7A8FC4FF00908CDE903480820E1
:107D30000094CDE9014008AF012600231A463821FE
:107D40003420CDE90567F4F710F9CDE90348009434
:107D50000194002302941A4638213C20CDE905679E
:107D6000F4F703F9CDE90348009401940023029449
:107D70001A4638214420CDE90567F4F7F6F8CDE935
:107D8000034800940194002302941A463821542099
:107D9000CDE90567F4F7E9F8089907A8CDE90441AA
:107DA0000690CDE9004603940F4B06220F490020B0
:107DB0000296F4F763FB0798E8600998A86026200C
:107DC00068700B482861032028700A4868610AB06F
:107DD000BDE8F08100003042D45500208719020828
:107DE0008319020826000020771902087119020879
:107DF0001E2802082D2802082DE9F0413F490546BA
:107E00008AB03D480860EDF7FBFA00240794089417
:107E1000022009AE0994CDE90204CDE904463848B0
:107E2000CDE900040423374A24212046F2F723FC3D
:107E3000CDE904463448CDE90004002302940394BC
:107E40001A4638214C20F2F716FC4FF00908CDE90C
:107E5000034804200094CDE9014008AF0126002327
:107E60001A4638213420CDE90567F4F77EF8CDE9CC
:107E7000034800940194002302941A4638213C20C0
:107E8000CDE90567F4F771F8CDE903480094019452
:107E9000002302941A4638214420CDE90567F4F7FF
:107EA00064F8CDE9034800940194002302941A4633
:107EB00038215420CDE90567F4F757F8089907A849
:107EC000CDE904410690CDE9004603940F4B06220C
:107ED0000F4900200296F4F7D1FA0798E860099854
:107EE000A860262068700B482861032028700A4883
:107EF00068610AB0BDE8F08100003042D45500202E
:107F00008719020883190208260000207719020841
:107F1000711902081B280208272802080248007865
:107F2000C0F3C000704700000B57002002480078E3
:107F3000C0F38000704700000B57002001484068E4
:107F4000704700002C58002001484068704700002E
:107F50003458002001484068704700002458002031
:107F600002480078C0F30010704700000B57002053
:107F70002DE9F04F87B000205F4E02900390054638
:107F8000049006F12800DFF86CA105900FE075B1B0
:107F9000471C5AA13846E8F7C9FB04007ED0072DDC
:107FA0001DD2DFE805F0990B0F20535A910053A121
:107FB0000598E8F7BBFB002870D092E0E21B394639
:107FC000701D87E0E21B394606A8E8F7C1FB9DF863
:107FD00018004128307803D020F0040030707BE096
:107FE00040F00400FAE73078400775D5E21B3946C7
:107FF00002A8E8F7ADFB002102A807F097FA0022DB
:10800000534607F01DFD0746884607F0ADFE0246C1
:10801000EDF7E0F9104607F004FF8B4681463A463B
:10802000434608F099F80022534607F061FF00220A
:10803000334B07F005FD4A465B4607F045FCCDE9AA
:1080400000012D480C212FA210303AE03178490769
:1080500042D5E21B3946F01C3CE0307840073BD566
:10806000E21B394602A8E8F773FB002102A807F0DB
:108070005DFA0022534607F0E3FC0746884607F006
:1080800073FE0246EDF7B4F9104607F0CAFE8B46C0
:10809000814643463A4608F05FF800E026E00022B9
:1080A000534607F025FF0022154B07F0C9FC4A464E
:1080B0005B4607F009FCCDE900010F4811A20C2135
:1080C0001C30E8F719FA07E03178490704D5E21BBC
:1080D0003946701CE8F73CFB3178204641F002013C
:1080E00031706D1CEDB2062D7FF651AF07B0BDE8C3
:1080F000F08F000000005940305700202C00000095
:1081000000004E40252E376600000000024800782F
:10811000C0F34010704700000B5700200248007861
:10812000C0F30010704700000F570020024800788D
:10813000C0F30010704700000D570020024800787F
:10814000C0F3001070470000075700200248007875
:10815000C0F38010704700000F57002002480078DD
:10816000C0F38010704700000D57002002480078CF
:10817000C0F3801070470000075700200248407885
:1081800000F00100704700000757002002484078C7
:10819000C0F3001070470000075700200148007826
:1081A000C00970470757002002480078C0F340001C
:1081B000704700000F57002002480078C0F34000CD
:1081C000704700000D57002002480078C0F34000BF
:1081D000704700000757002002480078C0F3C00035
:1081E000704700000F57002002480078C0F3C0001D
:1081F000704700000D57002002480078C0F3C0000F
:10820000704700000757002002480078C0F3401074
:10821000704700000F57002002480078C0F340105C
:10822000704700000D57002002480078C0F340104E
:10823000704700000757002002484078C0F38000D4
:10824000704700000F57002002484078C0F38000BC
:10825000704700000D57002002484078C0F38000AE
:10826000704700000757002002484078C0F3C00064
:10827000704700000757002002480078C0F38000D4
:10828000704700000F5700200148C0887047000069
:108290003078002002480078C0F38000704700006A
:1082A0000D57002002480078C0F38000704700009E
:1082B0000757002002484078C0F340007047000094
:1082C000075700200248007800F0010070470000C6
:1082D0000F5700200248007800F0010070470000AE
:1082E0000D5700200248007800F0010070470000A0
:1082F0000757002000487047405700200248007888
:1083000000F00100704700000B5700200048704744
:108310004C570020004870477D55002001480068F8
:1083200070470000D455002002480078C0F3400098
:10833000704700000B570020004870477755002019
:1083400001480089704700000A5700200248007861
:1083500000F0010070470000285700200148007815
:10836000C00970470B57002002480078C0F3801006
:10837000704700000B57002070B5EAF76FF907F05F
:1083800067FD144CD4E9042307F09EFAC4E9040104
:10839000054620780E460A2816D307F059FD0246F6
:1083A0000B462846314607F04BFB6FF00A0208F0F7
:1083B00075FB094A094B07F09BFD0246012020701E
:1083C0000020C4E9040003E000220549401C20709D
:1083D000104670BDE8570020E17A14AE47E109402D
:1083E0000000F0BF10B5EAF753F96FF00A0208F089
:1083F00055FBBDE81040024A024B07F079BD000072
:10840000E17A14AE47E10940004870473157002037
:1084100000487047335700202DE9F041FFF71CFF5B
:1084200008B1F7F739FCFFF71FFF7C4D4FF4004808
:1084300018B3F7F739FC002241462846F0F7DDFC77
:108440000020EFF755FD0024EFF7A6FF641CE4B20F
:10845000C82CF9D310217248F0F7C2FC28B10122D0
:1084600080217048F0F7C9FCFEE780212846F0F72C
:10847000B7FC012801D0F0F795FDFFF713FF0026A8
:10848000694C0127B0B12078012813D1FFF762FDB4
:10849000B0F8B40002280DD1FFF75CFD40794A28FE
:1084A00008D16248068062480770FFF753FD00213B
:1084B000EAF78EFFFFF7B8FE38B1F7F7BFFCF7F722
:1084C000CDFB0021022000F041FCFFF737FE28B170
:1084D000F7F72EFB41462846F0F787FCFFF746FEEC
:1084E000B0B1F7F743FB2078012811D103F07AFEF1
:1084F00070B1FFF72FFDB0F8B400022804D1FFF7E8
:1085000029FD40794A280AD00021262000F01EFCCF
:10851000FFF734FE40B3207801280DD013E0424825
:1085200044497830016044494160072101720121CA
:108530000420FCF77BF8EBE703F054FE18B10021B0
:10854000032000F003FC207826280DD1FFF702FD60
:1085500040790A2804D0FFF7FDFC40794A2803D16E
:1085600000212C2000F0F2FBFFF710FE30B1207844
:10857000052803D10021302000F0E8FBFFF79AFE28
:1085800098B12078012811D1FFF7E4FC58B1207987
:1085900060B9277103F04EFE02F0CAF801460120CF
:1085A000FCF744F802E00021F9E72671FFF7F6FD39
:1085B00038B1F7F7F3FA06F083F806F047FAF4F764
:1085C0003BF92078012827D1FFF78CFE1B4C70B1B6
:1085D000F7F7B0FB1A4D60686968884207D004F06D
:1085E00099F800F015FB6868606028782070FFF744
:1085F000EBFD002810D0F7F7F1FA124D686800285B
:108600000AD06168814207D004F084F800F000FBD2
:108610006868606028782070BDE8F0810000024042
:108620000008024000100240205500201257002090
:108630002C570020A8270208AF2702082458002042
:108640002C5800203458002038B5044601680B48E7
:10865000814211D10868486800902046F1F73FFB3D
:10866000ECF7C0FEF7F7B8FB2046BDE838404FF402
:1086700061720349F1F78ABD38BD00000044004033
:108680003A7800207047000070B50446ECF77AFE97
:10869000ECF780FE0A4D45F8904F2068C16841F024
:1086A0001001C1604FF4617206492868F1F76EFD50
:1086B0002868BDE87040C8230E220349F1F788BD41
:1086C000305700203A780020852B020870B50A4EFA
:1086D0000FE000EB8004002306EB84050AB1FF24C1
:1086E00000E00024EC545B1CDBB2142BF6D3401CDE
:1086F000C0B28842EDD370BDB05B002010B51C2124
:10870000084C002201EB8103012004EB83031A547F
:10871000401CC0B20328FAD3491CC9B22C29F1D39A
:1087200010BD0000B05B002010B51A21084C0022DB
:1087300001EB8103102004EB83031A54401CC0B2E8
:108740001328FAD3491CC9B22A29F1D310BD00005D
:10875000B05B002010B53821084C002201EB8103EA
:10876000022004EB83031A54401CC0B21228FAD32F
:10877000491CC9B27829F1D310BD0000B05B0020BC
:10878000F0B510B106240E2301E005240F230026C6
:10879000094F01F110050CE001EB8102204607EBC7
:1087A000820202E01654401CC0B29842FAD3491C1F
:1087B000C9B2A942F0D3F0BDB05B002010B58E2144
:1087C000084C002201EB8103092004EB83031A54B7
:1087D000401CC0B20B28FAD3491CC9B29E29F1D360
:1087E00010BD0000B05B002010B58421084C0022B1
:1087F00001EB8103002004EB83031A54401CC0B238
:108800000428FAD3491CC9B29E29F1D310BD000037
:10881000B05B002030B5094C1C2202EB8203012121
:1088200004EB830310F8015B5D54491CC9B20329B2
:10883000F8D3521CD2B22C2AEFD330BDB05B00204B
:108840002DE9F05F002492468B468046274623E0C0
:108850005CB908F00F00564640F06000F5F7C4FA26
:10886000702141EA1810F5F7BFFA00254FF01409FE
:1088700016F8010BF5F77AFA641CA4B2B4FBF9F10F
:1088800009FB114010B90020F5F7E0FA6D1CADB2FC
:10889000142DEDD37F1CFFB25F45D9D3BDE8F09F07
:1088A00030B5094C1A2202EB8203102104EB83033A
:1088B00010F8015B5D54491CC9B21329F8D3521C4E
:1088C000D2B22A2AEFD330BDB05B002010B5104CD5
:1088D000382202EB8201022004EB810300210228EE
:1088E00002D0112802D002E0802100E00121382AC4
:1088F0000BD0772A09D01954401CC0B21228EDD3EE
:10890000521CD2B2782AE4D310BDFF21F3E7000055
:10891000B05B00200020054AFF211318401CC0B2A4
:1089200083F8E0111428F8D370470000B05B0020F2
:1089300030B5094C8E2202EB8203092104EB83033C
:1089400010F8015B5D54491CC9B20B29F8D3521CC5
:10895000D2B29E2AEFD330BDB05B002030B5094CB7
:10896000842202EB8203002104EB830310F8015BF5
:108970005D54491CC9B20429F8D3521CD2B29E2AB4
:10898000EFD330BDB05B0020014800787047000095
:1089900048560020014900200870704748560020C2
:1089A0000149012008707047485600201A4910B547
:1089B00009686FF0010008611748F1F74BF8174894
:1089C0000068016841F040010160F2F75FF8F2F7DA
:1089D00077FAF2F759FAF2F73BFA1148D0F8881013
:1089E000104888471048D0F88C1010488847104825
:1089F0008169104888471048416808488847F5F75A
:108A000007FF582802D10D4901200870F1F7E8FC52
:108A1000BDE8104001F0BABD10590020B858002040
:108A200054560020D8590020305700209459002077
:108A3000C45700205059002030560020085800200C
:108A40001CB5012211026846F5F77EF89DF800007A
:108A500000B101206D4C01224FF4A06120706846E6
:108A6000F5F772F89DF8000000B10120A070012216
:108A70004FF4C0616846F5F767F89DF8000000B153
:108A80000120207101224FF4E0616846F5F75CF89F
:108A90009DF8000000B1012060710122D1026846FA
:108AA000F5F752F89DF8000000B1012084F8C400E9
:108AB0000122910201A8F5F747F89DF80430002043
:108AC00001210222002B7DD0012B7CD0032B7BD0F7
:108AD000E270A171E171442384F8C63084F8C53096
:108AE00020726072A072E07220736073A073E073F2
:108AF00020746074A074E07420756075A075E075D2
:108B000020766076A076E07620776077A077E077B1
:108B100084F82D0084F82E0084F82F0084F83000AB
:108B200084F8310084F8320084F8330004F8340FFC
:108B30006070A070E07020716271A271E2712272A7
:108B40006272A272E27222736273A273E27322747F
:108B500004F8140C04F8130C04F8120C04F8110CAB
:108B600004F8100C04F80F0C04F80E0C04F80D0CAB
:108B700004F80C0C04F80B0C04F80A0C04F8090CAB
:108B8000A174E174617421756175A175E175217637
:108B90006176A176E17621776177A177E1770A2185
:108BA00004F8081C20626062A062E06220636063D7
:108BB000A063E06320646064A064E0642065606595
:108BC000A06502E01BE01CE01DE0E0652066606639
:108BD000A066E06620676067A067E067C4F8800071
:108BE000C4F88400A4F88A0084F8880084F88C0013
:108BF00084F88D0084F88E0084F893001CBDE0702A
:108C000067E7E17065E70323E37062E7C07B00205C
:108C10000148F1F741BD0000B8550020014900208E
:108C2000C8707047205500200149002088727047A5
:108C30002055002010B504460C30F3F741FC04F138
:108C40000800F1F729FD00202061606110BD0000DF
:108C5000004870476C55002001488079704700003B
:108C60002055002001480078704700002055002062
:108C700000487047B05500200148807C70470000D4
:108C80002055002001484078704700002055002002
:108C90000148C07870470000205500200148807AC4
:108CA00070470000205500200148806C704700008C
:108CB0002055002000487047762B02080148007CB0
:108CC00070470000205500202DE9F04188B00024B5
:108CD0004FF009080794CDE9034802271048CDE971
:108CE0000007012607AD0294CDE9056533460D4A1C
:108CF00060212020F3F739F9CDE903480A48CDE98E
:108D000000070294CDE905650123084A6021682027
:108D1000F3F72BF906490798486008B0BDE8F081E1
:108D2000311D0208301D0208361D0208351D0208DB
:108D3000B05500200149887470470000205500207C
:108D400001490120C8707047205500202DE9F041ED
:108D500007460D46002005F067FD002005F05EFD8A
:108D60000021F94EF94C572F37D2DFE807F0362CA7
:108D7000373E57436E7763817C8C9196A9F436F920
:108D8000FEF0A1EFEEEDECEBEAE9E836E7E6E5E42C
:108D9000E3E2E1E0DFDEDDDCDBDAD9D8D7D6D5D41B
:108DA000D3D2D1D0CFCECDCCCB36CAC9C8C7C6C599
:108DB000C4C3C2C1C0BFBEBDBCBBBFBDBAB9B8B7DA
:108DC000B636B5B6B400E1489030FDF78DFCE0480A
:108DD000A062E048E06203F09DFC0EE3DB489030C7
:108DE000FBF7D0FB2AE0607A70E1D8489030FCF7BE
:108DF0008BFBD2E3D5489030FDF778FCD648A062D3
:108E0000D648E062002D1FD0207AF3F719FCCF4836
:108E10009030C168E06903F0FDF8EEE2CB48903095
:108E2000FCF7F2FCCC48A062CC48E062002DEAD00E
:108E3000207A4BE1C5489030FAF76CFEC648A06234
:108E4000C648E062002DCED148E1C0489030FBF723
:108E500015F8A2E3A062C148E0623FE1BB48903050
:108E6000FAF79CFE99E3B9489030FCF74FFD94E384
:108E7000B6489030FCF732FDB548A062B748E062D2
:108E800003F040FCB9E2B1489030FDF76BF884E3A1
:108E9000AE489030F7F750FF7FE3AC489030FBF7D7
:108EA000DBFAAD48A062AD48E06205F077FEA2E2D1
:108EB00005F08EFF0146A5489030FDF737FE6CE3C4
:108EC000A2489030F7F7D4FEA348A062A348E0621E
:108ED00005F0BCFD99E08AE381E378E36FE366E3A4
:108EE0005DE353E34AE341E330E327E31DE314E3A7
:108EF0000BE302E3F9E2F0E2E7E2DEE2D5E2CCE204
:108F0000C3E2BAE2AFE19AE183E1C0E182E201E2C9
:108F10007BE154E16FE166E169E145E140E12BE18C
:108F200057E125E1FEE0F1E030E2D2E0BDE0D8E03B
:108F3000E7E0DBE0B8E181E075E069E022E245E0EE
:108F400036E030E057E04BE045E027E01DE011E07F
:108F50000BE005E0FFE77D489030F7F745FE1CE3A6
:108F60007A489030FCF782FD17E378489030FCF7A0
:108F7000C9FE12E375489030FAF71EFD7748E062AB
:108F80007548A06205F010FE35E270489030FBF79E
:108F90007BFB7248E0626E48A0629FE06B489030B5
:108FA000FEF718FAABE069489030FAF7FBFAA6E052
:108FB0002078062803D1607901F04EFBE0826348F7
:108FC000E18A9030FAF71EFB654843E75F4890302E
:108FD000F9F70CFB93E05D489030F9F729F903E0CD
:108FE0005A489030F9F71CFA5D48A0625D48E0628B
:108FF000F3F7B4F801E255489030FCF7B3FA56485D
:10900000A0625648E06205F08FFEE9F777FBF4E1D5
:109010004E489030F7F794F84F48A0624F48E0620E
:1090200005F078FCE7E149489030FBF7D3F94A486E
:10903000A0624A48E06205F011FEDCE1434890304E
:10904000F7F73CF84448A0624448E06230780C28C6
:10905000D0D2DFE800F006090C0F1215181B1E21F4
:10906000242705F06BFDC6E105F092FDC3E105F094
:1090700089FDC0E105F074FDBDE105F065FDBAE1D3
:1090800005F07AFDB7E105F071FDB4E105F062FD90
:10909000B1E105F041FDAEE105F04AFDABE105F0BF
:1090A00035FDA8E105F03EFDA5E12078012801D0BD
:1090B0000A2800D120742548217C9030F8F7F4FC70
:1090C0002548A0622548E06245B1E079F3F7B8FA97
:1090D00093E11E489030FCF70DF9F1E7ECF796F9B3
:1090E0008BE11A489030FCF793FA56E2174890301B
:1090F000F9F7ACFA05F0BCFC08B11B48AAE6144825
:10910000A8E612489030FAF7D5F9F6E70F48903004
:10911000FEF7FAF81048A0621048E06205F098FDEA
:1091200078B123E009489030F8F734FF0A48A0628C
:109130000A48E062FEF70EFFB0F86600B0F5807FE7
:1091400014D1012057E100002458002020550020B0
:10915000DDF60008C5F2000899F40008FDE80008F3
:10916000E9F5000819E8000869F50008002042E167
:10917000FB48FEF723FA10E2F948FDF7CDF8F9486D
:10918000A062F948E062FEF7E5FEB0F8B4000128FD
:10919000D7D0FEF7DFFEB0F8B4000228E6D02CE10D
:1091A000EF48FCF7EFFF1FE705F0F8FC054605F078
:1091B000B7FB01462A46EA48FBF716F8EDE1E84816
:1091C000FBF79EF9E748A062E748E06205F04CFD36
:1091D00011E1E348F8F720FFE248A062E248E062CC
:1091E00005F0E8FC07E1DE48FAF7BAFFD5E1DC4814
:1091F000FAF784FBD1E1DA48FBF7A4FAD948A06278
:10920000D948E06205F0EAFDF5E0D548F6F7DAFF67
:10921000C3E130786074207C0A2802D0012806D08F
:1092200008E0A06C0078442804D1617402E003F0E7
:1092300001F86074617CCA48FBF7B8FFD4E6207C73
:109240000A2802D0012806D008E0A06C0078442843
:1092500004D1617402E002F0EDFF6074617CC048EB
:10926000FDF71CFBC0E6207C0A2802D0012806D0AE
:1092700008E0A06C0078442804D1617402E002F098
:10928000D9FF6074617CB648FDF7ACFBACE6207C8E
:109290000A2801D0012802D102F0CCFF6074617C61
:1092A000AF48F8F727FC9FE6AD48F7F7F7FBAD4866
:1092B000A062AD48E06230780C2862D2DFE800F0AE
:1092C00006090C0F1215181B1E21242705F08EFB12
:1092D00055E005F0B5FB52E005F0ACFB4FE005F0C2
:1092E00097FB4CE005F088FB49E005F09DFB46E06C
:1092F00005F094FB43E005F085FB40E005F064FBDE
:109300003DE005F06DFB3AE005F058FB37E005F075
:1093100061FB34E09248F7F715FC9248A06292484E
:10932000E06230780C2868D2DFE800F006090C0F04
:109330001215181B1E21242705F010FB1FE005F055
:1093400037FB1CE005F02EFB19E005F019FB16E0D9
:1093500005F00AFB13E005F01FFB10E005F016FB1B
:109360000DE005F007FB0AE005F0E6FA07E005F07E
:10937000EFFA04E005F0DAFA01E005F0E3FAE9F7C4
:10938000A7F93AE07648FDF7CDF806E17448FDF715
:1093900005F87448A0627448E06230780C282CD23A
:1093A000DFE800F006090C0F1215181B1E212427F8
:1093B00005F01EFC1FE005F045FC1CE005F03CFC40
:1093C00019E005F027FC16E005F018FC13E005F0A5
:1093D0002DFC10E005F024FC0DE005F015FC0AE082
:1093E00005F0F4FB07E005F0FDFB04E005F0E8FB09
:1093F00001E005F0F1FBE9F78FFD0022A02110202C
:10940000FFF764F9FFF786FA102005F045FA277098
:10941000BDE8F08130780C2810D2DFE800F00609B2
:10942000101316191C1F2225282B05F0A1FC01E0A2
:1094300005F0C8FC01464A48FCF7F2FFADE005F034
:10944000BBFCF7E705F0A6FCF4E705F097FCF1E7B5
:1094500005F0ACFCEEE705F0A3FCEBE705F094FCAF
:10946000E8E705F073FCE5E705F07CFCE2E705F0D2
:1094700067FCDFE705F070FCDCE702F0DBFE607400
:1094800001463748FBF7A4F9AEE502F0D3FE60745D
:1094900001463348FBF72EFAA6E502F0CBFE6074D6
:1094A00001462F48FBF7B8FA9EE502F0C3FE607450
:1094B00001462B48FBF728FD96E502F0BBFE6074E1
:1094C00001462748FBF7D8FB8EE502F0B3FE607437
:1094D00001462348F8F776FA5FE002F0ABFE6074CD
:1094E00001461F48F8F74CF97EE502F0A3FE6074D0
:1094F00001461B48F8F7D6F976E502F09BFE60744A
:1095000001461748F7F784FF6EE502F093FE60749A
:1095100001461348F8F7A2F866E502F08BFE607486
:1095200001460F48F8F708F85EE502F083FE607424
:1095300001463A460A48F7F73BFE55E502F07AFE47
:10954000607401460648F7F7A1FD4DE502F072FE92
:10955000607401463A460248F7F7C2FE44E500004F
:10956000B055002099F40008FDE8000802F062FE02
:10957000607401462248F7F7F7FC35E502F05AFE21
:10958000607401461E48F7F74BFC2DE502F052FED1
:10959000607401461A48F7F711FC1A485AE402F0C1
:1095A00049FE607401461648FEF702FB1CE502F016
:1095B00041FE607401461248FEF71EFC14E502F0FD
:1095C00039FE607401460E48FEF784FB0CE502F09C
:1095D00031FE607401460A48FEF7F6F804E502F031
:1095E00029FE607401460648FDF724FFFCE402F002
:1095F00021FE607401460248F8F74EFDF4E40000D5
:10960000B055002099F40008034602A20521024843
:10961000E6F772BF253464006C5500202DE9F04F49
:1096200089B000200690F3F727FBF9484FF0000AB5
:1096300000780A280FD005F0B1FA60B11020009030
:10964000CDE9010AF2481021903003780269082020
:10965000EEF7B4FD09E01021ED48CDE9001A903095
:10966000082342691846EEF7F1FD02F0BBFD022720
:1096700001250028E64800787ED001287DD1FEF73C
:1096800069FC002879D002F0B7FD002876D002F0FE
:1096900001FDFFF7BDFA002282211A20FFF716F81C
:1096A0005646CDF81CA002F0C5FDDFF86893DA49F4
:1096B00003244FF0040B0DF11C080C287ED2DFE8C8
:1096C00000F0068CA67DCFFDFC7D7DFBFAF9FEF750
:1096D00041FC4079CDE902765A2805D0CDE90468ED
:1096E000CE480323CE4A04E0CDE90468CD48CE4AF3
:1096F0000323CDE9000630210020F0F7BCFFFEF780
:1097000029FC3030CDE90007CDE90256CDE90468E7
:1097100000231A4624213020F0F7ADFFCDE904687C
:10972000C248CDE90006CDE902760223C04A5421A1
:109730000020F0F7A0FFFEF70DFC3730CDE9000761
:10974000CDE90256CDE9046800231A4648212020BD
:10975000F0F791FFCDE90468CDE90276CDE90096F6
:109760000223B44A70210020F0F785FFFEF7F2FBD8
:10977000CDE90256002302E0FCE3FCE394E22A3048
:10978000CDE90005CDE904681A4670213E20F0F7C6
:1097900072FF02A8002380E8700100961A46322169
:1097A00098200196F0F767FFCDE904680023562161
:1097B000CDF80CB01A468020009600E0C9E0CDE953
:1097C000016411E303A8029480E850010023722190
:1097D00000961A467820019661E2CDE90468CDE949
:1097E0000016CDE902760123934A42210020F0F7CA
:1097F00042FFFEF7AFFB3730CDE90007CDE9025657
:109800000023CDE9046836211A462020D1E2CDE9B3
:1098100004688A48CDE90006CDE902764446022371
:10982000874A52210020F0F726FFFEF793FB3730DE
:10983000CDE90007CDE90256CDE9046400231A46BC
:1098400046212020F0F717FFCDE904647D48CDE9DB
:109850000006CDE90276022354217B4A80201EE2D5
:10986000FEF778FB41797948342902D05D2970D11F
:1098700086E0CDE90468CDE90006CDE90276022351
:10988000734A30210020F0F7F6FEFEF763FB373015
:10989000CDE90007CDE90256CDE9046800231A4658
:1098A00024212020F0F7E7FECDE90276CDE9046817
:1098B000684804E00AE293E14FE1FCE0D0E0CDE942
:1098C00000060223644A54210020F0F7D4FEFEF77C
:1098D00041FB3030CDE90007CDE90256CDE90468FF
:1098E00000231A4648212020F0F7C5FECDE9046880
:1098F000CDE90276CDE9009602234E4A7021002080
:10990000F0F7B9FEFEF726FB2A30CDE90005CDE9D8
:109910000256CDE9046800231A4670213E20F0F774
:10992000AAFEFEF717FB016F4C48814212DB03A829
:109930000F2180E842010096CDE9016400231A4618
:1099400032217820F0F797FE03A8102180E8420129
:1099500011E001E103A8052180E842010096CDE96C
:10996000016400231A4632217820F0F784FECDE905
:109970000468CDF80CB000231A465621009645E045
:10998000CDE90468CDE90006CDE902760223304A2C
:1099900042210020F0F76FFEFEF7DCFA3730CDE908
:1099A0000007CDE90256CDE9046800231A463621A6
:1099B0002020F0F760FECDE90468CDE90276CDE91C
:1099C000009602231B4A70210020F0F754FEFEF798
:1099D000C1FA2A30CDE90005CDE90256CDE9046887
:1099E00000231A4670213E20F0F745FEFEF7B2FA3A
:1099F000016F1A48814201DB0F2100E0052103A815
:109A0000002380E842011A46442100967820D4E6DB
:109A1000205500207B270208C6290208E5270208F6
:109A2000E2270208E0270208DD270208DA270208F9
:109A3000D827020879270208C5290208902A0208B7
:109A40008E2A0208A4270208A22702082F2A020849
:109A50002A2A0208262A0208242A020800401C4654
:109A6000FEF778FA4079092876D1CDE90468F848FC
:109A7000CDE90006CDE902760223F64A5421002002
:109A8000F0F7F9FDFEF766FA3730CDE90007CDE9CA
:109A90000256CDE9046800231A4648212020F0F739
:109AA000EAFD03A8072180E84201002356211A4657
:109AB00080200096F1E0CDE90468CDE90016CDE9FB
:109AC00002760123E44A30210020F0F7D4FDFEF7AE
:109AD00041FA3030CDE90007CDE90256CDE90468FE
:109AE00000231A4624212020F0F7C5FDCDE90468A3
:109AF000DA48CDE90006CDE902760223D84A54219E
:109B00000020F0F7B8FDFEF725FA3730CDE9000761
:109B1000CDE90256CDE9046800231A4648212020E9
:109B2000F0F7A9FDCDE90468CDE90276CDE900960C
:109B30000223CC4A70210020F0F79DFDFEF70AFABF
:109B40002A30CDE90005CDE902560023CDE90468AD
:109B500070211A463E2025E6A3E0CDE90468C248FC
:109B6000CDE90006CDE902760323C04A4221002058
:109B7000F0F781FDFEF7EEF93730CDE90007CDE9CA
:109B80000256CDE9046800231A4636212020F0F75A
:109B900072FDCDE90468CDE90276CDE90096022395
:109BA000B04A70210020F0F766FDFEF7D3F92A30A5
:109BB000CDE90005CDE90256CDE9046800231A4637
:109BC00070213E20F0F757FDCDE90468A848CDE9A3
:109BD0000006CDE9027602234421A64A782003E15B
:109BE000CDE90468A448CDE90006CDE90276022358
:109BF000A24A42210020F0F73EFDFEF7ABF93730D4
:109C0000CDE90007CDE90256CDE9046800231A46E4
:109C100036212020F0F72FFDCDE90468CDE902764A
:109C2000CDE9009602238F4A70210020F0F723FD32
:109C3000FEF790F92A30CDE90005CDE90256CDE9CD
:109C4000046800231A4670212620F0F714FDFEF761
:109C500081F9016F8A48814209DB03A80E2180E85F
:109C60004201002344211A465820009608E003A828
:109C70000D2180E84201002344211A46602000960D
:109C8000CDE90164F0F7F7FCCDF81480CDE9037657
:109C9000002372211A4660200096CDE90164F0F796
:109CA000EAFC784807998160FEF754F9EBF743FE28
:109CB00000286AD002F0BEFA0C2867D2DFE800F074
:109CC000FDFCFBFAF9F8F7F6F5F4F3F2FEF742F9CA
:109CD00040794A2805D1FEF73DF9B0F8B4000228D2
:109CE0000CD0FEF721FDFEF735F940790A2809D09E
:109CF000FEF730F940794A2804D006E06248FEF7C2
:109D0000CFFDF0E704F056FFF0B3CDE904685F48FB
:109D1000CDE90006CDE9027602235D4A302100201C
:109D2000F0F7A9FCFEF716F93030CDE90007CDE9D0
:109D30000256CDE9046800231A4624212020F0F7BA
:109D40009AFCCDE904685348CDE90006CDE90276D6
:109D50000223514A54210020F0F78DFCFEF7FAF857
:109D60003730CDE90007CDE90256CDE9046800237C
:109D70001A4648212020F0F77EFCCDE90276CDE995
:109D800004684648022302E03FE07CE1D0E0CDE9F0
:109D90000006434A32218020F0F76DFCCDE90468CB
:109DA000CDF80CB00096CDE9016400231A46562187
:109DB0008020F0F760FCCDE90468CDE90276CDE9BA
:109DC00000960223274A70210020F0F754FCFEF78A
:109DD000C1F82A30CDE90005CDE90256CDE9046885
:109DE00000231A4670213E20F0F745FC04F0F0FFF6
:109DF00000287FF4E7ACCDF81480CDE9037600238A
:109E000072211A467820009647E7CDE90468214878
:109E1000CDE90006CDE9027602231F4A3021002059
:109E2000F0F729FCFEF796F83730CDE90007CDE9C9
:109E30000256CDE9046800231A4624212020F0F7B9
:109E40001AFCCDE904680023CDF80CB01A4635E0C1
:109E50009C2A02089A2A0208C5290208D527020866
:109E6000A829020879270208C22A0208BF2A020884
:109E7000C82A0208C62A02082F2B02082D2B020826
:109E800000401C46B05500209A260208902A02087D
:109E90008E2A02083528020833280208A42702085F
:109EA000A2270208CDE0C0E0B3E0A7E09BE08FE08E
:109EB00083E077E06BE05FE02DE021E00096CDE904
:109EC000016432218020F0F7D6FBCDE90468D44844
:109ED000CDE90006CDE902760223D24A54210020C2
:109EE000F0F7C9FBFEF736F84E30CDE90007CDE9B3
:109EF00002560023CDE9046848211A4620204BE78A
:109F000004F01CFE069004F0D1FDF6F70DF80646AD
:109F100004F0CEFE09E004F03BFE069004F0F0FDF4
:109F2000F6F702F8064604F0EDFEF5F7FDFF0446ED
:109F3000DFF8F48298F80A9088F80AA006980028BA
:109F400072D016F0FF4F07D0FEF704F8EBF7F1FCE4
:109F5000314606F0BBFC0AD914F0FF4F7CD0FDF768
:109F6000F9FFEBF7E6FC214606F0B0FB74D888F861
:109F70000A5073E0A8E0A9E004F004FE069004F0A3
:109F8000B9FDF5F7D1FF064604F0B6FECDE704F0C3
:109F9000E7FD069004F09CFDF5F7C6FF064604F0C9
:109FA00099FEC2E704F0D0FD069004F085FDF5F7B8
:109FB000BBFF064604F082FEB7E704F0DDFD069025
:109FC00004F092FDF5F7B0FF064604F08FFEACE713
:109FD00004F0CCFD069004F081FDF5F7A5FF0646E0
:109FE00004F07EFEA1E704F0B5FD069004F06AFDE2
:109FF000F5F79AFF064604F067FE96E704F08CFD3D
:10A00000069004F041FDF5F78FFF064604F03EFE92
:10A010008BE704F08DFD069004F042FDF5F784FF18
:10A02000064604F03FFE80E72BE004F06FFD06904B
:10A0300004F024FDF5F778FF064604F021FE74E7EE
:10A040000AE004F06FFD069004F024FDF5F76CFFC4
:10A05000064604F021FE68E788F80AA0B9F1000F6F
:10A0600003D0B9F1010F06D00DE098F80A0050B105
:10A0700004F020FB07E098F80A0020B9FEF7B4FBD3
:10A0800001E088F80AA0FDF765FFEBF75AFC18B16C
:10A090006648FEF7BFFB01E0FEF730FBFDF74EFF21
:10A0A00078B1FDF751FF60B1FDF754FF0446FDF7AD
:10A0B00045FF844201D15E4800E05E48FEF738FC6F
:10A0C00004E0FEF77BFB01E0012806D0DFF85881B1
:10A0D00098F80000132803D06BE0FEF70FFBF0E7C1
:10A0E00004F062FDE8B3FEF705F90078D0B398F804
:10A0F0000F10B1B3544688F80FA0002278215420E5
:10A10000FEF7E4FA484E4C489836CDE90446CDE9CE
:10A110000004CDE902740323484A7E210020F0F7B1
:10A12000AAFACDE904464648CDE90004CDE9027417
:10A130000323444A4E210020F0F79DFAFEF768F908
:10A14000CDE90446CDE90004CDE9025400231A46C6
:10A150005E211846F0F78FFAFEF7CCF8CDE90254ED
:10A1600001E026E040E0CDE90446CDE9000400230B
:10A170001A465E211820F0F77EFAFEF745F9CDE980
:10A180000446CDE90004CDE9025400231A468E218D
:10A190001846F0F770FAFEF7B9F8CDE90446CDE9B4
:10A1A0000004CDE9025400231A468E211820F0F74E
:10A1B00062FA04F0F3FC1C4C01469034A068F0F7FE
:10A1C0009BFAFEF7ABF8054604F0E8FC01462A4688
:10A1D000E068F2F793F998F8010000281DD009B063
:10A1E000BDE8F04F05F0A6B888F80F5004F0D6FC93
:10A1F00048B110200090CDE9010A0623124A6821D7
:10A20000EDF7DCFFD5E71021CDE9001A08230F4A4E
:10A2100068211020EEF71AF8CBE709B0BDE8F08FFF
:10A220003B2802083928020820550020CA260208C7
:10A230000A270208EA260208A71A0208A41A020836
:10A24000B51A0208B21A0208101A0208161A0208F1
:10A2500010B5774C4FF480612046EEF7C1FD012820
:10A260002FD0FEF72FF818B104F0D0FA04F05EFA00
:10A27000F5F748FDF5F756FDF5F74CFD4FF4006195
:10A280002046EEF7ADFD012822D0FDF78DFF18B175
:10A2900004F05CFA04F04AFAF5F788FCF5F796FC4E
:10A2A000F5F78CFC4FF480512046EEF799FD01281C
:10A2B00015D0FDF7E1FF10B3FEF7D4FC012814D050
:10A2C00019E0FEF707F80028D8D104F097FAD5E78F
:10A2D000FDF772FF0028E5D104F030FAE2E7FDF760
:10A2E000D9FFA0B904F072FA11E0FDF7CDFF40F6F6
:10A2F000B831884201D204F071FA04F017FAF5F788
:10A30000F9FCF5F7D9FCF5F7E5FCF5F7DDFC4FF4C2
:10A3100000712046EEF764FD012863D0FDF7FEFED4
:10A3200018B104F0DBF904F001FAF5F7E9FBF5F7F1
:10A33000F7FBF5F7EDFB4FF400512046EEF750FD2B
:10A34000012856D0FDF702FF18B104F0D7F904F048
:10A35000EDF9F5F713FCF5F719FCF5F7F1FBF5F757
:10A36000FDFBF5F7F5FB4FF480412046EEF738FD95
:10A37000012845D0FDF730FF18B104F0F7F904F0DB
:10A38000D5F9F5F733FCF5F741FCF5F737FC4FF459
:10A3900000412046EEF724FD012838D0FDF734FFB8
:10A3A00018B104F0F3F904F0C1F9F5F73FFCF5F743
:10A3B0004DFCF5F743FC80211E48EEF711FD012806
:10A3C0002CD0FDF739FF18B104F0F0F904F0AEF924
:10A3D000F5F76AFCF5F74AFCF5F756FCBDE81040C6
:10A3E000F5F74CBCFDF7A2FE0028A4D104F06EF9ED
:10A3F000A1E7FDF7B3FE0028B5D104F077F9B2E785
:10A40000FDF7F2FE0028C2D104F0A8F9BFE7FDF77E
:10A4100003FF0028CFD104F0B1F9CCE7FDF714FF1A
:10A4200008B904F0BBF904490120087010BD000010
:10A430000010024000000240065700202DE9F047BE
:10A44000504F3878504CC00707F102050DD02178E5
:10A450002078491C61F30300207000F00F000A28E7
:10A4600003D3287840F00100287038784FF00108B5
:10A4700080074FF00A090DD52178207808EB1111DB
:10A4800061F307102070B9EB101F03D8287840F053
:10A4900002002870387840F6B83640070ED5E088BC
:10A4A000401C80B2E0800A2808D3287840F00400DD
:10A4B0002870E088B04201D304F098F9387800079A
:10A4C0000DD561786078491C61F30300607000F07D
:10A4D0000F000A2803D3287840F008002870387845
:10A4E000400616D5A088401C80B2A0800A2810D350
:10A4F000287840F040002870A08841F270718842AE
:10A5000002D304F00BF904E0A088B04201D304F0B8
:10A51000FDF8387880060DD5A178A078491C61F344
:10A520000300A07000F00F000A2803D3287840F041
:10A53000200028703878C0060DD56178607808EB67
:10A54000111161F307106070B9EB101F03D8287860
:10A5500040F0100028707878400710D52089401C02
:10A5600080B220810A280AD3687840F0040068701D
:10A570002089B04203D3BDE8F04704F01FB9BDE81D
:10A58000F08700000D5700203078002008B5012228
:10A5900000216846F3F7D8FA9DF80000672802D03A
:10A5A000F5F79EFC03E0EDF79BFC00F0B9F804F032
:10A5B000FBFA0B4B4FF4006108B1012200E00022CE
:10A5C0001846EEF71AFC04F04DFAEDF799FC00215D
:10A5D0000120EDF7DBFE002004F05EF908BD00006D
:10A5E000000002402DE9F04106460C4640F2FF759E
:10A5F000174635EA14502BD000221346304605F09A
:10A6000077FB25D03A463046214606F047FA064603
:10A610000C4635EA145010D000221346304605F09F
:10A6200067FB15D10220E6F784F9F3F76DFC0A46C3
:10A63000214662F31E01BDE8F0810220E6F779F9B8
:10A64000F3F75AFC0A46214662F31E01BDE8F08189
:10A6500030462146BDE8F081014931F810007047CD
:10A66000887C00200C4801884288C3881144828875
:10A670001A441144028911444289114482891144C7
:10A68000C2891144028A1144428A1144828AC08AD2
:10A690001144084480B27047887C00200B4630B4D7
:10A6A00000210C2A0CD2DFE802F006080F11131566
:10A6B00017191B1D1F210E4900E00E4901EB032154
:10A6C00030BC9022F3F740BA0B49F7E70B49F5E7A6
:10A6D0000B49F3E70B49F1E70B49EFE70B49EDE7CE
:10A6E0000B49EBE70B49E9E70B49E7E70B49E5E7DE
:10A6F00000B03C0000A9520000A26800009B7E0050
:10A7000000949400008DAA000086C000007FD6004F
:10A710000078EC0000710201006A180100632E014C
:10A7200018224FF400710148F3F70EBA887C00201C
:10A730002DE9F14F0024C74800F0B2FAC548DDF812
:10A7400000C000214F23482743221838C14D42F250
:10A7500010764FF0440A4FF046094FF04C0BBCF115
:10A760000C0F47D2DFE80CF006939EB1C3D4E6FD90
:10A77000FCFBFAF90488B4427ED285F800A06B7025
:10A78000A97004F0D7FA286404F0BEF805F0DAFDE9
:10A7900006460F46F3F77CFE32463B4605F094F83A
:10A7A00005F060F8E863FDF7D5FB3730F3F746FCBA
:10A7B00005F058F86864FDF7CDFB3030F3F73EFC48
:10A7C00005F050F8A8643EE1FDF7C4FB806E4FF041
:10A7D000844106F0B7F805F0B5FD9F4A9F4B05F0A0
:10A7E0002FF904E0FDF7B6FB2A30F3F727FC05F05C
:10A7F00039F8A863F1F7EAFF6872F1F7EDFF287204
:10A80000F1F7F0FFE871F1F7F3FFE872F1F7F6FF07
:10A81000A871F2F705F8A872F2F708F82873FDF7A7
:10A8200099FB00F155018B480D220D30E5F790FFA3
:10A83000FDF760FD874D0168183DC5F83610416889
:10A84000C5F83A108068C5F83E003235FDF75EFD68
:10A8500001682961416869618068A861FDF7D4FDDC
:10A8600000882880FDF7D4FD0088688001F0E2FCB4
:10A8700002462146774800E074E000F0CFF9641CFE
:10A88000A0B2009900F0BEF90120BDE8F88F018860
:10A89000B14267D2702129706F704488FDF75AFB6E
:10A8A000373063E00188B142F3D254212970752119
:10A8B00069707221A9708488FDF74CFB3730F3F77B
:10A8C000BDFB04F0CFFF686694E70188B14249D22E
:10A8D00085F800906A7085F802B0C488FDF73AFBED
:10A8E0003730F3F7ABFB04F0BDFF6867ABE00388DC
:10A8F000B34237D245232B706A70A9700489FDF7E3
:10A9000029FB006FA865FDF725FBC06EE8659AE09E
:10A910000188B14276D22B70522169705021A97002
:10A920004489FDF717FB3730F3F788FB04F09AFFF3
:10A9300068655FE70188B14264D24E2129706F706B
:10A940003322AA70E9708489FDF704FB3730F3F7EE
:10A9500075FB04F087FFA86605E050E040E02DE0BD
:10A960001BE009E04EE0FDF7F5FA3030F3F766FB47
:10A9700004F078FFE86466E00288B24242D285F8CB
:10A9800000906970A970C489FDF7E4FA3730F3F7D5
:10A9900055FB04F067FFE86655E00388B34231D207
:10A9A0002A7085F801B0A970048AFDF7D3FA373010
:10A9B000F3F744FB04F056FF286744E00188B142F6
:10A9C00020D22A70682169706C21A970448AFDF731
:10A9D000C1FA3730F3F732FB04F044FFA86732E0E6
:10A9E0000188B1420ED2422129706721697061212C
:10A9F000A970848AFDF7AEFA006FE86723E001884A
:10AA0000B14201D3002040E72A706B7085F802A0A4
:10AA1000C48AFDF79FFA3730F3F710FB04F022FFEA
:10AA2000C5F88000FDF796FA3030F3F707FB04F025
:10AA300019FF6866FDF78EFA4E30F3F7FFFA04F05F
:10AA400011FFC5F8840004F0C3F900283FF4CAAE32
:10AA5000BAE60000A07C0020CDCCCCCCCCCCFC3F16
:10AA600010B5A6B0FF208DF8000003208DF801007E
:10AA70000220504A504C8DF80200D38AE18A684681
:10AA80008B4207D90B22001DFFF708FEE08A401C0D
:10AA9000E08282E0938AA18A8B4207D90A22001DB4
:10AAA000FFF7FCFDA08A401CA08276E0538A618AF1
:10AAB0008B4207D90922001DFFF7F0FD608A401C78
:10AAC00060826AE0D388E1888B4207D90322001DA7
:10AAD000FFF7E4FDE088401CE0805EE0138A218AF5
:10AAE0008B4207D90822001DFFF7D8FD208A401CA1
:10AAF000208252E0D389E1898B4207D90722001DC9
:10AB0000FFF7CCFDE089401CE08146E09389A189F4
:10AB10008B4207D90622001DFFF7C0FDA089401C0B
:10AB2000A0813AE0538961898B4207D90522001D33
:10AB3000FFF7B4FD6089401C60812EE013892189F4
:10AB40008B4207D90422001DFFF7A8FD2089401C75
:10AB5000208122E09388A1888B4207D90222001D20
:10AB6000FFF79CFDA088401CA08016E053886188F8
:10AB70008B4207D90122001DFFF790FD6088401C21
:10AB800060800AE0128821888A4206D90022001DCE
:10AB9000FFF784FD2088401C208098216846F2F74A
:10ABA00055F80648C8239822C0696946EFF710FB9C
:10ABB00026B010BD887C00203C580020C4570020DF
:10ABC0001CB5FF208DF8000003208DF80100012046
:10ABD0008DF80200FFF746FD000A8DF80300FFF72D
:10ABE00041FD8DF8040007216846F2F72FF804486C
:10ABF000C8230722C0696946EFF7EAFA1CBD0000C6
:10AC0000C4570020044A22F8110018224FF40071A2
:10AC10000148F2F7F9BF0000887C00200B4630B4F1
:10AC200000210C2A0CD2DFE802F006080F111315E0
:10AC300017191B1D1F210E4900E00E4901EB0321CE
:10AC400030BC9022F2F7E0BF0B49F7E70B49F5E77C
:10AC50000B49F3E70B49F1E70B49EFE70B49EDE748
:10AC60000B49EBE70B49E9E70B49E7E70B49E5E758
:10AC700000B03C0000A9520000A26800009B7E00CA
:10AC800000949400008DAA000086C000007FD600CA
:10AC90000078EC0000710201006A180100632E01C7
:10ACA00070B50446002544F8025B0D2165802583BC
:10ACB0006583E56125626562A562E56244F8305FFF
:10ACC000A4F12500323CE5F790FD44F8385F65605B
:10ACD000A560E56025616561A561E5612562656244
:10ACE000A562E56225636563A563E5632564656424
:10ACF000A564E5642565656570BD000010B50B4C65
:10AD0000FDF73AFB00220A4BC4E9040104F0F0FF0E
:10AD100003D0D4E90401C4E90201D4E9020104F03A
:10AD2000A1FDBDE81040F3F79FB9000008580020CE
:10AD30000000F0BF10B50B4CFDF71EFB00220A4BC4
:10AD4000C4E9040104F0D4FF03D0D4E90401C4E948
:10AD50000201D4E9020104F085FDBDE81040F3F7DB
:10AD600009BB0000085800200000F0BF70B501F0DA
:10AD700039FA08B101F026FAFDF790FF08B1FDF7A6
:10AD800053FFFDF7E7F8484D407995F845108842A4
:10AD90005CD1FDF767FF472836D019DC3F2833D058
:10ADA00012DC3A2830D008DC01281ED0032826D037
:10ADB000252824D0382849D126E03C2824D03D2815
:10ADC00022D03E2842D11FE0403806283ED81BE062
:10ADD00048380F283AD2DFE800F01717171717176F
:10ADE00012171717171717171700FDF711FF002273
:10ADF000A0211620FDF76AFC01F08CFC26E0002162
:10AE00000220F9F713FC21E001F01AFA0B281DD1FA
:10AE1000FDF72EFF8068254900698160FDF728FF56
:10AE2000806823490069C160FDF722FF8068042122
:10AE30000069417100210220F9F7F8FBFDF73EFFA0
:10AE400001281ED00424FDF713FF4470FDF776F8A7
:10AE5000407995F84510174C174D88421CD1FDF7E5
:10AE600073F880B101F056FCFDF7D2FE1349486833
:10AE700060606860087820702870BDE87040EAF76C
:10AE80003BBD0124DFE7EAF72FFDEAF743FDBDE80C
:10AE900070400C2001F05CBC01F03CFCFDF7B8FEFA
:10AEA000606868602078E7E754560020DB190208E4
:10AEB000D61902082C5800202458002034580020AD
:10AEC000064810B50078002807D0F3F731FBF3F7F8
:10AED000DFFABDE8104003F0ADBC10BD08580020FB
:10AEE00010B5FDF751FD00280ED1084940F2DC52A3
:10AEF000888B401C80B28883904205D300208883D1
:10AF0000BDE81040FDF74CBD10BD00000A57002001
:10AF1000EDF7B8FFF1F74EFFEFF7DEFDEFF784FD39
:10AF2000EFF744FFEFF760FFEFF72AFFFDF73EFD75
:10AF3000F2F766FD00F002F8FCE7000070B5FDF7DF
:10AF4000F3F938B1F4F71AFF04214D48EDF74DFF3E
:10AF5000EFF7DAF9FCF7EAFF4A4CE0B1F4F77CFDD1
:10AF6000FFF7AEFFFDF77EFE0025012812D103F0AA
:10AF7000D7FC78B1FCF7EEFF60B103F0D1FCA188FB
:10AF8000491C89B2A180B1EB500F04D3A580F1F721
:10AF9000EBFC00E0A580FCF7E3FF18B1F4F76CFDD3
:10AFA000FCF7E6FFFCF7BAFF18B1F4F74DFDFFF729
:10AFB000A5FEFFF74DF9FDF7D1F998B1F4F7F4FECE
:10AFC000FDF750FE01280DD101F00CF910B3FDF78B
:10AFD0004FFE80682C498068884203D1FDF718FE37
:10AFE000F4F7B8FEFDF792F818B1F4F74DFDFEF74F
:10AFF00015FBF4F789FBFDF74BFEB0B1FDF70EFE34
:10B00000FDF72AFE88B1F4F719FFFDF72BFE0128A2
:10B0100003D00AE000F000F9E4E7FDF73FFE20B1BD
:10B02000607810B11948FDF799FCFDF79DF918B14A
:10B03000F4F7C2FE04F062FBFDF760F918B1F4F713
:10B0400081FEEDF7A9F9F4F76FFB01F047F801F085
:10B05000D9F818B101F024F8FFF788FE0C48007801
:10B0600018B901F0C5F8EAF739FE01F0D3F818B1C4
:10B0700001F01EF801F024FBBDE87040F1F76ABB57
:10B080000000024008580020BF1A020832260208B9
:10B090002458002010B5414C04F101012078401CD7
:10B0A00010F0FF0222704FF0000004D020700A78E8
:10B0B00042F001020A70E28940F2EF23521C92B280
:10B0C000E2819A4204D3E0810A7842F002020A70D7
:10B0D000228A40F2D273521C92B222829A4204D344
:10B0E00020820A7842F004020A70628A40F6CB138A
:10B0F000521C92B262829A4204D360820A7842F071
:10B1000080020A70A28A41F29813521C92B2A28263
:10B110009A4204D3A0820A7842F010020A70E28AAE
:10B12000521C92B2E282B2F5BD6F04D9E0820A7875
:10B1300042F008020A70228B521C92B22283FA2A31
:10B1400004D320830A7842F020020A70628940F218
:10B150001A53521C92B262819A420AD360810A78D1
:10B1600042F040020A700E4A11880A2901D8491C8F
:10B170001180618B491C89B26183B1F57A7F0BD351
:10B1800060832089401C80B22081B0F5807F03D18C
:10B1900003F02AFE401D208110BD00000A57002048
:10B1A00038550020024640210148EDF726BE000038
:10B1B00000040240024680210148EDF71EBE000057
:10B1C0000004024080210148EDF70ABE000402405D
:10B1D00000B585B0802000900020019001200290F1
:10B1E0000220039069460248EDF718FD05B000BD46
:10B1F0000004024000B585B080200090012001903D
:10B20000002002900220039069460248EDF706FDF7
:10B2100005B000BD000402402DE9F043314D022786
:10B22000DFF8C490288B87B005F198044FF0000830
:10B23000092812D1FDF7ECFC03F0B0FC08B1302076
:10B2400000E02C20CDE90484CDE90278CDE9009816
:10B250000423264A2421EFF70EFA224E9036B068D6
:10B26000B8B1F4F777FD02220021A6F1820004F0C4
:10B2700025FAA87B00EB400101EB0010242101EB33
:10B280004000B168087107B00020BDE8F04303F04A
:10B2900003BB85F80E80288B46460A2810D203F09F
:10B2A0007DFC08B1362000E02C20CDE90464104973
:10B2B000CDE90016CDE9027603230E4A24210EE0E3
:10B2C00003F06CFC08B1302000E02C20CDE90464D0
:10B2D000CDE90276CDE900960423044A2421EFF754
:10B2E000CAF9D0E720550020C31A0208BF1A020885
:10B2F0009D1C02089A1C020870B500F0A1FF714C59
:10B300000B2804F1080570D01FDC022853D0042854
:10B3100071D008286BD1A079032868D1F4F754FDC7
:10B32000FCF70CFE407901285CD0FCF70DFE0021F3
:10B33000E8F796F9FCF702FE4079012858D0FCF7AF
:10B3400003FEBDE87040EAF758BC0C2818D012285C
:10B3500071D013284BD1A079062848D1E07908286C
:10B3600045D1207A332842D1F4F72EFDFDF77AFC3F
:10B3700003283CD1BDE8704001210220F9F756B9FD
:10B38000A079032833D10120EAF788F800F012FFF2
:10B39000FCF7D4FD407901280AD0FCF7D5FD2946F9
:10B3A00000F0B0F8FCF7CAFDBDE8704000F04EBAFE
:10B3B000FCF7C4FDF3E7A079032871D1F4F704FD8D
:10B3C000FCF7BCFD4079012809D0FCF7BDFD00F079
:10B3D0007FF8FCF7B3FDBDE8704000F015BAFCF74C
:10B3E000ADFDF4E7FCF7AAFDA1E728E003E057E094
:10B3F000FCF7A4FDA5E7A079032851D1E079062840
:10B400004ED1F4F7E1FCFCF799FD407901280FD00B
:10B41000FCF79AFD294600F075F8FCF78FFD40799E
:10B42000012809D0FCF790FDBDE87040EAF7DEBBCB
:10B43000FCF784FDEEE734E0FCF780FDF4E7A0794B
:10B4400006282DD1E07908282AD1207A082827D18A
:10B45000F4F7BAFCFDF706FC032805D03E2803D01C
:10B460003F2801D040281BD101210220F9F7DEF846
:10B47000FDF7FEFB8068144900690069006981607E
:10B48000FDF7F6FB80681149006900690069C16039
:10B49000FDF7EEFB806804210069006900694171D5
:10B4A00070BDA0790628FBD1E0790828F8D1207A70
:10B4B0000B28F5D1F4F788FCFDF7D4FB37283FF4CF
:10B4C00059AF70BD54560020C7190208CB190208A5
:10B4D000002815D04C2100F8551F482141702D221D
:10B4E00082704422C27070220271417130238371D4
:10B4F0003723C3715F230372427281722021C172AC
:10B50000704700002DE9FE4F040078D04A7862F3BE
:10B5100007000A7862F30F20CA7880B262F3070549
:10B520008A7862F30F254A79097962F3070661F395
:10B530000F2605F0B7F87A4904F09EFF2067A8B2FD
:10B5400005F0B0F8774D294604F096FFA06630B2BA
:10B5500005F090F8294604F08FFF0025E566A06706
:10B5600004F0F0FECDE900016FA2082104F13E00D5
:10B57000E4F7C2FF03F02CFCA8B1A06E04F0E2FED9
:10B580006B4A6C4B04F0B4FC00226B4B04F09CF94A
:10B5900004F068F96949A066884203DC4FF08441F1
:10B5A000884200DAA166207804F12A08420704F1F3
:10B5B000300704F1370624D520F004002070206FF6
:10B5C0006061A06E04F0BEFECDE900015CA2062120
:10B5D0004046E4F791FFE06E04F0B4FECDE90001CF
:10B5E00059A207213846E4F787FF206F04F0AAFE2E
:10B5F000CDE900014CA207213046E4F77DFFBDE80C
:10B60000FE8F216FA06804F0C9FEA060E16EE068C3
:10B6100004F0C4FEE060A16E206904F0BFFE20616A
:10B620002046E9F7F3F8206F6061E079401CC0B272
:10B63000E0710328E3D305F035F8814649462069D7
:10B6400004F01AFF02904946E06804F015FF8346B3
:10B650004946A06804F010FF824603F0F3FADFF8D1
:10B66000F09088B303F0AEFB02282ED399F80010B7
:10B6700004F19C0001904A460C3804F1A80900909E
:10B6800049B115700098F4F7E7FB0198F4F7E4FB73
:10B690004846F4F7E1FB51460098F4F710FC594690
:10B6A0000198F4F70CFC48460299F4F708FC484668
:10B6B000F4F7E8FB02900098F4F7E4FB8246019867
:10B6C000F4F7E0FB834603E0FFE7012189F800106F
:10B6D0002046EAF736F9E8B9029804F033FECDE9DE
:10B6E000000117A206214046E4F706FF584604F081
:10B6F00029FECDE9000114A207213846E4F7FCFE3B
:10B70000504604F01FFECDE9000107A20721304694
:10B71000E4F7F2FEE571A560E56025616FE70000E2
:10B720000000C8420000204125352E32660000008E
:10B73000CDCCCCCCCCCCFC3F0000404000000C4336
:10B7400025352E316600000025362E3266000000B9
:10B750002058002010B5002819D00D4801220B0AEE
:10B7600000F8452F0622427008228270C2700371D1
:10B77000417100F8422C064811464530F1F766FA4F
:10B7800000F0C0FFBDE810400B2000F0E7BF10BD87
:10B790005456002010B5002819D00D48012206216A
:10B7A00000F8452F3323417008218170C3700023B6
:10B7B0000371427100F8421C05484530F1F746FA22
:10B7C00000F0A0FFBDE81040132000F0C7BF10BD7F
:10B7D000545600200B4810B5012100F8451F0323E3
:10B7E0004370082181700022C2700271437100F819
:10B7F000421C04484530F1F729FABDE810400C20FE
:10B8000000F0ACBF5456002010B500281AD00E48E6
:10B8100001217C2200F8451F03214170082181701D
:10B82000C270002202710222427100F8421C0648D6
:10B830004530F1F70BFA00F065FFBDE81040082035
:10B8400000F08CBF10BD00005456002010B5002839
:10B8500018D00D480121032300F8451F082143702B
:10B8600081700022C2700271437100F8421C0648C8
:10B870004530F1F7EBF900F045FFBDE8104002203C
:10B8800000F06CBF10BD00005456002010B5002819
:10B8900016D00C480121032300F8451F08214370EE
:10B8A00081700022C2700271437100F8421C054889
:10B8B0004530F1F7CBF9BDE81040042000F04EBF51
:10B8C00010BD00005456002010B500281AD00E48B4
:10B8D00001220B2300F8452F0622427008228270B5
:10B8E000C3700B0A0371417100F8422C06481146DF
:10B8F0004530F1F7ABF900F005FFBDE8104012202C
:10B9000000F02CBF10BD00005456002070B500F0B0
:10B9100097FC6D4C0B2804F108056FD01FDC022842
:10B9200050D0042873D008286AD1A079042867D1A0
:10B93000F4F74AFAFCF702FB40795C2861D0FCF787
:10B9400003FB294603F0C2FCFCF7F8FA40795C28B7
:10B950005AD0FCF7F9FABDE87040EAF74EB90C2866
:10B9600015D0122873D013284AD1E0799C2847D1EA
:10B97000207A512844D1F4F727FAFDF773F9032808
:10B980003ED1BDE8704001210220F8F74FBEA079FA
:10B99000042835D15C20E9F781FD00F00BFCFCF7B1
:10B9A000CDFA40795C280AD0FCF7CEFA294600F09F
:10B9B00091F8FCF7C3FABDE8704000F047BAFCF715
:10B9C000BDFAF3E7A079042871D1E0790C286ED193
:10B9D000F4F7FAF9FCF7B2FA40795C280BD0FCF7DF
:10B9E000B3FA0C22294603F086FCFCF7A7FABDE85F
:10B9F000704000F009BAFCF7A1FAF2E72BE006E08C
:10BA000055E0FCF79BFA9CE7FCF798FAA3E7A079CE
:10BA100004284CD1E079102849D1F4F7D5F9FCF786
:10BA20008DFA40795C280FD0FCF78EFA294600F099
:10BA300051F8FCF783FA40795C2809D0FCF784FAC6
:10BA4000BDE87040EAF7D2B8FCF778FAEEE72FE0ED
:10BA5000FCF774FAF4E7A079102828D1E0799C2843
:10BA600025D1F4F7B1F9FDF7FDF83E2803D03F28C2
:10BA700001D040281BD101210220F8F7D7FDFDF7A6
:10BA8000F7F8806811490069006900698160FDF775
:10BA9000EFF880680E49006900690069C160FDF730
:10BAA000E7F880680421006900690069417170BD90
:10BAB000E0799C28FBD1F4F787F9FDF7D3F8372814
:10BAC0003FF45FAF70BD000054560020C719020854
:10BAD000CB1902082DE9FE4F040078D0487884F88D
:10BAE0007000087884F87100C87884F8720088784B
:10BAF00084F87300487984F86800087984F869004C
:10BB0000C87984F86A00887984F86B00487B84F8E7
:10BB10007800087B84F87900C87B84F87A00887BF9
:10BB200084F87B000025E5667149A06F04F002FEF1
:10BB300004F008FCCDE900016EA2082104F13E00EA
:10BB4000E4F7DAFC03F044F9A8B1A06E04F0FAFBC4
:10BB50006A4A6B4B04F0CCF900226A4B03F0B4FE46
:10BB600003F080FE6849A066884203DC4FF0844100
:10BB7000884200DAA166207804F12A08420704F11D
:10BB8000300704F1370624D520F004002070206F20
:10BB90006061A06E04F0D6FBCDE9000155A206213C
:10BBA0004046E4F7A9FCE06E04F0CCFBCDE90001CF
:10BBB00056A207213846E4F79FFC206F04F0C2FB31
:10BBC000CDE900014BA207213046E4F795FCBDE822
:10BBD000FE8F216FA06804F0E1FBA060E16EE068D9
:10BBE00004F0DCFBE060A16E206904F0D7FB20616B
:10BBF0002046E8F70BFE206F6061E079401CC0B280
:10BC0000E0710328E3D304F04DFD814649462069E5
:10BC100004F032FC02904946E06804F02DFC8346B3
:10BC20004946A06804F028FC824603F00BF8DFF8D0
:10BC3000E49088B303F0C6F802282ED399F80010D8
:10BC400004F19C0001904A460C3804F1A8090090C8
:10BC500049B115700098F4F7FFF80198F4F7FCF873
:10BC60004846F4F7F9F851460098F4F728F9594690
:10BC70000198F4F724F948460299F4F720F9484668
:10BC8000F4F700F902900098F4F7FCF88246019866
:10BC9000F4F7F8F8834603E0FFE7012189F8001084
:10BCA0002046E9F74EFEE8B9029804F04BFBCDE9D7
:10BCB000000110A206214046E4F71EFC584604F09D
:10BCC00041FBCDE9000111A207213846E4F714FC3D
:10BCD000504604F037FBCDE9000106A207213046AB
:10BCE000E4F70AFCE571A560E56025616FE70000F7
:10BCF00000007A4425352E3266000000CDCCCCCC35
:10BD0000CCCCFC3F0000404000000C4325362E32D6
:10BD1000660000002058002010B500281BD00E48F7
:10BD20005C2100F8451F062141709C218170512142
:10BD3000C1700021017101214171082100F8421CEC
:10BD400005484530F0F782FF00F0DCFCBDE810400C
:10BD5000132000F003BD10BD545600201CB50C4646
:10BD6000002832D06846F0F74FFDDDE90001F4F716
:10BD70000BF9164A5C2102F8451F102151709C21D5
:10BD800091706221D170002111710421517108213B
:10BD90009171010AD1711072010E5172000C9072F2
:10BDA000200AD0721473200E5073200C9073074831
:10BDB000112102F8421C4530F0F748FF00F0A2FCC8
:10BDC000BDE81C400B2000F0C9BC1CBD545600202F
:10BDD0000C4810B55C2100F8451F04214170752105
:10BDE00081706921C170002101710821417100F841
:10BDF000421C04484530F0F729FFBDE810400C20F4
:10BE000000F0ACBC5456002010B500281BD00E48E2
:10BE10005C2100F8451F0421417075218170452186
:10BE2000C1700021017101214171082100F8421CFB
:10BE300005484530F0F70AFF00F064FCBDE810400B
:10BE4000082000F08BBC10BD5456002010B500280F
:10BE50001BD00E485C2100F8451F0421417075215C
:10BE600081703021C17000210171062141710821CA
:10BE700000F8421C05484530F0F7E8FE00F042FCAF
:10BE8000BDE81040022000F069BC10BD54560020EF
:10BE900010B5002818D00D485C2100F8451F04217A
:10BEA0004170752181706921C170002101710821E3
:10BEB000417100F8421C05484530F0F7C7FEBDE867
:10BEC0001040042000F04ABC10BD00005456002071
:10BED0001CB50C46002832D06846F0F795FCDDE929
:10BEE0000001F4F751F8164A5C2102F8451F1021B1
:10BEF00051709C2191706621D17000211171042133
:10BF0000517108219171010AD1711072010E5172A3
:10BF1000000C9072200AD0721473200E5073200C03
:10BF200090730748112102F8421C4530F0F78EFE4D
:10BF300000F0E8FBBDE81C400B2000F00FBC1CBD6E
:10BF40005456002010B5002827D0144A40F8681F26
:10BF50005C2102F8451F102151709C2191707A21BB
:10BF6000D170002111710221517104219171417828
:10BF7000D17101781172C17851728078907207483E
:10BF80000D2102F8421C4530F0F760FE00F0BAFBCC
:10BF9000BDE81040122000F0E1BB10BD5456002057
:10BFA0001CB50C46002832D06846F0F72DFCDDE9C0
:10BFB0000001F3F7E9FF164A5C2102F8451F102142
:10BFC00051709C2191706A21D1700021117104215E
:10BFD000517108219171010AD1711072010E5172D3
:10BFE000000C9072200AD0721473200E5073200C33
:10BFF00090730748112102F8421C4530F0F726FEE5
:10C0000000F080FBBDE81C400B2000F0A7BB1CBD6E
:10C010005456002010B5C47801220F4B072C0CD2C7
:10C02000196059605868006958600069884203D0F7
:10C03000521CD2B2072AF5D310BD58601860496966
:10C0400018684069186040698842F5D0521CD2B225
:10C05000072AF5D310BD0000C855002010B50146D1
:10C0600008224FF6FF7407E004EA410100F00103E3
:10C07000521E1943D2B240080028F5D19140C8B2EF
:10C0800010BD00000248017821F0040101707047E2
:10C090005456002001490020087070475056002077
:10C0A0000248017821F010010170704754560020B9
:10C0B0000248017821F008010170704754560020B1
:10C0C00001490020887070475456002002480178CA
:10C0D00021F00201017070475456002010B500F0A5
:10C0E000A1F8002862D0FFF7F1FF314C2179052932
:10C0F0005CD3601DE8F772FB002857D060795A289E
:10C1000028D016DC22281DD009DC01283ED00928C1
:10C1100044D00A284AD1BDE81040E7F79DB9342839
:10C1200030D04A2812D0512840D1BDE81040E9F75C
:10C130000DBC5B38072839D2DFE800F01C1820104E
:10C14000142C3400BDE81040EEF7D8BEBDE8104016
:10C15000E6F7FABEBDE81040EAF700B9BDE81040C6
:10C16000EFF7D0BABDE81040E7F7A6BEBDE8104033
:10C17000FFF7CCBBBDE81040F0F7DABEBDE81040D9
:10C18000EBF768BBBDE81040EAF76CBDBDE81040B6
:10C19000FFF7B2B8BDE81040E8F7AABCBDE8104010
:10C1A000EFF7F8BFBDE81040E6F7C8BA10BD0000D1
:10C1B0005456002002484178491C417070470000E5
:10C1C0005456002002484178491E417070470000D3
:10C1D0005456002002480078C0F3800070470000E9
:10C1E0005456002001484078704700005456002003
:10C1F0000048704728580020014800787047000028
:10C200005056002002480078C0F30010704700002C
:10C210005456002002480078C0F3C0007047000068
:10C220005456002002480078C0F3400070470000D8
:10C230005456002001480078704700002458002020
:10C24000014890F8850070475456002038B50446E0
:10C2500001680D48814215D1086848680090204661
:10C26000EDF73DFD094800684068094BC0F140000A
:10C27000187100F065FA4022591D2046BDE838408B
:10C28000EDF784BF38BD000000480040A45A0020EC
:10C2900054560020704700002DE9F0410024FBF7C0
:10C2A0004DFE0126FE4F0025E8B3FBF74DFED0B34F
:10C2B00002F094FD00281FD0787BA8B1002078738D
:10C2C00090B3FBF73BFE40795A281FD015DC22289B
:10C2D0006CD00BDC01286AD0092869D00A2868D103
:10C2E000FBF738FE0A211DE00120E8E734286FD073
:10C2F0004A2814D051285CD172E05B38072858D204
:10C30000DFE800F08E86947A8017B300387B70B334
:10C310003D73FBF71FFEBDE8F041EAF785BBFBF775
:10C3200019FE4A2101E023E00CE0BDE8F041E7F707
:10C330001BBD387BC8B33D73FBF70CFEBDE8F04175
:10C34000E8F744BFFBF700FE40795A28DED003DC53
:10C3500022284BD0CADCBDE7A0F15B00072828D219
:10C36000DFE800F05E56644A50048300E1E730E005
:10C37000FBF7E4FD10B1FBF7E7FD20B102F02EFD65
:10C3800000287DD032E102F029FD48B3787B88B1E6
:10C3900000207873E8B3FBF7D1FD40795A28B5D077
:10C3A0000BDC222822D0A1DC94E751E01EE049E01A
:10C3B00055E085E04FF00100EBE7A0F15B000728B6
:10C3C0007ED2DFE800F02D2533191F045200B0E7BC
:10C3D00032E03E73FBF7BEFDBDE8F041EAF782BAFA
:10C3E000FBF7B8FDBDE8F041E9F79CBEFBF7B2FDF5
:10C3F000BDE8F041EFF70CB9FBF7ACFDBDE8F0414B
:10C40000EFF728BDFBF7A6FDBDE8F041E8F7CEB891
:10C4100000E030E0FBF79EFDBDE8F041FFF738BDDE
:10C42000FBF798FDBDE8F041F1F734B8FBF792FD5A
:10C43000BDE8F041EBF704BDFBF78CFDBDE8F04132
:10C44000EBF74CB9FBF786FDBDE8F041FFF71EBAEC
:10C450003E73FBF77FFDBDE8F041E8F7D7BEFBF781
:10C4600079FDBDE8F041EFF7E9BFFBF773FDBDE8EB
:10C47000F041E6F77BBCF87A401CC0B2F87200E0ED
:10C48000B0E0012807D1FBF759FD4079512802D0CF
:10C490000124E9F7C5FDF87A022807D1FBF74EFD24
:10C4A00040795A2802D00124EAF73CFAF87A0328A6
:10C4B00009D1FBF743FD4079222804D0012400E094
:10C4C0008EE0EFF745F8F87A042807D1FBF736FD40
:10C4D00040795E2802D00124EFF75AFCF87A05284B
:10C4E00008D1FBF72BFD40790A2803D001240A204C
:10C4F000E7F7C8FBF87A062807D1FBF71FFD40795C
:10C500005F2802D00124E7F7EDFFF87A072807D16A
:10C51000FBF714FD40795C2802D00124FFF758FC9A
:10C52000F87A082807D1FBF709FD40795B2802D08B
:10C530000124F0F74FFFF87A092807D1FBF7FEFC3A
:10C5400040795D2802D00124EBF71AFCF87A0A281A
:10C5500007D1FBF7F3FC4079342802D00124EBF734
:10C560005DF8F87A0B2807D1FBF7E8FC4079012841
:10C5700002D00124FFF72EF9F87A0C2807D1FBF737
:10C58000DDFC4079602802D00124E8F7BFFDF87A8D
:10C590000D2807D1FBF7D2FC4079092802D00124ED
:10C5A000EFF730FFF87A0E2807D1FBF7C7FC407988
:10C5B000612802D00124E6F779FBF87A0F280CD124
:10C5C000FBF7BCFC40794A2803D001244A20E7F756
:10C5D00059FBF87A0F2800D1FD72002C3FF44BAFC5
:10C5E000BDE8F081BDE8F041E9F71ABDF87A401CDA
:10C5F000C0B2F872012802D10124E9F711FDF87ADE
:10C60000022802D10124EAF78DF9F87A032802D131
:10C610000124EEF79DFFF87A042802D10124EFF7F8
:10C62000B7FBF87A052803D101240A20E7F72AFB93
:10C63000F87A062802D10124E7F754FFF87A072890
:10C6400002D10124FFF7C4FBF87A082802D10124A3
:10C65000F0F7C0FEF87A092802D10124EBF790FB2D
:10C66000F87A0A2802D10124EAF7D8FFF87A0B28D1
:10C6700002D10124FFF7AEF8F87A0C2802D1012488
:10C68000E8F744FDF87A0D2802D10124EFF7BAFE4D
:10C69000F87A0E2802D10124E6F708FBF87A01E0C7
:10C6A000205500200F2807D101244A20E7F7EAFA95
:10C6B000F87A0F2800D1FD72002C97D090E7000087
:10C6C0000F4A10B592F885000C280DD09078401CC8
:10C6D000C0B29070042807D3FFF7D4FC00209070FC
:10C6E000BDE8104000F01CB8FFF774FD20B9907849
:10C6F000012801D1FFF7D0FDBDE8104000F054B88B
:10C70000545600200248017841F00401017070473E
:10C7100054560020014901200870704750560020EF
:10C720000248017841F01001017070475456002012
:10C730000248017841F0080101707047545600200A
:10C740000248017841F00201017070475456002000
:10C75000014908707047000024580020014981F801
:10C76000850070475456002006494888401C80B216
:10C770004880B0F5487F03D300204880FFF7D8BF3A
:10C780007047000050560020064941F88C0F0068A1
:10C79000C26842F01002C26051F887094022EDF7EA
:10C7A000F5BC0000545600202DE9F0410122124F43
:10C7B000160331463846ECF720FB4FF47A742546D1
:10C7C0006D1E2D042D0CFBD10C4DC82305F1450128
:10C7D000EA78D5F88C00EDF7FBFC287840F00100F2
:10C7E0002870641E2404240CFBD131463846BDE871
:10C7F000F0410022ECF701BB000802405456002033
:10C800002DE9FE4FFE4FFF4807F1900597F800C055
:10C8100039460378FC4EDFF8F4A3E868C969ACF147
:10C82000030C4FF0640B4FF0040905F10C02BCF14E
:10C83000540F74D2DFE81CF05400730073007300CF
:10C840007300730073007300C2007300FA002C01C0
:10C8500073007300410178011201AD017300B5014D
:10C86000CE010202020173007300C901730073005C
:10C87000290221026002B902730073009A02730058
:10C880007300C608AE03E1037300D90331023F020F
:10C89000B703730073000204D103180444032A0988
:10C8A000D6057907E6073F0873005D0A960ACD0AA8
:10C8B000140B5E0BBB00A30BCD0BF70B210C4B0C29
:10C8C0009F0CE20C240D910D5607750C670DD50DCC
:10C8D000F00D190E420EA80E6C0E6C0EA80EEF0E87
:10C8E000F3F7ACFAFBF736FB40795A282CD018DC6A
:10C8F00022281ED009DC01284AD0092852D00A2853
:10C900000DD1FBF727FB0A211BE034283AD04A2837
:10C9100014D0512803D1FBF71DFBE8F7F5FFBDE864
:10C92000FE8F5B380628FAD2DFE800F0221D2713BD
:10C930001837FBF70FFBEEF7B9FDF0E7FBF70AFB43
:10C940004A21E7F75DF9EAE7FBF704FBE9F776FF31
:10C95000E5E7FBF7FFFAEFF7BFF9E0E7FBF7FAFAD5
:10C96000E7F764FDDBE7FBF7F5FAFFF7D5F9D6E764
:10C97000FBF7F0FAF0F7D2FCD1E7FBF7EBFAEBF7B5
:10C98000A3F9CCE7FBF7E6FA3021EAF7E9FEC6E7C0
:10C99000FBF7E0FAFEF7FEFEC1E7FBF7DBFAE8F78C
:10C9A00025FBBCE7FBF7D6FAEFF70AFDB7E7F3F78D
:10C9B00045FAFBF7CFFAE7F7C7FEB0E701218DF89C
:10C9C000041080696421EFF700FB42F21076B0FB9F
:10C9D000F6F18DF80610B0FBF6F106FB11015C468E
:10C9E000B1FBF4F18DF80510B0FBF4F10BFB110075
:10C9F0008DF80300E868642100698069EFF7E5FAC3
:10CA0000B0FBF6F18DF80210B0FBF6F106FB110158
:10CA1000B1FBF4F18DF80110B0FBF4F104FB11004F
:10CA20008DF800006846EDF72CFC78E7884201D1CC
:10CA3000012000E0002002F017FBB3E2884201D1A0
:10CA4000002008E00069884201D1052003E0006968
:10CA50008842F2D10A2002F0C7FBEEE7884201D1FA
:10CA6000012000E0002002F053FBF0F7FDF802F097
:10CA70009BF8674B08B1012200E000224FF40061EF
:10CA80001846ECF7BAF900211320FCF75FF946E7E6
:10CA9000884201D100200DE002698A4201D10520BF
:10CAA00008E012698A4201D10A2003E04069884205
:10CAB000C3D1142002F040FABFE700690A210069DF
:10CAC0008069EFF782FA03F0C3F90022514B02F0BC
:10CAD000B7FFC7E91C01F1F7DBFCD7E91C2303F022
:10CAE0003BFB02F0BFFE02F085F9F0F7BDF8FBF763
:10CAF00031FA407951280CD05A2896D1D7E91C0137
:10CB000002F0B0FE0446FBF725FA2146E9F7ACFF38
:10CB100005E7D7E91C0102F0A5FE0446FBF71AFA67
:10CB20002146E9F791FBFAE600690A21006980696C
:10CB3000EFF74BFA03F08CF90022374B02F080FF3D
:10CB4000C7E91C0102F08EFE02F054FBF0F78CF8EE
:10CB500002F0F0F801F08EFEFBF7FCF94079512865
:10CB60000CD05A2893D1D7E91C0102F07BFE044671
:10CB7000FBF7F0F92146E9F7A5FFD0E6D7E91C015C
:10CB800002F070FE0446FBF7E5F92146E9F78AFB5F
:10CB9000C5E680690021EFF718FAC0B202F078FB11
:10CBA0004BE78842B4D1F2F777FF02F083FB81E1D3
:10CBB000FBF7D0F9E8F7C5FE0028A9D0F2F754FF3B
:10CBC000FBF7C8F9E9F785F8A9E679790020FEF7BF
:10CBD00019F8A4E6F3F732F9E8680A2100698069D8
:10CBE000EFF7F3F903F034F900220C4B02F028FFC1
:10CBF000C7E91C01FBF7AEF9D8B1D7E91C010FE07A
:10CC00002055002024580020D61902080000204199
:10CC100000000240000059400000244000408F40C6
:10CC200002F020FE0446FBF795F92146EAF772F977
:10CC300075E600210220F7F7F9FC70E6F3F7FEF83D
:10CC4000E8680A2100698069EFF7BFF903F000F98D
:10CC50000022F84B02F0F4FEC7E91C01FBF77AF959
:10CC60000028E6D0D7E91C0102F0FCFD0446FBF7E2
:10CC700071F92146EAF77AF951E6884201D101209B
:10CC800000E0002002F04AFAD7E6884201D10120F4
:10CC900000E0002002F0B4F8CFE6F3F7CFF8FBF79E
:10CCA00059F9E968FA69914201D1012100E00021B6
:10CCB000E6F78EFB33E6F3F7C1F8E8680A2100696E
:10CCC0008069EFF782F90446C0B202F0EDFA601F06
:10CCD000FA2805D8FBF73EF9A1B2E6F79BFB1EE662
:10CCE000A868D54900698160A8680069C660A8681D
:10CCF000016981F805909CE70C2BC5D2DFE803F0B1
:10CD0000060A0E12161A1E22262A2E32002002F0C1
:10CD10007BF992E6002002F0A1F98EE6002002F0F5
:10CD200097F98AE6002002F081F986E6002002F0F9
:10CD300071F982E6002002F085F97EE6002002F01B
:10CD40007BF97AE6002002F06BF976E6002002F02B
:10CD500049F972E6002002F051F96EE6002002F077
:10CD60003BF96AE6002002F043F966E6F3F766F85D
:10CD7000FFF73EFA0146B86CE8F7D4FD0446E868D0
:10CD800064210069006900698069EFF71EF959465E
:10CD9000B0FBF1F20BFB1202B0FBFBF042EA001019
:10CDA000C1B22046E9F7DEF9B9E50C2B11D2DFE874
:10CDB00003F006111C592D38434E595F6A7588429D
:10CDC00001D1002003E04069884271D1022002F0C5
:10CDD00083F86DE0884201D1002003E04069884279
:10CDE00066D1022002F0A2F862E0884201D1002060
:10CDF00003E0406988425BD1022002F091F857E0DD
:10CE0000002000E0022002F055F851E0884201D1F4
:10CE1000002003E0406988424AD1022002F062F813
:10CE200046E0884201D1002003E0406988423FD1BA
:10CE3000022002F06FF83BE0884201D1002003E0BD
:10CE40004069884234D1022002F05EF830E0884226
:10CE500001D1002003E04069884229D1022002F07C
:10CE600047F825E08842CBD040698842CAD01FE00D
:10CE7000884201D1002003E04069884218D1022095
:10CE800002F024F814E0884201D1002003E0406958
:10CE900088420DD1022002F007F809E0884201D152
:10CEA000002003E04069884202D1022002F008F825
:10CEB000EFF7DAFEFBF74EF800287FF479AE2EE5A7
:10CEC0000C2B6FD2DFE803F0060E161E262E363E20
:10CED000464E565E012001F0FFFFF869C07801F070
:10CEE000B3FFAAE5012002F021F8F869C07801F04B
:10CEF000D5FFA2E5012002F013F8F869C07801F02F
:10CF0000C7FF9AE5012001F0F9FFF869C07801F048
:10CF1000ADFF92E5012001F0E5FFF869C07801F06E
:10CF200099FF8AE5012001F0F5FFF869C07801F06A
:10CF3000A9FF82E5012001F0E7FFF869C07801F060
:10CF40009BFF7AE5012001F0D3FFF869C07801F07A
:10CF500087FF72E5012001F0ADFFF869C07801F0AC
:10CF600061FF6AE5012001F0B1FFF869C07801F0C6
:10CF700065FF62E5012001F097FFF869C07801F0D4
:10CF80004BFF5AE5012001F09BFFF869C07801F0E2
:10CF90004FFF52E5884201D0012000E0002002F05E
:10CFA000B1F84AE51DE280696421EFF70EF85946B1
:10CFB000B0FBF1F24FF461635A43B0FBFBF30BFBA0
:10CFC0001300C0EB001002EB800080B201F01EFFE6
:10CFD000EFF74AFEF2F7DAFEA1E4884201D1012020
:10CFE00000E0002002F0A6F827E5884201D10120E8
:10CFF00000E0002002F098F8F3E1FAF7ABFF002818
:10D000003FF479AEFAF7A6FFE968FA69914202D1D6
:10D010004FF4807101E040F6FF71A0F86610FAF756
:10D0200099FFB0F86640FAF795FF2146E8F70EF948
:10D0300075E400000088C340DB190208884201D172
:10D04000012000E0002002F029F9E868F96988422F
:10D0500001D1012000E000208DF808000122D1025A
:10D0600002A8F0F7D1FDBCE10C2B8AD2DFE803F077
:10D0700006284A6C8EB0E8FDFCFBFAF9012001F0AD
:10D08000C3FFF2F7BDFC00288BD0E8680A21806955
:10D09000EEF79BFF03F006FB5446514603F0ECF914
:10D0A00002F066F8E8680A2100698069EEF78DFFF2
:10D0B00003F0F8FA214603F0DFF901F05DFF90E19B
:10D0C000012001F0CBFFF2F79BFC00288CD0E86830
:10D0D0000A218069EEF779FF03F0E4FA54465146DD
:10D0E00003F0CAF902F06EF8E8680A210069806965
:10D0F000EEF76BFF03F0D6FA214603F0BDF901F01D
:10D1000065FF6EE1012001F0A3FFF2F779FC002832
:10D11000A9D0E8680A218069EEF757FF03F0C2FA48
:10D120005446514603F0A8F902F046F8E8680A218F
:10D1300000698069EEF749FF03F0B4FA214603F075
:10D140009BF901F03DFF4CE1012001F06FFFF2F788
:10D1500057FC002887D0E8680A218069EEF735FF80
:10D1600003F0A0FA5446514603F086F902F012F893
:10D17000E8680A2100698069EEF727FF03F092FA58
:10D18000214603F079F901F009FF2AE1012001F0BD
:10D1900041FFF2F735FC002891D0E8680A21806948
:10D1A000EEF713FF03F07EFA5446514603F064F99C
:10D1B00001F0E4FFE8680A2100698069EEF705FFE5
:10D1C00003F070FA214603F057F901F0DBFE08E1A5
:10D1D000012001F037FFF2F713FC002891D0E86836
:10D1E0000A218069EEF7FEFEF74C00B294F90010B8
:10D1F000442902D0432915D003E003F03BFA01F0A3
:10D20000D5FF207801F0EAFFE8680A21006980690B
:10D21000EEF7E8FE94F9001000B2442905D0432946
:10D220000BD006E0404200B2E7E703F023FA01F03A
:10D23000C1FE207801F0CCFFD3E0404200B2F4E719
:10D24000012001F0F9FEF2F7DBFB00289DD0E86831
:10D250000A218069EEF7B9FE03F024FA54465146DC
:10D2600004E09DE07AE057E034E011E003F004F9D7
:10D2700001F096FFE8680A2100698069EEF7A5FED3
:10D2800003F010FA214603F0F7F801F08DFEA8E054
:10D29000012001F0C5FEF2F7B3FB002897D0E86843
:10D2A0000A218069EEF791FE03F0FCF954465146DD
:10D2B00003F0E2F801F068FFE8680A21006980697C
:10D2C000EEF783FE03F0EEF9214603F0D5F801F006
:10D2D0005FFE86E0012001F085FEF2F791FB002859
:10D2E000AAD0E8680A218069EEF76FFE03F0DAF948
:10D2F0005446514603F0C0F801F028FFE8680A21BF
:10D3000000698069EEF761FE03F0CCF9214603F075
:10D31000B3F801F01FFE64E0012001F06FFEF2F7A8
:10D320006FFB002888D0E8680A218069EEF74DFE7F
:10D3300003F0B8F95446514603F09EF801F012FF8D
:10D34000E8680A2100698069EEF73FFE03F0AAF958
:10D35000214603F091F801F009FEDFE3012001F01E
:10D360003BFEF2F74DFB002891D0E8680A21806966
:10D37000EEF72BFE03F096F95446514603F07CF885
:10D3800001F0DEFEE8680A2100698069EEF71DFE03
:10D3900003F088F9214603F06FF801F0D5FDBDE3F5
:10D3A000012001F025FEF2F72BFB002891D0E86860
:10D3B0000A218069EEF709FE03F074F954465146DC
:10D3C00003F05AF801F0C8FEE8680A210069806994
:10D3D000EEF7FBFD03F066F9214603F04DF801F08E
:10D3E000BFFD9BE3F2F72AFDE8680A210069806926
:10D3F000EEF7EBFD044601F0EBFC744D744E80B18A
:10D40000FAF7A8FD40795A38062818D8A4F54860DC
:10D4100002F01EFD2A46334602F012FB02F0D4FC55
:10D420000446FEF707FF0C28BFF407ACDFE800F066
:10D430000A31060650067B0606A2B7D61CE4A4F500
:10D44000A070E5E7FAF786FD4079512811D05A28F7
:10D45000F4D1204602F0FCFC00225E4B02F0F0FA10
:10D4600002F000FA0446FAF775FD2146E9F758FB89
:10D4700020E4204602F0ECFC0022574B02F0E0FAD8
:10D4800002F0F0F90446FAF765FD2146E8F738FFA7
:10D4900010E4FAF75FFD4079012813D00B28E7D09C
:10D4A0005C28E5D1204602F0D3FC0022494B02F073
:10D4B000C7FA02F0D7F90446FAF74CFD2146FEF709
:10D4C00041FD0CE4FAF746FDA1B2FEF7FDF906E4D2
:10D4D000FAF740FD40790228F3D01328F1D0342820
:10D4E00011D05D28EDD1204602F0B2FC0022394B6C
:10D4F00002F0A6FA02F0B6F90446FAF72BFD21462F
:10D50000EAF7BEFC50E4204602F0A2FC0022324BB7
:10D5100002F096FA02F0A6F90446FAF71BFD21463E
:10D52000EAF73EF940E4FAF715FD4079222811D0D8
:10D530005E28E7D1204602F08BFC0022254B02F04A
:10D540007FFA02F08FF90446FAF704FD2146EEF760
:10D55000DBFC29E4204602F07BFC00221E4B02F09B
:10D560006FFA02F07FF90446FAF7F4FC2146EEF771
:10D570009BF819E4FAF7EEFC40796028C2D1204606
:10D5800002F066FC0022134B02F05AFA02F06AF92C
:10D590000446FAF7DFFC2146E7F7C6FE04E4FAF793
:10D5A000D9FC40796128ADD1204602F051FC00221F
:10D5B000084B02F045FA02F055F90446FAF7CAFCA6
:10D5C0002146E5F7F3FB7AE4D0550020CDCCCCCC56
:10D5D000CCCCFC3F0000594000002440FAF7BAFCD4
:10D5E00040794FF084470A2813D04A2844D05F2856
:10D5F000E9D1204602F02CFC0022F94B02F020FA7F
:10D6000002F030F90446FAF7A5FC2146E7F728F8BE
:10D6100055E401F0DDFB90B1FAF79CFC806E3946D1
:10D6200003F090F902F08EFE2A46334602F008FA23
:10D630000022EC4B02F05CFC02F096FB07E0FAF7EC
:10D6400089FC806E514603F075F802F0D7FF201A6E
:10D6500004B2FAF77FFCD0F8845004EB8400400059
:10D6600003F008F8294602F099FE02F0C7FF04B261
:10D67000FAF770FC0A2231E001F0AAFB90B1FAF748
:10D6800069FC806E394603F05DF902F05BFE2A46C4
:10D69000334602F0D5F90022D24B02F029FC02F009
:10D6A00063FB07E0FAF756FC806E514603F042F840
:10D6B00002F0A4FF201A04B2FAF74CFCD0F8845010
:10D6C00004EB8400400002F0D5FF294602F066FE1C
:10D6D00002F094FF04B2FAF73DFC4A222146E6F735
:10D6E0007FFB79E4F2F7AAFBE8680A218069EEF78C
:10D6F0006CFC0446FAF72EFCA0F86640FAF72AFC08
:10D7000040790A2805D1FAF725FCA1B20A22E6F7EA
:10D7100099FAFAF71FFC40794A28E2D1FAF71AFC85
:10D72000A1B24A22E6F78EFA56E47B74002BD8D1D8
:10D730001046EEF7C5FE002285217320FAF7C6FFDA
:10D74000387C012802D00A2803D009E0FAF702FC4D
:10D7500005E0FEF74DFD0146B86CE8F7E3F8044636
:10D76000F2F76CFB2046796AE8F736FC0028B8D05F
:10D77000FAF7F0FB00287DD06079512802D05A28B2
:10D78000AFD138E02046E8F7D2F802F0DBFD804662
:10D790008A46786A02F0D6FD0022914B02F050F9D9
:10D7A0004246534602F04CF980468A462046E8F746
:10D7B000C6F802F0C7FD4246534602F099FB02F05C
:10D7C00051F83863FAF7C6FB007E01280DD0386B9C
:10D7D00002F0B8FD0022844B02F0CAFC21F00041A7
:10D7E0000022824B02F048FB44D8FAF7B3FB396BB6
:10D7F000E8F7EEFC1CE4FAF7ADFBE9F741F817E4B3
:10D80000687015E47B74002BF4D1387C012802D0B9
:10D810000A2803D009E0FAF79DFB05E0FEF7E8FCD3
:10D820000146B86CE8F77EF80446F2F707FB20469D
:10D83000796AE8F7D1FB0028DCD06079512802D062
:10D840005A282AD119E06A49786A02F015FEB863AD
:10D850002046E8F774F806462046E8F765F80546DE
:10D860002046E8F764F8294603F06CF8314602F0E8
:10D8700003FE00E0E4E038640FE05E49786A884225
:10D8800004DBFAF767FBE8F7FBFF06E05A4988423A
:10D8900003DCFAF75FFBE9F771F9F8695749816032
:10D8A000032181705649C1603A2101715548B8621F
:10D8B0005548F862DCE57B74002BFBD11046EEF78F
:10D8C000FFFD002285217320FAF700FF387C012834
:10D8D00002D00A2803D009E0FAF73CFB05E0FEF786
:10D8E00087FC0146B86CE8F71DF80446F2F7A6FA83
:10D8F0002046796AE8F770FB0028DBD03C49786A5B
:10D9000002F0BAFDF8632046E8F719F8824620468F
:10D91000E8F70AF880462046E8F709F8414603F0A0
:10D9200011F8514602F0A8FD804678644146386CF3
:10D9300003F008F8F96B82468B46B86B03F002F8E7
:10D94000514602F099FD4146386302F0F3FE594614
:10D9500002F0EDFF7863FAF7FDFA002870D06079E5
:10D9600051280ED05A28A5D12249786A8842BFF69C
:10D9700008AF214988429DDCFAF7ECFAE9F7FEF896
:10D9800076E5FAF7E7FA007E012814D0386B02F04A
:10D99000D9FC0022144B02F0EBFB21F000410022E5
:10D9A000124B02F069FA4BD8786B184920F000400E
:10D9B00002F08CFE44D2FAF7CDFAD7E90C12E8F760
:10D9C0000AFC55E50C2B4FD2DFE803F00622262A8D
:10D9D0002E32363B3F43474B002001F063FB43E0D0
:10D9E00000005940000024400000F03F0000E03FEC
:10D9F0000000C8420000BE420000A040021A020817
:10DA0000051A020899F40008FDE800089A99193EE1
:10DA1000002001F071FB27E0002001F067FB23E00C
:10DA2000002001F051FB1FE0002001F041FB1BE052
:10DA3000002001F055FB17E0002001F04BFB13E044
:10DA4000FAE1002001F03AFB0EE0002001F018FBA3
:10DA50000AE0002001F020FB06E0002001F00AFBB4
:10DA600002E0002001F012FBFEF7C2FB0468002C6C
:10DA700086D004F19000F2F7FAF904F19C00F2F775
:10DA8000F6F904F1A800F2F7F2F947E080690A21FB
:10DA9000EEF79BFA0546FEF7ABFB0468002C90D02E
:10DAA000F84800780C2839D2DFE800F0061D3B5218
:10DAB000698097AEC5DCF5F3E8B201F0B9FB01204F
:10DAC00001F0F0FA01F054F9014604F19000F2F788
:10DAD000E3F901F04DF9014604F19C00F2F7DCF99D
:10DAE00001F046F915E0E8B201F0CCFB012001F0AD
:10DAF00003FB01F067F9014604F19000F2F7CCF95D
:10DB000001F060F9014604F19C00F2F7C5F901F05B
:10DB100059F9014604F1A800F2F7BEF9EFF7A4F8AD
:10DB2000A6E4E8B201F0A8FB012001F0DFFA01F061
:10DB300043F9014604F19000F2F7AEF901F03CF927
:10DB4000014604F19C00F2F7A7F901F035F9E0E78E
:10DB5000E8B201F07FFB012001F0B6FA01F01AF9FA
:10DB6000014604F19000F2F797F901F013F901462C
:10DB700004F19C00F2F790F901F00CF9C9E7E8B262
:10DB800001F05CFB012001F093FA01F0F7F8014687
:10DB900004F19000F2F780F901F0F0F8014604F189
:10DBA0009C00F2F779F901F0E9F8B2E7E8B201F088
:10DBB0005DFB012001F094FA01F0F8F8014604F150
:10DBC0009000F2F769F901F0F1F8014604F19C00C8
:10DBD000F2F762F901F0EAF89BE7E8B201F040FBE6
:10DBE000012001F077FA01F0DBF8014604F1900022
:10DBF000F2F752F901F0D4F8014604F19C00F2F773
:10DC00004BF901F0CDF884E7E8B201F01DFB0120EB
:10DC100001F054FA01F0B8F8014604F19000F2F76F
:10DC20003BF901F0B1F8014604F19C00F2F734F938
:10DC300001F0AAF86DE7E8B201F0E8FA012001F07E
:10DC40001FFA01F083F8014604F19000F2F724F97D
:10DC500001F07CF8014604F19C00F2F71DF901F097
:10DC600075F856E7E8B201F0DDFA012001F014FA88
:10DC700001F078F8014604F19000F2F70DF901F097
:10DC800071F8014604F19C00F2F706F901F06AF818
:10DC90003FE717E0FFE7E8B201F0B2FA012001F038
:10DCA000E9F901F04DF8014604F19000F2F7F4F8BB
:10DCB00001F046F8014604F19C00F2F7EDF801F09E
:10DCC0003FF826E7E8B201F0A7FA012001F0DEF9FB
:10DCD00001F042F8014604F19000F2F7DDF801F09E
:10DCE0003BF8014604F19C00F2F7D6F801F034F855
:10DCF0000FE71046EEF7E4FB002285217320FAF7C8
:10DD0000E5FC387C012802D00A2803D009E0FAF7A4
:10DD100021F905E0FEF76CFA0146B86CE7F702FE60
:10DD20000446F2F78BF82046796AE8F755F900289F
:10DD30003FF4C0ADFAF70EF900287DD0FAF70AF9E2
:10DD40004079222808D05E287FF4B4ADFAF702F9B2
:10DD5000796AEDF7E3FF0CE4FAF7FCF8796AEDF77E
:10DD6000CBFB06E41046EEF7ABFB002285217320C7
:10DD7000FAF7ACFC387C012802D00A2803D009E06D
:10DD8000FAF7E8F805E0FEF733FA0146B86CE7F772
:10DD9000C9FD0446F2F752F82046796AE8F71CF903
:10DDA0000028D8D0FAF7D6F80028C6D0FAF7D2F86B
:10DDB0004079222807D05E28CDD1FAF7CBF8796ACE
:10DDC000EEF768F824E4FAF7C5F8796AEDF740FC55
:10DDD0001EE41046EEF774FB002285217320FAF74B
:10DDE00075FC387C012802D00A2803D009E0FAF734
:10DDF000B1F805E0FEF7FCF90146B86CE7F792FDD3
:10DE00000446F2F71BF82046796AE8F7E5F800289F
:10DE1000D8D0FAF79FF800288FD0FAF79BF840790E
:10DE2000012819D022280BD05C280FD05E28C9D138
:10DE3000FAF790F8796A00E033E2EDF79FFE50E4DC
:10DE4000FAF788F8796AEDF7B3FA4AE4FAF782F854
:10DE5000796AFDF783FF44E4FAF77CF8122146E083
:10DE60001046EEF72DFB002285217320FAF72EFCD9
:10DE7000387C012802D00A2806D00CE0FAF76AF8AC
:10DE800008E0000024580020FEF7B2F90146B86C03
:10DE9000E7F748FD0446F1F7D1FF2046796AE8F735
:10DEA0009BF80028CBD0FAF755F80028B4D0FAF741
:10DEB00051F84079012817D0222809D05C280DD0CC
:10DEC0005E28BCD1FAF746F8796AEDF791FE08E4CE
:10DED000FAF740F8796AEDF795FA25E4FAF73AF897
:10DEE000796AFDF7F5FF1FE4FAF734F81121FDF721
:10DEF00031FC19E41046EEF7E3FA00228521732085
:10DF0000FAF7E4FB387C012802D00A2803D009E0A4
:10DF1000FAF720F805E0FEF76BF90146B86CE7F771
:10DF200001FD0446F1F78AFF2046796AE8F754F8C4
:10DF30000028D2D0FAF70EF80028B7D0FAF70AF87E
:10DF40004079012817D0222809D05C280DD05E28FE
:10DF5000C3D1F9F7FFFF796AEDF784FE4AE4F9F7D8
:10DF6000F9FF796AEDF778FA44E4F9F7F3FF796A93
:10DF7000FEF716F83EE4F9F7EDFF1321B7E7104678
:10DF8000EEF79EFA002285217320FAF79FFB387C7A
:10DF9000012802D00A2803D009E0F9F7DBFF05E0E9
:10DFA000FEF726F90146B86CE7F7BCFC0446F1F72A
:10DFB00045FF2046796AE8F70FF80028CED0F9F738
:10DFC000C9FF0028B9D0F9F7C5FF796AE6F766F806
:10DFD00010E41046EEF774FA002285217320FAF758
:10DFE00075FB387C012802D00A2803D009E0F9F734
:10DFF000B1FF05E0FEF7FCF80146B86CE7F792FCCC
:10E000000446F1F71BFF2046796AE7F7E5FF002891
:10E01000A4D0F9F79FFF00288FD0F9F79BFF796A0A
:10E02000E6F776F846E41046EEF74AFA0022852134
:10E030007320FAF74BFB387C012802D00A2803D062
:10E0400009E0F9F787FF05E0FEF7D2F80146B86C62
:10E05000E7F768FC0446F1F7F1FE2046796AE7F736
:10E06000BBFF0028DED0F9F775FF0028AAD0F9F72A
:10E0700071FF796AE6F7FCF91CE41046EEF720FA26
:10E08000002285217320FAF721FB387C012802D079
:10E090000A2803D009E0F9F75DFF05E0FEF7A8F8CC
:10E0A0000146B86CE7F73EFC0446F1F7C7FE204690
:10E0B000796AE7F791FF0028B4D0F9F74BFF002801
:10E0C000AAD0F9F747FF796AE6F790FA58E41046C4
:10E0D000EEF7F6F9002285217320FAF7F7FA387C7B
:10E0E000012802D00A2803D009E0F9F733FF05E040
:10E0F000FEF77EF80146B86CE7F714FC0446F1F72A
:10E100009DFE2046796AE7F767FF0028DED0F9F721
:10E1100021FF0028AAD0F9F71DFF796AE6F7DAFA9D
:10E120002EE41046EEF7CCF9002285217320FAF791
:10E13000CDFA387C012802D00A2803D009E0F9F78B
:10E1400009FF05E0FEF754F80146B86CE7F7EAFB73
:10E150000446F1F773FE2046796AE7F73DFF002891
:10E16000B4D0F9F7F7FE0028AAD0F9F7F3FE796AE0
:10E17000E5F702F904E41046EEF7A2F90022852142
:10E180007320FAF7A3FA387C012802D00A2803D0BA
:10E1900009E0F9F7DFFE05E0FEF72AF80146B86C62
:10E1A000E7F7C0FB0446F1F749FE2046796AE7F736
:10E1B00013FF00288AD0F9F7CDFE002871D0F9F7B7
:10E1C000C9FE40790A2809D1786A02F033FA84B28C
:10E1D000F9F7C0FE0A222146E5F7C2FAF9F7BAFEBE
:10E1E00040794A289CD1786A02F024FA84B2F9F77F
:10E1F000B1FE4A222146E5F7B3FA91E41046EEF764
:10E200005FF9002285217320FAF760FA387C012833
:10E2100002D00A2803D009E0F9F79CFE05E0FDF7DB
:10E22000E7FF0146B86CE7F77DFB0446F1F706FE11
:10E230002046796AE7F7D0FE0028DED0F9F78AFE9B
:10E2400078B3F9F787FE40790A2809D1786A02F095
:10E25000F1F984B2F9F77EFE0A222146E5F75AFA6F
:10E26000F9F778FE40794A28C7D1786A02F0E2F9D6
:10E2700084B2F9F76FFE4A222146E5F74BFA4FE4E4
:10E280001046EEF71DF9002285217320FAF71EFAD9
:10E29000387C012802D00A2804D00AE0F9F75AFE97
:10E2A00006E041E0FDF7A4FF0146B86CE7F73AFB52
:10E2B0000446F1F7C3FD2046796AE7F78DFE002892
:10E2C0009BD0F9F747FE78B3F9F744FE40790A2866
:10E2D00009D1786A02F0AEF984B2F9F73BFE0A225E
:10E2E0002146E5F7C3FDF9F735FE40794A2884D188
:10E2F000786A02F09FF984B2F9F72CFE4A2221468F
:10E30000E5F7B4FD0CE41046EEF7DAF800228521BB
:10E310007320FAF7DBF9387C012802D00A2804D0F0
:10E320000AE0F9F717FE06E050E0FDF761FF01464D
:10E33000B86CE7F7F7FA0446F1F780FD2046796AF2
:10E34000E7F74AFE00289AD0F9F704FEF0B3F9F790
:10E3500001FE796AE4F7E4FFFDE41046EEF7B0F859
:10E36000002285217320FAF7B1F9387C012802D008
:10E370000A2803D009E0F9F7EDFD05E0FDF738FFC5
:10E380000146B86CE7F7CEFA0446F1F757FD204690
:10E39000796AE7F721FE0028DED0F9F7DBFDA8B1A6
:10E3A000F9F7D8FD40790A2809D1786A02F042F9D4
:10E3B00084B2F9F7CFFD0A222146E5F731FDF9F7DE
:10E3C000C9FD40794A28C7D1786A00E084E002F0AC
:10E3D00031F984B2F9F7BEFD4A222146E5F720FD66
:10E3E000B9E4F1F72BFDF9F7B5FD40790A2808D01B
:10E3F0004A280AD05F28AFD1F9F7ACFDE5F7F4FF62
:10E40000A9E4F9F7A7FD0A2202E0F9F7A3FD4A22E1
:10E410000121E5F7D5FB9EE41046EEF751F8002206
:10E4200085217320FAF752F9387C012802D00A2896
:10E4300003D009E0F9F78EFD05E0FDF7D9FE0146AE
:10E44000B86CE7F76FFA0446F1F7F8FC2046796AF2
:10E45000E7F7C2FD0028C3D0F9F77CFDE0B3F9F778
:10E4600079FD796AEEF77CFF75E41046EEF728F83F
:10E47000002285217320FAF729F9387C012802D07F
:10E480000A2803D009E0F9F765FD05E0FDF7B0FEC5
:10E490000146B86CE7F746FA0446F1F7CFFC204690
:10E4A000796AE7F799FD00289AD0F9F753FD98B1FA
:10E4B000F9F750FD796AEFF72FF84CE41046EDF7C5
:10E4C000FFFF002285217320FAF700F9387C01282C
:10E4D00003D00A2804D00AE04FE0F9F73BFD05E03D
:10E4E000FDF786FE0146B86CE7F71CFA0446F1F723
:10E4F000A5FC2046796AE7F76FFD00288BD0F9F775
:10E5000029FDD0B3F9F726FD796AEFF73FF822E449
:10E510001046EDF7D5FF002285217320FAF7D6F8D3
:10E52000F1F78CFC387C012802D00A2803D009E0DE
:10E53000F9F710FD05E0FDF75BFE0146B86CE7F763
:10E54000F1F90446F1F77AFC2046796AE7F744FDD1
:10E55000002889D0F9F7FEFC78B1F9F7FBFC407987
:10E560006128AAD13878532808D05428A5D1F9F7C2
:10E57000F1FC796AE4F760FB24E45AE0F9F7EAFC7D
:10E58000796AE4F71FFB1DE41046EDF799FF0022BE
:10E5900085217320FAF79AF8387C012802D00A28DE
:10E5A00003D009E0F9F7D6FC05E0FDF721FE0146AE
:10E5B000B86CE7F7B7F90446F1F740FC2046796AF2
:10E5C000E7F70AFD0028D7D0F9F7C4FC88B3F9F7BC
:10E5D000C1FC4079092817D0342809D05D280DD016
:10E5E0006028C9D1F9F7B6FC796AE6F751FE26E44E
:10E5F000F9F7B0FC796AE8F7E5FF20E4F9F7AAFC3F
:10E60000796AE9F783FB1AE4F9F7A4FCB7F9141067
:10E61000EDF7B4FE13E41046EDF752FF002285211A
:10E620007320FAF753F8387C012803D00A2804D065
:10E630000AE027E0F9F78EFC05E0FDF7D9FD014679
:10E64000B86CE7F76FF90446F1F7F8FB2046796AF2
:10E65000E7F7C2FC0028CAD0F9F77CFC90B1F9F7C3
:10E6600079FC4079342807D06028C0D1F9F772FCD2
:10E67000796AE6F7DDFC2AE4F9F76CFC796AE9F7D8
:10E68000BDF824E4A8680A4900698160A8680069A7
:10E69000C660A8680169022081F805900021F5F79D
:10E6A000C5FF387C01283FF4ABA80420FFF7A8B8C9
:10E6B000DB190208014901208870704700580020CA
:10E6C0000149012048707047005800200248017835
:10E6D00041F01001017070470D5700200248017889
:10E6E00041F010010170704707570020024801787F
:10E6F00041F04001017070470D5700200248017839
:10E7000041F04001017070470757002002484178EE
:10E7100041F00101417070470757002002484178DD
:10E7200041F01001417070470757002002480178FE
:10E7300041F08001017070470757002002480178BE
:10E7400041F00201017070470D5700200248017826
:10E7500041F002010170704707570020024801781C
:10E7600041F00801017070470D5700200248017800
:10E7700041F00801017070470757002002480178F6
:10E7800041F02001017070470D57002002480178C8
:10E7900041F020010170704707570020024841787E
:10E7A00041F00401417070470D5700200248417844
:10E7B00041F004014170704707570020024841783A
:10E7C00041F0080141707047075700200248017866
:10E7D00041F00401017070470D5700200248017894
:10E7E00041F004010170704707570020024841784A
:10E7F00041F002014170704707570020024801783C
:10E8000041F00101017070470D5700200248017866
:10E8100041F001010170704707570020014948602D
:10E8200070470000C855002001490860704700008B
:10E83000C85500207CB504460D4600F065F801F08F
:10E8400081FD22462B4601F03FF8CDE9000103A2ED
:10E8500007210448E1F750FE7CBD000025352E322B
:10E86000660000007D5500200149086070470000E7
:10E87000D45500201CB501F065FDCDE9000103A2CF
:10E8800006210448E1F738FE1CBD000025352E3175
:10E89000660000007755002070B5044600EB840048
:10E8A000850004F00F0040F06000EFF79DFA702043
:10E8B00040EA1410EFF798FA0520EFF795FA1220C6
:10E8C000EFF792FA02480349284448604D8070BD32
:10E8D000B05B0020485600200248017841F0010159
:10E8E000017070472857002070B504460E46084650
:10E8F000FDF7B4FBC04305063046FDF7AFFB45EA24
:10E900000020A06170BD00000148D0F8B40070473D
:10E91000C07B00200148C07970470000C07B002008
:10E920000148B0F8BE007047C07B00200148807FDE
:10E9300070470000C07B00200148007F7047000046
:10E94000C07B00200148C07F70470000C07B0020D2
:10E950000148407F70470000C07B00200148407D97
:10E9600070470000C07B00200148C07D7047000058
:10E97000C07B00200148C07E70470000C07B0020A3
:10E980000148807D70470000C07B00200148807EE8
:10E9900070470000C07B00200148407E70470000A7
:10E9A000C07B00200148007E70470000C07B002033
:10E9B0000148007D70470000C07B00200148807C3A
:10E9C00070470000C07B00200148007C70470000B9
:10E9D000C07B00200148C07C70470000C07B002045
:10E9E0000148407C70470000C07B00200148407A0D
:10E9F00070470000C07B00200148C07A70470000CB
:10EA0000C07B00200148C07B70470000C07B002015
:10EA10000148807A70470000C07B00200148807B5D
:10EA200070470000C07B00200148407B7047000019
:10EA3000C07B00200148007B70470000C07B0020A5
:10EA40000148007A70470000C07B0020014890F820
:10EA50002C007047C07B00200148407970470000BF
:10EA6000C07B00200148007970470000C07B002077
:10EA70000148807870470000C07B00200148D0F832
:10EA8000A8007047C07B00200148D0F8980070476C
:10EA9000C07B00200148D0F8B0007047C07B002048
:10EAA0000148D0F8A0007047C07B00200148006EEC
:10EAB00070470000C07B00200148006F70470000D5
:10EAC000C07B00200148D0F890007047C07B002038
:10EAD0000148806E70470000C07B00200148D0F8DC
:10EAE00088007047C07B00200148D0F88000704744
:10EAF000C07B00200148806F70470000C07B002071
:10EB00000148806D70470000C07B0020014890F8EC
:10EB10002A007047C07B0020014890F82800704709
:10EB2000C07B0020014890F82B007047C07B00207C
:10EB3000014890F829007047C07B0020014890F8F8
:10EB400021007047C07B0020014890F823007047E7
:10EB5000C07B0020014890F827007047C07B002050
:10EB6000014890F822007047C07B0020014890F8CF
:10EB700026007047C07B0020014890F825007047B0
:10EB8000C07B0020014890F824007047C07B002023
:10EB9000014890F820007047C07B002001480078B1
:10EBA00070470000C07B0020014890F8C00070470B
:10EBB000C07B0020014890F8C2007047C07B002055
:10EBC000014890F837007047C07B0020014890F85A
:10EBD00035007047C07B0020014890F8380070472E
:10EBE000C07B0020014890F836007047C07B0020B1
:10EBF000014890F82E007047C07B0020014890F833
:10EC000030007047C07B0020014890F83400704706
:10EC1000C07B0020014890F82F007047C07B002087
:10EC2000014890F833007047C07B0020014890F8FD
:10EC300032007047C07B0020014890F831007047D7
:10EC4000C07B0020014890F82D007047C07B002059
:10EC50000148407870470000C07B0020014880795F
:10EC600070470000C07B0020014890F8BC0070474E
:10EC7000C07B00200148C07870470000C07B0020A6
:10EC80000148D0F8A4007047C07B00200148D0F8AC
:10EC900094007047C07B00200148D0F8AC0070475A
:10ECA000C07B00200148D0F89C007047C07B00204A
:10ECB0000148C06D70470000C07B00200148C06E55
:10ECC00070470000C07B00200148D0F88C007047DE
:10ECD000C07B00200148406E70470000C07B0020D0
:10ECE0000148D0F884007047C07B00200148C06F05
:10ECF00070470000C07B00200148406F7047000053
:10ED0000C07B00200148406D70470000C07B0020A0
:10ED1000014890F8C6007047C07B0020014890F879
:10ED2000C5007047C07B0020014890F8C7007047BD
:10ED3000C07B00200148D0F8B8007047C07B00209D
:10ED4000014890F843007047C07B0020014890F8CC
:10ED500041007047C07B0020014890F84400704794
:10ED6000C07B0020014890F842007047C07B002023
:10ED7000014890F83A007047C07B0020014890F8A5
:10ED80003C007047C07B0020014890F8400070476D
:10ED9000C07B0020014890F83B007047C07B0020FA
:10EDA000014890F83F007047C07B0020014890F870
:10EDB0003E007047C07B0020014890F83D0070473E
:10EDC000C07B0020014890F839007047C07B0020CC
:10EDD000014890F8C1007047C07B0020014890F8BE
:10EDE000C4007047C07B0020014890F8C300704702
:10EDF000C07B00200149C1F8B4007047C07B0020EF
:10EE00000149C87170470000C07B00200149A1F88A
:10EE1000BE007047C07B0020014988777047000022
:10EE2000C07B00200149087770470000C07B0020AC
:10EE30000149C87770470000C07B0020014948772E
:10EE400070470000C07B00200149487570470000F2
:10EE5000C07B00200149C87570470000C07B0020BE
:10EE60000149C87670470000C07B002001498875C1
:10EE700070470000C07B0020014988767047000081
:10EE8000C07B00200149487670470000C07B00200D
:10EE90000149087670470000C07B002001490875D1
:10EEA00070470000C07B0020014988747047000053
:10EEB000C07B00200149087470470000C07B00201F
:10EEC0000149C87470470000C07B002001494874A4
:10EED00070470000C07B0020014948727047000065
:10EEE000C07B00200149C87270470000C07B002031
:10EEF0000149C87370470000C07B00200149887237
:10EF000070470000C07B00200149887370470000F3
:10EF1000C07B00200149487370470000C07B00207F
:10EF20000149087370470000C07B00200149087246
:10EF300070470000C07B0020024981F82C00EDF7EB
:10EF40007BBC0000C07B00200149C1F8A8007047CD
:10EF5000C07B00200149C1F898007047C07B0020A9
:10EF60000149C1F8B0007047C07B00200149C1F8D9
:10EF7000A0007047C07B0020014908667047000070
:10EF8000C07B00200149086770470000C07B00205B
:10EF90000149C1F890007047C07B00200149886694
:10EFA00070470000C07B00200149C1F8880070470D
:10EFB000C07B00200149C1F880007047C07B002061
:10EFC0000149886770470000C07B002001498865BF
:10EFD00070470000C07B0020014981F82A0070477B
:10EFE000C07B0020014981F828007047C07B0020C9
:10EFF000014981F82B007047C07B0020014981F84E
:10F0000029007047C07B0020014981F8210070472A
:10F01000C07B0020014981F823007047C07B00209D
:10F02000014981F827007047C07B0020014981F821
:10F0300022007047C07B0020014981F826007047FC
:10F04000C07B0020014981F825007047C07B00206B
:10F05000014981F824007047C07B0020014981F8F4
:10F0600020007047C07B00200149087070470000F5
:10F07000C07B0020014981F837007047C07B002029
:10F08000014981F835007047C07B0020014981F8B3
:10F0900038007047C07B0020014981F83600704776
:10F0A000C07B0020014981F82E007047C07B002002
:10F0B000014981F830007047C07B0020014981F888
:10F0C00034007047C07B0020014981F82F00704751
:10F0D000C07B0020014981F833007047C07B0020CD
:10F0E000014981F832007047C07B0020014981F856
:10F0F00031007047C07B0020014981F82D00704726
:10F10000C07B00200149487070470000C07B002090
:10F11000014981F8C0007047C07B00200149887117
:10F1200070470000C07B0020014981F8C200704791
:10F13000C07B0020014981F8BC007047C07B0020E3
:10F140000149C1F8A4007047C07B00200149C1F803
:10F1500094007047C07B00200149C1F8AC007047A3
:10F16000C07B00200149C1F89C007047C07B002093
:10F170000149C86570470000C07B00200149C8668E
:10F1800070470000C07B00200149C1F88C00704727
:10F19000C07B00200149486670470000C07B00200A
:10F1A0000149C1F884007047C07B00200149C8674D
:10F1B00070470000C07B002001494867704700008D
:10F1C000C07B00200149486570470000C07B0020DB
:10F1D000014981F8C6007047C07B0020014981F8D1
:10F1E000C5007047C07B0020014981F8C700704707
:10F1F000C07B00200149C1F8B8007047C07B0020E7
:10F20000014981F843007047C07B0020014981F823
:10F2100041007047C07B0020014981F844007047DD
:10F22000C07B0020014981F842007047C07B00206C
:10F23000014981F83A007047C07B0020014981F8FC
:10F240003C007047C07B0020014981F840007047B6
:10F25000C07B0020014981F83B007047C07B002043
:10F26000014981F83F007047C07B0020014981F8C7
:10F270003E007047C07B0020014981F83D00704787
:10F28000C07B0020014981F839007047C07B002015
:10F29000014981F8C1007047C07B0020014981F815
:10F2A000C4007047C07B0020014981F8C30070474B
:10F2B000C07B002010B5F9F7C3FBEDF7D5FC142097
:10F2C000E9F79AFCBDE81040E8F70ABE10B500283F
:10F2D00010D0312282772E23C377302280F820206D
:10F2E000002280F821200C780477C376497800F852
:10F2F0001A1FC27010BD00281BD04A7800F8552F85
:10F300000A784270CA7882708A78C2704A7902712B
:10F310000A794271CA7982718A79C2714A7A027213
:10F320000A7A4272CA7A8272897AC172012100F81D
:10F330003D1C7047FEB5F9F7C9FA3F480025102477
:10F34000817900F1780605293CD2DFE801F003431A
:10F35000233B6200FFF722FC48B10094CDE9014550
:10F36000337A402118203268E8F728FF07E0CDE91A
:10F3700000450823402114207268E8F767FFFFF773
:10F380000DFC01462C489030406803B0BDE8F040C9
:10F39000ECF740BE807848B1FFF700FC18B10423B9
:10F3A000264A009408E00823254A0CE0FFF7F6FB04
:10F3B00060B3244A0423009450211820CDE901456C
:10F3C000E8F7FCFEFEBD50211820CDE90045E8F726
:10F3D0003DFFFEBD807890B1FFF7E0FB18B106233A
:10F3E000194A0094E8E70823184A48211820CDE973
:10F3F0000045E8F72BFF0823154A5821E4E7FFF7FB
:10F40000CDFB18B10423134A0094D5E70823124A10
:10F41000D9E7FFF7C3FB38B10094CDE9014550218E
:10F42000337A18203268CBE7CDE900450823502114
:10F4300018207268CBE70000205500201E1D02082E
:10F44000CB190208221D0208261D0208231A0208F1
:10F450002E1A02082C1D0208D619020870B5F9F7F9
:10F4600033FC00210120F9F771FCFFF7EFFAEDF70B
:10F47000E3F900F069F8FFF7FDFB274C4FF4004576
:10F4800038B3012802D0032815D133E001222946E0
:10F490002046E9F7B2FC214A24213E20F9F7D0F9B1
:10F4A000F9F778FAF9F770FA0028FBD0002229461C
:10F4B0002046E9F7A2FC1920F8F794FF184AC2E9A0
:10F4C0000201EAF721FFFBF719FCBDE87040EDF7F8
:10F4D000D3BB012229462046E9F78FFC114A562169
:10F4E0002520F9F7ADF9F9F755FAF9F74DFA0028A3
:10F4F000FBD0DBE7012229462046E9F77EFC0A4AD9
:10F500002D213E20F9F79CF9F9F744FAF9F73CFA76
:10F510000028FBD0CAE70000000002405D0B020893
:10F5200008580020BD1102082D0E020800B583B056
:10F530000A460021CDE9001101466846E1F7ACFC1E
:10F54000DDE9000103B000BD70B5114D00244FF49A
:10F5500080512846E9F744FC00B101244FF40051E2
:10F560002846E9F73DFC00B1A41C54B1012C0AD097
:10F57000022C0AD0032C0AD10320BDE87040F9F711
:10F58000D9BB0020F9E70120F7E70220F5E770BDBD
:10F590000004024010B5F4F70BFA084CE18A6279D6
:10F5A000491E89B2FBF77AF8F4F702FAE18A00F013
:10F5B00007F8E08ABDE81040FAF726B82055002089
:10F5C00070B586B0C27A01ABC679057A447A83E811
:10F5D0007400007B0B46009003A213210948E0F75A
:10F5E0008BFF06B070BD0000253035642025303219
:10F5F00064253032642530326420253032643A2567
:10F6000030326400F45A002030B5174BD868816955
:10F61000A3F19000006A81420BD1827909254AB199
:10F620000024042A13D04869C471D86880694069ED
:10F63000057230BD49690222CA71D9688969496970
:10F640000D72406981790229F3D2827130BD496916
:10F65000CC71D968896949690C724069817900293E
:10F66000F4D0847130BD0000B055002030B4124C8D
:10F67000A4F10D01E0688269A4F19000006A824261
:10F680000DD1837901F101059B0701D01C2300E016
:10F690001D236B705269937952695B5C1372E26847
:10F6A00092695269824203D182794069515C017248
:10F6B00030BCF0F78FB90000B055002003785B1C18
:10F6C0005BB2934200DD4BB20370704703885B1C52
:10F6D0001BB2934200DD0BB20380704703785B1EC0
:10F6E0005BB28B4200DA53B20370704703885B1E33
:10F6F0001BB28B4200DA13B20380704710B5F9F7E2
:10F70000CDFA234CA8B1F9F7ADFA012811D1F9F7D8
:10F71000B9FA70B9607818B11E48F9F71FF901E01D
:10F72000F9F762F86078E0B1002060700020FFF720
:10F73000B3F8F9F797FA012828D1F8F70BFC4079CC
:10F740004A2823D1F8F706FCB0F8B40002281DD1EE
:10F7500011480078012806D0BDE810400F48F9F79D
:10F760009FB80120E1E7A07810B1F8F7DDFF02E0D3
:10F770000A48F9F795F8A07830B10020A070BDE8EC
:10F7800010400020FFF788B80120F7E710BD000007
:10F7900008580020322602082C5700209A2602081A
:10F7A00030B5194C012263681B69834212D188422B
:10F7B00004D025682D69C4E900530BE02160616025
:10F7C00063681B6963601B698B4203D0521CD2B211
:10F7D000072AF5D323685B69834206D149698142D0
:10F7E00004D0236060684069606030BD6160216062
:10F7F00020684069206040698842F6D0521CD2B22D
:10F80000072AF5D330BD0000C855002010B50029E7
:10F810000AD00878002807D005487844E1F7D0FFDF
:10F82000002801D0002010BD0248784410BD00001F
:10F830005E3400005634000010B500290AD0087864
:10F84000002807D005487844E1F7BAFF002801D026
:10F85000002010BD0248784410BD00004E34000066
:10F860004634000021F00042A2F16052B2F5801F40
:10F8700001F0004328BFD2F17F6C0BD95FEA001C76
:10F8800043EAC20242EB507018BF704728BF20F015
:10F8900001007047B2F5801FBCBF184670474FEAA1
:10F8A000410C1CF5001F02D2084601F00AB870B5E1
:10F8B00000F0C8FB00000089FFF7F6BF4FF00040E2
:10F8C000A0F580007047000010B591EA030F48BF13
:10F8D00083F0004300F15484841A71EB030C05D2C9
:10F8E000121943EB0C03001B61EB0C01DFF824E160
:10F8F0004FEA1154A4EB135C1EEA430F18BF9EEAB3
:10F90000445F73D023EA0E03DCF1200E21EA045198
:10F9100043F4801332D322FA0CFE10EB0E0023FACC
:10F920000CFE41EB0E01CCF1200E03FA0EFE10EBA3
:10F930000E0051F10001B1F5801FCCF1200E32D242
:10F9400001EB045112FA0EF2BDE8104058BF7047A7
:10F95000401C38BF5FEA420218BF7047002814BF3E
:10F9600020F0010041F100014FEA410313F5001FAF
:10F9700038BF7047A1F1C04100F0B2BB012A43EB90
:10F980000302ACF1200CDCF11F0E32BF4FF0000E71
:10F9900023FA0CF310EB030041EB0451B4EB115FBD
:10F9A000D0D0A1EB045101F5801149085FEA300085
:10F9B00001EB04510ED350F1000038BF12FA0EFED5
:10F9C00008D1BDE81040C9E7401C38BF5FEA4202D9
:10F9D000CAD1C3E7BDE810404FEA410313F5001F49
:10F9E00038BF7047A1F1C04100F07ABB9EEA445F86
:10F9F00008D011EA5E0FBDE8104004BF01F00041DD
:10FA000000207047BDE8104070B500F01BFB00BF40
:10FA100064FBBE3E0000E0FF02494FF0000001F031
:10FA20000BB800BF0000F87F491058BFC1F140413A
:10FA30005B1058BFC3F140438B42EFF30080704727
:10FA40002DE9C04130B4DFF8A0C23CEA111418BF60
:10FA50003CEA131400F0EC8081EA03051CEA11145F
:10FA600044EAD57418BF1CEA131500F0C780A4EB54
:10FA700005044FF0004545EAC12145EAC32341EAA8
:10FA8000505143EA525304F17F74994204F5003413
:10FA90004FEAC0204FEAC22208BF904200F09C808B
:10FAA0004FEA13650FF24016765D4FEA134506FBE9
:10FAB00005F7C7F1807706FB07F74FEAD737A7FBB3
:10FAC00003687642C8F58038A7FB06CE38BFA8F198
:10FAD000010807FB08E64FF0000EA6FB028CE6FBD0
:10FAE00003CEDCF1000CCEF1004E38BFAEF1010EBA
:10FAF000A6FB0C584FF000074FF00005E6FB0E8701
:10FB0000A1FB08C6A0FB07CE16EB0E0645F10005CB
:10FB1000E1FB076515F1E04E7EBFA4F580345FEA96
:10FB200046066D4116F1800745F100054FEA17279B
:10FB30004FEA066647EA0567A6F1DE46B6F1805F42
:10FB40004FEA15251FD9384624F0010C05EBC47186
:10FB5000BCF1FE6F01EB0C1102D8F0BCBDE80081D6
:10FB600024425CBF01F5801E9EEAC47F02D4F0BC33
:10FB7000BDE80081244238D4F0BCA1F1C041BDE809
:10FB8000004100F0ADBA4FEAD22242EA43524FEAB6
:10FB9000D323A7FB02864FEAD02040EA415007FB5F
:10FBA00003661EEA0E0F4FEAD12105FB026658BF1D
:10FBB000A6EB0056B6EB00564FEA520E4EEAC37E55
:10FBC00018EB0E0E56EB530EBDD518EB02085E4136
:10FBD0007F1C55F10005B6E74FF480154FF0000784
:10FBE0004FF000064FF00008ADE7F0BC4FF000000A
:10FBF00001F1C04101F00041BDE8008111EA0C1F94
:10FC00000CEA131500D00CE013EA0C1F00F025805D
:10FC10004FF00000F0BC81EA030101F00041BDE8B3
:10FC20000081F0BCBDE8004181EA030100F058BA50
:10FC3000F0BCBDE8004170B500F004FA097EFC3E5E
:10FC400000F007B881EA03014FF0000001F0004125
:10FC5000704781EA030100F043BAF0BCBDE80041FF
:10FC60004FF0000021497047FFFDFBF9F7F5F4F272
:10FC7000F0EEEDEBE9E8E6E4E3E1E0DEDDDBDAD847
:10FC8000D7D5D4D3D1D0CFCDCCCBCAC8C7C6C5C4A5
:10FC9000C2C1C0BFBEBDBCBBBAB9B8B7B6B5B4B3BC
:10FCA000B2B1B0AFAEADACABAAA9A8A8A7A6A5A4A7
:10FCB000A3A3A2A1A09F9F9E9D9C9C9B9A9999986B
:10FCC0009797969595949393929191908F8F8E8E0E
:10FCD0008D8C8C8B8B8A898988888787868585849B
:10FCE00084838382828181800000FF070000F87F87
:10FCF00051EA030C17D41CF5801F58BFBCF5801FB8
:10FD000000F10680994218BF704708BF90427047C3
:10FD100007D711F5801F58BF13F5801F19D49942DA
:10FD20007047894270471CF5801F08D5BCF5801FBD
:10FD3000F7D58B4218BF704708BF824270474FF417
:10FD4000001C1CEB410F38BF1CEB430F01D28B4250
:10FD5000704770B500F076F9922449004FF00051D9
:10FD60004FF08053FFF760BE4FEA41034FEA535311
:10FD7000A3F58063D3F11E03C8BFD3F1210C0CDDC2
:10FD80004FF0004242EAC12242EA505232FA03FCEA
:10FD90008CEAE17CACEBE1707047102BC4BF002013
:10FDA000704703F5787CBCF1FF3F04D06FF0004250
:10FDB00082EA2100704770B500F044F9499224802E
:10FDC00000207047F2E700004FEA1153A3F580636B
:10FDD000D3F11E03A8BFD3F1200C08DB4FF0004283
:10FDE00042EAC12252EA505232FA03F07047094205
:10FDF0000BD4102BC4BF0020704703F5787CBCF1F6
:10FE0000FF3F05D04FF0FF3070474FF000007047C4
:10FE100070B500F017F900BF4992248000207047A8
:10FE2000F0E710F0004248BF4042B0FA80F310FA09
:10FE300003F10AD0C3F11D0303F580634FEA41507B
:10FE400002EB035202EBD12170474FF000007047E4
:10FE5000B0FA80F310FA03F10AD0C3F11D0303F5E1
:10FE600080634FEA41504FEA035202EBD1217047C1
:10FE70004FF000007047000051EA030C17D41CF546
:10FE8000801F58BFBCF5801F00F10680994218BF43
:10FE9000704708BF9042704707D711F5801F58BFC1
:10FEA00013F5801F19D499427047894270471CF599
:10FEB000801F08D5BCF5801FF7D58B4218BF70474F
:10FEC00008BF824270474FF4001C1CEB410F38BF43
:10FED0001CEB430F01D28B42704770B500F0B2F8B3
:10FEE000922449004FF000514FF08053FFF79CBD22
:10FEF000DFF848C170B51CEA111E1EBF1CEA1315BD
:10FF00009EEA0C0F95EA0C0F00F06F8081EA030463
:10FF100023EA4C134EEAD47E21EA4C1141F48011BD
:10FF200043F48013AE44A1FB024CA0FB0365AEF189
:10FF30007F7E361955EB0C05A1FB034C4CF10003F9
:10FF4000A0FB021C16EB0C06654153F100030942AD
:10FF500018BF46F0010613F4007F0BD14FEA0331BE
:10FF60004FEA0530340341EA155140EA16506FF06C
:10FF700003020AE04FEAC3214FEAC520F40241EA36
:10FF8000555140EA56506FF0020202EB2E4201EB4F
:10FF9000025585EACE710AD05FEA440C18BF24F0FE
:10FFA000004450F1000041F1000120EAD47040F219
:10FFB000FE7C624500D270BDA84214BF4FF0804461
:10FFC0004FF04044002E08BF0024BEF1806FA8BF50
:10FFD000A1F1C041BDE8704080F282804FF0000086
:10FFE00001F1C04101F0004170479EEA0C0F0CEA9C
:10FFF000131518BF95EA0C0F06D04FF0000081EAE8
:020000040802F0
:10000000030E0EF0004170BD00F01CF88900013EA7
:1000100000F007B800F009B84FEA430C5FEA5C5CF7
:1000200008D081EA030100F05BB84FEA410C5FEAB7
:100030005C5CF6D14FF00000014970470000FF07FB
:100040000000F87F0EF1020E2EF0030E5EF8046B36
:10005000364205D4012A43EB030515F5001F12D8DB
:10006000012841EB010C1CF5001F0CD80ED14FEA02
:10007000D17C15F5001F0CEB4C0C0CF1020C08BFE9
:100080004CEBD37C04E04FF0080C01E04FEAD37C4A
:100090000CEB4C0526FA05F606F00706B6F1040C43
:1000A00006D20EEB860CBDE870404CF0010C6047A8
:1000B000DFE80CF0090B02024FF000414FF00000A6
:1000C000A1F5002170BD19461046012851EB01042D
:1000D00018BFD4F5001484BF002001F0004170BDAA
:1000E0000808A0F500114FEA3101704753EA010CEE
:1000F00017D41CF5801F58BFBCF5801F00F1068087
:100100008B4218BF704708BF8242704707D713F56C
:10011000801F58BF11F5801F19D48B4270479B4236
:1001200070471CF5801F08D5BCF5801FF7D5994294
:1001300018BF704708BF904270474FF4001C1CEB7B
:10014000430F38BF1CEB410F01D2994270470FB4E7
:100150000CBC03BCFFF7C1BE91EA030F10B581F0E0
:1001600000413FF5B9AB83F0004300F009B800004F
:1001700010B591EA030F48BF83F000433FF5ACABE5
:10018000841A71EB030C07D212198CF0004C43EB6C
:100190000C03001B61EB0C01DFF8A4E14FEA1154E2
:1001A000A4EB135C1EEA430F18BF9EEA445F00F005
:1001B000B08023EA6E03524221EA0451C3EB6E037E
:1001C00038BF5B1EDCF1200E25D322FA0CFE10EBAB
:1001D0000E0043FA0CFE41EB0E01CCF1200E03FAA7
:1001E0000EFE10EB0E0051F10001CCF1200E29D4CF
:1001F00012FA0EF201EB0451BDE8104058BF7047EF
:10020000401C1CBFB2F1004F704700280CBF491CB6
:1002100020F00100704712EB020E43EB030218BFFF
:100220004FF0010E4EEA4202ACF1200CDCF11E0E42
:1002300054D943FA0CFE10EB0E0051F1FF31CCF112
:100240001E0ED5D50EF1010E12FA0EFE404141EB05
:10025000010101EB445C5FEA5C5C10D910EBDE70DD
:1002600001EB045138BFBEF1004FBDE8104018BF8C
:10027000704700280CBF491C20F00100704730D2A5
:100280004FEAD42C11F5001124F400641BD0B1FA0C
:1002900081F20B3AA41AA41ED2F12003914030FA45
:1002A00003F31943904001EBCC71002C01EB045196
:1002B000BDE81040A8BF704701F1C0414FF00000F9
:1002C00001F000417047B0FA80F310FA03F100D159
:1002D00010BDE41A173C4805C90AE4E701EB0451D4
:1002E00010BD491001EB0451BDE810404FEA300049
:1002F00002E04FF0000170474A0008BF0042F8D00A
:10030000B2F5001F28BF704701F000414FF0000018
:1003100070479EEA445F07D011EA5E0FBDE81040C7
:1003200004BF002100207047BDE8104070B5FFF702
:1003300089FE00BF40DFF63E83F000411046704763
:100340000000E0FF43004FEAD30C4FEA3C0C43406F
:100350001FBF40070CF1605113F0FE4F70471CF0B7
:10036000006F03D100200CF0004170470CF00043F7
:1003700043EA507010B540EACC0000F05CFA00BFD0
:10038000000000924FEA0001FFF7AABE4FF00041C3
:100390004FF00000A1F500217047000090EA010F26
:1003A00048BF81F0004100F1D482421A3CBF801A5C
:1003B00089184FEAD0524FF07F4C1CEA410FA2EB54
:1003C000D15318BF9CEA026F00F03B804FF0004C05
:1003D0004CEA00204CEA012121FA03FC10EB0C0C42
:1003E0001ED202F1FF325FEA1C2040EBC25038BF40
:1003F00070471CF07F0F4FEA400C18BFBCF17F4FD5
:1004000038BF7047C3F12003994008BF20F00100B6
:10041000BCF17F4F38BF7047A0F1C04000F051BA27
:100420004FEA3C00000A40EBC25028BF1CF0FF0F0F
:100430004FEA400CE6D018BFBCF17F4F38BF704781
:10044000EAE79CEA026F05D010EA5C0F08BF00F0F3
:100450000040704710B500F0EEF900BF64FBBE3EEF
:10046000401058BFC0F14040491058BFC1F1404151
:100470008142EFF3008070474FF47F0C1CEAD012EA
:100480001EBF1CEAD11392EA0C0F93EA0C0F00F086
:10049000858090EA010F48BF42F4807240F4000C5E
:1004A00041F400002CF07F4120F07F4000B58142F4
:1004B000A2EB03020FF2081CACEB504EC0F100009F
:1004C0009EF800E04FEA4E0E00FB0EFC38BF4900DC
:1004D0004FEA2C1C02F5FA020CFB0EF34FEACE1E7B
:1004E0004FEA112C4FEAC1210EEB635E42EB224230
:1004F0000EFB0CFC4FEA1C5300FB03114FEA112CBE
:100500004FEA01310EFB0CFC4FEADC4C00FB0C11F6
:10051000C14228BF09184CEB03335DF804EB10EB24
:10052000410143EBC250B2F57C0F38BF704729D56B
:1005300012F0F00F1CBF00F1C04000F00040704707
:10054000008182838485868788898B8C8D8E8F91AC
:100550009293959697999A9C9D9FA0A2A3A5A7A8D0
:10056000AAACAEB0B2B3B5B7B9BCBEC0C2C5C7C9FC
:10057000CCCED1D4D7D9DCDFE2E6E9ECF0F3F7FA60
:10058000FE0000004FEA400C0CF1807CBCF17E4F75
:1005900028BF7047B0F1C04000F093B990EA010F56
:1005A0000CEAD11348BF42F48072624538BF6345FC
:1005B00007D213F47F0F16D080EA010000F000404C
:1005C000704710B500F037F9097EFC3E00F005B821
:1005D00080EA010000F00040704780EA010000F06E
:1005E000004000F06EB912F47F0F04BF024870475C
:1005F00080EA010000F065B90000C07F41000B0EE9
:10060000D3F19E0208D950F400034FEA032323FAE2
:1006100002F048BF4042704710B500F00CF900BF2F
:1006200049922480002070476FF0004282EA200047
:1006300070470000C10DD1F19E0206DB4FEA002396
:1006400043F0004323FA02F07047004207D54FEA17
:100650004001B1F1FE4F02D24FF00000704710B5DB
:1006600000F0E9F849922480002070476FEA2000EA
:100670007047000010F0004148BF4042B0FA80F3DC
:1006800010FA03F2C3F19D030BD051EAC35101EB01
:100690001220530638BF704700F1010008BF20F058
:1006A00001007047B0FA80F310FA03F2C3F19D0322
:1006B0000AD0D90501EB1220530638BF704700F16C
:1006C000010008BF20F001007047000050EA010C53
:1006D00000F113801CF5000F58BFBCF5000F01D4CA
:1006E0008842704707D710F5000F58BF11F5000F6B
:1006F00015D488427047894270471CF5000F04D515
:10070000BCF5000FF7D5814270474FF0807C1CEBA1
:10071000400F38BF1CEB410F01D28142704710B52A
:1007200000F089F8922449004FF000504FF08051BA
:10073000FFF796BE4FF47F0C1CEAD0121EBF1CEAD6
:10074000D11392EA0C0F93EA0C0F00F0478090EA65
:10075000010F48BF42F480724FF0004C4CEA002079
:100760004CEA012102EB0302A0FB0113A2F50002F7
:10077000002918BF43F001035B0028BF4FEA330391
:1007800042EB22425FEA132C4CEBC2502EBFBCEB73
:10079000436FB2F57C0F70474FEA036CBCF1004F1A
:1007A00008BF20F00100B2F57C0F38BF70470BD5B1
:1007B00082F0FF0212F5803FC8BF704700F1C040D1
:1007C000D8BF00F00040704700F5000C5FEA4C0C09
:1007D00048BF7047B0F1C04000F073B890EA010F15
:1007E0000CEAD11348BF42F48072624538BF6345BA
:1007F00004D280EA010000F00040704710B500F01C
:100800001AF800BF8900013E00F007B800F009B8EF
:100810005FEA410C5FEA1C6C08D080EA010000F03E
:1008200050B85FEA400C5FEA1C6CF6D14FF0004014
:10083000A0F5800070470EF1020E2EF0030E5EF858
:10084000044B244204D44FEA4102B2F17F4F11D845
:100850004FEA4003B3F17F4F0CD80ED14FEAD07C62
:10086000B2F17F4F0CEB4C0C0CF1020C08BF4CEBBF
:10087000D17C04E04FF0080C01E04FEAD17C0CEB96
:100880004C0324FA03F404F00704B4F1040C06D278
:100890000EEB840CBDE810404CF0010C6047DFE823
:1008A0000CF0070802024FF00040A0F5800010BDD8
:1008B0000846420018BFD2F1807288BF00F00040A5
:1008C00010BDFF2141EAD050C005704751EA000C2D
:1008D00000F113801CF5000F58BFBCF5000F01D4C8
:1008E0008142704707D711F5000F58BF10F5000F70
:1008F00015D481427047894270471CF5000F04D51A
:10090000BCF5000FF7D5884270474FF0807C1CEB98
:10091000410F38BF1CEB400F01D28842704780EA7C
:10092000010081EA000180EA0100FFF7F8BE80F0D3
:10093000004090EA010F7FF538AD81F0004100F0F2
:1009400008B8000090EA010F48BF81F000413FF570
:100950002CAD421A04D882F00042A0EB02001144F0
:100960004FEAD0524FF07F4C1CEA410FA2EBD1531B
:1009700018BF9CEA026F4AD04FF0004C4CEA0020AE
:100980004CEA012121FA03FCB0EB0C0C0FD412F05D
:10099000FE0F36D05FEA4C001DD5001240EBC2506E
:1009A00038BF70471CF03F0F18BF70470BE0A2F133
:1009B00001025FEA1C2040EBC25038BF70471CF0B8
:1009C0007F0F18BF7047C3F12003994014BF401E2A
:1009D00020F00100704780084FEA122308BF7047DB
:1009E000B0FA80FCA2EB0C02CCF1280C60FA0CF0FF
:1009F00093EA122F04BF00EBC25070474FEAC37056
:100A00007047130A5FEADC1008BF7047F6E79CEAFC
:100A1000026F04D010EA5C0F08BF0020704710B5C9
:100A2000FFF709FF40DFF63E81F0004070474FF0CE
:100A300000007047E0F7B5B80CF00F03092B08BFB2
:100A4000082000F05F800A2B0BD0082B18BF7047DE
:100A500008BF1CF0400F0AD04FF000004FF000011B
:100A600070471CF0400F18BF4FF0004070471CF05B
:100A7000100F08D020F0704300F07F4242EAD3010B
:100A80004FEA4370704700F0604021F07F4242EA35
:100A9000000201F07F4040EA727070474FF0FF0C97
:100AA0004CF4E06C1CEA11531CBF9CEA030C944507
:100AB000C2BFDA4201EB02517047002B0DD0BCF1EE
:100AC000000F0FD0002A01F00041A4BF41F0E04127
:100AD00041F07F614FF00000704701F000414FF09E
:100AE0000000704750EA01334FF09B0C18BF4CF0E8
:100AF000806C7EF491AF7047E0F7D6BCE0F7C6BEDD
:100B0000E1F754B81CF4801F11D01CF4E02F03D07F
:100B10006FEACC31490070474FF04050EFF300824C
:100B200022F0704242EA000282F3008870474FF0E0
:100B300000007047030406080C1018203000000065
:100B4000000000000001020304060708090000007D
:100B5000000102030480402010080402010000008C
:100B600000007E00000000007E0001F80000000090
:100B70000000000000007E3FFFFFF8007F0001F84A
:100B8000000000000000000000007E3FFFFFF81F93
:100B9000FFFFFFFFE000000000000000001C7E00DF
:100BA0000000001FFFFFFFFFE0000000000000004A
:100BB000001C7E00000000007F0001F80000000023
:100BC00000000000001C7E00000000003F0001F853
:100BD0000000000000000000001C7E0FFFFFE0008E
:100BE000000000000000000000000000001C7E0F5C
:100BF000FFFFE00000000000000000000000000017
:100C0000001C7FCFC007E007E7E03F0000000000C6
:100C100000000000001C7FCFC007E007E3E03F00BA
:100C20000000000000000000001C7FCFC007E007AC
:100C3000E3E07FFFC000000000000000001C7E0F0A
:100C4000C007E007E3E07FFF800000000000000035
:100C5000001C7E0FC007E007E3E07EFC0000000000
:100C600000000000001C7E0FC007E007E3E0FC7EF0
:100C70000000000000000000001C7E0FC007E0071D
:100C8000C3E0FC3E0000000000000000001C7E0FDE
:100C9000FFC7E0060381FC3F0000000000000000E9
:100CA000001C7E0FFFC7E0000201F81F800000005B
:100CB00000000000001C7E0FC007E00000000000E4
:100CC0000000000000000000001C7E0FC007E000D4
:100CD000000000000000000000000000001C7E0F6B
:100CE000C007E007FFFFFFFE00000000000000005B
:100CF000001C7E0FC007E007FFFFFFFE00000000A2
:100D000000000000001C7E0FC007E007E07F1FBF4F
:100D10000000000000000000001C7E0FC007E0077C
:100D2000E07E1F1F8000000000000000001C7E0FFE
:100D3000C007E007E07E3F1FC00000000000000089
:100D4000001C7E0FC007E007E07C3F0FC0000000E2
:100D500000000000001C7E0FC007E007E0FC7E0FD3
:100D6000C000000000000000001C7E0FC007E0076C
:100D7000E0FC7E0FC000000000000000001C7E0FA1
:100D8000C007E007E0F87E0FC00000000000000090
:100D9000001C7E0FFFFFE007E1F8FC0FC000000021
:100DA00000000000001C7E0FFFFFE007E1F8FC0FD1
:100DB000C00000000000000000007E0000000007EE
:100DC000E3F0FC0FC00000000000000000007E0007
:100DD00000000007E3F1F80FC00000000000000071
:100DE00000007E0000000007E3F1F80FC0000000E3
:100DF0000000000000007E3FFFFFE00FE7F3F81F58
:100E0000C00000000000000000007E3FFFFFF01F58
:100E1000FFFFFFFFE00000000000000000007E3F39
:100E2000FFFFF81FFFFFFFFFF000000000000000C1
:100E300000000000000000000000000000000000B2
:100E400000000000000000000000000000000000A2
:100E50000000000000000000000000000000000092
:100E60000000000000000000000000000000000082
:100E7000000000000000000000003FE00000000053
:100E80000000000000000000000000000001FFF86A
:100E90000000000000000000000000000000000052
:100EA0000007FFFE0000000000000000000000003E
:100EB00000000000001FFFFF000000000000000015
:100EC0000000000000000000003FFFFF8000000065
:100ED00000000000000000000000000000FFFFFF15
:100EE000800001FF000FF9FF80FF9FFFFC7FFFE004
:100EF00001FFC1FFC00003FE000FF9FF01FF9FFFCC
:100F0000FCFFFFF803FF80FFC00003FE001FF9FF96
:100F100001FF3FFFF8FFFFFC07FF00FFE00003FEBB
:100F2000001FF1FE01FF3FFFF8FFFFFC0FFE007FF7
:100F3000E00007FC001FF3FE03FE3FFFF1FF1FFE72
:100F40001FFC007FE00007FC003FF3FE03FE7FC0B4
:100F500001FF07FE1FF8007FE00007FC003FE7FEEF
:100F600003FE7FC001FE03FE3FF8007FE0000FF8A4
:100F7000003FE7FC07FE7FC003FE03FE7FF0007F1B
:100F8000E0000FF8003FE7FC07FCFFC003FE03FE94
:100F90007FF0007FE0000FF8007FC7FC07FCFF80B8
:100FA00003FE03FEFFE0007FE0001FF0007FCFF8AC
:100FB0000FF8FF8007FC07FCFFE0007FE0001FF058
:100FC000007FCFF80FF9FF0007FC07FDFFC000FF0F
:100FD000E0001FF000FF9FFFFFF9FFFF87FC0FF904
:100FE000FFC000FFE0003FE000FF9FFFFFF9FFFFB1
:100FF0008FF83FF3FF8000FFE0003FE001FF9FFF1D
:10100000FFF3FFFF8FFFFFE3FF8000FFC0003FE023
:1010100001FF1FFFFFF3FFFF0FFFFFC3FF8000FF74
:10102000C0007FC001FF3FFFFFE3FFFF1FF7FF038B
:10103000FF8001FFC0007FC001FF3FE03FE7FE00EF
:101040001FF7FC07FF0001FF80007FC003FE7FC089
:101050003FE7FC001FF7FC07FF0001FF8000FF8057
:1010600003FE7FC07FE7FC003FE7FC07FF0003FFB4
:101070008000FF8003FE7FC07FCFFC003FE7FC07BE
:10108000FF0003FF0000FF8007FC7FC07FCFF80058
:101090003FE7FC07FF0007FF0001FF0007FCFF80A0
:1010A000FFCFF8007FC7FE07FF0007FE0001FF002B
:1010B00007FCFF80FF8FF8007FC7FE07FE000FFED2
:1010C0000001FF000FF8FF80FF9FF0007FC7FE07C1
:1010D000FE001FFC0003FFFF8FF9FF01FF9FFFFCD5
:1010E000FF83FE07FF001FF80003FFFF8FF9FF01DA
:1010F000FF3FFFFCFF83FE07FF003FF00003FFFF01
:101100009FF1FF01FF3FFFFCFF83FF03FF007FF024
:101110000007FFFF9FF3FE03FF3FFFF9FF03FF03FD
:10112000FF01FFE00007FFFF1FF3FE03FE3FFFF993
:10113000FF03FF03FF87FFC0000000000000000066
:101140000000000000000001FFFFFF0000000000A1
:10115000000000000000000000000000FFFFFE0093
:10116000000000000000000000000000000000007F
:101170007FFFFC00000000000000000000000000F5
:10118000000000003FFFF000000000000000000031
:1011900000000000000000001FFF800000000000B1
:1011A00000000000000000000000000007FE00003A
:1011B000000000000000000000000000000000002F
:1011C00000000000F0000000FFFFF8000000000039
:1011D0000000000000000003F0000000FFFFFC0022
:1011E000000000000000000000000007F000000008
:1011F000FFFFFC0000000000000000000000000FE6
:10120000F00000007FFFFE00000000000000000072
:101210000000000FF00000007FFFFE000000000053
:10122000000000000000001FF00000003FFFFE0073
:1012300000000000000000000000003FF00000007F
:101240003FFFFE0000000000000000000000003F23
:10125000F00000001FFFFE00000000000000000082
:101260000000007FF00000001FFFFE0000000000F3
:10127000000000000000007FF00001800FFFFE0072
:1012800000000000000000000000007FF00001806E
:101290000FFFFE0000000000000000000000007FC3
:1012A000F00003C007FFFE00000000000000000087
:1012B0000000007FF00003C007FFFE0000000000F8
:1012C000000000000000007FF00007C007FFFE00E4
:1012D00000000000000000000000007FF00007E0B8
:1012E00003FFFE0000000000000000000000007F7F
:1012F000F00007E003FFFE00000000000000000017
:101300000000007FF0000FF001FFFE000000000071
:10131000000000000000007FF0000FF001FFFE0061
:1013200000000000000000000000007FF0001FF837
:1013300000FFFE0000000000000000000000007F31
:10134000F0001FF800FFFE00000000000000000099
:101350000000007FF0001FF8007FFE00000000008A
:10136000000000000000007FF0003FFC007FFE0056
:1013700000000000000000000000007FF0003FFFC0
:10138000FFFFFE0000000000000000000000007FE2
:10139000F0007FFFFFFFFE000000000000000000E3
:1013A0000000007FF0007FFFFFFFFE000000000054
:1013B000000000000000007FF000FFFFFFFFFE00C4
:1013C00000000000000000000000007FF000FFFFB0
:1013D000FFFFFE0000000000000000000000007F92
:1013E000F000FFFFFFFFFE00000000000000000013
:1013F0000000007FF001FFFFFFFFFE000000000083
:10140000000000000000007FF001FFFFFFFFFE0072
:1014100000000000000000000000007FF001FFFB62
:10142000FFFFFE0000000000000000000000007F41
:10143000F001FFF1FFFFFE000000000000000000CF
:101440000000007FF001FFF1FFFFFE000000000040
:10145000000000000000007FF001FFF3800FFE009D
:1014600000000000000000000000007FF001FFE32A
:10147000800FFE0000000000000000000000007F60
:10148000F001FFC7800FFE00000000000000000018
:101490000000007FF800FE0F000FFE0000000000BB
:1014A000000000000000007FF800FE1E000FFE009C
:1014B00000000000000000000000007FF8007E7EB9
:1014C000000FFE0000000000000000000000007F90
:1014D000FC003FF8000FFE000000000000000000CC
:1014E0000000007FFC000FF0000FFE000000000075
:1014F000000000000000007FFE000000000FFE0062
:1015000000000000000000000000007FFE0000005E
:10151000000FFE0000000000000000000000007F3F
:10152000FF000000000FFE000000000000000000AF
:101530000000007FFF800000000FFE0000000000A0
:10154000000000000000007FFFC00000000FFE0050
:1015500000000000000000000000007FFFE000002D
:10156000000FFE0000000000000000000000007FEF
:10157000FFF00000000FFE0000000000000000006F
:101580000000007FFFF80000000FFE0000000000D8
:10159000000000000000007FFFFE0000000FFE00C2
:1015A00000000000000000000000007FFFFF80003E
:1015B000000FFE0000000000000000000000007F9F
:1015C000FFFFF000000FFE00000000000000000020
:1015D0000000007FFFFFFFFE000FFE000000000084
:1015E000000000000000007FFFFFFFFE000FFE0074
:1015F00000000000000000000000007FFFFFFFFC73
:10160000000FFC0000000000000000000000007F50
:10161000FFFFFFF8000FFC000000000000000000CA
:101620000000007FFFFFFFF0000FF8000000000047
:10163000000000000000007FFFFFFFE0000FF0004F
:1016400000000000000000000000007FFFFFFFC05E
:10165000000FE00000000000000000000000007F1C
:10166000FFFFFF80000FC00000000000000000002E
:101670000000003FFFFFFF00000F8000000000009F
:10168000000000000000003FFFFFFE00000F000010
:1016900000000000000000000000000FFFFFFC0041
:1016A000000E00000000000000000000000000002C
:1016B000000000000000000000000000000000002A
:1016C000000000000000000000000000000000001A
:1016D000000000000000000000000000000000000A
:1016E00000000000000000000000000000000000FA
:1016F00000000000000000000000000000000000EA
:1017000000000000000000000000000000000000D9
:1017100000000000000000000000000000000000C9
:1017200000000000000000000000000000000000B9
:1017300000000000000000000000000000000000A9
:101740000000000000000000000000000000000099
:101750000000000000000000000000000000000089
:101760000000000000000000000000000000000079
:101770000000000000000000000000000000000069
:101780000000000000000000000000000000000059
:101790000000000000000000000000000000000049
:1017A0000000000000000000000000000000000039
:1017B0000060003FC0E0380FC0781C3FFC00000014
:1017C000000000000060007FE0E0380FC07C1C3F9C
:1017D000FE00000000000000006000E070E0381C27
:1017E000E07E1C000E00000000000000006000C051
:1017F00030E0381CE0771C000E0000000000000004
:10180000006000C030E7F81870739C380E000000CC
:1018100000000000006000C030E7F8387071DC386C
:101820000E00000000000000007000C030E0383002
:101830003070FC380E00000000000000007800E06E
:1018400070E0387038707C381E0000000000000026
:10185000003FF07FE0E03873F8703C3FFE0000008E
:1018600000000000001FF83FC0E038E3FC701C3FA0
:10187000FC0000000010203B232E534E45672F47ED
:101880004A2C46274567625C45676C1B22266C1B09
:101890000311042B45673C5A45675B1C45676D087F
:1018A0000C595E0957524A2C03114A2C54484A2CB1
:1018B000440F10203B566A0B4A456710203B575295
:1018C0001635556E642135556E643E3F566A0A13CF
:1018D000403900462700136F4F0013183018143D8D
:1018E0006400566A64002D3A2207031145676400BC
:1018F0005365742056616C756500134F4567756EAE
:1019000069747320736574757000501C134F5465AF
:101910006D7020556E69737400A5F1A61A03114C01
:101920006F636B20536176650027F00311496E7475
:10193000657276616C205361766500031127F000B3
:101940005361766520496E74657276616C3A004623
:1019500068001D6D696E00612902060042290206B9
:1019600000251F566A534A52657365742043616CA3
:10197000008182566A8384436C69636B20456E7470
:10198000657200086A64005374616E646172642059
:1019900056616C75653A002D002B00858682086AB9
:1019A0004187496E205374616E6461726420536F85
:1019B0006C7574696F6E008889688A8B5761697469
:1019C000696E672E2E2E00566A7E7F53756363659F
:1019D000737366756C004661696C00566A8C8D8EF7
:1019E0008F1800466972737420506F696E743A00E4
:1019F0008E9018005365636F6E6420506F696E742B
:101A00003A00918F184E65787420506F696E74009B
:101A100092934B4C8A8B536561726368696E672E33
:101A20002E2E0044617461207361766564007375C5
:101A3000636365737366756C6C79009B4A2C4E6F9B
:101A400020446174610097989496004D617820530A
:101A5000697A653A2000313030303000143D959677
:101A6000005573652053697A653A2000143D999AB0
:101A70000053656C65637465643A20009C9D005456
:101A80007970653A200044543A00534E3A003C5A6B
:101A90005072657373757265005B1C53616C696E7F
:101AA00069747900A01C004C6F6E67697475646579
:101AB0003A00A11C004C617469747564653A009B1E
:101AC00010203B4E6F2050726F62652100251F0E63
:101AD0000D45675265736574204D6574657220000D
:101AE0000E0D45675265736574004D485F4567503C
:101AF000726F6D707420546F6E6500042B5F416CC3
:101B000061726D20546F6E650001285F4B657970BE
:101B1000616420546F6E6500A84AA61A4175746FFF
:101B2000204C6F636B00A71B4D616E75616C006C80
:101B30001B4175746F0049443A0053656E736F72B0
:101B4000730053797374656D00486973746F7269BB
:101B500063616C204461746100446174652F546951
:101B60006D65004C616E6775616765004175746FE6
:101B70006D617469632053687574646F776E00419A
:101B800075746F6D61746963205361766500416C93
:101B900061726D0041697220507265737375726570
:101BA0000053616C696E6974790047505320517518
:101BB000657269657300496E737472756D656E74D4
:101BC00020496E666F00446174612053746F7265C2
:101BD0000044617461205669657700446174612036
:101BE00044656C6574650043616C69627261746917
:101BF0006F6E0053657474696E67730053656E731E
:101C00006F7220496E666F0053617665004F4646DD
:101C1000004F4E004C6F772054483A00486967687F
:101C20002054483A00534E3A004857205665727384
:101C3000696F6E3A0053572056657273696F6E3A3A
:101C4000004F6E6520506F696E740054776F20509E
:101C50006F696E740043757272656E743A005374E6
:101C6000616E646172643A00436F6E6669726D0002
:101C70004D656E7500446174653A0054696D653A4E
:101C800000556E69743A006C1B4B4C4505536561F9
:101C90007263682050726F6265004B4C68536561D7
:101CA0007263680020707074006D672F4C002020F4
:101CB0002025005665722E41005665722E42005650
:101CC00065722E43005665722E44006B50610049C8
:101CD0001E031145677B53617665207365747469D3
:101CE0006E6700491EA2A34A2C7B57697065206469
:101CF00061746100491E3E3F566A7B43616C6962B4
:101D0000726174696F6E00491E251F0E0D7B46615E
:101D100063746F727920726573746F7265007C7D75
:101D20007E7F7C7D8C8D4A2C03117E7F03118C8DF0
:101D300049596573001E4E6F00701D69711D6972EF
:101D40001D693520206D696E757465730031302012
:101D50006D696E75746573003230206D696E7574CF
:101D60006573002020444F20200020207048202050
:101D700000205475722000002046434C20000020B3
:101D8000204543202000204F5250200000204E4884
:101D9000334E20002020462D20200020434C2D20B3
:101DA00000002043686C2000002042676120000092
:101DB00020434F4420000020202020202000685194
:101DC0006F6F7778797A7778797A6F6851737475ED
:101DD000766F605160516F6F73747576000000000C
:101DE00000000000000000000000000000000000F3
:101DF00000000000000000000000000000FFFFF0F5
:101E000080001080001C800014800014800014806A
:101E1000001480001480001C800010FFFFF0FFFF02
:101E2000F0800010BC001CBC0014BC0014BC0014EA
:101E3000BC0014BC0014BC001C800010FFFFF0FFAD
:101E4000FFF0800010BCF01CBCF014BCF014BCF01F
:101E500014BCF014BCF014BCF01C800010FFFFF0A8
:101E6000FFFFF0800010BCF3DCBCF3D4BCF3D4BCA7
:101E7000F3D4BCF3D4BCF3D4BCF3DC800010FFFF7C
:101E8000F0000C00003E00004C003080107900187B
:101E9000FFFFFC7820183010100009C00007C000B8
:101EA00001C01FFFFFFFFFFFFFFFFFFF007FFFFFDE
:101EB000FFFFFFFFFFFFFFC07FFFFFFFFFFFFFFFF1
:101EC000FFFFE0F8000000000000000001E0F0006B
:101ED0000000000000000000F0E000000000000032
:101EE000000000F0E0000000000000000000F0E052
:101EF000000000000000000000F0E0000000000012
:101F000000000000F0E0000000000000000000F011
:101F1000E0000000000000000000F0E00000000011
:101F20000000000000F0E0000000000000000000E1
:101F3000F0E0000000000000000000FCE0000000F5
:101F4000000000000000FFE00000000000000000B2
:101F500000FFE0000000000000000000FFE00000C3
:101F600000000000000000FFE00000000000000092
:101F70000000FFE0000000000000000000FFE000A3
:101F80000000000000000000FFE000000000000072
:101F9000000000FFE0000000000000000000FFE083
:101FA000000000000000000000FFE0000000000052
:101FB00000000000FFE0000000000000000000FF43
:101FC000E0000000000000000000FFE00000000052
:101FD0000000000000FFE000000000000000000022
:101FE000FFE0000000000000000000FFE000000033
:101FF000000000000000FCE0000000000000000005
:1020000000F0E0000000000000000000F0E0000030
:1020100000000000000000F0E000000000000000F0
:102020000000F0E0000000000000000000F0E00010
:102030000000000000000000F0E0000000000000D0
:10204000000000F0E0000000000000000000F0F0E0
:10205000000000000000000000F0F8000000000098
:1020600000000001E07FFFFFFFFFFFFFFFFFFFE039
:102070007FFFFFFFFFFFFFFFFFFFC01FFFFFFFFF0F
:10208000FFFFFFFFFF001FFFFFFFFFFFFFFFFFFF3F
:10209000007FFFFFFFFFFFFFFFFFFFC07FFFFFFF8E
:1020A000FFFFFFFFFFFFE0F800000000000000005E
:1020B00001E0F0000000000000000000F0E000007F
:1020C00000000000000000F0E3FFFFF0000000004F
:1020D0000000F0E3FFFFF0000000000000F0E3FF6D
:1020E000FFF0000000000000F0E3FFFFF000000040
:1020F000000000F0E3FFFFF0000000000000F0E34C
:10210000FFFFF0000000000000F0E3FFFFF0000020
:1021100000000000F0E3FFFFF0000000000000FC02
:10212000E3FFFFF0000000000000FFE3FFFFF0000E
:102130000000000000FFE3FFFFF0000000000000CF
:10214000FFE3FFFFF0000000000000FFE3FFFFF0EF
:10215000000000000000FFE3FFFFF00000000000AF
:1021600000FFE3FFFFF0000000000000FFE3FFFFBF
:10217000F0000000000000FFE3FFFFF0000000009F
:102180000000FFE3FFFFF0000000000000FFE3FF9E
:10219000FFF0000000000000FFE3FFFFF000000080
:1021A000000000FFE3FFFFF0000000000000FFE37D
:1021B000FFFFF0000000000000FFE3FFFFF0000061
:1021C00000000000FFE3FFFFF0000000000000FF40
:1021D000E3FFFFF0000000000000FCE3FFFFF00061
:1021E0000000000000F0E3FFFFF00000000000002E
:1021F000F0E3FFFFF0000000000000F0E3FFFFF05D
:10220000000000000000F0E3FFFFF000000000000D
:1022100000F0E3FFFFF0000000000000F0E3FFFF2C
:10222000F0000000000000F0E000000000000000EE
:102230000000F0F0000000000000000000F0F800D6
:102240000000000000000001E07FFFFFFFFFFFFF34
:10225000FFFFFFE07FFFFFFFFFFFFFFFFFFFC01F4C
:10226000FFFFFFFFFFFFFFFFFF001FFFFFFFFFFF5D
:10227000FFFFFFFF007FFFFFFFFFFFFFFFFFFFC02C
:102280007FFFFFFFFFFFFFFFFFFFE0F80000000000
:102290000000000001E0F00000000000000000006D
:1022A000F0E0000000000000000000F0E3FFFFF19C
:1022B000FFFFF8000000F0E3FFFFF1FFFFF8000070
:1022C00000F0E3FFFFF1FFFFF8000000F0E3FFFF85
:1022D000F1FFFFF8000000F0E3FFFFF1FFFFF8005F
:1022E0000000F0E3FFFFF1FFFFF8000000F0E3FF64
:1022F000FFF1FFFFF8000000F0E3FFFFF1FFFFF840
:10230000000000FCE3FFFFF1FFFFF8000000FFE327
:10231000FFFFF1FFFFF8000000FFE3FFFFF1FFFF09
:10232000F8000000FFE3FFFFF1FFFFF8000000FFEF
:10233000E3FFFFF1FFFFF8000000FFE3FFFFF1FF05
:10234000FFF8000000FFE3FFFFF1FFFFF8000000CF
:10235000FFE3FFFFF1FFFFF8000000FFE3FFFFF1E5
:10236000FFFFF8000000FFE3FFFFF1FFFFF80000B0
:1023700000FFE3FFFFF1FFFFF8000000FFE3FFFFB6
:10238000F1FFFFF8000000FFE3FFFFF1FFFFF8009F
:102390000000FFE3FFFFF1FFFFF8000000FFE3FF95
:1023A000FFF1FFFFF8000000FFE3FFFFF1FFFFF880
:1023B000000000FFE3FFFFF1FFFFF8000000FCE377
:1023C000FFFFF1FFFFF8000000F0E3FFFFF1FFFF68
:1023D000F8000000F0E3FFFFF1FFFFF8000000F05D
:1023E000E3FFFFF1FFFFF8000000F0E3FFFFF1FF64
:1023F000FFF8000000F0E3FFFFF1FFFFF80000002E
:10240000F0E3FFFFF1FFFFF8000000F0E000000044
:10241000000000000000F0F00000000000000000DC
:1024200000F0F8000000000000000001E07FFFFF66
:10243000FFFFFFFFFFFFFFE07FFFFFFFFFFFFFFF4B
:10244000FFFFC01FFFFFFFFFFFFFFFFFFF001FFF9A
:10245000FFFFFFFFFFFFFFFF007FFFFFFFFFFFFF0B
:10246000FFFFFFC07FFFFFFFFFFFFFFFFFFFE0F861
:10247000000000000000000001E0F000000000008B
:1024800000000000F0E0000000000000000000F08C
:10249000E3FFFFF1FFFFF8FFFFF8F0E3FFFFF1FFBD
:1024A000FFF8FFFFF8F0E3FFFFF1FFFFF8FFFFF891
:1024B000F0E3FFFFF1FFFFF8FFFFF8F0E3FFFFF1AC
:1024C000FFFFF8FFFFF8F0E3FFFFF1FFFFF8FFFF6A
:1024D000F8F0E3FFFFF1FFFFF8FFFFF8F0E3FFFF85
:1024E000F1FFFFF8FFFFF8FCE3FFFFF1FFFFF8FF4C
:1024F000FFF8FFE3FFFFF1FFFFF8FFFFF8FFE3FF47
:10250000FFF1FFFFF8FFFFF8FFE3FFFFF1FFFFF828
:10251000FFFFF8FFE3FFFFF1FFFFF8FFFFF8FFE326
:10252000FFFFF1FFFFF8FFFFF8FFE3FFFFF1FFFF01
:10253000F8FFFFF8FFE3FFFFF1FFFFF8FFFFF8FFF1
:10254000E3FFFFF1FFFFF8FFFFF8FFE3FFFFF1FFFD
:10255000FFF8FFFFF8FFE3FFFFF1FFFFF8FFFFF8D1
:10256000FFE3FFFFF1FFFFF8FFFFF8FFE3FFFFF1DD
:10257000FFFFF8FFFFF8FFE3FFFFF1FFFFF8FFFFAA
:10258000F8FFE3FFFFF1FFFFF8FFFFF8FFE3FFFFB6
:10259000F1FFFFF8FFFFF8FFE3FFFFF1FFFFF8FF98
:1025A000FFF8FCE3FFFFF1FFFFF8FFFFF8F0E3FFA8
:1025B000FFF1FFFFF8FFFFF8F0E3FFFFF1FFFFF887
:1025C000FFFFF8F0E3FFFFF1FFFFF8FFFFF8F0E394
:1025D000FFFFF1FFFFF8FFFFF8F0E3FFFFF1FFFF60
:1025E000F8FFFFF8F0E3FFFFF1FFFFF8FFFFF8F05F
:1025F000E0000000000000000000F0F0000000001B
:102600000000000000F0F8000000000000000001E1
:10261000E07FFFFFFFFFFFFFFFFFFFE07FFFFFFF08
:10262000FFFFFFFFFFFFC01FFFFFFFFFFFFFFFFFD9
:10263000FF000003C0000007E000000FF000000FE3
:10264000F000001FF800001FF800003E7C00007C36
:102650003E00007C3E0000FC3F0000FC3F0001FC0F
:102660003F8003FC3FC003FC3FC007FC3FE007FC8A
:102670003FE00FFE7FF01FFFFFF81FFFFFF83FFE58
:102680007FFC3FFC3FFC7FFC3FFEFFFE7FFFFFFF28
:10269000FFFFFFFFFFFF7FFFFFFE000000000000C5
:1026A0000000003E3CE04244404244404080402024
:1026B0008040188040048E4002844042444042449E
:1026C000427C38FE00000000000003C00E700810BD
:1026D0001818181818181FF83FFC3FFC3E7C3FFCE8
:1026E0003E7C3E7C3E7C3FFC1FF80000000000006A
:1026F0000000018003C007E00FF01FF83FFC7FFEE1
:102700007FFE00000000000000000000000000004C
:10271000000000007FFE7FFE3FFC1FF80FF007E087
:1027200003C00180000000000000A9AA45674669B7
:102730006C746572696E672073657474696E677313
:1027400000AB4A00506172616D657465723A002891
:10275000322D34302900AC466173740068884E6FA6
:10276000726D616C00AD536C6F7700CF10203B4EE3
:102770004F2053656E736F7200501C54656D70006E
:1027800032185A65726F00A2B8436C65616E696E4B
:102790006700491E3E3F56A2B8436C65616E696E84
:1027A0006700BBBC4E54550085999AF4F5F2E3538B
:1027B000656C65637420436F6E204D657300412A1C
:1027C0005D566A444F2D43616C6962726174696F32
:1027D0006E00412A5D444F00415D444F00DCDD3313
:1027E0002500DCDD1C444F2500B9BA566A434F442E
:1027F0002D43616C6962726174696F6E00B9BAB61B
:10280000B9BAB7B9BABD434F44203100434F442051
:102810003200434F442033006B1CB66B1CB76B1C5B
:10282000BD54757220310054757220320054757297
:10283000203300B9BA434F4400F7F8544F43006BBC
:102840001C3218547572205A65726F006B1CBF33AE
:1028500054757220536C6F706500B9BA3218434FCB
:1028600044205A65726F00B9BABF33434F442053B6
:102870006C6F706500C0C1534A434F4420436F657D
:102880006666696369656E7400143DEAEB1C437506
:102890007272656E74206162736F7262616E6365DD
:1028A00000EAEB1C004162736F7262616E63650047
:1028B000195A004162736F7262616E636500ECEDDC
:1028C00032353400EEEF333635006B1C5448547506
:1028D000722053657400F2E3838445674D6573206D
:1028E0004D6F6465205365740013F3F2E34627458A
:1028F0006753696E676C65204D65732054696D651B
:10290000205365740013F3F2E3838453696E676C9C
:1029100065204D6573204D6F646500F4F5F2E38327
:1029200084436F6E74696E756F7573204D65732087
:102930004D6F646500AEAF566A4E48334E2D43610D
:102940006C6962726174696F6E00806FB0D8806F5D
:10295000B2B3806FB4B5704820342E303000704868
:1029600020362E383600704820392E313800806FDE
:10297000B0B1806FD9D8806FDADBC9704820342EAF
:10298000303100704820372E303000704820313010
:102990002E303100AEAFB6AEAFB74E48334E203119
:1029A000004E48334E203200AEAF4E48334E006DDD
:1029B000563A0080566A70482D43616C69627261B4
:1029C00074696F6E00807048000887D4232E53749A
:1029D000616E64617264206C697175696400D56FA1
:1029E0000887D4474200D6D70887D45553410034CE
:1029F0002E30302F362E38362F392E313800342EE7
:102A000030312F372E30302F31302E303100191524
:102A100033566A436F6E642D43616C6962726174F0
:102A2000696F6E00F9FA54445300191519153345AE
:102A30004300F9FAFBFC534A4567436F6E76436FD8
:102A400065666673657400501C534A456754656D2E
:102A500070436F656666736574005B1C134F456752
:102A600053616C205365742055696E7400040550E1
:102A7000505400062500072525006B1C566A547526
:102A8000722D43616C6962726174696F6E006B1CB8
:102A900054757200CCCD46434C00C4C54F52500013
:102AA000C6462D00C7CE434C2D00E0E1E2566A43F6
:102AB000686C2D43616C6962726174696F6E00E0CD
:102AC000E1E243686C00DEDF75672F4C00E0E1E275
:102AD00043686C0021184869676820706F696E74DC
:102AE00000E3E445674D656173757265205377694E
:102AF0007463680016E3E4E5E7E8E94C6F77203596
:102B00003075672F4C0021E3E4E5D8DEDFE6486945
:102B100067682035303075672F4C00CACBB64267E6
:102B200061203100CACBB7426761203200CACB4274
:102B3000676100F632566A496E73696465205A65AA
:102B4000726F2043616C000E0D8384466163746F65
:102B5000727479009D24999A4D6F64656C20736539
:102B60006C656374696F6E00000144373032000297
:102B700003423538300056322E312E34008040204A
:102B80001008040201245043415331302C332A31C0
:102B9000460D0A00CDCCCC3D9A99993E0000003FED
:102BA0000400000800000000000000020001000016
:102BB0001000000002400000000000A00000000023
:102BC00005400000000000C8000000000C400000AC
:102BD0000000409C00000000194000000020BCBE26
:102BE0000000000034400000BFC91B8E000000043C
:102BF000B5400000504BCFD06607E2CF0100000087
:102C00006C4100003E8251AADFEEA73401000000B3
:102C1000D9420000DCB5A0E23A301F97FFFFFFFF6A
:102C2000B4450000FD25A0C8E9A3C14FFFFFFFFF89
:102C3000FF3F00000000008000000000FF3F000098
:102C40000000008000000000A42D02080000002009
:102C500058580000600100086049020858580020D8
:102C600038450000C4010008000000000000F07FAB
:102C7000FFFFFFFFFFFFEF7F1C000000430000008D
:102C8000F8FFFFFF0C0000000E0000000F00000026
:102C90002E0000001001000043000000F8FFFFFFBD
:102CA000004040404040404040404141414141405F
:102CB0004040404040404040404040404040404014
:102CC00040050202020202020202020202020202A3
:102CD00002202020202020202020200202020202A8
:102CE0000202909090909090101010101010101000
:102CF000101010101010101010101010020202020C
:102D0000020288888888888808080808080808084F
:102D1000080808080808080808080808020202024B
:102D20004000000000000000000000000000000063
:102D30000000000000000000000000000000000093
:102D40000000000000000000000000000000000083
:102D50000000000000000000000000000000000073
:102D60000000000000000000000000000000000063
:102D70000000000000000000000000000000000053
:102D80000000000000000000000000000000000043
:102D90000000000000000000000000000000000033
:102DA00000000000120001121004430100010005A0
:102DB0001C68FF1F00016360600A83181806200E5C
:102DC0000204040408081010102020404027400C82
:102DD00044A4A8A8B0541A2A2A4A442D43244201E4
:102DE00032243050050008380801323E57123C1B8F
:102DF00060080204081020427E1030090204180402
:102E00000242423C30400B040C0C142424447F0446
:102E100004A1500C7E404040784402024244386095
:102E2000100540405C626043221C205242917310A6
:102E300010603224854150133844905005463A02C0
:102E4000029010081010182828243C1632E7402061
:102E500006F844444478243344F8F720053E4242BF
:102E60008001617053F844D05120B00CFC424848B6
:102E7000784848404242FC1040044040E0801344FF
:102E8000444050048E84444022E73C227E05417039
:102E9000637C1001427C70651F1005080888F07083
:102EA000300CEE444850705048484444EE4053E0E3
:102EB00040013342FE9023EE6C0112540132D620C1
:102EC000500CC7626252524A4A4A4646E2F0428277
:102ED0000151C022FC80737C40A061206005B24C8F
:102EE000380620227C6F6742E3003740209041A0E3
:102EF00063FE92B091D035E2623CE0540744242452
:102F00002828188022D69B1004546C280151305474
:102F10000824241818182424709006EE4444282805
:102F2000502B7E84506720205045B448060C344412
:102F30004C36AA1006C040405864C4736458201729
:102F40001C22155900140500060202B415E47A3B50
:102F5000BB19045B7E40509406000C12107C703547
:102F6000E4159D53403CC25AC05055A094063030E1
:102F7000000070A0130C0C703204015344789016BA
:102F80004EA35648A0C71070D0353422490172EDC7
:102F90001092DC6069A469F0212042D8E055A210AB
:102FA0000500001A261F5005261A0207501004EECD
:102FB00032200182F8C0540542403C02A029D2319F
:102FC000E073120C50D6C610557471907008DB89EE
:102FD0004A5A542424303676A2726E3045B46F10AB
:102FE0001002041F7E44F2038F227E1C04910B1DED
:102FF000E203180408087FC5857C1E6291035E0801
:1030000030045A00EF21093D3F045DAC03200A1053
:1030100008080402000040200A2D1E041D5204C2AC
:1030200040C000052D7B4040000110041C003E0202
:1030300002131C1C200803E007300E381C0100049A
:10304000100C380E02231C0C1C0C07130E38073012
:1030500003E011051005C001C01F04011E02000598
:103060001203E01FFC9C300A07F00C3C181C300EC9
:10307000306E13000EAD10081C0038007000E034F4
:10308000000F1480030006060C061806300E3FFCE5
:103090003F402008E01C703838381C02613C11AAFF
:1030A000127848120C4E41C6120CE103143807C0C6
:1030B00012706C1005F000F001021004037006029B
:1030C000120C02300B18703870307060707FFE2068
:1030D0003102071203FE5C80070FFE0FFE1800028C
:1030E00014041BF01E4E32187C6180000417301C43
:1030F0003080340501F0071C65313E940A38003BEE
:10310000F03F383C1C3C8C211F0C07120E1C0F3862
:1031100003F090061C0B1FFE1FFE180C3818301809
:10312000A30330043000600216C09642800292036E
:103130000205148025FE45FA14093C0E3C0C1F1CA8
:103140000FB054400AF8387C383C701E700E0205EF
:10315000184015801406303818381C35512C540B83
:10316000700E781E383E1C7E0FCECE1618A00007BB
:10317000657038E00FC00001033A7FFF3E25F1B5CE
:1031800062C008003180318060C0022114CD2C085B
:10319000100406001E04011202E31F805041442562
:1031A000A619E219A9100418003060B67F2224087D
:1031B0003E006300618061C42406000F000180D6D8
:1031C0002186CC0461803FC20313000702120F0264
:1031D00010041B003302100663007FC00316113673
:1031E000B1502B3FC021292530043F00394E011436
:1031F0005020040F0019F0194770047F0071F8E3A4
:1032000030C0F0327F8C416A21E6920C020114F04A
:103210002142854AE150211C566168340661C03361
:10322000C01E20140431803358093F1209257C2523
:103230002261061DC5061018401020102013FEFA4A
:1032400002144410401BFE3088D088110810D0169C
:103250001C0550508823A2071013481C49E0490060
:1032600049007DFC41444144794449280210111031
:1032700049104A284A448C8208000BF80A081202B6
:10328000101333F83040504097FC10E011501248B2
:10329000144418425C103440100011FC1104110455
:1032A000FD141108110015FC19443144D1281128CE
:1032B0001110112851442182040004000FF018203D
:1032C000644003801C70E00E1FF01A621006400577
:1032D000101001000240137FFC03800540054009E7
:1032E00020111021084FE48102181018200017FC4B
:1032F0000004408440845FF44084418442844484D8
:10330000488450082007410440144008801E1000E3
:103310000B1013FC0013FE30203820552855249242
:103320002412221422E24004A010405C2106233F14
:10333000F8681019FFFE0500088818502820C918E1
:103340000A060C0008200820FFFE0820432008F889
:103350003F00111008208C218810083118C1060187
:1033600000027D100608201FF002161C1208201013
:10337000902308CC4601800610182000C007A30542
:1033800041BC613021D2610412006C39B4000412D6
:10339000FE2000021240023280FC4321080211A2EA
:1033A0002208B043410402127FFA1C180040784002
:1033B00048A05110520865F6504048404FFC484024
:1033C0006A5052450A200948444140408008400262
:1033D000100D13F81040308037FE508091000C2003
:1033E00004081110FC25FA258011E02300081814A8
:1033F00004103020C236FEB811022405114010809E
:103400003C180613FE1020FC26300A102014201849
:10341000203020D00C1C07102050A02040C50740B1
:10342000062004403FF8A051A6354865BA2408217B
:103430000811080910093812F867116B523F08315A
:10344000102004003FF04D11061C04042004400726
:1034500011FB2570110D1C062000A000403E0C1031
:10346000093C0BE0122012203202100753FE92207A
:10347000121002400A12120A128A132612128A1419
:10348000181120112CFD34116413A41124113411CE
:10349000281D22E122410200603202022303FC06C1
:1034A000416A216C480B0000248822444244800475
:1034B0005E41BA61C231CA10050A01020142260208
:1034C000C05807FE4002800400221005110011F8C8
:1034D000041C0600290047FEF50415A7127C0420F1
:1034E0000801FC0044FE4420021980180A4484FDAF
:1034F000044504022804C0200B00803FFE22202245
:10350000203FFC061C0F23E020002FF02410422057
:1035100041C086300E08180540044004641D570D54
:1035200020060840049FE2F82110194C172021C002
:103530001DEA051C05FC00800180041C08056009CB
:10354000183104C13B0929422D470B3108199958FC
:10355000081FFC20005FF0905ACD5003180500288A
:10356000002462201A202FA420242FA82898289213
:103570004FAA4046808201004884481287F2E02921
:1035800088230FE0741E0FCA0C140F7FFC40044FF9
:10359000E4482448244FE4400CE019F461FC45D889
:1035A0001702800F19F6440D3018C00620403F7EE8
:1035B000489085082650089FE410201FE010A2497B
:1035C000E681AE29F22208B01AF0552D950315E0D8
:1035D000496A1C1B13FE188054905090511291524E
:1035E0001154129012281428104410841102C003A0
:1035F0003D120412FD041006311039105502180650
:103600009110111211031C04120E1400041404135F
:10361000FC1043300447C4440181083E40000425A7
:10362000F0101A3B7C211441FE7A14A27C2710F979
:103630007C251025FE22102A10350028F821F61DC1
:10364000540428042011FC6048075420902017FEE1
:103650005451021C2B0010FC3C2424244854BE88E6
:103660002A102A503E7C2A902A103EFE2A104A1028
:10367000421086102420FF20247E7EC482287A12E5
:103680000534047AC6054E19E219541A2050340A3A
:10369000200023FC22042204FBFE24132BFE3220F4
:1036A000E22022FC228422842484A4FC4884702109
:1036B00084410229FA410A2D60031D690F157A1809
:1036C0000501FCFD24D61AFCDA3804247DFCEE1139
:1036D000068C061C20E020434004228002100A2FA2
:1036E000FC20842084210421703C082204440448E6
:1036F00028906604151F150D477FFC2244094AA433
:103700004A945114420420100A00047F84080408DB
:10371000241F5E122102100652248A240402140679
:103720000804100420402D16052C107FFE41029D38
:103730007401001D7002800C6032C8041C06E00099
:10374000200640B0073E4020031D5E03AC0D4444FC
:103750002F88111022484FE40020FE034500100678
:10376000FAF4AA04AA042C0CA800A9F8A908A9F83C
:10377000B9082132041D760365C00113021DC0057E
:103780001208EA1D21043C11A810A4FCA211223148
:10379000203A2454245428908810101410C0130088
:1037A000008878884BFE4888480079FC4904490421
:1037B000100579FC4820125C0850488849049A0298
:1037C0002003151E1C0540801FF8D004110215A20D
:1037D00062800210082200227C7F442202333E7C59
:1037E00006134422081404FF4404A21C044114825A
:1037F0007005100400801FA221023E1F4A061E1001
:10380000720625231C06440487FC04160451382440
:10381000087C01200110FFFE222D1803611629E704
:103820001E3FA0031C044FF080800459F8210212AF
:103830000A024C040600026003293450093E0822A3
:103840004822483E48062C080822082A28241060EE
:10385000041FFC7C0A031C0C0822FE3C9264926448
:10386000FEA492C106110C1C062512210A020006B4
:103870003E20AE0521282EF04C0322A0021C071585
:1038800010191012081F119D2E047D3204B10E1163
:10389000401DFE075C111202849441084A6408909E
:1038A00011081204E5FA72061D70064DA003280ADD
:1038B000FE7C2084288849207EA61405500E50F8EE
:1038C0005E3C07088809040A028C0A7DC00F8E3FFF
:1038D000AA0E5DDE06500800027BC24A424A01631E
:1038E000FFEA0A1C084A425A42854A0800033E2160
:1038F000EC071C060110020EF484061D26081007B2
:1039000010109014A018CA2C0503180C06280610D5
:10391000087C08440845FE4406110A1E88D9063270
:10392000480A1E08DC040E1010C0052DA2051E0951
:10393000A60A2C04058018000591944D9406116E7A
:103940001C09082104410281020514068DAA046D98
:10395000A2046DE2051C06290045008390031C1497
:1039600049202A20083EFF442A44494488A41028BC
:10397000FE2822FA032C0D642818283444C2821031
:10398000A0112C9A032FFDACA0035C0B15FC182092
:1039900031FCD088105040098E065A081C077FFE63
:1039A00042028424480E1D1E082DCA077C071120E0
:1039B0002510420820093D260911402C050033FE40
:1039C000D090042C083C112052A0247EA0093C1E5B
:1039D000202023FE4840F888110423FE4092F890EE
:1039E000409000901912E112420E040008E20729EB
:1039F000941D1B0D1C0508520892DC0731021D4066
:103A0000042F1FFE790F2F23F89E091C0783F8420D
:103A1000084208FC0730070027FCE4A424023E2FDC
:103A200020074DF6083D990F1D88041E04EB062D56
:103A3000E2056DE005560124A1041C07010008847D
:103A400048923E062DB6121D160911861C0520103F
:103A5000403FA6061DF8081E084E094E04A6091D83
:103A60000207D70000624C0D04404444244414482B
:103A700014500440000910047BF84AB8100453F8AD
:103A800062065C124BF84A444A486A30522042109F
:103A90004288430642A00A441111FEFC00108831FE
:103AA000043A02548850889050601C051088130610
:103AB000E00813200BE81404100031023C0450000D
:103AC00091EE094D740A21064D80071D86051EF8EA
:103AD000B1081DB0081C052FFE2042A6073D581353
:103AE0002E8161091D3A0515F02EFCDE143008F315
:103AF000E4122412241306180617E418041060AD0B
:103B000060053D62052D6A051C09902088208840CB
:103B1000805F00082D200A3C0A7F20082808240F17
:103B200022F0B0051F3FF83B07310256FF605DE809
:103B300009A2F8062D490331061D1E041804400091
:103B40009F7A1E7F080314130A107FD004103F9041
:103B50000412FFEA040A04060402E02C04480A489E
:103B6000600B1E3100072C04511090E0033DE80368
:103B70001E11E2032F140680052D6E062D86092DD9
:103B80004604C56E45D42D50092D2C0B4D560B3EC9
:103B900011A60465E01D60062EFEDC091C1811FC50
:103BA00021243D2465FC6524A52425FC25203CA07A
:103BB000244020B00340031347FCD73C094003F8DE
:103BC0000088E08827AC0A1F23F89C041C070832F1
:103BD0000823F802C0091D56051D2308C310080854
:103BE0002D29042805402880109E2F0FFC44041422
:103BF0000433F832E61A92843212042B1208A07DA4
:103C0000C0093B20FDF4410218081D20E12041209D
:103C100007A08D76084D4A0321122F0888BC084959
:103C2000802DD6062DC00B2104E9A872FF408D22FD
:103C3000048D26044D400C2DC80A1E3C63132C0431
:103C400041FCBD66073F24FD6A074DEA0A1610F9DC
:103C50001C06014041202180032C08022016201B55
:103C6000FC12C2091EFCC20721083C04FE2200C847
:103C70001211DC3C0417FC8477081F14441C061C3A
:103C80000B44E040204820442FFE247E053D220CBA
:103C9000CDB209AE10C0093D900435967C082928A4
:103CA000252445448130044D98093DE00C2C0684C0
:103CB00040A44094E00C2C0E4EA44AA44EA440C450
:103CC000465458B441C4070E240C1C0E3E7E4E0CC4
:103CD0001E4033123E44100B124208AE38C9131C6A
:103CE000041838241F04A1028C04243E18A80F3C99
:103CF000043C1842DD171004024204261DBD0A1DB3
:103D00006A17927E2012FC521248023C0878DC4866
:103D10006248424036178EFCF6142D81182E70F240
:103D2000091E3ED5091C04441038B106BC083C10DD
:103D3000427C42003C940E1D7F151E3E5B05211DFA
:103D400012021FBE7C831331C010045C0062BC41B0
:103D500002A15F1C073E0042C04240E3072C075C03
:103D60008062804280D417EC044238E7F40E116080
:103D70001C04DC1062BD0531020F107CE7FA182E1E
:103D80003C50162C05407E3C40951802117C203199
:103D90007A254E81BC1E0E0C0C1E21C40F3E31E84C
:103DA0001041025200062D7E052DCA071C0E23F875
:103DB000F80027BC24A42CA437BCE084041C0C21EC
:103DC0006022502448B846404009AC063C0E090029
:103DD00011FE12803280348050F890A2084F10FCFF
:103DE000AA081F1080D3041C04480040C20B1968A5
:103DF0002E209E08100444222802440A122A32442B
:103E00004A40868102D91FFE40140A5244021C0710
:103E10008410841E84F1240E2D800C6DD815453538
:103E20003C04D8426491181D54171C064258E740C0
:103E300000EF0B1C09902090109013FC0054061FFB
:103E4000F090FC0A110E2D7C0F1E12FD041E47205F
:103E50000B5E0422064DF60B2D38042DF00E3DB0FE
:103E60000C2C061040088006A80F1C0517FC11102A
:103E7000600F1DE0031C043BF856E4031E90100382
:103E80006DA00419171244022D9C041D2A0D3E3EFC
:103E90008E0E1DFB041C07220F12780A2000091E3B
:103EA00000E5183F27FC60043F40E7A805252E10D9
:103EB0000422082B4E1C04222802160D2C08203C3C
:103EC00027C02040F8BA051C07402940365CE44072
:103ED000061004275C24061C05A7FC4404C0051C2E
:103EE000164017FE11208120423C42441664129471
:103EF0002348E2482230720D9C0550228803A00C12
:103F00006D980E1D13072E20740B1D680D2D600E6D
:103F10002D3E071F4023360F1208481E3055061D40
:103F2000000F1D620E2D96032D66060D18241B8DA5
:103F3000261B0D13441B4E0043173D300E1D2E0E45
:103F40001D74043F0041601065442DF20D1D800575
:103F50001D3E0E200C4440548054FE550856885493
:103F6000021F50543E086C092850248845048202E0
:103F7000600D3DFC0F2DBA041F0021500ADC0A031E
:103F80000405041928E11001A9160E13FFC015CD70
:103F90009809E12A11925D260F10090240022002C1
:103FA0001002080261123DDE096DCC0B6DFA0E6144
:103FB000024DE0066E0242101DE4055C06304057DB
:103FC000FC903E104F104080081D60161DE7055EF6
:103FD0001FE6043DD8111DF0093D000E1E50BF0D17
:103FE0007D160B5D06104DFE105E040E103D2C0775
:103FF000FD9C0F3DA40F1C0441084160068D521129
:104000002D5E0E181022003EF822883E9022502F7E
:1040100020F25042006DE8056D440689C465801C9D
:104020000422401220111E04680B4FF7FC7E062D5F
:1040300000084F141C00031C04200027C2031C04AA
:104040002110F03C082C0921B0264E3040E3F88CBA
:104050000329B41EA08C1A2DC010654020057FFCDA
:104060000480021DB4071F80108A0D2F407CC011F0
:104070004E11FC103D3412680511106008045D807B
:10408000071D800D2D76081C071224FFA412242A78
:104090000E980514410881AC1D7E111EFC140B13F3
:1040A000F8FD043C15110E17F8180837BCD0A412FF
:1040B000A41128129054A8284698125D9E081D2627
:1040C000042DA8082D2A041408222012280A3006DC
:1040D000CF1D600A1C11200824104430F8481084B9
:1040E00023024000FDFCA6087D400E4D680E1E25F3
:1040F000BB101D21092EFC720E1C04FDFE40150D87
:104100001C041C2AE001082D87121D60031DC00736
:104110001C0683F8404047B0071E139C035EE3A4CF
:10412000032DA0036D20112F8824C2102D6E0C8545
:10413000728D180C4D861261023C050CD00B2009C3
:10414000123D22051E20B609140750F0230C02046C
:104150000D41021DF9083C04030C0130091DEE0E4F
:104160002C09243CA420A84020BD280B2DA0073DED
:10417000A8071C04145018100B4F02029813BE011C
:1041800036076DDC072DE00B1E00401B2D300F2C79
:104190000B002003FEF00210941050600C1C0A1358
:1041A000FE1428184410820380041F207CC00720BE
:1041B0001AFE8442447047C41444143C2420E41082
:1041C000245425422942294A1238402D20151C0D1D
:1041D000822242244A200BFC1284128860041C05AF
:1041E00050222024A2030F1E090600145DE0101CBB
:1041F00005F8184854930E3F50485E131DA20D3D1C
:1042000064051DC0094DF0041C0A3208ABF8A0007B
:10421000A7FCA4960B1D0E051D3606AC0921102027
:10422000E023182C06200A1E041E0AC01140500864
:1042300010FFD01112320A0C0A1B066082201C04E7
:1042400024900B3E0D4C0D60500412248A0B0A1072
:10425000866042B8173E04BA161004140024021EE9
:1042600044F41615649F601FC004DC051808243848
:10427000FF07900408183E201138CD8007DC052286
:10428000601C6020085C08404240245C18620620E4
:104290009F223C8D1B1E3805064DB6073C04460088
:1042A0003A82089004246018807004083C38775ED5
:1042B000088A08AF3E3C6A1C1D371AD20802FE3E2F
:1042C00099073E426D092D63123E20A7072DA620B7
:1042D0004DE0031FFC841C153E402A061E215C0A8B
:1042E0001004212022016F241EBB1C1F3E38310800
:1042F000738280021F4282281E9D210972F8C06DC0
:104300007E08AF440053051008C7FE629262105247
:1043100002324A0212460292E240D2E73E9E4240F8
:104320000891C02D2B0A3E187307D1215C173CC79A
:104330004262426202520452184A044A024A424607
:1043400042463CE2831D1F481412081C054108BE6A
:1043500048860C1C0D287F0E08782A082908490871
:1043600088950C1D5D101D7007BC1200407E400238
:1043700040046008501A482C444A440A8E032C0515
:104380000A48095002033C083402380451F090E016
:10439000102B10809E5C0517FC1204E0091D1C21E7
:1043A000100848424880788048021D6909900542FB
:1043B0004044E0E05EE0600A8102AF42004B1C171F
:1043C00038FC5F210210047C82480216445FCC0452
:1043D0004238E3400A4DD609727C42AD8B1B7D60AA
:1043E0000A00051100487E48202B3EE07E728002C4
:1043F000119F0C04284238FE200A5D9F0AB102ADCD
:104400007F0A290021021E784020213B1160F73CE1
:10441000F8C549E810040C00342A4F4C00C5204D63
:1044200074064DF0072F2FE832182D52134D8410CB
:104430002D200FADC0031C0400107F86091E3F8A8B
:10444000090C0B10FFF2248A150A24864C42CA0B71
:10445000FDDC070D1B800685011D20031C0640C6E0
:10446000204218C30B1DE3212C0446427BB7164D96
:10447000A3115D78051D9B172C041C1022AC0D2D7B
:1044800042060F10401C851F1EFE081A6102CEED69
:10449000C91B31601C05FE20491886133C070249E0
:1044A000424942ED46221D80193D1C181C04490852
:1044B000F9DC112DB6071C04F9F841CA087C06196D
:1044C00008E1084784082E3C8C231804448044618A
:1044D0001C04448E428C051E42A8219D4C123EE7CE
:1044E000E8211D620471C0CDA00B2D06171E18EB2C
:1044F000161DED161DA40BFE44200C3D8622B101B5
:104500002DE720AD200D66420269000C04286010E2
:1045100060200D3D2105BD21041E60E1043DDE0645
:104520001D3610200C21FC39044A0455F481142155
:10453000021EF4A2153C07282912310220600B1E2E
:104540000E26062DD9121EFFE1121C0418441C6809
:10455000121E2AE3123E88E112D608805804C63E95
:1045600042802804463C7BF3563CC03EE0540A3D62
:10457000CC0A55C01E42150C4D5F071F20788F0EC8
:1045800021021D1615310821106D671A25A02DD5A1
:10459000131C0449F8F889141D60121C0D20FA221E
:1045A000417400A81924E22240801949B02DD60791
:1045B0002D280AEF0420C012AF00006E0F2DBE1B85
:1045C000410441341D680B4C06001DFCF104E2124D
:1045D0001E10981D1C0439FE5466173E91C8163EE5
:1045E00013A0123DB305527EBA1E781F0E2D830A0A
:1045F0003C0642084404385D141D5A042D7D1BBE40
:1046000010FB052DF0110404102000407F76C6E059
:10461000F80546187B00E15F3E08800E1DF40F751B
:104620003F11612EE0AB1CADA3081DDC1752FE61EB
:104630002C0507F87908F01C1C054920493C621636
:104640001C08044A887A884A503E0C3F5008600A89
:104650008DE01A6D6A17158A4D260F6E3E9D1E2F2E
:104660003C7EA004100842400278044408E01DF497
:10467000249F447E40050D11A007AE008A1E4D60A8
:10468000071DC4051D600759FFBD60070D1AE00F27
:1046900010197BFE480051FC5104610451FC480094
:1046A0004BFE4A8A6A5253FE4222021F2A42C01619
:1046B0001C0A03FC190C250425041984151D22224B
:1046C00021063D3E095D4C212F0427160910055493
:1046D000855445021215021C052554E55462181C28
:1046E000068422442414ED231D6F051D12132DF49E
:1046F000131F080A71192C0E1040E0A020A02110F1
:10470000211022082480162D400A1EFEC80E3C05EA
:10471000A00120F3BE185E1062195C0428204780B7
:104720000A1C0421FC24371B17FBFE182C0F944095
:1047300050FD10409003FE1C28E04440A0091D805D
:10474000122DEC0D1C0805F40444E444277A176C80
:104750000D25F425142D1435F4240404147C241C94
:1047600004FE3892CE09B102BDC0074D9F047DF50D
:1047700017FD001113FEF840B24202BD80045D3FF8
:10478000051DA81D8D9F074DC5272D9F252F202076
:10479000540B1C06504093FEFC321D2C0811FC1CCF
:1047A00004F08850A2142DEC272DCE0F1DFA041C06
:1047B00004FA1015C219140719243124D124102D1C
:1047C000C2141C0A88510426020008301094033CCD
:1047D00007404880490032BD08000EFF130C2492A8
:1047E000449284920492030C000101FF0101FF0135
:1047F00001FF0101FF0101C0011FF87E4C2E3E04A4
:104800003D175E085F068F10F8962B5C0400183C7D
:10481000360F7D6117B0052442187E401D26141CFA
:104820000544407878390D2E02C00B0C0510444425
:10483000F838A01711364109110BAE3CA0176EFCD9
:10484000FE0A6F7C7C562E9EE0610DFC04FE0092F9
:10485000000DAD200710064400A400A8021008B007
:104860000054001A002A024F4A00F52F0DFFC0061F
:1048700001FF0101FF0101FF0101FF0101FF010132
:10488000FF0101FF0101FF0101FF0101FF0101FF24
:104890000101FF0101FF0101FF0101FF0101FF0112
:1048A00001FF0101FF0101FF0101FF0101FF010102
:1048B000FF0101FF0101FF0101FF0101FF0101FFF4
:1048C0000101FF0101FF0101FF0101FF0101FF01E2
:1048D00001FF0101FF0101FF010D7C7C251006A4F1
:1048E0001C0208A90412AE0412B30412B90412BFC8
:1048F0000412C5186DA2315DCF4B02240152DD9D1B
:104900004C0D35142612CF8412D69C2DEB51100578
:104910001F1C1F1E0231050126860D5AB026FFA955
:10492000E47B30019301340489C701C48D51531EC7
:104930001F5B511E1FA64E4104810A01B4010404ED
:104940001B898601888FB5F92332091FBD02140126
:10495000222D18586D4154E108011A010000000091
:0400000508000125C9
:00000001FF
