:020000040800F2
:10000000F09D00203D0200087DCF0008F1AC000803
:1000100011BF0008792F000889FC000800000000CB
:100020000000000000000000000000004DEA000891
:100030007374000800000000B9E7000875EF0008BD
:10004000570200085702000857020008570200082C
:10005000570200085702000857020008570200081C
:10006000570200085702000857020008570200080C
:1000700057020008CD54000857020008D954000860
:10008000E55400085702000857020008570200080C
:1000900057020008570200085702000857020008DC
:1000A00057020008570200085702000857020008CC
:1000B000F9EF00085702000857020008570200082D
:1000C00057020008570200085702000857020008AC
:1000D000570200087DFB000895FB0008ADFB0008F7
:1000E000570200085702000857020008570200088C
:1000F00057020008000000005702000857020008DD
:10010000570200085702000857020008570200086B
:1001100057020008570200085702000800000000BC
:100120005702000800F002F800F078F80AA090E802
:10013000000C82448344AAF10107DA4501D100F0A2
:100140006DF8AFF2090EBAE80F0013F0010F18BFF7
:10015000FB1A43F001031847507E0200707E020034
:1001600010F8013B0A4413F0030408BF10F8014BD8
:100170001D1108BF10F8015B641E05D010F8016B5B
:10018000641E01F8016BF9D1002D15D010F8014B58
:1001900003F00C030C2BA1EB04040ABF10F8013B85
:1001A000A4EB8314A4EB032405F1010314F8016B01
:1001B0005B1E01F8016BF9D5914238BF10F8013B85
:1001C000D1D370470023002400250026103A28BF11
:1001D00078C1FBD8520728BF30C148BF0B607047B9
:1001E000662925F0FD84642900F0C881002070474D
:1001F0001FB59DE8030000F061FB00F0B7FE0400AE
:100200000020002124F0EEFB401C60600020002153
:1002100024F0D2FBE0601FBD10B510BD00F0F0FF70
:100220001146FFF7E5FF1FF0ADFA01F093FA03B4B2
:10023000FFF7F2FF03BC01F003FB00000948804711
:1002400009480047FEE7FEE7FEE7FEE7FEE7FEE7B8
:10025000FEE7FEE7FEE7FEE704480549054A064BD0
:1002600070470000F5EF000825010008F07D002030
:10027000F09D0020F08D0020F08D002070B5A0FBD7
:100280000140B4F1805170F1000024BF002070BD26
:10029000204600F007F805001CBF214600F0A5FA33
:1002A000284670BD70B5064600F0ECFA056806F108
:1002B0000B0020F00704B4429CBF002070BD2B4609
:1002C0006A68BAB11068A04210D304F108018842EC
:1002D0003CBF5068586007D35168101941601168DD
:1002E000091B016058601460101D70BD13465268F0
:1002F000002AE7D12146284600F0CCFA0028DED1BA
:1003000070BD70B50446051F00F0BCFA0068002CF3
:1003100014BF446870BD002C18BFAC423CBF2046DF
:100320006468F8D301680A18AA4218BF456003D16F
:100330002A6805461144016028684119A1421CBF82
:100340006C6070BD6168696021680844286070BD98
:1003500070B50D460646041F00F094FAD0F800C0B0
:10036000C5B1E6B105F10B0020F00703AB423CBF7D
:10037000002070BD2068984238BFDCF8042013D3F9
:10038000C11A08292FD3E01840F8041B2360FFF797
:10039000B8FF28E03046FFF7B4FF002070BD2846C4
:1003A000BDE87040FFF77EBF002A18BFA2423CBFE5
:1003B00094465268F8D30119914216D11168084445
:1003C000984212D3C11A08293CBF2060506808D354
:1003D0005168E0184160216812681144C91A01602F
:1003E0002360CCF80400201D70BD181FFFF75AFFD2
:1003F000050007D021680A1F211D00F081FD201D86
:10040000FFF77FFF284670BD53EA020C00F06980B9
:100410002DE9F04B4FF00006002B1FBFB3FA83F518
:1004200003FA05F424FA05F65E4012BF1643B2FA49
:1004300082F502FA05F4C5F120051EBF22FA05FC7B
:1004400044EA0C04203556EA044C4FEA144418BF21
:10045000641C4FF000084FF00009904271EB030C50
:1004600039D3002919BFB1FA81F701FA07F6B0FABA
:1004700080F700FA07F6C7F120071EBF20FA07FC35
:1004800046EA0C062037B6FBF4FCA7EB0507103F45
:1004900007F01F0BCBF120060CFA0BFB2CFA06F62B
:1004A00044BFB3460026202FA4BF5E464FF0000B8A
:1004B0005BEA060C08BF4FF0010B19EB0B09ABFB15
:1004C000027C48EB0608C01B06FB02CC0BFB03CCEE
:1004D00071EB0C01C1E70B46024641464846BDE8B8
:1004E000F08B13B54FF000004FF00001AFF3008028
:1004F000BDE81C40704700000FB41CB50C0007AAF3
:10050000009001D02044401E074B7B446946019077
:10051000069800F082FC002C03D06946002000F011
:100520008FFC1CBC5DF814FB3D09000070B504464F
:1005300085690068C10601D5302600E02026C00785
:1005400007D070BDD4E9012130469047206A401C95
:1005500020626D1EF6D570BD70B5044685690078C1
:10056000C00707D170BDD4E9012120209047206A3F
:10057000401C20626D1EF6D570BD00002DE9F041D3
:100580000646002410687529314616A510D0AFF331
:100590000080002802DA404213A507E031688A078C
:1005A00001D512A502E0490704D511A5012401E0F7
:1005B000AFF3008000210A2206F1240709E0B0FB16
:1005C000F2FCB0FBF2F302FB1C003030785418460A
:1005D000491C0028F3D123462A463046BDE8F041A5
:1005E00000F0ADB9000000002D0000002B0000005D
:1005F000200000002DE9F05F894604464FF0000A14
:10060000DFF824B1FB44C0F820A02046E168884709
:1006100000287DD0252806D0D4E901219047206A02
:10062000401C2062F1E700255F462046E1688847CC
:100630002028064607DB312E05D2B81910F8200C09
:1006400008B10543F1E7A80701D525F00405C4F872
:100650001CA00027C4F818A02A2E09D030460FF09D
:10066000AEFD38B304EB8708303EC8F8186019E0D7
:1006700059F8041B204604EB87029161E168884722
:10068000012F064618D1E069002820DA25F0200560
:100690001DE0D8F8180000EB800006EB4000303871
:1006A000C8F818002046E168884706460FF087FD25
:1006B0000028EED1012F0AD02E2E08D12046E16865
:1006C00088477F1C0646022F45F02005C4DBA06941
:1006D000002803DA404245F00105A061E80701D097
:1006E00025F01005A6B1A6F14100192802D8203640
:1006F00045F400654A463146204625604D46FFF7E1
:100700006FFD60B1012807D0ED1D25F0070000E066
:1007100007E000F1080978E705F1040975E73046BC
:100720007AE7206ABDE8F09FF878020030B5054608
:100730000B462A4613F8014B12F8010B08B1A042F0
:10074000F8D01CB1002802D06D1CF1E7284630BD5E
:10075000032A40F2308010F0030C00F0158011F8ED
:10076000013BBCF1020F624498BF11F801CB00F8C5
:10077000013B38BF11F8013BA2F1040298BF00F819
:1007800001CB38BF00F8013B11F0030300F0B88340
:10079000083AC0F0088051F8043B083A51F804CBFD
:1007A000A0E80810F5E7121D5CBF51F8043B40F8C3
:1007B000043BAFF30080D20724BF11F8013B11F8CE
:1007C00001CB48BF11F8012B24BF00F8013B00F812
:1007D00001CB48BF00F8012B704702F0FF0343EA4A
:1007E000032242EA024200F002B84FF0000204295C
:1007F000C0F0128010F0030C00F01B80CCF1040C50
:10080000BCF1020F18BF00F8012BA8BF20F8022B83
:10081000A1EB0C0100F00DB85FEAC17C24BF00F829
:10082000012B00F8012B48BF00F8012B70474FF057
:10083000000200B5134694469646203922BFA0E830
:100840000C50A0E80C50B1F12001BFF4F7AF09073C
:1008500028BFA0E80C5048BF0CC05DF804EB89002D
:1008600028BF40F8042B08BF704748BF20F8022B70
:1008700011F0804F18BF00F8012B70477047704788
:100880007047000000487047947D00207047704713
:100890007047704738B504460A4600206946AFF3F2
:1008A0000080002808BF38BD02460099204600F0AD
:1008B00065FB012038BD012000F09ABCF8B5AFF30C
:1008C0000080054600200C46102000BF0646A819EF
:1008D000A0420DD9324669460020AFF300800700E0
:1008E00008BF00F085FC0098A04218BF0546C41957
:1008F000FFF7C8FF05600746F01D20F00700461906
:10090000284600F00AF8B44208BFF8BDA21B3146E1
:100910003868BDE8F84000F031BB00210160C0E953
:10092000011070471020704710B500F023FB0068DD
:1009300010BD10B5044600F01DFB046010BD2DE98C
:10094000F0470D4699469246044600F12408016896
:10095000880604D5E06921F01001216000E0012043
:10096000A84201DD471B00E00027A1697A1902EBCC
:100970000900081AA0612078C00602D42046FFF7BB
:10098000D5FD002608E0D4E901211AF806009047B9
:10099000206A401C761C20624E45F4DB2078C0069D
:1009A0000AD52046FFF7C2FD06E0D4E90121302038
:1009B0009047206A401C2062381EA7F10107F4DC32
:1009C00007E0D4E9012118F805009047206A401C8F
:1009D0002062281EA5F10105F3DC2046FFF7BCFDCF
:1009E0002078000602D50220BDE8F0870120FBE751
:1009F00070472DE9FF4F0C461E464FF0FF378BB076
:100A0000D2E90001DDF860800A908A46C1F30A55F8
:100A100005B93D46002108464FF00000BAF1000F2D
:100A200000F4400005DA00EB80004FF4400101EAD9
:100A300050004FEA9059B9F1010F00DDB9460A980C
:100A400050EA4A000ED044F61050A5F2FF35454357
:100A50002F14B8F1000F1ED07542291E1EDDC9F1FA
:100A600000021CE0B8F1010F4FF0000001D030216E
:100A700003E0F24305E02154401CB042FBDB30466A
:100A80000022002121540B99C1F80880C1E90020FF
:100A90000FB0BDE8F08FBD1B6D1CDEE74A4600DAE3
:100AA000694206A800F032FB06AB93E8070003ABEF
:100AB00083E8070050460A9901F033F98DE80700F2
:100AC000A0F500501F3800900398002D0ADD42F277
:100AD0001F014A460844002303A90390684601F019
:100AE000DFFB09E0A0F500504A461F38002303A9A8
:100AF0000390684601F0FEFB8DE807000004000C3F
:100B000003D04FF0FF30410800E01046B8F1000F6D
:100B100003D00022009215461EE0751E05D400F099
:100B200047FA303262556D1EF9D5B34601220843AB
:100B300002D000227F1C04E02078302801D100225E
:100B40007F1E002A099784D01DE0112D07DA00F0DE
:100B50002FFA303262556D1C50EA0102F5D108437C
:100B600002D00098C8B10EE00021681E05E0235CA9
:100B7000625C63542254401E491C8142F7DBAB4641
:100B8000A81B401E0990002004F80B000B98099A3E
:100B9000C0F80880C0E9002B7AE711264FF0000862
:100BA00057E72DE9F04F88460446D21D22F0070191
:100BB00091B0D1E90001CDE90A010FF05BFA0246DC
:100BC0000B98C00F01D02D2007E02068810701D5C8
:100BD0002B2002E0202101EAC000032A099001D065
:100BE000072A05DB03464146204600F02FFA0BE1B9
:100BF0002078800601D5E06900E00620B8F1650F95
:100C0000814606D0B8F1660F18D0B8F1670F70D1E1
:100C100031E00020B9F1110F009001DB112301E058
:100C200009F101030AAA01A90CA8FFF7E2FEDDE918
:100C30000C70002609F10105834647E001204B4670
:100C400000904FF000470AAA01A90CA8FFF7D1FEB7
:100C5000DDE90DB00C995D46002610B909F10100DF
:100C60000D18B9EB050003D4C0F1FF3609F10105F9
:100C7000A5EB09002BE0B9F1010F01DA4FF00109F2
:100C80000020B9F1110F0090484601DD112300E06A
:100C900003460AAA01A90CA8FFF7ABFEDDE90C7018
:100CA0004D4600268346207800070AD4AB4500DA7B
:100CB0005D4601A8012D04DD411911F8011C302900
:100CC00007D04F4502DA17F1040F04DA01208246FB
:100CD0000FE06D1EEEE7002F02DCED1B3E4403E04B
:100CE000781CA84200DD7D1CB81B00F1010A4FF002
:100CF00000472078000703D4AA4501DB4FF0FF3AF4
:100D00000021B7F1004F0DF143088DF8431024D0B6
:100D100002202B23002F01DA7F422D230A21021EFD
:100D2000A0F1010000DC5FB197FBF1FC97FBF1F251
:100D300001FB1C7C17460CF1300C08F801CDEEE7E6
:100D4000A8F1010003702188090501D5452100E0C3
:100D50006521A0F1010800F8011C09980FA9A1EB79
:100D60000807FF1D00B10120411901EBEA70A169DC
:100D70003844081A401EA0612078C00602D42046DC
:100D8000FFF7D4FB099828B1D4E901219047206AE4
:100D9000401C20622078C00622D52046FFF7C6FB03
:100DA0001EE0002E04DBB34502DD01A8805D00E0FB
:100DB0003020D4E901219047206A401C2062761C33
:100DC000AAF101005FEA000A0AD100F0CFF8C0687A
:100DD0000168405CD4E901219047206A401C2062F0
:100DE000281EA5F10105DCDC07E0D4E9012118F893
:100DF000010B9047206A401C2062381EA7F10107B2
:100E0000F3DC2046FFF7A8FB032011B041E6000009
:100E100001694A1C02610878704700B58FB0CDE9BE
:100E200001310021059105497944CDE903101146AE
:100E30006846FFF7DFFB0FB000BD0000E5FFFFFFD6
:100E40000A6802F8010B0A607047D1E900239A4250
:100E500002D2531C0B601070704700000FB40023C7
:100E600000B589B00CA900910B99CB60214B7B4454
:100E70000693214B7B44079304236FF00042CDE996
:100E800001321E4A7A446B4608920246002024F042
:100E900009FF09B05DF814FB70B506464FF0FF304E
:100EA00015460C46324686B00091CDE901016946EF
:100EB0000020049004A8FFF7D1FF024604982118EF
:100EC00025B108B1084600E02046286004980028B3
:100ED0000DD0002A02DD0098884208D03246081B57
:100EE00069460094CDE9010404A8FFF7B7FF06B0F6
:100EF00070BD00005B02000073020000B30100003F
:100F000010B5203AC0F00B80B1E81850203AA0E8A4
:100F10001850B1E81850A0E81850BFF4F5AF5FEAD8
:100F2000027C24BFB1E81850A0E8185044BF18C98B
:100F300018C0BDE810405FEA827C24BF51F8043B32
:100F400040F8043B08BF7047D20728BF31F8023B86
:100F500048BF11F8012B28BF20F8023B48BF00F81A
:100F6000012B7047004870478C7D00200048704777
:100F7000AC7D0020004870478C7D0020034640680F
:100F80008C46002818BF88423CBF03464068F8D30F
:100F900018681844884207D00CF1030020F00700BD
:100FA000001D411A521A0146081D0A60FFF7A9B92F
:100FB00030B5B0F10A024FEA900E71F100034EEA2B
:100FC000817EB0EB0E0061EB91014FEA101E4EEAFC
:100FD000017E10EB0E0041EB11114FEA102E4EEA8C
:100FE000016E10EB0E0041EB11214FEA104E4EEA5C
:100FF000014E10EB0E0041EB1141401841F1000190
:101000004FEAD00040EA41704FEAD10110EB800571
:101010004FEA810444EA907444EB01046D1944EBF7
:101020000404521BA3414FF0000348BF0A3200D50D
:1010300030BD401C41F1000130BD10B5044600F048
:1010400005F90068005D00F0010010BD2DE9F041D8
:101050001F46044603260168072A01F4006004DBEA
:1010600008B116A505E016A503E008B115A500E036
:1010700015A521F010002060A069C01EA0610FB16D
:10108000401EA0612046FFF751FA4FB1D4E901217B
:1010900038469047206A401C2062C01C206206E04F
:1010A000206AFAE7D4E9012115F8010B9047761E72
:1010B000F8D22046FFF750FABDE8F0814E414E00CD
:1010C0006E616E00494E4600696E6600426842B12C
:1010D000016811F8013B23B1521EC0E90012184605
:1010E00070470121C160881E704742685AB1C368C9
:1010F000016843B983688B4205D0491E521CC0E980
:101100000012002070474FF0FF3070472DE9F04784
:10111000814616468AB0354878440DC88DE80D00E2
:1011200032487844801C03AC0DC884E80D0041F6B9
:101130009B300844372190FBF1F290FBF1F5A5F1CB
:10114000800501FB12041B3C02D56442012000E033
:101150000020DFF898A080460027FA44AAF1BE0AD2
:101160000EE0E0070AD03246684607EB470101234C
:101170000AEB810101F0BEF88DE8070064107F1CC6
:10118000002CEED1194F7F44AE3F19E0E80715D08F
:1011900007EB04100DF1180A90E80E008AE80E0023
:1011A000C068F04201D1981908903246012306A97F
:1011B00003A801F09FF803AB83E807006D10641CDF
:1011C000002DE3D14FF0010332466946B8F1000F1C
:1011D00003A802D001F064F801E001F08BF8C9E93E
:1011E0000001C9F808200AB0BDE8F087746E02005B
:1011F00010B500F0BDFABDE8104000F0B4BA704779
:101200007546FFF7AFFEAE4605006946534620F02F
:101210000700854618B020B5FFF71EF8BDE820404E
:101220004FF000064FF000074FF000084FF0000BA2
:1012300021F00701AC46ACE8C009ACE8C009ACE855
:10124000C009ACE8C0098D467047000010B5FFF733
:101250008DFE001D10BD00BF8D3702002DE9FF4F30
:1012600006468BB00878FF2806D0491C2D2805D0EB
:1012700000244FF0000908E000200CE00124F8E70A
:1012800009EB8903491C00EB43090878FF28F7D1D3
:1012900014B1C9F100008146107800252C46AA46F9
:1012A00029462D2801D02B2804D1521C2D2813D0DB
:1012B000002082468B461078FF280FD04FF0000C9C
:1012C0000A21521CA5FB017804FB018105FB0C11CE
:1012D000C5194BEB0104EEE70120EAE700210846BF
:1012E0004FF00000BAF1000F02D000EB8000400880
:1012F000C0F38157012F01DD4FF0FF370E9955EAFA
:10130000040009EB01080BD04FF0020918F5FA7F31
:1013100016DA4FEACA70002F706008DD012007E07E
:101320004FEACA70C6E900B00FB0BDE8F08F0020E8
:101330003060FFF71FFEC0F800901821084616E045
:10134000B8F5FA7F18DD002F02DAF748784401E09B
:10135000F6487844D0E90010C6E9001040EACA70A7
:101360007060FFF707FEC0F80090142108460FB028
:10137000BDE8F04F24F031BC002108464FF00000DA
:10138000B8F10001099002DAC7F1000200E03A4624
:1013900001DAC8F1000106A8FFF7B8FE06AB93E832
:1013A000070003AB83E8070044F23E005BEA040158
:1013B0000090584604D144F21E012C465D4600912F
:1013C000210C0904014306D10099240444EA154480
:1013D0002D041039009104F07F41014306D100999A
:1013E000240244EA15642D020839009104F070418A
:1013F000014306D10099240144EA15742D01091F07
:10140000009104F04041014306D10099A40044EA50
:101410009574AD00891E009104F00041084304D189
:1014200000986D196441401E00904FF001033A4648
:101430006846B8F1000FCDE9014503A902DD00F0CF
:101440006EFF01E000F041FFBAF1000F04460D46C7
:1014500001D084F00044002108464FF000000999B3
:1014600040F2FF77484010F00C0F07D124F0004005
:10147000284303D0C4F30A50B84212D1FFF77AFDD3
:10148000C0F80090C4F30A50B8420AD1A848784482
:10149000D0E90010C6E9001004F000410843706074
:1014A00042E7C6E900543FE72DE9FF4F1F464FF0E2
:1014B000000A4FF0FF38454691B0D7E90146CDF814
:1014C0003CA0FFF753FDC0680168405C1090B9690B
:1014D00012986D1C8847396A814688470028F6D1E2
:1014E000B9F1FF3F0AD0002E24F4D06411DDB9F128
:1014F0002B0F08D0B9F12D0F0BD102E0404615B0EB
:1015000013E744F48064B96912986D1C8847761E0D
:101510008146600504A901D52D2000E02B20002E76
:1015200001F1010B0DF130088DF810003FDDB9F12C
:10153000690F08D0B9F1490F05D0B9F16E0F02D08B
:10154000B9F14E0F1CD13B4601A8009580E850022E
:10155000DDE912126FF0020024F0A8FBC11CCED10D
:101560000EE0B96912986D1C884781461398761E63
:1015700044F4007405600F98401C002E0F9016DD97
:10158000B9F1300FEDD0B9F1780F02D0B9F1580FA1
:101590000DD10F9801280AD13B46CDE90054DDE971
:1015A0001212001F029624F07FFBC11CA7D11099D4
:1015B00089453ED144F0800406E01399681CAAF1E5
:1015C000010A44F400740860B9696D1C1298761E13
:1015D000884730288146F0D02BE01099894505D105
:1015E000200603D4761E44F0800418E048460EF02E
:1015F000E6FD08B3761E0DF123018B4544F400741B
:1016000008D2A9F130000BF8010B200607D5AAF18A
:10161000010003E0200602D40AF101008246A00581
:1016200002D51399681C0860B96912986D1C884727
:101630008146002ED1DC53E0002E51DDB9F1650F5B
:1016400002D0B9F1450F4BD1A00549D5B9696D1C40
:101650001298761E24F440748847002E81460CDDD3
:101660002B2804D0B9F12D0F07D144F48074B96947
:1016700012986D1C8847761E8146E00501D52D2104
:1016800000E02B2108F8011BCDF8008021E0761E38
:101690000DF13901884544F400740CD2A9F13000F1
:1016A00010F0FF0088F8000002D10099884509D9A0
:1016B00008F1010806E0E00501D51E4801E042F20C
:1016C0000F708246B96912986D1C8847814613983D
:1016D0000560002E04DD48460EF071FD0028D6D1CD
:1016E000F96912988847FF2053468BF8000088F864
:1016F000000000200A900B9004AA0CA90AA8FFF78A
:10170000ADFDA00502D46FF00100F8E614F0240F3F
:1017100012D0E0071CD13868DDE90A12031D3B60D6
:101720000068C0E9001213E0806C0200726C0200D5
:10173000366B0200F1D8FFFF0AA968460EF0CEFC16
:10174000E00705D13868009A011D39600068026021
:101750002846D4E610B50446AFF300802046BDE825
:101760001040FEF764BD002801D000F069B8704752
:1017700010B5012805D0002103A000F067F8012072
:1017800010BD09A1F8E7000053494752544D454D9B
:101790003A204F7574206F662068656170206D6512
:1017A0006D6F7279000000003A2048656170206D0D
:1017B000656D6F727920636F727275707465640005
:1017C0004FF0013C50F8042B51F8043B9A4221D1D0
:1017D000A2EB0C03934313EACC1317D150F8042B5C
:1017E00051F8043B9A4215D1A2EB0C03934313EA40
:1017F000CC130BD150F8042B51F8043B9A4209D179
:10180000A2EB0C03934313EACC13DBD04FF00000A0
:10181000704700BFD01A01BAB1FA81F101F0180186
:1018200022FA01F0CB40C1F12001DBB2C0B2C01AF4
:101830002CFA01F3D11A914311EAC311E6D1704792
:1018400001491820ABBEFEE72600020070B5054630
:101850000C460A2000E06D1C00F011F835B1287824
:101860000028F8D102E0641C00F009F814B12078D7
:101870000028F8D1BDE870400A20AFF3008008B519
:1018800069468DF800000320ABBE08BD2DE9FF4F6F
:101890001F464FF03C0987B04FF00042DDE91410BD
:1018A00001F10108DDF858A002EA40500390002041
:1018B00005908346054604460490B969461E08987B
:1018C0008847AAF1010A0290BAF1000F3BDD0298A5
:1018D0002E2815D0102100F016FA00282EDB4FF02C
:1018E000010B0599014317D0B9F1000F0BDB4A46F4
:1018F000C11700F0F5F905430C43A9F1040905E00F
:10190000012004900BE008B145F00105012005908D
:10191000049820B9361D02E0049800B1361FB96959
:10192000089808F101088847BBF1000FAAF1010AE5
:101930000290C9D00999C1F80080C5E702987028C3
:1019400008D0502806D0F96908988847BBF1000FE5
:1019500014D04FE0002002900120BBF1000F049052
:1019600009D0B969089808F101088847AAF1010966
:10197000B9F1000F07DCF969089888476FF001009A
:101980000BB0BDE8F08F2B2804D02D280CD14FF0E0
:10199000FF300490B969089808F101088847A9F157
:1019A0000109B9F1000FE6DD411CE4D00A2100F085
:1019B000AAF90028DFDB029908F1010801EB810197
:1019C00000EB41000290B969089888470A2100F0AD
:1019D0009AF9099AA9F10109B9F1000FC2F800803A
:1019E00001DD0028E7DAF969089888470499029828
:1019F00000FB016655EA040004D004F040410900F0
:101A000002D006E0039898E0A40044EA9574AD0083
:101A1000B61E04F00041080002D16D196441761E23
:101A2000159810F0240F03D04FF00B095C4803E029
:101A30004FF028096FF07D008246564507DAAAEB81
:101A400006018944B9F1410F01DD4FF04109012040
:101A50000021A9F1010200F043F9024628400B469B
:101A60002140084301D0012100E00021501E0291D5
:101A700043F1FF3128402140084301D0012000E01C
:101A800000200299834651EA0B014FD000210846FD
:101A90004FF00000039900F4400039B100EB8000E2
:101AA0004FF4400100EBD07001EA6000801501287E
:101AB00002DD4FF0FF3000E013D0401C36D002981A
:101AC00060B3BBF1000F0CD14A460120002100F0A9
:101AD00007F928402140084301D0012000E0002000
:101AE000E0B101204A46002100F0FAF8034640190F
:101AF0000A4661412D1A8C4111D3B9F1400F09DD1D
:101B0000159810F0240F02D0AAF1340603E0AAF1D0
:101B1000170600E0761C00254FF0004406E05B1E2F
:101B200042F1FF3220EA030521EA0204CAF1010072
:101B3000B04206DA1B490398084301900020009048
:101B40000EE0039AC4F3D321E80A0A43164940EA97
:101B500044500A433146CDE9000268460EF024FBAA
:101B6000159810F0240F0BD01598C00715D13868C0
:101B7000DDE90012031D3B600068C0E900120CE0C3
:101B800002A869460EF0AAFA1598C00705D1386870
:101B9000029A011D3960006802604046F0E60000CC
:101BA00002FCFFFF0000F07F0000F03F2DE9FF4F37
:101BB00092461D4685B04FF00041DDE9124BDDE94C
:101BC00014727F1E01EA4B50414940F0FF4940EA40
:101BD0000108002122F020004928049102D04E285B
:101BE00028D04CE03BA0012607C88DE80700A96972
:101BF0000698641C88477F1E014606D41DF806001F
:101C000018B121F0200181420BD0E969069888477C
:101C1000032E34D0082E32D06FF0010009B0BDE899
:101C2000F08F761C032E01D0082EE0D1601CCAF87C
:101C30000000DCE7A9690698641C88477F1E2AD447
:101C400020F02000412826D1A9690698641C884705
:101C50007F1E20D420F020004E281CD1A9690698B0
:101C6000641C88477F1E48F4002849F48009CAF89C
:101C7000004001D4282806D0E969069888475FEA21
:101C8000CB7012D022E0A9690698641C88477F1E99
:101C900001D4002803DAE96906988847BCE72928B7
:101CA000F1D1641CCAF80040E9E71BF0240F07D00B
:101CB00028680499031D2B600068C0E9001805E03E
:101CC0002868021D2A600068C0F800902046A5E739
:101CD0000000F07F494E46494E495459000000002B
:101CE000B2F120030AD5C2F1200301FA02F120FA71
:101CF00003F300FA02F041EA0301704700FA03F12E
:101D00004FF0000070473A2800D2303820F020020F
:101D1000412A01D3A2F13700884201D34FF0FF30AE
:101D200070475FEA400C08BF91F0000F4FEA8C2328
:101D30004FEAC12243EA51514FEA1C5018BF00F547
:101D4000F0404FEA300018BF41F000415FEA6C5CA0
:101D500000F02980BCF1FF3F08BF40F08040704791
:101D6000130C06BF12044FF0100C4FF0000C130EB2
:101D700004BF12020CF1080C130F04BF12010CF186
:101D8000040C930F04BF92000CF1020CD30F04BF9C
:101D900052000CF1010C11464FF00002A0F11F009F
:101DA000A0EB0C00704711F0004F08BF704731F0F6
:101DB00000413FF4D5AF0B0C06BF09044FF0100CE7
:101DC0004FF0000C0B0E04BF09020CF1080C0B0FB6
:101DD00004BF09010CF1040C8B0F04BF89000CF146
:101DE000020CCB0F04BF49000CF1010CCCF1200315
:101DF000A0EB0C0022FA03F302FA0CF241EA030111
:101E000000F10100704720F07F4C80EA030023F0CE
:101E10007F47ACEB070303F57C5300F0004003F170
:101E2000FF032DE980494FEA154B09B44FEA1443EB
:101E300025EA0B4E24EA03480FF2042606EB13278B
:101E400049083E785FEA320203FB0667C7F50007E0
:101E500007FB06F64FEA54374FEAD64606F102066C
:101E600007FB066CCCF1005C4FEA1C472CEA074CE0
:101E700007FB06F40CFB06F504EB15464FEA961635
:101E800034BF00204FF000404FEAD13706FB07FC7B
:101E90004FEA1C4C0CFB0BF7D21B03FB0CF761EB5E
:101EA00007010CFB0EF7B0EB074072EB17420CFB7F
:101EB00008F734BFA2EB0742B2EB074261EB1741D0
:101EC0004FEA0C444FEA910706FB07FC4FEA1C4C13
:101ED0000CFB0BF7B0EBC74072EB573203FB0CF770
:101EE00034BFA2EBC742B2EBC74261EB57310CFBE8
:101EF0000EF7B0EBC70072EB57720CFB08F734BF5C
:101F0000A2EBC702B2EBC70261EB5771039F4FEA26
:101F1000816141EA921104EBCC044FEAD1374FEAD8
:101F2000826206FB07FC42EA90124FEA80604FEAA9
:101F30001C4C0CFB0BF7D21B03FB0CF761EB0701EE
:101F40000CFB0EF7B0EB074072EB17420CFB08F7E7
:101F500034BFA2EB0742B2EB074261EB17414FEAF5
:101F60008C554FEA910704EB9C2406FB07FC4FEAD3
:101F70001C4C0CFB0BF7B0EBC74072EB573203FB6A
:101F80000CF734BFA2EBC742B2EBC74261EB57314B
:101F90000CFB0EF7B0EBC70072EB57720CFB08F7A7
:101FA00034BFA2EBC702B2EBC70261EB577115EB6E
:101FB0004C254FEA816141EA92114FEA82624FEA71
:101FC000D13742EA901206FB07FC44F100044FEAC5
:101FD00080604FEA1C4C0CFB0BF7D21B03FB0CF789
:101FE00061EB07010CFB0EF7B0EB074072EB1742F9
:101FF0000CFB08F734BFA2EB0742B2EB074261EBE0
:10200000174115EB1C154FEA813141EA92414FEA25
:10201000823242EA90424FEA80304FEA0C7644F135
:10202000000448EA03434EEA0B484FF0000EB2EBBF
:10203000080C71EB030724BF624639464EEB0E0EC7
:102040004FF0000B0018524149414BEB0B0BB2EB28
:10205000080C71EB03077BF1000B24BF6246394685
:102060004EEB0E0E4FF0000B0018524149414BEB66
:102070000B0BB2EB080C71EB03077BF1000B24BFD9
:10208000624639464EEB0E0E51EA020718BF46F083
:10209000010616EB0E7655F1000254F1000103D54E
:1020A000BDE88901BDE80088BDE88901BDE80048B8
:1020B000B619524141EB0101A3F101037047808041
:1020C0007F7E7D7C7B7A7978777676757473727192
:1020D00071706F6E6E6D6C6C6B6A6A69686867664A
:1020E00066656464636362616160605F5F5E5E5DDC
:1020F0005D5C5C5B5B5A5A59595858575756565550
:1021000055555454535352525251515050504F4FB1
:102110004F4E4E4D4D4D4C4C4C4B4B4B4A4A4A4901
:102120004949484848474747474646464545454444
:1021300044444443434343424242424141410000FC
:1021400046EA0646A3F570534FEA164646EA42565B
:102150004FEAD22242EA415210B54FEAD121A3F10F
:10216000010300F02FF820F0004000F1020C00F015
:10217000004701EB00501146BCF5006F40EA070034
:1021800000D210BDBAF1000F0AD01CB503B44FF055
:1021900004004FF004014FF000000FBCBDE81040F8
:1021A0004FF00001BBF1010FB9BF04484FF0FF3100
:1021B0000348002140EA070010BD00BFFFFFEF7F8A
:1021C0000000F07F002B9C4630D477002BD01CB54C
:1021D0004FEA370703B44FF010004FF01001BAF187
:1021E000000F06D0BCF1000FDCBF40F0080040F04B
:1021F00008014FF000000FBCBDE810400BF1010BCF
:10220000BBF1010F08BF5FEA170722BF12F10102FD
:1022100011F101014FF0004143F1000300F00040D3
:1022200043EA00007047F9D35708D0E746EA06466C
:1022300013F1400F4FEA16461FDD13F1200FDFBFE9
:1022400016430A46002120335B42BED0C3F120076B
:1022500046EA064602FA07F74FEA164646EA070636
:10226000C3F1200722FA03F201FA07F721FA03F17A
:102270004FF0000342EA0702A7E746EA020646EAF1
:1022800006464FEA164646EA0106BCBF46EA06463F
:10229000360C4FF000034FF000024FF0000194E7BE
:1022A0002DE9804C9A46934670B491E8380007C8EF
:1022B00031EA400C48BF34EA430C03D5FFF7A3FDD5
:1022C000FFF780FFF0BCBDE8008C2DE9804C9A46FA
:1022D000934670B491E8380007C831EA400C48BF13
:1022E00034EA430C03D5FFF78EFDFFF729FFF0BC5E
:1022F000BDE8008C2DE9804C9A46934670B491E875
:10230000380007C810F0804F08BF13F0804F03D18A
:1023100000F01AF8FFF756FFF0BCBDE8008C2DE97D
:10232000804C9A46934670B491E8380007C810F084
:10233000804F08BF13F0804F03D100F005F8FFF77E
:10234000FFFEF0BCBDE8008C20F07F4780EA030070
:1023500023F07F4C07EB0C03A3F57C5300F0004007
:10236000A3F1FE0392F0000F00F0B38095F0000F90
:1023700000F077802DE901494FEA11404FEA1446F9
:1023800021EA004800FB06FC24EA064708FB06F6A3
:1023900007FB08F800FB07F718EB06484CEB164C58
:1023A0004FEA124B18EB07484FEA15464CEB174023
:1023B00022EA0B4E0BFB06FC25EA06470EFB06F64F
:1023C00007FB0EFE0BFB07F71EEB064E4CEB164C05
:1023D0004FF000061EEB074E4CEB174B18EB0B08AB
:1023E00040F1000018EB0E0B58EB000840F1000024
:1023F0008F1A4FF000013CBFC943661B14BFB5EBF9
:10240000040C00213CBFC943F61B4FEA17444EEAB7
:102410008E0E27EA04454FEA1C4704FB07622CEAAC
:10242000074C05FB07F70CFB05F604FB0CFC16EB51
:10243000074642EB174216EB0C4642EB1C421BEBE5
:10244000060658EB0202414146EA9E0601D5BDE868
:102450000189B619524141EB0101A3F10103BDE825
:1024600001894FEA14454FEA114724EA054621EA5B
:10247000074C05FB07F406FB07F70CFB06F105FB11
:102480000CFC11EB074144EB17444FEA124711EBE8
:102490000C4144EB1C4422EA074C05FB07F206FB07
:1024A00007F70CFB06F605FB0CFC16EB074642EBA8
:1024B000174216EB0C4642EB1C456A1854F100011A
:1024C00048BF7047B619524141EB0101A3F1010326
:1024D000704795F0000F37D04FEA11424FEA14478A
:1024E00021EA024624EA074C02FB07F106FB07F744
:1024F0000CFB06F402FB0CFC14EB074441EB174108
:102500004FEA154714EB0C4441EB1C4125EA074CFC
:1025100002FB07F506FB07F70CFB06F602FB0CFCBB
:1025200016EB074645EB174516EB0C4645EB1C42F0
:10253000121951F1000148BF7047B619524141EBE1
:102540000101A3F1010370474FEA14454FEA114717
:1025500024EA054621EA074C05FB07F106FB07F7CD
:102560000CFB06F24FF0000605FB0CFC12EB0742D9
:1025700041EB174112EB0C4251EB1C4148BF704735
:10258000921841EB0101A3F10103704770B50446B5
:1025900000680168C943490620D4816821F001011F
:1025A000816007F08FF8054613E007F08BF8401BB9
:1025B00002280ED920680068C043400609D4E06CA8
:1025C00040F01000E064206D40F001002065012023
:1025D00070BD20680068C0434006E6D5002070BD8D
:1025E000F8B500260446009600680168C94349060C
:1025F0002ED5816841F001018160164816490068B6
:10260000B0FBF1F000EB400000E0401E009000281D
:10261000FBD107F057F8054615E007F053F8401BCB
:10262000022810D920680068C04340060BD5E06C32
:1026300040F01000E064206D40F00100206584F857
:1026400048600120F8BD20680068C0434006E4D41B
:102650000020F8BD1000002040420F0010B50A48CD
:1026600006F0B4FD6421084806F058FD064806F05F
:102670005BFC064CA060044806F0E3FD052006F074
:102680001BFFA06810BD0000AC58002010580020AF
:102690002DE9F041002507462E462C460BE0FFF7BA
:1026A000DDFF22F0ABFC2A46334622F0E3F9641C3E
:1026B00005460E46E4B2BC42F1D3384622F09EFCF9
:1026C00002460B4628463146BDE8F04122F08EBA5C
:1026D0000949094A983AC9689161002104E093695F
:1026E000491CC9B21B6993618142F8D39069017892
:1026F00041F0010101707047B85500201249124A9B
:10270000983AC968916103281CD005DC98B101286A
:1027100011D002280ED113E0052811D00A2811D0BB
:10272000142807D10869006900699061017841F0B7
:10273000010101707047087840F00100087070478F
:102740000869F2E70869EFE7B855002010B51EF0F8
:10275000C5F9624A0B287CD025DC604C022804F1C4
:10276000080443D0042863D0082873D19079042842
:1027700070D1D07902286DD10FF004FE19F090FECF
:10278000407961284ED019F091FE214621F074FE67
:1027900019F086FE4079612847D019F087FEBDE820
:1027A000104003F0FCBD0C280FD012287ED0132857
:1027B00050D10FF0E7FD1AF0EFFC03284AD10121B8
:1027C000BDE81040022014F045BD907904287BD16B
:1027D000612002F0A5FE1EF03BF94149002008707F
:1027E00019F05EFEBDE8104000F0B8BA90790428F8
:1027F0006AD1D0790C2867D10FF0C4FD19F050FED2
:10280000407961280BD019F051FE0C22214621F0AD
:1028100048FE19F045FEBDE8104000F07DBA19F001
:102820003FFEF2E719F03CFEAFE719F039FEB6E7DC
:102830009079042848D1D079082845D10FF0A2FD1D
:1028400019F02EFE4079612812D019F02FFE214692
:1028500001E013E038E000F049F819F021FE40797A
:10286000612808D019F022FEBDE8104003F090BDA9
:1028700019F016FEEBE719F013FEF5E79079102832
:1028800022D1D0799C281FD10FF07CFD1AF084FC56
:102890005C2801D05D2817D10121022014F0DAFC58
:1028A0001AF080FC80680F49006900E00DE081604B
:1028B0001AF078FC80680C490069C1601AF072FC5B
:1028C000806804210069417110BD0FF05BFD1AF0B2
:1028D00063FC3E283FF473AF10BD00007C5600201F
:1028E0002C550020776B02087B6B02082DE9FF5FF7
:1028F000040079D0487884F87400087884F875006A
:10290000C87884F87600887884F87700487984F865
:102910006C00087984F86D00C87984F86E008879B5
:1029200084F86F00207804F138010291DFF84092BA
:10293000DFF840A2DFF840B204F12B018F4E4207CE
:10294000039165D520F004002070606F60614845F8
:1029500038DB22F0CDFD0022334622F047F9002279
:10296000874B22F05FFB606F07D222F0C1FD00228F
:10297000334622F03BF983A22FE022F0B9FD00227A
:10298000334622F033F90022804B22F04BFB0CD26D
:10299000606F22F0ADFD0022334622F027F922F0CD
:1029A000E9FA03467AA2042124E0606F22F0A0FD38
:1029B0000022334622F01AF90022334622F032FB7D
:1029C0001BD2E5E7504503DA22F092FD71A204E044
:1029D00058450ADA22F08CFD70A2CDE900010521EC
:1029E0000298FDF789FD08E0BFE022F0F9FE0346FA
:1029F0006CA205210298FDF77FFDE06E22F078FDC4
:102A0000CDE9000168A206210398FDF775FDA8E055
:102A1000616FA06822F098FDA060E16E206922F04D
:102A200093FD2061204601F01FFF606F6061E07937
:102A3000401CC0B2E0710328E9D322F009FF05462B
:102A40002946206922F0EEFD00902946A06822F078
:102A5000E9FD054621F092F9DFF85481002720B303
:102A600021F04EFA022820D398F80020404604F1C5
:102A7000AC0104F19408019132B1077040460FF0A7
:102A8000C9FC01980FF0C6FC294640460FF0F5FC42
:102A9000DDE900100FF0F1FC01980FF0D1FC00907F
:102AA00040460FF0CDFC054602E0012188F80010F9
:102AB000204602F073FF002850D1009822F018FD44
:102AC000CDE9000138A206210398FDF715FD4D451B
:102AD00028DB284622F00CFD0022334622F086F83F
:102AE000884605460022264B22F09CFA04D2CDE906
:102AF000005824A2052125E0284641460022234B08
:102B000022F090FA06D3334628464146002222F0AE
:102B100089FA23D22846414622F02CFA03461CA209
:102B2000042118E0554504DA284622F0E1FC19A2F8
:102B300005E05D45284609DA22F0DAFC17A2CDE966
:102B4000000105210298FDF7D7FC07E022F048FEBE
:102B5000034614A205210298FDF7CEFCE771A76099
:102B60002761BDE8FF5F1EF097BABDE8FF9F000038
:102B700000401C46000020410000C84200408F4039
:102B80000000244025332E3166000000000059402B
:102B90002533640025332E326600000025342E31A3
:102BA000660000002534640025352E3266000000E2
:102BB000485800201CB50C46002832D068460BF05F
:102BC00097FEDDE900010FF0BDFC164A612102F815
:102BD000451F102151709C2191706821D1700021F6
:102BE00011710421517108219171010AD171107282
:102BF000010E5172000C9072200AD0721473200ED4
:102C00005073200C90730748112102F8421C453084
:102C10000CF0C0F81EF038FABDE81C400B201EF086
:102C20005FBA1CBD7C5600201CB50C46002832D073
:102C300068460BF05DFEDDE900010FF083FC164AEB
:102C4000612102F8451F102151709C2191706C2167
:102C5000D170002111710421517108219171010A73
:102C6000D1711072010E5172000C9072200AD07254
:102C70001473200E5073200C90730748112102F832
:102C8000421C45300CF086F81EF0FEF9BDE81C40F1
:102C90000B201EF025BA1CBD7C56002010B5002864
:102CA0001BD00E48612100F8451F062141709C2170
:102CB00081705121C17000210171012141710821F0
:102CC00000F8421C054845300CF064F81EF0DCF9B1
:102CD000BDE8104013201EF003BA10BD7C56002042
:102CE0000C4810B5612100F8451F04214170752280
:102CF00082706922C270002202714171082100F8BD
:102D0000421C044845300CF045F8BDE810400C204A
:102D10001EF0E6B97C56002010B500281BD00E48E6
:102D2000612100F8451F0421417075218170452102
:102D3000C1700021017101214171082100F8421C7C
:102D4000054845300CF026F81EF09EF9BDE810400D
:102D500008201EF0C5B910BD7C56002010B5002813
:102D60001BD00E48612100F8451F042141707521D8
:102D700081703021C170002101710621417108214B
:102D800000F8421C054845300CF004F81EF07CF9B0
:102D9000BDE8104002201EF0A3B910BD7C560020F3
:102DA00010B5002818D00D486121752200F8451F84
:102DB0000421417082706922C27000220271417147
:102DC000082100F8421C054845300BF0E3FFBDE840
:102DD000104004201EF084B910BD00007C56002075
:102DE00010B5002827D0144A40F86C1F612102F862
:102DF000451F102151709C2191705721D1700021E5
:102E0000117102215171042191714178D1710178C0
:102E10001172C17851728078907207480D2102F8C2
:102E2000421C45300BF0B6FF1EF02EF9BDE81040F5
:102E300012201EF055B910BD7C56002010B5044676
:102E4000F32000F037F8204000D0012010BD000032
:102E500010B5F92000F02EF80A4C2070F82000F090
:102E600029F86070F72000F025F8A0706178000361
:102E700040EA01102178BDE8104040EA11100DF041
:102E800051BC00005056002070B5FC2000F012F834
:102E90000446FB2000F00EF80546FA2000F00AF880
:102EA000000340EA051040EA1410BDE870400DF040
:102EB0002FBD000070B50B4D06464FF48074002204
:102EC0002146284606F0F9FB30460DF0FFFB0DF0D9
:102ED000F9FB064601222146284606F0EEFB304665
:102EE00070BD0000000402400178427849018078FA
:102EF00041EA82010143C9B2F52000F00BB84178E4
:102F000002784901807841EA82010143C9B2F42084
:102F1000AFF300802DE9F0410B4D0F4606464FF40C
:102F2000807400222146284606F0C7FB30460DF08B
:102F3000CDFB38460DF0CAFB21462846BDE8F041DE
:102F4000012206F0BABB0000000402400949094A08
:102F5000C968983A0029916104D020B1087840F0FE
:102F600001000870704708699061017841F0010123
:102F700001707047B8550020FEE700002DE9F041D0
:102F80001DF0ACFDB449B54CB54D042601F1080760
:102F90000C2814D00ADCA0F102000A2871D2DFE864
:102FA00000F03D70E2707070577071F312380728AE
:102FB00067D2DFE800F0EBEA66661A87B600887928
:102FC00003285ED14A2002F0ABFA1DF041FD19F052
:102FD00067FA40794A2805D019F068FA394600F0B6
:102FE000FFFBBAE019F05CFAF8E78879032848D1CA
:102FF0000FF0C8F919F054FA40794A280BD019F0AB
:1030000055FA394600F030F919F04AFABDE8F041B6
:103010004A2100F09DBE19F043FAF2E788790328AF
:103020002FD10FF0AFF919F03BFA40794A280CD0B4
:1030300019F03CFA0122394600F052FB19F030FA3F
:10304000BDE8F0414A2100F067BE19F029FAF1E726
:103050008879032815D10FF095F919F021FA4079F4
:103060004A280BD019F022FA002100F013FB19F0C6
:1030700017FABDE8F0414A2100F0C2BE19F010FA7B
:10308000F2E780E0887903287DD10FF07BF919F011
:1030900007FA40794A280FD019F008FA394600F0AB
:1030A00045FB19F0FDF940794A2808D019F0FEF9DE
:1030B000BDE8F04103F073B919F0F2F9EEE719F049
:1030C000EFF9F5E7887906285DD10FF05BF91AF082
:1030D00063F8342815D163490120087001460220A5
:1030E00014F0B8F81AF05EF88068006984601AF08D
:1030F00059F880680069C5601AF054F88068006962
:10310000467119F0CDF940794A2807D019F0CEF967
:10311000BDE8F0415049093100F0E0B819F0C0F9BC
:10312000F6E78879062873D10FF02CF91AF034F8F5
:10313000352812D10121022014F08CF81AF032F84F
:103140008068006984601AF02DF880680069C560A5
:103150001AF028F880680069467119F0A1F9BDE8F5
:10316000F04100F0D5B88879032851D10FF00AF961
:1031700019F096F940794A2814D019F097F9394690
:1031800000F02EFB03E043E012E055E042E019F0CE
:1031900087F940794A2808D019F088F9BDE8F0414C
:1031A00003F0F6B819F07CF9E9E719F079F9F5E7D9
:1031B0008879062801D010282AD10FF0E3F819F0F9
:1031C000EBFF512811D008DC03280ED03F280CD08B
:1031D00041280AD050281BD107E0522805D0532897
:1031E00003D0552801D0562812D10121022014F015
:1031F00031F819F0D7FF80680069846019F0D2FFB8
:1032000080680069C56019F0CDFF8068006946716B
:10321000BDE8F08188790628FAD10FF0B3F819F0EB
:10322000BBFF3E2811D019F0B7FF57280DD019F079
:10323000B3FF542809D0EBE788790628E8D10FF0CE
:10324000A1F819F0A9FF0328E2D1BDE8F04101215E
:10325000022013F0FFBF00007C560020776B0208AD
:103260007B6B02085457002010B504000FD049B101
:10327000487884F8C400087884F8C500B4F8C4001D
:1032800030B106E0012024F8C40F0A20608010BD90
:103290000220A4F8C400C87884F8C60088780D49D4
:1032A00084F8C7000020088094F8C600C43421F0D8
:1032B000D1F834F8C409012801D119F0E7FCB4F8B9
:1032C000C63004F1C800BDE8104003A20421FDF798
:1032D00013B900003A5700202533640000280DD0B0
:1032E00049B14A7880F8C420097880F8C510B0F850
:1032F000C41021B104E00121A0F8C41070470221DC
:10330000A0F8C41001490020088070473A570020F7
:1033100010B500281BD00E484A2100F8451F032194
:103320004170052181701D21C170002101710221B0
:103330004171082100F8421C054845300BF02AFD78
:103340001DF0A2FEBDE8104016201DF0C9BE10BD44
:103350007C56002010B5002824D013484A2200F8DB
:10336000452F10224270052282704422C270002232
:10337000027102224271042282710A0AC271017230
:103380000A0E4272090C81720D2100F8421C064897
:1033900045300BF0FFFC1DF077FEBDE810400B2020
:1033A0001DF09EBE10BD00007C56002010B5002808
:1033B00024D013484A2200F8452F102242700522DB
:1033C00082703422C27000220271022242710422F1
:1033D00082710A0AC27101720A0E4272090C81726C
:1033E0000D2100F8421C064845300BF0D3FC1DF0BF
:1033F0004BFEBDE810400B201DF072BE10BD00005A
:103400007C56002010B500281AD00E484A2200F839
:10341000452F06224270052282701D22C2700A0AC0
:1034200002714171082100F8421C064845300BF03A
:10343000B1FC1DF029FEBDE8104017201DF050BE64
:1034400010BD00007C56002010B500281AD00E4890
:103450004A2200F8452F06224270052282701E2261
:10346000C2700A0A02714171082100F8421C064824
:1034700045300BF08FFC1DF007FEBDE81040182012
:103480001DF02EBE10BD00007C56002070B51DF052
:1034900025FB7D4C0B2804F108057DD021DC02289A
:1034A00050D0042879D0082866D00A2876D1A0798F
:1034B000032873D10EF066FF18F0F2FF40790A2856
:1034C00078D018F0F3FF294600F030F918F0E8FF43
:1034D00040790A2873D018F0E9FFBDE8704002F087
:1034E0005EBF0C2812D0122868D0132856D1A079BC
:1034F000062853D10EF046FF19F04EFE03284DD199
:10350000BDE870400121022013F0A4BEA079032879
:1035100044D10A2002F004F81DF09AFA18F0C0FF16
:1035200040790A280BD018F0C1FF294600F058F95D
:1035300018F0B6FFBDE870400A2100F009BC18F091
:10354000AFFFF2E7A079032828D10EF01BFF18F097
:10355000A7FF40790A280CD018F0A8FF00222946BE
:1035600000F0BEF818F09CFFBDE870400A2100F0A2
:10357000D3BB18F095FFF1E7A07903286FD10EF0C7
:1035800001FF18F08DFF40790A2810D018F08EFF47
:10359000002100F07FF803E034E013E05FE009E091
:1035A00018F07EFFBDE870400A2100F029BC18F039
:1035B00077FFEDE718F074FF85E700E050E018F0C2
:1035C0006FFF8AE7A079032849D10EF0DBFE18F0DF
:1035D00067FF40790A280FD018F068FF294600F0ED
:1035E000FFF818F05DFF40790A2808D018F05EFF58
:1035F000BDE8704002F0CCBE18F052FFEEE718F0C4
:103600004FFFF5E7A079062829D10EF0BBFE19F08F
:10361000C3FD50280DD006DC03280AD03F2808D06F
:1036200041281CD105E0512803D0522801D053284D
:1036300015D10121022013F00DFE19F0B3FD8068B1
:1036400012490069816019F0ADFD80681049006978
:10365000C16019F0A7FD806804210069417170BD47
:10366000A0790628FBD10EF08DFE19F095FD3E28BD
:103670003FF446AF19F090FD5728F9D019F08CFDB2
:103680005428F5D070BD00007C560020776B0208EE
:103690007B6B020810B5002815D000222E2499B1AA
:1036A0000B7830338377C4774B78303380F8203011
:1036B00080F821208B78303300F8193F4470C978A6
:1036C00030318170C27010BD31238377C4773021CF
:1036D00080F8201080F8212000F8193F4470F0E7AE
:1036E0002DE9F04300281DD04C2400F8564F4FF030
:1036F000480C4FF02D08442380F801C0432180F886
:1037000002803125C3705F2601714F274FF02009D9
:1037100045714AB137228271C67101724772837254
:1037200080F80B90BDE8F0833822F4E7002805D03C
:1037300029B14A7800F8682F097841707047322122
:10374000A0F868107047000010B500281FD001EBEA
:1037500081004FF6FF7101EA40010D4800F8452F46
:1037600006224270052282708622C2700A0A027105
:103770004171082100F8421C054845300BF00AFB56
:103780001DF082FCBDE810400B201DF0A9BC10BD4F
:103790007C56002010B500281FD001EB81004FF6A9
:1037A000FF7101EA40010D4800F8452F06224270E2
:1037B000052282708522C2700A0A027141710821B5
:1037C00000F8421C054845300BF0E4FA1DF05CFCA3
:1037D000BDE810400B201DF083BC10BD7C560020BE
:1037E0002DE9F04F8BB00D4604007DD0697861F370
:1037F0000700297861F30F20E97880B261F30706AA
:10380000A97861F30F26697961F30707297961F3D4
:103810000F2722F01DF8DFF8CC83414621F002FF8C
:103820002067B0B222F014F8414621F0FBFE606739
:1038300038B221F0F5FFEC4921F0F4FEE066E87AB9
:1038400060F30706A87A60F30F26B0B221F0D6FB2A
:103850000022E64B21F0CAF921F0DAF8E067E87BB4
:1038600060F30707A87B60F30F2738B221F0D8FF79
:10387000C4F8880020F08AFBA8B1E06E21F038FE81
:10388000DB4ADC4B21F00AFC0022DB4B21F0F2F892
:1038900021F0BEF8D949E066884203DC4FF084414C
:1038A000884200DAE16620F063FA002500B9256756
:1038B000207804F12B01420704F1310B04F1380A9E
:1038C00004F14F090A9131D520F004002070606F97
:1038D0006061E06E21F00CFECDE90001C8A2062176
:1038E0000A98FCF709FE00E01DE0206F21F000FEC1
:1038F000CDE90001C4A207215846FCF7FDFD606F29
:1039000021F0F6FDCDE90001BFA207215046FCF7EA
:10391000F3FDE06F21F0ECFDCDE90001BAA2072133
:103920004846FCF7E9FD0BB0BDE8F08F616FA06879
:1039300021F00AFEA060216FE06821F005FEE06042
:10394000E16E206921F000FEDFF8C4822061464666
:10395000E16FD8F8000021F0F7FD3060204600F05C
:1039600083FF606F6061617904F1B80009901838D5
:1039700005900C3803901830A64E07904A297DD147
:10398000E079401CC0B2E071032805D218F094FD24
:10399000B0F8C4000228F2D1E07921F059FF0746BF
:1039A0003946206921F03EFE06903946E06821F054
:1039B00039FE04903946A06821F034FE0290394661
:1039C000D8F8000021F02EFE089020F0DFF998B31F
:1039D00020F09EFA022830D3307860B13570039819
:1039E0000EF018FD05980EF015FD07980EF012FD6B
:1039F00009980EF00FFDDDE902100EF03EFDDDE945
:103A000004100EF03AFDDDE906100EF036FDDDE99A
:103A100008100EF032FD07980EF012FD0690039884
:103A20000EF00EFD029005980EF00AFD0490099824
:103A30000EF006FD089002E0FFE701203070B4F8B8
:103A4000C40001280AD018F02DFF074620F0AAFA7A
:103A5000401D874202D3704805702DE0204601F0DA
:103A60009DFF48BB069821F043FDCDE9000164A20B
:103A700006210A98FCF740FD049800E022E021F0BE
:103A800037FDCDE9000160A207215846FCF734FD5F
:103A9000029821F02DFDCDE900015BA207215046DF
:103AA000FCF72AFD089821F023FDCDE9000156A27C
:103AB00007214846FCF720FDE571A560E56025611A
:103AC000C8F8005060790A287FF42DAFE079401CD7
:103AD000C0B2E0710328FFF426AF21F0B9FE07461B
:103AE0003946206921F09EFD06903946E06821F0B4
:103AF00099FD04903946A06821F094FD3946029062
:103B00004746D8F8000021F08DFD804620F03EF9B0
:103B100098B320F0FDF9022830D3307860B13570C9
:103B200003980EF077FC05980EF074FC07980EF0E1
:103B300071FC09980EF06EFCDDE902100EF09DFCA0
:103B4000DDE904100EF099FCDDE906100EF095FC9D
:103B5000414609980EF091FC07980EF071FC069012
:103B600003980EF06DFC029005980EF069FC04902D
:103B700009980EF065FC804602E0FFE701203070F6
:103B8000204601F00BFF38BB069821F0B1FCCDE9CF
:103B900000011BA206210A98FCF7AEFC049821F054
:103BA000A7FCCDE9000118A207215846FCF7A4FCA8
:103BB000029821F09DFCCDE9000113A20721504697
:103BC000FCF79AFC404621F093FCCDE900010EA2DF
:103BD00007214846FCF790FCE571A560E56025618A
:103BE0003D60A0E6000020410000C84200002440E3
:103BF000CDCCCCCCCCCCFC3F0000404000000C43F2
:103C000025352E316600000025362E316600000075
:103C100080580020485800205457002010B5002834
:103C200019D00D4800F8452F0622427005228270F7
:103C30001422C2700A0A02714171082100F8421C64
:103C4000054845300BF0A6F81DF01EFABDE81040FF
:103C500012201DF045BA10BD7C56002010B500287A
:103C60001AD00E4800F8451F0621417005218170C9
:103C70001521C1700021017179214171082100F8DD
:103C8000421C064845300BF085F81DF0FDF9BDE8F3
:103C9000104013201DF024BA10BD00007C560020F7
:103CA00010B5002819D00D4800F8452F06224270A3
:103CB000052282701022C2700A0A02714171082125
:103CC00000F8421C054845300BF064F81DF0DCF9A3
:103CD000BDE8104012201DF003BA10BD7C56002034
:103CE00070B50C4C0825294604F8450F0320607078
:103CF0000520A0700020E07020710648657104F86E
:103D0000425D45300BF046F82570BDE870400C2050
:103D10001DF0E6B97C5600200C4810B500F8451F90
:103D200003214170052181700021C17001710821BA
:103D3000417100F8421C054845300BF02BF81DF08E
:103D4000A3F9BDE8104008201DF0CAB97C56002038
:103D500070B5002833D00023032405251848082215
:103D60004A2902D00A2910D01CE04A2180F84510C7
:103D700080F8464080F84750C02180F8481080F80D
:103D80004930102180F84A100CE00A2180F84510D3
:103D900080F8464080F8475080F8483080F8493035
:103DA00080F84A20C2700648114645300AF0F2FFFA
:103DB0001DF06AF9BDE8704002201DF091B970BD98
:103DC0007C56002010B5002816D00C4800F8451F7E
:103DD00003214170052181700021C170017108210A
:103DE000417100F8421C054845300AF0D3FFBDE898
:103DF000104004201DF074B910BD00007C56002056
:103E00000D4810B500F8451F032141700521817050
:103E10001021C1700021017101214171082100F8B8
:103E2000421C054845300AF0B5FF1DF02DF9BDE8EC
:103E300010400A201DF054B97C56002010B500280F
:103E400019D00D4800F8452F0622427005228270D5
:103E50000722C2700A0A02714171082100F8421C4F
:103E6000054845300AF096FF1DF00EF9BDE81040F8
:103E700012201DF035B910BD7C56002010B5002869
:103E80001FD001EB81004FF6FF7101EA40010D48A0
:103E900000F8452F06224270052282708822C270E7
:103EA0000A0A02714171082100F8421C0548453098
:103EB0000AF070FF1DF0E8F8BDE810400B201DF07F
:103EC0000FB910BD7C56002010B500281FD001EBA3
:103ED00081004FF6FF7101EA40010D4800F8452FBF
:103EE00006224270052282708722C2700A0A02717D
:103EF0004171082100F8421C054845300AF04AFF8C
:103F00001DF0C2F8BDE810400B201DF0E9B810BD4F
:103F10007C56002070B51CF0E1FD744C0B2804F1B8
:103F200008056FD01FDC022850D0042873D0082861
:103F30006AD1A079042867D10EF024FA18F0B0FAFB
:103F400040795F2861D018F0B1FA294620F094FA40
:103F500018F0A6FA40795F285AD018F0A7FABDE801
:103F6000704002F01CBA0C2815D0122873D0132808
:103F70004AD1E0799C2847D1207A512844D10EF0CB
:103F800001FA19F009F903283ED1BDE8704001217A
:103F9000022013F05FB9A079042835D15F2001F029
:103FA000BFFA1CF055FD18F07BFA40795F280AD063
:103FB00018F07CFA294600F013F918F071FABDE800
:103FC000704000F0FFBA18F06BFAF3E7A07904280C
:103FD00077D1E0790C2874D10EF0D4F918F060FA9A
:103FE00040795F280BD018F061FA0C22294620F0A6
:103FF00058FA18F055FABDE8704000F0C1BA18F050
:104000004FFAF2E72BE006E05BE018F049FA9CE794
:1040100018F046FAA3E7A079042852D1E0791C28C9
:104020004FD10EF0AFF918F03BFA40795F280FD06E
:1040300018F03CFA294600F0D3F818F031FA40792C
:104040005F2809D018F032FABDE8704002F0A0B93C
:1040500018F026FAEEE735E018F022FAF4E7A07936
:1040600010282ED1E0799C282BD10EF08BF919F075
:1040700093F84C280FD008DC03280CD03F280AD036
:10408000412808D04B281CD105E04D2803D04E28EC
:1040900001D04F2815D10121022013F0DBF819F0CF
:1040A00081F8806812490069816019F07BF88068A6
:1040B00010490069C16019F075F880680421006931
:1040C000417170BDE0799C28FBD10EF05BF919F0CD
:1040D00063F83E283FF459AF19F05EF85728F9D03D
:1040E00019F05AF84A28F5D070BD00007C5600201F
:1040F000776B02087B6B02081CB50C46002832D097
:1041000068460AF0F5FBDDE900010EF01BFA164ADD
:104110005F2102F8451F102151709C21917066218A
:10412000D170002111710421517108219171010A8E
:10413000D1711072010E5172000C9072200AD0726F
:104140001473200E5073200C90730748112102F84D
:10415000421C45300AF01EFE1CF096FFBDE81C40D4
:104160000B201CF0BDBF1CBD7C5600201CB50C46AE
:10417000002832D068460AF0BBFBDDE900010EF0F2
:10418000E1F9164A5F2102F8451F102151709C2168
:1041900091706A21D170002111710421517108219F
:1041A0009171010AD1711072010E5172000C90725E
:1041B000200AD0721473200E5073200C907307489D
:1041C000112102F8421C45300AF0E4FD1CF05CFFAE
:1041D000BDE81C400B201CF083BF1CBD7C5600209A
:1041E0002DE9FE4F04007DD0487884F874000878EB
:1041F00084F87500C87884F87600887884F87700A9
:10420000487904F86C0F08796070C879A0708879D3
:10421000E070487A2071087A6071C87AA071887A53
:10422000E071487B2073087B6073C87BA073887B38
:10423000E073487C2074087C6074C87CA074887C1F
:10424000E074487D2075087D6075C87DA075887D07
:10425000E075487E2076087E6076C87EA076887EEF
:10426000E0766C3C1FF092FEA8B1E06E21F040F9C0
:104270006B4A6C4B20F012FF00226B4B20F0FAFBD4
:1042800020F0C6FB6949E066884203DC4FF08441B8
:10429000884200DAE166207804F12B07410704F137
:1042A000310604F1380526D520F004002070606F37
:1042B0006061E06E21F01CF9CDE900015CA20621ED
:1042C0003846FCF719F9206F21F012F9CDE9000109
:1042D00059A207213046FCF70FF9606F21F008F969
:1042E00055A200E005E0CDE9000107212846FCF7D2
:1042F00003F9BDE8FE8F616FA06821F025F9A06089
:10430000216FE06821F020F9E060E16E206921F082
:104310001BF92061204600F0A7FA606F6061E07928
:10432000401CC0B2E0710328E3D321F091FA80462B
:104330004146206921F076F902904146E06821F07B
:1043400071F983464146A06821F06CF982461FF05E
:104350001DFDDFF8EC904FF0000890B31FF0D8FD82
:1043600002282FD399F8001004F1A00001904A46CA
:104370000C3804F1AC09009051B182F8008000982B
:104380000EF048F801980EF045F848460EF042F855
:10439000514600980EF071F8594601980EF06DF8EC
:1043A000484602990EF069F848460EF049F8029026
:1043B00000980EF045F8824601980EF041F88346C9
:1043C00003E0FFE7012189F80010204601F0E6FA3A
:1043D000E8B9029821F08CF8CDE9000114A2062179
:1043E0003846FCF789F8584621F082F8CDE90001FB
:1043F00011A207213046FCF77FF8504621F078F8EB
:10440000CDE900010CA207212846FCF775F884F8D5
:104410000780C4F80880C4F80C80C4F8108068E7EE
:10442000CDCCCCCCCCCCFC3F0000404000000C43B9
:1044300025352E326600000025362E32660000003B
:104440004858002010B500281BD00E485F2100F806
:10445000451F062141709C2181705321C1700021AC
:10446000017101214171082100F8421C05484530C5
:104470000AF090FC1CF008FEBDE8104012201CF071
:104480002FBE10BD7C56002010B500281BD00E4852
:104490005F2100F8451F062141709C218170512148
:1044A000C1700021017101214171082100F8421CF5
:1044B000054845300AF06EFC1CF0E6FDBDE81040F2
:1044C00013201CF00DBE10BD7C5600201CB50C4600
:1044D000002832D068460AF00BFADDE900010EF040
:1044E00031F8164A5F2102F8451F102151709C21B6
:1044F00091706E21D1700021117104215171082138
:104500009171010AD1711072010E5172000C9072FA
:10451000200AD0721473200E5073200C9073074839
:10452000112102F8421C45300AF034FC1CF0ACFDAD
:10453000BDE81C400B201CF0D3BD1CBD7C560020E8
:1045400070B50E4C5F20082504F8450F04206070FC
:104550007520A0706920E070002020710620607135
:10456000064804F8425C294645300AF013FC04F87A
:10457000425CBDE870400C201CF0B2BD7C560020AF
:1045800010B500281BD00E485F2100F8451F0421FC
:104590004170752181704421C17000210171022197
:1045A0004171082100F8421C054845300AF0F2FB31
:1045B0001CF06AFDBDE8104008201CF091BD10BD44
:1045C0007C56002010B500281BD00E485F2100F853
:1045D000451F04214170752181703021C170002177
:1045E000017106214171082100F8421C054845303F
:1045F0000AF0D0FB1CF048FDBDE8104002201CF082
:104600006FBD10BD7C56002010B5002819D00D4894
:104610005F2100F8451F04214170752181706921D7
:10462000C170002101710E214171082100F8421C66
:10463000044845300AF0AEFBBDE8104004201CF0F1
:104640004FBD10BD7C5600201CB50C46002832D052
:1046500068460AF04DF9DDE900010DF073FF164AD6
:104660005F2102F8451F102151709C219170722129
:10467000D170002111710421517108219171010A39
:10468000D1711072010E5172000C9072200AD0721A
:104690001473200E5073200C90730748112102F8F8
:1046A000421C45300AF076FB1CF0EEFCBDE81C40D5
:1046B0000B201CF015BD1CBD7C5600201CB50C4603
:1046C000002832D068460AF013F9DDE900010DF048
:1046D00039FF164A5F2102F8451F102151709C21B5
:1046E00091706021D1700021117104215171082154
:1046F0009171010AD1711072010E5172000C907209
:10470000200AD0721473200E5073200C9073074847
:10471000112102F8421C45300AF03CFB1CF0B4FCAD
:10472000BDE81C4012201CF0DBBC1CBD7C560020E8
:104730001CB50C46002832D068460AF0D9F8DDE9ED
:1047400000010DF0FFFE164A5F2102F8451F1021FF
:1047500051709C2191707621D1700021117104213A
:10476000517108219171010AD1711072010E5172BB
:10477000000C9072200AD0721473200E5073200C1B
:1047800090730748112102F8421C45300AF002FBE1
:104790001CF07AFCBDE81C400B201CF0A1BC1CBD29
:1047A0007C5600201CB500282BD068460AF0A0F8E3
:1047B000DDE900010DF0C6FE124A5F2102F8451F37
:1047C000102151709C2191706421D17000211171D0
:1047D0000221517104219171010AD1711072010EEF
:1047E0005172000C907207480D2102F8421C4530AE
:1047F0000AF0D0FA1CF048FCBDE81C4012201CF066
:104800006FBC1CBD7C56002030B503464FF6FF70D0
:104810004AF201040CE013F8012B50400022C507B6
:1048200002D084EA500000E04008521C082AF6D367
:10483000491E89B2EFD230BD30B505460C46881E00
:1048400081B22846FFF7E0FF2919C3B211F8022C04
:104850009A4206D111F8011CB1EB102F01D10120B1
:1048600030BD002030BD00002DE9F0470025044692
:104870002F4618F091FCDFF8F4923F287BD018F017
:104880008BFC402877D018F087FC472873D018F0AD
:1048900083FC48286FD018F07FFC49286BD018F0B3
:1048A0007BFC582867D018F077FC592863D018F0A3
:1048B00073FC5A285FD018F06FFC5F285BD018F0AB
:1048C0006BFC5B2857D018F067FC452853D018F0D4
:1048D00063FC46284FD018F05FFC50284BD018F0EE
:1048E0005BFC552847D018F057FC512843D018F0EE
:1048F00053FC52283FD018F04FFC56283BD018F0FC
:104900004BFC532837D018F047FC4A2833D018F016
:1049100043FC4B282FD018F03FFC4C282BD018F02C
:104920003BFC4D2827D018F037FC4E2823D018F038
:1049300033FC4F281FD018F02FFC5C281BD018F038
:104940002BFC5D2817D018F027FC5E2813D018F038
:1049500023FC42280FD01CF0BBF8854E0E2828D22D
:1049600000E008E0DFE800F0171E3F464D545B62B0
:104970006A71787F868D0DF055FB4946D9F80400A1
:1049800001F00CF8002804D04868017821F00801F3
:104990000170BDE8F0871FF0C1F856F820501FF0F5
:1049A00003F905E01FF0E6F856F820501FF02AF949
:1049B00007464FF00008012FEBD16169606F21F0CD
:1049C00097F820F095FD002206460F46134620F08A
:1049D00063FC414666D82171A07870B36078401CB2
:1049E0006070A17067E01FF0BFF856F820501FF00C
:1049F00003F9DDE71FF09FF856F820501FF0E1F8AB
:104A0000D6E71FF091F856F820501FF0D3F8CFE703
:104A10001FF0A4F856F820501FF0E8F8C8E71FF080
:104A200091F856F820501FF0D5F8C1E71FF082F832
:104A300056F820501FF0C4F8BAE729E01FF060F8DC
:104A400056F820501FF0A2F8B2E71FF061F856F8B0
:104A500020501FF0A3F8ABE71FF04CF856F8205099
:104A60001FF08EF8A4E71FF04DF856F820501FF005
:104A70008FF89DE71FF060F856F820501FF0A4F85B
:104A800096E71FF065F856F820501FF0A9F88FE759
:104A9000E078401CC0B2E0700328A2D36170E170DE
:104AA00021719EE7E170A078012816D06078401C43
:104AB00060700120A070284620F01AFD02460B46C7
:104AC000304627F0004120F0E7FB10D884F8018041
:104AD00084F8038084F804805BE72079401CC0B22E
:104AE00020710328E5D36170E1702171E1E76078FE
:104AF0000328F1D384F801801FF092F988B320785D
:104B000000072ED4D9F8040061794D4640798842D7
:104B100004D11BF0DDFF1AF00BFA1EE0134E08362D
:104B200006F10807706842798A420AD168603078D5
:104B300028701BF0CDFF1AF0FBF9786868603878B0
:104B40000AE078686860387828701BF0C1FF1AF0B6
:104B5000EFF970686860307828700121084612F01B
:104B600079FB207840F00800207012E74C580020B4
:104B7000F47E020870B51BF0B1FF7F4C801E04F17B
:104B8000080512286FD2DFE800F01AD672D691D647
:104B900036D6D6AC09D651D6D6D6D7E5A0790428D4
:104BA00061D1602000F0BCFC1BF052FF7349002073
:104BB000087017F075FCBDE8704000F027BBA079C5
:104BC000042850D1E0790C284DD10DF0DBFB17F013
:104BD00067FC407960280BD017F068FC0C2229464E
:104BE0001FF05FFC17F05CFCBDE8704000F0ECBA11
:104BF00017F056FCF2E7A079042834D1E0790228B6
:104C000031D10DF0BFFB17F04BFC407960280AD082
:104C100017F04CFC29461FF02FFC17F041FCBDE8B3
:104C2000704000F093BA17F03BFCF3E7A07903283B
:104C300019D10DF0A7FB17F033FC407960280FD095
:104C400017F034FC294600F09FF817F029FC407952
:104C5000602809D017F02AFCBDE8704001F09FBB26
:104C600017F01EFCEEE766E017F01AFCF4E7A079F7
:104C7000042860D1E07908285DD10DF083FB17F09E
:104C80000FFC4079602805D017F010FC294600F091
:104C900083F81DE017F004FCF8E717F001FC01E0D1
:104CA00017F004FCBDE8704001F072BBA079042845
:104CB00041D1E07904283ED10DF064FB17F0F0FB00
:104CC000407960280AD017F0F1FB294600F0ACF9D2
:104CD00017F0E6FB40796028E2D1DEE717F0E0FB51
:104CE000F3E7A079102826D1E0799C2823D10DF094
:104CF00049FB18F051FA5B2801D05F281BD1012134
:104D0000022012F0A7FA18F04DFA80681C490069D9
:104D100000690069816018F045FA806819490069E6
:104D200000690069C16018F03DFA806804210069DB
:104D300000690069417170BDE0799C28FBD10DF0DC
:104D400021FB18F029FA3E2810D018F025FA312856
:104D50000CD070BDE0799C28FBD1207A5128F8D185
:104D60000DF010FB18F018FA0328F2D1BDE87040DE
:104D70000121022012F06EBA7C5600202C55002032
:104D8000776B02087B6B0208002804D04A7800F891
:104D9000682F0978417070472DE9F04F85B0040005
:104DA0006DD0487884F87400087884F87500C87865
:104DB00084F87600887884F87700487984F86C0065
:104DC000087984F86D00C87984F86E00887984F8D1
:104DD0006F00002626671FF0D9F8A8B1E06E20F01A
:104DE00087FB844A844B20F059F90022834B1FF043
:104DF00041FE1FF00DFE8249E066884203DC4FF061
:104E00008441884200DAE1662078DFF8F8A104F1F5
:104E10003801420704F12B0804F13107CAF1000BF5
:104E200004913FD520F004002070606F6061E06E57
:104E300020F05EFBCDE9000173A206214046FBF79E
:104E40005BFB206F20F054FBCDE900016EA207212F
:104E50003846FBF751FB606F10F1FF4F01D2504510
:104E600004DB00EB0B01B1F1D47F0BD220F040FB4F
:104E7000CDE9000166A207210498FBF73DFB05B0D0
:104E8000BDE8F08F6449421864498A42F7D220F0A5
:104E9000A7FC0346049805B061A2BDE8F04F0721C6
:104EA000FBF72ABB616FA06820F04EFBA060216F6A
:104EB000E06820F049FBE060E16E206920F044FBEF
:104EC00020612046FFF7D0FC606F6061E079401CF4
:104ED000C0B2E0710328D2D320F0BAFC05462946BF
:104EE000206920F09FFB01902946E06820F09AFBA2
:104EF00002902946A06820F095FB05461EF04CFF65
:104F0000DFF8209188B31FF009F802282ED399F812
:104F1000001004F1A00003904A460C3804F1AC09DB
:104F2000009049B1167000980DF074FA03980DF0D6
:104F300071FA48460DF06EFA294600980DF09DFA78
:104F4000DDE902100DF099FA484601990DF095FA45
:104F500048460DF075FA019000980DF071FA05467B
:104F600003980DF06DFA029003E0FFE7012189F844
:104F70000010204600F012FD38BB019820F0B8FA6E
:104F8000CDE9000120A206214046FBF7B5FA0298C0
:104F900020F0AEFACDE900011BA207213846FBF74D
:104FA000ABFA15F1FF4F01D2554504DB05EB0B00C1
:104FB000B0F1D47F0AD2284620F09AFACDE9000158
:104FC00013A207210498FBF797FA0DE0124829185D
:104FD0001248814208D2284620F002FC034610A263
:104FE00007210498FBF788FAE671A660E66026615F
:104FF00045E70000CDCCCCCCCCCCFC3F0000404001
:1050000000000C430000204125352E3266000000D0
:1050100025352E3166000000000038BD00A0440395
:1050200025356400485800201CB5040019D0487884
:1050300084F87800087884F87900C87884F87A00D1
:10504000887884F87B000749A06F20F049FC20F0A5
:105050004FFACDE9000104A2082104F14700FBF753
:105060004BFA1CBD00007A4425352E326600000044
:1050700010B500281BD00E48602100F8451F0621FE
:1050800041709C2181705121C17000210171012169
:105090004171082100F8421C0548453009F07AFEAC
:1050A0001BF0F2FFBDE8104013201CF019B810BD32
:1050B0007C5600207CB50C46050044D0684609F0BB
:1050C00017FCDDE900010DF03DFA1F4A60231021B5
:1050D00082F8453082F84610B5F868109C25B1F585
:1050E000807F2BD0A1F57063FF3B04D182F847503D
:1050F000682182F84810002102F8491F04215170EC
:1051000008219170010AD1701071010E5171000CCB
:105110009071200AD0711472200E5072200C90727F
:105120000948112102F8461C453009F033FE1BF0F6
:10513000ABFFBDE87C400B201BF0D2BF82F847508C
:1051400082F84830D7E77CBD7C56002010B5002897
:105150001BD00E48602100F8451F032141709C219F
:1051600081704E21C170002101710121417108211E
:1051700000F8421C0548453009F00CFE1BF084FF86
:10518000BDE810400E201BF0ABBF10BD7C560020C8
:105190000C4810B5602100F8451F042141707522AC
:1051A00082706922C270002202714171082100F8E8
:1051B000421C0448453009F0EDFDBDE810400C20CC
:1051C0001BF08EBF7C56002010B500281BD00E4867
:1051D000602100F8451F042141707521817045212F
:1051E000C1700021017101214171082100F8421CA8
:1051F0000548453009F0CEFD1BF046FFBDE81040E4
:1052000008201BF06DBF10BD7C56002010B5002893
:105210001BD00E48602100F8451F04214170752104
:1052200081703021C1700021017106214171082176
:1052300000F8421C0548453009F0ACFD1BF024FF86
:10524000BDE8104002201BF04BBF10BD7C56002073
:1052500010B5002818D00D486021752200F8451FB0
:105260000421417082706922C27000220271417172
:10527000082100F8421C0548453009F08BFDBDE8C7
:10528000104004201BF02CBF10BD00007C560020F5
:1052900010B5002819D00D48602100F8451F0421E1
:1052A0004170752181707821C17000210171022146
:1052B0004171082100F8421C0448453009F06AFD9C
:1052C000BDE8104006201BF00BBF10BD7C5600202F
:1052D00010B500281AD00E48602200F8452F06228B
:1052E00042709C2282704E22C2700A0A0271417181
:1052F000082100F8421C0648453009F04BFD1BF020
:10530000C3FEBDE8104012201BF0EABE10BD000035
:105310007C5600207CB50C46050043D0684609F059
:10532000E7FADDE900010DF00DF91F4A60219C2329
:1053300082F84510102182F84610B5F86810B1F5D2
:10534000807F2BD0A1F57065FF3D04D182F84730F6
:105350006C2182F84810002102F8491F0421517085
:1053600008219170010AD1701071010E5171000C69
:105370009071200AD0711472200E5072200C90721D
:105380000948112102F8461C453009F003FD1BF0C5
:105390007BFEBDE87C400B201BF0A2BE82F84730AC
:1053A0006421D6E77CBD00007C56002010B50028A3
:1053B00027D0144A40F86C1F602102F8451F1021C5
:1053C00051709C2191705721D170002111710221DF
:1053D0005171042191714178D17101781172C178B4
:1053E00051728078907207480D2102F8421C4530B6
:1053F00009F0D0FC1BF048FEBDE8104012201BF065
:105400006FBE10BD7C5600204FF461710148FBF760
:10541000ECB900009A78002010B50E4C6421207879
:1054200020F00700207004F12800FBF700FA0020AC
:10543000C4F80500C4F80900A4F80D00E073206169
:105440006061A061A4F80300E06120626062A4F8DA
:10545000010010BD58570020024800210161416140
:10546000816170475857002064210148FBF7DFB97C
:105470008057002002480021C161016241627047EB
:1054800058570020014817F06FBE0000B8550020A3
:105490000D48A0F19802C1689161002905D00878F3
:1054A000430703D540F00100087070479069006918
:1054B000906103785B0704D5017841F00101017028
:1054C00070478142F2D17047B8550020014803F07F
:1054D00020BF0000F85A0020014803F01ABF000066
:1054E000705A0020014803F014BF0000B45A002095
:1054F00030B590F8404004F01C050124AC40C56B69
:105500006C60046863604368102B036803D0996083
:105510000068C26030BD9A600068C16030BD0000A4
:105520002DE9F04706460E25CC20FAF7BBFE040015
:1055300072D00027C4F8947004F18000C4F8987009
:10554000C4F89C70076247628762C762076347635B
:105550004E2E0BD014DC212E21D008DC012E3BD0A6
:10556000092E77D00A2E76D01D2E75D17AE1222E03
:1055700073D0342E73D04A2EF5D04D2EF5D154E190
:10558000A6F15100112867D2DFE800F009666666CF
:10559000666666666609472669A3F8C0DC0033467E
:1055A000C8A2062104F12300FAF7A6FF00251EF089
:1055B000F9FB002850D01EF0B7FC014604F194001E
:1055C0000CF048FF1EF0B0FC014604F1A0000CF006
:1055D00041FF1EF0A9FC1BE03346BCA2062104F1EA
:1055E0002300FAF789FF01251EF008FC0028E1D00E
:1055F0001EF0C6FC014604F194000CF02BFF1EF0D7
:10560000BFFC014604F1A0000CF024FF1EF0B8FC22
:10561000014604F1AC00D8E005E13346ADA2072114
:1056200004F12300FAF768FF02251EF0E1FB0028D1
:10563000C0D01EF09FFC014604F194000CF00AFF5C
:105640001EF098FC014604F1A0000CF003FF1EF0D0
:1056500091FCDDE720E091E0A1E03AE0FFE733468E
:105660009FA2072104F12300FAF746FF04251EF04C
:105670009FFB00289ED01EF05DFC014604F19400C3
:105680000CF0E8FE1EF056FC014604F1A0000CF000
:10569000E1FE1EF04FFCBBE7334693A2072104F165
:1056A0002300FAF729FF05251EF09CFB002876D081
:1056B0001EF05AFC014604F194000CF0CBFE1EF0E3
:1056C00053FC014604F1A0000CF0C4FE1EF04CFC9B
:1056D0009EE7334687A2082104F12300FAF70CFF66
:1056E00006251EF073FB002871D01EF031FC014628
:1056F00004F194000CF0AEFE1EF02AFC014604F109
:10570000A0000CF0A7FE1EF023FC81E733467CA22C
:10571000072104F12300FAF7EFFE09251EF03CFBF8
:10572000E8B31EF0FBFB014604F194000CF092FE7E
:105730001EF0F4FB014604F1A0000CF08BFE1EF0FD
:10574000EDFB65E7334671A2072104F12300FAF768
:10575000D3FE0A251EF012FB08B31EF0D1FB014652
:1057600004F194000CF076FE1EF0CAFB014604F131
:10577000A0000CF06FFE1EF0C3FB49E7334666A2A3
:10578000072104F12300FAF7B7FE0B251EF0FEFAFD
:1057900028B11EF0BDFB014604F1940000E016E0C4
:1057A0000CF058FE1EF0B4FB014604F1A0000CF012
:1057B00051FE1EF0ADFB014604F1AC000CF04AFEB8
:1057C0001EF0A6FB014604F1B8000CF043FE84F87D
:1057D000627020784FF0300820F00B0040F0040099
:1057E00020706671676727674FF02E09E766612EA4
:1057F00057D03146204601F0EFFD204601F02CFE47
:10580000202084F82B0084F82C8084F82D9084F8D4
:105810002E80444884F82F8084F830704168E1B3CA
:10582000103044600570BDE8F08733463EA2082181
:1058300004F12300FAF760FE0C251EF0C1FA0028DF
:10584000C5D01EF07FFB014604F194000CF002FE6F
:105850001EF078FB014604F1A0000CF0FBFD1EF0E9
:1058600071FBD5E6334633A2082104F12300FAF791
:1058700043FE0D251EF0B0FA0028A8D01EF06EFBE6
:10588000014604F194000CF0E5FD1EF067FB0146B3
:1058900004F1A0000CF0DEFD00E00DE01EF05EFB68
:1058A000B6E684F8388084F8399084F83A8084F831
:1058B0003B8084F83C70A3E71A4908314C6044608F
:1058C0000D70AFE7444F202530326400704820252A
:1058D00030326400547572202530326400000000BC
:1058E00045432025303264004F5250202530326429
:1058F000000000004E48334E202530326400000086
:1059000043686C202530326400000000426761204B
:105910002530326400000000434F442025303264BB
:10592000000000004C5800204D4C535320253032CD
:10593000640000004F6957202530326400000000E9
:105940000248002141600E21017070475458002028
:105950000248002141600E21017070475C58002010
:1059600000224FF07E5101F033B8000002480021C0
:1059700041600E21017070474C5800200868704744
:10598000D0F884007047006F7047406F7047007810
:10599000C0F340007047D0F8800070470078C0F333
:1059A000C000704770B51BF099F8A34C142804F19F
:1059B000080571D2DFE800F070A61870B270707040
:1059C000357050D50A7074F98FF8F7F6A07903286E
:1059D00062D15120FFF7A4FD1BF03AF816F060FDEC
:1059E000BDE8704000F078BFA079032854D1E07979
:1059F0000E2851D10CF0C6FC16F052FD407951280A
:105A00000CD016F053FD8C490C22093100F00AFD30
:105A100016F046FDBDE8704000F03CBF16F040FDBA
:105A2000F1E7A079032837D1E079042834D10CF0CC
:105A3000A9FC16F035FD407951280AD016F036FD44
:105A4000294600F0D6FC16F02BFDBDE8704000F0B2
:105A5000C1BE16F025FDF3E7A07903281CD1E0793B
:105A6000082819D10CF08EFC16F01AFD4079512847
:105A70000FD016F01BFD294600F098FC16F010FD23
:105A80004079512809D016F011FDBDE8704000F0B2
:105A900086BC16F005FDEEE783E016F001FDF4E7A5
:105AA000A07903287DD1E07904287AD10CF06AFC32
:105AB00016F0F6FC407951280AD016F0F7FC29467A
:105AC00000F0C8FC16F0ECFCBDE8704000F0C0BE71
:105AD00016F0E6FCF3E7A079032873D1E0790428F7
:105AE00070D10CF04FFC16F0DBFC4079512806D049
:105AF00016F0DCFC2946BDE8704000F06EBC16F0E4
:105B0000CFFCF7E7E07930285CD10CF03BFC16F0D5
:105B1000C7FC847916F0C4FC447187E0A07903289F
:105B200050D1E0790C284DD10CF02CFC16F0B8FCCB
:105B3000407951280FD016F0B9FC294600F02CFD11
:105B400016F0AEFC4079512808D016F0AFFCBDE845
:105B5000704000F01DBC16F0A3FCEEE716F0A0FCB0
:105B6000F5E7A07910282DD1E07911282AD10CF081
:105B700009FC17F011FB032804D03F2806D0412868
:105B800020D103E00121022011F064FB0121022059
:105B900011F060FB17F006FB8068284900698160FE
:105BA00004E00FE036E00EE01AE026E017F0FAFA23
:105BB000806823490069C16017F0F4FA8068042105
:105BC0000069417170BDA0791028FBD1E079762879
:105BD000F8D10CF0D7FB17F0DFFA3E2826D070BDC5
:105BE000A0791028FBD1E0792428F8D10CF0CAFB69
:105BF00017F0D2FA112819D070BDA0791028FBD166
:105C0000E0791528F8D10CF0BDFB17F0C5FA122881
:105C10000CD070BDE0790028FBD1607AFC28F8D167
:105C20000CF0B0FB17F0B8FA0328F2D1BDE87040D1
:105C30000121022011F00EBB7C560020776B020878
:105C40007B6B020810B51AF049FF9C490F2861D000
:105C500015DC032874D004282CD0092873D00C2814
:105C600070D1887903286DD12120FFF759FC1AF0F3
:105C7000EFFE16F015FCBDE8104000F099BA1128AF
:105C800048D0132878D0142844D015285AD18879C0
:105C9000062857D1C879002854D10CF073FB16F0B0
:105CA000FFFB4079212868D016F000FCBDE81040C9
:105CB00000F0A8BA8879032844D1C879102841D1C6
:105CC0000CF060FB16F0ECFB4079212819D016F09F
:105CD000EDFB7A49083100F0F7F816F0E1FB407966
:105CE000212811D016F0E2FB00F052FB16F0D8FB91
:105CF000407921280BD016F0D9FBBDE8104000F008
:105D00004EBB16F0CDFBE4E716F0CAFBECE716F04D
:105D1000C7FBF2E78879062814D1C879002811D189
:105D20000CF030FB16F0BCFB4079212805D016F0B2
:105D3000BDFBBDE8104000F0A5BA16F0B1FBF8E7D6
:105D400048E000E07EE0887906287BD1C879002809
:105D500078D10CF017FB17F01FFA12280ED017F0AD
:105D60001BFA11280AD017F017FA3F280BD017F0AA
:105D700013FA402807D01CE08DE028E00121022022
:105D800011F068FA15E00121022011F063FA17F012
:105D900009FA80684A490069816017F003FA80684F
:105DA00048490069C16017F0FDF980680421006965
:105DB000417116F075FB4079212805D016F076FB6D
:105DC000BDE8104000F0D4B916F06AFBF8E716F011
:105DD00067FB6BE7887906286FD1087A28286CD191
:105DE0000CF0D0FA02F0C8FFA0B1002008F0F2FFDA
:105DF00002F0C8FF044616F053FB4079212806D074
:105E000016F054FB2146BDE8104000F09FBA16F092
:105E100047FBF7E702F0A4FFA8B1002008F0CEFF8F
:105E200002F0A4FF044616F03BFB4079212806D07F
:105E300016F03CFB2146BDE8104000F065BA16F0B4
:105E40002FFBF7E739E002F0A3FF70B1002008F064
:105E5000D1FF16F025FB4079212803D016F026FB50
:105E6000012111E016F01CFBFAE702F073FF002895
:105E700023D0002008F09CFF16F012FB4079212867
:105E800006D016F013FB0221BDE8104000F0DAB98D
:105E900016F006FBF7E7887906280ED1487AFF2826
:105EA0000BD10CF06FFA17F077F9032805D1012117
:105EB000BDE81040022011F0CDB910BD7C56002085
:105EC000776B02087B6B02082DE9FF5F0D4604002B
:105ED00072D0687860F30706287860F30F26B0B2B6
:105EE0001FF0B6FC7D4F39461FF09CFB8046606773
:105EF000E87960F30706A87960F30F26B0B21FF0C7
:105F0000A7FC77491FF08EFB82462067E87A60F392
:105F10000706A87A60F30F26B0B21FF099FC394645
:105F20001FF080FBC4F88800687B60F30706287BBD
:105F300060F30F26B0B21FF08BFC39461FF072FBE6
:105F4000C4F88C00E87B60F30706A87B60F30F269B
:105F5000B0B21FF07DFC39461FF064FB0746E066D7
:105F6000207804F12B09420704F1310604F13805C9
:105F700024D520F0040020703846C4F814801FF0A7
:105F8000B7FACDE9000157A206214846FAF7B4FA5C
:105F9000206F1FF0ADFACDE9000154A20721304671
:105FA000FAF7AAFA606F1FF0A3FACDE900014FA239
:105FB00007212846FAF7A0FABDE8FF9F4146A068EE
:105FC0001FF0C2FAA0605146E0681FF0BDFAE06021
:105FD000394620691FF0B8FA20612046FEF744FCDC
:105FE000606F6061E079401CC0B2E0710328E3D3C8
:105FF0001FF02EFC0746394620691FF013FB83462D
:106000003946E0681FF00EFB82463946A0681FF053
:1060100009FB02901DF0C6FEDFF8D880002788B388
:106020001DF082FF02282ED398F8001004F1A00082
:10603000009042460C3804F1AC08039049B1177047
:1060400003980CF0E7F900980CF0E4F940460CF0E6
:10605000E1F9DDE902100CF010FA514600980CF05D
:106060000CFA594640460CF008FA40460CF0E8F9A4
:10607000834603980CF0E4F9029000980CF0E0F9E4
:10608000824603E0FFE7012188F800102046FFF771
:1060900085FCE8B958461FF02BFACDE9000111A2A2
:1060A00006214846FAF728FA50461FF021FACDE9B2
:1060B00000010EA207213046FAF71EFA02981FF0DF
:1060C00017FACDE9000109A207212846FAF714FAC8
:1060D000E771A760E76027616EE700000000C84233
:1060E0000000204125352E316600000025362E3275
:1060F000660000004858002010B5002819D00D484F
:10610000212100F8451F0621417000218170C170D6
:10611000FF2101714171082100F8421C05484530FA
:1061200008F038FE1AF0B0FFBDE8104013201AF056
:10613000D7BF10BD7C5600200C4810B5212100F8B7
:10614000451F03214170002181700C22C270017132
:1061500001214171082100F8421C0448453008F033
:1061600019FEBDE810400C201AF0BABF7C56002082
:1061700010B5002818D00D482121032200F8451F32
:10618000002142708170C27001710821417100F8D4
:10619000421C0648453008F0FDFD1AF075FFBDE8C9
:1061A000104004201AF09CBF10BD00007C56002057
:1061B00010B5002825D0482100F8561F462141700F
:1061C0002D2181704422C270592101713121417108
:1061D000322383715F23C37102724F2242722022E5
:1061E0008272C27200F8381D2E23302443708470EE
:1061F0000022C27000F8051C00F8043C00F8034DB2
:10620000427010BD10B5002819D00D48212101227F
:1062100000F8451F0621417000218170C270017194
:106220004171082100F8421C0548453008F0B2FDD4
:106230001AF02AFFBDE8104014201AF051BF10BD1B
:106240007C56002010B5002819D00D4821220123CA
:1062500000F8452F0622427000228270C37002713E
:106260004171082100F8421C0548453008F092FDB4
:106270001AF00AFFBDE8104015201AF031BF10BD1A
:106280007C56002010B5002819D00D482121282265
:1062900000F8451F0621417000218170C270017114
:1062A0004171082100F8421C0548453008F072FD94
:1062B0001AF0EAFEBDE8104009201AF011BF10BD27
:1062C0007C56002010B500281AD00E48212100F875
:1062D000451F06214170002181702821C1705A217B
:1062E00001714171082100F8421C0648453008F050
:1062F00051FD1AF0C9FEBDE8104003201AF0F0BEAF
:1063000010BD00007C56002010B500281AD00E48A1
:10631000212200F8452F06224270002282701222AC
:10632000C2700A0A02714171082100F8421C064835
:10633000453008F02FFD1AF0A7FEBDE810401120EF
:106340001AF0CEBE10BD00007C56002010B500280B
:106350001AD00E48212200F8452F06224270002252
:1063600082701322C2700A0A02714171082100F87A
:10637000421C0648453008F00DFD1AF085FEBDE8C8
:1063800010400F201AF0ACBE10BD00007C5600205B
:10639000002803D0017841F0020101707047002805
:1063A00003D0017841F001010170704710B5002859
:1063B00012D0002284188B5C521CD2B284F8803038
:1063C000042AF7D30022091D84188B5C521CD2B218
:1063D00084F88430042AF7D310BD002808D00A7846
:1063E00000F88C2F4A7842708A788270C978C17020
:1063F000704710B5002814D00A782E2430328277E6
:10640000C4774A78303280F82020002280F821209A
:106410008B78303300F8193F4470C978303181707F
:10642000C27010BD30B5002813D0002305E0CC5C4D
:10643000C5185B1C85F85640DBB29342F7D390F841
:106440005610482905D190F85710462901D101214D
:10645000017630BD002808D00A7800F8882F4A78E5
:1064600042708A788270C978C1707047017841F0B3
:10647000080101707047017821F008010170704730
:106480002DE9F041054604681DF022FB1FF030F8AD
:1064900006460F460AF0DEF832463B461EF0EAFAA0
:1064A0001EF0B6FA07461DF025FD064628680028AE
:1064B00068D02078DFF8D080344DC00762D03846ED
:1064C000D4F88C101FF014FB20F0004030491FF06E
:1064D000D3FA02D81AF0CCFAE0B13046D4F88810DA
:1064E0001FF006FB20F000402A491FF0C5FA49D8EA
:1064F0001AF0BEFA002845D16A685079212830D0B8
:10650000512828D05A283DD13146BDE8F0411046E7
:1065100000F0D4BE6A68507921280FD0512807D0E6
:106520005A282FD13946BDE8F041104600F098BEF8
:106530003946BDE8F041104600F082BA012008F06B
:106540003DFC414638461FF0CBF91FF02DF900B253
:1065500008F03AFC11E03146BDE8F041104600F089
:106560009DBA012008F036FC414630461FF0B8F9CC
:106570001FF01AF900B208F033FC6868BDE8F0417A
:10658000FFF7A0BEBDE8F0810000C8424C580020D3
:106590009A99993EBD3786352DE9FF5F040067D093
:1065A00000202318401C11F8012BC0B283F86C2086
:1065B0000428F6D300202318401C11F8012BC0B288
:1065C00083F870200428F6D300202318401C11F80B
:1065D000012BC0B283F874200428F6D31DF0D6FC3A
:1065E000A8B1E06E1EF084FF6F4A704B1EF056FD9E
:1065F00000226F4B1EF03EFA1EF00AFA6D49E0666B
:10660000884203DC4FF08441884200DAE16620785A
:10661000694E420704F12B0904F1310804F13805F1
:1066200028D520F004002070606F6061E06E1EF0DD
:106630005FFFCDE9000161A206214846F9F75CFF42
:10664000206F1EF055FF002233461EF027FDCDE9D6
:1066500000015CA207214046F9F74EFF606F1EF073
:1066600047FFCDE9000157A207212846F9F744FF6B
:10667000BDE8FF9F616FA0681EF066FFA060206FFD
:106680001EF036FF002233461EF008FD06460F4678
:10669000E0681EF02DFF32463B461EF0EBF91EF07F
:1066A000B7F9E060E16E20691EF04EFF20612046E0
:1066B000FEF7DAF8606F6061E079401CC0B2E0710B
:1066C0000328D5D31FF0C4F80646314620691EF0D2
:1066D000A9FF83463146E0681EF0A4FF824631469A
:1066E000A0681EF09FFF02901DF05CFB374F002654
:1066F00078B31DF019FC02282CD3397804F1A000DE
:1067000001900C3803901830009049B13E70039806
:106710000BF080FE01980BF07DFE00980BF07AFEE6
:10672000DDE902100BF0A9FE514601980BF0A5FE21
:10673000594600980BF0A1FE00980BF081FE8346AD
:1067400003980BF07DFE029001980BF079FE8246D3
:1067500002E0FFE7012038702078C0F3C000E8B9FC
:1067600058461EF0C5FECDE9000114A20621484698
:10677000F9F7C2FE50461EF0BBFECDE9000111A2A2
:1067800007214046F9F7B8FE02981EF0B1FECDE9A8
:1067900000010CA207212846F9F7AEFEE671A660BB
:1067A000E660266164E70000CDCCCCCCCCCCFC3FCD
:1067B0000000404000000C430000594025352E31B8
:1067C0006600000025362E32660000004858002082
:1067D0000120704710B500281AD00E48512100F84A
:1067E000451F03214170112181700021C170017189
:1067F00004214171082100F8421C0648453008F088
:10680000C9FA1AF041FCBDE810400A201AF068BC31
:1068100010BD00007C5600200C4810B5512100F836
:10682000451F03214170262181700021C170017133
:1068300006214171082100F8421C0448453008F047
:10684000A9FABDE810400C201AF04ABC7C56002082
:1068500010B500281AD00E48512100F8451F032119
:106860004170242181700021C170017102214171A8
:10687000082100F8421C0648453008F08BFA1AF04F
:1068800003FCBDE8104010201AF02ABC10BD000027
:106890007C56002010B500281AD00E48512100F86F
:1068A000451F03214170072181700021C1700171D2
:1068B00002214171082100F8421C0648453008F0C9
:1068C00069FA1AF0E1FBBDE8104008201AF008BC94
:1068D00010BD00007C56002010B500281AD00E48CC
:1068E000512100F8451F03214170092181700021C9
:1068F000C170017107214171082100F8421C06484E
:10690000453008F047FA1AF0BFFBBDE810400220FE
:106910001AF0E6BB10BD00007C56002010B5002820
:1069200018D00D48512100F8451F03214170262140
:1069300081700021C170017106214171082100F8A8
:10694000421C0548453008F025FABDE810400420F7
:106950001AF0C6BB10BD00007C56002070B50C4676
:1069600005002ED020090A2801D3373000E030304E
:1069700004F00F0285F826000A2A01D3373200E01E
:10698000303285F827200F4A5120012102F8450FA7
:1069900010205070302090700020D0701071517114
:1069A00002219171D471107206480B2102F8421C29
:1069B000453008F0EFF91AF067FB01201AF090FB60
:1069C000AC7170BD7C560020C0F8801000F004B897
:1069D000C0E92012AFF3008010B500282CD0174A70
:1069E0005121002302F8451F10215170112191708F
:1069F000D3701371042353710823937110F8803FEF
:106A0000D3714378137283785372C3789372037986
:106A1000D3724379137383795373C07990730748A2
:106A200002F8421C453008F0B5F91AF02DFBBDE81C
:106A300010400B201AF054BB10BD00007C56002003
:106A400010B5002826D0144A40F88C1F512102F8B6
:106A5000451F10215170242191700021D1701171B6
:106A600002215171042191710178D1714178117223
:106A700081785172C078907207480D2102F8421C4B
:106A8000453008F087F91AF0FFFABDE810401120F0
:106A90001AF026BB10BD00007C56002010B500285F
:106AA00026D0144A40F8881F512102F8451F1021B2
:106AB0005170152191700021D17011710221517115
:106AC000042191710178D1714178117281785172EC
:106AD000C078907207480D2102F8421C453008F03A
:106AE00059F91AF0D1FABDE810400F201AF0F8BA9F
:106AF00010BD00007C56002010B5002826D0144A96
:106B000040F86C1F512102F8451F10215170762169
:106B100091700021D1701171022151710421917184
:106B20000178D1714178117281785172C078907278
:106B300007480D2102F8421C453008F02BF91AF0E5
:106B4000A3FABDE8104012201AF0CABA10BD000026
:106B50007C56002070B519F0C1FF9B4C801E04F1DB
:106B60000805122875D2DFE800F01AF18CF1ABF1BC
:106B700036F1F1C609F159F575F4F6F2A079042859
:106B800067D15A20FEF7CCFC19F062FF8F49002034
:106B9000087015F085FCBDE8704000F01FBBA079BF
:106BA000042856D1E0790C2853D10BF0EBFB15F0FB
:106BB00077FC40795A280BD015F078FC0C22294636
:106BC0001DF06FFC15F06CFCBDE8704000F0E4BAFD
:106BD00015F066FCF2E7A07904283AD1E0790228A2
:106BE00037D10BF0CFFB15F05BFC40795A280FD062
:106BF00015F05CFC29461DF03FFC15F051FC407976
:106C00005A2808D015F052FCBDE87040FFF7C7BB0A
:106C100015F046FCEEE715F043FCF5E7A0790328F4
:106C200017D1E079042814D10BF0ACFB15F038FC37
:106C300040795A280AD015F039FC294600F0D8F8D6
:106C400015F02EFCBDE8704000F084BA15F028FC69
:106C5000F3E77BE0A079032878D1E079042875D1A7
:106C60000BF090FB15F01CFC40795A2806D015F06B
:106C70001DFC2946BDE8704000F0AEB815F010FCD0
:106C8000F7E7A079042861D1E07908285ED10BF0FC
:106C900079FB15F005FC40795A2805D015F006FC63
:106CA000294600F0B1F81DE015F0FAFBF8E715F001
:106CB000F7FB01E015F0FAFBBDE87040FFF768BB99
:106CC000A079042842D1E07904283FD10BF05AFB87
:106CD00015F0E6FB40795A280AD015F0E7FB294663
:106CE00000F09CF915F0DCFB40795A28E2D1DEE790
:106CF00015F0D6FBF3E7A079102827D1E0799C287E
:106D000024D10BF03FFB16F047FA032804D03F28AC
:106D100006D041281AD103E00121022010F09AFA8E
:106D20000121022010F096FA16F03CFA80682849FA
:106D30000069816016F036FA806826490069C160F2
:106D400016F030FA806801690420487170BD29E0AE
:106D500001E00DE019E0A0791028F7D1E0799C2836
:106D6000F4D10BF00FFB16F017FA3E2826D0EDE712
:106D7000A0791028EAD1E0799C28E7D10BF002FB3A
:106D800016F00AFA112819D0E0E7A0791028DDD111
:106D9000E0799C28DAD10BF0F5FA16F0FDF912280B
:106DA0000CD0D3E7E0799C28D0D1207A5128CDD1DE
:106DB0000BF0E8FA16F0F0F90328C7D1BDE87040EF
:106DC0000121022010F046BA7C5600202C550020EC
:106DD000776B02087B6B0208002808D04A7800F81D
:106DE0008C2F0A784270CA7882708978C170704797
:106DF000002808D04A7800F8882F0A784270CA78AC
:106E000082708978C17070472DE9FE4F04005CD014
:106E1000487884F87400087884F87500C87884F895
:106E20007600887884F87700487984F86C000879CF
:106E300084F86D00C87984F86E00887984F86F0052
:106E40001DF0A4F8A8B1E06E1EF052FB6A4A6B4B2D
:106E50001EF024F900226A4B1DF00CFE1DF0D8FD37
:106E60006849E066884203DC4FF08441884200DADA
:106E7000E166207804F12B07410704F1310604F1A3
:106E8000380524D520F004002070606F6061E06E4A
:106E90001EF02EFBCDE900015BA206213846F9F772
:106EA0002BFB206F1EF024FBCDE9000158A2072127
:106EB0003046F9F721FB606F1EF01AFBCDE90001A7
:106EC00053A207212846F9F717FBBDE8FE8F616F33
:106ED000A0681EF039FBA060216FE0681EF034FB53
:106EE000E060E16E20691EF02FFB20612046FDF777
:106EF000BBFC606F6061E079401CC0B2E0710328A8
:106F0000E3D31EF0A5FC8046414620691EF08AFBB3
:106F100002904146E0681EF085FB83464146A0682A
:106F20001EF080FB82461CF03DFFDFF8EC904FF036
:106F3000000890B31CF0F8FF02282FD399F8001036
:106F400004F1A00001904A460C3804F1AC0900900D
:106F500051B182F8008000980BF05CFA01980BF0B8
:106F600059FA48460BF056FA514600980BF085FA4C
:106F7000594601980BF081FA484602990BF07DFAC8
:106F800048460BF05DFA029000980BF059FA8246E1
:106F900001980BF055FA834603E0FFE7012189F8D9
:106FA00000102046FEF7FAFCE8B902981EF0A0FA9D
:106FB000CDE9000114A206213846F9F79DFA58469A
:106FC0001EF096FACDE9000111A207213046F9F72B
:106FD00093FA50461EF08CFACDE900010CA207216D
:106FE0002846F9F789FA84F80780C4F80880C4F8BD
:106FF0000C80C4F8108068E7CDCCCCCCCCCCFC3F66
:107000000000404000000C4325352E326600000091
:1070100025362E326600000048580020002808D08F
:107020004A7800F8702F0A784270CA78827089789E
:10703000C170704710B500281BD00E485A2100F8C7
:10704000451F062141709C2181705121C170002192
:10705000017101214171082100F8421C05484530A9
:1070600007F098FE1AF010F8BDE8104013201AF04F
:1070700037B810BD7C5600201CB500282BD06846C0
:1070800007F036FCDDE900010BF05CFA124A5A21E8
:1070900002F8451F102151709C2191707A21D17006
:1070A000002111710221517104219171010AD171E4
:1070B0001072010E5172000C907207480D2102F8F7
:1070C000421C453007F066FE19F0DEFFBDE81C40AB
:1070D0000B201AF005B81CBD7C56002010B5002806
:1070E00019D00D485A2100F8451F0421417075211F
:1070F00081707721C1700021017102214171082145
:1071000000F8421C0448453007F044FEBDE810403A
:10711000062019F0E5BF10BD7C5600200C4810B5C4
:107120005A2100F8451F042141707522827069229E
:10713000C270002202714171082100F8421C04480B
:10714000453007F027FEBDE810400C2019F0C8BFFD
:107150007C56002010B500281BD00E485A2100F89C
:10716000451F032141709C2181708621C17000213F
:10717000017102214171082100F8421C0548453087
:1071800007F008FE19F080FFBDE81040102019F04C
:10719000A7BF10BD7C56002010B500281BD00E489C
:1071A0005A2100F8451F0421417075218170452145
:1071B000C1700021017101214171082100F8421CB8
:1071C0000548453007F0E6FD19F05EFFBDE81040C8
:1071D000082019F085BF10BD7C56002010B500288E
:1071E0001BD00E485A2100F8451F0421417075211B
:1071F00081703021C1700021017106214171082187
:1072000000F8421C0548453007F0C4FD19F03CFF6A
:10721000BDE81040022019F063BF10BD7C5600206D
:1072200010B5002818D00D485A21752200F8451FC6
:107230000421417082706922C27000220271417182
:10724000082100F8421C0548453007F0A3FDBDE8C1
:107250001040042019F044BF10BD00007C560020EF
:1072600010B5002827D0144A40F88C1F5A2102F884
:10727000451F102151709C2191708621D1700021F1
:10728000117102215171042191714178D1710178FC
:107290001172C17851728078907207480D2102F8FE
:1072A000421C453007F076FD19F0EEFEBDE81040B7
:1072B000112019F015BF10BD7C56002010B5002814
:1072C00027D0144A40F8881F5A2102F8451F102180
:1072D00051709C2191708821D1700021117102217F
:1072E0005171042191714178D17101781172C17885
:1072F00051728078907207480D2102F8421C453087
:1073000007F048FD19F0C0FEBDE810400F2019F04D
:10731000E7BE10BD7C56002010B5002827D0144AC7
:1073200040F86C1F5A2102F8451F102151709C2112
:1073300091708021D17000211171022151710421BD
:1073400091714178D17101781172C1785172807850
:10735000907207480D2102F8421C453007F01AFDD3
:1073600019F092FEBDE81040122019F0B9BE10BD10
:107370007C5600201CB500282BD0684607F0B8FAD0
:10738000DDE900010BF0DEF8124A5A2102F8451F30
:10739000102151709C2191707821D17000211171C0
:1073A0000221517104219171010AD1711072010EF3
:1073B0005172000C907207480D2102F8421C4530B2
:1073C00007F0E8FC19F060FEBDE81C400B2019F046
:1073D00087BE1CBD7C56002030B5202380F84F307E
:1073E000302480F850302E2580F8514080F85250DB
:1073F00080F85340002280F8544080F855206029DE
:107400001BD080F8383080F8393080F83A4080F866
:107410003B5080F83C4080F83D4080F83E200929F0
:1074200011D04D2908D100F83F3F43708370C470DC
:10743000027142718271C27130BD00F8383F4370F1
:107440008470C57004E000F8383F43708370C370E7
:1074500004714271827130BD202100F8311F2E224B
:10746000417030218170C2700171417100218171C0
:107470007047704770B519F031FB8B4C0F2804F141
:1074800008057CD042DC08287AD020DC02285FD0B6
:10749000042876D1A079032873D1E079142870D11B
:1074A0000AF070FF14F0FCFF407934286AD014F021
:1074B000FDFF294600F0CEF914F0F2FF40793428A0
:1074C00073D014F0F3FFBDE87040FEF761BF0B28E6
:1074D0006CD00C2855D1A079032852D1E07914281A
:1074E0004FD13420FEF71CF819F0B2FA14F0D8FF8F
:1074F0004079342829D014F0D9FF294600F0AAF9A0
:1075000014F0CEFFBDE8704000F0CEBC112857D07B
:10751000122874D0132873D0162832D10AF032FF03
:1075200014F0BEFF4079342844D014F0BFFF294640
:1075300000F050F914F0B4FF407934283DD014F035
:10754000B5FFBDE87040FEF72ABF14F0A9FFD4E7ED
:10755000A07903287CD10AF015FF14F0A1FF40792F
:1075600034280BD014F0A2FF0022294600F0B5F811
:1075700014F096FFBDE8704000F074BC03E01FE01B
:1075800004E065E038E014F08BFFEDE7A079032814
:107590005ED10AF0F7FE14F083FF4079342806D05C
:1075A00014F084FF00F086F820E02AE02CE014F0CC
:1075B00077FFF7E714F074FFB9E714F071FFC0E745
:1075C000A079102802D1E079062801D000215FE0DF
:1075D0000AF0D8FE15F0E0FD172803D015F0DCFD09
:1075E000182803D1012102200FF034FE14F058FFB7
:1075F000BDE8704000F09ABC14F052FF59E728E053
:1076000031E014F04DFF5EE7A079102820D1E07939
:1076100006281DD10AF0B6FE15F0BEFD5B2801D08C
:107620005F2815D1012102200FF014FE15F0BAFDDC
:1076300080681E490069816015F0B4FD80681C49AE
:107640000069C16015F0AEFD8068042100694171D8
:1076500070BDA0791028FBD10AF094FE15F09CFDB6
:107660003E2814D070BDE0790628FBD1207AF4289A
:1076700001D0F528F6D10AF085FE207AF42802D14F
:10768000A07A302809D015F087FD0328EAD101211E
:10769000BDE8704002200FF0DDBD14F001FFBDE831
:1076A000704000F075BB00007C560020776B02082C
:1076B0007B6B020810B500280ED031232E21837772
:1076C0003022C17780F82020002480F8214000F883
:1076D000193F41708270C47010BD30B50AB10023EB
:1076E0001DE04C2100F8561F482141702D2181706A
:1076F0004421C170452101713222427136228271CA
:107700005F22C27101724321417220218172C172D4
:1077100030BDCC5CC5185B1C85F85640DBB293428B
:10772000F7D330BD10B5002824D01348342200F818
:10773000452F10224270062282702222C27000223F
:10774000027102224271042282710A0AC27101721C
:107750000A0E4272090C81720D2100F8421C064883
:10776000453007F017FB19F08FFCBDE810400F20E3
:1077700019F0B6BC10BD00007C56002010B50028E2
:1077800024D01348342200F8452F102242700622DC
:1077900082702622C27000220271022242710422EB
:1077A00082710A0AC27101720A0E4272090C817258
:1077B0000D2100F8421C0648453007F0EBFA19F09D
:1077C00063FCBDE81040112019F08ABC10BD000018
:1077D0007C5600207CB50446487884F884000878FC
:1077E00084F88500C87884F88600887884F8870053
:1077F0000D46D4F884001DF07BFECDE9000110A2F7
:10780000062104F14F00F8F777FE687A04F8800F3C
:10781000287A6070E87AA070A87AE0700A49206837
:107820001EF05EF844F880091DF062FECDE900010B
:1078300006A2062104F14700F8F75EFE7CBD0000B9
:1078400025352E33660000000000C84225342E3254
:10785000660000002DE9F04F8BB004004FF07E5021
:1078600006907DD0487884F87400087884F8750014
:10787000C87884F87600887884F87700487A84F8A5
:107880007000087A84F87100C87A84F87200887AE7
:1078900084F87300487B84F87C00087B84F87D00C2
:1078A000C87B84F87E00887B84F87F00487C84F85D
:1078B0006C00087C84F86D00C87C84F86E00887CBD
:1078C00084F86F001CF010FB052801D1FE480690DB
:1078D0001CF05CFBA8B1E06E1DF00AFEFB4AFC4BFD
:1078E0001DF0DCFB0022FB4B1DF0C4F81DF090F8EE
:1078F000F949E066884203DC4FF08441884200DAAF
:10790000E166207804F12B01099104F13801059119
:1079100004F131010491DFF8D093F04E04F13F01FE
:10792000EF4DDFF8C08342074FF0D97BC9F1000A61
:1079300007917DD520F004002070606F6061E06EDB
:107940001DF0D6FDCDE90001E8A206210998F8F75F
:10795000D3FDE849606F88420FDB4FF47A7600E090
:1079600012E23346E4A207210598F8F7C5FD206F1F
:107970001DF036FFB0FBF6F342E0E0494218E04963
:107980008A4214D21DF0B4FD002233461DF02EF9B8
:10799000CDE90001D5A207210598F8F7ADFD206FCC
:1079A0001DF0A6FD002233461DF020F93EE0D5492A
:1079B0004218D5498A4214D21DF09AFD002233465E
:1079C0001DF014F9CDE90001D0A207210598F8F7C0
:1079D00093FD206F1DF08CFD002233461DF006F94B
:1079E00038E04219424511D21DF0FAFE0346C2A208
:1079F00007210598F8F780FD206F1DF0F1FE034682
:107A0000BDA207210498F8F777FD2AE000EB0901F1
:107A100059450ED21DF06CFDCDE90001B3A207213E
:107A20000598F8F769FD206F1DF062FDAFA212E026
:107A300047E010F1FF4F14D2504512DA1DF058FD07
:107A4000CDE90001B1A207210598F8F755FD206F97
:107A50001DF04EFDADA2CDE9000107210498F8F715
:107A60004BFDA849E06F4942884202DA421942457B
:107A70000AD21DF0B5FE1DF0EBFE06991DF0D2FDF9
:107A80001DF036FD9CA215E000EB0901594506D218
:107A900006991DF0C7FD1DF02BFD94A20AE010F120
:107AA000FF4F0DD250450BDA06991DF0BBFD1DF0BE
:107AB0001FFD96A2CDE9000107210798F8F71CFDEC
:107AC0005DE1616FA0681DF03FFDA060216FE0687F
:107AD0001DF03AFDE060E16E20691DF035FD20618A
:107AE0002046FCF7C1FE606F6061E079401CC0B2C7
:107AF000E0710328E4D31DF0ABFE07463946206948
:107B00001DF090FD00903946E0681DF08BFD02905D
:107B10003946A0681DF086FD07461CF049F988B378
:107B20001CF008FA02282ED37A4A04F1A00011783A
:107B300003900C3808901830019051B1002010705B
:107B400008980AF067FC03980AF064FC01980AF0B0
:107B500061FC394608980AF090FCDDE902100AF051
:107B60008CFCDDE900100AF088FC01980AF068FC42
:107B7000009008980AF064FC074603980AF060FC3D
:107B8000029003E0FFE76348012101702046FDF702
:107B900005FF002879D100981DF0AAFCCDE900016D
:107BA00052A206210998F8F7A7FC524887420DDB3C
:107BB0004FF47A76334650A207210598F8F79CFCDB
:107BC00002981DF00DFEB0FBF6F345E04B48391866
:107BD0004B48814215D238461DF08AFC00223346BC
:107BE0001DF004F8CDE9000140A207210598F8F73F
:107BF00083FC02981DF07CFC002233461CF0F6FF4B
:107C000041E0404839184048814215D238461DF0BD
:107C10006FFC002233461CF0E9FFCDE900013BA2D6
:107C200007210598F8F768FC02981DF061FC002216
:107C300033461CF0DBFF3BE07919414512D2384650
:107C40001DF0CEFD03462CA207210598F8F754FC41
:107C500002981DF0C5FD034627A207210498F8F7F6
:107C60004BFC2CE007EB090058450FD238461DF0BD
:107C70003FFCCDE900011DA207210598F8F73CFC67
:107C800002981DF035FC19A213E073E017F1FF4FC5
:107C900015D2574513DA38461DF02AFCCDE900010C
:107CA0001AA207210598F8F727FC02981DF020FC7E
:107CB00016A2CDE9000107210498F8F71DFC11492F
:107CC000E06F4942884227E000002041CDCCCCCC77
:107CD000CCCCFC3F0000404000000C4300408F40F3
:107CE000000086BB0040A201000038BD25352E31C2
:107CF00066000000002474492535640000B03CB8DB
:107D000000D4B00100C0E3B90010A70125352E3220
:107D1000660000004858002002DA421942450BD2A2
:107D20001DF05EFD1DF094FD06991DF07BFC1DF01D
:107D3000DFFBAFF23C0217E000EB0901594507D227
:107D400006991DF06FFC1DF0D3FBAFF260020BE053
:107D500010F1FF4F0ED250450CDA06991DF062FC6F
:107D60001DF0C6FBAFF25C02CDE9000107210798C8
:107D7000F8F7C2FB0020E071A060E06020610BB06A
:107D8000BDE8F04F19F088B90BB0BDE8F08F0000E6
:107D900010B500281AD00E48342100F8451F0621DE
:107DA00041708170F521C17000210171792141710B
:107DB000082100F8421C0648453006F0EBFF19F098
:107DC00063F9BDE81040132019F08AB910BD000016
:107DD0007C56002010B5002824D01348342200F827
:107DE000452F10224270062282702022C27000228B
:107DF000027102224271042282710A0AC271017266
:107E00000A0E4272090C81720D2100F8421C0648CC
:107E1000453006F0BFFF19F037F9BDE810400B20E0
:107E200019F05EB910BD00007C5600200C4810B55A
:107E3000342100F8451F0321417006218170002183
:107E4000C17001710A214171082100F8421C0448E7
:107E5000453006F09FFFBDE810400C2019F040B9F6
:107E60007C56002010B500281BD00E48342100F8A5
:107E7000451F0321417006218170D021C17000216E
:107E800001710F214171082100F8421C054845305D
:107E900006F080FF19F0F8F8BDE81040082019F04E
:107EA0001FB910BD7C56002010B500281BD00E480D
:107EB000342100F8451F0321417006218170C02143
:107EC000C170002101710F214171082100F8421C8D
:107ED0000548453006F05EFF19F0D6F8BDE81040C1
:107EE000022019F0FDB810BD7C56002010B5002806
:107EF00018D00D48342100F8451F03214170062198
:107F000081700021C17001710A214171082100F8BE
:107F1000421C0548453006F03DFFBDE810400420F6
:107F200019F0DEB810BD00007C56002010B5002806
:107F30001AD00E483421222200F8451F0321417037
:107F400006218170C270002202714171082100F87F
:107F5000421C0648453006F01DFF19F095F8BDE8B3
:107F60001040162019F0BCB810BD00007C5600204F
:107F700010B5002819D00D48342200F8452F0622EC
:107F800042708270F422C2700A0A027141710821A3
:107F900000F8421C0548453006F0FCFE19F074F864
:107FA000BDE81040132019F09BB810BD7C5600208E
:107FB00010B5002827D0144A40F86C1F342102F86D
:107FC000451F10215170062191702421D17000218C
:107FD000117102215171042191714178D17101789F
:107FE0001172C17851728078907207480D2102F8A1
:107FF000421C453006F0CEFE19F046F8BDE81040B0
:10800000122019F06DB810BD7C56002010B5002864
:1080100024D01348342200F8452F10224270062243
:1080200082702822C2700022027102224271042250
:1080300082710A0AC27101720A0E4272090C8172BF
:108040000D2100F8421C0648453006F0A3FE19F049
:108050001BF8BDE810400B2019F042B810BD00001D
:108060007C56002070B518F039FD694C0B2804F1DE
:1080700008056FD01FDC022850D0042873D00828D0
:108080006AD1A079042867D10AF07CF914F008FAC3
:1080900040795D2861D014F009FA29461CF0ECF90A
:1080A00014F0FEF940795D285AD014F0FFF9BDE8CC
:1080B0007040FEF774B90C2815D0122873D013281D
:1080C0004AD1E0799C2847D1207A512844D10AF03E
:1080D00059F915F061F803283ED1BDE8704001213F
:1080E00002200FF0B7B8A079042835D15D20FDF744
:1080F00017FA18F0ADFC14F0D3F940795D280AD0D6
:1081000014F0D4F9294600F089F814F0C9F9BDE853
:10811000704000F07BBA14F0C3F9F3E7A0790428AB
:1081200069D1E0790C2866D10AF02CF914F0B8F97D
:1081300040795D280BD014F0B9F90C2229461CF0C7
:10814000B0F914F0ADF9BDE8704000F03DBA14F09C
:10815000A7F9F2E72BE006E04DE014F0A1F99CE767
:1081600014F09EF9A3E7A079042844D1E079082807
:1081700041D10AF007F914F093F940795D280FD046
:1081800014F094F9294600F049F814F089F940797F
:108190005D2809D014F08AF9BDE87040FEF7F8B800
:1081A00014F07EF9EEE727E014F07AF9F4E7A0790D
:1081B000102820D1E0799C281DD10AF0E3F814F0B2
:1081C000EBFF032801D05B2815D1012102200FF01D
:1081D00041F814F0E7FF80680E490069816014F0EF
:1081E000E1FF80680C490069C16014F0DBFF806822
:1081F00004210069417170BDE0799C28FBD10AF02F
:10820000C1F814F0C9FF3E283FF467AF70BD00000D
:108210007C560020776B02087B6B02082DE9F04F3B
:1082200085B0040072D0487884F87400087884F827
:108230007500C87884F87600887884F877004879E3
:1082400084F86C00087984F86D00C87984F86E00B1
:10825000887984F86F00002525671BF097FEA8B188
:10826000E06E1DF045F98C4A8C4B1CF017FF002284
:108270008B4B1CF0FFFB1CF0CBFB8A49E06688426D
:1082800003DC4FF08441884200DAE1662078DFF8B1
:1082900018B204F13801854E420704F12B0904F1AC
:1082A0003108029147D520F004002070606F6061B2
:1082B000E06E1DF01DF9CDE900017DA206214846C2
:1082C000F8F71AF9206F1DF013F9CDE900017AA231
:1082D00007214046F8F710F9606F58450ADB1DF09A
:1082E0007FFA0346029805B075A2BDE8F04F07215A
:1082F000F8F702B97349884209DB1DF071FA0346A9
:108300006FA206210298F8F7F7F810E010E06E4926
:10831000884203DB1DF0ECF86CA202E01DF0E8F8E7
:1083200063A2CDE9000107210298F8F7E5F835705E
:1083300005B0BDE8F08F616FA0681DF005F9A06081
:10834000216FE0681DF000F9E060E16E20691DF02A
:10835000FBF820612046FCF787FA606F6061E079E6
:10836000401CC0B2E0710328E2D31DF071FA074649
:10837000394620691DF056F901903946E0681DF034
:1083800051F903903946A0681DF04CF907461BF0DF
:108390000FFDDFF840A188B31BF0CCFD02282ED3DF
:1083A0009AF8001004F1A000049052460C3804F131
:1083B000AC0A009049B1157000980AF02BF80498A7
:1083C0000AF028F850460AF025F8394600980AF0D5
:1083D00054F8DDE903100AF050F8504601990AF00C
:1083E0004CF850460AF02CF8019000980AF028F852
:1083F000074604980AF024F8039003E0FFE7012100
:108400008AF800102046FDF7C9FAA0BB01981DF0BC
:108410006FF8CDE9000126A206214846F8F76CF86E
:1084200003981DF065F8CDE9000123A2072140461D
:10843000F8F762F85F4509DB606F1DF0D1F903467C
:108440001FA207210298F8F757F81FE01D4887423E
:1084500009DB38461DF0C4F9034619A2062102982B
:10846000F8F74AF811E018488742384604DB1DF057
:108470003FF816A203E009E01DF03AF80CA2CDE99E
:10848000000107210298F8F737F83570E571A5600B
:10849000E56025614CE70000CDCCCCCCCCCCFC3FDA
:1084A0000000404000000C4300401C46845800205F
:1084B00025352E326600000025362E32660000007B
:1084C0002564000000007A440000C84225352E31A2
:1084D000660000004858002010B500281BD00E4848
:1084E0005D2100F8451F062141709C2181705121BA
:1084F000C1700021017101214171082100F8421C65
:108500000548453006F046FC18F0BEFDBDE81040B9
:10851000132018F0E5BD10BD7C5600201CB50C469C
:10852000002832D0684606F0E3F9DDE900010AF0E0
:1085300009F8164A5D2102F8451F102151709C214F
:1085400091705B21D17000211171042151710821BA
:108550009171010AD1711072010E5172000C90726A
:10856000200AD0721473200E5073200C90730748A9
:10857000112102F8421C453006F00CFC18F084FD75
:10858000BDE81C400B2018F0ABBD1CBD7C56002084
:108590000C4810B55D2100F8451F0421417075227B
:1085A00082706922C270002202714171082100F8B4
:1085B000421C0448453006F0EDFBBDE810400C209D
:1085C00018F08EBD7C56002010B500281BD00E4838
:1085D0005D2100F8451F04214170752181704521FE
:1085E000C1700021017101214171082100F8421C74
:1085F0000548453006F0CEFB18F046FDBDE81040BA
:10860000082018F06DBD10BD7C56002010B5002864
:108610001BD00E485D2100F8451F042141707521D3
:1086200081703021C1700021017106214171082142
:1086300000F8421C0548453006F0ACFB18F024FD5C
:10864000BDE81040022018F04BBD10BD7C56002044
:1086500010B5002818D00D485D21752200F8451F7F
:108660000421417082706922C2700022027141713E
:10867000082100F8421C0548453006F08BFBBDE898
:108680001040042018F02CBD10BD00007C560020C6
:1086900010B5002827D0144A40F86C1F5D2102F85D
:1086A000451F102151709C2191705921D1700021DA
:1086B000117102215171042191714178D1710178B8
:1086C0001172C17851728078907207480D2102F8BA
:1086D000421C453006F05EFB18F0D6FCBDE81040A9
:1086E000122018F0FDBC10BD7C56002072B6FEE7CB
:1086F000BC224FF44071014807F008BB207C0020E9
:1087000002464FF448610148F8F767B8105C002052
:1087100010B5094C0021217002F0B2FB0020FFF7D8
:10872000EFFF01202070002400F05AFA641CE4B22C
:10873000C82CF9D310BD0000705600202DE9FF5F52
:108740009B46DDF8388015460646A0281FD20198C2
:10875000A0281CD20024DFF85890DFF858A022E0AF
:10876000600701D115F8017B134804F00701405C54
:10877000384210D1B8F1000F10D09AF800203046DE
:10878000019900F03BF8761CF6B2A02E09D3002028
:1087900004B0BDE8F09FB8F1000FEED099F80020CA
:1087A000EDE7641CE4B25C45DAD30120F0E7000099
:1087B0001500002014000020015D02082DE9F84F8B
:1087C00000251F4614460E468246A946DDF828803D
:1087D00010E03B46224631465046CDF80090FFF768
:1087E000ADFF761CF6B204EBD704780700D0641C0A
:1087F0006D1CEDB24545ECD3BDE8F88F30B5A0282F
:1088000001D2A02901D3002030BD0A4BD50701EBCE
:10881000810100F00702084C03EB810101EBD0005D
:10882000A25C017801D0114300E091430170012066
:1088300030BD0000105C0020DC7E02082DE9FC5FEA
:108840008046DDE90C541E4691460F4610462D2AFF
:1088500068D00BDCA2F120000C2813D2DFE800F076
:1088600047741212125B12128188126D3A2846D098
:1088700004DC2E283DD02F2A04D146E03F2856D0D4
:10888000402A68D03F4AA9F1610102EB091BABF510
:1088900060708246192906D8CDE90054024639464F
:1088A000404600F073F8A9F13000092808D8CDE956
:1088B0000054ABF52C7233463946404600F066F85A
:1088C000A9F14100192808D8CDE90054ABF5487248
:1088D00033463946404600F059F8B9F17A0F4FD97E
:1088E00052463346CDE900543946404646E0254AD3
:1088F000F8E7244ACDE90054103240463EE0214AD0
:10890000CDE900542032404638E01E4ACDE90054FB
:108910003032404632E01B4ACDE9005440323946FD
:1089200040462BE0CDE90054174A404626E0164A5F
:10893000CDE900542032404620E0134ACDE90054EE
:1089400010323946404619E00F4ACDE90054303222
:108950003946404612E00C4ACDE9005460324046A8
:108960000CE0094ACDE9005440323946404605E062
:10897000054ACDE9005450323946404600F006F829
:10898000BDE8FC9F16000020460400202DE9F84FAA
:108990001F46DDE90A9814460E468246002510E07F
:1089A0003B46224631465046CDF80080FFF7C6FED2
:1089B000761CF6B204EBD704780700D0641C6D1C5B
:1089C000EDB24D45ECD3BDE8F88F00002DE9FF4F27
:1089D00083B01E46DDE91198DDF840B0150007466A
:1089E00017D017484FF00004854215D1DFF854A086
:1089F0000DE0CDE90098295D07EB04100AEB411268
:108A0000C0B25B460499FFF7C1FF641CE4B2B442F4
:108A1000EFD307B0BDE8F08FDFF82CA00DE0CDE973
:108A20000098295D07EB04100AEB4112C0B25B46C7
:108A30000499FFF7ABFF641CE4B2B442EFD3E8E75C
:108A4000DF7D02087E2F0020FE0900202DE9FF4F68
:108A500083B01E46DDE91198DDF840B015000746E9
:108A600013D00024DFF828A00DE0CDE90098295D9F
:108A700007EB04100AEB4112C0B25B460499FFF702
:108A800085FF641CE4B2B442EFD307B0BDE8F08FB9
:108A90007E2F00202DE9FC479846DDE90A76140078
:108AA000894605460DD009E0CDE9007643464946A2
:108AB0002846FFF7C3FE0835EDB2641C2278002A71
:108AC000F2D1BDE8FC8700007CB5202ADDE9065420
:108AD00013D02D2A15D02E2A0BD0A2F13006092E44
:108AE00015D8CDE900540A4C04EB8212A2F53C6281
:108AF0000BE0CDE90054064A07E0CDE90054054AF1
:108B000003E0044ACDE900544032FFF73FFF7CBD4B
:108B1000B6040020760700202DE9FC479846DDE9E1
:108B20000A761400894605460DD009E0CDE90076A5
:108B3000434649462846FFF7C7FF1035EDB2641C8F
:108B40002278002AF2D1BDE8FC8700007CB5202AFB
:108B5000DDE9065415D02D2A17D02E2A0DD0A2F10A
:108B60003006092E17D8CDE900540B4C02EB8202D7
:108B700004EBC202A2F5EB620BE0CDE90054064A19
:108B800007E0CDE90054054A03E0044ACDE900546A
:108B90002832FFF7FBFE7CBDF6070020AE0900205F
:108BA0002DE9FC479846DDE90A761400894605461A
:108BB0000DD009E0CDE90076434649462846FFF747
:108BC000C5FF0B35EDB2641C2278002AF2D1BDE856
:108BD000FC870000014A107051707047140000209B
:108BE0002DE9F0411A4D287800282ED0688868B900
:108BF00018486860602007F0D9F9702007F0D6F9AE
:108C0000052007F0D3F9122007F0D0F9002414262C
:108C10004FF448682746696811F8010B696007F04E
:108C200087F96888401C80B2B0FBF6F1688006FBCB
:108C3000110010B9002007F0EBF96888404500D119
:108C40006F80641CA4B2142CE5D3BDE8F081000051
:108C500070560020105C002070B58820FAF72AF9C1
:108C600004468920FAF726F904EB0020384C2080CE
:108C70008A20FAF71FF905468B20FAF71BF905EB56
:108C8000002060808C20FAF715F905468D20FAF750
:108C900011F905EB0020A0808E20FAF70BF90546AC
:108CA0008F20FAF707F905EB0020E0809020FAF713
:108CB00001F905469120FAF7FDF805EB0020208127
:108CC0009220FAF7F7F805469320FAF7F3F805EB48
:108CD000002060819420FAF7EDF805469520FAF718
:108CE000E9F805EB0020A0819620FAF7E3F80546A5
:108CF0009720FAF7DFF805EB0020E0819820FAF7DB
:108D0000D9F805469920FAF7D5F805EB002020821E
:108D10009A20FAF7CFF805469B20FAF7CBF805EB37
:108D2000002060829C20FAF7C5F805469D20FAF7DE
:108D3000C1F805EB0020A0829E20FAF7BBF805469B
:108D40009F20FAF7B7F805EB0020E08270BD000025
:108D5000F85B00200148C07870470000A058002050
:108D60000148407870470000A05800200148B0F941
:108D700006007047A05800200148007870470000A6
:108D8000A05800200148B0F904007047A058002006
:108D90000148807870470000A058002001484088B2
:108DA0007047000094580020014800887047000078
:108DB000945800200148C088704700009458002053
:108DC000014800687047000088580020F8B500246A
:108DD000009490F848202546012A12D0012280F8FC
:108DE00048204A681F23072A0DD20668376C521E96
:108DF00002EB820293409F430B6893401F4337640A
:108E000035E00220F8BD0D2A0BD20668F76BD21FA1
:108E100002EB820293409F430B6893401F43F7632A
:108E200025E0132A0BD20668B76B0D3A02EB8202DB
:108E300093409F430B6893401F43B76317E0066856
:108E4000192A0AD2776B133A02EB820293409F43AE
:108E50000B6893401F43776309E0376B193A02EBC5
:108E6000820293409F430B6893401F4337630A6815
:108E700007260A2A0AD203685F6902EB420296407B
:108E8000B7438E68964037435F6125E0142A0BD2C2
:108E900003681F690A3A02EB42029640B7438E68A4
:108EA000964037431F6117E003681D2A0AD8DF6820
:108EB000143A02EB42029640B7438E68964037431D
:108EC000DF6009E0DF6D1E3A02EB42029640B743D5
:108ED0008E6896403743DF650A68102A01D0112A50
:108EE00017D10E4A13681B0213D4136843F400030E
:108EF0001360096810290CD109490A4A0968B1FBB5
:108F0000F2F101EB8101490000E0491E00910029C6
:108F1000FBD180F848502046F8BD000004270140EE
:108F20001000002040420F000068806D7047000074
:108F3000F8B504004FF0000503D0E06C002610B136
:108F400010E00120F8BD2665564884F848600168A5
:108F500041F001010160006800F00100009020462E
:108F600000F0AAF8E06CC00671D4E06C20F48850E0
:108F700040F00200E0644C480168626821F440312E
:108F8000114301606169E0684FF40073084394F88D
:108F90003C2093FAA3F3B3FA83F3216A9A40114376
:108FA0000843022194F824C091FAA1F1B1FA81F1A9
:108FB0000CFA01F10843616B102902D0A26B114336
:108FC0000843226811684FF4807EC943490620D5C2
:108FD000A169E3690843A1682769194373469F4261
:108FE00002D0012F00D00023194394F82C30012B1C
:108FF0000AD1BCF1000F2BD0E36C43F02003E364F3
:10900000236D43F0010323655368284F3B400B4316
:10901000536021688A68264B1A4002438A6021699E
:10902000714522D0012920D021680A6B22F0F87204
:109030000A63216889681F4A1140814225D126654B
:10904000E06C20F0020040F00100E06428E026E03F
:109050004FF46047236B97FAA7F7B7FA87F75B1EC1
:10906000BB400B4343F40061CEE721680A6B4FF02D
:10907000F87722F0F873A26A97FAA7F7B7FA87F79A
:10908000521EBA4013430B63D3E7E06C20F002009A
:1090900040F01000E064206D40F0010020650125E3
:1090A0002846F8BD2038024004270140FF16FCFC8A
:1090B00089F1FFC0FEFF80BF10B586B004461421C1
:1090C0006846F7F7B4FB1249206888421DD1114861
:1090D000016841F400710160006800F400700590BF
:1090E0000C48001F016841F01001016000686946EA
:1090F00000F0100005904FF4807000900320019064
:1091000000200290044800F0E9F906B010BD00000C
:109110000024014020380240001002402DE9F041B7
:10912000044600680D4681684FF0000749050BD5DD
:109130008068C00508D5E06C40F02000E06484F849
:1091400048700120BDE8F08100F0BCFA064613E04B
:10915000681C11D025B100F0B5FA801BA8420BD9CC
:1091600020680068800707D4E06C40F00400E064E9
:1091700084F848700320E5E7206800688007E7D599
:10918000A06918B921686FF012000860E06C40F423
:109190000070E0642068816811F0405F14D194F899
:1091A000241089B9016B11F0F87F02D08068400566
:1091B0000AD4E06C20F48070E064E06CC00403D456
:1091C000E06C40F00100E0640020BBE710B504460D
:1091D00090F84800012822D0012084F84800204659
:1091E000F9F7FEF900281BD1E16C40F201629143CE
:1091F00041F48071E16421684A68520505D5E26C4A
:1092000022F4005242F48052E264E26CD3044FF044
:10921000000206D5236D23F00603236502E0022039
:1092200010BD226584F848206FF022020A60216890
:109230008A6812F0405FF3D18A6842F080428A6007
:1092400010BD10B5044690F84800012807D0012051
:1092500084F848002046F9F799F910B107E0022098
:1092600010BDE16C21F4885141F00101E16400215D
:1092700084F8481010BD10B590F821100022022982
:1092800005D00421816380F82020012010BD0168F1
:109290000B6823F00E030B6001680B6823F00103D9
:1092A0000B6090F84010012401F01C0304FA03F154
:1092B000C36B596080F8214080F82020104610BD13
:1092C00010B590F821100024022903D004218163F5
:1092D00001241AE001680A6822F00E020A6001689F
:1092E0000A6822F001020A6090F84010012301F0A0
:1092F0001C0203FA02F1C26B516080F82130002198
:1093000080F82010416B01B18847204610BD806B6A
:109310007047F0B4C16B0B6801680A6890F8404070
:10932000042504F01C0405FA04F61E4211D0560769
:109330000FD50A68920603D40A6822F004020A6074
:1093400090F8401001F01C018D40C16B4D60C16A66
:109350001DE0022606FA04F71F424FF0000C4FF002
:10936000010518D0970716D50A68920605D40A6831
:1093700022F00A020A6080F8215090F8401001F0B3
:109380001C018E40C16B4E6080F820C0816A0029AC
:109390001AD0F0BC08470826A6401E4214D0120777
:1093A00012D50A6822F00E020A6090F84010C26BD3
:1093B00001F01C0105FA01F15160856380F821502C
:1093C00080F820C0016BE2E7F0BC704730B560B1B7
:1093D0001A4B01681422994209D2194B0B44B3FB72
:1093E000F2F292000264174A0AE0012030BD134BEA
:1093F0005B420B44B3FBF2F2920002640F4A083A5C
:10940000C263022280F821200A6847F6F0739A436B
:10941000F0E901342343D0E902452C432343046996
:109420002343446923438469234313430B6000218E
:109430004163012242770177084630BD086402404B
:10944000F89FFDBF0060024070B5044690F8200010
:10945000002501280CD0012084F8200094F8216018
:109460000020012E06D084F820000225284670BD79
:10947000022070BD022684F82160A063206806687F
:1094800026F0010606602046FCF732F8E06A002864
:109490002068016802D041F00E0106E021F00401CD
:1094A00001602068016841F00A01016020680168DC
:1094B00041F001010160D9E770B5044600F002F9FE
:1094C0000546601C02D004484068044400F0FAF8E5
:1094D000401BA042FAD370BD040000202DE9F84FD4
:1094E000DFF89491002209F1040A0AF1040B032722
:1094F0004FF00F0C0BF1040EB6E0012595402B4008
:1095000073D00C7904F00304012C01D0022C15D186
:109510008668540007FA04F826EA0806D1F80C8099
:1095200008FA04F848EA0608C0F808804468AC4322
:109530000D79C5F300159540254345600C79E4434A
:10954000A40708D0C568540007FA04F6B5438E682E
:10955000A6402E43C6600C7904F00304022C11D1FE
:10956000D40800EB8406356A5407E40E0CFA04F8BC
:1095700025EA0805D1F8108008FA04F848EA050839
:10958000C6F820800568540007FA04F6B5430E7942
:1095900006F00306A6402E4306604C6814F4403FD4
:1095A00061D0364C256845F001052560246822F01D
:1095B000030504F001040094314C05EB0408D8F8CD
:1095C00008509407260F0CFA06F4A5432D4CA04230
:1095D00001D100241FE02C4CA04201D101241AE04B
:1095E0002A4CA04202D1022415E03CE0284CA042C3
:1095F00001D103240FE0274CA04201D104240AE04A
:10960000254CA04201D1052405E0244CA04201D103
:10961000062400E00724B4402C43C8F80840D9F8D9
:1096200000404D464E689C43F60300D51C432C6019
:10963000DAF8004055464E689C43B60300D51C43FB
:109640002C60DBF800405D464E689C43F60200D576
:109650001C432C60DEF8004075464E689C43B60201
:1096600000D51C432C60521C0B6833FA02F47FF4C3
:1096700044AFBDE8F88F00000004014020380240EC
:1096800000000140000002400004024000080240C7
:10969000000C02400010024000140240001802407A
:1096A0000069084000D001207047426921EA0203A6
:1096B0000A4043EA0241816170470AB18161704703
:1096C0000904FBE70148806870470000040000209F
:1096D00070B5040011D021684CF6CC4008602168B8
:1096E00045F255500860D4E9000141602168A06846
:1096F0008860FFF7E7FF05460CE0012070BDFFF72B
:10970000E1FF401B2A2805D92068C068800701D0E6
:10971000032070BD2068C0688007F0D121684AF638
:10972000AA200860002070BD00684AF6AA210160E6
:109730000020704702488168426811448160704788
:109740000400002010B50024032000F079F80F2059
:1097500000F008F808B1012401E000F025F82046E7
:1097600010BD000070B50E4E05460024706898B11B
:109770004FF47A71B1FBF0F00A490968B1FBF0F0DF
:1097800000F03DFD40B9102D06D200222946501EA2
:1097900000F036F8356000E00124204670BD00007E
:1097A00004000020100000200D4808B5016841F0B9
:1097B00000410160016801F000410091011F0A6849
:1097C00042F001020A60096801F00101009101689C
:1097D00041F080510160006800F08050009008BDA9
:1097E00024380240002809DB00F01F0201219140CB
:1097F0004009800000F1E020C0F80011704700002F
:10980000F0B40E4B1B68C3F30223C3F10704042C0E
:1098100000D904241D1D072D01D2002300E0DB1E0A
:10982000012606FA04F56D1E0D409D409E40761EF1
:10983000164045EA0601F0BC06F030BC0CED00E035
:10984000064A00F0070110684FF6FF03184040EA8F
:109850000120034908431060704700000CED00E050
:109860000000FA05BFF34F8F05480168054A01F46F
:10987000E06111430160BFF34F8F00BFFDE70000BF
:109880000CED00E00400FA05704700002DE9F047F8
:109890000E46040076D0DFF88081D8F8000000F092
:1098A0000100B04214D2012E05D1D8F8001041F0C9
:1098B0000401C8F80010D8F8001021F0010131436C
:1098C000C8F80010D8F8000000F00100B0427DD1C7
:1098D0002078524F800705D53868A16820F0F00045
:1098E000084338602078C00759D04C49606808396F
:1098F00002281AD003281BD0096801281BD089052B
:10990000002963DA396821F0030101433960FFF768
:10991000D9FE0546606841F28831022813D0032839
:109920001ED00128894627D035E009688903E7E77A
:1099300009688901E4E78907E2E7FFF7C3FE411BF5
:10994000494501D924E089463868C0F381000228DE
:10995000F3D124E0FFF7B6FE411B494501D917E0DA
:1099600089463868C0F381000328F3D117E0FFF778
:10997000A9FE411B49450BD83868C0F38100012876
:10998000F5D10CE022E0FFF79DFE411B494502D9CD
:109990000320BDE8F087386810F00C0FF3D1D8F839
:1099A0000010404601F00101B14211D9012E03D14E
:1099B000016841F004010160016821F001013143B7
:1099C0000160006800F00100B04201D00120E0E732
:1099D0002078400705D53868E16820F4E060084346
:1099E00038602078000706D53868216920F4605077
:1099F00040EAC100386000F03FF83968084AC1F316
:109A00000311515CC8400749086007480068BDE879
:109A1000F047FFF7A7BE0000003C024008380240B4
:109A2000E95C020810000020040000200149012028
:109A30000867704700004742044805490068096804
:109A4000044AC1F30221515CC84070471000002055
:109A500008380240F95C02080448054900680968B2
:109A6000044AC1F3C221515CC84070471000002075
:109A700008380240F95C020870B5154D2968154890
:109A800001F00C02042A0CD04410082A0AD00C2A37
:109A90000AD0281F0068C0F342314FF40040491C2F
:109AA000884070BD204670BD0B4AC1F38343D35C30
:109AB000C1F381522968521CC90302D5A3FB0401DA
:109AC00001E0A3FB00010023F6F79EFC70BD00003F
:109AD000083802400024F400E05C0208054810B594
:109AE0000068000605D5FFF7CFFE02498020891CDB
:109AF000087010BD0C3802402DE9F84F04007BD0EF
:109B0000F6480168006801F00C0600F4803B2078FC
:109B1000F34DC0073FD0082E12D00C2E02D1BBF55A
:109B2000803F0DD06068012811D008B1052818D0F9
:109B3000286820F480302860286820F4802009E01C
:109B40002868800327D560680028D8D023E02868DB
:109B500040F480302860606888B1FFF7B3FD0746A5
:109B600009E0286840F480202860F0E7FFF7AAFDAC
:109B7000C01B642879D828688003F7D50BE0FFF76D
:109B8000A1FD074604E0FFF79DFDC01B6428F1D846
:109B900028688003F7D42078DFF8488380074FF0E7
:109BA00001094FF0000A36D5042E0CD00C2E02D13C
:109BB000BBF1000F07D0E068F8B1C8F80090FFF7DC
:109BC00081FD07460BE0286880070BD5E068012877
:109BD00012D107E0FFF776FDC01B0228CAD828681B
:109BE0008007F7D5BD48001F0168226921F4F851AC
:109BF00041EA022101600EE06CE1C8F800A0FFF725
:109C000061FD074604E0FFF75DFDC01B0228B1D8E7
:109C100028688007F7D42078C00672D53EB1A069C5
:109C2000F0B3C8F82090FFF74DFD07464AE02868DA
:109C3000800502D5A069002887D0A84F206A3F1F61
:109C4000396801F46041884210D904F0B7FD00285A
:109C5000BED13868216A20F4604008433860217F13
:109C6000386861F31F6038600FE0A4E0396821F4C0
:109C7000604101433960217F386861F31F603860BB
:109C8000206A04F09BFD0028A2D1216A4FF4004015
:109C900009EB5131884091490968C1F3031100E093
:109CA00021E0914A515CC8409049086090480068A2
:109CB000FFF758FD00287DD123E0FFF703FDC01B0F
:109CC000022878D828688005F7D58448001F0168E5
:109CD000226A21F4604111430160227F016862F32E
:109CE0001F6101600DE0C8F820A0FFF7EBFC0746FC
:109CF00004E0FFF7E7FCC01B02285CD82868800559
:109D0000F7D420787B4F000721D57B48616979B172
:109D1000C0F80090FFF7D6FC834605E0FFF7D2FCC1
:109D2000A0EB0B00022846D838688007F6D50EE075
:109D3000C0F800A0FFF7C6FC834605E0FFF7C2FCB1
:109D4000A0EB0B00022836D838688007F6D42078BC
:109D500040076AD500200090664810380068C000AF
:109D60000AD464481038016841F0805101600068ED
:109D700000F080500120009060480168C90511D4AE
:109D8000016841F480710160FFF79CFC834605E0A7
:109D9000FFF798FCA0EB0B0064280CD8574800682C
:109DA000C005F5D5A06801280DD008B1052814D04C
:109DB000386801E075E073E020F48070386038683E
:109DC00020F4806002E0386840F480703860A06859
:109DD000A0B1FFF777FC83460CE0386840F4806060
:109DE0003860F0E7FFF76EFCA0EB0B0141F2883022
:109DF000814255D838688005F4D50EE0FFF762FC43
:109E0000834607E0FFF75EFCA0EB0B0141F28830D0
:109E1000814245D838688005F4D4009828B1354887
:109E20001038016821F080510160606A90B30C2EF7
:109E30003DD00228504605D0C8F86000FFF742FC2C
:109E4000044630E04746C8F86000FFF73BFC064692
:109E500004E0FFF737FC801B022821D82868800126
:109E6000F7D4D4E90A1001431C48226B036823F499
:109E70007D031A4311430160C7F86090FFF722FC8D
:109E8000044604E0FFF71EFC001B022808D82868DF
:109E90008001F7D520E0FFF715FC001B022802D94E
:109EA0000320BDE8F88F28688001F4D414E001286D
:109EB000F7D00A480068A26A00F48031914209D1C3
:109EC000E26A00F47011914204D1216B00F4400069
:109ED000884201D00120E4E70020E2E70838024090
:109EE0000038024000004742E95C020810000020F0
:109EF00004000020343802408006474200700040D1
:109F000070B5040009D0606A002540B12561656123
:109F1000A56294F8510040B10CE0012070BD60686A
:109F2000B0F5827FF4D0E561F2E784F85050204626
:109F300000F044F8022084F851002068016821F004
:109F400040010160A088218900F4827001F404417D
:109F50000843A18901F400610843217C01F002015A
:109F60000843217D01F001010843218B01F40071B8
:109F70000843217F01F03801084394F8201001F0D4
:109F800080010843218D01F40051084321680860D5
:109F9000A069042101EA104094F8241001F0100196
:109FA0000843216848602068C16921F40061C161EB
:109FB0006565012084F85100002070BD10B586B0A1
:109FC000044614216846F6F732FC1349206888429B
:109FD00020D11248016841F480510160006800F40A
:109FE000805005900D48001F016841F0020101609A
:109FF0000068694600F002000590382000900220B9
:10A000000190002002900320039005200490044852
:10A01000FFF764FA06B010BD00300140203802405E
:10A02000000402402DE9F84F044690F85000012545
:10A030000A9E1F4692468B464FF0000801280ED01C
:10A04000012084F85000FFF73DFB814694F8510051
:10A05000616801280CD0B1F5827F07D102E00220AF
:10A06000BDE8F88FA16809B9042801D00220B6E044
:10A07000BBF1000F27D0BAF1000F24D01FB394F822
:10A080005100042802D0052084F8510000206065AA
:10A09000C4F838A0E787A787C4F830B0E786A7865A
:10A0A0002064606420680168490603D4016841F0B7
:10A0B00040010160E068B0F5006F606805D0E8B36A
:10A0C000012F43D079E0012089E008B1012F34D17C
:10A0D000206B21680088C860206B801C2063E08EA4
:10A0E000401EE08629E02068816889070DD5E18E51
:10A0F00059B1012D09D1216B0988C160206B801CE9
:10A100002063E08E401EE086002520688168C90734
:10A110000BD0E18F49B1C068A16B0880A06B801C97
:10A12000A063E08F401EE0870125FFF7CBFAA0EB8C
:10A130000900B04201D3701C50D100E006E0E08E6F
:10A140000028D0D1E08F0028CDD13CE0206B2168E1
:10A1500000780873206B401C2063E08E401EE08670
:10A160002BE02068816889070DD5E18E59B1012D5A
:10A1700009D1216B09780173206B401C2063E08EAC
:10A18000401EE086002520688168C9070BD0E18F5A
:10A1900049B1C068A16B0870A06B401CA063E08F40
:10A1A000401EE0870125FFF78DFAA0EB0900B042C1
:10A1B00002D3701C01D011E086B1E08E0028D0D10E
:10A1C000E08F0028CDD14A463146204604F0B6FB48
:10A1D00038B120204FF00108606508E00320804678
:10A1E00005E0A06818B92068C16880680090012067
:10A1F00084F85100002084F85000404630E710B544
:10A20000401EB0F1807F01D3012010BD4FF0E0244B
:10A2100060610F21601705F041FF0020A061072059
:10A220002061002010BD000070B590F83820012A90
:10A2300026D0012580F83850022280F839200268A3
:10A240005368946823F070060B68334353600268C8
:10A25000B2F1804F08D00B4B9A4205D00A4B9A427C
:10A2600002D00A4B9A4204D1496824F08003194372
:10A27000916080F83950002180F83810084670BD90
:10A28000022070BD000400400008004000080140AA
:10A2900010B5040003D094F8390010B107E0012094
:10A2A00010BD002084F83800204600F017F8022086
:10A2B00084F83900211D206804F0A4FE012084F8F0
:10A2C0003E0084F83A0084F83B0084F83C0084F8AF
:10A2D0003D0084F83900002010BD000008B500687A
:10A2E000B0F1804F12D10A48016841F001010160CC
:10A2F0000068002200F00100009005211C20FFF7FB
:10A300007FFABDE808401C20FFF76CBA08BD0000CA
:10A310002438024090F83910012901D001207047FB
:10A32000022180F839100168CA6842F00102CA604F
:10A330000068B0F1804F08D00949884205D009492A
:10A34000884202D00849884204D1816801F007019F
:10A35000062903D0016841F0010101600020704727
:10A3600000040040000800400008014070B50446A9
:10A3700090F83800012817D0012584F838500220C1
:10A3800084F839002068826822F0770222F47F4244
:10A3900082600868502830D00DDC20284DD005DCC4
:10A3A00098B310283BD148E0022070BD302844D03B
:10A3B000402834D139E0602828D0702806D0B0F584
:10A3C000805F2CD0B0F5005F29D10AE0CB68D1E9DD
:10A3D0000121206804F058FE2068816841F077016F
:10A3E00009E0CB68D1E90121206804F04DFE206826
:10A3F000816841F48041816011E0CA684968206841
:10A4000004F054FE5021206807E016E0CA6849684D
:10A41000206804F05CFE6021206804F03FFE84F8B0
:10A420003950002084F8380070BDCA684968206837
:10A4300004F03CFE40212068EFE722680146104608
:10A44000EBE7704770B50446006801694FF00005FE
:10A45000C943890715D4C168C943890711D4E91EC6
:10A46000016101202076206880698007204602D0A3
:10A47000FFF7E7FF04E000F078F8204600F076F8F8
:10A48000257620680169C943490717D4C168C943C3
:10A49000490713D46FF0040101610220207620687F
:10A4A000806910F4407F204602D0FFF7CAFF04E025
:10A4B00000F05BF8204600F059F825762068016925
:10A4C000C943090716D4C168C943090712D46FF0FC
:10A4D00008010161042020762068C06980072046B9
:10A4E00002D0FFF7AEFF04E000F03FF8204600F096
:10A4F0003DF8257620680169C943C90617D4C168AB
:10A50000C943C90613D46FF01001016108202076F9
:10A510002068C06910F4407F204602D0FFF791FF09
:10A5200004E000F022F8204600F020F825762068AC
:10A530000169C943C90708D1C168C943C90704D122
:10A54000891E0161204600F012F820680169C943A4
:10A55000490609D4C168C943490605D46FF04001D2
:10A560000161204600F019F870BD7047704710B5C2
:10A570000068B0F1804F0FD107F046FF15F0C4F925
:10A5800014F04EFB06F024F808F05AF815F0E2F843
:10A59000BDE8104016F0AABD10BD7047704770B5F9
:10A5A00004460068C16821F49071C1602068416967
:10A5B00021F001014161206B012804D12068C168AC
:10A5C00021F01001C160206841694FF00005490683
:10A5D0000FD5416921F040014161A06B48B145634D
:10A5E000A06BFEF748FE20B1A06BFEF790FE20287E
:10A5F00006D0E585202084F83E002563002070BD4C
:10A6000010202064032070BD704710B50446006818
:10A610000068C043C0060AD4204616F065FA2046FA
:10A6200012F0C4FA2046BDE8104007F07DBC10BD12
:10A63000F8B5026804461068D168536910F00F0F2E
:10A640004FF0000553D003F0010601F49077374333
:10A650005FD0C20705D0CA0503D5226C42F00102C3
:10A660002264420705D5DA0703D0226C42F00202C9
:10A670002264820705D5DA0703D0226C42F0040277
:10A680002264020707D501F02002324303D0226C76
:10A6900042F008022264226C002A34D0800604D5DD
:10A6A000880602D5204605F015F920684069216C1E
:10A6B000C0F38010090700D430B3204605F0E9F854
:10A6C0002068416949061BD5416921F0400141617B
:10A6D000A06BA8B158494163A06BFEF7F1FD0028BB
:10A6E00011D0A06B416B01B0BDE8F0400847830674
:10A6F0000FD58B060DD52046BDE8F84005F0EAB829
:10A700002046FFF781FFF8BD2046FFF77DFF256457
:10A71000F8BD266B2023012E52D1C60650D5CE0699
:10A720004ED5106850680090506940062AD5A16B3C
:10A73000086840680004000CEAD0A68D8642E7D97C
:10A74000E0858869202818D0D06820F48070D06017
:10A750002068416921F0010141612068416921F0CF
:10A760004001416184F83E3025632068C16821F0D2
:10A770001001C160A06BFEF77EFDA08DE18D401A37
:10A7800081B219E0A08DE18D401A81B2E08D0028E0
:10A79000BED00029BCD0D06820F49070D060206872
:10A7A000426922F00102426184F83E30256320684C
:10A7B000C26822F01002C2602046FFF7EFFEF8BD2B
:10A7C00005062BD50D0629D594F83D002128F6D194
:10A7D000A068B0F5805F01D12069B0B1206A411C4A
:10A7E0002162216800784860E08C401E0004000C63
:10A7F000E084E4D12068C16821F08001C160206854
:10A80000C16841F04001C160F8BD206A0088C0F312
:10A8100008005060206A801C2062E5E74006F3D5FE
:10A820004806F1D5D168204621F04001D16084F876
:10A830003D3000F085F9F8BDC5F7000870B504009B
:10A8400004D094F83D00002510B106E0012070BD51
:10A8500084F83C50204600F023F8242084F83D0082
:10A860002068C16821F40051C160204605F08EF8CF
:10A870002068016921F4904101612068416921F05B
:10A880002A0141612068C16841F40051C16025641A
:10A89000202084F83D0084F83E00002070BD0000B8
:10A8A0002DE9F04387B0044614216846F5F7BFFF51
:10A8B0005D4D206800265D490322072380274FF065
:10A8C000020C4FF40059A84233D1081D056845F425
:10A8D00080450560006800F480400590086840F0FD
:10A8E000010008600868029600F00100059050021F
:10A8F000CDE9000C69464E48CDE90323FEF7EEFD95
:10A900004D4D4C48C5E90006C5E902672E616E61F0
:10A91000C5E906692846FEF759FD08B1FDF7E6FED0
:10A92000A5630022022125206C62FEF769FF252025
:10A930003BE03E4DDFF80481083540453AD12868B8
:10A9400040F400302860286800F400300590086862
:10A9500040F0080008600868029600F008000590C2
:10A960006020CDE9000C69463548CDE90323FEF7A8
:10A97000B5FD314D2F4844351430C5E90006C5E911
:10A9800002672E614FF440506E61C5E906602846AB
:10A99000FEF71CFD08B1FDF7A9FEA5630022042106
:10A9A00026206C62FEF72CFF2620FEF71BFF07B067
:10A9B000BDE8F083DFF88C804045F8D1286840F48A
:10A9C00080202860286800F480200590086840F006
:10A9D000040008600868029600F0040005904FF437
:10A9E0004060CDE9000C69461748CDE90323FEF726
:10A9F00075FD114D0F4888352838C5E90006C5E9B1
:10AA000002672E616E61C5E906692846FEF7DEFC25
:10AA100008B1FDF76BFEA5630022032127206C62BD
:10AA2000FEF7EEFE2720C0E7003801401C38024048
:10AA30000000024058600240705A0020004400406C
:10AA4000000C0240004800400008024090F83E30F0
:10AA5000202B0ED159B152B190F83C30012B08D0C7
:10AA6000012380F83C300023036305F01BB801206C
:10AA700070470220704710B5044616F059F820467A
:10AA800012F0B2F82046BDE8104007F06FBA7047E8
:10AA90002DE9F843044690F83D001F4615460E4642
:10AAA00020284BD1C6B1BDB194F83C00012845D057
:10AAB000012084F83C004FF00008C4F840802120B9
:10AAC00084F83D00FEF7FEFDA5848146E584A0687C
:10AAD000B0F5805F03D004E00120BDE8F883206971
:10AAE00020B13546002684F83C800EE00025FAE7C8
:10AAF0008021204605F010F8A0B9ADB115F8010B82
:10AB000021684860E08C401EE084E08C4B464FF0AA
:10AB1000000200970028EBD14FF04001204604F0DE
:10AB2000FBFF30B10320D8E736F8020BC0F3080072
:10AB3000E6E7202084F83D000020CEE70220CCE7A5
:10AB4000704710B5044600F04CF9A22000F024F93B
:10AB500000F075F9022000F01FF900F070F920787C
:10AB600007F034FC00F018F900F069F9607807F09C
:10AB70002DFC00F011F900F062F9A07807F026FC36
:10AB800000F00AF900F05BF9E07807F01FFC00F034
:10AB900003F900F054F9207907F018FC00F0FCF8F4
:10ABA00000F04DF9607907F011FC00F0F5F800F0C5
:10ABB00046F9A07907F00AFC00F0EEF800F03FF942
:10ABC000BDE8104000F024B910B500F00AF9A22049
:10ABD00000F0E2F800F033F9022000F0DDF800F0B8
:10ABE0002EF900F0FEF8A32000F0D6F800F027F9C7
:10ABF000012000F0ACF800F07F0005F0DFFC1B4CFA
:10AC00002070012000F0A3F800F07F0005F0D6FCD2
:10AC10006070012000F09BF800F03F0005F0CEFCD2
:10AC2000A070012000F093F800F03F0005F0C6FC92
:10AC3000E070012000F08BF800F0070005F0BEFC8A
:10AC40002071012000F083F800F01F0005F0B6FC31
:10AC50006071002000F07BF805F0B0FCA07100F0FE
:10AC6000D7F8BDE8104003F0E9BD00000D57002003
:10AC700070B50D46044600F0B4F8A22000F08CF840
:10AC800000F0DDF8204600F087F800F0D8F82846FC
:10AC900000F082F800F0D3F8BDE8704000F0B8B8DA
:10ACA00010B514F0E1FE00210846FFF7E1FF1F2177
:10ACB0000120FFF7DDFF82210D20FFF7D9FF0021E2
:10ACC0000E20FFF7D5FFFFF77FFF0848417911B14C
:10ACD000C178002909D101214171C1700348FFF7F2
:10ACE00030FFBDE81040FFF76FBF10BD0D570020CB
:10ACF000FEE710B5002014F08FFE14F0B5FE002022
:10AD000014F092FE022007F06CFB012014F084FE88
:10AD1000022007F066FBBDE81040002014F07CBE66
:10AD200010B5002014F078FE14F09EFE012014F0FF
:10AD30007BFE022007F055FB012014F06DFE02207F
:10AD400007F04FFBBDE81040002014F065BE70B561
:10AD50000646002414F076FE0025002014F05CFE68
:10AD6000022007F03EFB012014F056FE6006040EA0
:10AD700014F062FE08B1641CE4B2012007F031FB5C
:10AD80006D1CEDB2082DE8D31EB1FFF7B2FF2046CF
:10AD900070BDFFF7C5FFFAE770B5054614F064FE15
:10ADA000002014F039FE0024280601D5012000E01F
:10ADB000002014F039FE6806050E022007F011FB92
:10ADC000012014F029FE022007F00BFB002014F0F4
:10ADD00023FE022007F005FB641CE4B2082CE3D339
:10ADE00070BD10B514F040FE012014F01DFE0120CE
:10ADF00014F012FE042007F0F4FA002014F014FE00
:10AE0000042007F0EEFABDE81040002014F004BE64
:10AE100010B514F029FE002014F0FEFD002014F0FF
:10AE200003FE042007F0DDFA012014F0F5FD0120F7
:10AE300014F0FAFDBDE81040042007F0D2BA10B5B6
:10AE4000002414F0FFFD012014F0EEFD012007F0B6
:10AE5000C8FA012014F0E0FD012007F0C2FA07E073
:10AE6000641CE4B2FA2C03D9FFF7D2FF012010BD15
:10AE700014F0E2FD0028F3D114F0CEFD002010BD47
:10AE800010B50446E22005F091F86420FEF714FBAB
:10AE9000242005F08BF82B2005F088F8812005F0A0
:10AEA00085F80CB1C02000E0B22005F07FF88420C6
:10AEB00005F07CF8892005F079F8A32005F076F8F4
:10AEC000C52005F073F8C82005F070F8102005F0D3
:10AED0006DF8D12005F06AF8D52005F067F8DA2082
:10AEE00005F064F8E92005F061F8F42005F05EF85B
:10AEF000252005F05BF8F62005F058F85A2005F0FB
:10AF000055F8F52005F052F8002005F04FF8F7202D
:10AF100005F04CF89F2005F049F8F82005F046F8B8
:10AF2000F12005F043F89F2005F040F8BDE81040FF
:10AF3000AD2005F03BB8F0B585B0DDE90EE4DDE904
:10AF40000C7CDDE90A568DE8E05000F012F821682B
:10AF50000161206005B0F0BD10B501460068002217
:10AF60000A6003E00469F5F7CCF920460028F9D11E
:10AF700010BD2DE9F05F07460AA81C4690E8000DB9
:10AF800015460E461420DDF83490F5F78BF90028AD
:10AF90000FD0C770067185604471C0F80C8080F8CE
:10AFA00006A080F801B080F802900E99017000218F
:10AFB0000161BDE8F09F00002DE9FE4388460400D2
:10AFC00074D000261027607830B101280DD00228F7
:10AFD00029D0032808D13FE0CDE900762179E07837
:10AFE0000823E268FDF7D2FC76E0A079B8B1012829
:10AFF0000BD0022870D12020CDE900062179E0781D
:10B000001023E268FDF788FD66E01420CDE9000614
:10B010002179E0780B23E268FDF7C2FD5CE0CDE921
:10B020000076E26812E0B8F1000F03D1C248E2688E
:10B03000824209D10097CDE9017663792179E078E0
:10B04000A268FDF7C3FC47E0CDE900762179E078FE
:10B050000823FDF71FFD3FE02078E578C00709D001
:10B06000CDE900762179082328222846FDF7E6FB62
:10B070000835EDB2A07813281AD2DFE800F0190ADB
:10B0800010333D57198B9B47C51919DFF25DB54742
:10B09000F000CDE9007608232179252246E1CDE9AB
:10B0A000007621791023A54A284621E018E0EDB268
:10B0B0002078C00710D0CDE9007621790823292215
:10B0C0002846FDF7BBFBCDE900760835E8B22179CB
:10B0D00008233A22FDF7B2FB2469002C7FF473AFFA
:10B0E000BDE8FE83CDE9007621791023944A2846F5
:10B0F000FDF74CFC1035DAE7CDE90076217908231D
:10B100006D222846FDF79AFB0835EDB2CDE90076B1
:10B110002179082367222846FDF790FBCDE90076C8
:10B1200008350823EDB221792F228DE0CDE9007694
:10B1300008232179402204E0CDE900762179082313
:10B140006D222846FDF77AFBCDE900760835EDB291
:10B150002179082353222846FDF770FBCDE90076BC
:10B160000835EDB2217908232F222846FDF766FB2A
:10B17000CDE90076083521790823EDB2632228460F
:10B18000FDF75CFBCDE9007608350823EDB22179A7
:10B190006D22CBE0CDE90076217908236D22284687
:10B1A000FDF74CFBCDE9007608350823EDB2217997
:10B1B0005622BBE0CDE90076217908236B22284690
:10B1C000FDF73CFBCDE900760835EDB22179082387
:10B1D00050222846FDF732FBCDE9007608350823DA
:10B1E000EDB221796122A1E0CDE900762179082331
:10B1F00070222846FDF722FBCDE9007608350823AA
:10B20000EDB221797022BAE7CDE9007621790823E1
:10B2100070222846FDF712FBCDE900760835EDB225
:10B220002179082370222846FDF708FBCDE9007636
:10B2300008350823EDB22179742277E0CDE9007654
:10B240000823217943221BE02846FDF7F7FACDE9D0
:10B25000007608350823EDB221794C2266E04CE0F7
:10B26000FFE7CDE90076217908234B222846FDF738
:10B27000E5FACDE90076083521790823EDB263229D
:10B280002846FDF7DBFACDE900760835EDB22179E5
:10B29000082365222846FDF7D1FACDE90076083566
:10B2A000EDB2217908236C222846FDF7C7FACDE9D3
:10B2B00000760835EDB2217908236C222846FDF787
:10B2C000BDFACDE900760835EDB221790823732265
:10B2D0002846FDF7B3FACDE900760835EDB22179BD
:10B2E00008232F222846FDF7A9FACDE90076083574
:10B2F0000823EDB221796D22A6E7CDE90076217908
:10B30000082370222846FDF799FACDE90076083522
:10B31000EDB22179082370222846FDF78FFACDE996
:10B320000076083521790823EDB262222846FDF720
:10B3300085FA0835BBE600004C7C02089E1E002002
:10B340001E2800202DE9F04115F0C8FB6449654C2A
:10B35000654D0426801E01F1080716287CD2DFE81F
:10B3600000F019A461A4A4A4A4A4A48B0B3AA4A4DF
:10B370004D3DAD7FA6A4A4B8887903286CD14D209B
:10B38000FAF7CEF815F064FB11F08AF8BDE8F04149
:10B3900000F0ACB8887903285ED106F0F3FF11F015
:10B3A0007FF840794D2810D011F080F8394600F030
:10B3B000E1F811F075F840794D2809D011F076F8D0
:10B3C000BDE8F041002100F019BB11F069F8EDE78C
:10B3D00011F066F8F4E78879062866D106F0D2FF06
:10B3E00011F05EF840794D2802D011F05FF801E0CD
:10B3F00011F056F8BDE8F04100F0FEB98879032855
:10B4000053D106F0BFFF11F04BF840794D2806D01C
:10B4100011F04CF83946BDE8F04100F05DBA11F08A
:10B420003FF8F7E706F0AEFF11F03AF840794D2803
:10B430000FD011F03BF8394600F0D8F811F030F891
:10B4400040794D2809D011F031F8BDE8F041FAF704
:10B450009FBF11F025F8EEE727E011F021F8F4E79F
:10B4600006F090FF11F098FE03281ED1BDE8F041D0
:10B47000012102200BF0EEBE06F084FF11F08CFEDD
:10B480005E2812D1012102200BF0E4FE11F08AFEA9
:10B4900080680069846011F085FE80680069C5607D
:10B4A00011F080FE806800694671BDE8F08106F009
:10B4B00069FF11F071FE5F28E4D0F6E706F062FF45
:10B4C00011F06AFE3F28DDD011F066FE4028D9D089
:10B4D000EBE706F057FF11F05FFE4228D2D0E4E719
:10B4E0007C560020776B02087B6B020810B50028A1
:10B4F0001BD00E484D2100F8451F032141709C21AF
:10B5000081704621C170002101710421417108211F
:10B5100000F8421C0548453003F03CFC15F0B4FD32
:10B52000BDE81040022015F0DBBD10BD7C560020A8
:10B5300010B500281BD00E484D2100F8451F0621EC
:10B5400041709D2181703821C1700021017101215C
:10B550004171082100F8421C0548453003F01AFCEF
:10B5600015F092FDBDE81040132015F0B9BD10BDD7
:10B570007C5600207CB504002DD017484A78051D64
:10B5800002700A784270CA7882708A78C2704A79EA
:10B590002A700A796A70CA79AA708979E970036891
:10B5A0000EA2112104F15600F4F7A6FF286819F045
:10B5B0009FFFCDE900010AA2112104F11900F4F75F
:10B5C0009BFF09490020CDE9000105A2052104F1F6
:10B5D0001E00F4F791FF7CBD8C580020256400000C
:10B5E00025332E31660000000000F03F2DE9FC5F9E
:10B5F000040035D0487884F87400087884F8750021
:10B60000C87884F87600887884F87700487984F8D8
:10B610007000087984F87100C87984F8720088791C
:10B6200084F87300207804F13F0B420726D520F000
:10B6300004002070606F606118F044FC90B118F055
:10B6400041FC0A280ED04749606F19F0EBFF19F052
:10B650004FFFCDE9000144A208215846F4F74CFF02
:10B66000BDE8FC9F606F1AF09FF8034602B0584691
:10B67000BDE8F05F3EA20821F4F73EBF616FA0680D
:10B6800019F062FFA060216FE06819F05DFFE060D3
:10B690002046F9F7E9F8606F6061E079401CC0B2BC
:10B6A000E0710328DCD31AF0D3F805462946E06898
:10B6B00019F0B8FF82462946A06819F0B3FF054685
:10B6C00018F07EFBDFF8AC80002710B318F03AFCCE
:10B6D00002281ED3404698F8002004F1940904F192
:10B6E000AC0832B10770484606F094FE404606F0BA
:10B6F00091FE2946484606F0C0FE5146404606F0F7
:10B70000BCFE404606F09CFE484606F099FE054603
:10B7100002E0012188F800102046FAF73FF998B9B5
:10B7200018F0D0FBA0B118F0CDFB0A2810D00D49BD
:10B73000284619F077FF19F0DBFECDE900010AA2D7
:10B7400008215846F4F7D8FEE771A760E76087E75D
:10B7500028461AF029F8034605A208215846F4F7AE
:10B76000CBFEF1E70000C84225352E32660000000E
:10B7700025356400485800200D4810B54D2100F8CB
:10B78000451F032141709C218170A521C1700021BA
:10B79000017101214171082100F8421C0448453023
:10B7A00003F0F8FABDE810400C2015F099BC000039
:10B7B0007C56002010B500281BD00E484D2100F803
:10B7C000451F032141709C2181704021C1700021DF
:10B7D000017104214171082100F8421C05484530DF
:10B7E00003F0D8FA15F050FCBDE81040042015F025
:10B7F00077BC10BD7C56002010B500281BD00E4829
:10B800004D2100F8451F032141709D2181700521C4
:10B81000C1700021017101214171082100F8421C11
:10B820000548453003F0B6FA15F02EFCBDE810408F
:10B83000102015F055BC10BD7C56002010B5002816
:10B8400024D013484D2200F8452F102242709D222B
:10B8500082700622C270002202710222427104220A
:10B8600082710A0AC27101720A0E4272090C817257
:10B870000D2100F8421C0648453003F08BFA15F004
:10B8800003FCBDE81040142015F02ABC10BD0000D8
:10B890007C56002010B500281AD00E484D2200F822
:10B8A000452F062242709D2282700522C27000221E
:10B8B00002714171082100F8421C0648453003F02E
:10B8C00069FA15F0E1FBBDE81040112015F008BC45
:10B8D00010BD00007C56002010B5040004D048784C
:10B8E00019F0B6FFC4F8840010BD000010B50028A0
:10B8F00024D013484D2200F8452F102242709D227B
:10B9000082700822C2700022027102224271042257
:10B9100082710A0AC27101720A0E4272090C8172A6
:10B920000D2100F8421C0648453003F033FA15F0AB
:10B93000ABFBBDE810400B2015F0D2BB10BD0000E2
:10B940007C56002070B500282AD016484D251C0AC8
:10B9500000F8455F102545708470C37000230371A3
:10B9600004234371082383710B0AC37101720B0E08
:10B970004372090C8172110AC1720273110E417374
:10B98000110C8173112100F8421C0648453003F068
:10B9900001FA15F079FBBDE87040122015F0A0BB4C
:10B9A00070BD00007C56002010B5002823D012483E
:10B9B0004D24130A00F8454F102444708370C27060
:10B9C0000022027102224271042282710A0AC271AB
:10B9D00001720A0E4272090C81720D2100F8421C9C
:10B9E0000548453003F0D6F915F04EFBBDE8104090
:10B9F000172015F075BB10BD7C56002010B500282F
:10BA00001AD00E484D2200F8452F062242709C2283
:10BA10008270A822C270002202714171082100F8D0
:10BA2000421C0648453003F0B5F915F02DFBBDE882
:10BA300010400D2015F054BB10BD00007C560020B6
:10BA40003EB5002416480094019414490294C0E9BC
:10BA500000148460C460046144618461C461046250
:10BA600080F824400125856280F82C401021C0E92F
:10BA70000D1480F83C40FDF75BFA08B1FCF736FE88
:10BA80001720CDE90005694602940548FDF79EF9A7
:10BA9000002801D0FCF72AFE3EBD00000024014032
:10BAA000AC580020114808B5016841F08071016070
:10BAB0000068002200F08070009003210D20FDF747
:10BAC0009FFE0D20FDF78EFE002202210F20FDF7C4
:10BAD00097FE0F20FDF786FE002204211020FDF7BF
:10BAE0008FFEBDE808401020FDF77CBE1C380240E8
:10BAF0002DE9F04F87B014216846F4F798FE9F486F
:10BB000000689E4940F010000860086800F01000CE
:10BB10000590086840F004000860086800F0040020
:10BB20000590086840F020000860086800F02000D8
:10BB300005900846006840F001000860086800F0C1
:10BB400001000590086840F002000860086800F0F5
:10BB500002000590086840F00800086008680122AB
:10BB600000F0080005904FF482718548FDF7A5FDAF
:10BB7000002248F240018248FDF79FFDDFF8049261
:10BB8000002281214846FDF798FD4FF47F4B0022AB
:10BB900059467D48FDF791FD4FF4E074012221469E
:10BBA0007A48FDF78AFD00224FF490517748FDF75F
:10BBB00084FD012280217448FDF77FFD012221468A
:10BBC0007348FDF77AFD7E200326CDE900060025A7
:10BBD000694602954846FDF781FC4EF22F00CDE9FB
:10BBE0000006694602956948FDF778FC41F23B0082
:10BBF000CDE90006694602956148FDF76FFC4FF0FC
:10BC0000040A01240227CDF800A00396CDE90147DC
:10BC100069465B48FDF762FC4FF40068CDF8008090
:10BC20000396CDE9014769465548FDF757FC0022C8
:10BC300041465348FDF741FD4FF0400801AACDF8B9
:10BC4000008082E8700069464D48FDF747FC4CF6DD
:10BC50000760CDE90006694602954D48FDF73EFCB8
:10BC600081208DE83100694648460395FDF736FC92
:10BC70004FF47E40CDE90005694648460295FDF740
:10BC80002DFC4FF08009CDE9009569463C480295AE
:10BC9000FDF724FC1020CDE9000569463B480295DC
:10BCA000FDF71CFC3003CDE90005694638480295D4
:10BCB000FDF714FCCDE900B4CDE9024669463248EF
:10BCC000FDF70CFCCDE9008469463048CDE902451A
:10BCD000FDF704FC4FF49C50CDE90004CDE9024689
:10BCE00069462A48FDF7FAFB2003CDE90004CDE9B7
:10BCF000024669462548FDF7F1FB4FF48078CDE90F
:10BD00000084CDE9024669461D48FDF7E7FBCDF802
:10BD100000A0CDE9016569461E48FDF7DFFBE003A1
:10BD2000CDE900040294694615480394FDF7D6FB5B
:10BD30001F20CDE90006694602951348FDF7CEFBAA
:10BD400001AACDF8009082E8700069460E48FDF720
:10BD5000C5FBC020009001AA112082E8510069466D
:10BD60000B48FDF7BBFBCDE90084CDE902476946EE
:10BD70000748FDF7B3FB07B0BDE8F08F1C38024061
:10BD80000000024000100240000C02400008024087
:10BD90000004024000140240094810B50749016040
:10BDA0000321416040F6FF718160FDF791FC00289E
:10BDB00003D0BDE81040FCF799BC10BD0030004036
:10BDC000005900200D4810B50B4901604FF48271F5
:10BDD0004160002181604FF40072C160C0E906211A
:10BDE00081620A21C162FEF78BF8002803D0BDE80A
:10BDF0001040FCF77BBC10BD003001400C59002006
:10BE000010B586B00024174800940194029403945E
:10BE100004944FF08041059401601F21C0E9011492
:10BE200040F2E731C0E9031480214161FEF730FAA6
:10BE300008B1FCF75BFC4FF480500090694609485C
:10BE4000FEF794FA08B1FCF751FC049404A90548E4
:10BE50000594FEF7E9F9002801D0FCF747FC06B08D
:10BE600010BD0000645900200C4810B50A4901605B
:10BE70004FF4E1314160002181600C22C160C0E9D2
:10BE800004128161C161FEF7D9FC002803D0BDE82E
:10BE90001040FCF72BBC10BD00380140A459002015
:10BEA0000C4810B50A4901604FF416514160002159
:10BEB00081600C22C160C0E904128161C161FEF79A
:10BEC000BDFC002803D0BDE81040FCF70FBC10BD3E
:10BED00000440040E85900200C4810B50A490160B0
:10BEE0004FF416514160002181600C22C160C0E90D
:10BEF00004128161C161FEF7A1FC002803D0BDE8F6
:10BF00001040FCF7F3BB10BD004800402C5A002045
:10BF1000FEE7000070B514F0E1FD714C0B2804F150
:10BF200008056FD01FDC022850D0042870D00828E4
:10BF30006AD1A079032867D106F024FA10F0B0FA8C
:10BF4000407922285BD010F0B1FA294600F0CEF8F3
:10BF500010F0A6FA4079222857D010F0A7FABDE8D1
:10BF60007040FAF71CBA0C2815D0122870D013288C
:10BF70004AD1E079632847D1207A122844D106F0CB
:10BF800001FA11F009F903283ED1BDE87040012102
:10BF900002200BF05FB9A079032835D12220F9F7F0
:10BFA000BFFA10F07DFA407922280CD010F07EFA0A
:10BFB000294600F0C3F814F04BFD10F071FABDE80B
:10BFC000704000F00FBB10F06BFAF1E7A079032886
:10BFD00079D106F0D7F910F063FA407922280BD016
:10BFE00010F064FA0C22294600F099F810F058FA83
:10BFF000BDE8704000F0D4BA10F052FAF2E710F049
:10C000004FFAA2E725E003E05DE010F049FAA6E769
:10C01000A079032857D106F0B5F910F041FA40791C
:10C0200022280FD010F042FA294600F087F810F0CD
:10C0300037FA4079222808D010F038FABDE870406D
:10C04000FAF7A6B910F02CFAEEE710F029FAF5E7A6
:10C050003AE0A079102836D106F094F911F09CF856
:10C06000462814D008DC03280DD03F280FD04128E3
:10C070000DD0452827D10AE0472808D0482806D007
:10C08000492820D103E0012102200BF0E3F801212F
:10C0900002200BF0DFF811F085F880681149006983
:10C0A00000690069816011F07DF880680E490069BF
:10C0B00000690069C16011F075F8806804210069A9
:10C0C00000690069417170BDA0791028FBD106F0AC
:10C0D00059F911F061F83E283FF457AF70BD0000E8
:10C0E0007C560020776B02087B6B020810B5002895
:10C0F00014D00A782E2430328277C4774A783032CE
:10C1000080F82020002280F821208B78303300F83E
:10C11000193F4470C97830318170C27010BD30B59C
:10C12000002809D0002305E0CC5CC5185B1C85F80D
:10C130005640DBB29342F7D330BD00002DE9FE4FED
:10C1400004007DD0087884F87400487884F875007D
:10C15000887884F87600C87884F87700087904F83D
:10C160006C0F487960708879A070C879E070087A9F
:10C170002071487A6071887AA071C87AE071087E6F
:10C180002074487E6074887EA074C87EE074087F46
:10C190002073487F6073887FA073C87FE0736C3C16
:10C1A00017F0F4FEA8B1E06E19F0A2F97A4A7B4BC1
:10C1B00018F074FF00227A4B18F05CFC18F028FC91
:10C1C0007849E066884203DC4FF08441884200DA17
:10C1D000E166754DE06F294619F082FB19F088F988
:10C1E000CDE9000171A2082104F13F00F4F784F9C0
:10C1F0002946A06F19F074FB19F07AF9CDE9000116
:10C200006AA2082104F14700F4F776F9207804F1D6
:10C210002B07410704F1310604F1380526D520F03B
:10C2200004002070606F6061E06E19F061F9CDE983
:10C23000000160A206213846F4F75EF9206F00E0A5
:10C2400012E019F055F9CDE900015CA20721304652
:10C25000F4F752F9606F19F04BF9CDE9000157A2DC
:10C2600007212846F4F748F9BDE8FE8F616FA06802
:10C2700019F06AF9A060216FE06819F065F9E060D3
:10C28000E16E206919F060F920612046F8F7ECFAB8
:10C29000606F6061E079401CC0B2E0710328E3D3B5
:10C2A00019F0D6FA80464146206919F0BBF9029090
:10C2B0004146E06819F0B6F983464146A06819F096
:10C2C000B1F9824617F082FDDFF8F8904FF00008D0
:10C2D00090B317F03DFE02282FD399F8001004F117
:10C2E000A00001904A460C3804F1AC09009051B10D
:10C2F00082F80080009806F08DF8019806F08AF820
:10C30000484606F087F85146009806F0B6F85946B8
:10C31000019806F0B2F84846029906F0AEF8484691
:10C3200006F08EF80290009806F08AF8824601988E
:10C3300006F086F8834603E0FFE7012189F8001044
:10C340002046F9F72BFBE8B9029819F0D1F8CDE9AE
:10C35000000118A206213846F4F7CEF8584619F025
:10C36000C7F8CDE9000115A207213046F4F7C4F85B
:10C37000504619F0BDF8CDE9000110A2072128466A
:10C38000F4F7BAF884F80780C4F80880C4F80C8081
:10C39000C4F8108068E70000CDCCCCCCCCCCFC3FFE
:10C3A0000000404000000C4300007A4425352E3246
:10C3B0006600000025352E316600000025362E323D
:10C3C000660000004858002010B5002823D012480D
:10C3D000222200F8452F1022427063228270002230
:10C3E000C27002710222427104228271C1710A0A72
:10C3F00002720A0C4272090E81720D2100F8421C71
:10C400000548453002F0C6FC14F03EFEBDE8104081
:10C410000B2014F065BE10BD7C56002010B500281E
:10C4200023D012482222002300F8452F1022427008
:10C43000632282700222C2700371427104228271EF
:10C44000C1710A0A02720A0C4272090E81720D2130
:10C4500000F8421C0548453002F09CFC14F014FE24
:10C46000BDE810400B2014F03BBE10BD7C560020F0
:10C4700010B5002823D012482222002300F8452FAF
:10C4800010224270632282700422C2700371022360
:10C4900043718271C1710A0A02720A0C4272090E5A
:10C4A00081720D2100F8421C0548453002F072FCF3
:10C4B00014F0EAFDBDE810400B2014F011BE10BDD1
:10C4C0007C56002010B500281FD0104822210122E0
:10C4D00000F8451F10214170632181701221C17045
:10C4E00000210171427102238371C27101720B211B
:10C4F00000F8421C0548453002F04CFC14F0C4FD25
:10C50000BDE81040132014F0EBBD10BD7C56002098
:10C5100010B5002824D01348222200F8452F1022FD
:10C520004270632282700622C270002202710222CF
:10C53000427104228271C1710A0A02720A0C4272AB
:10C54000090E81720D2100F8421C0648453002F0A8
:10C5500021FC14F099FDBDE810400B2014F0C0BD83
:10C5600010BD00007C5600200C4810B5222100F8B8
:10C57000451F03214170612181700021C17001714B
:10C5800010214171082100F8421C0448453002F096
:10C5900001FCBDE810400C2014F0A2BD7C56002028
:10C5A00010B500281AD00E48222100F8451F03219B
:10C5B0004170622181700021C170017102214171BD
:10C5C000082100F8421C0648453002F0E3FB14F055
:10C5D0005BFDBDE81040082014F082BD10BD0000D6
:10C5E0007C56002010B500281AD00E48222100F8F1
:10C5F000451F03214170622181700221C170002119
:10C6000001710821417100F8421C0648453002F0D2
:10C61000C1FB14F039FDBDE81040022014F060BDEC
:10C6200010BD00007C56002010B5002818D00D4821
:10C63000222100F8451F03214170612181700021F2
:10C64000C170017110214171082100F8421C054898
:10C65000453002F09FFBBDE81040042014F040BDBF
:10C6600010BD00007C56002010B5002824D01348CF
:10C67000222200F8452F1022427063228270082285
:10C68000C270002202710222427104228271C171C1
:10C690000A0A02720A0C4272090E81720D2100F818
:10C6A000421C0648453002F075FB14F0EDFCBDE875
:10C6B00010400B2014F014BD10BD00007C5600206B
:10C6C00010B5002827D0144A40F86C1F222102F828
:10C6D000451F10215170632191700E21D1700021EE
:10C6E000117102215171042191710178D171417848
:10C6F000117281785172C078907207480D2102F84A
:10C70000421C453002F046FB14F0BEFCBDE8104070
:10C71000122014F0E5BC10BD7C56002070B514F05A
:10C72000DDF9784C0B2804F1080572D022DC0228D0
:10C7300053D0042876D008286DD1A07904286AD176
:10C74000E079022867D105F01DFE0FF0A9FE4079BF
:10C750005E2861D00FF0AAFE294617F08DFE0FF07B
:10C760009FFE40795E285AD00FF0A0FEBDE87040D1
:10C77000F9F715BE0C2815D0122873D013284AD10A
:10C78000E0799C2847D1207A512844D105F0FAFD60
:10C7900010F002FD03283ED1BDE8704001210220C7
:10C7A0000AF058BDA079042835D15E20F8F7B8FE0C
:10C7B0000FF076FE40795E280CD00FF077FE294608
:10C7C00000F0A6F814F044F90FF06AFEBDE87040DE
:10C7D00000F02ABB0FF064FEF1E7A07904281AD11B
:10C7E000E0790C287FD105F0CDFD0FF059FE40799E
:10C7F0005E280BD00FF05AFE0C22294617F051FE8E
:10C800000FF04EFEBDE8704000F0ECBA0FF048FEAD
:10C81000F2E72BE006E066E00FF042FE9CE70FF047
:10C820003FFEA3E7A07904285DD1E07914285AD10E
:10C8300005F0A8FD0FF034FE40795E280FD00FF010
:10C8400035FE294600F064F80FF02AFE40795E2894
:10C8500009D00FF02BFEBDE87040F9F799BD0FF03D
:10C860001FFEEEE740E00FF01BFEF4E7A079102872
:10C8700039D1E0799C2836D105F084FD10F08CFC8C
:10C88000462814D008DC03280DD03F280FD04128BB
:10C890000DD0452827D10AE0472808D0482806D0DF
:10C8A000492820D103E0012102200AF0D3FC012114
:10C8B00002200AF0CFFC10F075FC80681249006974
:10C8C00000690069816010F06DFC80680F490069A3
:10C8D00000690069C16010F065FC8068042100698E
:10C8E00000690069417170BDA0791028FBD1E07921
:10C8F0009C28F8D105F046FD10F04EFC3E283FF490
:10C900004BAF70BD7C560020776B02087B6B020832
:10C910002DE9FE4F04007DD0487884F87400087833
:10C9200084F87500C87884F87600887884F87700F1
:10C93000487904F86C0F08796070C879A07088791C
:10C94000E070487A2071087A6071C87AA071887A9C
:10C95000E071487B2074087B6074C87BA074887B7E
:10C96000E074487C2073087C6073C87CA073887C6A
:10C97000E0736C3C17F00AFBA8B1E06E18F0B8FD4C
:10C980007A4A7B4B18F08AFB00227A4B18F072F837
:10C9900018F03EF87849E066884203DC4FF08441A5
:10C9A000884200DAE166754DE06F294618F098FF7D
:10C9B00018F09EFDCDE9000171A2082104F13F00AD
:10C9C000F3F79AFD2946A06F18F08AFF18F090FD42
:10C9D000CDE900016AA2082104F14700F3F78CFDBC
:10C9E000207804F12B07410704F1310604F13805E2
:10C9F00026D520F004002070606F6061E06E18F0B2
:10CA000077FDCDE900015EA206213846F3F774FDFB
:10CA1000206F00E012E018F06BFDCDE900015AA292
:10CA200007213046F3F768FD606F18F061FDCDE92E
:10CA3000000155A207212846F3F75EFDBDE8FE8FF1
:10CA4000616FA06818F080FDA060216FE06818F0A9
:10CA50007BFDE060E16E206918F076FD20612046E4
:10CA6000F7F702FF606F6061E079401CC0B2E071CF
:10CA70000328E3D318F0ECFE80464146206918F005
:10CA8000D1FD02904146E06818F0CCFD8346414656
:10CA9000A06818F0C7FD824617F098F9DFF8F0900B
:10CAA0004FF0000890B317F053FA02282FD399F8EB
:10CAB000001004F1A00001904A460C3804F1AC09C2
:10CAC000009051B182F80080009805F0A3FC019815
:10CAD00005F0A0FC484605F09DFC5146009805F085
:10CAE000CCFC5946019805F0C8FC4846029905F06F
:10CAF000C4FC484605F0A4FC0290009805F0A0FC98
:10CB00008246019805F09CFC834603E0FFE7012183
:10CB100089F800102046F8F741FFE8B9029818F0AC
:10CB2000E7FCCDE9000116A206213846F3F7E4FC44
:10CB3000584618F0DDFCCDE9000113A2072130466C
:10CB4000F3F7DAFC504618F0D3FCCDE900010EA251
:10CB500007212846F3F7D0FC84F80780C4F8088042
:10CB6000C4F80C80C4F8108068E70000CDCCCCCCB1
:10CB7000CCCCFC3F0000404000000C4300007A4455
:10CB800025352E326600000025362E326600000064
:10CB9000485800201CB50C46002832D0684601F0E9
:10CBA000A7FEDDE9000105F0CDFC164A5E2102F882
:10CBB000451F102151709C2191706221D17000217C
:10CBC00011710421517108219171010AD171107202
:10CBD000010E5172000C9072200AD0721473200E54
:10CBE0005073200C90730748112102F8421C453005
:10CBF00002F0D0F814F048FABDE81C400B2014F005
:10CC00006FBA1CBD7C5600201CB50C46002832D0E3
:10CC1000684601F06DFEDDE9000105F093FC164A5F
:10CC20005E2102F8451F102151709C2191706621F0
:10CC3000D170002111710421517108219171010AF3
:10CC4000D1711072010E5172000C9072200AD072D4
:10CC50001473200E5073200C90730748112102F8B2
:10CC6000421C453002F096F814F00EFABDE81C4064
:10CC70000B2014F035BA1CBD7C5600201CB50C46A8
:10CC8000002832D0684601F033FEDDE9000105F0EE
:10CC900059FC164A5E2102F8451F102151709C2153
:10CCA00091706A21D1700021117104215171082104
:10CCB0009171010AD1711072010E5172000C9072C3
:10CCC000200AD0721473200E5073200C9073074802
:10CCD000112102F8421C453002F05CF814F0D4F93E
:10CCE000BDE81C400B2014F0FBB91CBD7C56002095
:10CCF00010B500281BD00E485E2100F8451F062104
:10CD000041709C2181705121C1700021017101216C
:10CD10004171082100F8421C0548453002F03AF8FC
:10CD200014F0B2F9BDE81040132014F0D9B910BDC9
:10CD30007C5600201CB50C46002832D0684601F015
:10CD4000D7FDDDE9000105F0FDFB164A5E2102F882
:10CD5000451F102151709C2191707221D1700021CA
:10CD600011710421517108219171010AD171107260
:10CD7000010E5172000C9072200AD0721473200EB2
:10CD80005073200C90730748112102F8421C453063
:10CD900002F000F814F078F9BDE81C400B2014F004
:10CDA0009FB91CBD7C5600200D4810B55E2100F8CF
:10CDB000451F04214170752181706921C1700021D6
:10CDC00001710A214171082100F8421C04484530D4
:10CDD00001F0E0FFBDE810400C2014F081B9000024
:10CDE0007C56002010B500281BD00E485E2100F8AC
:10CDF000451F04214170752181704521C1700021BA
:10CE0000017101214171082100F8421C054845309B
:10CE100001F0C0FF14F038F9BDE81040082014F00C
:10CE20005FB910BD7C56002010B500281BD00E48FD
:10CE30005E2100F8451F0421417075218170302169
:10CE4000C1700021017106214171082100F8421CC6
:10CE50000548453001F09EFF14F016F9BDE810407A
:10CE6000022014F03DB910BD7C56002010B50028FA
:10CE700019D00D485E2100F8451F0421417075212D
:10CE800081706921C170002101710A21417108215D
:10CE900000F8421C0448453001F07CFFBDE810401A
:10CEA000042014F01DB910BD7C5600201CB50C46A2
:10CEB000002832D0684601F01BFDDDE9000105F0D5
:10CEC00041FB164A5E2102F8451F102151709C213A
:10CED00091707621D17000211171042151710821C6
:10CEE0009171010AD1711072010E5172000C907291
:10CEF000200AD0721473200E5073200C90730748D0
:10CF0000112102F8421C453001F044FF14F0BCF836
:10CF1000BDE81C400B2014F0E3B81CBD7C5600207B
:10CF200010B5002827D0144A40F86C1F5E2102F883
:10CF3000451F102151709C2191707A21D1700021E0
:10CF4000117102215171042191714178D1710178DF
:10CF50001172C17851728078907207480D2102F8E1
:10CF6000421C453001F016FF14F08EF8BDE8104069
:10CF7000122014F0B5B810BD7C560020FCF7AEFDB1
:10CF8000FEE72DE9F04387B00DF1380E81469EE8AB
:10CF9000E011DDE91304CDE904C08DE8E001484665
:10CFA00000F0C0F8216859B1896981612168416147
:10CFB0002168896948612168886107B0BDE8F0830C
:10CFC0002060FAE770B504460068002808D045697B
:10CFD000F3F797F9216828468142F8D100202060B4
:10CFE00070BD10B5002808D08279836940698342FA
:10CFF000847902FB0142F9D1104610BD10B500281A
:10D0000010D08279084C53B2432B237001D0442BAB
:10D0100000D10022836940698342847902FB014286
:10D02000F9D1104610BD0000D85500202DE9FE436F
:10D0300088460746040062D0374E10256078D0B18C
:10D0400001283AD0022802D0032855D159E020788F
:10D05000B8F1000F00F0010009D00095CDE90150B2
:10D060006379E268E178A078FBF7B0FC44E0CDE9B1
:10D07000005022693BE02078800712D5A0790A2869
:10D0800001D2303000E038303070002070702078ED
:10D09000082300F00100CDE90050E178A0781E4A95
:10D0A00028E0A1790A20B1FBF0F230323270B1FBF6
:10D0B000F0F200FB12103030E8E710F06DF81128A4
:10D0C00002D0122818D109E02078082300F00100CE
:10D0D000CDE90050E178A078104A0BE020781049A3
:10D0E00000F00100CDE90050A07951F82020E1784E
:10D0F000A0780823FBF7CEFC6469BC429ED1BDE852
:10D10000FE832078009500F00100CDE90150A1795F
:10D11000E06863794218A5E7D9550020926E0208AD
:10D12000005500202DE9F05F0746DDE90E8A1C4618
:10D1300015460E462020DDF830B0DDF82890F3F7D4
:10D14000B1F8002813D0406180618770C670C56057
:10D15000447180F806B00D99C17180F80880C0F85C
:10D16000109002786AF3410202700B994170BDE899
:10D17000F09F00000C48A0F19802C168916100295D
:10D1800006D0886928B1D061017841F001010170B1
:10D19000704790690069906183690BB11846F2E7A6
:10D1A0008142F6D170470000B85500202DE9F041CA
:10D1B000044613F093FC811EF848F94DF94E0427FC
:10D1C00000F10808172977D2DFE801F02DF18EF180
:10D1D00067F1F8F1F1F90CF6F5F1F4C4F1F3F1C4EB
:10D1E000F1E2F6008079032866D12046F8F798F935
:10D1F00013F02EFC1D2C6FD00FF052F94079A04295
:10D200000BD10FF04DF90AE00FF04AF901E00FF0F1
:10D210004DF9BDE8F04100F0C9BC0FF047F9BDE899
:10D22000F04101F0CDB88079032845D105F0AAF886
:10D230001D2C07D00FF034F94079A04219D10FF01E
:10D240002FF918E00FF02CF940791D2805D00FF0C8
:10D250002DF9414600F00EFD03E10FF021F9F8E74A
:10D260000FF01EF901E00FF021F9BDE8F04100F0E8
:10D27000DFBC0FF01BF9C949093101F036F90FF095
:10D280000FF94079A04202D10FF00AF901E00FF046
:10D290000DF9BDE8F04101F071B8807903280BD198
:10D2A00005F070F81D2C08D00FF0FAF84079A04274
:10D2B00013D10FF0F5F812E079E00FF0F1F84079B2
:10D2C0001D2806D00FF0F2F84146BDE8F04100F00D
:10D2D0002FBD0FF0E5F8F7E753E00FF0E7F8414610
:10D2E000BDE8F04101F0AEB8807903285FD105F0C8
:10D2F00049F81D2C07D00FF0D3F84079A0421ED179
:10D300000FF0CEF81DE00FF0CBF840791D280AD0C1
:10D310000FF0CCF8414600F0D7FA0FF0C1F8407991
:10D320001D2803D005E00FF0BBF8F3E70FF0B8F8C5
:10D3300001E00FF0BBF8BDE8F041F9F729B80FF0B4
:10D34000B5F8414600F0EEFE0FF0AAF84079A04291
:10D35000EFD1EBE78079062829D105F013F80FF01B
:10D360001BFF2B2807D00FF017FF2A2803D00FF040
:10D3700013FF2D2803D10121022009F06BFF1D2C82
:10D3800015D10FF08DF840791D287FF440AF3BE7B1
:10D39000807910280BD104F0F5FF0FF0FDFE2C284A
:10D3A00003D10121022009F055FF1D2C59D0BDE801
:10D3B000F0818FE071E05BE031E000E0CBE080796C
:10D3C0001028F4D104F0DEFF0FF0E6FE582807D055
:10D3D0000FF0E2FE592803D00FF0DEFE5A2812D1DA
:10D3E0000121022009F036FF0FF0DCFE80680069A1
:10D3F00085600FF0D7FE80680069C6600FF0D2FE2E
:10D400008068006947711D2CD1D09DE00FF048F86D
:10D4100001E00FF04BF8BDE8F04100F071BF8079FA
:10D420001028C4D104F0AEFF0FF0B6FE5E2803D082
:10D430000FF0B2FE432812D10121022009F00AFFA9
:10D440000FF0B0FE8068006985600FF0ABFE806869
:10D450000069C6600FF0A6FE8068006947711D2C48
:10D4600072D10FF01DF840791D287FF4FCAEF7E66D
:10D47000807906289BD104F085FF1D2C97D10FF0F1
:10D480000FF840791D2805D00FF010F8BDE8F041E5
:10D4900000F026BE0FF004F8F8E78079062886D160
:10D4A00004F070FF0FF078FE422880D101210220A5
:10D4B00009F0D0FE0FF076FE8068006985600FF0FD
:10D4C00071FE80680069C6600FF06CFE80680069BC
:10D4D00047716CE780791028FBD104F053FF1D2CB5
:10D4E00004D00FF059FE03280FD012E00EF0D8FF41
:10D4F00040791D2806D00EF0D9FFBDE8F04100218B
:10D5000000F026BD0EF0CCFFF7E70121022009F064
:10D51000A1FE0FF041FE5E2803D00FF03DFE432830
:10D5200012D10121022009F095FE0FF03BFE806828
:10D53000006985600FF036FE80680069C6600FF0F4
:10D5400031FE8068006947710EF0AAFF4079A04261
:10D550007FF45FAF5AE780791D2C0BD00328B8D138
:10D5600004F010FF0EF09CFF4079A04210D10EF0A5
:10D5700097FF0FE01028ACD104F004FF0FF00CFE71
:10D580000328A6D1BDE8F0410121022009F062BEC6
:10D590000EF08CFF414600F08FFFD5E77C5600204F
:10D5A000776B02087B6B020810B513F097FA3B49C2
:10D5B00004282FD00B284ED00C2813D0132825D1A7
:10D5C000C8790B2822D1087A33281FD104F0DAFE5B
:10D5D0000FF0E2FD032819D10121BDE8104002201F
:10D5E00009F038BE8879032810D10920F7F798FF91
:10D5F00013F02EFA0EF054FF4079092807D00EF0F0
:10D6000055FFF8F7CCFE26490020087010BD0EF03B
:10D6100047FFF6E788790328F8D104F0B3FE0EF04F
:10D620003FFF4079092810D00EF040FF1B49083118
:10D6300000F03CF80EF034FF4079092808D00EF0D5
:10D6400035FFBDE81040F8F7A3BE0EF029FFEDE767
:10D650000EF026FFF5E788790628D7D1C8790B2880
:10D66000D4D104F08FFE0FF097FD5E28CED10121BA
:10D67000022009F0EFFD0FF095FD8068094900696F
:10D6800081600FF08FFD806807490069C1600FF06D
:10D6900089FD806804210069417110BD7C5600201D
:10D6A0002C550020776B02087B6B02082DE9F047B0
:10D6B000040066D0487884F89000087884F89100D7
:10D6C000B4F99060304618F0ABF8014660672078F6
:10D6D00004F1380542070BD520F004002070616189
:10D6E00033462846BDE8F04727A20621F2F704BFDB
:10D6F000B4F892003044A4F892002046F7F7B4F84A
:10D70000B4F9900018F08CF86061E079401CC0B268
:10D71000E071032835D3B4F9921091FBF0F006B212
:10D7200016F060FB194F4FF00009D0B116F01CFC49
:10D73000022816D3387804F1940820B187F80090B5
:10D74000404604F067FE304618F06AF8014640464D
:10D7500004F093FE404604F073FE18F025F806B27C
:10D7600001E0012038702046F8F718F928B933464F
:10D7700005A206212846F2F7BFFE84F80790A4F818
:10D780009290BDE8F08700002535640048580020DD
:10D7900010B500281AD00E48092200F8452F06229D
:10D7A00042700B2282700122C2700A0A027141711A
:10D7B000082100F8421C0648453001F0EBFA13F04E
:10D7C00063FCBDE810400B2013F08ABC10BD0000C4
:10D7D0007C56002010B500281BD00E48092100F807
:10D7E000451F062141700B2181703321C17000213A
:10D7F000017101214171082100F8421C05484530A2
:10D8000001F0C8FA13F040FCBDE81040132013F0FB
:10D8100067BC10BD7C5600200C4810B5092100F8EB
:10D82000451F032141700B2181700021C1700171DE
:10D8300001214171082100F8421C0448453001F0E3
:10D84000A9FABDE810400C2013F04ABC7C56002019
:10D8500010B5002818D00D48092100F8451F0321F4
:10D8600041700B2181700021C17001710121417152
:10D87000082100F8421C0548453001F08BFABDE84C
:10D880001040042013F02CBC10BD00007C5600207A
:10D890000C4810B51D2100F8451F032141700021DF
:10D8A00081702B22C270017101214171082100F8A1
:10D8B000421C0448453001F06DFABDE810400C20D0
:10D8C00013F00EBC7C5600202DE9F04F85B004000B
:10D8D0005CD0487884F87400087884F87500C878BB
:10D8E00084F87600887884F87700487984F86C00AA
:10D8F000087984F86D00C87984F86E00887984F816
:10D900006F00487A84F87000087A84F87100C87A49
:10D9100084F87200887A84F873002078DFF8B8A160
:10D9200004F13801DFF8B4B1420704F12B0604F129
:10D93000310504912DD520F004002070606F6061E6
:10D94000E06E17F0D5FDCDE9000165A20621304655
:10D95000F2F7D2FD206F17F0CBFDCDE9000162A2F6
:10D9600007212846F2F7C8FD606F504503DB17F02A
:10D97000BFFD5FA204E05845F9DB17F0B9FD5EA2D8
:10D98000CDE9000107210498F2F7B6FD05B0BDE826
:10D99000F08F616FA06817F0D7FDA060216FE0687D
:10D9A00017F0D2FDE060E16E206917F0CDFD206137
:10D9B0002046F6F759FF606F6061E079401CC0B205
:10D9C000E0710328E2D317F043FF07463946206988
:10D9D00017F028FE01903946E06817F023FE029008
:10D9E0003946A06817F01EFE074616F0F5F9DFF875
:10D9F00010914FF0000890B316F0B0FA02282FD320
:10DA000099F8001004F1A00003904A460C3804F184
:10DA1000AC09009051B182F80080009804F0FAFC43
:10DA2000039804F0F7FC484604F0F4FC39460098EB
:10DA300004F023FDDDE9021004F01FFD48460199C2
:10DA400004F01BFD484604F0FBFC0190009804F034
:10DA5000F7FC0746039804F0F3FC029003E0FFE7AD
:10DA6000012189F800102046F7F798FF50BB019874
:10DA700017F03EFDCDE9000119A206213046F2F76C
:10DA80003BFD029817F034FDCDE9000116A20721F5
:10DA90002846F2F731FD574504DB384617F028FDDC
:10DAA00011A209E05F45384603DB17F021FD12A201
:10DAB00002E017F01DFD0EA2CDE900010721049838
:10DAC000F2F71AFD84F80780C4F80880C4F80C80C7
:10DAD000C4F810805AE700000000C842000020414E
:10DAE00025352E316600000025362E3166000000F7
:10DAF00025362E336600000025362E3266000000E3
:10DB00004858002070B500284DD027481D23032415
:10DB100080F84530102380F846300023062580F831
:10DB20004730012A25D0022A30D0352280F84820FB
:10DB300080F8493080F84A4080F84B5080F84C30EB
:10DB4000312280F84D200A0A00F84E2F0A0E41704B
:10DB50008270090CC1700F2100F84B1C124845302F
:10DB600001F018F913F090FABDE870400B2013F0A3
:10DB7000B7BA2F2280F8482080F8493080F84A4010
:10DB800080F84B5080F84C301122DAE7322280F8CE
:10DB9000482080F8493080F84A4080F84B5080F89F
:10DBA0004C302122CDE770BD7C56002010B50028F6
:10DBB0001AD00E481D21242200F8451F0321417070
:10DBC00000218170C270017107214171082100F8A4
:10DBD000421C0648453001F0DDF813F055FABDE867
:10DBE0001040022013F07CBA10BD00007C560020CB
:10DBF00010B5002818D00D481D21022200F8451F3D
:10DC00000321417000218170C270017106214171B0
:10DC1000082100F8421C0548453001F0BBF8BDE87A
:10DC20001040042013F05CBA10BD00007C560020A8
:10DC300010B500281AD00E481D210C2200F8451FEF
:10DC40000321417000218170C27001711421417162
:10DC5000082100F8421C0648453001F09BF813F0FB
:10DC600013FABDE81040062013F03ABA10BD0000C8
:10DC70007C5600202DE9FC410C4605004BD0607815
:10DC8000264F60F30706207825A260F30F263E801A
:10DC9000E078062160F30706A07860F30F26B3B2A0
:10DCA0007B8005F14700F2F727FCE0791DA260F3C5
:10DCB0000706A079052160F30F26BE80607A60F325
:10DCC0000706207A60F30F26FE80E07A274660F38D
:10DCD0000706A07A60F30F26607BB3B260F30707F4
:10DCE000207B60F30F2705F11E00F2F705FC0E49BB
:10DCF0000020CDE900010DA2052105F11900F2F780
:10DD0000FBFB02B0BBB205F15600BDE8F04105A235
:10DD10001121F2F7F1BBBDE8FC810000945800200E
:10DD200025346400256400000000F03F25660000F3
:10DD30007CB50C46050077D0607860F30706207844
:10DD400060F30F26E07860F31746A07860F31F6653
:10DD5000AE67607960F30706207960F30F26E079FB
:10DD600060F31746A07960F31F66EE67607B60F38F
:10DD70000706207B60F30F26E07B60F31746A07B4D
:10DD800060F31F66C5F88060607C60F30706207C46
:10DD900060F30F26E07C60F31746A07C60F31F66FB
:10DDA000C5F88460607D60F30706207D60F30F2670
:10DDB000E07D60F31746A07D60F31F66C5F88C60B8
:10DDC000607F60F30706207F60F30F26E07F60F33B
:10DDD0001746A07F60F31F66304617F089FBCDE938
:10DDE000000112A2072105F13F00F2F785FB94F82C
:10DDF000250060F3070694F8240060F30F2694F8DA
:10DE0000270060F3174694F8260060F31F6630463B
:10DE100017F06EFBCDE9000104A2072105F14F00C8
:10DE2000F2F76AFB034886607CBD000025362E3180
:10DE3000660000009458002010B500281AD00E4843
:10DE40001D2200F8452F06224270002282702522F2
:10DE5000C2700A0A02714171082100F8421C06488A
:10DE6000453000F097FF13F00FF9BDE810400D208A
:10DE700013F036B910BD00007C56002010B5002804
:10DE800019D00D481D22262300F8452F0622427086
:10DE900000228270C37002714171082100F8421C97
:10DEA0000548453000F076FF13F0EEF8BDE810406D
:10DEB0000E2013F015B910BD7C56002010B50028B7
:10DEC00019D00D481D22242300F8452F0622427048
:10DED00000228270C37002714171082100F8421C57
:10DEE0000548453000F056FF13F0CEF8BDE810406D
:10DEF000152013F0F5B810BD7C56002010B5002891
:10DF000023D012481D220C2300F8452F1022427006
:10DF100000228270C3700271022242710422827157
:10DF20000A0AC27101720A0E4272090C81720D2135
:10DF300000F8421C0548453000F02CFF13F0A4F80F
:10DF4000BDE81040182013F0CBB810BD7C5600205F
:10DF500010B5002823D012481D220C2300F8452FAD
:10DF60001022427000228270C3700271022242713C
:10DF7000042282710A0AC27101720A0E4272090CED
:10DF800081720D2100F8421C0548453000F002FF67
:10DF900013F07AF8BDE81040082013F0A1B810BDC6
:10DFA0007C56002010B5002823D012481D221623CD
:10DFB00000F8452F1022427000228270C370027157
:10DFC00002224271042282710A0AC27101720A0E8F
:10DFD0004272090C81720D2100F8421C054845303F
:10DFE00000F0D8FE13F050F8BDE81040182013F0F0
:10DFF00077B810BD7C56002010B5002823D01248F9
:10E000001D22162300F8452F102242700022827034
:10E01000C370027102224271042282710A0AC27123
:10E0200001720A0E4272090C81720D2100F8421C25
:10E030000548453000F0AEFE13F026F8BDE810406C
:10E04000132013F04DB810BD7C56002010B50028E9
:10E0500019D00D481D22282300F8452F06224270B2
:10E0600000228270C37002714171082100F8421CC5
:10E070000548453000F08EFE13F006F8BDE810406C
:10E08000112013F02DB810BD7C56002010B50028CB
:10E0900023D012481D221E2300F8452F1022427063
:10E0A00000228270C37002710222427104228271C6
:10E0B0000A0AC27101720A0E4272090C81720D21A4
:10E0C00000F8421C0548453000F064FE12F0DCFF09
:10E0D000BDE81040172013F003B810BD7C56002097
:10E0E00010B500281AD00E481D21262200F8451F21
:10E0F0000621417000218170C27001712921417196
:10E10000082100F8421C0648453000F043FE12F09A
:10E11000BBFFBDE81040102012F0E2BF10BD0000B0
:10E120007C5600202DE9FE4F040055D0087984F874
:10E130007400487984F87500887984F87600C87985
:10E1400084F87700087884F86C00487884F86D00CB
:10E15000887884F86E00C87884F86F00606F0025B6
:10E16000B0F5000F00DA65672078DFF86C9104F1F4
:10E170003801DFF868A1420704F12B0602912DD582
:10E1800020F004002070606F6061E06E17F0B0F95D
:10E19000CDE9000152A206213046F2F7ADF9606FD9
:10E1A00048450ADB17F01CFB83B2029803B04EA26D
:10E1B000BDE8F04F0721F2F79FB9504503DB17F098
:10E1C00097F94AA202E017F093F94AA2CDE90001BB
:10E1D00007210298F2F790F9BDE8FE8F616FA06801
:10E1E00017F0B2F9A060E16E206917F0ADF9206177
:10E1F0002046F6F739FB606F6061E079401CC0B2E1
:10E20000E0710328E8D317F023FB0746394620695D
:10E2100017F008FA83463946A06817F003FA074654
:10E2200015F0DAFDDFF8D48020B315F097FE022850
:10E2300020D398F80020404604F1940104F1AC0882
:10E24000009132B10570009804F0E4F8404604F003
:10E25000E1F83946009804F010F95946404604F0B8
:10E260000CF9404604F0ECF88346009804F0E8F816
:10E27000074602E0012188F800102046F7F78EFBE0
:10E2800028BB584617F034F9CDE9000114A2062145
:10E290003046F2F731F94F4509DB384617F0A0FA5E
:10E2A00083B211A207210298F2F726F90FE0574531
:10E2B000384603DB17F01CF90CA202E017F018F93E
:10E2C0000CA2CDE9000107210298F2F715F9E571DA
:10E2D000A560256180E7000000007A440000C84284
:10E2E00025352E31660000002536640025362E3196
:10E2F0006600000025362E326600000048580020D7
:10E3000010B500281AD00E484E2100F8451F0321F1
:10E310004170112181700021C1700171042141718E
:10E32000082100F8421C0648453000F033FD12F089
:10E33000ABFEBDE81040062012F0D2BE10BD0000BA
:10E340007C5600200C4810B54E2100F8451F0321D3
:10E350004170302181700021C17001710121417132
:10E36000082100F8421C0448453000F013FDBDE8C8
:10E3700010400C2012F0B4BE7C56002010B50028CE
:10E380001AD00E484E2100F8451F03214170072185
:10E3900081700021C170017102214171082100F8D2
:10E3A000421C0648453000F0F5FC12F06DFEBDE859
:10E3B0001040082012F094BE10BD00007C560020D2
:10E3C00010B500281AD00E484E2100F8451F032131
:10E3D0004170092181700021C170017107214171D3
:10E3E000082100F8421C0648453000F0D3FC12F02A
:10E3F0004BFEBDE81040022012F072BE10BD0000BE
:10E400007C56002010B5002818D00D484E2100F889
:10E41000451F03214170262181700021C1700171C7
:10E4200004214171082100F8421C0548453000F0E4
:10E43000B1FCBDE81040042012F052BE10BD000037
:10E440007C5600207CB50D4604002FD0287884F837
:10E450008800687884F88900A87884F88A00E878C9
:10E4600084F88B00D4F8880017F042F8CDE9000159
:10E470000FA2072104F14F00F2F73EF8287984F843
:10E480008C00687984F88D00A87984F88E00E8798A
:10E4900084F88F00D4F88C0017F02AF8CDE9000139
:10E4A00003A2072104F14700F2F726F87CBD000023
:10E4B00025362E326600000010B5002814D00A78E8
:10E4C0002E2430328277C4774A78303280F8202088
:10E4D000002280F821208B78303300F8193F4470F7
:10E4E000C97830318170C27010BD10B50022841817
:10E4F0008B5C521CD2B284F856300C2AF7D310BD74
:10E5000010B500282AD016484E23002400F8453FB5
:10E510001023437011238370C47004710424447168
:10E5200008248471C1710C0A04720C0C4472090E27
:10E530008172C272110A0173110C4173110E817341
:10E5400000F8423C06481946453000F023FC12F022
:10E550009BFDBDE81040132012F0C2BD10BD0000AD
:10E560007C5600202DE9F04387B00DF1380E81462E
:10E570009EE8E011DDE91304CDE904C08DE8E00177
:10E58000484600F0F1F8216859B1496941612168B4
:10E5900001612168496908612168486107B0BDE8E7
:10E5A000F0832060FAE700002DE9F0410546046899
:10E5B0000B48002707604760286800280ED02669AE
:10E5C000A06918B104F11800FEF7FCFC2046F1F731
:10E5D00098FE28683446A042F1D12F60BDE8F08152
:10E5E000D05500202DE9FE4F154602000F464FF092
:10E5F000010073D04A4E316809B1716859B932606F
:10E6000072607168096971600969914203D0401CA8
:10E61000C0B20728F5D334684FF08341284694F8F8
:10E62000038016F091FF83464FF08441284616F090
:10E630008BFF82461025B146E1785E46A1EB0800CB
:10E6400017F0EEF8314617F04BF90146504616F038
:10E650007BFF17F0C5F8C6B2207881070BD500F014
:10E66000010206F11100C1B2701EC0B20EF0E0FA54
:10E67000102015F0F5F9207801070AD500F0010007
:10E680000095CDE90150A37831460020A268FAF741
:10E690009DF9607802280FD0012828D03FB3207858
:10E6A000009500F00100CDE90150A378314600202B
:10E6B000A268FAF78BF925E01FB91A48E26882428E
:10E6C0000DD12078009500F00100CDE90150A3782C
:10E6D00031460020A268FAF7B9F913E01DE020786E
:10E6E000082300F00100CDE90050314607E0207812
:10E6F000082300F00100CDE90050E2683146002017
:10E70000FAF7C8F9A06910B13946FEF78FFCD9F8BD
:10E71000040024690069A0428ED1BDE8FE8F00008C
:10E72000D05500204C7C02080E4910B5A1F1980389
:10E73000CA689A61002A06D0D178814204D1107843
:10E7400040F00100107010BD996909699961CC7899
:10E75000844204D1087840F00100087010BD8A425C
:10E76000F2D110BDB85500202DE9F05F0746DDE974
:10E770000D8ADDE90A9B1C4615460E461C20F1F762
:10E7800091FD002816D000614061C77080F80490A8
:10E7900001780C9A21F001016BF3410162F38201CF
:10E7A00068F3C301017080F801A086608570C460C1
:10E7B0000F998161BDE8F09F7047000038B51C4A91
:10E7C000002112681B4C12F0F00F23D1184A1C32A2
:10E7D0001368DD00184B03D51A6802F4C0530EE02D
:10E7E000156845F080551560156805F08055009551
:10E7F0001B68156803F4C05325F080551560B3F508
:10E80000C05F07D1B0F5404F04D12068012140F02E
:10E8100004002060206820F0010008432060206888
:10E8200000F00100884201D0012038BD002038BD31
:10E8300008380240003C02400070004070B515F0FE
:10E84000E7F900282CD017491648491E4078097866
:10E85000884225D1144D00224FF400412846FAF792
:10E860002CFF0020F9F74CFF0024FAF7B9F9641CDB
:10E87000E4B2C82CF9D310210C48FAF711FF28B1E3
:10E88000012280210A48FAF718FFFEE78021284676
:10E89000FAF706FF012803D0BDE87040FAF7E2BF9F
:10E8A00070BD00000D57002000000240000802402B
:10E8B000001002400148C078704700000D5700204A
:10E8C00001488078704700000D57002001484078CB
:10E8D000704700000D570020014840797047000044
:10E8E0000D57002001480078704700000D570020A8
:10E8F000044951F8012F02608A88828089798171E8
:10E90000704700000C570020014800797047000054
:10E910000D57002001488079704700000D570020F6
:10E92000054949780844C0B23C2800D33C38024924
:10E93000491E0870704700000D57002038B5044686
:10E940001248134D4FF47A730068B0FBF5F058434A
:10E9500000906068B0F5827F0DD10B4600920022D6
:10E960008021204600F016F870B1606D40F0200064
:10E970006065032038BD009830B1401E00902068CB
:10E980008068C0430006F6D5002038BD1000002086
:10E9900000366E012DE9F8431E469146884604462E
:10E9A000089DFAF78FFE401B351AFAF78BFE0746D3
:10E9B00025480068C0F3CB30684338E0701C37D07E
:10E9C000FAF780FEC01BA84203D215B1009860B3CD
:10E9D0002CE02068416821F0E00141606068B0F5FA
:10E9E000827F0BD1A068B0F5004F02D0B0F5806FE8
:10E9F00004D12068016821F040010160A06AB0F5EF
:10EA0000005F09D12068016821F40051016020688D
:10EA1000016841F400510160012084F85100002098
:10EA200084F850000320BDE8F8830025401E0090C4
:10EA30002068816838EA010004D000204845BDD133
:10EA40000020F0E70120F9E71000002070470000E7
:10EA500070B5184C184D194E60686968884218D115
:10EA600012F036F810F064FA0DF020FD58B170681D
:10EA700060603078207012F02BF810F059FA686856
:10EA8000606028782070BDE870400121084608F0D9
:10EA9000E1BB12F01DF810F04BFA6868606028784E
:10EAA000207012F015F810F043FA7068606030784A
:10EAB000E8E700004C580020545800205C58002023
:10EAC00070B5584C002560790E2874D00026607906
:10EAD00040B9012010F0B2F908B101208FE060794F
:10EAE000401C6071C0B2012808D1022010F0A6F9C4
:10EAF00008B1022083E06079401C6071C0B2022836
:10EB000008D1032010F09AF908B1032077E060796A
:10EB1000401C6071C0B2032808D1042010F08EF9A7
:10EB200008B104206BE06079401C6071C0B2042819
:10EB300008D1052010F082F908B105205FE0607966
:10EB4000401C6071C0B2052808D1062010F076F98B
:10EB500008B1062053E06079401C6071C0B20628FD
:10EB600008D1072010F06AF908B1072047E0607962
:10EB7000401C6071C0B2072808D1082010F05EF96F
:10EB800008B108203BE06079401C6071C0B20828E1
:10EB900008D1092010F052F908B109202FE060795E
:10EBA000401C6071C0B2092809D10A2010F046F952
:10EBB00010B10A2023E023E06079401C6071C0B2EC
:10EBC0000A2808D10B2010F039F908B10B2016E003
:10EBD0006079401C6071C0B20B2808D10C2010F085
:10EBE0002DF908B10C200AE06079401C6071C0B2B8
:10EBF0000C2809D10D2010F021F910B10D20607101
:10EC000070BD6079401C6071C0B20D2803D0002D2A
:10EC10003FF45DAF70BD002010F010F96671002860
:10EC2000F5D070BD2055002070B5594C0025607995
:10EC30000E2873D00D2610F0FF0002D0012807D057
:10EC40000FE00D2010F0FAF86671002866D190E010
:10EC5000002010F0F3F808B100208FE06079401E2A
:10EC60006071C0B2022808D1012010F0E7F808B1A5
:10EC7000012083E06079401E6071C0B2032808D192
:10EC8000022010F0DBF808B1022077E06079401E26
:10EC90006071C0B2042808D1032010F0CFF808B189
:10ECA00003206BE06079401E6071C0B2052808D176
:10ECB000042010F0C3F808B104205FE06079401E22
:10ECC0006071C0B2062808D1052010F0B7F808B16D
:10ECD000052053E06079401E6071C0B2072808D15A
:10ECE000062010F0ABF808B1062047E06079401E1E
:10ECF0006071C0B2082808D1072010F09FF808B151
:10ED000007203BE06079401E6071C0B2092809D13C
:10ED1000082010F093F810B108202FE02FE0607960
:10ED2000401E6071C0B20A2808D1092010F086F890
:10ED300008B1092022E06079401E6071C0B20B2842
:10ED400008D10A2010F07AF808B10A2016E060799C
:10ED5000401E6071C0B20C2808D10B2010F06EF874
:10ED600008B10B200AE06079401E6071C0B20D2826
:10ED700009D10C2010F062F810B10C20607170BD48
:10ED80006079401E6071002D3FF455AF70BD0000EA
:10ED90002055002030B505460C46881E81B2284615
:10EDA000F5F732FD291901F8020D000A487030BD4F
:10EDB0000149C87070470000A05800200149487000
:10EDC00070470000A05800200149C880704700002B
:10EDD000A05800200149087070470000A05800208A
:10EDE000034942F210729042888000DB8A807047AB
:10EDF000A05800200149887070470000A0580020EA
:10EE0000BC224FF44071014800F0E0BF207C00209C
:10EE10000149086070470000885800207CB5002533
:10EE2000102408234E4A29462846CDE90045F9F723
:10EE300031FEFFF74BFD0646FFF742FD034649A2B0
:10EE4000062147480096F1F757FB11F041FE0121DA
:10EE50000F2819D2DFE800F00F1C242C343C444C5E
:10EE6000545C646C747C080008230021404A3C20F8
:10EE7000CDE9004506E0CDE900413D4A0823623A6C
:10EE800000213C20F9F706FEBDE87C400DF0F4BF00
:10EE9000CDE90041364A08235B3A00213C20F1E7E6
:10EEA000CDE90041324A0823543A00213C20E9E7E9
:10EEB000CDE900412E4A08234D3A00213C20E1E7EC
:10EEC000CDE900412A4A0823463A00213C20D9E7EF
:10EED000CDE90041264A08233F3A00213C20D1E7F2
:10EEE000CDE90041224A0823383A00213C20C9E7F5
:10EEF000CDE900411E4A0823313A00213C20C1E7F8
:10EF0000CDE900411A4A08232A3A00213C20B9E7FA
:10EF1000CDE90041164A0823233A00213C20B1E7FD
:10EF2000CDE90041124A08231C3A00213C20A9E700
:10EF3000CDE900410E4A0823153A00213C20A1E703
:10EF4000CDE900410A4A08230E3A00213C2099E706
:10EF5000CDE90041064A0823D21F00213C2091E759
:10EF600081550020253032643A253032640000009B
:10EF70008C6F0208FAF7DEBB00B593B03421684607
:10EF8000F1F755FC14210DA8F1F751FC1848016860
:10EF900021F4C05141F4006101600B200090012078
:10EFA00010210190CDE90301059002200990C003D2
:10EFB0000A904FF440200B9088040C906846FAF7B2
:10EFC0009BFD08B172B6FEE70F200D9003200E9056
:10EFD00000200F901090119001210DA8FAF756FC17
:10EFE00008B172B6FEE7FAF721FD13B000BD0000CC
:10EFF00000700040704700000148FBF723BA000092
:10F0000064590020F0B502684FF0804C184C194D3F
:10F01000194E1A4F604507D0A04205D0A84203D030
:10F02000B04201D0B84205D122F070034A681A43B9
:10F0300060450DD0A0420BD0A84209D0B04207D005
:10F04000B84205D00E4B984202D00E4B984203D1E5
:10F0500022F44073CA681A430B6922F080021A43F3
:10F0600002608A68C2620968816201214161F0BD63
:10F070000004004000080040000C0040000801406F
:10F08000000C01400010014010B5846842EA0322E0
:10F0900024F47F440A432243826010BD826822F038
:10F0A00070020A4342F007018160704710B5046A9C
:10F0B000036A23F001030362836923F0F00343EA48
:10F0C000021324F00A020A438361026210BD10B5E4
:10F0D000036A23F0100303628469036A24F4704412
:10F0E00044EA023223F0A00343EA01118261016283
:10F0F00010BD000070B511F0F1FC7C4C0C2804F13F
:10F10000080537D01ADC02284FD004287ED0082802
:10F1100067D00B287BD1A079102878D1E0799C2882
:10F1200075D103F02FF90EF037F8032870D0582866
:10F130001AD0592818D05A2869D115E0122868D059
:10F14000132867D0192862D1A07904285FD103F071
:10F1500019F90EF021F8582803D0592801D05A285F
:10F1600055D1607A01287CD00DF09AF9BDE8704045
:10F1700000F092BAA079042849D15B20F6F7D0F9C3
:10F1800011F066FC0DF08CF940795B280AD00DF087
:10F190008DF9294600F0B0F80DF082F9BDE8704015
:10F1A00000F038BA0DF07CF9F3E7A07904287FD19C
:10F1B000E0790C287CD103F0E5F80DF071F9407985
:10F1C0005B280BD00DF072F90C22294615F069F975
:10F1D0000DF066F9BDE8704000F0FAB90DF060F985
:10F1E000F2E7A079042863D103F0CCF80DF058F9C8
:10F1F00040795B2815D00DF059F9294615F03CF9F6
:10F200000DF04EF940795B280ED004E00FE04FE09E
:10F2100065E04EE057E00DF049F9BDE87040F7F7C2
:10F22000BEB80DF03DF9E8E70DF03AF9F5E7A07941
:10F2300004283DD1E07908283AD103F0A3F80DF075
:10F240002FF940795B2811D00DF030F9294600F0F4
:10F2500053F80DF025F940795B280AD00DF026F916
:10F2600000E009E0BDE87040F7F792B80DF018F93A
:10F27000ECE70DF015F9F3E70121022007F0EAFFB2
:10F280000DF090FF80681A4900690069006981608B
:10F290000DF088FF80681749006900690069C16046
:10F2A0000DF080FF806804210069006900694171E8
:10F2B00070BDE0799C28FBD103F064F80DF06CFF81
:10F2C0003E280CD070BDE0799C28FBD1207A5128D3
:10F2D000F8D103F057F80DF05FFF0328F2D1BDE835
:10F2E00070400121022007F0B5BF00007C560020CD
:10F2F000776B02087B6B02082DE9FF5F040052D098
:10F30000487884F87400087884F87500C87884F820
:10F310007600887884F87700487984F87C0008794A
:10F3200084F87D00C87984F87E00887984F87F00AD
:10F330006549E06F16F0D4FA16F0DAF8CDE900016D
:10F3400062A2082104F13F00F1F7D6F80025E56636
:10F350002567207804F12B08420704F1310704F1F6
:10F36000380622D520F004002070606F6061002014
:10F37000CDE9000055A206214046F1F7BDF8206F07
:10F3800016F0B6F8CDE9000152A207213846F1F790
:10F39000B3F8606F16F0ACF8CDE900014DA207217B
:10F3A0003046F1F7A9F8BDE8FF9F616FA06816F03D
:10F3B000CBF8A0602946E06816F0C6F8E060294660
:10F3C000206916F0C1F820612046F5F74DFA606F0C
:10F3D0006061E079401CC0B2E0710328E3D316F00D
:10F3E00037FA81464946206916F01CF9834649469A
:10F3F000E06816F017F982464946A06816F012F93F
:10F40000029014F0F5FCDFF8D49088B314F0B2FD4C
:10F4100002282ED399F8001004F1A00000904A466B
:10F420000C3804F1AC09039049B11570039802F04F
:10F43000F1FF009802F0EEFF484602F0EBFFDDE935
:10F44000021003F01AF85146009803F016F85946D6
:10F45000484603F012F8484602F0F2FF834603984C
:10F4600002F0EEFF0290009802F0EAFF824603E00D
:10F47000FFE7012189F800102046F6F78FFAE8B976
:10F48000584616F035F8CDE9000110A20621404695
:10F49000F1F732F8504616F02BF8CDE900010DA235
:10F4A00007213846F1F728F8029816F021F8CDE93F
:10F4B000000108A207213046F1F71EF8E571A560AA
:10F4C000E56025616FE7000000007A4425352E32A3
:10F4D0006600000025362E326600000048580020E5
:10F4E00010B500281BD00E485B2100F8451F0621EF
:10F4F00041709C2181705121C17000210171012155
:10F500004171082100F8421C05484530FFF742FCD4
:10F5100011F0BAFDBDE81040132011F0E1BD10BD9F
:10F520007C5600201CB50C46002832D06846FFF7F8
:10F53000DFF9DDE9000103F005F8164A5B2102F866
:10F54000451F102151709C2191706021D1700021C4
:10F5500011710421517108219171010AD171107248
:10F56000010E5172000C9072200AD0721473200E9A
:10F570005073200C90730748112102F8421C45304B
:10F58000FFF708FC11F080FDBDE81C400B2011F0D6
:10F59000A7BD1CBD7C5600200C4810B55B2100F8AF
:10F5A000451F04214170752282706922C2700022B9
:10F5B00002714171082100F8421C04484530FFF7F0
:10F5C000E9FBBDE810400C2011F08ABD7C560020FC
:10F5D00010B500281BD00E485B2100F8451F042100
:10F5E0004170752181704521C17000210171012197
:10F5F0004171082100F8421C05484530FFF7CAFB5D
:10F6000011F042FDBDE81040082011F069BD10BDA9
:10F610007C56002010B500281BD00E485B2100F856
:10F62000451F04214170752181703021C170002176
:10F63000017106214171082100F8421C054845303E
:10F64000FFF7A8FB11F020FDBDE81040022011F0EB
:10F6500047BD10BD7C56002010B5002818D00D48BD
:10F660005B21752200F8451F0421417082706922D8
:10F67000C270002202714171082100F8421C054845
:10F680004530FFF787FBBDE81040042011F028BD8E
:10F6900010BD00007C56002010B500281BD00E487D
:10F6A0005B2100F8451F042141707521817066219E
:10F6B000C1700021017101214171082100F8421C33
:10F6C00005484530FFF766FB11F0DEFCBDE8104051
:10F6D000192011F005BD10BD7C5600201CB50C464C
:10F6E000002832D06846FFF703F9DDE9000102F097
:10F6F00029FF164A5B2102F8451F102151709C21F9
:10F7000091706421D170002111710421517108217F
:10F710009171010AD1711072010E5172000C907238
:10F72000200AD0721473200E5073200C9073074877
:10F73000112102F8421C4530FFF72CFB11F0A4FC0C
:10F74000BDE81C400B2011F0CBBC1CBD7C5600203A
:10F750001CB50C46002832D06846FFF7C9F8DDE931
:10F76000000102F0EFFE164A5B2102F8451F10214E
:10F7700051709C2191706821D17000211171042178
:10F78000517108219171010AD1711072010E5172EB
:10F79000000C9072200AD0721473200E5073200C4B
:10F7A00090730748112102F8421C4530FFF7F2FA26
:10F7B00011F06AFCBDE81C400B2011F091BC1CBD8F
:10F7C0007C56002010B5406A0021C185C184FAF73B
:10F7D0001BFF10BD70B5446A2068406994F83D1065
:10F7E000C0F3C0100025212904D118B1E5842046BA
:10F7F00000F067F82068406994F83E10C0F380106C
:10F80000222904D118B1E585204600F042F8206C89
:10F8100040F0100020642046FAF7F6FE70BD10B5E7
:10F820000146406A0968096889061BD40021C18520
:10F830000168CA6822F48072CA6001684A6922F0CD
:10F8400001024A6101684A6922F040024A612021AE
:10F8500080F83E10016B012904D10168CA6822F0CA
:10F860001002CA60016B012902D0FBF704F910BD38
:10F87000818DFAF793FE10BD10B5406A016B012926
:10F8800002D0FBF704F910BD818D4908FAF786FE16
:10F8900010BD0168CA6822F49072CA6001684A69A2
:10F8A00022F001024A61016B012904D10168CA6892
:10F8B00022F01002CA60202180F83E10002101636E
:10F8C00070470168CA6822F0C002CA60202180F82F
:10F8D0003D10704708B590F83E10222901D0022053
:10F8E00008BD81684FF48053994201D1026922B169
:10F8F000826A99421BD049B10AE00268816A526863
:10F90000C2F308020A80816A891C08E0016971B1AA
:10F910000168496801F07F011170816A491C8162A8
:10F92000C18D491E0904090CC18503D019E0016885
:10F930004968F1E70168CA6822F02002CA600168DC
:10F94000CA6822F48072CA6001684A6922F0010222
:10F950004A61202180F83E10016B012903D0FBF79A
:10F960008AF8002008BD002101630168CA6822F0FE
:10F970001002CA6001680A68D20602D50A6849689E
:10F980000091818DFAF70AFEEBE700002DE9F041C6
:10F99000044600680169E26821F4405111430161A5
:10F9A000A1682069E269014360691043014320684E
:10F9B000C26849F20C639A430A43C26020684169F5
:10F9C000A26921F4407111434161354920688842A0
:10F9D00002D1FAF741F801E0FAF72EF8E169642262
:10F9E0003223B1F5004F00EBC00101EB001160685C
:10F9F0002BD08000B1FBF0F5B5FBF2F5B1FBF0F6D2
:10FA00006FF018077D4306EB8505B1FBF0F603EBBD
:10FA10000515B5FBF2F5B6FBF2F605F0F00505EBC2
:10FA20000615B1FBF0F6B1FBF0F0B0FBF2F0784355
:10FA300006EB800003EB0010B0FBF2F000F00F00CB
:10FA4000216828448860BDE8F0814000B1FBF0F6F1
:10FA5000B6FBF2F6B1FBF0F7B1FBF0F56FF0180C66
:10FA600006FB0CF607EB860603EBC606B5FBF2F5C4
:10FA7000B6FBF2F62D0106F0F80605EB4605B1FBE4
:10FA8000F0F6B1FBF0F0B0FBF2F000FB0CF006EB8F
:10FA9000800003EBC000B0FBF2F000F00700CFE7FE
:10FAA0000038014037B582B01346039A82628385DD
:10FAB000002504460564222084F83E00A16B13480B
:10FAC0008862A16B1248C862A16B12480863A06BE0
:10FAD00045632168A06B091DF9F7B6FC2068016831
:10FAE0004168009184F83C50C16841F48071C16064
:10FAF0002068416941F0010141612068416941F09C
:10FB00004001416105B0002030BD00001FF8000831
:10FB100079F80008D5F700082DE9F0411E46174690
:10FB200088460446069D1CE0681C1AD025B1F9F7EA
:10FB3000C9FD801BA84214D92068C16821F4D07186
:10FB4000C1602068416921F001014161202084F8F1
:10FB50003D0084F83E00002084F83C000320BDE80E
:10FB6000F0812068016838EA010004D00020B84222
:10FB7000DAD00020F3E70120F9E7000010B50448CF
:10FB8000FAF756FDBDE810400148FAF73EBD000007
:10FB9000A459002010B50448FAF74AFDBDE810400A
:10FBA0000148FAF732BD0000E859002010B50448BA
:10FBB000FAF73EFDBDE810400148FAF726BD000007
:10FBC0002C5A002070B50020F8F79AFD0024F9F7B0
:10FBD00007F8641CE4B2C82CF9D3264C1021204647
:10FBE000F9F75EFD244E254DD8B90120307018E09C
:10FBF0000EF020FF0CF04AFE18B102F09DFB0FF052
:10FC0000D3FC0CF02DFE18B102F07AFBF8F7E8FFF8
:10FC100002F060F80CF03AFE18B102F08DFBFAF732
:10FC2000D3FF10212046F9F73BFD28B9287818B9F1
:10FC300013F0F4FF0028DBD00020F8F761FD00246A
:10FC4000F8F7CEFF641CE4B2C82CF9D33078012851
:10FC50000CD1287850B900224FF400410848F9F738
:10FC60002CFD012280210748F9F727FDBDE87040EF
:10FC700014F0CABC00080240000000202E570020EB
:10FC80000000024000100240FEE7000010B500F046
:10FC9000EBF800F095F8094C002280212046F9F796
:10FCA0000CFDC72000F076F8012280212046F9F7EC
:10FCB00004FDBDE8104000F083B80000000C0240D5
:10FCC00070B5040300F0D0F800F07AF80E4D002271
:10FCD00080212846F9F7F1FC202000F05BF8C4F3FE
:10FCE000074000F057F8C4F3072000F053F8E0B2E3
:10FCF00000F050F8012280212846F9F7DEFCBDE82B
:10FD0000704000F05DB80000000C02402DE9F041A9
:10FD1000134F15460C460646002280213846F9F757
:10FD2000CCFC032000F036F8C4F3074000F032F8B2
:10FD3000C4F3072000F02EF8E0B200F02BF8002406
:10FD400005E0FF2000F026F83055641CA4B2AC4258
:10FD5000F7D33846BDE8F04101228021F9F7ADBC68
:10FD6000000C024070B50A4C002280212046F9F7B1
:10FD7000A4FC052000F00EF8FF2000F00BF805466B
:10FD8000012280212046F9F798FC284670BD00002A
:10FD9000000C024001B582B000208DF804000A205A
:10FDA0000090012301AA02A90448FAF73BF910B117
:10FDB000FF208DF804009DF804000EBD0C590020B2
:10FDC00010B5FFF7CFFFC007FBD110BD2DE9F05FE5
:10FDD000C1F30B06DFF88C800F0BC6F580548A4602
:10FDE00081461546A24200D8144639038B464FF48B
:10FDF00080524046FFF78AFF002006E0321818F8CC
:10FE00000210FF2903D1401C80B2A042F6D3A042C9
:10FE100021D23846FFF754FF002006E019F80020F1
:10FE20008319401C08F8032080B2A042F6D359463B
:10FE30004FF48052404600F02BF8A5420FD0281B0B
:10FE4000A144A244002685B24FF480547F1CA542F1
:10FE5000CBD82C46C9E7224651464846EBE7BDE8D9
:10FE6000F09F00009068002010B5084C002280210F
:10FE70002046F9F722FC0620FFF78CFF20460122DE
:10FE8000BDE810408021F9F718BC0000000C0240CA
:10FE90002DE9F0410746C8B2C0F580740E461546FC
:10FEA000A24200D814464FF48078224631463846A4
:10FEB00000F00EF8A54208D0281B2744264485B23E
:10FEC0004446A542F1D82C46EFE7BDE8F08100009A
:10FED0002DE9F04115460C460646FFF7C5FF134FC6
:10FEE000002280213846F9F7E8FB0220FFF752FF95
:10FEF000C4F30740FFF74EFFC4F30720FFF74AFFA4
:10FF0000E0B2FFF747FF002404E0305DFFF742FF57
:10FF1000641CA4B2AC42F8D3012280213846F9F720
:10FF2000CCFBBDE8F041FFF74BBF0000000C0240E6
:10FF3000810901F0010201F00201C2EB0212C1EBE2
:10FF4000011102EB0111CBB2010901F0010270B500
:10FF500001F00201C2EB0212C1EB011102EB01112F
:10FF6000CCB2810801F0010201F00201C2EB0212E1
:10FF7000C1EB011102EB0111CDB200F0010100F063
:10FF80000200C1EB0111C0EB001001EB0010C6B282
:10FF9000184600F03DF8204600F03AF8284600F0F8
:10FFA00037F83046BDE8704000F032B82DE9F04136
:10FFB000144D07464FF48074002221462846F9F775
:10FFC0007CFB114E002261003046F9F776FB0122DE
:10FFD00021463046F9F771FB002280213046F9F7BF
:10FFE0006CFB3946094813F063FD00222146304678
:10FFF000F9F763FB21462846BDE8F0410122F9F7F5
:020000040801F1
:100000005CBB00000000024000080240000C0240FF
:100010002DE9F041144D07464FF48074002221462B
:100020002846F9F74AFB114E012251023046F9F7F2
:1000300044FB012221463046F9F73FFB0022802194
:100040003046F9F73AFB3946094813F031FD0022F2
:1000500021463046F9F731FB21462846BDE8F041FC
:100060000122F9F72ABB000000000240000802400C
:10007000000C0240490050EAC12018BF04204A0D7C
:1000800018BF40F0010040F2FF72B2EB515F08BFB1
:1000900040F00200012808BF052070470907090E3B
:1000A000002804DB00F1E02080F80014704700F025
:1000B0000F0000F1E02080F8141D704740F201327B
:1000C00000204FF0E04115F0BFBD0000024A0020C3
:1000D000110715F0B9BD000001FDFFFF10B5044682
:1000E000D1E9000100F002F8206010BDF8B5044627
:1000F0000D466A4602F078FA00987E30009000289B
:100100001EDC002213462046294614F0C7FE17D0F5
:10011000002140F608004FF0000006462046294620
:1001200014F076FC044640F6080006EA00014FF0A1
:10013000000034F0004004BF0220F0F7FAFB29E091
:100140000098FF2828DB002108464FF0000000F44B
:100150004006002213462046294615F09DF88CBF24
:10016000002501250220F0F7E4FB4FF0FF4446B1E3
:10017000002D0CBF4FF400004FF48000B04218BFB8
:10018000084C042108464FF00000002D04BF84F005
:100190000040F8BD2046F8BD20462946BDE8F8409D
:1001A00014F036BCFFFF7F7F10B504460A46D4E941
:1001B000000319460EF008FEC4E9000110BD3038F6
:1001C0000A2801D201207047002070472DE9F04134
:1001D00000250E4607462C4607E057F8241028460F
:1001E00015F0B2F9641C0546E4B2B442F5D33046CA
:1001F00015F02EFB01462846BDE8F04115F012BA75
:1002000030B583B00446F0F78FFB05460020CDE9FA
:100210000000024621466846F0F73EFE2846F0F709
:1002200088FBDDE9000103B030BD00002DE9F04F8F
:1002300085B0064613F0F2FC0200B248B24D00F160
:100240008401049100F16301039100F1420100F186
:1002500021004FF00B04A5F10209CDE9010174D092
:1002600013F0DCFCDFF8A4A218B14FF06632A84B03
:1002700001E0A84AA84B17469846304615F038F9D1
:1002800083463A464346009115F006F806D828788A
:10029000000766D416230094049A49E013F0BEFCCC
:1002A00018B14FF066329D4B01E09D4B002258463D
:1002B000009914F0F1FF17D813F0B0FC18B14FF00B
:1002C0006632934B01E0934A934B5846009914F0E1
:1002D000A9FE09D2287840F008002870400740D4D1
:1002E00016230094039A23E013F098FC10B18D4A72
:1002F0008D4B01E0874A8D4B5846009914F0CCFF96
:100300001BD813F08BFC18B14FF06632834B01E021
:10031000834B00225846009914F084FE0DD22878B1
:1003200040F00400287080071BD4029A1623009422
:1003300004218220F8F742FA13E0564511DB13F04E
:100340006DFC18B1774A784B02E029E0714A774B8F
:100350005846009914F066FE03D2287840F0030056
:1003600028702878C00712D099F8010040B1002009
:1003700089F801004FF01603009418B1019A02E0C9
:100380000120F5E75F4A04218220F8F717FA564565
:1003900034DA5C4A1623A5320421822000944CE012
:1003A00010216348F9F77CF958BB6248864228DC83
:1003B00099F803004D4630B1012808D002280AD030
:1003C00003280CD012E016230094019A0AE01623A9
:1003D0000094029A06E016230094039A02E0049A1D
:1003E0001623009404218220F8F7E8F9E878401CED
:1003F000C0B2E870042801D30020E87005B0BDE861
:10040000F08F13F00BFC18B14FF06632404B01E057
:10041000404A414B17469846304615F069F88946E0
:1004200006463A46434614F037FF09D828780007B5
:10043000E4D416230094049A61E0F8F7BFF9DDE7ED
:1004400013F0ECFB18B14FF06632344B01E0344B43
:1004500000223046494614F01FFF17D813F0DEFB88
:1004600018B14FF066322A4B01E02A4A2A4B304637
:10047000494614F0D7FD09D2287840F008002870CA
:100480004007BBD416230094039A38E013F0C6FB50
:1004900010B1244A244B01E01E4A244B3046494601
:1004A00014F0FAFE17D813F0B9FB18B14FF066320A
:1004B0001A4B01E01A4B00223046494614F0B2FDB7
:1004C00009D2287840F004002870800796D41623BB
:1004D0000094029A13E013F0A1FB10B1114A124BE1
:1004E00001E00C4A114B3046494614F09BFD85D281
:1004F0002878162340F002002870019A0094042105
:1005000082209AE7B16F0208125800209A99193F89
:10051000666612409A99999999990D4066661040BD
:1005200000000C40CDCCCCCCCCCC0C4099990940EF
:10053000000802403333834038B51A4B2C211A4A45
:10054000984228DC194C207930B1012808D00228C3
:100550000CD0032810D015E05823154A00910DE067
:10056000009158233A21134A242009E0009158238E
:100570003A21114A242003E0582300913A212420F3
:10058000F8F71CF92079401CC0B22071042801D36F
:100590000020207138BD009158233A212420F8F71B
:1005A0000DF938BD333383402376020810580020FC
:1005B000777002085B7202083F74020800F00F01B6
:1005C000000900EB800001EB4000C0B27047000062
:1005D00070B513F01FFC1D4E1D4C002578B16078DE
:1005E00068B1012240213046F9F767F82078401CB5
:1005F000C1B22170322920D3257065701EE013F03E
:100600006DFAD8B1A078C8B12079C00701D0002216
:1006100000E0012240213046F9F74FF8E078401C15
:10062000C0B2E070322808D3E5702079401CC0B217
:100630002071042801D32571A57070BD3046BDE836
:10064000704000224021F9F738B800000000024055
:100650002858002003490022034BD1E9020114F07D
:10066000C5BA00005856002000408F401CB5144900
:100670000860F8F7F1FAB621E020F2F74BFC1420FD
:10068000F8F71AFF03208DF8000001248DF80140CF
:100690008DF802006846F2F732FC00208DF8040065
:1006A00004208DF805008DF8064001A8F2F71CFC27
:1006B000FF217420F2F72EFC0A20F8F7FDFE1CBD86
:1006C00058560020FF2000F001B80000084B1968C0
:1006D00009688A68D2439207FBD4C860186800682A
:1006E0008168C943C907FBD1C068C0B27047000028
:1006F0005856002010B50120F2F7A0FB0028FAD1CF
:100700000820F2F79BFB0028FAD1F2F7BDFB044C5E
:10071000C4E90401F2F79CFBC4E9020110BD00002A
:10072000585600202DE9F14F7448734E406814F07C
:100730004EFC4FF0FF3215F087FA0022704B14F098
:10074000EDFD04460D46B346B6F9100014F03FFC2B
:100750000746884622462B461046194614F09EFC52
:1007600043463A4614F09AFC6FF00E0215F06CFA0C
:1007700080460F46B6F90E0014F029FC22462B469F
:1007800014F08CFC012215F05FFA42463B4614F04F
:1007900071F981468A46B6F90C0014F018FC102253
:1007A00015F052FA074688466FF001024846514656
:1007B00015F04AFA3A46434614F05CF980468946F9
:1007C000B6F9080014F003FC22462B4614F066FC30
:1007D00007468A46B6F90A0014F0F9FB22462B4672
:1007E00014F05CFC22462B4614F058FC6FF0120407
:1007F000224615F029FA53463A4614F03BF92246B0
:1008000015F022FA05460F46F08814F0F7FB04466F
:100810000E466FF00E022846394615F015FA0022F2
:10082000384B14F027F92246334614F037FC0022E7
:1008300004460D46134614F031FB03D10020014657
:10084000BDE8F88F009814F0C2FB00222E4B14F084
:1008500059FD06460F466FF00B024046494615F01B
:10086000F3F932463B4614F04DFD0022274B14F0BD
:1008700015FC22462B4614F0B9F904460D465E4697
:10088000BBF9160014F0A3FB22462B4614F006FC1D
:1008900022462B4614F002FC6FF01E0215F0D4F92C
:1008A00082468B46B6F9140014F091FB22462B4683
:1008B00014F0F4FB6FF00E0215F0C6F907468946F6
:1008C000B6F9120014F083FB064688463A464B46BA
:1008D0005046594614F0CEF84346324614F0CAF852
:1008E0006FF0030215F0B0F901B022462B46BDE8C7
:1008F000F04F14F0BFB80000F85B00205056002005
:100900000040EF400000F03F00003041006AB84076
:100910002DE9F84F2C4C0546B4F9020014F057FBB2
:1009200082468846208814F069FB06466FF009026B
:10093000009115F089F981460F46284614F047FBCF
:100940008B4605466FF00D0215F07EF94A463B4690
:1009500014F0E4FC5246434614F0A0FB81468A465C
:10096000B4F9040014F033FB0446884630466FF0B7
:100970000C02009915F068F906460F4628465946BC
:100980006FF0100215F060F932463B4614F0C6FCD9
:1009900002460B4614F082FB4346224614F07EFBCF
:1009A0004A46534614F066F80D46044614F0B2FA6F
:1009B00006490022064B486001B020462946BDE8A2
:1009C000F04F14F013B90000F85B002050560020DF
:1009D0000000B440D020F2F76DBA000010B50BF063
:1009E00013FF344CE8B301F05BFC20780B2802D0F5
:1009F0003D281BD118E02F48E1699830C068806914
:100A0000884213D189792B4A890702F18C0201D0DF
:100A10001C2100E01D2151704069264982798B31EB
:100A20004069515C017201E013F0C4FEE069017895
:100A300021F0010101704069E061017841F001019C
:100A40000170A269926982420BD121F0010101700B
:100A5000A069017841F0010101701748A0621748B0
:100A6000E0620BF07BFE002822D001F0B5FB20787D
:100A70003D2801D113F09EFEE069017821F00101CB
:100A800001708069E061017841F001010170A269A3
:100A90009269926982420BD121F001010170A06933
:100AA000017841F0010101700348A0620348E0624F
:100AB00010BD000020550020451A0108C10A010898
:100AC0002DE9F04F87B0002000900BF047FEFE4C60
:100AD000A4F1980760B101F07FFB607840B13878ED
:100AE000092801D10FF008FF607801210CF0CEFB3E
:100AF000E068A246A8B1B86998B10078C00710D0E4
:100B00000BF082FE00287DD001F0CAFBB8690179A4
:100B100089B33978042909D002290BD0082909D0D2
:100B20000AE007B0BDE8F04F01F0BABBC2683AB1C5
:100B3000BA6505E0C2787A72042905D3072903D87B
:100B4000C2783A72042906D00A2915D0262913D072
:100B5000272911D012E0DAF80C10DC4A814201D1C9
:100B6000DB4903E00969814208D1DA494B685360E7
:100B70000978117002E008E0C178F971007907B0D6
:100B80000021BDE8F04F0CF081BB816900297DD0C8
:100B9000CD4C3A7804F10C05DFF83C9301263F3A3E
:100BA00008344FF0020B4FF00008212A6FD2DFE823
:100BB00002F011111111FE6EF2F2FDFDFD6EFCFC52
:100BC000FBFBFBFCFCFBFB6EFCFB6EFAFAFAFEFE89
:100BD000FEF9FE00DAF80C000A218069FCF701FA40
:100BE00082462846FDF7E0FC00225D214B200CF0F8
:100BF0001FF80BF061FC40794D2856D00BF05CFCDF
:100C0000407900E0FEE31D2850467DD0BAF1000F88
:100C10006ED014F0F3F90022B04B13F0E7FF13F09D
:100C2000F7FE3862504614F0E9F90022AB4B13F09E
:100C3000DDFFABA2CDE900010821A748EFF75CFC7E
:100C4000CDE90484CDE90268CDE9009800231A4675
:100C500038213420FAF76FF9CDE90484A348CDE9AF
:100C60000008CDE902B847460723A14A4C210020DD
:100C7000FAF761F9CDE904749E48CDE90007CDE9A2
:100C800002B7052360219C4A002001E0F8E3F8E365
:100C9000FAF751F90BF010FC40794D2841D00BF0D8
:100CA0000BFC40791D2847D051E013F00BF900B33D
:100CB00013F008F90A281CD0504614F0C9FD8F49DA
:100CC000386214F0AFFC14F013FCCDE900018CA2E3
:100CD00008218148EFF710FCCDE90484CDE90268D2
:100CE0000023CDE9009838211A463C20B2E70BE0FA
:100CF00014E0504614F0ACFD3862534682A208213D
:100D00007548EFF7F9FBE7E714F0A2FD7F49386279
:100D100014F088FC14F0ECFB7DA28BE77E487F4941
:100D20007DE70BF0C9FBCDE9047400238821CDE9F0
:100D300002671A463F3014E00BF0BEFBCDE90474A5
:100D400000238821CDE902671A46383009E00BF00C
:100D5000B3FBCDE9047400238821CDE902671A466C
:100D60003130CDE900073820FAF7E5F86C4812F089
:100D70005FFE03970497CDE90575CDE90076694BD1
:100D80000422694900200296FDF7ECFB07B0BDE89C
:100D9000F04FF4F77DBBDAF80C000A218069FCF70C
:100DA00020F905E006E298E102E14CE143E000E3CE
:100DB00014F024F90022494B13F018FF82460091E9
:100DC00013F026FE3862009958A2CDE900A108214F
:100DD0004148EFF791FB2846FDF7E6FB00225D2135
:100DE0004B200BF025FFCDE90484CDE90268CDE965
:100DF0000098002347461A4638213420FAF79BF81A
:100E0000CDE904743948CDE90007CDE902B70723DD
:100E1000374A4C210020FAF78EF8CDE904743548A2
:100E2000CDE90007CDE902B70523334A6021002050
:100E3000FAF781F8A3E3DAF80C000A218069FCF7DD
:100E4000D0F85FEA000A77D014F0D8F80022394BC6
:100E500013F0CCFE13F0DCFD38622846FDF7A4FB4E
:100E6000504614F0CBF80022324B13F0BFFECDE910
:100E7000000123A208211848EFF73EFB00225D2164
:100E80004B200BF0D5FECDE90484CDE90268CDE915
:100E90000098002347461A4638213420FAF74BF8C9
:100EA000CDE904741148CDE90007CDE902B7072365
:100EB0000F4A4C210020FAF73EF8CDE902B7CDE900
:100EC00004740C48052338E0B85500204C58002025
:100ED000545800205C5800203C5B00200000244057
:100EE0002530352E3031662025250000526B020852
:100EF0004B6B02086C6B0208676B02080000C8426B
:100F000025352E32660000002535640000007A4445
:100F100025352E3366000000FCA9F1D24D62503F0A
:100F20000000A8422F6E0208766A020825352E318D
:100F3000660000000000594037E0CDE90007FB4A99
:100F400060210020F9F7F7FF0BF0B6FA407901288D
:100F500078D00BF0B1FA40795C28F9D00BF0ACFAFC
:100F6000CDE9047400238821CDE902671A463130A7
:100F7000CDE900070020F9F7DEFFCDE90474EC4865
:100F8000CDE900070023CDE902671A4688214620F3
:100F9000F9F7D1FF0BF090FACDE904740023882112
:100FA000CDE902671A463F300FE3E248E24951E7D4
:100FB000DAF80C000A218069FCF713F814F01EF827
:100FC0000022DE4B13F012FE8246009113F020FD4A
:100FD00038622846FDF7E8FAAFF2B0020099D84827
:100FE000CDE900A10821EFF787FA00225D214B200F
:100FF0000BF01EFECDE90484CDE90268CDE900982E
:10100000002347461A4638213420F9F794FFCDE9EA
:101010000474CC48CDE90007CDE902B70723CA4ADA
:101020004C210020F9F787FFCDE90474C748CDE9CA
:101030000007CDE902B70523BC4A60210020F9F77B
:101040007AFF79E69FE0DAF80C000A218069FBF765
:10105000C8FF13F0D3FF0022B84B13F0C7FD824640
:10106000009113F0D5FC38622846FDF79DFAAFF2E7
:1010700044120099B248CDE900A10821EFF73CFAEB
:1010800000225D214B200BF0D3FDCDE90484CDE996
:101090000268CDE90098002347461A4638213420DB
:1010A000F9F749FFCDE90474A648CDE90007CDE979
:1010B00002B70723A44A4C210020F9F73CFFCDE9F1
:1010C0000474A248CDE90007CDE902B70523974A89
:1010D00060210020F9F72FFF39E6DAF80C000A2129
:1010E0008069FBF77EFF82462846FDF75DFA0BF02C
:1010F000E3F940791D28504650D013F07FFF0022BD
:101100008E4B13F073FD8246009113F081FC386220
:10111000AFF2E8120099CDE900A108218848EFF765
:10112000EBF900225D214B200BF082FDCDE9048418
:10113000CDE90268CDE90098002347461A463821D8
:101140003420F9F7F8FECDE904747E48CDE90007B4
:10115000CDE902B707237C4A4C210020F9F7EBFECA
:10116000CDE904747948CDE90007CDE902B705233C
:101170006E4A60210020F9F7DEFE0BF09DF9407900
:101180001D283FF45EAF0BF097F9CDE904740023FE
:101190008821CDE902671A463830E9E614F058FB99
:1011A0006B49386214F03EFA14F0A2F969A2CDE955
:1011B0000001B2E7DAF80C000A218069FBF71EFF94
:1011C000786214F02DFB38622846FDF7EDF9002215
:1011D0005D214B200BF02CFD0BF06EF940794D2872
:1011E00005D00BF069F940794E280BD01CE05B4923
:1011F000386A14F017FA14F07BF9CDE9000158A20F
:1012000008210EE0786A14F00BFB5449386214F0A0
:1012100009FA20F0004014F06BF9CDE9000152A268
:101220000A214748EFF768F9514890F9000044282F
:1012300002D0432829D04AE00BF03EF940791D281E
:1012400010D0AFF23C3208213D487B6AEFF754F9E9
:101250000BF032F940794D2839D0CDE9026840468B
:1012600044492AE0786A14F0DBFA3949386214F00C
:10127000D9F920F0004014F03BF9CDE900013EA27D
:101280000A212F48EFF738F9E2E7786A404278629E
:101290000BF012F940791D2875D0AFF29432082175
:1012A00027487B6AEFF728F90BF006F940794D28BB
:1012B0000DD0CDE9026832494046CDE90404CDE9BC
:1012C000001000231A4638213420F9F734FE0BF0C1
:1012D000F3F84079CDE90484CDE90268CDE90098BE
:1012E0004FF000034D281A464FF038015FD03420EC
:1012F000F9F721FECDE904841248CDE90008CDE9D3
:1013000002B847460723104A4C210020F9F713FE84
:10131000CDE904740D48CDE90007CDE902B70523F6
:10132000024A60210020F9F706FE13E1676B02080C
:10133000847B0208FCA9F1D24D62503F000024409A
:101340003C5B0020526B02084B6B02086C6B02087E
:1013500000007A4425372E33660000000000C842A2
:1013600025342E326600000025372E32660000003C
:10137000D8550020496B020825382E33660000003E
:10138000476B0208FFE7786A14F04AFACC493862E2
:1013900014F048F920F0004014F0AAF8AFF2280247
:1013A000CDE900010A21C748EFF7A6F87CE7442001
:1013B0009EE70BF081F840794D2809D0DAF80C004F
:1013C0000A218069FBF70DFE009014F041FA10E04D
:1013D000C7F82080DAF80C000A218069FBF70EFEBE
:1013E00014F036FAB84938620978432902D180F0FE
:1013F000004038622846FDF7D7F80BF05DF84079D9
:10140000602800E0F3E019D00BF056F8407961282D
:1014100023D00BF051F840791D2833D00BF04CF855
:1014200040794E282ED00BF047F840794D283AD01D
:10143000386A14F0D5F90346A4A24FE0009813F0DF
:10144000DDFD0022A24B13F0D1FB13F0E1FA38626C
:1014500014F04EF8AFF22C5234E0009813F0CEFDA9
:1014600000229B4B13F0C2FB13F0D2FA386214F047
:101470003FF8CDE900019348092196A20A3025E002
:10148000B8E0A7E0009813F0B9FD0022934B13F0E9
:10149000ADFB13F0BDFA386214F02AF8CDE9000173
:1014A0008FA2092111E012F00DFD90B112F00AFD9A
:1014B0000A280ED08C49386A14F0B4F814F018F8E1
:1014C000AFF2C452CDE9000108217E48EFF714F8CD
:1014D00008E0386A14F068F9034684A208217948C4
:1014E000EFF70AF800225D214B200BF0A1FB0AF078
:1014F000E3FF4079612835D00AF0DEFFCDE90484AE
:10150000CDE90268CDE9009800231A46382134203D
:10151000F9F711FDCDE904847548CDE90008CDE95E
:1015200002B847460723734A4C210020F9F703FD10
:10153000CDE904747048CDE90007CDE902B7052371
:101540006E4A60210020F9F7F6FC0AF0B5FF4079F9
:10155000602814D00AF0B0FF40794D287FF471ADB7
:10156000FFF7DFBB5749CDE904840A31CDE9001804
:10157000CDE90268002338211A462C20C8E70AF07A
:101580009BFFCDE904743830CDE900070023CDE995
:1015900002671A4688211846F9F7CDFCCDE9047494
:1015A0005748CDE900070023CDE902671A46882194
:1015B0004620F9F7C0FC0AF07FFFCDE90474002350
:1015C0008821CDE902671A464730CDE9000760203F
:1015D000FFF7CABB027822F001020270F9610878B5
:1015E00040F0010008704748B8624748F86207B009
:1015F000BDE8F08F3878072244494D2858D021DCC7
:10160000422855D014DC372846D008DC0A2843D0BD
:10161000162835D01A2823D01C284DD12CE03E287E
:1016200046D03F2844D0402842D0412844D13FE012
:1016300043380A2840D2DFE800F03B3F3B3B3B3BCE
:101640003B3B3B3B4E38122836D2DFE800F03131CD
:10165000313131313131312131313131313131318A
:101660000AF02AFF28B10FF033FA0DF061FC0146B1
:1016700000E00021012016E025480860254802E02E
:1016800025480860254848600A72012100200AE0C8
:10169000234808602348F6E7234808602348486049
:1016A0000A720121042007B0BDE8F04F05F0D2BD59
:1016B0001F4808601F48E6E71F4808601F48E2E728
:1016C00000007A443C5B0020D855002025640000CF
:1016D0000000244025382E316600000000005940EB
:1016E00025362E32660000000000C8422534640012
:1016F000526B02084B6B02086C6B0208676B0208A6
:10170000847B0208951B0108DD090108A055002013
:10171000AA6E0208B16E0208CE6E0208D56E0208EB
:10172000677902086E7902087D79020884790208D7
:10173000BB6E0208C26E0208966E02089D6E020819
:1017400070B50BF061F83B4DA5F1980480B100F045
:10175000A7FDE069017821F001010170696881420B
:1017600041D10FF00FFD2078C01E5D2839D200E076
:1017700036E0DFE800F03E36363636363636363678
:10178000363636363E3E363636363E3E36363636D9
:1017900036363636363636363E363636363E3E3EC9
:1017A0003E3636363E36363E3E36363636362F36C0
:1017B000363E3E3E3E3E3E3E3E3E3E3E3E3E3E3E51
:1017C0003E3E3E3E3E3E3E3E3E3E3E3E3E3E3E3E39
:1017D0003E3E3E0000F0F2FB0146022005F03AFDDD
:1017E00007E00121F9E71448A0621448E06200F024
:1017F00003FE0AF0B3FF00281BD000F0EDFC2078B8
:10180000582810D059280ED05A280CD0E0690178F9
:1018100021F0010101700848A0620848E062BDE8BB
:10182000704000F0E9BD6878BDE8704001210BF020
:101830002DBD70BDB8550020451A0108C10A010828
:1018400010B50AF0E1FF002827D000F029FD7C4800
:101850000078012821D10FF03BF90E281DD2DFE8D6
:1018600000F0072A394653606D7986929EAAD0DC33
:1018700012F09AF9022805D10AF01EFEF4F78EF84C
:10188000002873D012F090F921E00FF021F90DF04B
:101890004FFB0146012005F0DDFCA8E00AF00CFE3C
:1018A000F4F77CF8002805D000F0BCFB0AF004FE39
:1018B000F4F7E1FD9BE012F0A5F9022805D10AF04A
:1018C000FBFDF4F76BF8002850D012F09BF90028CC
:1018D000E4D18CE012F090F9022805D10AF0ECFD79
:1018E000F4F75CF8002841D012F086F9EFE712F027
:1018F00068F9022805D10AF0DFFDF4F74FF8002857
:1019000034D012F05EF9E2E712F054F9022805D162
:101910000AF0D2FDF4F742F8002827D012F04AF975
:10192000D5E712F063F9022805D10AF0C5FDF4F7F6
:1019300035F800287DD012F059F9C8E712F04AF9BD
:10194000022804D10AF0B8FDF4F728F870B112F0BB
:1019500041F9BCE712F034F9022804D10AF0ACFDD9
:10196000F4F71CF810B112F02BF9B0E746E012F0D2
:101970000DF9022804D10AF09FFDF4F70FF8E8B33F
:1019800012F004F9A3E712F009F9022804D10AF0D1
:1019900093FDF4F703F888B312F000F997E712F01B
:1019A000EFF8022804D10AF087FDF3F7F7FF28B318
:1019B00012F0E6F88BE712F0EBF8022804D10AF0F7
:1019C0007BFDF3F7EBFF10B112F0E2F87FE70AF0CE
:1019D00073FDB0F8C40002282BD10AF06DFD4079E8
:1019E0004A2826D112F01CFA00287FF44EAF0AF0E4
:1019F000B5FE002822D0BDE8104000E019E000F05C
:101A0000EBBB12F0E1F8022804D10AF055FDF3F720
:101A1000C5FF70B112F0D8F859E712F0E1F80228CA
:101A200004D10AF049FDF3F7B9FF10B112F0D8F86C
:101A30004DE70AF041FDF4F719FDD3E710BD0000B2
:101A40002055002070B5304DAC698CB105F1980679
:101A5000F06868B12078C0070AD00AF0F5FE68B3D4
:101A600000F046FC2878062808D0072806D007E0B2
:101A700000F03EFCBDE8704000F08EBBFDF7D4F8EE
:101A80002878012807D12148416821B920494A68AE
:101A9000426009780170A8696469844202D02178A3
:101AA0004907F9D5844209D0207840F00100207020
:101AB000A869017821F001010170AC610AF036FEDD
:101AC000D8B100F069FB2878062801D0072801D199
:101AD000FCF7F6FFA8692469844202D021784907FF
:101AE000F9D5844209D0207840F001002070A8691F
:101AF000017821F001010170AC61F168A869BDE8CD
:101B0000704012F023BF0000205500204C580020E8
:101B10005458002070B50AF097FE24251C4C23264B
:101B2000B8B100F0E5FB2078232802D0242810D19A
:101B300005E017482570983004F030F904E01448A7
:101B40002670983003F0F4F80022A02120200BF03A
:101B50006FF80AF0EBFD002818D000F01DFB20788C
:101B600023280DD0242811D109482670983003F07D
:101B7000DFF8BDE870400022A02120200BF058B80B
:101B800003482570983004F009F9F2E770BD0000B1
:101B90002055002010B50AF057FE274C60B100F028
:101BA000A7FB20780B2826D01B2818D0E069027AE2
:101BB000C179801D12F058FE0AF0B8FD00283AD015
:101BC00000F0EAFA20780B282BD01B281CD0E06903
:101BD000027AC179BDE81040801D12F055BE6079CF
:101BE0000DF02CF9024614480121143012F044FE85
:101BF00012F0A6FDE0E7E069027AC179801D12F0DB
:101C000033FE12F009FED7E760790DF017F90246AE
:101C100009480121143012F03FFEBDE8104012F0D7
:101C20008FBDE069027AC179801D12F02DFEBDE8FA
:101C3000104012F0F1BD10BD2055002010B50AF083
:101C400003FE104C60B100F053FBE069017821F015
:101C5000010101708069E061017841F001010170CA
:101C60000AF064FD00280CD000F096FAE0690178D3
:101C700021F0010101704069E061017841F001014A
:101C8000017010BD20550020094810B500780128CA
:101C90000CD00AF0D9FD08B100F02AFB0AF046FD8D
:101CA000002803D0BDE8104000F076BA10BD000057
:101CB0002055002010B50AF061FE054CA06A00B165
:101CC0008047E06A002802D0BDE81040004710BD00
:101CD000205500202DE9F04186B000248DF8084001
:101CE00000F01AF9002816D07C4DA81C2C706978D9
:101CF000F2F7A2FD00280ED0A878FE280BD1E978D3
:101D000002290BD0032906D1287901287BD002288B
:101D100001D10DF0BDFA06B0BDE8F08128790226A8
:101D2000FF27C01E4FF0010807287ED2DFE800F031
:101D30000415506C8897A600012214022146681DE4
:101D4000FEF744F812F08CFB8DF800708DF80160FE
:101D500003204AE08DF8030067E068798DF81200EF
:101D6000A8798DF81100E8798DF80F00287A8DF8A0
:101D70000E00687A8DF80D00A87A8DF80C0003A883
:101D8000F8F7DFFE8DF800708DF8016004208DF803
:101D90000200FCF7BFFD6979884216D1FCF79CFD73
:101DA000A979884211D1FCF785FDE97988420CD1E7
:101DB000FCF786FD297A884207D1FCF787FD697A0E
:101DC000884202D18DF803802FE08DF803402CE08B
:101DD000012294022146681DFDF7F8FF12F040FB36
:101DE0008DF800708DF8016005208DF80200012249
:101DF000214602A8FDF78AFF68799DF808108842FD
:101E00004BD10120A6E74AE08DF800708DF8016003
:101E100006208DF80200FDF739FF4FF49670F7F7B2
:101E20004BFB8DF8038000F039FB06216846FCF778
:101E3000B1FFC82306226946E869F8F729FE6AE778
:101E40004FF4A06401222146681DFDF7BFFF12F088
:101E500007FB8DF800708DF801600720C5E74FF48F
:101E6000C06401222146681DFDF7B0FF12F0F8FAA8
:101E70008DF800708DF801600820B6E74FF4E0643B
:101E800001222146681DFDF7A1FF12F0E9FA8DF845
:101E900000708DF801600920A7E700205AE70DF0D7
:101EA000BFFA0F4804800F4804800F4804800F4891
:101EB00004800F4804800F4804800F4804800F48B6
:101EC00004800F4804800F4804800F4804800F48A6
:101ED00004800F4804800F4804801CE7EC57002062
:101EE0006458002066580020685800206A58002076
:101EF0006C5800206E580020705800207258002046
:101F00007458002076580020785800207A58002015
:101F10007C5800207E5800200248007800F0010024
:101F200070470000EC57002008B50D4A0168914247
:101F300015D10A6849680091F8F731FB0948006833
:101F400040680949C0F114004870012001F81C0BD9
:101F5000142251F81A09BDE80840F8F777BD08BD0A
:101F600000380140705A0020EC57002070470000F4
:101F7000064941F81C0F0068C26842F01002C260B6
:101F800051F81A091422F8F761BD0000EC5700203F
:101F9000094909489839C0688A6990420AD180691C
:101FA000C96940694069884204D08279017A8A42CD
:101FB00000D9817170470000B855002070B50F4EF0
:101FC0000A21F0688069FBF719F80D4D044628785E
:101FD000432800D16442F0680A2100698069FBF758
:101FE0000DF82978432900D1404220B11CB1844228
:101FF00001DB002070BD012070BD0000B85500203D
:10200000D85500200248017821F00801017070477E
:10201000335700200248017821F004010170704715
:10202000335700200248002140684170704700008B
:102030004C5800200248017821F0100101707047CF
:10204000335700200248017821F0200101707047C9
:10205000335700201848017821F0100101700178F1
:1020600021F040010170417821F0010141700178B7
:1020700021F080010170017821F0020101700178E6
:1020800021F008010170017821F020010170017830
:1020900021F004010170017821F001010170417803
:1020A00021F004014170417821F00801417041782C
:1020B00021F01001417070472F570020024801782D
:1020C00021F0100101707047375700200248417815
:1020D00021F0F001417070479078002002480178AB
:1020E00021F0100101707047355700200248017837
:1020F00021F01001017070472F570020024801782D
:1021000021F040010170704737570020014900203D
:1021100088807047907800200248017821F04001C3
:1021200001707047355700200248017821F04001C6
:10213000017070472F5700200248417821F00101BB
:10214000417070472F5700200248417821F010015C
:10215000417070472F5700200248017821F080011C
:10216000017070472F5700200248017821F00201CA
:1021700001707047375700200248017821F0F001C4
:1021800001707047907800200248017821F0020128
:1021900001707047355700200248017821F0020194
:1021A000017070472F5700200248017821F0080184
:1021B00001707047375700200248417821F00F0125
:1021C00041707047907800200248017821F00801A2
:1021D00001707047355700200248017821F008014E
:1021E000017070472F5700200248017821F020012C
:1021F00001707047375700200248817821F00F01A5
:1022000081707047907800200248017821F0200109
:1022100001707047355700200248017821F02001F5
:10222000017070472F5700200248417821F00401C7
:1022300041707047375700200149002008817047DE
:10224000907800200248417821F0040141707047E5
:10225000355700200248417821F004014170704751
:102260002F5700200248417821F008014170704743
:102270002F5700200248017821F0040101707047B7
:102280003757002001490020C8807047907800200F
:102290000248017821F00401017070473557002091
:1022A0000248017821F00401017070472F57002087
:1022B0000248417821F00201417070472F570020F9
:1022C0000248017821F00101017070473757002062
:1022D0000248017821F00F010170704790780020CA
:1022E0000248017821F00101017070473557002044
:1022F0000248017821F00101017070472F5700203A
:102300000248017821F00101017070473357002025
:1023100010B511F021FD0749897BBDE8104001EBA4
:10232000410202EB0111242202EB4101C9B20AF081
:10233000D9BC0000205500200248017821F002019C
:102340000170704733570020014900208880704792
:10235000305800200248017821F0010101707047D7
:10236000505700200248017821F080010170704729
:10237000335700200248017821F040010170704776
:102380003357002010B50EF0B7FABDE810400EF03C
:10239000D1BA000010B508A10948EEF7C7F9044604
:1023A00008A1401CEEF7C2F9021B2146BDE810400F
:1023B0000548EEF7CDB9000024474E524D430000CA
:1023C0009A78002024000000805700200A21B0FBEA
:1023D000F1F201FB1202B0FBF1F042EA0010C0B2D0
:1023E0007047002204E00A21491EC9B2FCD2521CE7
:1023F0008242F8D3704700000249002048700AF07A
:102400005BBC0000205500200148F7F78DB90000A3
:102410000059002010B5044640888100A068EEF7FE
:1024200006FA0020A080207010BD10B50446806818
:1024300008B1EDF766FF0020A060A080207010BDFD
:102440000178826809B1807800E00079C1B2104655
:10245000FDF7BCBE10B50446418008460021A180AE
:102460002170A26822B181001046EDF771FF02E0F1
:102470000421EDF703FFA06010BD10B582884388EA
:102480009A4203D3002282800122027082888368EC
:102490009400521C8280195110BD000000B587B015
:1024A00018216846EEF7C3F967208DF818000AF086
:1024B00079FD0B49002001224871014606A8FDF76D
:1024C00085FC18224FF400716846FDF77FFCFCF78D
:1024D00097FC1420F6F7F0FFF6F70AF907B000BDF5
:1024E000207C002010B50A4913F0FAF913F000F827
:1024F0000022084B12F0BEFA12F00CFD12F067FD3C
:102500000022054B12F072FBBDE8104012F080BAB9
:102510000000C8420000E03F00005940810705D19B
:102520006421B0FBF1F201FB120141B94FF4C87113
:10253000B0FBF1F201FB120008B10020704701204E
:10254000704700002DE9F041C1F3074506460F46EC
:10255000002340F2B27405F5FA6507E02046FFF764
:10256000DDFF08B15B1C9BB2641CA4B2AC42F5D386
:10257000E81A40F26D114843B7214B43184900EB6C
:10258000430044180123DFF85C80C7F307270CE001
:10259000022B05D12846FFF7C1FF08B11D3402E028
:1025A00038F8130004445B1C9BB29F42F0D8641EB1
:1025B00004EB166040F2A322F1B2504301EBC012CB
:1025C000C6F307414FF461604143C6F30720C0EBF7
:1025D000001001EB80001044A0F5E140BDE8F0815F
:1025E0003607F5FF1457002010B51446002222606C
:1025F000114A21F000439342A8BF10BD53EA0002E4
:1026000008BF10BDB3F5801FA8BF226807DA3622C5
:1026100013F01AFB6FF0350221F000432260DFF85F
:102620001CC06FF31E510CEB23531A4441F0FF51B1
:1026300041F00051226010BD0000F07F02FCFFFF5E
:1026400010B50AF035F9002813D00A494888401C13
:1026500080B2488040F2DC5290420AD30AF0CCF8B3
:10266000002806D14880FFF775FEBDE810400AF04B
:1026700001BE10BD50570020F0B51949044689B07D
:102680004FF080400860F2F7FDFE002501263B2058
:10269000CDE90006079507AF039504950296CDE9AD
:1026A0000557104B022210492846FBF75BFF0395A4
:1026B0000495CDE90557CDE900560C4B02220C4993
:1026C00001200296FBF74EFF272060700948206129
:1026D00004202070084860610798E06009B0F0BDF0
:1026E000DC550020C16D0208966A0208BD6D020823
:1026F000986A02083E6A02083E6D0208F0B5194960
:10270000044689B04FF080400860F2F7BBFE002518
:1027100007AF079503950495CDE905570126CDE947
:102720000056114B0222114928460296FBF71AFF68
:1027300003950495CDE90557CDE900560C4B0222CF
:102740000C4901200296FBF70DFF0C2060700A482F
:10275000206103202070094860610798E06009B09B
:10276000F0BD0000DC550020C16D0208966A020829
:10277000BD6D0208986A0208AB6C0208AE6C0208D4
:102780002DE9F04F8FB080464FF08141FE48016047
:1027900024200790F2F776FE002409940A940B9403
:1027A0000C940EF095F90E2818D2DFE800F0070D12
:1027B000FEFDFCFBFAF9F8F7F6F5F4F311F054FA24
:1027C000089011F04DFB08E011F07AFAFFF78AFE4D
:1027D000089011F071FBFFF785FE834609F06CFE4F
:1027E000417901250A27DFF8A4930BAE61297DD03A
:1027F00009F062FE40794D28F9D009F05DFE40797C
:10280000092874D0584612F0EBFF81B26420B1FB66
:10281000F0F0B2460926CDE90346C0B20094CDE9F6
:102820000140CDE9055A00231A4660200799FAF7BE
:10283000A8FBD749584612F0F5FE834612F0D0FFA8
:1028400080B2B0FBF7F1CDE9034607FB110000941D
:10285000CDE90140CDE9055A00231A4668200799C1
:10286000FAF78FFBCA49584613F03AF8834612F03C
:10287000B7FF80B2B0FBF7F1CDE9034607FB1100CB
:102880000094CDE90140CDE9055A00231A46702095
:102890000799FAF776FBBE49584613F021F812F073
:1028A0009FFF80B2B0FBF7F1CDE9034607FB1100B3
:1028B0000094CDE90140CDE9055A00231A46802055
:1028C0000799FAF75EFB0CA8CDE90440CDE9009426
:1028D0000294002303941A4678200799F8F72BFBFB
:1028E0000DF1240B0B99CDF818B001E0F5E07FE273
:1028F000CDE9044103940094A64B0522A64900208B
:10290000CDE90145FBF72EFE9F484FF0834100685B
:1029100012F01AFE0146A14812F016FE12F060FFF6
:10292000C0B20790089812F05BFF81B26420B1FB3F
:10293000F0F0CDE90346C0B20094CDE901400DF1BD
:10294000280ACDE9055A00231A4660200799FAF7AC
:1029500018FB8F49089812F065FE089012F040FFAE
:1029600080B2B0FBF7F1CDE9034607FB11000094FC
:10297000CDE90140CDE9055A00231A4668200799A0
:10298000FAF7FFFA8249089812F0AAFF089012F0AD
:1029900027FF0BE09BE094E08DE086E07FE078E0AD
:1029A00071E06AE05FE058E051E04AE080B2B0FBDD
:1029B000F7F1CDE9034607FB11000094CDE9014092
:1029C000CDE9055A00231A4670200799FAF7D9FA7B
:1029D0006F49089812F084FF12F002FF80B2B0FB3A
:1029E000F7F1CDE9034607FB11000094CDE9014062
:1029F000CDE9055A00231A4680200799FAF7C1FA53
:102A00000CA8CDE90440CDE900940294002303947E
:102A10001A4678200799F8F78EFA0A99CDF818B077
:102A2000CDE90441039400945D4B05225D490120EA
:102A3000CDE90145FBF796FD03940494CDE9054BE0
:102A4000F2E211F037F9089011F030FAC5E611F012
:102A500018F9089011F011FABFE611F00BF908907F
:102A600011F004FAB9E611F01FF920F000400890C7
:102A700011F016FA20F00040AFE611F009F90890C5
:102A800011F002FAA9E611F0FBF8089011F0F4F940
:102A9000A3E611F0DBF8089011F0D4F99DE611F0EF
:102AA000DDF8089011F0D6F997E611F0C9F8089012
:102AB00011F0C2F991E611F0CBF8089011F0C4F9C9
:102AC0008BE611F0DFF8089011F0D8F985E611F0E7
:102AD000E5F8089011F0DEF97FE63349584612F028
:102AE000A1FD12F07DFEB2460926CDE90346C0B233
:102AF0000094CDE90140CDE9055A00231A4658203B
:102B00000799FAF73EFA2949584612F08BFD12F060
:102B100067FEB0FBF7F1CDE9034607FB1100009417
:102B2000CDE90140CDE9055A00231A4660200799F6
:102B3000FAF727FA1E49584612F074FD12F050FEBB
:102B4000B0FBF7F1CDE9034607FB11000094CDE996
:102B50000140CDE9055A00231A4668200799FAF783
:102B600010FA1449584612F05DFD12F039FEB0FB20
:102B7000F7F1CDE9034607FB11000094CDE90140D0
:102B800000231A4618E00000DC5500202600002033
:102B900000002041C46D02086C6A02080000104267
:102BA000CC6D0208716A02080050C34700401C4601
:102BB00000007A440000C842CDE9055A7020079908
:102BC000FAF7DFF9FE49584612F02CFD12F008FE24
:102BD000B0FBF7F1CDE9034607FB11000094CDE906
:102BE0000140CDE9055A00231A4678200799FAF7E3
:102BF000C8F9584612F0F4FDB0FBF7F1CDE90346F1
:102C000007FB11000094CDE90140CDE9055A0023EE
:102C10001A4680200799FAF7B4F9E949584612F0A4
:102C20005FFE12F0DDFDB0FBF7F1CDE9034607FBD7
:102C300011000094CDE90140CDE9055A00231A4660
:102C400090200799FAF79DF90CA8CDE90440CDE949
:102C500000940294002303941A4688200799F8F7F9
:102C60006AF90B990DF1240BCDE90441CDF818B0A8
:102C700003940094D34B0522D3490020CDE90145AC
:102C8000FBF770FCD1484FF08341006812F05CFC08
:102C90000146CF4812F058FC12F0A2FDC0B20790D6
:102CA000089812F09DFD0D90CA49CDE90346B0FB8E
:102CB000F1F0C0B20094CDE901400DF1280ACDE950
:102CC000055A00231A4658200799FAF75AF9C249BB
:102CD000089812F0A7FC12F083FDB0FBF7F1CDE9E4
:102CE000034607FB11000094CDE90140CDE9055AE8
:102CF00000231A4660200799FAF743F9B749089864
:102D000012F090FC12F06CFDB0FBF7F1CDE9034638
:102D100007FB11000094CDE90140CDE9055A0023DD
:102D20001A4668200799FAF72CF9AD49089812F06D
:102D300079FC12F055FDB0FBF7F1CDE9034607FB36
:102D400011000094CDE90140CDE9055A00231A464F
:102D500070200799FAF715F99949089812F062FC62
:102D600012F03EFDB0FBF7F1CDE9034607FB110081
:102D70000094CDE90140CDE9055A00231A46782098
:102D80000799FAF7FEF80D98CDE90346B0FBF7F185
:102D900007FB11000094CDE90140CDE9055A00235D
:102DA0001A4680200799FAF7ECF88549089812F03E
:102DB00097FD12F015FDB0FBF7F1CDE9034607FBD7
:102DC00011000094CDE90140CDE9055A00231A46CF
:102DD00090200799FAF7D5F80CA8CDE90440002314
:102DE000CDE90094029403941A468820079912E6CC
:102DF00011F074F802A9B1464423432200940194CF
:102E000081E82D0200231A4660200799FAF7B9F8E5
:102E10007249584612F006FC12F0E2FCB0FBF7F1E2
:102E20000926CDE9034607FB11000094CDE90140D6
:102E3000CDE9055900231A4668200799FAF7A1F849
:102E40006749584612F0EEFB12F0CAFCB0FBF7F1EE
:102E5000CDE9034607FB11000094CDE90140CDE91F
:102E6000055900231A4670200799FAF78AF8544941
:102E7000584612F0D7FB12F0B3FCB0FBF7F1CDE9E6
:102E8000034607FB11000094CDE90140CDE9055947
:102E900000231A4678200799FAF773F8584612F07B
:102EA0009FFCB0FBF7F1CDE9034607FB110000944E
:102EB000CDE90140CDE9055900231A468020079944
:102EC000FAF75FF80B990DF1240ACDE90441CDF82A
:102ED00018A0039400943B4B05223B490020CDE908
:102EE0000145FBF73FFB39484FF08341006812F082
:102EF0002BFB0146364812F027FB12F071FC00F064
:102F0000FF0B10F0E5FF4323CDE9020344220094B8
:102F1000CDE904250DF12809CDF81890002301947E
:102F20001A4659466020FAF72CF82C49089812F0F6
:102F300079FB12F055FCB0FBF7F1CDE9034607FB36
:102F400011000094CDE90140CDE9055900231A464E
:102F500059466820FAF715F82149089812F062FBE3
:102F600012F03EFCB0FBF7F1CDE9034607FB110080
:102F70000094CDE90140CDE9055900231A46594690
:102F80007020F9F7FEFF0E49089812F04BFB12F083
:102F900027FCB0FBF7F1CDE9034607FB11000094D5
:102FA000CDE90140CDE9055900231A46594678205C
:102FB000F9F7E7FF089812F013FCB0FBF7F111E006
:102FC00000002041C46D02086C6A0208DC55002034
:102FD00000001042A086010000401C4600007A4418
:102FE0000000C842CDE9034607FB11000094CDE97B
:102FF0000140CDE9055900231A4659468020F9F7CA
:10300000C0FF0A99CDF818A0CDE9044103940094BB
:10301000144B052214490120CDE90145FBF7A2FA22
:1030200003940494CDE9054A022200940F4B104901
:103030001046CDE90145FBF795FA212188F80110EA
:103040000C49C8F81010042188F800100A49C8F883
:1030500014100999C8F80C100C99C8F808100FB092
:10306000BDE8F08FCC6D0208716A0208B86D0208E5
:103070009A6A02083E6A02083E6D0208F0B52049CD
:10308000054689B04FF081400860F2F7FBF9002453
:1030900007AF079403940494CDE905470126CDE9D1
:1030A0000046184B0222184920460296FBF75AFAAE
:1030B0003C20CDE90006039404940296CDE905472F
:1030C000124B022212490120FBF74CFA039404949C
:1030D000CDE90547CDE9004602220E4B0E491046C8
:1030E0000296FBF73FFA272068700C4828610420FD
:1030F00028700B4868610798E86009B0F0BD0000CF
:10310000DC550020BD6D0208986A0208E16C0208D7
:10311000DF6C0208D86C0208D66C0208C86C020882
:10312000CC6C0208F0B51F49054689B04FF08140CC
:103130000860F2F7A7F9002407AF079403940494FA
:10314000CDE905470126CDE90046174B3246174920
:1031500020460296FBF706FA03940494CDE905474E
:10316000CDE90046124B0222124901200296FBF7DC
:10317000F9F903940494CDE90547CDE900460E4BD7
:1031800001220E4902200296FBF7ECF9222068701A
:103190000B482861042028700A4868610798E86095
:1031A00009B0F0BDDC5500203B7902083A790208ED
:1031B00033790208317902082C7902082B79020848
:1031C000C86C0208CC6C0208F0B51A49044689B0F4
:1031D0004FF081400860F2F755F9002501263620AE
:1031E000CDE90006079507AF039504950296CDE952
:1031F0000557114B042211492846FBF7B3F93A2031
:10320000CDE90006039504950296CDE905570C4BD0
:1032100004220C490120FBF7A5F9052060700A483B
:10322000206104202070094860610798E06009B0BF
:10323000F0BD0000DC550020DD6A0208D96A0208F2
:10324000CF6A0208CB6A02083A6A02082F6D0208A8
:10325000F0B52649054689B04FF081400860F2F785
:1032600011F9002407AF079403940494CDE90547AE
:103270000126CDE900461E4B02221E492046029639
:10328000FBF770F903940494CDE90547CDE90046B6
:10329000194B0322194901200296FBF763F90394A5
:1032A0000494CDE90547CDE90046154B03221549A5
:1032B00002200296FBF756F903940494CDE90547E2
:1032C000CDE900460322104B104910460296FBF749
:1032D00049F9052068700E482861042028700D48BF
:1032E00068610798E86009B0F0BD0000DC55002077
:1032F000BD6D0208986A0208096F0208006F020893
:10330000146F0208036F02081F6F0208066F02089D
:10331000366A02081C6D0208F0B51949044689B0E6
:103320004FF080400860F2F7ADF80025012620201C
:10333000CDE90006079507AF039504950296CDE900
:103340000557104B032210492846FBF70BF91F20A5
:10335000CDE90006039504950296CDE905570B4B80
:1033600003220B490120FBF7FDF805206070094995
:1033700021612070084860610798E06009B0F0BDE5
:10338000DC550020BC6C0208B96C0208AE6C020867
:10339000AB6C02089A6C02089F6C020830B51349A6
:1033A000044689B04FF083400860F2F76BF80025BF
:1033B00007A8079503950495CDE905500120CDE9AF
:1033C0000050024602900A4B0A492846FBF7CAF809
:1033D0002620607008482061022020700748A56000
:1033E00060610798E06009B030BD0000DC55002046
:1033F000F86E0208F76E02085C7902085E7902082E
:103400002DE9F047484905468AB04FF081400860F1
:10341000F2F738F8002407940894099409F04CF85E
:10342000B0F86860642E00DB63264FF47A7096FB78
:10343000F0F100FB11614FF0640991FBF9F00127F5
:10344000CDE904470DF12008C0B2CDF818800394EF
:103450000094CDE9014000231A4624215820F9F7B1
:1034600090FD96FBF9F109FB11614FF00A0991FB00
:10347000F9F04FF0090ACDE9034AC0B20094CDE952
:103480000140CDE9057800231A4624216820F9F788
:1034900078FD96FBF9F109FB1160CDE9034AC0B252
:1034A0000094CDE90140CDE9057800231A46242196
:1034B0007020F9F766FD09A8CDE904401B48CDE965
:1034C00000040023029403941A4624216020F7F795
:1034D00032FD089807AECDE90440069603940094A7
:1034E000CDE90147124B042212490120FBF73AF8BB
:1034F00003940494CDE905460094CDE901470222E6
:103500000D4B0E491046FBF72DF80798E860099817
:10351000A860262068700A4828610420287009489D
:1035200068610AB0BDE8F087DC5500202600002065
:10353000256E0208926A0208B86D02089A6A0208AB
:103540004A7A02084E7A02082DE9F0413F490546C1
:103550008AB03D480860F1F795FF0024079408946D
:10356000022009AE0994CDE90204CDE904463848A9
:10357000CDE900040423374A24212046F7F7DBFC79
:10358000CDE904463448CDE90004002302940394B5
:103590001A4638214C20F7F7CEFC4FF00908CDE948
:1035A000034808AF01260094CDE90567CDE901463F
:1035B00000231A4638213420F9F7E3FCCDE903480B
:1035C00000940194002302941A4638213C20CDE94E
:1035D0000567F9F7D6FCCDE9034800940194002370
:1035E00002941A4638214420CDE90567F9F7C9FC51
:1035F000CDE9034800940194002302941A4638212F
:103600005420CDE90567F9F7BCFC089907A8CDE976
:1036100004410690CDE900460394104B0622104960
:1036200000200296FAF79EFF0798E8600998A860C4
:10363000262068700B482861042028700A486861B9
:103640000AB0BDE8F081000000003042DC550020E7
:10365000376B0208336B020826000020276B020834
:10366000216B02083C7A0208407A02082DE9F041F9
:103670003F4905468AB03D480860F1F703FF002442
:1036800007940894022009AE0994CDE90204CDE91B
:1036900004463848CDE900040423374A2421204653
:1036A000F7F749FCCDE904463448CDE9000400238E
:1036B000029403941A4638214C20F7F73CFC4FF053
:1036C0000908CDE9034808AF01260094CDE9056754
:1036D000CDE9014600231A4638213420F9F751FC80
:1036E000CDE9034800940194002302941A4638213E
:1036F0003C20CDE90567F9F744FCCDE90348009487
:103700000194002302941A4638214420CDE905672C
:10371000F9F737FCCDE903480094019400230294A3
:103720001A4638215420CDE90567F9F72AFC089993
:1037300007A8CDE904410690CDE900460394104B5B
:103740000622104900200296FAF70CFF0798E8605D
:103750000998A860262068700B482861042028700A
:103760000A4868610AB0BDE8F081000000003042FC
:10377000DC550020376B0208336B0208260000205E
:10378000276B0208216B0208217A0208257A0208B9
:103790002DE9F043424905468BB040489146086008
:1037A000F1F770FE002407940894022009AE0994F2
:1037B000CDE90204CDE904463A48CDE900040423EA
:1037C000394A24212046F7F7B6FBCDE904463748AD
:1037D000CDE900040023029403941A4638214C20BA
:1037E000F7F7A9FB4FF00908CDE9034808AF012618
:1037F00000940194002302941A4638213420CDE924
:103800000567F9F7BEFBCDE9034800940194002356
:1038100002941A4638213C20CDE90567F9F7B1FB3F
:10382000CDE9034800940194002302941A463821FC
:103830004420CDE90567F9F7A4FBCDE903480094DE
:103840000194002302941A4638215420CDE90567DB
:10385000F9F797FB089907A8CDE904410690CDE94F
:1038600000460394124B0622124900200296FAF7F2
:1038700079FE0798E8600998A860B9F1550F0AD059
:10388000262068700C482861042028700B48686165
:103890000BB0BDE8F0833820F3E7000000003042B1
:1038A000DC550020376B0208336B0208260000202D
:1038B000276B0208216B0208147A0208187A0208A2
:1038C0002DE9F043424905468BB0404891460860D7
:1038D000F1F7D8FD002407940894022009AE09945A
:1038E000CDE90204CDE904463A48CDE900040423B9
:1038F000394A24212046F7F71EFBCDE90446374814
:10390000CDE900040023029403941A4638214C2088
:10391000F7F711FB4FF00908CDE9034808AF01267E
:1039200000940194002302941A4638213420CDE9F2
:103930000567F9F726FBCDE90348009401940023BD
:1039400002941A4638213C20CDE90567F9F719FBA6
:10395000CDE9034800940194002302941A463821CB
:103960004420CDE90567F9F70CFBCDE90348009445
:103970000194002302941A4638215420CDE90567AA
:10398000F9F7FFFA089907A8CDE904410690CDE9B7
:1039900000460394124B0622124900200296FAF7C1
:1039A000E1FD0798E8600998A860B9F1560F0AD0C0
:1039B000262068700C482861042028700B48686134
:1039C0000BB0BDE8F0833820F3E700000000304280
:1039D000DC550020376B0208336B020826000020FC
:1039E000276B0208216B02082F7A0208337A02083B
:1039F0002DE9F043404905468BB03E480860F1F799
:103A000041FD002407940894022009AE0994CDE9F1
:103A10000204CDE904463948CDE900040423384ABC
:103A200024212046F7F787FACDE904463548CDE949
:103A300000040023029403941A4638214C20F7F71F
:103A40007AFA4FF00908CDE9034808AF012600943F
:103A50000194002302941A4638213420CDE90567E9
:103A6000F9F78FFACDE903480094019400230294FA
:103A70001A4638213C20CDE90567F9F782FACDE9ED
:103A800003484FF003090094CDE9014900231A4689
:103A900038214420CDE90567F9F773FACDE90348E9
:103AA00000940194002302941A4638215420CDE951
:103AB0000567F9F766FA089907A8CDE90441069069
:103AC000CDE900460394104B0622104900200296CF
:103AD000FAF748FD0798E8600998A8602620687002
:103AE0000B48286185F800900A4868610BB0BDE872
:103AF000F083000000003042DC550020376B0208E4
:103B0000336B020826000020276B0208216B020895
:103B1000D2790208DB7902082DE9F0413F490546D8
:103B20008AB03D480860F1F7ADFC00240794089482
:103B3000022009AE0994CDE90204CDE904463848D3
:103B4000CDE900040423374A24212046F7F7F3F98E
:103B5000CDE904463448CDE90004002302940394DF
:103B60001A4638214C20F7F7E6F94FF00908CDE95D
:103B7000034804200094CDE9014008AF012600234A
:103B80001A4638213420CDE90567F9F7FAF9CDE96D
:103B9000034800940194002302941A4638213C20E3
:103BA000CDE90567F9F7EDF9CDE9034800940194F3
:103BB000002302941A4638214420CDE90567F9F71D
:103BC000E0F9CDE9034800940194002302941A46D9
:103BD00038215420CDE90567F9F7D3F9089907A8EA
:103BE000CDE904410690CDE9004603940F4B06222F
:103BF0000F4900200296FAF7B5FC0798E86009988B
:103C0000A860262068700B482861032028700A48A5
:103C100068610AB0BDE8F08100003042DC55002048
:103C2000376B0208336B020826000020276B02085E
:103C3000216B0208D8790208E77902082DE9F041E2
:103C40003F4905468AB03D480860F1F71BFC002457
:103C500007940894022009AE0994CDE90204CDE945
:103C600004463848CDE900040423374A242120467D
:103C7000F7F761F9CDE904463448CDE900040023A3
:103C8000029403941A4638214C20F7F754F94FF068
:103C90000908CDE9034808AF0126009401940023E8
:103CA00002941A4638213420CDE90567F9F769F9FD
:103CB000CDE903480094CDE90567CDE9014600232D
:103CC0001A4638213C20F9F75CF9CDE90348009405
:103CD0000194002302941A4638214420CDE9056757
:103CE000F9F74FF9CDE903480094019400230294B9
:103CF0001A4638215420CDE90567F9F742F90899A9
:103D000007A8CDE904410690CDE900460394104B85
:103D10000622104900200296FAF724FC0798E86072
:103D20000998A860262068700B4828610320287035
:103D30000A4868610AB0BDE8F08100000000304226
:103D4000DC550020376B0208336B02082600002088
:103D5000276B0208216B0208D5790208E179020875
:103D60002DE9F0413F4905468AB03D480860F1F72A
:103D700089FB002407940894022009AE0994CDE938
:103D80000204CDE904463848CDE900040423374A4B
:103D900024212046F7F7CFF8CDE904463448CDE991
:103DA00000040023029403941A4638214C20F7F7AC
:103DB000C2F84FF00908CDE9034808AF0126009486
:103DC0000194002302941A4638213420CDE9056776
:103DD000F9F7D7F8CDE9034805200094CDE9014073
:103DE00000231A4638213C20CDE90567F9F7C9F8C8
:103DF000CDE9034800940194002302941A46382127
:103E00004420CDE90567F9F7BCF8CDE903480094F3
:103E10000194002302941A4638215420CDE9056705
:103E2000F9F7AFF8089907A8CDE904410690CDE964
:103E3000004603940F4B06220F4900200296FAF722
:103E400091FB0798E8600998A860262068700B48E5
:103E50002861032028700A4868610AB0BDE8F08133
:103E600000003042DC550020376B0208336B02083B
:103E700026000020276B0208216B0208ED7902085A
:103E8000F67902082DE9F0433F4905468BB03D48DD
:103E90000860F1F7F7FA002409AE0994CDE9044669
:103EA0003A48079408944FF00209CDE90004CDE99F
:103EB00002940423364A24212046F7F73CF8CDE942
:103EC00004463448CDE900040023029403941A46C2
:103ED00038214C20F7F72FF84FF00908CDE90348B7
:103EE0000094CDE9014908AF012600231A46382184
:103EF0003420CDE90567F9F744F8CDE9034800948B
:103F00000194002302941A4638213C20CDE905672C
:103F1000F9F737F8CDE9034800940194002302949F
:103F20001A4638214420CDE90567F9F72AF8CDE98A
:103F3000034800940194002302941A463821542027
:103F4000CDE90567F9F71DF8089907A8CDE90441FF
:103F50000690CDE9004603940F4B06220F4900203E
:103F60000296FAF7FFFA0798E8600998A8602620F9
:103F700068700B4803212861297068610BB0BDE8A7
:103F8000F083000000003042DC550020376B02084F
:103F9000336B020826000020276B0208216B020801
:103FA000F0790208F0B53049054689B04FF08340FA
:103FB0000860F1F767FA00240894079408A80394AE
:103FC0000494CDE905400126CDE90046274B324651
:103FD000274920460296FAF7C5FA07AFCDE904470C
:103FE00024A0CDE90004CDE9026400231A4688210B
:103FF0001420F6F7A0FF08F05FFACDE90447383047
:10400000CDE90004CDE9026400231A467821184660
:10401000F6F791FFCDE9044718A0CDE90004CDE9FA
:10402000026400231A4688216920F6F784FF08F00D
:1040300043FACDE904473130CDE90004CDE902640B
:1040400000231A4678215620F6F775FF262068705F
:104050000B482861022028700A4868610798A86008
:104060000898E86009B0F0BDDC550020F86E020841
:10407000F76E02086D672F4C000000004E5455008B
:104080005579020857790208F8B50C4610490546DB
:104090004FF080400860F1F7F5F900200090012C06
:1040A0000BD00A2C10D109F099F806460CF0EEFC62
:1040B00001463046F1F762FC01E008F0FDF9027EAE
:1040C0006946284606F05EFC0098E8606C70F8BD12
:1040D000DC5500202DE9F04FDFF864A48BB00546D5
:1040E0004FF081412420CAF800100790F1F7CAF977
:1040F0000026089609960A9608F0DEF9044608F0AC
:10410000DBF940794D287DD0E06E11F0F1F90446DD
:104110000F4608F0D1F90DF1280BCDE9046B4FF0F3
:1041200001092B30CDE90296CDE900060023B04607
:104130001A4650200799F6F7FEFE08A80396049643
:10414000CDE9056000960196FE4B0422FE49002051
:104150000296FAF707FA4FF08341DAF8000011F0FF
:10416000F3F90146F94811F0EFF911F039FBC0B24B
:1041700007900FF00BFFF64E0DF1240A00287DD0BA
:1041800008F09AF94079F34B5A3807284FF00002AB
:104190002046394673D810F081FF0022EE4B10F014
:1041A00069FC10F0B7FE074642F2107097FBF0F082
:1041B000CDE90389C0B2CDF80080CDE90180CDE919
:1041C000059A002344461A4648200799F8F7D9FE75
:1041D00042F2107097FBF0F100FB11714FF47A700E
:1041E00091FBF0F00921CDE90341C0B20094CDE983
:1041F0000140CDE9059A00231A4650200799F8F7A7
:10420000C0FE00E042E04FF47A7097FBF0F100FB53
:104210001171642091FBF0F00922CDE90342C0B294
:104220000094CDE90140CDE9059A00231A465820B3
:104230000799F8F7A6FE642097FBF0F100FB1171D7
:104240000A2091FBF0F00921CDE90341C0B20094AE
:10425000CDE90140CDE9059A00231A466820079967
:10426000F8F78FFE0A2097FBF0F10922CDE903420F
:1042700000FB11700023C0B21A4601E065E00DE0BA
:104280000094CDE90140CDE9059AC8E0F4F798FD26
:1042900011F0C6FAE16E11F057F936E710F0FEFEA4
:1042A00010F038FE074642F2107097FBF0F0CDE9AF
:1042B0000389C0B2CDF80080CDE90180CDE9059A2F
:1042C000002344461A4650200799F8F75AFE42F256
:1042D000107097FBF0F100FB11714FF47A7091FBB5
:1042E000F0F00922CDE90342C0B20094CDE90140CB
:1042F000CDE9059A00231A4658200799F8F741FEA0
:104300004FF47A7097FBF0F100FB1171642091FB80
:10431000F0F00921CDE90341C0B20094CDE901409C
:10432000CDE9059A00231A4660200799F8F729FE7F
:10433000642097FBF0F100FB11710A2091FBF0F073
:104340000922CDE90342C0B2E8E008F0B5F84079AF
:10435000804B5A3807284FF00002204639467CD857
:1043600010F09CFE00227C4B10F084FB10F0D2FD7C
:1043700007464FF47A7097FBF0F04FF0090ACDE949
:10438000038AC0B2CDF80080CDE9018009A9CDE94A
:104390000591002344461A4650200799F8F7F1FD8D
:1043A0004FF47A7097FBF0F100FB1171642091FBE0
:1043B000F0F0CDE9034AC0B20094CDE9014009A96B
:1043C000CDE9059100231A4658200799F8F7D9FD41
:1043D000642097FBF0F100FB11710A20CDE9034A3C
:1043E00091FBF0F009AA0094CDE90592C0B2CDE9A5
:1043F000014000231A4668200799F8F7C2FD0A20F9
:1044000097FBF0F100FB1170CDE9034AC0B20094B4
:10441000CDE9014009A9CDE9059100231A46702094
:104420000799F8F7AEFDCDE9044BCDE9006402949D
:10443000002303941A4660200799F6F77CFD09983B
:1044400008AECDE90480042244464F46CDF80C80E6
:104450000696424B4249012000E021E0CDF8008061
:10446000CDE90189FAF77EF803940494CDE9054675
:104470000094CDE9014702223A4B3B491046FAF736
:1044800071F80898E8600A98A86026206870374894
:10449000286102202870364868610BB0BDE8F08FB3
:1044A00010F0FCFD10F036FD07464FF47A7097FBD4
:1044B000F0F00923CDE90383C0B2CDF80080CDE947
:1044C0000180CDE9059A002344461A4658200799F1
:1044D000F8F757FD4FF47A7097FBF0F100FB11717C
:1044E000642091FBF0F00923CDE90343C0B20094AE
:1044F000CDE90140CDE9059A00231A4660200799CD
:10450000F8F73FFD642097FBF0F100FB11710A20E2
:1045100091FBF0F00921CDE90341C0B20094CDE94F
:104520000140CDE9059A00231A4670200799F8F753
:1045300028FDCDE9044B0023029403941A4619E0A8
:10454000DC5500201C6E02088E6A02080000104232
:1045500026000020000059400000E03F256E0208C0
:10456000926A0208B86D02089A6A02084E79020837
:1045700050790208CDE90064682007995DE70000E2
:10458000F0B51949044689B04FF082400860F0F751
:1045900079FF002507AF079503950495CDE90557E9
:1045A0000126CDE90056114B0722114928460296F3
:1045B000F9F7D8FF03950495CDE90557CDE90056E5
:1045C0000C4B08220C4901200296F9F7CBFF27205B
:1045D00060700A482061042020700948A56060616D
:1045E0000798E06009B0F0BDDC550020CA7C0208E5
:1045F000C37C0208DD7C0208D57C0208B07C02087E
:10460000B47C0208F0B51849044689B04FF08040E8
:104610000860F0F737FF002507AF0795039504956D
:10462000CDE905570126CDE90056104B022210496D
:1046300028460296F9F796FF03950495CDE90557AC
:10464000CDE900560B4B02220B4901200296F9F7E7
:1046500089FF667009482061042020700848606165
:104660000798E06009B0F0BDDC550020C16D02087C
:10467000966A0208BD6D0208986A02089F7A0208CD
:10468000A37A02082DE9F04F984905468BB0964869
:104690000860F0F7F7FE00240DF1240A0994CDE933
:1046A000044A0794089402219148CDE90214CDE907
:1046B000000404238F4A24212046F6F73CFC07F02F
:1046C000FBFE40798C4F01260DF120084FF00909BF
:1046D00060282BD007F0F0FE40794D2857D004A871
:1046E0004746039480E8D0000023009401941A46C2
:1046F000382134200294F8F744FC04A8039480E89D
:10470000D0000023009401941A4638213C200294E2
:10471000F8F737FC04A8039480E8D0000023382180
:10472000009401941A4644200294C8E0CDE9044A5A
:10473000CDE900740023029403941A4638214C20DA
:10474000F6F7F9FB04A84746039480E8D00000235D
:10475000009401941A46382134200294F8F711FC91
:1047600004A8039480E8D0000023009401941A4622
:1047700038213C200294F8F704FCCDE903490023DA
:104780003821009401941A46442002943BE00FF033
:1047900099FB4FF0440B002869D00FF093FB0A28D7
:1047A00065D0CDE9044ACDE9007400230294039456
:1047B0001A4638214420F6F7BEFB04AA474658465D
:1047C0000094019482E8C1004321CDE902B10023A5
:1047D0001A4638213420F8F7D4FBCDE90349009478
:1047E0000194002302941A4638213C20CDE9056744
:1047F000F8F7C7FBCDE90349002338210094019461
:104800001A464C200294CDE90567F8F7BAFBCDE9CA
:10481000034900233821009401941A46542002943D
:10482000CDE90567F8F7ADFB089907A8CDE9044184
:104830000690CDE900460394304B06223049002013
:104840000296F9F78FFE0798E8600998A86007F0CC
:1048500033FE40794D283ED02620687029482861D3
:1048600002202870284868610BB0BDE8F08F04AAC8
:10487000474658460094019482E8C1004321CDE99F
:1048800002B100231A4638213420F8F77AFBCDE92B
:10489000034900940194002302941A4638213C20D5
:1048A000CDE90567F8F76DFBCDE903490094019464
:1048B000002302941A4638214420CDE90567F8F711
:1048C00060FBCDE9034900233821009401941A4686
:1048D0004C200294A4E7272068700C48286104202B
:1048E00028700B48BFE7000000003042DC55002074
:1048F000376B0208336B020826000020276B020882
:10490000216B02085579020857790208747D020864
:10491000787D02082DE9F04FDFF8B8B105468BB07D
:104920004FF081404FF02409CBF80000F0F7AAFDCA
:10493000002407940894099407F0BEFDD0F8840081
:1049400010F0D6FD0646884607F0B6FD09A9CDE968
:1049500004414F300127CDE90004CDE90274002362
:104960001A4649465820F6F7E6FA0DF11C0A039458
:104970000494CDE9054A00940194574B0422574909
:1049800000200294F9F7EEFD4FF08341DBF80000C0
:1049900010F0DAFD0146524810F0D6FD10F020FF6D
:1049A00000F0FF0B00224F4B3046414610F076FBE3
:1049B00010F0B0FA064642F210704FF0090996FB6B
:1049C000F0F0CDE903490DF120080094CDE9057818
:1049D000C0B2CDE9014000231A4659465820F8F7E5
:1049E000D0FA4FF47A7096FBF0F100FB116164206D
:1049F00091FBF0F0CDE90349C0B20094CDE901404C
:104A0000CDE9057800231A4659466820F8F7B9FA27
:104A1000642096FBF0F100FB11610A2091FBF0F09D
:104A2000CDE90349C0B20094CDE90140CDE9057854
:104A300000231A4659467020F8F7A3FA0A2096FB7D
:104A4000F0F100FB1160CDE90349C0B20094CDE95B
:104A50000140CDE9057800231A4659467820F8F739
:104A600090FA09A8CDE904401F48CDE900040023CD
:104A7000029403941A4659466020F6F75CFA0899A6
:104A8000CDF818A0CDE9044103940094CDE9014785
:104A9000164B042216490120F9F764FD039404948F
:104AA000CDE9054A0094CDE901470222114B124994
:104AB0001046F9F757FD0798E8600998A860272085
:104AC00068700E482861082028700D4868610BB096
:104AD000BDE8F08FDC5500201C6E02088E6A0208CB
:104AE0000000104200408F4026000020A06A02080B
:104AF0009C6A0208B86D02089A6A0208077C0208DC
:104B00000F7C02082DE9F04FDFF890B105468BB01D
:104B10004FF081404FF02409CBF80000F0F7B2FCD1
:104B2000002407940894099407F0C6FCD0F880008C
:104B300010F0DEFC0646884607F0BEFC09A9CDE968
:104B4000044147300127CDE90004CDE90274002378
:104B50001A4649465820F6F7EEF90DF11C0A03945F
:104B60000494CDE9054A009401944D4B04224D492B
:104B700000200294F9F7F6FC4FF08341DBF80000C7
:104B800010F0E2FC0146484810F0DEFC10F028FE70
:104B900000F0FF0B0022454B3046414610F07EFAF4
:104BA0000022434B0FF066FF10F0B4F90646642074
:104BB0004FF0090996FBF0F0CDE903490DF120080B
:104BC0000094CDE90578C0B2CDE9014000231A4632
:104BD00059465820F8F7D5F9642096FBF0F100FB10
:104BE00011610A2091FBF0F0CDE90349C0B20094B5
:104BF000CDE90140CDE9057800231A4659466820E1
:104C0000F8F7BFF90A2096FBF0F100FB1160CDE93F
:104C10000349C0B20094CDE90140CDE905780023F5
:104C20001A4659467020F8F7ACF909A8CDE90440B6
:104C30002048CDE900040023029403941A46594603
:104C40006020F6F778F90899CDF818A0CDE904416D
:104C500003940094CDE90147174B04221749012022
:104C6000F9F780FC03940494CDE9054A0094CDE95A
:104C700001470222124B13491046F9F773FC0798BB
:104C8000E8600998A860272068700F48286106200E
:104C900028700E4868610BB0BDE8F08FDC5500202D
:104CA0001C6E02088E6A0208000010420000594083
:104CB0000000E03F26000020A06A02089C6A02086B
:104CC000B86D02089A6A02081C7C0208227C02085D
:104CD00010B51249044688B04FF083400860F0F7E1
:104CE000D1FB002007A9079003900490CDE90501AE
:104CF0000121CDE900010A460291094B0949F9F762
:104D000031FC0720607008482061042020700748AB
:104D100060610798E06008B010BD0000DC5500201D
:104D2000F86E0208F76E02085A6A02088B6D0208D4
:104D30002DE9F04F87B0002482460694F0F7A2FBDD
:104D4000FE4DE86B10F0D4FBCDE90001FCA2072179
:104D5000FD48EBF7D1FB2846006C10F0C9FBCDE90C
:104D60000001F948F6A20721C01DEBF7C5FB06AE0E
:104D7000CDE90446F5484FF00209CDE90004CDE93C
:104D800002940323F24A20210020F6F7D4F8CDE95B
:104D900004464FF001082846CDE90004CDE902841D
:104DA000002347461A4620213020F6F7C4F8CDE903
:104DB0000446E848CDE90004CDE9027400231A4610
:104DC00030211846F6F7B7F8CDE9044605F10D0095
:104DD000CDE90004CDE9027400231A4630211820E1
:104DE000F6F7A9F8CDE90446DB48CDE90004CDE9A2
:104DF000027400231A4640211846F6F79CF8CDE9C4
:104E00000446A5F10E00CDE90004CDE902740023AB
:104E10001A4640211820F6F78EF82846806B10F0CD
:104E200067FBCDE90001C848C5A207210E30EBF7AA
:104E300063FBCA48DFF810B3032700780BF11C0BA3
:104E40000E287DD2DFE800F007FBFAF9F8F7F6F557
:104E5000F4F3F2F1F0EFA86C10F04AFBCDE9000199
:104E6000B948B7A207211530EBF746FBBC49686C7F
:104E7000884209DB10F0B4FC0346B348B9A207210D
:104E80001C30EBF739FB09E010F032FBCDE90001F3
:104E9000AD48ABA207211C30EBF72EFBCDE9044651
:104EA000B148CDE90004CDE902940223AF4A502174
:104EB0000020F6F740F80EF04FFF08B1202000E088
:104EC00040200DF10C0C4546082100948CE862004E
:104ED000CDE9014700231A465021F6F72CF8CDE919
:104EE00004469948CDE90004CDE9025400231A464E
:104EF00050217020F6F71FF8CDE904469C48CDE913
:104F00000004CDE90294C84602239A4A6021002099
:104F1000F6F711F80EF020FF08B1202000E0402045
:104F20000DF10C090A21009489E86200CDE90147DE
:104F300000231A466021F5F7FEFFCDE9025400E098
:104F40009AE38148CDE90446C01DCDE90004002361
:104F50001A4660217020F5F7EEFFCDE90446864839
:104F6000CDE90004CDE902840223844A70210020A7
:104F7000F5F7E1FF0DF10409009489E89001CDE90E
:104F8000045600231A4670212020F5F7D4FF6E48FE
:104F9000CDE904460E30CDE90004CDE902540023EA
:104FA00070211A460846F5F7C6FFCDE90446DFF83A
:104FB000D091CDE90284CDE900940323714A802188
:104FC0000020F5F7B8FF0EF0C7FE08B1302000E072
:104FD00010200094CDE90275CDE9045600231A464D
:104FE00080210194F5F7A7FF5748CDE90446153015
:104FF000CDE90004CDE9025400231A468021702037
:10500000F5F799FFCDE90446CDE90284CDE9009496
:1050100003235C4A90210020F5F78DFF0EF09CFEE3
:1050200070B130200DE0FAE3FAE3FAE3A5E331E3EF
:1050300023E314E34EE223E2D0E0CDE05BE009E0BD
:10504000102004210DF10C08009488E86200002370
:105050001A46FCE24249E86C884209DB10F0C0FBCA
:10506000034639483FA207211C30EBF745FA09E017
:1050700010F03EFACDE90001334831A207211C307F
:10508000EBF73AFACDE904463B48CDE90004CDE917
:1050900002940223394A70210020F5F74CFF0DF1EC
:1050A000040C00948CE89002CDE904860023454668
:1050B0001A4670212020F5F73EFF2348CDE904462B
:1050C0000E30CDE90004CDE90254002370211A46C8
:1050D0000846F5F730FFCDE904462B48CDE900043A
:1050E000CDE902940123294A80210020F5F723FF0E
:1050F000CDE9025438E31A49686E884209DB10F0A2
:105100006FFB0346104817A207211C30EBF7F4F998
:1051100009E010F0EDF9CDE900010B4808A20721E4
:105120001C30EBF7E9F9CDE90294CDE904460223FE
:105130004D461748174A90212EE00000645B00207E
:1051400025362E3266000000085600202F6C02081B
:105150002C6C02083A6C0208366C020825550020B7
:1051600000401C4625640000406C02083E6C0208AA
:105170004B6C0208496C0208507902084E7902080B
:10518000AA790208A77902089B7B02089A7B020889
:10519000657C0208637C0208CDE900040020F5F775
:1051A000CAFE0EF0D9FD08B1302000E01020FF4902
:1051B000CDE90014CDE90254CDE904864746022327
:1051C000FB4A9021F5F7B7FECDE90274CDE904461C
:1051D00000231A469021CCE2686F41E2A86D10F1DD
:1051E000FF4F0ED2F34988420BDA10F081F9AFF28B
:1051F000B002CDE900010721EF48EBF77DF9E86D3A
:105200003AE0EC4949420144B1F1D97F0AD210F0A9
:105210006FF9CDE90001E9A20721E748EBF76CF946
:10522000E86D45E0E749E84A014491420CD210F0AC
:10523000D7FA0346E5A20721DF48EBF75DF9E86DF1
:1052400010F0CEFA03464FE0E149E24A01449142B0
:1052500017D2DC49494210F0E5F910F049F9AFF2F4
:105260002012CDE900010721D348EBF745F9D549D4
:10527000E86D494210F0D6F910F03AF9AFF2401259
:1052800019E0D549D54A014491421CD2CD49494241
:1052900010F0C8F910F02CF9CDE90001C7A20721E0
:1052A000C548EBF729F9C749E86D494210F0BAF94A
:1052B00010F01EF9C1A2CDE90001BF480721C01FAF
:1052C000EBF71AF916E0C649884213DB4FF47A73FC
:1052D000BEA20721B848EBF70FF9E86D10F080FA8D
:1052E0004FF47A71B0FBF1F3B348B8A20721C01FA5
:1052F000EBF702F90EF0F8FD052804D1B949286E44
:1053000010F090F92866B848006E10F1FF4F07D2F0
:10531000A849884204DA10F0EBF8AFF2DC1208E09A
:10532000A44949420144B1F1D97F0AD210F0E0F812
:10533000A2A2CDE90001A04807212330EBF7DCF859
:105340000CE0A0494942884208DB10F049FA0346C4
:1053500099489EA207212330EBF7CEF8CDE9044609
:10536000A248CDE90004CDE902944D460223A04AAB
:1053700050210020F5F7DFFD0596CDE90354009498
:10538000CDE9014700231A4650212020F5F7D3FD2F
:105390008948CDE904460E38CDE90004CDE9028400
:1053A00000231A4650217020F5F7C5FDCDE90446CB
:1053B0009048CDE90004CDE9025403238E4A6021D0
:1053C0000020F5F7B8FD88488149806D4942884240
:1053D00013DB0EF0C1FC08B1302000E0182003AA56
:1053E0000F2182E852000094CDE9014700231A46BC
:1053F0006021F5F7A0FD112012E00EF0ADFC08B120
:10540000302000E0182003AA052182E85200009411
:10541000CDE9014700231A466021F5F78CFD0420F1
:1054200003A9002381E851000094CDE901471A4601
:1054300070212020F5F77FFDCDE90446CDE90284F7
:10544000CDE900B4002345461A4660217020F5F7E7
:1054500072FDCDE904466948CDE90004CDE9029426
:105460000223674A70210020F5F765FD5248CDE917
:105470000254CDE904460023C01F1A4670214DE3B3
:105480005349686D494210F08FF903465DA2072128
:105490004948EBF731F8CDE904465B48CDE9000413
:1054A000CDE902940223594A90210020F5F743FDEB
:1054B0000EF052FC03A9072081E851000094CDE9C9
:1054C000014700231A4690213020F5F734FDCDE93D
:1054D00002847BE6E86C10F00BF8AFF29C32CDE969
:1054E000000135480721C01FEBF706F83849A86EC0
:1054F0004942884209DB10F073F90346AFF29C324F
:1055000007212D48EAF7F8FF09E00FF0F1FFAFF2AD
:10551000D032CDE9000107212748EAF7EDFFCDE9B8
:1055200004463248CDE90004CDE902944D460223F9
:105530002F4A70210020F5F7FEFC05960094CDE976
:105540000147CDE9035800231A4670212020F5F7C2
:10555000F2FC1948CDE904460E38CDE90004CDE946
:105560000284002370211A460846F5F7E4FCCDE9D1
:1055700004462748CDE90004CDE902540123254A19
:1055800080210020F5F7D7FC0B48CDE90446C01F69
:10559000CDE90004CDE9028400231A468021702061
:1055A000F5F7C9FCCDE902541B4837E079790208C8
:1055B000777902080000C8422456002025362E3193
:1055C00066000000000086BB0040A2012536640092
:1055D00000C0E3B90010A70100B03CB800D4B0018E
:1055E0000024744900002041645B002050790208C7
:1055F0004E790208047C0208017C0208FB7B020849
:10560000F97B0208253564006B7C0208697C02087E
:105610009B7B02089A7B02087F7B0208CDE9044647
:10562000CDE900040223FD4A90210020F5F783FC18
:105630000EF092FB08B1302000E0102004210DF1A3
:105640000C094546009489E8620000231A4690211F
:10565000CDE90147F5F76FFCCDE90254B6E5E86EF8
:10566000EF4988420BDB10F0BBF80346AFF20C5257
:105670000721EC48EAF740FFCAE2286FF0E70FF095
:1056800037FFAFF24452CDE900010721E548EAF7C0
:1056900033FFBDE2A86F10F1FF4F02D2E24988420A
:1056A00005DBE14949420144B1F1D47F0AD20FF050
:1056B0001FFFAFF2F802CDE900010721D948EAF750
:1056C0001BFF0DE0D949DA4A0144914208D210F09B
:1056D00087F80346AFF20C120721D248EAF70CFF15
:1056E000CDE90446D348CDE90004CDE902944D4606
:1056F0000223D14A70210020F5F71DFC0596009485
:10570000CDE90147CDE9035800231A467021202036
:10571000F5F711FCC348CDE904460E38CDE9000485
:10572000CDE90284002370211A460846F5F703FCF0
:10573000CDE90446C148CDE90004CDE90254032374
:10574000BF4A80210020F5F7F6FBCDE90446BD48AD
:10575000CDE90004CDE902540223BB4A8021382060
:10576000F5F7E9FBCDE90284CDE9044600231A46AA
:105770008021CDE900B4702048E2B448A849C06F48
:10578000884235DBB14D0FF0B3FE0022B04B0FF075
:105790002DFA0022AF4B0FF045FCE86F06D20FF058
:1057A000A7FE0022AA4B0FF021FA2FE00FF0A0FE77
:1057B0000022A74B0FF01AFA0022A74B0FF032FC81
:1057C00009D2E86F0FF094FE0022A14B0FF00EFA01
:1057D0000FF0D0FB28E0E86F0FF08AFE00229C4B10
:1057E0000FF004FA00229A4B0FF01CFC23D2E8E7DA
:1057F0008D49884204DA0FF07BFEAFF2BC6207E00D
:105800008A49494288420DDA0FF072FEAFF2542203
:10581000CDE9000107218348EAF76EFE0BE009E2BB
:105820007DE154E00FF0DCFF0346AFF26022072178
:105830007C48EAF761FECDE904467E48CDE90004E4
:10584000CDE9029402237C4A70210020F5F773FB16
:105850000DF1040C00948CE89002CDE9048600233D
:1058600045461A4670212020F5F765FB6D48CDE9C5
:1058700004460E38CDE90004CDE90254002370211E
:105880001A460846F5F757FBCDE904467348CDE9BB
:105890000004CDE902940323714A80210020F5F72A
:1058A0004AFB6A48C16F5E48814203DB0EF054FA3E
:1058B0000E2002E00EF050FA0D200DF10C080094BD
:1058C000002388E861001A4690211846C0E6686EF9
:1058D0000FF00EFEAFF29872CDE90001514807219A
:1058E000C01FEAF709FE4E49D5F88000884209DB5F
:1058F0000FF076FF0346AFF22C3207214948EAF752
:10590000FBFD09E00FF0F4FDAFF25032CDE90001EC
:1059100007214448EAF7F0FD4149D5F88400884260
:105920000ADB0FF05DFF0346AFF260323D4807210E
:105930002330EAF7E1FD0AE00FF0DAFDAFF284323E
:10594000CDE90001374807212330EAF7D5FD06F0FD
:10595000B3FD40790A2804D006F0AEFD40794A280C
:1059600002D10EF005FA60B3CDE904463D48CDE919
:105970000004CDE9029402233B4A90210020F5F770
:10598000DAFA0EF0E9F908B1302000E0102003AA9D
:10599000454682E87000354902238DE81202344AF8
:1059A0009021F5F7C8FA1F48CDE90446C01FCDE99C
:1059B0000004CDE9025400231A4690217020F5F727
:1059C000BAFACDE904461B48CDE90004CDE90294BA
:1059D0004D460223184A60210020F5F7ACFA0596DF
:1059E0000094CDE90147CDE9035800231A46602110
:1059F0002020F5F7A0FA0B48CDE904460E38CDE992
:105A00000004CDE9028400231A4660217020F5F7D6
:105A100092FACDE9025417482EE000007D7B02087F
:105A200000401C462456002000002041000038BDE4
:105A300000A04403507902084E790208917C0208C4
:105A40008E7C0208977C0208957C0208645B00202B
:105A500000408F400000244000005940FF7C0208B5
:105A6000FC7C0208657C0208637C020879790208E4
:105A7000777902080A7A0208CDE90446CDE90004E4
:105A80000223B04A70210020F5F755FA0EF064F9B0
:105A900008B1302000E0102045460DF1040C4FF015
:105AA000040800948CE89001CDE9045600231A46BE
:105AB0007021F5F740FACDE90446CDE90254CDE96D
:105AC00000B4002370211A460846F5F734FACDE9F0
:105AD00004469D48CDE90004CDE9029402239B4A87
:105AE00080210020F5F727FA0EF036F908B13020B2
:105AF00000E010200DF10409009489E89001CDE93F
:105B0000045600231A468021F5F715FACDE9025410
:105B1000CDE9044600238E481A4680210DE10EF09F
:105B2000D1F9E8B30EF0CEF90A283AD0D5F88C00B6
:105B30000FF0DEFC0022874B0FF058F8CDE9000192
:105B400085A208218248EAF7D7FCCDE904468448BB
:105B5000CDE90004CDE902940423824A50210020BB
:105B6000F5F7E9F9CDE904467948CDE90004CDE936
:105B70000284002345461A4650216820F5F7DBF9D8
:105B80000EF0A0F9C0B10EF09DF905281CD00EF062
:105B900099F90A2823D00EF095F9142827D037E078
:105BA000FFE7D5F88C000FF0FFFD03466EA2082139
:105BB0006748EAF7A1FCC8E70EF0CEF808B140202C
:105BC00000E02820042106E00EF0C6F808B14020CD
:105BD00000E02820092103AA82E8520010E00EF01C
:105BE000BBF808B1402000E028201021F3E70EF0B8
:105BF000B3F808B1402000E028200596CDE9035411
:105C00000094CDE9014700231A465021F5F793F996
:105C10000699CAF808101B218AF801105349CAF8DE
:105C2000101004218AF800105149CAF8141007B066
:105C3000BDE8F08FA86B0FF05BFCAFF28062CDE99E
:105C40000001434807213138EAF756FC4949D5F8A5
:105C50009000884203DB0FF04BFC47A209E0484963
:105C6000884203DB0FF044FC3BA202E00FF040FC53
:105C700044A2CDE9000108213548EAF73DFCCDE911
:105C800004464248CDE90004CDE902940323404A8A
:105C900060210020F5F74FF9CDE904462C48CDE905
:105CA0000004CDE90284002345461A46602168209D
:105CB000F5F741F906F000FC40791D2804D00EF0FC
:105CC0004BF848B1402008E00EF046F808B14020FB
:105CD00000E02820102101E02820122103AA00233F
:105CE00082E852000094CDE901471A466021F5F799
:105CF00022F9CDE904462748CDE90004CDE9029414
:105D0000C8460223244A50210020F5F714F90DF16A
:105D1000040B00948BE89001CDE9045600231A4649
:105D200050212020F5F707F90948CDE90254CDE9C3
:105D30000446002331381A465021CDE90004702072
:105D400064E70000087A0208107A02080E7A020856
:105D5000475600200000594025372E3266000000CB
:105D60004A7D0208467D020825376400566A02080B
:105D7000816D02080000C84225372E316600000000
:105D80000000204125372E3366000000A87D020860
:105D9000A57D0208507902084E7902082DE9F041EC
:105DA00088B0002405460694EFF76CFB06AECDE9FB
:105DB00004462F484FF00208CDE90004CDE90284E3
:105DC00003232C4A20210020F5F7B5F8CDE904463D
:105DD00029480127CDE90004CDE9027400231A46C1
:105DE00030211846F5F7A7F82348CDE90446801C72
:105DF000CDE90004CDE9027400231A4630211820B1
:105E0000F5F799F8CDE904461C48CDE90004CDE941
:105E1000028403231A4A40210020F5F78CF8164823
:105E2000CDE90446801ECDE90004CDE902740023CB
:105E30001A4650211846F5F77EF80F48CDE904467A
:105E40000E30CDE90004CDE9027400231A4650213A
:105E50001820F5F770F80698A8601B2068700948AC
:105E60002861042028700848686108B0BDE8F08106
:105E7000656C0208626C0208805B0020576C0208A7
:105E8000546C0208566A0208816D020810B5124966
:105E9000044688B04FF083400860EFF7F3FA002023
:105EA00007A9079003900490CDE905010121CDE9F0
:105EB00000010291094B02220949F8F753FB08201F
:105EC00060700848206104202070074860610798CE
:105ED000E06008B010BD0000DC550020B86D02087D
:105EE0009A6A0208526A0208766D02082DE9F043A8
:105EF00089B0884600249749074607949448089437
:105F00000860EFF7BFFA07AD9348CDE904450226D4
:105F1000CDE90004CDE902640323904A202100204A
:105F2000F5F709F88E48CDE90445CDE90004CDE93F
:105F3000026405238B4A30210020F4F7FCFF8A48D5
:105F4000CDE90445CDE90004CDE902640523874A83
:105F500040210020F4F7EFFF8548CDE90445CDE965
:105F60000004CDE902640523824A50210020F4F7A1
:105F7000E2FF404607F086FEDFF8FC9199F800004A
:105F800008F05CFF034673487CA20521001DEAF778
:105F9000B3FA99F800000E281DD2DFE800F0070FD1
:105FA000641C6C747C848C949CA4ACB4CDE90264B5
:105FB0007348CDE904450323724A06E0CDE9026443
:105FC0007148724ACDE904450123CDE9000420213E
:105FD0003020F4F7B0FF6E48CDE904450126CDE945
:105FE0000004CDE9026400231A4630215020F4F762
:105FF000A2FF5848CDE90445001DCDE90004CDE9D4
:10600000026400231A4640215820F4F794FF07F059
:10601000B9F8CDE90445CDE90004CDE902640023D7
:106020001A4650215820F4F786FF08ADB8F1000F4A
:1060300072D0A8F1010081B299F80020554808F00B
:1060400023FF414653480EF091FBCDE90346232040
:10605000504BCDE90006143B002202961146104633
:10606000CDE9054563E0CDE902644B48CDE904453F
:1060700002234A4AA9E7CDE902644948CDE904452B
:106080000323484AA1E7CDE902644748CDE9044526
:106090000223464A99E7CDE902644548CDE9044523
:1060A0000223444A91E7CDE902644348CDE904451F
:1060B0000123424A89E7CDE902644148CDE904451C
:1060C0000223404A81E7CDE902643F48CDE9044517
:1060D00003233E4A79E7CDE902643D48CDE9044512
:1060E00003233C4A71E7CDE902643B48CDE904450E
:1060F00002233A4A69E7CDE902643948CDE904450B
:106100000423384A61E7CDE902643748CDE9044504
:106110000323364A59E7FFE703940494CDE9054584
:10612000CDE90046324B0322324900200294F8F7B1
:1061300019FA0898F8600798B860062078702E4819
:106140003861042038702D48786109B0BDE8F083CB
:106150000000A042DC5500202F6C02082C6C0208C5
:10616000FB6B0208F66B0208116C02080C6C02084B
:10617000216C02081C6C020825550020253464009F
:10618000AA790208A77902089B7B02089A7B020879
:10619000066C0208645B0020657C0208637C0208D0
:1061A000047C0208017C02086B7C0208697C0208FE
:1061B0007F7B02087D7B0208707C02086F7C0208EE
:1061C000757C0208737C02089F7C02089C7C020894
:1061D000FF7C0208FC7C02080A7A0208087A02089E
:1061E0004A7D0208467D0208A87D0208A57D0208B6
:1061F000EE6B0208EB6B0208566A0208816D02081A
:10620000F0B52549044689B04FF080400860EFF7AB
:1062100039F90027079706F04FF94079012507AEB5
:106220004A2805D106F048F9B0F8C400012826D064
:1062300003970497CDE90576CDE900753846174BED
:10624000042217490295F8F78DF93921CDE9001597
:10625000039704970295CDE905762846114B042251
:106260001149F8F77FF9052060701048206104207B
:1062700020700F4860610798E06009B0F0BD3821D8
:10628000CDE90015039704970295CDE905763846C8
:10629000024B04220249D6E7DC550020077D0208A4
:1062A000037D0208287D0208247D0208177D02086C
:1062B0001B7D020800487047645B00202DE9F04117
:1062C0004A4904468AB04FF080400860EFF7DAF898
:1062D00000250895079507AF03950495CDE9055767
:1062E0004FF00108CDE900584646414B0222414992
:1062F0002846CDF80880F8F735F903950495CDE9DF
:106300000557CDE900563C4B02223C49012002963C
:10631000F8F728F90DF026FD002858D006F09CFA71
:10632000007808AED0B1CDE9045635480227CDE952
:106330000005CDE902750323324A7E210020F4F7DF
:10634000FAFDCDE904563048CDE90005CDE90275E6
:1063500003232E4A4E210020F4F7EDFD06F00AFB40
:10636000CDE90456CDE90005CDE902850023474675
:106370001A465E211846F4F7DEFD06F06DFACDE907
:106380000456CDE90005CDE9027500231A465E21C9
:106390001820F4F7D0FD06F0E9FACDE90456CDE96E
:1063A0000005CDE9027500231A468E211846F4F740
:1063B000C2FD06F05DFACDE90456CDE90005CDE950
:1063C000027500231A468E211820F4F7B4FD05202B
:1063D00060700F482061042020700E4860610898AA
:1063E000A0600798E0600AB0BDE8F081DC550020AD
:1063F000C16D0208966A0208BD6D0208986A02081B
:10640000576C0208546C0208656C0208626C020842
:106410004A6A02085A6D0208F0B51A49044689B062
:106420004FF080400860EFF72DF801260025062088
:10643000CDE90006079507AF039504950296CDE9CF
:106440000557114B042211493046F8F78BF8072005
:10645000CDE90006039504950296CDE905570C4B4E
:1064600004220C490220F8F77DF80798E06002202A
:10647000607009482061042020700848606109B0FC
:10648000F0BD0000DC550020816D0208566A02084C
:106490008B6D02085A6A02082A6A0208F96C02081F
:1064A0002DE9F04FAA49824689B04FF08040002480
:1064B0000860EEF7E7FF00252846079508F0BEFCC8
:1064C000A44F0DF11C0801264FF01C0970B13D705E
:1064D000CDE90096039504950296CDE90558284626
:1064E00001249D4B03229D49F8F73CF8012008F058
:1064F000A5FC88B138780E2800D13E70CDE9009611
:10650000039504950296CDE905582046641C944BEA
:1065100001229449F8F726F8022008F08FFC90B188
:1065200038780E2801D102203870CDE90096039505
:1065300004950296CDE905582046641C8A4B022238
:106540008A49F8F70FF8032008F078FC20B1387872
:106550000E2801D103203870042008F06FFC90B1A0
:1065600038780E2801D104203870CDE900960395C3
:1065700004950296CDE905582046641C7C4B032205
:106580007C49F7F7EFFF052008F058FC90B1387808
:106590000E2801D105203870CDE9009603950495A9
:1065A0000296CDE905582046641C734B02227349BC
:1065B000F7F7D8FF062008F041FC90B138780E2894
:1065C00001D106203870CDE9009603950495029616
:1065D000CDE905582046641C694B02226949F7F74A
:1065E000C1FF072008F02AFC90B138780E2801D1AD
:1065F00007203870CDE90096039504950296CDE901
:1066000005582046641C604B01226049F7F7AAFF39
:10661000082008F013FC4FF0080B90B138780E28D2
:1066200001D187F800B0CDE9009603950495029654
:10663000CDE905582046641C554B02225549F7F711
:1066400091FF092008F0FAFB98B138780E2801D1A3
:1066500009203870CDE900960395049502962046EE
:10666000CDE90558641CE4B24B4B03224B49F7F7C4
:1066700079FF0A2008F0E2FB98B138780E2801D1A2
:106680000A203870CDE900960395049502962046BD
:10669000CDE90558641CE4B2414B03224149F7F7A8
:1066A00061FF0B2008F0CAFB98B138780E2801D1A1
:1066B0000B203870CDE9009603950495029620468C
:1066C000CDE90558641CE4B2374B02223749F7F78D
:1066D00049FF0C2008F0B2FB98B138780E2801D1A0
:1066E0000C203870CDE9009603950495029620465B
:1066F000CDE90558641CE4B22D4B04222D49F7F76F
:1067000031FF0D2008F09AFB88B138780E2801D1AE
:106710000D203870CDE90096039504950296CDE9D9
:1067200005582046244B03222449F7F71BFF0799FD
:10673000CAF80C108AF801B02149CAF810100420D8
:106740008AF800001F49CAF8141009B0BDE8F08F9C
:10675000DC55002025550020AA790208A7790208F7
:106760009B7B02089A7B0208657C0208637C020816
:10677000047C0208017C02086B7C0208697C020828
:106780007F7B02087D7B0208707C02086F7C020818
:10679000757C0208737C02089F7C02089C7C0208BE
:1067A000FF7C0208FC7C02080A7A0208087A0208C8
:1067B0004A7D0208467D0208A87D0208A57D0208E0
:1067C0002A6A0208F96C02082DE9F04FAB498246AB
:1067D00089B04FF0804000240860EEF753FEA84DCA
:1067E00000260E2007962870304608F027FB0DF192
:1067F0001C0801274FF01B0970B12E70CDE90097DE
:10680000039604960297CDE90568304601249D4B16
:1068100003229D49F7F7A6FE012008F00FFB88B17F
:1068200028780E2800D12F70CDE9009703960496A2
:106830000297CDE905682046641C944B01229449D7
:10684000F7F790FE022008F0F9FA90B128780E28A8
:1068500001D102202870CDE9009703960496029793
:10686000CDE905682046641C8A4B02228A49F7F765
:1068700079FE032008F0E2FA20B128780E2801D131
:1068800003202870042008F0D9FA90B128780E2847
:1068900001D104202870CDE9009703960496029751
:1068A000CDE905682046641C7C4B03227C49F7F740
:1068B00059FE052008F0C2FA90B128780E2801D1BF
:1068C00005202870CDE90097039604960297CDE93C
:1068D00005682046641C734B02227349F7F742FE99
:1068E000062008F0ABFA90B128780E2801D10620D6
:1068F0002870CDE90097039604960297CDE90568C4
:106900002046641C694B02226949F7F72BFE0720D9
:1069100008F094FA90B128780E2801D10720287049
:10692000CDE90097039604960297CDE905682046C5
:10693000641C604B01226049F7F714FE082008F040
:106940007DFA4FF0080B90B128780E2801D185F818
:1069500000B0CDE90097039604960297CDE905684B
:106960002046641C554B02225549F7F7FBFD0920D0
:1069700008F064FA98B128780E2801D1092028700F
:10698000CDE900970396049602972046CDE9056865
:10699000641CE4B24B4B03224B49F7F7E3FD0A209A
:1069A00008F04CFA98B128780E2801D10A202870F6
:1069B000CDE900970396049602972046CDE9056835
:1069C000641CE4B2414B03224149F7F7CBFD0B2095
:1069D00008F034FA98B128780E2801D10B202870DD
:1069E000CDE900970396049602972046CDE9056805
:1069F000641CE4B2374B02223749F7F7B3FD0C2091
:106A000008F01CFA98B128780E2801D10C202870C3
:106A1000CDE900970396049602972046CDE90568D4
:106A2000641CE4B22D4B04222D49F7F79BFD0D2089
:106A300008F004FA88B128780E2801D10D202870BA
:106A4000CDE90097039604960297CDE905682046A4
:106A5000244B03222449F7F785FD0799CAF80C1047
:106A60008AF801B02149CAF8101004208AF8000001
:106A70001F49CAF8141009B0BDE8F08FDC5500209A
:106A800025550020AA790208A77902089B7B0208F5
:106A90009A7B0208657C0208637C0208047C020879
:106AA000017C02086B7C0208697C02087F7B02087B
:106AB0007D7B0208707C02086F7C0208757C0208EE
:106AC000737C02089F7C02089C7C0208FF7C020801
:106AD000FC7C02080A7A0208087A02084A7D020849
:106AE000467D0208A87D0208A57D02082A6A0208E0
:106AF000F96C0208F0B51A49044689B04FF080409D
:106B00000860EEF7BFFC002501265520CDE9000600
:106B1000079507AF039504950296CDE90557114BEC
:106B2000042211492846F7F71DFD5620CDE900063D
:106B3000039504950296CDE905570C4B04220C49A8
:106B40003046F7F70FFD372060700A4820610420B7
:106B50002070094860610798E06009B0F0BD00004E
:106B6000DC550020187A0208147A0208337A0208E9
:106B70002F7A0208037D0208077D02082DE9F04FF5
:106B80006D4F05468BB04FF0814091460E46DFF8C1
:106B9000AC813860EEF776FC0024079408940994E1
:106BA0004FF0834138680EF0CFFC014640460EF0AE
:106BB000CBFC0EF015FE0921012700F0FF084FF471
:106BC000616308AAB9F1000F44D09B46CDE90341A7
:106BD000B6FBFBF00094CDE90572C0B2CDE90140EF
:106BE000914600231A4641463420F6F7CAF90DF1C2
:106BF000240ACDE9044A02215148CDE90214CDE925
:106C0000000401234F4A41463C20F4F794F9B6FBB7
:106C1000FBF10BFB11613C203B22B1FBF0F0CDE915
:106C20000342CDE90549C0B20094CDE901400023FB
:106C30001A4641464C20F6F7A4F9CDE9044A022150
:106C40004148CDE90214CDE9000401233F4A414601
:106C50005C2043E09A46CDE90341B6FBFAF000948C
:106C6000CDE90572C0B2CDE9014000231A46414684
:106C70003820F6F786F90DF1240BCDE9044B3048A6
:106C80004FF00209CDE90004CDE9029401232D4A19
:106C900041464020F4F74FF9B6FBFAF10AFB1161C7
:106CA0003C20B1FBF0F03B22CDE9034208A9CDE93D
:106CB0000541C0B20094CDE9014000231A46414687
:106CC0004820F6F75EF9CDE9044B1F48CDE90004F2
:106CD000CDE9029401231D4A41465820F4F72BF9CF
:106CE000089807AECDE90440069603940094CDE9D8
:106CF0000147174B052217490020F7F733FC03948F
:106D00000494CDE905460094CDE901470222124BD7
:106D100012491046F7F726FC0798E8600998A86022
:106D20000F2068700E482861042028700D486861A3
:106D30000BB0BDE8F08F0000DC55002000001042D1
:106D4000006B0208FF6A0208036B0208026B02086C
:106D5000F06A0208EB6A0208B86D02089A6A020833
:106D6000D96A0208DD6A0208F0B51949044689B0FB
:106D70004FF080400860EEF785FB002507AF0795D0
:106D800003950495CDE905570126CDE90056114B31
:106D90000222114928460296F7F7E4FB0395049571
:106DA000CDE90557CDE900560C4B02220C490120D4
:106DB0000296F7F7D7FB0C2060700A482061032089
:106DC0002070094860610798E06009B0F0BD0000DC
:106DD000DC550020C16D0208966A0208BD6D0208EC
:106DE000986A0208B96C0208BC6C0208F0B5224926
:106DF000044689B04FF082400860EEF743FB00255F
:106E000007950CF0A9FF0126CDE9036507AFCDE991
:106E10000557CDE900562B46029678B1082217494E
:106E20000020F7F79FFBCDE90365CDE90557CDE9D4
:106E3000005600230822124902960EE0072211494B
:106E40000020F7F78FFBCDE90365CDE90557CDE9C4
:106E5000005600230C49072202960120F7F782FB17
:106E60000520607009482061042020700848606196
:106E70000798E06009B0F0BDDC550020936F020870
:106E8000A96F02089B6F0208A26F0208326A02080B
:106E9000136D0208F0B51949044689B04FF08040DF
:106EA0000860EEF7EFFA002507AF07950395049504
:106EB000CDE905570126CDE90056114B02221149B3
:106EC00028460296F7F74EFB03950495CDE9055742
:106ED000CDE900560C4B02220C4901200296F7F72F
:106EE00041FB0F2060700A4820610420207009488F
:106EF00060610798E06009B0F0BD0000DC5500203B
:106F0000C16D0208966A0208BD6D0208986A0208FF
:106F1000CB6A0208CF6A02082DE9F34F9B49054668
:106F20008BB099480860EEF7ADFA002407940C98EE
:106F3000974F0894099408AE4FF0090809A94FF03B
:106F400001094FF0020B0C2802D00D2867D1B9E0DF
:106F5000CDE904418F48CDE90004CDE902B48A4669
:106F600002238D4A24210020F3F7E5FF0CF0AAFF4D
:106F7000002866D00CF0A6FF0A2862D0CDE9044AAA
:106F8000CDE900740023029403941A4638214C2062
:106F9000F3F7D1FF03A84746069680E89002002346
:106FA000009401941A4638213C200294F5F7E9FF39
:106FB00003A8069680E890020023009401941A46E4
:106FC000382144200294F5F7DCFF03A8069680E8F8
:106FD00090020023009401941A4638215420029410
:106FE000F5F7CFFF03A8069680E8900200230094EF
:106FF00001941A4638215C200294F5F7C2FF0899E3
:1070000007A803940494CDE90510CDE90049CDF813
:107010000890624B062262490020F7F7A3FA07980E
:10702000E8600998A860262068700C980D287CD02C
:1070300059482861574885F800B068610DB0BDE82F
:10704000F08FCDE90348009401940294CDE90596B0
:1070500000234F461A4638213C20F5F792FFCDE930
:107060000348009401940294CDE9057600231A4662
:1070700038214420F5F785FFCDE9034800940194B9
:107080000294CDE9057600231A4638214C20F5F705
:1070900078FFCDE90348009401940294CDE9057688
:1070A00000231A4638215420F5F76BFFCDE9034839
:1070B0000094019402940023CDE9057638211A4604
:1070C0005C209AE7CDE904413248CDE90004CDE9DE
:1070D00002B40223304A24210020F3F72CFFCDE92B
:1070E0000348B246009401940294CDE9059A002326
:1070F0004E461A4638213420F5F743FFCDE90348C0
:10710000009401940294CDE9056A00231A463821BF
:107110004420F5F736FFCDE90348002338210094D9
:1071200001941A464C20029400E027E0CDE9056A5C
:10713000F5F727FFCDE90348009401940294CDE9C7
:10714000056A00231A4638215420F5F71AFF09A8CA
:10715000CDE90440CDE900740023029403941A465B
:1071600038213C20F3F7E7FE089907A8CDE9044150
:107170000690CDE90046039402964AE70948286143
:1071800004202870084858E700003042DC550020F1
:1071900026000020F16D0208866A0208276B0208AB
:1071A000216B0208857E0208897E0208F0B520491D
:1071B000054689B04FF080400860EEF763F900247F
:1071C00001260420CDE90006079407AF0394049438
:1071D0000296CDE90547174B052217492046F7F7D8
:1071E000C1F90520CDE90006039404940296CDE987
:1071F0000547124B042212490120F7F7B3F9082082
:10720000CDE90006039404940296CDE905470D4BA1
:1072100004220D490220F7F7A5F90798E8606E707F
:107220000A482861022028700948686109B0F0BD49
:10723000DC550020EA6C0208216A0208F26C0208A0
:10724000266A0208F96C02082A6A02087A6A0208A9
:10725000376E020810B5114C01220528A07162702A
:10726000A1701AD2DFE800F00310101910000B48CB
:10727000983040684069E061017841F00101017097
:107280000748A062074807E00CF00AFC20780128B4
:1072900003D00548A0620548E06210BD20550020DB
:1072A0003D1C010841170108451A0108C10A0108DF
:1072B000F0B587B00546EEF7E5F8002406AECDE957
:1072C0000446069422480227CDE90004CDE9027461
:1072D0000523204A28212046F3F72DFECDE9044658
:1072E0001D48CDE90004CDE9027405231B4A402165
:1072F0000020F3F720FE05F059FF1949012700236C
:1073000051F82000CDE90446CDE90004CDE902742E
:107310001A4628216020F3F70EFE05F065FFCDE93F
:107320000446CDE90004CDE9027400231A46402149
:107330006020F3F700FE052068700A4828610420E9
:107340002870094868610698A86007B0F0BD000081
:10735000D96D0208076B0208E56D02080C6B020884
:107360000C5500204E6A0208666D02082DE9F041B6
:107370001A49044688B04FF080400860EEF782F862
:1073800000254FF002080795CDE9035807AFCDE976
:1073900005570126CDE90056114B424611492846B2
:1073A0000296F7F7DFF8CDE90358CDE90557CDE9A7
:1073B00000560D4B02220D4930460296F7F7D2F8DF
:1073C000372060700A4820610420207009486061FD
:1073D0000798E06008B0BDE8F0810000DC550020AF
:1073E000417D02083F7D02083A7D0208387D02088F
:1073F000177D02081B7D02082DE9F0413F49054633
:107400008AB03D480860EEF73DF8002407940894E0
:10741000022009AE0994CDE90204CDE904463848BA
:10742000CDE900040423374A24212046F3F783FDE5
:10743000CDE904463448CDE90004002302940394C6
:107440001A4638214C20F3F776FD4FF00908CDE9B4
:10745000034808AF012600940194002302941A46C1
:1074600038213420CDE90567F5F78BFDCDE90348D8
:107470000094CDE90567CDE9014600231A4638217D
:107480003C20F5F77EFDCDE90348009401940023EC
:1074900002941A4638214420CDE90567F5F771FDBD
:1074A000CDE9034800940194002302941A46382140
:1074B0005420CDE90567F5F764FD089907A8CDE9E3
:1074C00004410690CDE900460394104B0622104972
:1074D00000200296F7F746F80798E8600998A86038
:1074E000262068700B482861032028700A486861CC
:1074F0000AB0BDE8F081000000003042DC550020F9
:10750000376B0208336B020826000020276B020845
:10751000216B0208697B02086F7B02082DE9F041AC
:107520003F4905468AB03D480860EDF7ABFF0024AF
:1075300007940894022009AE0994CDE90204CDE92C
:1075400004463848CDE900040423374A2421204664
:10755000F3F7F1FCCDE904463448CDE900040023FB
:10756000029403941A4638214C20F3F7E4FC4FF0C0
:107570000908CDE9034808AF01260094CDE9056765
:10758000CDE9014600231A4638213420F5F7F9FCED
:10759000CDE9034800940194002302941A4638214F
:1075A0003C20CDE90567F5F7ECFCCDE903480094F4
:1075B0000194002302941A4638214420CDE905673E
:1075C000F5F7DFFCCDE90348009401940023029411
:1075D0001A4638215420CDE90567F5F7D2FC089901
:1075E00007A8CDE904410690CDE900460394104B6D
:1075F0000622104900200296F6F7B4FF0798E860CB
:107600000998A860262068700B482861032028701C
:107610000A4868610AB0BDE8F0810000000030420D
:10762000DC550020376B0208336B0208260000206F
:10763000276B0208216B02086C7B0208767B02082C
:107640002DE9F0478C4904468AB08A480860EDF776
:1076500019FF002507950895022009AE0995CDE987
:107660000205CDE904568548CDE900050423844A86
:1076700024212846F3F75FFCCDE904568148CDE983
:1076800000050023029503951A4638214420F3F79C
:1076900052FC0CF0B9FB042601274FF0030A4FF00F
:1076A00009090DF12008002858D004F005FF4079A1
:1076B0000395012804A82B4680E8A00100950195B8
:1076C0001A464FF038014FF0340002957ED0F5F79E
:1076D00058FC04A8009580E8C0010DF1040C0023BB
:1076E0008CE860041A4638213C20F5F74AFCCDE9C5
:1076F0000359009501950295CDE9057800231A46B6
:1077000038214A20F5F73DFC039704970095CDE911
:107710000578CDE9015700231A4638215420F5F7A2
:1077200030FC59482061594826706061089907A8C3
:10773000CDE904510690CDE900570395544B06223C
:10774000544900200297F6F70DFF0798E06009986A
:10775000A060262060700AB0BDE8F08704F0ACFE9F
:1077600040790395012804A84FF0000380E8A001A8
:10777000009501951A464FF038014FF034000295FC
:1077800030D0F5F7FEFB04A8009580E8C0010DF1AC
:10779000040C00238CE860041A4638213C20F5F7DD
:1077A000F0FBCDE90359009501950295CDE90578E7
:1077B00000231A4638214A20F5F7E3FBCDE90359A7
:1077C0000023009501951A46382100E032E0029529
:1077D000CDE905785420F5F7D4FB2F4820612670B9
:1077E0002E48A2E7F5F7CDFB04A80396009580E8A4
:1077F000C001CDE9015600231A4638213C20F5F797
:10780000C0FB04A8039580E8A00100230095019522
:107810001A4638214A200295F5F7B3FB04A80395D0
:1078200080E8A00100233821009501951A465420D4
:107830000295D0E7F5F7A5FB04A80396009580E82C
:10784000C001CDE9015600231A4638213C20F5F746
:1078500098FB04A8039580E8A001002300950195FA
:107860001A4638214A200295F5F78BFBCDE90359DA
:107870004CE7000000003042DC550020376B020866
:10788000336B020826000020437B0208507B02086D
:10789000276B0208216B02081F7B02082B7B020862
:1078A0002DE9F047984904468AB096480860EDF7FC
:1078B000E9FD002507950895022009AE0995CDE957
:1078C0000205CDE904569148CDE900050423904A0C
:1078D00024212846F3F72FFBCDE904568D48CDE946
:1078E00000050023029503951A4638214420F3F73A
:1078F00022FB0CF089FA01264FF0090908AF002895
:1079000056D004F0D9FD407901287DD0CDE9035649
:107910000095CDE90567CDE9015600231A463821C7
:107920003420F5F72EFBCDE9035600950195002391
:1079300002951A4638213C20CDE90567F5F721FB71
:10794000CDE9035900950195002302951A46382187
:107950004A20CDE90567F5F714FBCDE903590095F9
:10796000CDE90567CDE9015600231A463821542098
:10797000F5F707FB684820610520207067486061C3
:10798000089907A8CDE904510690CDE90056039562
:10799000634B0622634900200296F6F7E3FD079841
:1079A000E0600998A060262060700AB0BDE8F0870A
:1079B00004F082FD40794FF0080A012840D004A865
:1079C000B846039580E860010023009501951A46AA
:1079D000382134200295F5F7D4FA4F460095CDE9C9
:1079E00004760DF1040CD146CDF818808CE8A00285
:1079F00000231A4638213C20F5F7C3FACDE9035796
:107A00000095CDE9056800E051E0CDE9015600237D
:107A10001A4638214A20F5F7B4FACDE90357009504
:107A2000CDE90159CDE9056800231A4638215420D3
:107A3000F5F7A7FA3C482061042020703B489EE7F8
:107A400004A8039580E8E0000023009501951A46FC
:107A5000382134200295F5F794FA04A94846CDF868
:107A60000C90009581E8C100CDE9015900231A4628
:107A700038213C20F5F785FA039604960095CDE968
:107A80000567CDE9015600231A4638214A20F5F74B
:107A900078FA04A95046CDF80CA0009581E8C10001
:107AA0000023CDE9015A38211A465420C0E7039635
:107AB00004960095CDE90567CDE9015600231A46E5
:107AC00038213420F5F75DFA04A8039580E8E0003A
:107AD0000023009501951A4638213C200295F5F7C0
:107AE00050FA04A8039580E8E00000230095019572
:107AF0001A4638214A200295F5F743FA0396049670
:107B00002DE7000000003042DC550020376B0208F2
:107B1000336B0208260000204B7B0208607B0208C2
:107B2000276B0208216B0208277B02083B7B0208B7
:107B30002DE9F04F9D4904468BB09B480860EDF756
:107B4000A1FC002507950895022009AE0995CDE90D
:107B50000205CDE904569648CDE900050423954A6F
:107B600024212846F3F7E7F9CDE904569248CDE9F8
:107B700000050023029503951A4638214420F3F7A7
:107B8000DAF90CF041F901264FF006094FF0070829
:107B90004FF0090A08AF00285BD004F08DFC407953
:107BA0000395012804A82B4680E8E0000095019584
:107BB0001A464FF038014FF0340002957ED0F5F7A9
:107BC000E0F904A94046CDF80C90009581E8C10089
:107BD000CDE9015800231A4638213C20F5F7D1F9A8
:107BE000CDE9035A0095019500230295D0461A4627
:107BF00038214A20CDE90567F5F7C3F9CDE90358E7
:107C000000950195002302951A4638215420CDE9AC
:107C10000567F5F7B6F969482061042020706848C7
:107C20006061089907A8CDE904510690CDE9005696
:107C30000395644B0622644900200296F6F792FCF5
:107C40000798E0600998A060262060700BB0BDE83E
:107C5000F08F04F031FC40794FF0080B01283FD041
:107C600004A8039580E8E0000023009501951A46DA
:107C7000382134200295F5F784F9404604A9CDF85F
:107C80000C9081E8C1000095CDE901590023C84658
:107C90001A4638213C20F5F774F9CDE9035A0095CE
:107CA000CDE9015B0023D1461A4638214A20CDE9AF
:107CB0000567F5F766F9CDE9035900E04AE000955C
:107CC000CDE9015800231A4638215420CDE9056733
:107CD000F5F757F93D482061042020703C489FE7A4
:107CE00004A8B846039580E860010023009501953B
:107CF0001A46382134200295F5F743F90095CDE96D
:107D00000496CDF80C90CDF81880CDE901590023E8
:107D10004F461A4638213C20F5F733F904A9584656
:107D2000CDF80CB0009581E84101CDE9015B00235D
:107D30001A4638214A20F5F724F90095CDE9047652
:107D4000CDF8188003970023CDE9015738211A4652
:107D50005420BDE7F5F715F904A94046CDF80C808D
:107D6000009581E8C100CDE9015800231A46382169
:107D70003C20F5F706F904A8039580E8E00000230D
:107D8000009501951A4638214A200295F5F7F9F831
:107D900004A8039580E8E0000023382100950195B0
:107DA0001A465420029534E700003042DC5500208A
:107DB000376B0208336B020826000020477B02085D
:107DC000587B0208276B0208216B0208237B0208FC
:107DD000337B02082DE9F047674905468AB06548BC
:107DE0000860EDF74FFB00240DF1240A0994CDE95A
:107DF000044A0794089402216048CDE90214CDE9B1
:107E0000000404235E4A24212046F3F794F804F08A
:107E100053FB4179DFF86C91012608AF4FF0090858
:107E20001D2905D004F048FB40794E2830D07CE075
:107E3000CDE9034800940194002302941A463821A6
:107E40003420CDE90567F5F79CF8CDE903480094A7
:107E50000194002302941A4638213C20CDE905679D
:107E6000F5F78FF8CDE903480094019400230294BC
:107E70001A4638214C20CDE90567F5F782F8CDE99F
:107E8000044A00233821029403941A46442048E00F
:107E9000CDE9034800940194002302941A46382146
:107EA0003420CDE90567F5F76CF8CDE90348009477
:107EB0000194002302941A4638213C20CDE905673D
:107EC000F5F75FF8CDE9034800940194002302948C
:107ED0001A4638214420CDE90567F5F752F8CDE977
:107EE000034800940194002302941A463821542038
:107EF000CDE90567F5F745F8CDE90348009401940D
:107F0000002302941A4638215C20CDE90567F5F775
:107F100038F8CDE9044A00233821029403941A4624
:107F20004C20CDE90094F3F706F8089907A8CDE9AD
:107F300004410690CDE900460394134B06221349F1
:107F400000200296F6F70EFB0798E8600998A860F3
:107F50002620687004F0B0FA40791D2801D04E2820
:107F600005D10B482861042028700A4868610AB0CE
:107F7000BDE8F08700003042DC550020376B020876
:107F8000336B020826000020276B0208216B0208D1
:107F9000697E02086D7E02082DE9F04F8846AD49E2
:107FA00004468BB0AA480860EDF76CFA0025AA4F8A
:107FB00002200126079508950DF120094FF0090AC6
:107FC0004FF0260B09A90995B8F1000F0ED0B8F1B2
:107FD0000C0F7DD0C4E9025584F801B09F4921619E
:107FE00020709F4860610BB0BDE8F08F0220CDE9A2
:107FF0000205CDE904519B48CDE9000588460423DC
:10800000994A24210020F2F796FF9348CDE90458BD
:108010003030CDE900050023029503951A4638213A
:108020006420F2F788FFCDE90458CDE900750023FC
:10803000029503951A4638214C20F2F77CFFCDE9D2
:10804000035A0095CDE90569CDE9015600234F4655
:10805000D0461A4638213420F4F793FFCDE903586F
:1080600000950195002302951A4638213C20CDE960
:108070000567F4F786FFCDE90358009501950023C5
:1080800002951A4638214420CDE90567F4F779FFB7
:10809000CDE9035800950195002302951A46382131
:1080A0005420CDE90567F4F76CFF089907A8CDE9DE
:1080B00004510690CDE9005603956C4B06226C499D
:1080C00000200296F6F74EFA0798E060099800E063
:1080D00008E0A06084F801B06648206102202070AA
:1080E00065487FE7CDE90205CDE904516348CDE954
:1080F000000588460423624A24210020F2F71BFF72
:108100000BF0E0FE002860D00BF0DCFE0A285CD00B
:10811000CDE90458CDE900750023029503951A4670
:1081200038214C20F2F707FFCDE9035A009501955D
:108130000295CDE905690023C84657461A463821FD
:108140003C20F4F71EFFCDE90357009501950295F9
:10815000CDE9056800231A4638214420F4F711FFC1
:10816000CDE90357009501950295CDE905680023F7
:108170001A4638215420F4F704FFCDE9035700953F
:1081800001950295CDE9056800231A4638215C2047
:10819000F4F7F7FE089907A8CDE904510690CDE958
:1081A00000560395314B0622314900200296F6F71E
:1081B000D9F90798E0600998A06084F801B03048C8
:1081C0002061042020702D480CE7CDE9035A00956A
:1081D00001950295CDE9056900234F46D0461A4620
:1081E00038213C20F4F7CDFECDE9035800950195E8
:1081F000002302951A4638214420CDE90567F4F79B
:10820000C0FECDE9035800950195002302951A465A
:1082100038214C20CDE90567F4F7B3FECDE90358CA
:1082200000950195002302951A4638215420CDE986
:108230000567F4F7A6FECDE90358002300950195E4
:10824000382102951A465C20CDE90567A0E70000B9
:1082500000003042DC55002026000020886A020819
:10826000FC6D0208376B0208336B0208276B0208AB
:10827000216B0208C77E0208C97E0208936B0208C0
:108280008F6B02082DE9F04F89B00546002704F0F6
:10829000A5FFCD494FF080400860EDF7F3F80024CA
:1082A000079408F015FC01264FF002094FF0030B6C
:1082B0000DF11C080E2878D2DFE800F007777777F9
:1082C000237777777745775384BD1220CDE9000671
:1082D000039404940296CDE905484746BB4B04221B
:1082E000BB492046F6F73EF91120CDE9000603947C
:1082F00004940296CDE905470227B64B0422B649FD
:108300001FE004F0D9F8407934284ED11720CDE988
:108310000006039404940296CDE905484746AF4B06
:108320000822AF492046F6F71DF91820CDE90006CE
:10833000039404940296CDE905470227A94BAA4964
:108340000622304604E103940494CDE90548312126
:10835000CDE9001601272046A44B0422A449029629
:10836000F6E004F0A9F840794A2802D05F28CCD181
:108370001CE03420CDE90006039404940296CDE974
:10838000054847469B4B06229B492046F6F7EAF8EC
:108390003520CDE90006039404940296CDE9054703
:1083A0000227964B08229649CBE7C4E03221CDE95B
:1083B00000160127204603940494924B052292490B
:1083C0000296C3E02820CDE90006039404940296A7
:1083D000CDE9054847468D4B06228D492046F6F7E4
:1083E000C1F82920CDE90006039404940296CDE952
:1083F0000547884B062288493046F6F7B3F85F20D8
:10840000CDE90006039404940296CDE90547834B19
:10841000042283494846F6F7A5F85E20CDE9000618
:10842000039404940296CDE9054704277D4B3A4610
:108430007D4958468CE004F03FF840794FF02E0A11
:108440001D2802D04E2876D176E02C20CDE90006FA
:10845000039404940296CDE90548744B08227449AC
:108460002046F6F77FF82A20CDE90006039404940D
:108470000296CDE905484F466E4B06226E493046BE
:10848000F6F770F8CDE903472D20CDE900060296F6
:10849000CDE90548694B062269493846F6F762F886
:1084A0002B20CDE90006039404940296CDE90548FB
:1084B0000427644B062264495846F6F753F8CDE981
:1084C00000A6039404940296CDE905484FF00509EF
:1084D0005E4B06225E493846F6F744F85820CDE94F
:1084E0000006039404940296CDE905480627594BEB
:1084F000052259494846F6F735F85920CDE90006D6
:10850000039404940296CDE905484FF00709534BB4
:10851000052253493846F6F725F85A20CDE90006DA
:10852000039404940296CDE9054808274D4B052293
:108530004D4948460CE00DE0CDE900A60127434B2C
:10854000434920460394049406220296CDE9050887
:10855000F6F708F82120CDE900060394049402966A
:10856000CDE9054838467F1C404B04224049F5F7C9
:10857000F9FF2F20CDE90006039404940296CDE97B
:10858000054838467F1C3B4B04223B49F5F7EAFF80
:108590002220CDE90006039404940296CDE9054813
:1085A000364B042236493846F5F7DCFF0798E86079
:1085B0000A206870334828610420287032486861B6
:1085C00009B0BDE8F08F0000DC550020516D0208B5
:1085D000466A0208446D0208426A02080F7C0208DB
:1085E000077C0208227C02081C7C0208B47C02087A
:1085F000B07C0208B17A0208AB7A0208C67A020897
:10860000BE7A0208637A02085E7A0208557D020883
:108610004F7D0208687D0208627D0208787D0208AD
:10862000747D0208857D0208817D0208B47D020800
:10863000AC7D0208CC7D0208C67D0208E57D0208FB
:10864000DF7D0208FB7D0208F57D02080F7E02082F
:10865000097E0208977E0208927E0208A87E020820
:10866000A37E0208B97E0208B47E02083E6D0208AD
:108670003E6A020803790208FF780208CC6C0208FF
:10868000C86C0208636A0208A36D020830B511497C
:10869000044689B04FF083400860ECF7F3FE0020F9
:1086A00007A90790039004900125CDE90501CDE9C4
:1086B0000005094B2A4609490295F5F753FF6570F5
:1086C0000748206106202070064860610798E06036
:1086D00009B030BDDC550020F86E0208F76E0208C4
:1086E000116B0208176B02082DE9F041204904467E
:1086F00088B04FF082400860ECF7C4FE00254FF0D0
:1087000002080795CDE9035807AFCDE905570126C3
:10871000CDE90056174B4246174928460296F5F711
:1087200021FFCDE90358CDE90557CDE900560122D7
:10873000124B134910460296F5F714FFCDE9055781
:10874000CDE90368CDE900560E4B01220E49022007
:108750000296F5F707FF272060700C48206106207D
:1087600020700B4860610798E06008B0BDE8F081B8
:10877000DC550020447C0208427C0208497C020847
:10878000487C02084C7C02084B7C02082F7C0208C3
:10879000357C02082DE9F04F8BB0064604F01EFD33
:1087A000DFF8C08105464FF08140DFF8BCB14FF0E3
:1087B000240AC8F80000ECF765FE0024079408942A
:1087C000099408F063F901462846EDF7D7F80DF152
:1087D0002409CDE90449054656300127CDE90004B6
:1087E000CDE9027400231A4651462020F2F7A3FB7C
:1087F0004FF08341D8F800000CF0A6FE0146584621
:108800000CF0A2FE0CF0ECFF00F0FF0BCDE90449E8
:1088100005F11E00CDE90004CDE9027400231A46DB
:1088200059466020F2F787FB4FF08341D8F80000EB
:108830000CF08AFE824658460DF00AF851460CF0BC
:1088400083FE0CF0CDFF00F0FF0ACDE9044905F1ED
:108850001900CDE90004CDE9027400231A465146FF
:108860006020F2F768FB4FF08341D8F800000CF06D
:108870006BFE804650460CF0EBFF41460CF064FE68
:108880000CF0AEFF697900F0FF094FF00A084FF0D5
:10889000090BB1FBF8F0CDE9034B0DF1200A009470
:1088A000CDE9057ACDE9014000231A46494660200A
:1088B000F4F767FB6979CDE9034BB1FBF8F208FBEC
:1088C00012100094CDE90140CDE9057A00231A4643
:1088D00049466820F4F755FBCDE9034707ADCDE9DC
:1088E0000545002200940194204B11461046029445
:1088F000F5F738FE03940494CDE9054500940194FE
:108900001B4B05221B4901200294F5F72BFE039413
:108910000494CDE9054500940194174B05221749AD
:1089200002200294F5F71EFE0898CDE90347009453
:1089300001940294CDE905050022114B1146032054
:10894000F5F710FE0798F0600998B06086F801808E
:108950000C483061052030700B4870610BB0BDE8E9
:10896000F08F0000DC55002000001042D56D020899
:10897000D96D0208076B0208E56D02080C6B02084E
:10898000E66C0208676A0208AC6D02082DE9F04344
:1089900089B0044608F074F82C494FF08040002557
:1089A0000860ECF76FFD0026079603F079FD0DF1E6
:1089B0001C0801274FF00A0980B103F071FDCDE9D1
:1089C0000367CDE900970297CDE9056800F123031D
:1089D0000022304601251146F5F7C4FD03F066FD7F
:1089E00078B103F063FDCDE90367CDE90097029705
:1089F000CDE9056800F12303002228461146F5F76A
:108A0000B1FD03F04DFD022598B903F04FFD80B98B
:108A100006A8CDE9046006960D48CDE90006CDE92B
:108A2000025604230B4A50213220F2F784FA0698AA
:108A3000A0600798E06065700748206105202070FD
:108A40000648606109B0BDE8F0830000DC550020F5
:108A50004479020840790208216A0208EA6C020897
:108A600010B5084904464FF080400860ECF70AFD55
:108A70000420607004482061062020700348606173
:108A800010BD0000DC5500204E6E0208546E020836
:108A90002DE9F04F89B0064604F0A0FBDFF8C09343
:108AA00005464FF081412420C9F80010DFF8B4B327
:108AB0000690ECF7E7FC00240794089407F0E6FF23
:108AC00001462846ECF75AFF05464079DFF898A39F
:108AD00008AF4FF001081D2802D04E287ED0AFE12C
:108AE00055F8780F0CF004FDCDE90001DC48DFA259
:108AF00007210930E7F700FD68680CF0F9FCCDE9C3
:108B00000001D748D9A207211030E7F7F5FCA86883
:108B10000CF0EEFCCDE90001D148D4A207211730BA
:108B2000E7F7EAFCE8680CF0E3FCCDE90001CC488B
:108B3000CEA207211E30E7F7DFFC6869783D0CF014
:108B4000D7FCCDE90001C648C8A207212530E7F7C8
:108B5000D3FCCDE90447C748CDE90004CDE9028440
:108B600000231A4638200699F2F7E5F9BC48CDE90A
:108B700004472530CDE90004CDE9028400231A46DC
:108B800066200699F2F7D7F94FF08341D9F8000033
:108B90000CF0DAFC014658460CF0D6FC0CF020FE36
:108BA00000F0FF0BCDE90447AF48CDE90004CDE963
:108BB000028400231A4659463820F2F7BCF9A84827
:108BC000CDE904470930CDE90004CDE90284002352
:108BD0001A4659466620F2F7AEF900E0D3E04FF0AE
:108BE0008341D9F800000CF0AFFC824658460CF0E7
:108BF0002FFE51460CF0A8FC0CF0F2FD00F0FF0B2C
:108C00009748CDE904471730CDE90004CDE9028447
:108C100000231A4659466620F2F78DF94FF083413A
:108C2000D9F800000CF090FC824658460CF010FE7B
:108C300051460CF089FC0CF0D3FD00F0FF0B884886
:108C4000CDE904471E30CDE90004CDE902840023BC
:108C50001A4659466620F2F76EF94FF08341D9F86B
:108C600000000CF071FC824658460CF0F1FD5146B4
:108C70000CF06AFC0CF0B4FD00F0FF0ACDE90447EB
:108C80007948CDE90004CDE9028400231A46514613
:108C90003820F2F750F97248CDE904471030CDE999
:108CA0000004CDE9028400231A4651466620F2F7FB
:108CB00042F94FF08341D9F800000CF045FC8146A1
:108CC00050460CF0C5FD49460CF03EFC0CF088FD0A
:108CD000CDE904473F35CDE90284CDE90054C1B266
:108CE00000231A466620F2F726F907AD0394049490
:108CF000CDE90545009401945F4B03225F490020B4
:108D00000294F5F72FFC03940494CDE905450094F3
:108D10000194594B0322594901200294F5F722FC92
:108D200003940494CDE9054500940194544B042226
:108D3000544902200294F5F715FC03940494CDE9FC
:108D4000054500940194504B04225049032002949D
:108D5000F5F708FC03940494CDE9054500940194CB
:108D60004B4B02224B4904200294F5F7FBFB039482
:108D70000494CDE90545052200940194464B4749EA
:108D8000104602945AE0CDE904473A48CDE9000480
:108D9000CDE9028400231A4638200699F2F7CBF871
:108DA000CDE9044705F14F00CDE90004CDE9028487
:108DB00000231A4666200699F2F7BDF84FF083416A
:108DC000D9F800000CF0C0FB014658460CF0BCFB83
:108DD0000CF006FDCDE9044700F0FF09CDE902845F
:108DE000CDE900A400231A4649463820F2F7A3F83B
:108DF000CDE904474735CDE90284CDE9005400238D
:108E00001A4649466620F2F796F807AD0394049493
:108E1000CDE9054500940194174B03221749002022
:108E20000294F5F79FFB03940494CDE90545009463
:108E30000194114B0322114901200294F5F792FB92
:108E40000798F0600898B06027207070144830616F
:108E5000062030701348706109B0BDE8F08F000043
:108E6000DC55002000001042667E020825362E31B7
:108E700066000000637E0208A87D0208A57D020846
:108E8000497E0208457E0208527E02084E7E020894
:108E9000507902084E7902085D7E0208587E020869
:108EA000097E02080F7E02082DE9F04F89B00546C1
:108EB00004F094F94B494FF080400860ECF7E2FA77
:108EC0000024079407F004FE4FF0260B4FF027090B
:108ED0004FF0020A07AF4FF00108052804D007F051
:108EE000F7FD0B281AD024E0CDE900B803940494D0
:108EF000CDF80880CDE905473B4B05223B4920468C
:108F0000F5F730FBCDE90098022603940494384B22
:108F1000042238494046CDF808803FE003F0CCFAFF
:108F200040794A2805D103F0C7FAB0F8C4000228F6
:108F30000DD0CDE900B803940494CDF80880CDE9B4
:108F400005474646284B0522284920460CE0039455
:108F50000494CDE90547CDE900484646224B052259
:108F600022492046CDF80880F5F7FCFACDE90096B5
:108F7000039404940296CDE905471D4B04221D4934
:108F80003046F5F7EFFA2520CDE9000602960326D4
:108F9000194B1A490394049405225046CDE905471C
:108FA000F5F7E0FA07F094FD01280ED13021CDE964
:108FB000001803940494CDF80880CDE905473046A5
:108FC0000F4B05220F49F5F7CDFA0798E86004200A
:108FD00068702C612C7004F001F9686109B0BDE87B
:108FE000F08F0000DC550020976D02085E6A0208D1
:108FF000A36D0208636A0208AC6D0208676A020882
:10900000A37B02089E7B0208F0B51949044689B08B
:109010004FF081400860ECF735FA002507AF07955F
:1090200003950495CDE905570126CDE90056114B6E
:109030000222114928460296F5F794FA0395049501
:10904000CDE90557CDE900560C4B02220C49012011
:109050000296F5F787FA272060700A4820610620FB
:109060002070094860610798E06009B0F0BD000019
:10907000DC550020066E02088A6A0208106E02089B
:109080008C6A0208627D0208687D02082DE9F041C1
:109090002749054688B04FF081400860ECF7F2F9A7
:1090A00000244FF002080794CDE9034807AFCDE94B
:1090B00005470126CDE900461E4B42461E49204683
:1090C0000296F5F74FFACDE90348CDE90547CDE91A
:1090D00000461A4B02221A4901200296F5F742FA7D
:1090E000CDE90348CDE90547CDE900460222154BFD
:1090F000154910460296F5F735FACDE90348CDE952
:109100000547CDE90046114B012211490320029683
:10911000F5F728FA272068700E4828610620287085
:109120000D4868610798E86008B0BDE8F08100006C
:10913000DC550020967D02088F7D02089B7D020889
:10914000917D02089F7D0208937D0208A37D02089D
:10915000957D02084F7D0208557D02082DE9F04FEC
:109160008BB006460AF0B4FC0CF0C2F904460D467A
:10917000F7F770FA22462B460BF07CFC00228E4B50
:109180000BF08CFF00228D4B0BF074FC0BF0C2FE39
:10919000DFF82C8205464FF08140DFF828B24FF00F
:1091A0002409C8F80000ECF76DF90024089409942C
:1091B000079409A80A9403940494CDE90540012773
:1091C000CDE9004723462246494660200294F3F742
:1091D000D8FE09990DF11C0ACDE90441CDF818A07B
:1091E000039400940194784B04227849002002945F
:1091F000F5F7B8F94FF08341D8F800000CF0A4F966
:10920000014658460CF0A0F90CF0EAFA00F0FF090C
:1092100003F032FB0AA9CDE90441CDE90004CDE910
:10922000027400231A4649465020F1F784FE039445
:109230000494CDE9054A00940194654B04226549E4
:1092400001200294F5F78EF94FF08341D8F8000021
:109250000CF07AF9804648460CF0FAFA41460CF0D8
:1092600073F90CF0BDFA00F0FF0B42F210704FF0F2
:10927000090995FBF0F0CDE903490DF120080094B0
:10928000CDE90578C0B2CDE9014000231A46594620
:109290005020F3F776FE42F2107095FBF0F100FBE0
:1092A00011514FF47A7091FBF0F0CDE90349C0B24F
:1092B0000094CDE90140CDE9057800231A465946CE
:1092C0005820F3F75EFE4FF47A7095FBF0F100FB47
:1092D0001151642091FBF0F0CDE90349C0B2009434
:1092E000CDE90140CDE9057800231A4659466020B2
:1092F000F3F747FE642095FBF0F100FB11510A20C3
:1093000091FBF0F0CDE90349C0B20094CDE90140F2
:10931000CDE9057800231A4659467020F3F731FE4F
:109320000A2095FBF0F100FB1150CDE90349C0B2D2
:109330000094CDE90140CDE9057800231A4659464D
:109340007820F3F71EFE0AA8CDE904402248CDE9B3
:1093500000040023029403941A4659466820F1F74A
:10936000EAFD0899CDF818A0CDE9044103940094D2
:10937000CDE90147194B042219490220F5F7F2F80B
:1093800003940494CDE9054A0094CDE90147154BB7
:10939000022215490320F5F7E5F80798F0600A98CE
:1093A000B060272070701148306104203070104880
:1093B00070610BB0BDE8F08F000059400000E03F45
:1093C000DC55002000001042486E0208826A020844
:1093D0001C6E02088E6A020826000020256E020814
:1093E000926A0208B86D02089A6A0208426A020884
:1093F000446D02082DE9F04F8BB005460AF07AFD66
:10940000044685490CF06CFA0CF072F80022834B8C
:109410000BF030FB0BF07EFD064620460AF00EFBFB
:10942000DFF8FC814FF08140DFF8F8B14FF02409FC
:10943000C8F80000ECF726F8002408940994079473
:1094400009A80A9403940494CDE905400127CDE9C5
:10945000004723462246494650200294F3F791FDE7
:1094600009990DF11C0ACDE90441CDF818A0039427
:10947000009401946C4B04226C4900200294F5F78F
:1094800071F84FF08341D8F800000CF05DF8014608
:1094900058460CF059F80CF0A3F900F0FF0903F05E
:1094A000FDF90AA9CDE90441CDE90004CDE9027432
:1094B00000231A4649465020F1F73DFD03940494D9
:1094C000CDE9054A00940194594B042259490120E1
:1094D0000294F5F747F84FF08341D8F800000CF0FC
:1094E00033F8804648460CF0B3F941460CF02CF8AE
:1094F0000CF076F900F0FF0B0AA8CDE904404E48C5
:10950000CDE900040023029403941A4659466820CA
:10951000F1F711FD4FF47A704FF0090996FBF0F066
:10952000CDE903490DF120080094CDE90578C0B2DA
:10953000CDE9014000231A4659465020F3F721FD9A
:109540004FF47A7096FBF0F100FB1161642091FBFF
:10955000F0F0CDE90349C0B20094CDE90140CDE976
:10956000057800231A4659465820F3F70AFD64206F
:1095700096FBF0F100FB11610A2091FBF0F0CDE9C0
:109580000349C0B20094CDE90140CDE9057800233C
:109590001A4659466020F3F7F4FC0A2096FBF0F1D6
:1095A00000FB1160CDE90349C0B20094CDE9014050
:1095B000CDE9057800231A4659467020F3F7E1FCFF
:1095C0000899CDF818A0CDE9044103940094CDE9A1
:1095D00001471A4B04221A490220F4F7C3FF0394EF
:1095E0000494CDE9054A0094CDE90147154B0222C8
:1095F00015490320F4F7B6FF272068701348286147
:1096000004202870124868610798E8600A98A860EA
:109610000BB0BDE8F08F0000000020410000E03FEB
:10962000DC55002000001042486E0208826A0208E1
:109630001C6E02088E6A020826000020256E0208B1
:10964000926A0208B86D02089A6A0208466A02081D
:10965000516D02082DE9F04788463449044688B028
:109660004FF081400860EBF70DFF0025012607AFA2
:109670004FF002094FF0060A0795B8F12A0F27D0DC
:10968000CDE90359CDE90557CDE90056C846284B29
:109690000222284900200296F4F764FFCDE903581E
:1096A000CDE90557CDE90056234B0222234901207D
:1096B0000296F4F757FF22482061224884F800A060
:1096C0006061272060700798E06008B0BDE8F0870F
:1096D00003950495CDE90557CDE900561A4B0222B2
:1096E0001A4900200296F4F73DFFCDE90359CDE970
:1096F0000557CDE90056C846154B032215490120F0
:109700000296F4F72FFFCDE90358CDE90557CDE9CF
:109710000056114B0322114902200296F4F722FF52
:109720000F48206184F800A00E48C9E7DC550020EE
:109730003B7E0208397E0208417E02083F7E020815
:10974000F57D0208FB7D0208217E02081F7E0208CB
:10975000297E0208267E0208327E02082F7E020839
:10976000C67D0208557D02082DE9F04FDFF8ECA117
:1097700005468BB04FF08140DFF8E4B14FF024098B
:10978000CAF80000EBF77EFE0024079408940994C1
:109790000A94F5F7BFF86321CDE9034108AFCDE99D
:1097A00005470094CDE9014000231A464946382078
:1097B000F3F7E7FBF5F790F8012604AA0C210396CE
:1097C00082E892000094CDE9014000231A46494600
:1097D0005020F3F7D6FBF5F76DF804AA1F21039686
:1097E00082E892000094CDE9014000231A464946E0
:1097F0006820F3F7C6FB0AAFCDE90447DFF86481C0
:10980000CDE900840023029403941A46494660205F
:10981000F1F791FBCDE90447CDE9008400230294E0
:1098200003941A4649464820F1F785FB08990DF143
:109830001C09CDE90441CDF8189003940094CDE9BA
:109840000146494B032249490020F4F78BFE4FF0B3
:109850008341DAF800000BF077FE014658460BF022
:1098600073FE0BF0BDFF00F0FF0AF5F729F8172291
:10987000CDE903420DF12408CDE905480094CDE976
:10988000014000231A4651463820F3F77AFBF5F7DA
:109890001DF84FF03B0BCDE9034BCDE90548009493
:1098A000CDE9014000231A4651465020F3F769FBE9
:1098B000F5F718F8CDE9034BCDE905480094CDE95B
:1098C000014000231A4651466820F3F75AFBDFF89F
:1098D0009480CDE90447A8F11008CDE90084002365
:1098E000029403941A4651464820F1F724FBCDE92F
:1098F0000447CDE900840023029403941A4651469C
:109900006020F1F718FB0999CDF81890CDE90441D2
:1099100003940094CDE90146154B0322154901201B
:10992000F4F720FE03940494CDE905490094CDE9B1
:1099300001460222104B11491046F4F713FE079816
:10994000E8600A98A860052068700D482861042026
:1099500028700C4868610BB0BDE8F08FDC55002022
:1099600000001042460000203C6E02087C6A02089B
:10997000426E02087F6A0208B86D02089A6A0208FD
:109980002E6A0208096D02082DE9F04EDFF8649195
:1099900005468AB04FF08140DFF85CB12427C9F852
:1099A0000000EBF76FFD002407940894099402F07F
:1099B00083FD02F081FD09A9CDE90441C8300126EB
:1099C000CDE90004CDE9026400231A46394650204F
:1099D000F1F7B1FA0DF11C0A03940494CDE9054A9C
:1099E00000940194454B0422454900200294F4F769
:1099F000B9FD4FF08341D9F800000BF0A5FD0146F9
:109A000058460BF0A1FD0BF0EBFE00F0FF0B42F20D
:109A1000107098FBF0F100FB11814FF47A7091FB0C
:109A2000F0F04FF00909CDE90349C0B20094CDE947
:109A3000014008AF00231A4659465020CDE905677A
:109A4000F3F79FFA4FF47A7098FBF0F100FB118165
:109A5000642091FBF0F0CDE90349C0B20094CDE958
:109A6000014000231A4659465820CDE90567F3F70F
:109A700088FA642098FBF0F100FB11800A2190FB2A
:109A8000F1F0CDE90349C0B20094CDE901400023D3
:109A90001A4659466020CDE90567F3F772FA08992E
:109AA000CDF818A0CDE9044103940094CDE9014616
:109AB000144B042214490120F4F754FD0394049438
:109AC000CDE9054A0094CDE9014602220F4B104929
:109AD0001046F4F747FD0798E8600998A86027202A
:109AE00068700C482861082028700B4868610AB02B
:109AF000BDE8F08EDC550020000010421C6E02080C
:109B00008E6A0208A06A02089C6A0208B86D020800
:109B10009A6A0208BE7A0208C67A0208F0B51949A4
:109B2000044689B04FF080400860EBF7ABFC00259D
:109B300007AF079503950495CDE905570126CDE9B3
:109B40000056114B0622114928460296F4F70AFDE9
:109B500003950495CDE90557CDE900560C4B062237
:109B60000C4901200296F4F7FDFC272060700A489A
:109B7000206106202070094860610798E06009B004
:109B8000F0BD0000DC550020F67A0208F07A0208E9
:109B9000E07A0208DA7A0208AB7A0208B17A02089F
:109BA000F0B51949044689B04FF080400860EBF7E2
:109BB00069FC002501263D20CDE90006079507AF89
:109BC000039504950296CDE90557104B02221049E2
:109BD0002846F4F7C7FC03950495CDE90557CDE970
:109BE00000560C4B02220C4901200296F4F7BAFCF5
:109BF00027206070094820610420207008486061B7
:109C00000798E06009B0F0BDDC550020C16D020886
:109C1000966A0208BD6D0208986A0208FF78020879
:109C2000037902082DE9F04F0F46374905468BB0FE
:109C30004FF082404FF028080860EBF723FC002427
:109C4000079408944FF0040B09944FF00A0ACDE9E9
:109C5000034BB7FBFAF00DF1200901260094CDE982
:109C60000569CDE901402346224641465820F3F7D5
:109C700088F9B7FBFAF10922CDE903420AFB11701A
:109C80000094CDE90140CDE9056900231A4641461B
:109C90006020F3F776F909A8CDE904401B48CDE927
:109CA0000004CDE9026400231A4641467020F1F712
:109CB00042F9089807AFCDE9044006970394009451
:109CC000CDE90146124B032212490020F4F74AFC69
:109CD00003940494CDE905470094CDE901460E4B69
:109CE00002220E490120F4F73DFC0998A8602F20BC
:109CF00068700B48286185F800B00A4868610798C9
:109D0000E8600BB0BDE8F08FDC5500202479020834
:109D10001979020816790208B86D02089A6A0208D1
:109D2000FF78020803790208F0B589B04F49074669
:109D300000244FF0824007940860EBF7A3FB06F085
:109D4000A5FE0068012507AE00287DD006F0C0FE04
:109D500001462F200C296ED2DFE801F0060F186DA6
:109D6000212A333C454E5760CDE900050394049405
:109D70003F4B03223F49029558E0CDE9000503948B
:109D800004943D4B01223D4902954FE0CDE9000589
:109D9000039404943A4B02223A49029546E0CDE9F5
:109DA000000503940494384B0322384902953DE0A2
:109DB000CDE9000503940494354B02223549029500
:109DC00034E0CDE9000503940494334B0222334977
:109DD00002952BE0CDE9000503940494304B012259
:109DE0003049029522E0CDE90005039404942E4BFE
:109DF00002222E49029519E0CDE90005039404944E
:109E00002B4B03222B49029510E0CDE9000503946A
:109E10000494294B03222949029507E0CDE9000566
:109E2000254B27490394049402220295CDE9054667
:109E30002046F4F797FB052078702248386104200B
:109E400038702148786100E003E00798F86009B0B5
:109E5000F0BD03940494CDE905462046CDE90045C4
:109E60001A4B04221A490294E3E70000DC55002053
:109E7000AA790208A77902089B7B02089A7B02084C
:109E8000657C0208637C0208047C0208017C0208ED
:109E90006B7C0208697C02087F7B02087D7B0208DC
:109EA000707C02086F7C0208757C0208737C0208D3
:109EB0009F7C02089C7C02080A7A0208FC7C02084B
:109EC000087A0208FF780208037902084479020838
:109ED0004079020803F048B92DE9F0435549064698
:109EE00089B04FF080404FF000080860EBF7CAFAE5
:109EF0000024079409F09EFE07AF012578B11321D5
:109F0000CDE90015039404940295CDE90547204658
:109F10004FF00108484B04224849F4F723FB0E2078
:109F2000CDE90005039404940295CDE9054708F1B5
:109F30000109434B042243494046F4F713FB0F2029
:109F4000CDE90005039404940295CDE9054709F194
:109F5000010848463C4B04223C49F4F703FB0C2023
:109F6000CDE90005039404940295CDE905474046E8
:109F700008F10108364B05223649F4F7F3FA0B20B5
:109F8000CDE90005039404940295CDE905474046C8
:109F900008F10108304B04223049F4F7E3FA0D20B0
:109FA000CDE90005039404940295CDE905474046A8
:109FB00008F101082A4B04222A49F4F7D3FA1420A5
:109FC000CDE90005039404940295CDE90547404688
:109FD00008F10108244B04222449F4F7C3FA1520A0
:109FE000CDE90005039404940295CDE90547404668
:109FF00008F101081E4B04221E49F4F7B3FA16209B
:10A00000CDE90005039404940295CDE90547404647
:10A01000194B04221949F4F7A5FA0798F0600220B9
:10A02000707017483061042030701648706109B0B4
:10A03000BDE8F083DC5500205A6D02084A6A020828
:10A040001C6D0208366A02082F6D02083A6A02087F
:10A050009F6C02089A6C0208096D02082E6A0208B9
:10A06000136D0208326A0208AE6A0208AA6A020880
:10A07000666D02084E6A0208946C0208906C020831
:10A08000266A0208F26C02082DE9F04FDFF8B08270
:10A090000E468BB04FF081410446DFF8A8A24FF086
:10A0A000240BC8F80010EBF7EDF900250127079500
:10A0B00008950DF1240909952D2E7DD002F0FCF9AB
:10A0C000CDE90275CDE9045900231A4659464F30AF
:10A0D000CDE900055020F0F72EFF07A80395049561
:10A0E000CDE9055000950195974B04229749002032
:10A0F0000295F4F737FA4FF08341D8F800000BF0DF
:10A1000023FA014650460BF01FFA0BF069FB00F0F2
:10A11000FF0A42F2107B0DF120082D2E7ED002F0B6
:10A12000CBF94F30F6F76CF80022894B0AF0B6FFF6
:10A130000022884B0AF09EFC0AF0ECFE064604A9B9
:10A1400044200095019581E881014322CDE9020276
:10A1500000231A4651465820F2F713FF96FBFBF1F5
:10A160000BFB11614FF47A7B91FBFBF0CDE90357B8
:10A17000C0B20095CDE90150CDE9057800231A461B
:10A1800051466020F2F7FDFE96FBFBF10BFB1161DF
:10A190004FF0640B91FBFBF00922CDE90352C0B2F2
:10A1A0000095CDE90150CDE9057800231A465146C6
:10A1B0006820F2F7E6FE00E04FE096FBFBF10BFBB8
:10A1C00011610A2091FBF0F00922CDE90352C0B2DF
:10A1D0000095CDE90150CDE9057800231A46514696
:10A1E0007820F2F7CEFECDE904595B48CDE90005B1
:10A1F0000023029503951A4651467020F0F79BFE06
:10A20000564820610820207055486061089807AEC4
:10A21000CDE9045006960395524B00E028E00095E6
:10A22000CDE90157042250490120F4F79BF9039529
:10A230000495CDE905560095CDE9015702224B4B17
:10A240004B491046F4F78EF90798E0600998A06032
:10A25000272060700BB0BDE8F08F02F02DF9CDE93A
:10A260000275CDE9045900231A46594647302FE7B5
:10A27000EEF794FD0AF0ABFE0022364B0AF0FAFB33
:10A280000AF048FE90FBFBF106460BFB11614FF410
:10A290007A7991FBF9F0CDE90357C0B20095CDE989
:10A2A0000150CDE9057800231A4651465020F2F7B7
:10A2B00068FE96FBF9F109FB11614FF0640991FB0F
:10A2C000F9F00322CDE90352C0B20095CDE9015067
:10A2D000CDE9057800231A4651465820F2F751FE81
:10A2E00096FBF9F109FB11614FF00A0B91FBFBF0B2
:10A2F0004FF00909CDE90359C0B20095CDE90150ED
:10A30000CDE9057800231A4651466020F2F739FE60
:10A3100096FBFBF10BFB1160CDE90359C0B2009530
:10A32000CDE90150CDE9057800231A465146682051
:10A33000F2F727FE0F482061062020700E4864E7E0
:10A34000DC550020000010421C6E02088E6A0208D4
:10A35000000059400000E03F26000020AC7D0208CC
:10A36000B47D0208A06A02089C6A0208B86D02085F
:10A370009A6A0208DF7D0208E57D02082DE9F04FA8
:10A380008846B74904468BB0B4480860EBF77AF8C2
:10A390000025B44E0227079508950DF1200B0DF10D
:10A3A00024094FF0010A0995B8F1000F03D0B8F164
:10A3B0000C0F78D18DE002F07FF84079CDE902757D
:10A3C00021287DD0CDE90459A748A84A0423CDE926
:10A3D000000524210020F0F7AEFDA248CDE9045984
:10A3E0003030CDE900050023029503951A46382147
:10A3F0006420F0F7A0FDCDE90459CDE90065002304
:10A40000029503951A4638214C20F0F794FD4FF041
:10A410000909CDE903590095019500230295D84615
:10A4200056461A4638213420CDE905ABF2F7A9FD8E
:10A43000CDE90359009501950295CDE90568002302
:10A440001A4638213C20F2F79CFDCDE903590095CE
:10A4500001950295CDE9056800231A46382144206C
:10A46000F2F78FFDCDE90359009501950295CDE9ED
:10A47000056800231A4638215420F2F782FD089916
:10A4800007A8CDE904510690CDE900560395784B15
:10A490000622784900200296F4F764F802F00CF8DE
:10A4A000407921287ED00798E0600998A060262096
:10A4B0006070714820617148277060610BB000E0E6
:10A4C00001E0BDE8F08FCDE904596D4802236D4AE3
:10A4D0007DE7CDE904596C48CDE90005CDE9027569
:10A4E00004236A4A24210020F0F725FD09F0EAFC44
:10A4F000002864D009F0E6FC0A2860D0CDE90459B0
:10A50000CDE900650023029503951A4638214C20B9
:10A51000F0F711FD0927CDE90357009501950023B8
:10A520000295D84656461A4638213C20CDE905AB5F
:10A53000F2F727FDCDE90357009501950295CDE986
:10A54000056800231A4638214420F2F71AFDCDE9A8
:10A550000357009501950295CDE9056800231A4639
:10A5600038215420F2F70DFDCDE9035700950195F0
:10A570000295CDE9056800231A4638215C20F2F7E0
:10A5800000FD089907A803950495CDE90510CDE9CC
:10A59000005A374B062237490020CDF808A0F3F7C0
:10A5A000E1FF00E04FE00798E0600998A0602620F6
:10A5B0006070364820610420207033487DE74FF0FA
:10A5C0000908CDE9035800950195002302955E46E0
:10A5D00057461A4638213C20CDE905ABF2F7D1FCAD
:10A5E000CDE90358009501950295CDE90576002344
:10A5F0001A4638214420F2F7C4FCCDE903580095EF
:10A6000001950295CDE9057600231A4638214C20A4
:10A61000F2F7B7FCCDE90358009501950295CDE915
:10A62000057600231A4638215420F2F7AAFCCDE91A
:10A6300003580095019502950023CDE90576382150
:10A640001A465C209BE70798E0600998A0602620E6
:10A6500060700C482061277009482EE700003042E6
:10A66000DC55002026000020936B02088F6B020847
:10A67000276B0208216B02088A6A0208066E02082C
:10A68000F16D0208866A0208A46B0208A06B02083A
:10A690002DE9F04F0F46864905468BB08348086088
:10A6A000EAF7F0FE00248348834E079408940DF1E6
:10A6B00024080DF120094FF0020B099417B10C2F5B
:10A6C0007ED168E0CDE90448CDE90004CDE902B4CB
:10A6D000C2460423794A24210020F0F72CFC764856
:10A6E000CDE9044A3030CDE90004002302940394FC
:10A6F0001A4638216420F0F71EFCC8464FF00909BD
:10A70000CDE9034901270094CDE90578CDE901475A
:10A7100000231A4638213420F2F733FCCDE90349EF
:10A72000009401940294CDE9057800231A4638215B
:10A730003C20F2F726FCCDE90349009401940294F1
:10A74000CDE9057800231A4638214420F2F719FC98
:10A75000CDE9044ACDE900640023029403941A462B
:10A7600038214C20F0F7E7FBCDE903490094019430
:10A770000294CDE9057800231A4638215420F2F7D7
:10A7800000FC089907A8CDE904410690CDE90047EF
:10A790000394029774E0CDE90448CDE90004CDE9C3
:10A7A00002B40423454A24210020F0F7C4FBCDE97C
:10A7B000044800233821029403941A46542000E0F0
:10A7C00064E0CDE90064F0F7B6FB4FF00908CDE98D
:10A7D000034801260094CDE90569CDE9014600232F
:10A7E0004F461A4638212C20F2F7CBFBCDE903481F
:10A7F00000940194002302941A4638213420CDE9B4
:10A800000567F2F7BEFBCDE90348009401940023ED
:10A8100002941A4638213C20CDE90567F2F7B1FBD6
:10A82000CDE9034800940194002302941A4638218C
:10A830004420CDE90567F2F7A4FBCDE90348009475
:10A840000194002302941A4638214C20CDE9056773
:10A85000F2F797FBCDE9034800940194002302949A
:10A860001A4638215C20CDE90567F2F78AFB089982
:10A8700007A8CDE904410690CDE90046039402966D
:10A880000F4B06220F490020F3F76CFE0798E86093
:10A890000998A860262068700B48286185F800B0E8
:10A8A0000A4868610BB0BDE8F08F0000000030423C
:10A8B000DC550020A46B020826000020A06B0208D3
:10A8C000276B0208216B02088A6A0208066E0208DA
:10A8D0002DE9F0418846234905468AB04FF0824071
:10A8E00028270860EAF7CEFD002401260794089483
:10A8F000CDE903460321CDE9004108A8CDF8088041
:10A90000CDE905603346184A39465820F2F739FB3D
:10A91000089807AFCDE90440069703940094CDE969
:10A920000146124B042212490020F3F71BFE039448
:10A930000494CDE905470094CDE901460D4B022270
:10A940000D490120F3F70EFE0520AC6068700B483E
:10A950002861042028700A4868610798E8600AB0F6
:10A96000BDE8F081DC550020C96A0208BE6A020811
:10A97000BA6A0208B86D02089A6A0208AA6A02084E
:10A98000AE6A02082DE9F74F88B00C4605464FF035
:10A99000000A06F09DF8002601274FF03E094FF00F
:10A9A00002084FF0050B0E287ED2DFE800F00749C1
:10A9B000B27DE2FDFC7D7DFBFAF9F8F70A980128EB
:10A9C0000ED1CDE90097039604960297CDE9056470
:10A9D00030464FF0010AF94B0222F949F3F7C2FD64
:10A9E00003960496CDE905643F20CDE90007B04603
:10A9F0005046461CF34B0222F3490297F3F7B2FD8F
:10AA000001F05AFD4079CDF80C80CDF81080CDE9E9
:10AA1000058421284FF04000CDE900073046029719
:10AA20000AD0EA4B0222EA49F3F79CFDE948286183
:10AA300085F800B0E84848E0E84B0222E849F3E72F
:10AA4000CDE90097039604960297CDE90564304658
:10AA5000DA4B0222DA49F3F785FD09F0D5F900282F
:10AA60004FF04700CDE900070396049602972ED0D9
:10AA7000CDE90564DB4B0422DB493846F3F772FD70
:10AA80004820CDE90007039604960297CDE90564B6
:10AA90004FF00309D54B0422D5494046F3F762FD38
:10AAA00003964920049600E0BAE0CDE90007D14BB7
:10AAB000D14905220297CDE905644846F3F752FDD6
:10AAC000CE48286103202870CD486861A8E0CDE910
:10AAD0000564CC4B0422CC493846F3F743FD4820AB
:10AAE000CDE90007039604960297CDE905644FF07F
:10AAF0000309C64B0422C6494046F3F733FD4920FB
:10AB0000CDE9000703960496C24B0422C24902977E
:10AB1000D1E75820CDE90007039604960297CDE9C6
:10AB20000564BE4B0322BE493046F3F71BFD592096
:10AB3000CDE90007039604960297CDE90564B94B69
:10AB40000322B9493846F3F70DFD5A20CDE9000735
:10AB5000039604960297CDE90564B44B0322B449E9
:10AB60004046F3F7FFFCB348286104202870B24840
:10AB7000ABE7CDE90097039604960297CDE905640B
:10AB800030468E4B02228E49F3F7ECFC01F094FC28
:10AB90004079342809D05D282ED11FE09EE262E280
:10ABA00002E1D2E0A2E044E02CE05F20CDE9000722
:10ABB000039604960297CDE90564A04B0222A049B2
:10ABC0003846F3F7CFFC5B20CDE9000703960496E7
:10ABD0009C4B02229C494046029709E05B21CDE94B
:10ABE00000179A4B9A490396384604960322029717
:10ABF000CDE90564F3F7B6FC9648286185F800B006
:10AC0000954862E75E21CDE9001703960496029706
:10AC1000CDE9056430468B4B02228B49F3F7A2FC49
:10AC20008E48286185F800B08D4868610BB0BDE89A
:10AC3000F08FCDE90097039604960297CDE905645D
:10AC40005E4B02225E493046F3F78CFC4520CDE98D
:10AC50000007039604960297CDE90564814B032211
:10AC600081493846F3F77EFC4620CDE9000703967C
:10AC700004960297CDE905644FF003097B4B4A46E1
:10AC80007B494046F3F76EFC4720CDE90007039669
:10AC900004960297CDE905644FF00408594B4246EB
:10ACA00059494846F3F75EFC4820CDE90007039672
:10ACB00004960297CDE90564544B0422544940465A
:10ACC000F3F750FC4920CDE900070396049602975C
:10ACD000CDE905644F4B04224F495846F3F742FC37
:10ACE0006448286185F800806348EEE6CDE9009766
:10ACF000039604960297CDE90564304B0222304951
:10AD00003046F3F72FFC5F20CDE900070396049649
:10AD10000297CDE90564494B022249493846F3F7C9
:10AD200021FC5B20CDE90007039604960297CDE94C
:10AD30000564524B022252494046F3F713FC514836
:10AD4000286185F800B05048BFE6CDE9009703962A
:10AD500004960297CDE90564184B02221849304643
:10AD6000F3F700FC5C20CDE90007039604960297F8
:10AD7000CDE90564454B032245493846F3F7F2FB1C
:10AD80005D20CDE90007039604960297CDE905649E
:10AD90000324404B224640494046F3F7E3FB3F483B
:10ADA00028612C703E4890E601F086FB40790A2825
:10ADB0007AD04A2878D05F2875D1E0E0507902082F
:10ADC0004E790208C97E0208C77E0208066E020894
:10ADD0008A6A02089379020898790208F16D0208DC
:10ADE000866A0208507B0208437B0208587B0208EF
:10ADF000477B0208607B02084B7B0208887B0208C5
:10AE00008B7B02082B7B02081F7B0208337B020826
:10AE1000237B02083B7B0208277B0208F6790208A5
:10AE2000ED790208FC790208F0790208027A02083A
:10AE3000F37902084F7C0208537C02085779020814
:10AE400055790208FC6D0208886A0208047C020831
:10AE5000017C0208E37B0208E87B02085E6A0208C4
:10AE6000976D02086F7B0208697B0208767B0208F7
:10AE70006C7B02080A7B02080E7B0208A57C020894
:10AE8000A37C0208797C02087E7C0208ED7C020823
:10AE9000EA7C0208F67C0208F37C0208FC7C0208CB
:10AEA000FF7C020800E064E0CDE90097029703967A
:10AEB0000496CDE90564BA4630460127B14B02221B
:10AEC000B149F3F74FFB08F053FFF0B15020CDE943
:10AED000000A03960496CDF808A0CDE9056457460C
:10AEE000AA4B0422AA493846F3F73CFB5120CDE98E
:10AEF0000007029703960496CDE905640327A54B46
:10AF00000422A5494046F3F72DFB5221CDE9001A52
:10AF100003960496CDF808A0CDE905643846D046DE
:10AF20007F1C9E4B04229E49F3F71CFB5321CDE965
:10AF30000018CDF8088003960496CDE9056407F162
:10AF40000108984B042298493846F3F70BFB08F0A8
:10AF50000FFF70B15421CDE9001A944B9449039628
:10AF6000049640460422CDF808A0CDE90564F3F725
:10AF7000F9FA90482861042028708F48A5E5CDE9AA
:10AF80000097039604960297CDE905647D4B022253
:10AF90007D493046F3F7E6FA4A20CDE900070396EB
:10AFA00004960297CDE90564844B02228449384611
:10AFB000F3F7D8FA4B20CDE90007039604960297E1
:10AFC000CDE905644FF003097E4B4A467E49404671
:10AFD000F3F7C8FA4C20CDE90007039604960297D0
:10AFE000CDE905644FF00408784B032278494846C0
:10AFF000F3F7B8FA4D20CDE90007039604960297BF
:10B00000CDE90564734B032273494046F3F7AAFA6E
:10B010004E20CDE90007039604960297CDE905641A
:10B020004FF006086D4B03226D495846F3F79AFA24
:10B030004F20CDE90007039604960297CDE90564F9
:10B040004FF00709674B032267494046F3F78AFA36
:10B050005720CDE9000703960496644B0222644909
:10B060004846029781E74220CDE9000703960496FF
:10B070000297CDE90564B0465E4B02225E49304638
:10B08000F3F770FA3F20CDE9000703960496029784
:10B09000CDE905640226594B042259493846F3F795
:10B0A00061FA01F009FAD0F88400564988420FD1BC
:10B0B000CDF80C80CDF81080CDE905844020CDE995
:10B0C00000073046504B042250490297F3F74AFAE2
:10B0D0004F482861042028704E48F6E401F0ECF94E
:10B0E00040794FF043091D2819D04E2843D15E20E6
:10B0F000CDE90007039604960297CDE90564464B17
:10B10000042246493046F3F72DFACDE9009703961D
:10B110000496434B042243493846029727E04248AD
:10B1200002F0AEF84220CDE900070396049602979C
:10B13000CDE905643D4B04223D493046F3F712FA50
:10B140005E20CDE90007039604960297CDE90564D9
:10B15000314B042231493846F3F704FACDE9009720
:10B160002F4B304903960496042240460297CDE9BE
:10B170000564F3F7F7F92F482861032028702A485F
:10B18000A3E40000507902084E790208187A0208F8
:10B19000147A0208257A0208217A0208337A020812
:10B1A0002F7A0208407A02083C7A02084E7A020896
:10B1B0004A7A0208BE790208C27902085779020861
:10B1C00055790208F6790208ED790208FC7902083F
:10B1D000F0790208DB790208D2790208E1790208E5
:10B1E000D5790208E7790208D87902085E79020861
:10B1F0005C790208F16D0208866A0208936B020806
:10B200008F6B020800004040A46B0208A06B02088C
:10B21000467D02084A7D02087B7E0208777E02088E
:10B220006D7E0208697E0208A87D0208897E0208F8
:10B23000857E0208A57D02082DE9F04128490546D2
:10B240008AB04FF081400860EAF71CF900240894A6
:10B25000079407AF03940494CDE905470126CDE98F
:10B260000046204B0522204920460296F3F77AF942
:10B270000DF12008CDE904481C48CDE90004CDE9D2
:10B28000026400231A4638212820EFF754FE039465
:10B290000494CDE90547CDE90046154B0522154933
:10B2A00002200296F3F75EF9CDE904481248CDE991
:10B2B0000004CDE9026400231A4660212820EFF73C
:10B2C0003AFE0A2068700D482861052028700C4855
:10B2D00068610898A8600798E8600AB0BDE8F08146
:10B2E000DC550020B87B0208B37B0208C47B02084F
:10B2F000C07B0208BB7B0208D37B02089E7B02084E
:10B30000A37B020810B51249044688B04FF0834071
:10B310000860EAF7B7F8002007A9079003900490A7
:10B32000CDE905010121CDE900010291094B062279
:10B330000949F3F717F905206070084820610420D7
:10B340002070074860610798E06008B010BD0000F9
:10B35000DC550020836C02087D6C0208906C0208AA
:10B36000946C02082DE9F043584905468BB05648C5
:10B370000860EAF787F800240DF124090994CDE963
:10B3800004490794089402215148CDE90214CDE9FB
:10B39000000404234F4A24212046EFF7CCFD01F09E
:10B3A0008BF84079012661286AD14FF00908CDE970
:10B3B000034808AF00940194002302941A463821F0
:10B3C0002C20CDE90567F1F7DCFDCDE903480094B9
:10B3D0000194002302941A4638213420CDE90567F0
:10B3E000F1F7CFFDCDE903480094019400230294C6
:10B3F0001A4638213C20CDE90567F1F7C2FDCDE9B9
:10B40000034800940194002302941A4638214420F2
:10B41000CDE90567F1F7B5FDCDE903480094019446
:10B42000002302941A4638214C20CDE90567F1F734
:10B43000A8FDCDE9034800940194002302941A4624
:10B4400038215420CDE90567F1F79BFDCDE904498A
:10B450002148CDE900040023029403941A463821C0
:10B460005C20EFF768FDCDE90348009401940023C8
:10B4700002941A4638216420CDE90567F1F781FD71
:10B48000089907A8CDE904410690CDE90046039448
:10B49000124B0622124900200296F3F763F8079830
:10B4A000E8600998A8602620687001F005F84079E6
:10B4B000612805D10B482861032028700A4868617B
:10B4C0000BB0BDE8F083000000003042DC550020E6
:10B4D000376B0208336B020826000020276B020836
:10B4E000216B0208EA7C0208ED7C02082DE9F0439A
:10B4F000584905468BB056480860E9F7C3FF002459
:10B500000DF124090994CDE9044907940894022116
:10B510005148CDE90214CDE9000404234F4A242107
:10B520002046EFF708FD00F0C7FF407901266128AB
:10B530006AD14FF00908CDE9034808AF009401949F
:10B54000002302941A4638212C20CDE90567F1F733
:10B5500018FDCDE9034800940194002302941A4693
:10B5600038213420CDE90567F1F70BFDCDE903481B
:10B5700000940194002302941A4638213C20CDE91E
:10B580000567F1F7FEFCCDE9034800940194002320
:10B5900002941A4638214420CDE90567F1F7F1FC01
:10B5A000CDE9034800940194002302941A463821FF
:10B5B0004C20CDE90567F1F7E4FCCDE903480094A0
:10B5C0000194002302941A4638215420CDE90567DE
:10B5D000F1F7D7FCCDE904492148CDE90004002367
:10B5E000029403941A4638215C20EFF7A4FCCDE9BD
:10B5F000034800940194002302941A4638216420E1
:10B60000CDE90567F1F7BDFC089907A8CDE904412C
:10B610000690CDE900460394124B06221249002001
:10B620000296F2F79FFF0798E8600998A860262025
:10B63000687000F041FF4079612805D10B4828610E
:10B64000032028700A4868610BB0BDE8F083000051
:10B6500000003042DC550020376B0208336B0208D3
:10B6600026000020276B0208216B0208F37C0208E9
:10B67000F67C02082DE9F04F87B00646E9F702FF95
:10B6800000F01AFF806F09F033FFCDE9000170A2CE
:10B6900007217148E4F730FF00F00EFFC06F09F09A
:10B6A00027FFCDE900016C4869A20721C01DE4F71E
:10B6B00023FF00F001FFD0F8800009F019FFCDE969
:10B6C0000001654862A207210E30E4F715FF00F083
:10B6D000F3FED0F8840009F00BFFCDE900015E48CD
:10B6E0005BA207211530E4F707FF002406AD02270F
:10B6F0000694DFF86891CDE90445CDE90274CDE9FF
:10B7000000943B46564A24212046EFF714FCDFF80C
:10B7100054A1CDE90445CDE90274CDE900A4042388
:10B72000514A24212020EFF706FC4B48CDE904457F
:10B730000E304FF00108CDE90004CDE9028400236A
:10B740001A4624216020EFF7F6FBDFF820B1CDE99F
:10B750000445CDE90274CDE900B40223444A3821FE
:10B760000020EFF7E8FBCDE90445CDE90274CDE90F
:10B7700000A404233C4A38212020EFF7DCFB3648A4
:10B78000CDE904451530CDE90004CDE9028400235C
:10B790001A4638216020EFF7CEFBCDE90445CDE90C
:10B7A0000274CDE9009402232D4A4C210020EFF7CA
:10B7B000C2FBDFF8C090CDE90445CDE90274CDE9C4
:10B7C000009403232C4A4C212020EFF7B4FB22489D
:10B7D000CDE90445CDE90004CDE9028400231A46F1
:10B7E0004C216020EFF7A7FBCDE90445CDE90274B9
:10B7F000CDE900B402231E4A60210020EFF79BFB35
:10B80000CDE90445CDE90274CDE9009403231A4A39
:10B8100060212020EFF78FFB0F48CDE90445C01DC4
:10B82000CDE90004CDE90284002360211A460846D0
:10B83000EFF781FB0698B060272070700F483061E9
:10B84000052030700E48706107B0BDE8F08F000031
:10B8500025322E34660000002B560020957A02080F
:10B86000937A02087A7A0208767A02089B7A0208AA
:10B87000997A0208887A0208857A02085E7A0208B4
:10B88000637A02082DE9F04FFF4904468BB0FD486A
:10B890000860E9F7F7FD00250DF1240A0995CDE9C7
:10B8A000045A079508950221F848CDE90215CDE91B
:10B8B00000050423F64A24212846EFF73CFB00F05C
:10B8C000FBFD4079F34E01270DF120094FF00908E7
:10B8D0004FF0040B60287BD000F0EEFD4079092882
:10B8E00077D000F0E9FD4079612873D000F0E4FDE5
:10B8F00040794D286FD000F0DFFD40791D286BD0D6
:10B9000000F0DAFD40794E2867D003A8464680E86B
:10B91000E0020095CDE9015700231A463821342072
:10B92000F1F72FFB03A8002380E8E0020095CDE9A2
:10B93000015B1A4638213C20F1F723FB03A80023C2
:10B9400080E8E0020095CDE901571A4638214420ED
:10B95000F1F717FB03A9032081E8E0020095CDE988
:10B96000015000231A4638214C20F1F70AFB0899B0
:10B9700007A8CDE904510690CDE900570395C64BC1
:10B980000622C64900200297F2F7ECFD00F094FD74
:10B9900040794D280798E0600998A0607ED0262065
:10B9A000607000F089FD40794E2878D078DC092855
:10B9B00077D01D28F9D03428FAD04D2805D1B848C1
:10B9C0002061B84884F800B060610BB0BDE8F08F2A
:10B9D00004E084E0C9E02EE170E1C9E1CDE9045A58
:10B9E000CDE900650023029503951A4638214C20C5
:10B9F000EFF7A1FA00F060FDB0F86800B0F5807FC5
:10BA000038D000F059FDB0F86800A0F57061FF393A
:10BA1000ADD1CDE903580095CDE9015BCDE90579BC
:10BA200000234E461A4638213420F1F7AAFACDE910
:10BA30000358009501950295CDE9057600231A4635
:10BA400038213C20F1F79DFACDE903580095019586
:10BA50000295CDE9057600231A4638214420F1F7F6
:10BA600090FACDE903580023009501951A46382134
:10BA7000029576E003A8464680E8E00200230095A0
:10BA800001951A46382134200295F1F77AFA03A875
:10BA9000002380E8E0021A46382103E0B6E1CAE15B
:10BAA000B6E1C2E10095CDE9015B3C20F1F769FA0E
:10BAB00003A8002380E8E002009501951A4638218A
:10BAC00044200295F1F75DFA03A8002380E8E00224
:10BAD0003821009501951A465420029545E74420E7
:10BAE00043210095CDE90310CDE90150CDE9057959
:10BAF00000234E461A4638213420F1F742FACDE9A8
:10BB00000358009501950295CDE9057600231A4664
:10BB100038213C20F1F735FACDE903580220009591
:10BB2000CDE90150CDE9057600231A46382144209D
:10BB3000F1F727FACDE9035805200095CDE901502A
:10BB4000CDE9057600231A4638214C20F1F719FA81
:10BB5000CDE90358062000950023CDE901501A468F
:10BB60003821CDE905765420FFE6CDE9035800954C
:10BB700001950295CDE9057900231A4638212C203C
:10BB8000F1F7FFF9CDE90358009501950295CDE94C
:10BB9000057900231A4638213420F1F7F2F9CDE96E
:10BBA0000358009501950295CDE9057900231A46C1
:10BBB00038213C20F1F7E5F9CDE9035800950195CE
:10BBC0000295CDE9057900231A4638214420F1F782
:10BBD000D8F9CDE90358009501950295CDE905798D
:10BBE00000231A4638214C20F1F7CBF9CDE9035850
:10BBF000009501950295CDE9057900231A46382173
:10BC00005420F1F7BEF9CDE9045ACDE900650023CF
:10BC1000029503951A4638215C20EFF78CF9CDE99F
:10BC200003580095019502950023CDE90579382147
:10BC30001A46642099E6CDE9045ACDE9006500234F
:10BC4000029503951A4638214C20EFF774F903A8A2
:10BC5000464680E8E0020023009501951A46382107
:10BC600044200295F1F78DF903A8002380E8E00253
:10BC7000009501951A46382154200295F1F781F973
:10BC800003A811E000003042DC550020376B0208A9
:10BC9000336B020826000020276B0208216B020884
:10BCA000817D0208857D020880E8E002009500237E
:10BCB000CDE9015738211A465C2056E604A94420F4
:10BCC0000095019581E881024322CDE9020200231B
:10BCD0001A4638213420F1F754F9CDE9035800957C
:10BCE00001950295CDE9057900231A4638213C20BB
:10BCF000F1F747F9CDE90358009501950295CDE993
:10BD0000057900231A4638214420F1F73AF9CDE9A4
:10BD10000358009501950295CDE9057900231A464F
:10BD200038214C20F1F72DF9CDE903580095019504
:10BD30000295CDE9057900231A4638215C20F1F7F8
:10BD400020F9CDE90358009501950295CDE90579D3
:10BD500000231A4638216420F1F713F9CDE903587E
:10BD600000233821009501951A466C2002953CE08D
:10BD7000CDE90358009501950295CDE90579002399
:10BD80001A4638213C20F1F7FCF8CDE9035800951C
:10BD900001950295CDE9057900231A463821442002
:10BDA000F1F7EFF8CDE90358009501950295CDE93B
:10BDB000057900231A4638214C20F1F7E2F8CDE945
:10BDC0000358009501950295CDE9057900231A469F
:10BDD00038215C20F1F7D5F8CDE90358002338214C
:10BDE000009501951A4664200295CDE90579F1F791
:10BDF000C8F8CDE9045ACDE9006500230295039502
:10BE00001A4638215420EFF796F8B0E52720C7E509
:10BE10005D2816D060281AD061287FF4D6AD0F486F
:10BE20002061032020700E48CEE50E4820610220DC
:10BE300020700D48C8E50D48206184F800B00C481A
:10BE4000C2E50C482061032020700B48BCE50B487C
:10BE50002061022020700A48B6E50000EA7C020852
:10BE6000ED7C0208886A0208FC6D0208777E0208F1
:10BE70007B7E0208017C0208047C0208A37C020885
:10BE8000A57C02082DE9F047734905468AB0714840
:10BE90000860E9F7F7FA002407940894022009AF34
:10BEA0000994CDE90204CDE904476C48CDE90004CA
:10BEB00004236B4A24212046EFF73DF800F0FCFAFA
:10BEC0004179CDE904476748CDE900041D2923469F
:10BED00008AE4FF0090A4FF00109029403941A4684
:10BEE0004FF038014FF04C005BD0EFF724F803A976
:10BEF000C8465746069681E89001002300940194B5
:10BF00001A46382134200294F1F73BF803A906962B
:10BF100081E890010023009401941A4638213C20C6
:10BF20000294F1F72EF803A9069681E89001002308
:10BF3000009401941A46382144200294F1F721F824
:10BF400003A9069681E890010023009401941A4603
:10BF5000382154200294F1F714F8089907A80394A3
:10BF60000494CDE90510CDE900493F4B06223F4935
:10BF70000020CDF80890F2F7F5FA0798E8600998E4
:10BF8000A86000F099FA40791D285BD026206870DF
:10BF90003748286103202870364868610AB0BDE838
:10BFA000F087EEF7C8FFCDE9034A009401940294AC
:10BFB000CDE9059600234F46D0461A463821342055
:10BFC000F0F7DFFFCDE90348009401940294CDE936
:10BFD000057600231A4638213C20F0F7D2FFCDE940
:10BFE0000348009401940294CDE9057600231A4693
:10BFF00038214420F0F7C5FFCDE9034800940194AF
:10C000000294CDE9057600231A4638215420F0F732
:10C01000B8FFCDE90348009401940294CDE9057678
:10C0200000231A4638215C20F0F7ABFFCDE9034826
:10C030000094019402940023CDE9057638211A4634
:10C04000642088E7272068700B4828610520287045
:10C050000A48A2E700003042DC550020376B020896
:10C06000336B020826000020276B0208216B0208B0
:10C07000ED790208F6790208927E0208977E02089E
:10C080002DE9F047744905468AB072480860E9F71F
:10C09000F9F9002407940894022009AF0994CDE926
:10C0A0000204CDE904476D48CDE9000404236C4A3D
:10C0B00024212046EEF73FFF00F0FEF94179CDE95B
:10C0C00004476848CDE900041D29234608AE4FF017
:10C0D000090A4FF00109029403941A464FF03801FF
:10C0E0004FF04C005CD0EEF726FF03A9C846574638
:10C0F000069681E8900108200094CDE901400023D4
:10C100001A4638213420F0F73CFF03A9069681E84F
:10C1100090010023009401941A4638213C20029497
:10C12000F0F72FFF03A9069681E890010023009401
:10C1300001941A46382144200294F0F722FF03A903
:10C14000069681E890010023009401941A46382154
:10C1500054200294F0F715FF089907A8039404945B
:10C16000CDE90510CDE900493F4B06223F490020AB
:10C17000CDF80890F2F7F6F90798E8600998A860FA
:10C1800000F09AF940791D285BD026206870384865
:10C19000286103202870374868610AB0BDE8F0873D
:10C1A000EEF7C9FECDE9034A009401940294CDE96B
:10C1B000059600234F46D0461A4638213420F0F722
:10C1C000E0FECDE90348009401940294CDE90576A0
:10C1D00000231A4638213C20F0F7D3FECDE903486E
:10C1E000009401940294CDE9057600231A46382183
:10C1F0004420F0F7C6FECDE9034800940194029470
:10C20000CDE9057600231A4638215420F0F7B9FE0F
:10C21000CDE90348009401940294CDE9057600230A
:10C220001A4638215C20F0F7ACFECDE903480094B3
:10C23000019402940023CDE9057638211A46642042
:10C2400088E7272068700C482861052028700B4873
:10C25000A2E7000000003042DC550020376B0208E6
:10C26000336B020826000020276B0208216B0208AE
:10C27000F3790208027A0208B47E0208B97E020845
:10C280002DE9F047744905468AB072480860E9F71D
:10C29000F9F8002407940894022009AF0994CDE925
:10C2A0000204CDE904476D48CDE9000404236C4A3B
:10C2B00024212046EEF73FFE00F0FEF84179CDE95B
:10C2C00004476848CDE900041D29234608AE4FF015
:10C2D000090A4FF00109029403941A464FF03801FD
:10C2E0004FF04C005CD0EEF726FE03A9C846574637
:10C2F000069681E8900104200094CDE901400023D6
:10C300001A4638213420F0F73CFE03A9069681E84E
:10C3100090010023009401941A4638213C20029495
:10C32000F0F72FFE03A9069681E890010023009400
:10C3300001941A46382144200294F0F722FE03A902
:10C34000069681E890010023009401941A46382152
:10C3500054200294F0F715FE089907A8039404945A
:10C36000CDE90510CDE900493F4B06223F490020A9
:10C37000CDF80890F2F7F6F80798E8600998A860F9
:10C3800000F09AF840791D285BD026206870384864
:10C39000286103202870374868610AB0BDE8F0873B
:10C3A000EEF7C9FDCDE9034A009401940294CDE96A
:10C3B000059600234F46D0461A4638213420F0F720
:10C3C000E0FDCDE90348009401940294CDE905769F
:10C3D00000231A4638213C20F0F7D3FDCDE903486D
:10C3E000009401940294CDE9057600231A46382181
:10C3F0004420F0F7C6FDCDE903480094019402946F
:10C40000CDE9057600231A4638215420F0F7B9FD0E
:10C41000CDE90348009401940294CDE90576002308
:10C420001A4638215C20F0F7ACFDCDE903480094B2
:10C43000019402940023CDE9057638211A46642040
:10C4400088E7272068700C482861052028700B4871
:10C45000A2E7000000003042DC550020376B0208E4
:10C46000336B020826000020276B0208216B0208AC
:10C47000F0790208FC790208A37E0208A87E02086F
:10C4800002480078C0F3C000704700003357002016
:10C4900002480078C0F38000704700003357002046
:10C4A0000148406870470000545800200148406827
:10C4B000704700005C580020014840687047000049
:10C4C0004C58002002480078C0F30010704700006C
:10C4D000335700202DE9F04F87B000205F4E0290C7
:10C4E00003900546049006F12800DFF86CA1059042
:10C4F0000FE075B1471C5AA13846E4F717F904005C
:10C500007ED0072D1DD2DFE805F0990B0F20535A7E
:10C51000910053A10598E4F709F9002870D092E042
:10C52000E21B3946701D87E0E21B394606A8E4F796
:10C530000FF99DF818004128307803D020F004004E
:10C5400030707BE040F00400FAE73078400775D5A2
:10C55000E21B394602A8E4F7FBF8002102A808F024
:10C56000BBF80022534608F041FB0746884608F016
:10C57000D1FC0246E8F770FF104608F028FD8B4614
:10C5800081463A46434608F0BDFE0022534608F075
:10C5900085FD0022334B08F029FB4A465B4608F034
:10C5A00069FACDE900012D480C212FA210303AE0A4
:10C5B0003178490742D5E21B3946F01C3CE030781F
:10C5C00040073BD5E21B394602A8E4F7C1F8002139
:10C5D00002A808F081F80022534608F007FB07463E
:10C5E000884608F097FC0246E8F744FF104608F03A
:10C5F000EEFC8B46814643463A4608F083FE00E057
:10C6000026E00022534608F049FD0022154B08F0B1
:10C61000EDFA4A465B4608F02DFACDE900010F48D5
:10C6200011A20C211C30E3F767FF07E031784907BE
:10C6300004D5E21B3946701CE4F78AF831782046AD
:10C6400041F0020131706D1CEDB2062D7FF651AF45
:10C6500007B0BDE8F08F0000000059405857002097
:10C660002C00000000004E40252E37660000000020
:10C6700002480078C0F34010704700003357002094
:10C6800002480078C0F300107047000037570020C0
:10C6900002480078C0F300107047000035570020B2
:10C6A00002480078C0F30010704700002F570020A8
:10C6B00002480078C0F38010704700003757002010
:10C6C00002480078C0F38010704700003557002002
:10C6D00002480078C0F38010704700002F570020F8
:10C6E0000248407800F00100704700002F570020FA
:10C6F00002484078C0F30010704700002F57002018
:10C7000001480078C00970472F5700200248007880
:10C71000C0F34000704700003757002002480078FF
:10C72000C0F34000704700003557002002480078F1
:10C73000C0F34000704700002F57002002480078E7
:10C74000C0F3C0007047000037570020024800784F
:10C75000C0F3C00070470000355700200248007841
:10C76000C0F3C000704700002F5700200248007837
:10C77000C0F340107047000037570020024800788F
:10C78000C0F3401070470000355700200248007881
:10C79000C0F34010704700002F5700200248407837
:10C7A000C0F38000704700003757002002484078EF
:10C7B000C0F38000704700003557002002484078E1
:10C7C000C0F38000704700002F57002002484078D7
:10C7D000C0F3C000704700002F57002002480078C7
:10C7E000C0F3800070470000375700200148C08820
:10C7F000704700009078002002480078C0F3800065
:10C80000704700003557002002480078C0F38000D0
:10C81000704700002F57002002484078C0F34000C6
:10C82000704700002F5700200248007800F00100F8
:10C8300070470000375700200248007800F00100E0
:10C8400070470000355700200248007800F00100D2
:10C85000704700002F57002000487047685700209D
:10C860000248007800F001007047000033570020B4
:10C870000048704774570020004870478D550020CD
:10C880000148006870470000DC550020024800782D
:10C89000C0F3400070470000335700200048704745
:10C8A000875500200148008970470000325700205A
:10C8B0000248007800F00100704700005057002047
:10C8C00001480078C00970473357002002480078BB
:10C8D000C0F38010704700003357002070B5E5F7B3
:10C8E000BDFE08F08BFB144CD4E9042308F0C2F819
:10C8F000C4E90401054620780E460A2816D308F03C
:10C900007DFB02460B462846314608F06FF96FF072
:10C910000A0209F099F9094A094B08F0BFFB0246DF
:10C92000012020700020C4E9040003E00022054932
:10C93000401C2070104670BD10580020E17A14AEE3
:10C9400047E109400000F0BF10B5E5F7A1FE6FF028
:10C950000A0209F079F9BDE81040024A024B08F0DA
:10C960009DBB0000E17A14AE47E1094000487047E2
:10C9700059570020004870475B5700202DE9F041CF
:10C98000FFF71CFF08B1F5F765FCFFF71FFF7C4DB3
:10C990004FF4004818B3F5F765FC002241462846DD
:10C9A000ECF78BFE0020EBF7ABFE0024ECF718F958
:10C9B000641CE4B2C82CF9D310217248ECF770FE65
:10C9C00028B1012280217048ECF777FEFEE7802134
:10C9D0002846ECF765FE012801D0ECF743FFFFF78E
:10C9E00013FF0026694C0127B0B12078012813D12C
:10C9F000FFF762FDB0F8C40002280DD1FFF75CFD1F
:10CA000040794A2808D16248068062480770FFF7DB
:10CA100053FD0021E6F7F6FCFFF7B8FE38B1F5F755
:10CA2000EBFCF5F7F9FB0021022000F02FFCFFF7EB
:10CA300037FE28B1F5F75AFB41462846ECF735FE9C
:10CA4000FFF746FEB0B1F5F76FFB2078012811D152
:10CA500004F016F870B1FFF72FFDB0F8C4000228FB
:10CA600004D1FFF729FD40794A280AD00021262069
:10CA700000F00CFCFFF734FE40B3207801280DD005
:10CA800013E0424844498030016044494160072135
:10CA9000017201210420FAF7DDFBEBE703F0F0FF60
:10CAA00018B10021032000F0F1FB207826280DD1D9
:10CAB000FFF702FD40790A2804D0FFF7FDFC40791A
:10CAC0004A2803D10021332000F0E0FBFFF710FEDD
:10CAD00030B12078052803D10021372000F0D6FBA3
:10CAE000FFF79AFE98B12078012811D1FFF7E4FCF6
:10CAF00058B1207960B9277103F0EAFF02F018FA03
:10CB000001460120FAF7A6FB02E00021F9E72671B1
:10CB1000FFF7F6FD38B1F5F71FFB06F0B5FE07F09D
:10CB200077F8F1F7FDFE2078012827D1FFF78CFE7A
:10CB30001B4C70B1F5F7DCFB1A4D606869688842E0
:10CB400007D004F0A9FA00F0FDFA68686060287860
:10CB50002070FFF7EBFD002810D0F5F71DFB124DFC
:10CB6000686800280AD06168814207D004F094FA0E
:10CB700000F0E8FA6868606028782070BDE8F0810D
:10CB80000000024000080240001002402055002032
:10CB90003A570020545700207D7902088479020812
:10CBA0004C580020545800205C58002038B50446EA
:10CBB00001680B48814211D10868486800902046FE
:10CBC000EDF7EDFCE8F750FCF5F7E4FB2046BDE897
:10CBD00038404FF461720349EDF738BF38BD0000AB
:10CBE000004400409A7800207047000070B5044669
:10CBF000E8F70AFCE8F710FC0A4D45F8904F20686A
:10CC0000C16841F01001C1604FF4617206492868A3
:10CC1000EDF71CFF2868BDE87040C8230E220349C9
:10CC2000EDF736BF585700209A780020E47E0208BE
:10CC300070B50A4E0FE000EB8004002306EB84057C
:10CC40000AB1FF2400E00024EC545B1CDBB2142B7F
:10CC5000F6D3401CC0B28842EDD370BD105C0020FA
:10CC600010B51C21084C002201EB8103012004EBCC
:10CC700083031A54401CC0B20328FAD3491CC9B21A
:10CC80002C29F1D310BD0000105C002010B51A2132
:10CC9000084C002201EB8103102004EB83031A549B
:10CCA000401CC0B21328FAD3491CC9B22A29F1D3B7
:10CCB00010BD0000105C002010B53821084C002287
:10CCC00001EB8103022004EB83031A54401CC0B221
:10CCD0001228FAD3491CC9B27829F1D310BD00003B
:10CCE000105C0020F0B510B106240E2301E00524ED
:10CCF0000F230026094F01F110050CE001EB810222
:10CD0000204607EB820202E01654401CC0B2984253
:10CD1000FAD3491CC9B2A942F0D3F0BD105C00207F
:10CD200010B58E21084C002201EB8103092004EB91
:10CD300083031A54401CC0B20B28FAD3491CC9B251
:10CD40009E29F1D310BD0000105C002010B5842195
:10CD5000084C002201EB8103002004EB83031A54EA
:10CD6000401CC0B20428FAD3491CC9B29E29F1D391
:10CD700010BD0000105C002030B5094C1C2202EBF5
:10CD80008203012104EB830310F8015B5D54491C0D
:10CD9000C9B20329F8D3521CD2B22C2AEFD330BD2A
:10CDA000105C00202DE9F05F002492468B468046FF
:10CDB000274623E05CB908F00F00564640F06000BB
:10CDC000F3F7F4F8702141EA1810F3F7EFF80025B3
:10CDD0004FF0140916F8010BF3F7AAF8641CA4B27B
:10CDE000B4FBF9F109FB114010B90020F3F710F979
:10CDF0006D1CADB2142DEDD37F1CFFB25F45D9D3AE
:10CE0000BDE8F09F30B5094C1A2202EB82031021D5
:10CE100004EB830310F8015B5D54491CC9B213296C
:10CE2000F8D3521CD2B22A2AEFD330BD105C0020B6
:10CE300010B5104C382202EB8201022004EB810372
:10CE40000021022802D0112802D002E0802100E057
:10CE50000121382A0BD0772A09D01954401CC0B2BE
:10CE60001228EDD3521CD2B2782AE4D310BDFF2190
:10CE7000F3E70000105C00200020054AFF21131892
:10CE8000401CC0B283F8E0111428F8D370470000AA
:10CE9000105C002030B5094C8E2202EB8203092180
:10CEA00004EB830310F8015B5D54491CC9B20B29E4
:10CEB000F8D3521CD2B29E2AEFD330BD105C0020B2
:10CEC00030B5094C842202EB8203002104EB83037A
:10CED00010F8015B5D54491CC9B20429F8D3521CF7
:10CEE000D2B29E2AEFD330BD105C002001480078FA
:10CEF00070470000705600200149002008707047FC
:10CF000070560020014901200870704770560020BB
:10CF10001A4910B509686FF0010008611748EDF76C
:10CF2000F9F917480068016841F040010160EEF727
:10CF3000B9FDEEF7D1FFEEF7B3FFEEF795FF11481D
:10CF4000D0F88810104888471048D0F88C10104846
:10CF50008847104881691048884710484168084848
:10CF60008847F3F737FD582802D10D490120087092
:10CF7000EDF796FEBDE8104001F0FABE64590020BE
:10CF80000C5900207C5600202C5A002058570020B5
:10CF9000E8590020EC570020A459002058560020E2
:10CFA000305800201CB5012211026846F2F7AEFE8F
:10CFB0009DF8000000B10120614C01224FF4A061F6
:10CFC00020706846F2F7A2FE9DF8000000B1012033
:10CFD000A07001224FF4C0616846F2F797FE9DF8F9
:10CFE000000000B10120207101224FF4E061684689
:10CFF000F2F78CFE9DF8000000B101206071012263
:10D00000D1026846F2F782FE9DF8000000B10120CF
:10D0100084F8B4000122910201A8F2F777FE9DF88E
:10D020000430002001210222002B7CD0012B7BD078
:10D03000032B7AD0E270A171E171442384F8B630F9
:10D0400084F8B53020726072A072E0722073607351
:10D05000A073E07320746074E07420756075A0752F
:10D06000E07520766076A076E076207784F82A0056
:10D0700084F82B0004F82C0F6070A070E070207111
:10D080006071A071E0716272A272E27222736273C7
:10D09000A273E27322746274A27404F80E0C04F892
:10D0A0000D0C04F80C0C04F80B0C04F80A0C04F832
:10D0B000090C04F8080C04F8070C04F8060C04F832
:10D0C000050C6175A1752175E17521766176A176F2
:10D0D000E17621776177A177E1770A2104F8031CD3
:10D0E00020626062A062E06220636063A063E0632C
:10D0F00020646064A064E06420656065A065E0650C
:10D1000020666066A066E066A067E067A4F882001B
:10D1100084F8800084F8840084F8850084F8860010
:10D1200084F88B0002E004E005E006E084F88C005F
:10D130001CBDE0707FE7E1707DE70323E3707AE7D1
:10D14000207C00200148EDF707BF0000C0550020FB
:10D1500001490020C8707047205500200149002077
:10D16000887270472055002010B504460C30F1F746
:10D170001BFA04F10800EDF7EFFE0020206160616A
:10D1800010BD0000004870477C55002001488079A0
:10D1900070470000205500200148007870470000CB
:10D1A0002055002000487047B85500200148807C79
:10D1B000704700002055002001484078704700006B
:10D1C000205500200148C0787047000020550020FD
:10D1D0000148807A70470000205500200148806D8A
:10D1E000704700002055002000487047D57E020897
:10D1F0000148007C70470000205500202DE9F041D7
:10D2000088B000244FF009080794CDE903480227AD
:10D210001048CDE90007012607AD0294CDE9056568
:10D2200033460D4A60212020EFF7ABFECDE90348DD
:10D230000A48CDE900070294CDE905650123084AB3
:10D2400060216820EFF79DFE06490798486008B006
:10D25000BDE8F081F86E0208F76E0208FD6E020864
:10D26000FC6E0208B8550020014988747047000020
:10D270002055002001490120C8707047205500202A
:10D280000149886570470000205500202DE9F041D4
:10D2900007460D46002006F0ABFB002006F0A2FB7F
:10D2A000DFF8E48300210C22F84EA8F19804602FE7
:10D2B0003AD2DFE807F039303A404F44646C5A7490
:10D2C000707E828697A139A5F1F590FFEDECEBEA2F
:10D2D000E9E8E739E6E5E4E3E2E1E0DFDEDDDCDBD7
:10D2E000DAD9D8D7D6D5D4D3D2D1D0CFCECDCCCB16
:10D2F000CAC9C8C7C6C5C4C3C2C139C0BFBEBDBC88
:10D30000BBBAB9B8B7B6B5B4B3B2B1B5B3B0AFAED6
:10D31000ADACABAAACA9DC48FCF7DCFDDC48A062F4
:10D32000DC48E06203F0B8FE7FE3D748F9F73EFF40
:10D330001EE0607A54E1D448FBF7A8F90AE2D2482B
:10D34000FCF7CAFDD448A062D448E062002D15D095
:10D35000207A91E1CC48FBF719FBCF48A062CF4877
:10D36000E062002DF3D0207A3AE1C748F9F754F88B
:10D37000C948A062C948E062002DDAD192E1C248F2
:10D38000F9F722FAE6E1A062C448E0628AE1BE4809
:10D39000F9F786F8DEE1BC48FBF786FDDAE1BA482A
:10D3A000FBF75EFBBA48A062BC48E06203F06CFE8B
:10D3B0003BE3B548FCF7D8F9CCE1B348F5F7ACFF4F
:10D3C000C8E1B148F9F712FDB348A062B348E06282
:10D3D00006F0C2FC27E306F0D9FD0146AA48FDF796
:10D3E00077FAB7E1A848F5F733FFAB48A062AB483E
:10D3F000E06206F00DFC8FE0A348F5F7E5FEF2E3EE
:10D40000A148FBF7ABFEEEE3EFE3EFE3EFE3EFE37F
:10D41000EFE3EFE3EFE3DFE3D6E3CDE3C3E3BAE328
:10D42000B0E3A7E39EE395E38CE383E37AE371E360
:10D4300068E35FE356E34DE3F6E3CCE111E2EAE1B2
:10D44000B3E127E2FEE26FE2ABE184E19FE196E126
:10D4500099E175E170E15BE187E155E142E136E197
:10D46000A5E2E1E0E6E0E3E0D3E0C6E0E8E0BAE030
:10D47000F9E0A5E019E126E11BE118E263E058E0DC
:10D480004DE090E233E025E020E03CE037E032E0A0
:10D4900018E00FE004E0FFE77B48FBF7ABFFA2E3F7
:10D4A0007948F8F70BFF7D48E0627B48A06206F000
:10D4B00059FCB8E27448F9F7FBFE7848E06274481A
:10D4C000A062EFE07048FDF71DFFFAE06E48F8F744
:10D4D000DDFCF6E02078062803D1607901F0AEFC8F
:10D4E000A082A18A6848F8F701FD6D484BE76648BD
:10D4F000F7F7EEFBE5E06448F7F70CFAAAE16248BB
:10D50000F7F700FBA6E16048FBF7EEF86248A0627F
:10D510006248E06206F0E8FCE5F7F0F885E25A4878
:10D52000F5F7ECF85C48A0625C48E06206F0D6FAD9
:10D5300079E25548F9F718FC5748A0625748E0626D
:10D5400006F068FC6FE25048F5F796F85248A06282
:10D550005248E06230780E28E0D2DFE800F0070A97
:10D560000D101316191C1F2225282B2E06F0C2FBA6
:10D5700059E206F0EBFB56E206F0E2FB53E206F05E
:10D58000C6FB50E206F0BCFB4DE206F0D3FB4AE2DC
:10D5900006F0C4FB47E206F0B9FB44E206F09CFB50
:10D5A00041E206F0A1FB3EE206F090FB3BE206F012
:10D5B00095FB38E206F0ACFB35E206F0B5FB32E253
:10D5C0002078012801D00A2800D12074217C2E481F
:10D5D000F6F75AFD3048A0623048E0627DB3E0794A
:10D5E000F1F7A2F821E22848FBF750FD2A48A06293
:10D5F0002A48E06206F066FC8EE72A212248FCF702
:10D6000029F82548A0622548E062EBF7CDFBC0B2BF
:10D6100082E72B211C48FCF71DF81F48A0621F4819
:10D62000E062EBF7C7FB1CE01748FBF731FADAE2E0
:10D630002C2100E02D211448FCF726FD0AE131E001
:10D640001148FBF7E1FC1448A0621448E062FEF7C1
:10D6500033FFD0F884004FF0804108F049FA08F019
:10D66000BFF8C0B2BCE70848FAF70CFE0A48A0624F
:10D670000A48E062B5B1E079F1F756F8D8F80C1035
:10D68000A06903F001F9D0E1B85500204C58002002
:10D69000891C010841180108451A0108C10A01083E
:10D6A000951B0108E7F7F4FEBFE1F748FBF772F8B6
:10D6B00099E2F548F7F73CFB06F0BCFA08B1F348ED
:10D6C00061E6F3485FE6F048F8F768FBF7E7EE48F5
:10D6D000FDF7B2FDEF48A062EF48E06206F094FB70
:10D6E00070B10FE0E848F6F74BFFEA48A062EA485D
:10D6F000E062FEF7E1FEB0F86800B0F5807F01D18E
:10D70000012090E100208EE1DF48FDF7B3FF6AE2DF
:10D71000DD48FCF703FADF48A062DF48E062FEF76D
:10D72000CBFEB0F8C4000128EAD0FEF7C5FEB0F881
:10D73000C4000228E6D078E1D348FCF725F989E057
:10D7400006F00AFB054606F0CFF901462A46CE4808
:10D75000F9F714FA47E2CC48F9F79CFBCD48A062F0
:10D76000CD48E06206F05CFB5DE1C748F6F74AFF92
:10D77000C848A062C848E06206F0FAFA53E1C2481D
:10D78000F9F7B8F92FE2C048F8F73AFD2BE2BE48A6
:10D79000F9F7ECFDBF48A062BF48E06206F0FCFB71
:10D7A00041E1B948F4F7ECFF1DE230786074207C69
:10D7B0000A2802D0012806D008E0A06D007844288D
:10D7C00004D1617402E003F083F96074617CAE48B7
:10D7D000FAF7E2FB37E030786074207C0A2802D048
:10D7E000012806D008E0A06D0078442804D16174B7
:10D7F00002E003F06DF96074617CA348F9F78CFBDB
:10D80000A06D01784F2925D14178692922D18078EE
:10D8100057281AD01EE0207C0A2802D001280BD0FD
:10D820000DE0A06D0078442802D04D2802D006E01B
:10D83000617404E0627402E003F04AF96074617C90
:10D840009148FCF79BFD607C20B99248A062924809
:10D85000E06255E79148A0629148E062EFF78AFCE8
:10D86000E3E0207C0A2802D001280BD00DE0A06D57
:10D870000078442802D04D2802D006E0617404E00C
:10D88000627402E003F024F96074617C7E48FCF766
:10D89000FFFEDFE7207C0A2801D0012802D103F037
:10D8A00017F96074617C7848F6F714FCD2E7764883
:10D8B000F5F7E4FB7748A0627748E06230780E28FD
:10D8C00070D2DFE800F0070A0D101316191C1F2292
:10D8D00025282B2E06F068F962E006F093F95FE048
:10D8E00006F08AF95CE006F06CF959E006F062F99E
:10D8F00056E006F07BF953E006F06CF950E006F0D4
:10D900005FF94DE006F042F94AE006F047F947E0DA
:10D9100006F036F944E006F03BF941E006F054F930
:10D920003EE006F05DF93BE05748F5F7FBFB594850
:10D93000A0625948E06230780E2876D2DFE800F025
:10D94000070A0D101316191C1F2225282B2E06F06E
:10D95000E5F825E006F00EF922E006F005F91FE0F3
:10D9600006F0E9F81CE006F0DFF819E006F0F6F83A
:10D9700016E006F0E7F813E006F0DCF810E006F039
:10D98000BFF80DE006F0C4F80AE006F0B3F807E0CF
:10D9900006F0B8F804E006F0CFF801E006F0D8F899
:10D9A000E4F796FE41E03848FCF7BEF91BE1364843
:10D9B000FCF7F6F83748A0623748E06230780E2866
:10D9C00033D2DFE800F0070A0D101316191C1F22CE
:10D9D00025282B2E06F0E6F925E006F00FFA22E0C6
:10D9E00006F006FA1FE006F0EAF91CE006F0E0F99E
:10D9F00019E006F0F7F916E006F0E8F913E006F092
:10DA0000DDF910E006F0C0F90DE006F0C5F90AE016
:10DA100006F0B4F907E006F0B9F904E006F0D0F931
:10DA200001E006F0D9F9E5F791FA0022A0211020D3
:10DA3000FFF7FEF8FFF720FA102006F011F8277024
:10DA4000BDE8F08130780E2811D2DFE800F0070A37
:10DA50001114171A2B2E3134373A3D4006F064FA70
:10DA600001E006F08DFA01460748FCF7DBF8BAE062
:10DA700006F080FAF7E706F064FAF4E706F05AFADF
:10DA8000F1E706F071FAEEE7B8550020151B010822
:10DA9000891C0108451A0108C10A0108951B0108E3
:10DAA000DD09010806F054FADDE706F049FADAE785
:10DAB00006F02CFAD7E706F031FAD4E706F020FAA0
:10DAC000D1E706F025FACEE706F03CFACBE706F000
:10DAD00045FAC8E702F0FCFF607401466748F9F7B1
:10DAE0008BFCB7E602F0F4FF607401466348F9F777
:10DAF00015FDAFE602F0ECFF607401465F48F9F7F0
:10DB00009FFDA7E602F0E4FF607401465B48FAF768
:10DB10000FF89FE602F0DCFF607401465748F9F702
:10DB2000BFFE97E602F0D4FF607401465348F6F753
:10DB300039FA58E002F0CCFF607401464F48F6F71E
:10DB40000FF987E602F0C4FF607401464B48F6F710
:10DB500099F97FE602F0BCFF607401464748F5F78B
:10DB600047FF77E602F0B4FF607401464348F6F7DA
:10DB700065F86FE602F0ACFF607401463F48F5F7C8
:10DB8000CBFF67E602F0A4FF607401463A463B48CB
:10DB9000F5F7FEFD5EE602F09BFF60740146374834
:10DBA000F5F764FD56E602F093FF607401463A46CD
:10DBB0003248F5F785FE4DE602F08AFF60740146B3
:10DBC0002E48F5F7C1FC45E602F082FF607401467D
:10DBD0002A48F5F715FC3DE602F07AFF607401462D
:10DBE0002648F5F7DBFB264880E43EE035E02CE0F4
:10DBF0001BE011E008E0FFE702F06AFF60740146F5
:10DC00001E48FEF73FF925E602F062FF6074014608
:10DC10001A48FEF735FB1DE602F05AFF6074014614
:10DC20001648FEF72DFA15E607E002F051FF607482
:10DC300001461248FDF726FE0CE602F049FF60742B
:10DC400001460E48FAF7C6F804E602F041FF607498
:10DC500001460A48FDF786FBFCE502F039FF6074D7
:10DC600001460648FDF742FCF4E502F031FF60741E
:10DC700001460248F6F706FDECE50000B855002025
:10DC8000451A0108034602A205210248E2F734BC06
:10DC9000253464007C5500202DE9F04F89B0002028
:10DCA0000690F1F7BBF8F8484FF0100B4FF0000A60
:10DCB00000780A280FD006F04FF860B1CDF800B018
:10DCC000F148CDE901BA98301021037802690820A3
:10DCD000EAF77CFE09E0EC48CDE900BA9830082369
:10DCE000426910211846EAF7D5FE02F0C9FE022665
:10DCF00001250028E44800787ED001287DD1FEF778
:10DD0000DBFB002879D002F0C5FE002876D002F0B7
:10DD1000FBFDFFF717FA002282211A20FEF788FF89
:10DD20005746CDF81CA002F0D3FEDFF86093D84927
:10DD300003240DF11C080E287ED2DFE800F00788CE
:10DD4000A27DCAFDFC7D7DFBFAF9F8F7FEF7B4FB76
:10DD50004079CDE902675A2805D0CDE90478CD484D
:10DD60000323CD4A04E0CDE90478CC48CC4A032310
:10DD7000CDE9000730210020EDF7DDF8FEF79CFB30
:10DD80003130CDE90006CDE90257CDE90478002312
:10DD90001A4624213020EDF7CEF8CDE90478C148A9
:10DDA000CDE90007CDE902670223BF4A54210020D4
:10DDB000EDF7C1F8FEF780FB3830CDE90006CDE97C
:10DDC0000257CDE9047800231A4648212020EDF7B8
:10DDD000B2F8CDE90478CDE90097CDE902670223D6
:10DDE000B24A70210020EDF7A6F8FEF765FBCDE9F9
:10DDF000025700231A4602E0F2E3F2E3D8E32B30A5
:10DE0000CDE90005CDE9047870213E20EDF793F8C7
:10DE100002A8002380E8B00100971A46322198201A
:10DE20000197EDF788F803A8042180E88201002318
:10DE30001A4656210097FDE3C3E0CDE90174FAE2EA
:10DE40000023722100971A4678200197ABE3CDE9B1
:10DE50000478CDE90017CDE902670123944A4221F5
:10DE60000020EDF768F8FEF727FB3830CDE9000613
:10DE7000CDE902570023CDE9047836211A46202047
:10DE8000BEE2CDE904788B48CDE900074446CDE9F0
:10DE900002670223884A52210020EDF74CF8FEF772
:10DEA0000BFB3830CDE90006CDE90257CDE904740B
:10DEB00000231A4646212020EDF73DF8CDE90474F1
:10DEC0007E48CDE900070223CDE902677C4A542150
:10DED00062E3FEF7F1FA41797A48342902D05D29EC
:10DEE0006FD185E0CDE90478CDE90007CDE902677F
:10DEF0000223754A30210020EDF71DF8FEF7DCFA09
:10DF00003830CDE90006CDE90257CDE90478002389
:10DF10001A4624212020EDF70EF8CDE904780223DB
:10DF2000CDE9026769486A4A542106E063E304E3E5
:10DF3000F5E196E152E1F9E0CEE0CDE900070020FD
:10DF4000ECF7F9FFFEF7B8FA3130CDE90006CDE97C
:10DF50000257CDE9047800231A4648212020ECF727
:10DF6000EAFFCDE90478CDE90097CDE90267022305
:10DF70004E4A70210020ECF7DEFFFEF79DFA2B30B1
:10DF8000CDE90005CDE90257CDE9047800231A4612
:10DF900070213E20ECF7CFFFFEF78EFA416F4D481F
:10DFA00081420FDB03A80F2180E882010097CDE9B1
:10DFB000017400231A4632217820ECF7BCFF1121AE
:10DFC0000EE00AE103A8052180E882010097CDE96F
:10DFD000017400231A4632217820ECF7ACFF0421AB
:10DFE00003A8002380E882011A465621009748E0E2
:10DFF000CDE90478CDE90007CDE902670223324A72
:10E0000042210020ECF797FFFEF756FA3830CDE9B1
:10E010000006CDE90257CDE9047800231A463621DF
:10E020002020ECF788FFCDE90478CDE90097CDE911
:10E03000026702231D4A70210020ECF77CFFFEF7E7
:10E040003BFA2B30CDE90005CDE90257CDE9047844
:10E0500000231A4670213E20ECF76DFFFEF72CFAE4
:10E06000416F1C48814204DB03A80F2180E8820134
:10E0700003E003A9052081E8810100231A46442119
:10E0800000977820D9E6000020550020507902083A
:10E090009B7B0208BA790208B7790208B5790208B1
:10E0A000B2790208AF790208AD7902084E79020808
:10E0B0009A7B0208657C0208637C02087979020871
:10E0C00077790208047C0208FF7B0208FB7B0208C8
:10E0D000F97B020800401C46FEF7EEF9407909285A
:10E0E0007BD1CDE90478FE48CDE90007CDE9026790
:10E0F0000223FC4A54210020ECF71DFFFEF7DCF957
:10E100003830CDE90006CDE90257CDE90478002387
:10E110001A4648212020ECF70EFF03A8072180E8CB
:10E12000820100231A465621009739E2CDE904788E
:10E13000CDE90017CDE902670123EB4A3021002029
:10E14000ECF7F9FEFEF7B8F93130CDE90006CDE97C
:10E150000257CDE9047800231A4624212020ECF749
:10E16000EAFECDE90478E148CDE90007CDE9026790
:10E170000223DF4A54210020ECF7DDFEFEF79CF974
:10E180003830CDE90006CDE90257CDE90478002307
:10E190001A4648212020ECF7CEFECDE90478CDE9DF
:10E1A0000097CDE902670223D24A70210020ECF7E4
:10E1B000C2FEFEF781F92B30CDE90005CDE902570B
:10E1C000CDE9047800231A4670213E20ECF7B3FE17
:10E1D00003AA042082E8810129E6E6E1CDE904787A
:10E1E000C548CDE90007CDE902670323C34A4221B0
:10E1F0000020ECF7A0FEFEF75FF93830CDE900060D
:10E20000CDE90257CDE9047800231A4636212020B3
:10E21000ECF791FECDE90478CDE90097CDE90267EE
:10E220000223B44A70210020ECF785FEFEF744F982
:10E230002B30CDE90005CDE90257CDE90478002364
:10E240001A4670213E20ECF776FECDE90478AC4802
:10E25000CDE9000702234421CDE90267A94A7820CD
:10E26000E9E0CDE90478A848CDE90007CDE90267E7
:10E270000323A64A42210020ECF75DFEFEF71CF9BD
:10E280003830CDE90006CDE90257CDE90478002306
:10E290001A4636213020ECF74EFECDE90478CDE960
:10E2A0000097CDE902670223924A70210020ECF723
:10E2B00042FEFEF701F92B30CDE90005CDE902570A
:10E2C000CDE9047800231A4670212620ECF733FEAE
:10E2D000FEF7F2F8416F8E48814209DB03A80E2158
:10E2E00080E88201002358211A460846009708E07A
:10E2F00003A80D2180E88201002358211A466020DE
:10E300000097CDE90174ECF716FE02A8002380E81F
:10E31000D001722100971A466020019743E1FEF771
:10E32000CBF840794A2805D1FEF7C6F8B0F8C4000A
:10E3300002280CD0FEF7AAFCFEF7BEF840790A28A6
:10E3400009D0FEF7B9F840794A2804D006E07148B0
:10E35000FEF758FDF0E705F00BFDE8B3CDE90478D2
:10E360006D48CDE90007CDE9026702236B4A3021F1
:10E370000020ECF7E0FDFEF79FF83130CDE9000614
:10E38000CDE90257CDE9047800231A462421202044
:10E39000ECF7D1FDCDE904786148CDE90007CDE97E
:10E3A000026702235F4A54210020ECF7C4FDFEF708
:10E3B00083F83830CDE90006CDE90257CDE904787D
:10E3C00000231A4648212020ECF7B5FDCDE904785A
:10E3D000CDE90267544800E038E0CDE900070223A8
:10E3E000524A32218020ECF7A6FD03A9042081E8DF
:10E3F00081010097CDE9017400231A46562180203F
:10E40000ECF799FDCDE90478CDE90097CDE90267F5
:10E410000223384A70210020ECF78DFDFEF74CF8FE
:10E420002B30CDE90005CDE90257CDE90478002372
:10E430001A4670213E20ECF77EFD05F0A7FD00286E
:10E440007AD003A8029480E89001F9E4CDE9047839
:10E450003348CDE90007CDE902670223314A302174
:10E460000020ECF768FDFEF727F83830CDE900060C
:10E47000CDE90257CDE9047800231A462421202053
:10E48000ECF759FD03A8042180E882010097CDE94B
:10E49000017400231A4632218020ECF74CFDCDE9AF
:10E4A00004782348CDE90007CDE902670223214A19
:10E4B00054210020ECF73FFDFDF7FEFF4F30CDE982
:10E4C0000006CDE90257CDE9047800231A46482119
:10E4D0002020ECF730FD03A8042180E8820188E7C2
:10E4E0006B7C0208697C02089A7B0208AA79020800
:10E4F0007D7B02084E790208917C02088E7C02081E
:10E50000977C0208957C0208FF7C0208FC7C0208CC
:10E5100000401C466F780208657C0208637C020894
:10E520000A7A0208087A02087979020877790208DB
:10E53000107A02080E7A0208AAE0CDE90478FF48B2
:10E54000CDE90007CDE902670423FD4A3C21002004
:10E55000ECF7F1FCFDF7B0FF3F30CDE90006CDE967
:10E560000257CDE9047800231A464C212020ECF70D
:10E57000E2FC05F0A7FC88B105F0A4FC0A282AD02B
:10E5800005F0A0FC05282DD002A8002380E8B001EA
:10E5900000971A465A210197802004E0042122E0C6
:10E5A000CDE901748020ECF7C6FCE648079981604C
:10E5B000FDF782FFE7F7EBF9002878D002F088FA40
:10E5C0000E2875D2DFE800F06875A6B1BCC7D2DDB1
:10E5D000E8F9F6F5F4F3CDE90478CDF80CB005E0F0
:10E5E0005BE15CE1092103A880E8820100231A466F
:10E5F0005A210097D4E7CDE90478D348CDE9000744
:10E60000CDE902670323D14A42210020ECF793FCB5
:10E61000FDF752FF3830CDE90006CDE90257CDE9CC
:10E62000047800231A4636212020ECF784FCCDE93B
:10E63000026700E025E0CDE90478CDE900970223E8
:10E64000C34A70210020ECF776FCFDF735FF2B3034
:10E65000CDE90005CDE90257CDE9047800231A463B
:10E6600070213E20ECF767FCFDF726FF40791D285E
:10E6700009D003A8122180E8820100231A46442110
:10E6800000978020FEE4CDE90478CDF80CB0F4E7E3
:10E6900002A880E8D001D8E605F02CFB069005F032
:10E6A000E3FAF3F71FFF074605F0DAFB0BE0D3E0D0
:10E6B0000CE005F04BFB069005F002FBF3F712FFB0
:10E6C000074605F0F9FBF3F70DFF0446DFF8748207
:10E6D000A8F1980898F80A9088F80AA006980028E7
:10E6E0006AD017F0FF4F07D0FDF7E6FEE7F74DF9C8
:10E6F000394607F0C1F90AD914F0FF4F73D0FDF77E
:10E70000DBFEE7F742F9214607F0B6F86BD888F848
:10E710000A508CE005F014FB069005F0CBFAF3F7F5
:10E72000E1FE074605F0C2FBCDE705F0F0FA0690E2
:10E7300005F0A7FAF3F7D6FE074605F09EFBC2E701
:10E7400005F0DEFA069005F095FAF3F7CBFE0746E2
:10E7500005F08CFBB7E705F0EDFA069005F0A4FA9A
:10E76000F3F7C0FE074605F09BFBACE705F0D6FAD1
:10E77000069005F08DFAF3F7B5FE074605F084FB29
:10E78000A1E705F0C3FA069005F07AFAF3F7AAFEBE
:10E79000074605F071FB96E705F09EFA069005F036
:10E7A00055FAF3F79FFE074605F04CFB8BE731E087
:10E7B00025E019E00CE000E04CE005F095FA069049
:10E7C00005F04CFAF3F78EFE074605F043FB7AE7B7
:10E7D00005F07CFA069005F033FAF3F783FE07465E
:10E7E00005F02AFB6FE720E005F078FA069005F0C7
:10E7F0002FFAF3F777FE074605F026FB63E705F0EF
:10E8000087FA069005F03EFAF3F76CFE074605F02E
:10E8100035FB58E705F088FA069005F03FFAF3F764
:10E8200061FE074605F036FB4DE788F80AA0B9F10E
:10E83000000F03D0B9F1010F06D00DE098F80A00DF
:10E8400050B105F01BF807E098F80A0020B9FEF770
:10E850007DFA01E088F80AA0FDF72EFEE7F79EF8A2
:10E8600018B13C48FEF788FA01E0FEF7F9F9FDF728
:10E8700017FE78B1FDF71AFE60B1FDF71DFE0446E4
:10E88000FDF70EFE844201D1334800E03348FEF725
:10E8900001FB04E0FEF744FA01E0012808D0DFF8AC
:10E8A000A480A8F1980898F80000132803D085E008
:10E8B000FEF7D6F9EEE705F055FAE8B3FDF7CCFF21
:10E8C0000078D0B398F80F10B1B3544688F80FA071
:10E8D000002278215420FEF7ABF91A4F2048083760
:10E8E000CDE90447CDE90004CDE9026403231D4AC4
:10E8F0007E210020ECF71FFBCDE904471A48CDE943
:10E900000004CDE902640323184A4E210020ECF7ED
:10E9100012FBFEF72FF8CDE90447CDE90004CDE95D
:10E92000025400231A465E211846ECF704FBFDF75B
:10E9300093FFCDE902541BE040E059E04A7D020814
:10E94000467D0208B8550020A87D0208A57D020872
:10E950004E7902089F780208DF780208BF78020823
:10E96000576C0208546C0208656C0208626C02085D
:10E97000CDE90447CDE9000400231A465E211820A2
:10E98000ECF7D9FAFDF7F2FFCDE90447CDE9000431
:10E99000CDE9025400231A468E211846ECF7CBFA33
:10E9A000FDF766FFCDE90447CDE90004CDE9025447
:10E9B00000231A468E211820ECF7BDFA05F0CCF999
:10E9C000194C0146A068ECF7F7FAFDF759FF054628
:10E9D00005F0C2F901462A46E068EFF703FE98F811
:10E9E000010000281DD009B0BDE8F04F05F078BD4A
:10E9F00088F80F5005F0B0F950B1CDF800B0CDE96E
:10EA000001BA0623094A68211020E9F7DFFFD5E79C
:10EA1000CDE900BA0823064A68211020EAF73AF83F
:10EA2000CCE709B0BDE8F08FB8550020C06B0208F4
:10EA3000C66B020810B5774C4FF480612046EAF7A8
:10EA40002FFE01282FD0FDF7EFFE18B104F0C2FF12
:10EA500004F050FFF3F734FCF3F742FCF3F738FC13
:10EA60004FF400612046EAF71BFE012822D0FDF793
:10EA70004DFE18B104F04EFF04F03CFFF3F774FBB9
:10EA8000F3F782FBF3F778FB4FF480512046EAF767
:10EA900007FE012815D0FDF7A1FE10B3FEF77CFBA1
:10EAA000012814D019E0FDF7C7FE0028D8D104F0E2
:10EAB00089FFD5E7FDF732FE0028E5D104F022FFFB
:10EAC000E2E7FDF799FEA0B904F064FF11E0FDF75D
:10EAD0008DFE40F6B831884201D204F063FF04F0A5
:10EAE00009FFF3F7E5FBF3F7C5FBF3F7D1FBF3F70A
:10EAF000C9FB4FF400712046EAF7D2FD012863D02C
:10EB0000FDF7BEFD18B104F0CDFE04F0F3FEF3F7FF
:10EB1000D5FAF3F7E3FAF3F7D9FA4FF400512046A8
:10EB2000EAF7BEFD012856D0FDF7C2FD18B104F08A
:10EB3000C9FE04F0DFFEF3F7FFFAF3F705FBF3F786
:10EB4000DDFAF3F7E9FAF3F7E1FA4FF480412046F2
:10EB5000EAF7A6FD012845D0FDF7F0FD18B104F055
:10EB6000E9FE04F0C7FEF3F71FFBF3F72DFBF3F705
:10EB700023FB4FF400412046EAF792FD012838D0EC
:10EB8000FDF7F4FD18B104F0E5FE04F0B3FEF3F771
:10EB90002BFBF3F739FBF3F72FFB80211E48EAF735
:10EBA0007FFD01282CD0FDF7F9FD18B104F0E2FE3D
:10EBB00004F0A0FEF3F756FBF3F736FBF3F742FB46
:10EBC000BDE81040F3F738BBFDF762FD0028A4D183
:10EBD00004F060FEA1E7FDF773FD0028B5D104F055
:10EBE00069FEB2E7FDF7B2FD0028C2D104F09AFE3B
:10EBF000BFE7FDF7C3FD0028CFD104F0A3FECCE7AB
:10EC0000FDF7D4FD08B904F0ADFE044901200870F9
:10EC100010BD000000100240000002402E570020EE
:10EC20002DE9F047504F3878504CC00707F10205E6
:10EC30000DD021782078491C61F30300207000F08A
:10EC40000F000A2803D3287840F001002870387894
:10EC50004FF0010880074FF00A090DD52178207880
:10EC600008EB111161F307102070B9EB101F03D8E6
:10EC7000287840F002002870387840F6B83640070F
:10EC80000ED5E088401C80B2E0800A2808D328789E
:10EC900040F004002870E088B04201D304F08AFEFE
:10ECA000387800070DD561786078491C61F303005E
:10ECB000607000F00F000A2803D3287840F00800A5
:10ECC00028703878400616D5A088401C80B2A080F5
:10ECD0000A2810D3287840F040002870A08841F21C
:10ECE0007071884202D304F0FDFD04E0A088B042B8
:10ECF00001D304F0EFFD387880060DD5A178A07817
:10ED0000491C61F30300A07000F00F000A2803D330
:10ED1000287840F0200028703878C0060DD561783A
:10ED2000607808EB111161F307106070B9EB101FE8
:10ED300003D8287840F0100028707878400710D564
:10ED40002089401C80B220810A280AD3687840F0CC
:10ED5000040068702089B04203D3BDE8F04704F096
:10ED600011BEBDE8F08700003557002090780020E4
:10ED700008B5012200216846F0F7C8FF9DF80000A1
:10ED8000672802D0F3F78AFB03E0E9F7B1FC00F053
:10ED9000C7F804F0E7FF0B4B4FF4006108B1012204
:10EDA00000E000221846EAF788FC04F03DFFE9F78E
:10EDB000AFFC00210120E9F70DFF002004F050FE18
:10EDC00008BD0000000002402DE9F04106460C4657
:10EDD00040F2FF75174635EA14502BD00022134637
:10EDE000304606F05BF825D03A463046214606F01C
:10EDF0002BFF06460C4635EA145010D0002213466D
:10EE0000304606F04BF815D10220E1F792FDF1F7FC
:10EE10005DF90A46214662F31E01BDE8F081022039
:10EE2000E1F787FDF1F74AF90A46214662F31E0130
:10EE3000BDE8F08130462146BDE8F081014931F856
:10EE400010007047DC7C00200E4801884288C3888F
:10EE5000114482881A4411440289114442891144A0
:10EE600082891144C2891144028A1144428A1144A0
:10EE7000828A1144C28A1144028B408B1144084497
:10EE800080B27047DC7C00200B4630B400210E2A93
:10EE90000DD2DFE802F0070910121416181A1C1E12
:10EEA00020222426104900E0104901EB032130BC48
:10EEB0009422F0F72BBF0E49F7E70E49F5E70E490C
:10EEC000F3E70E49F1E70E49EFE70E49EDE70E498A
:10EED000EBE70E49E9E70E49E7E70E49E5E70E499A
:10EEE000E3E70E49E1E7000000B03C004045530075
:10EEF00080DA6900C06F800000059700409AAD007D
:10EF0000802FC400C0C4DA00005AF10040EF0701AE
:10EF100080841E01C01935014044620180D9780106
:10EF20001C224FF400710148F0F7F0BEDC7C002099
:10EF30002DE9F14F0024D34800F0ECFAD148DDF878
:10EF400000C000234F2643224C271C38CD4D42F2EF
:10EF500010714FF0440A4FF0480B4FF04609BCF1D6
:10EF60000E0F48D2DFE80CF007949FB1C1D1E2FE4A
:10EF7000FDFCFBFAF9F804888C427DD285F800A0EC
:10EF80006E70AB7004F0B6FF286404F0A1FD06F0CB
:10EF9000AFFA06460F46F1F75DFB32463B4605F0F9
:10EFA00069FD05F035FDE863FDF786FA3830F1F7C5
:10EFB00027F905F02DFD6864FDF77EFA3130F1F791
:10EFC0001FF905F025FDA86456E1FDF775FAC06E3E
:10EFD0004FF0844106F08CFD06F08AFAAA4AAB4B4A
:10EFE00005F004FE04E0FDF767FA2B30F1F708F9AD
:10EFF00005F00EFDA863EFF75DFC6872EFF760FCAB
:10F000002872EFF763FCE871EFF766FCE872EFF740
:10F0100069FCA871EFF778FCA872EFF77BFC287306
:10F02000FDF74AFA00F1560196480D220D30E1F73E
:10F030008FFBFDF711FC934D01681C3DC5F83A109C
:10F040004168C5F83E108068C5F842003635FDF7C6
:10F050000FFC01682961416869618068A861FDF75A
:10F0600085FC00882880FDF785FC0088688001F019
:10F070002FFD0246214600E075E0824800F0FEF9CF
:10F08000641CA0B2009900F0EDF90120BDE8F88FF2
:10F0900044888C4267D27020287085F801B0FDF753
:10F0A0000BFA383057E084888C42F3D25420287011
:10F0B000752068707220A870FDF7FEF93830F1F7FE
:10F0C0009FF805F0A5FC686695E7C4888C42E1D2FC
:10F0D00085F800906A70AF70FDF7EEF93830F1F7FF
:10F0E0008FF805F095FC6867C6E004898C42D1D2A0
:10F0F000452028706A70AB70FDF7DEF9406FA86597
:10F10000FDF7DAF9006FE865B6E044898C422AD24F
:10F110002E70522068705020A870FDF7CDF938305D
:10F12000F1F76EF805F074FC686564E784898C4239
:10F1300019D24E20287085F801B03321A970E870EB
:10F14000FDF7BAF93830F1F75BF805F061FCA86615
:10F15000FDF7B2F9313007E07BE06BE048E039E0E1
:10F1600027E017E006E077E0F1F74AF805F050FCF9
:10F17000E86481E0C4898C426ED285F800906B709F
:10F18000AB70FDF799F93830F1F73AF805F040FC2B
:10F19000E86671E0048A8C425ED22A706F70AB70B0
:10F1A000FDF78AF93830F1F72BF805F031FC2867C4
:10F1B00062E0448A8C424FD22A70682068706C20CA
:10F1C000A870FDF779F93830F1F71AF805F020FC4E
:10F1D000A86751E0848A8C423ED242202870672082
:10F1E00068706120A870FDF767F9406FE86743E039
:10F1F000C48A8C4230D22A706E7085F802A0FDF766
:10F200005BF93830F0F7FCFF05F002FCC5F8800030
:10F21000FDF752F93130F0F7F3FF05F0F9FB6866BE
:10F22000FDF74AF94F30F0F7EBFF05F0F1FBC5F8B9
:10F23000840021E0048B8C420ED24D2028706F7028
:10F240005320A870E870FDF737F9406FC5F88C00BF
:10F25000D1E6448B8C4201D3002017E72E70692041
:10F2600068705720A870FDF727F93830F0F7C8FF0D
:10F2700005F0CEFBC5F8900004F088FE00283FF4AE
:10F28000B2AEA2E6F87C0020CDCCCCCCCCCCFC3FFE
:10F2900010B5A8B0FF208DF8000003208DF8010004
:10F2A00002205C4A5C4C8DF80200D38AE18A6846F1
:10F2B0008B4207D90B22001DFFF7E6FDE08A401CB8
:10F2C000E0829AE0938AA18A8B4207D90A22001D24
:10F2D000FFF7DAFDA08A401CA0828EE0538A618A83
:10F2E0008B4207D90922001DFFF7CEFD608A401C22
:10F2F000608282E0D388E1888B4207D90322001D17
:10F30000FFF7C2FDE088401CE08076E0138A218A86
:10F310008B4207D90822001DFFF7B6FD208A401C4A
:10F3200020826AE0D389E1898B4207D90722001D38
:10F33000FFF7AAFDE089401CE0815EE09389A18986
:10F340008B4207D90622001DFFF79EFDA089401CB5
:10F35000A08152E0538961898B4207D90522001DA3
:10F36000FFF792FD6089401C608146E01389218986
:10F370008B4207D90422001DFFF786FD2089401C1F
:10F3800020813AE09388A1888B4207D90222001D90
:10F39000FFF77AFDA088401CA0802EE0538861888A
:10F3A0008B4207D90122001DFFF76EFD6088401CCB
:10F3B000608022E0138821888B4207D90022001D3B
:10F3C000FFF762FD2088401C208016E0138B218B04
:10F3D0008B4207D90C22001DFFF756FD208B401CE5
:10F3E00020830AE0528B618B8A4206D90D22001DD0
:10F3F000FFF74AFD608B401C60839C216846EFF755
:10F40000C9FC0648C8239C22C0696946EBF740FB4B
:10F4100028B010BDDC7C002064580020EC57002090
:10F420001CB5FF208DF8000003208DF8010001209D
:10F430008DF80200FFF708FD000A8DF80300FFF7C2
:10F4400003FD8DF8040007216846EFF7A3FC04488C
:10F45000C8230722C0696946EBF71AFB1CBD0000F0
:10F46000EC570020044A22F811001C224FF40071CE
:10F470000148F0F7ABBC0000DC7C00200B4630B448
:10F4800000210E2A0DD2DFE802F00709101214162F
:10F49000181A1C1E20222426104900E0104901EBF6
:10F4A000032130BC9422F0F791BC0E49F7E70E49D6
:10F4B000F5E70E49F3E70E49F1E70E49EFE70E498C
:10F4C000EDE70E49EBE70E49E9E70E49E7E70E499C
:10F4D000E5E70E49E3E70E49E1E7000000B03C0034
:10F4E0004045530080DA6900C06F80000005970036
:10F4F000409AAD00802FC400C0C4DA00005AF10069
:10F5000040EF070180841E01C019350140446201AB
:10F5100080D9780170B50446002544F8025B0D21BE
:10F52000658025836583E56125626562A562E56284
:10F5300044F8305FA4F12500323CE1F756F944F875
:10F54000385F6560A560E56025616561A561E5617D
:10F5500025626562A562E56225636563A563E5636F
:10F5600025646564A564E56425656565A56570BD6C
:10F5700010B50B4CFDF7B2F900220A4BC4E90401A7
:10F5800005F08CFC03D0D4E90401C4E90201D4E9FC
:10F59000020105F03DFABDE81040F0F747BE00005B
:10F5A000305800200000F0BF10B50B4CFDF796F965
:10F5B00000220A4BC4E9040105F070FC03D0D4E931
:10F5C0000401C4E90201D4E9020105F021FABDE811
:10F5D0001040F0F7B1BF0000305800200000F0BF2D
:10F5E00070B501F04DFA08B101F03AFAFDF7F0FDFF
:10F5F00008B1FDF7B3FDFCF75FFF484D407995F882
:10F60000451088425CD1FDF7C7FD4F2836D019DC84
:10F61000472833D012DC412830D008DC01281ED026
:10F62000032826D0252824D03F2849D126E0422887
:10F6300024D0452822D0462842D11FE04838062849
:10F640003ED81BE0503810283AD2DFE800F01717F8
:10F650001717171717121717171717171717FDF779
:10F6600071FD0022A0211620FDF7E2FA01F014FD41
:10F6700026E000210220F7F7EDFD21E001F02EFA4F
:10F680000B281DD1FDF78EFD80682549006981603A
:10F69000FDF788FD806823490069C160FDF782FDA0
:10F6A000806804210069417100210220F7F7D2FD32
:10F6B000FDF79EFD01281ED00424FDF773FD447064
:10F6C000FCF7EEFE407995F84510174C174D88422F
:10F6D0001CD1FCF7EBFE80B101F0DEFCFDF732FD42
:10F6E0001349486860606860087820702870BDE839
:10F6F0007040E6F72DB90124DFE7E6F721F9E6F7D8
:10F7000035F9BDE870400E2001F0E4BC01F0C4FC06
:10F71000FDF718FD606868602078E7E77C560020F8
:10F720008B6B0208866B0208545800204C5800204E
:10F730005C580020064810B50078002807D0F0F784
:10F74000D9FFF0F787FFBDE8104004F057B910BDAE
:10F750003058002010B5FDF7C9FB00280ED108492C
:10F7600040F2DC52888B401C80B28883904205D3E3
:10F7700000208883BDE81040FDF7C4BB10BD000029
:10F7800032570020E9F7DEFFEFF7F6FBECF7B0F9B0
:10F79000ECF756F9ECF716FBECF732FBECF7FCFA5A
:10F7A000FDF7B6FBF0F70EFA00F002F8FCE70000F8
:10F7B00070B5FDF76BF838B1F2F7BEFD04214D4886
:10F7C000E9F773FFEBF700FAFCF762FE4A4CE0B191
:10F7D000F2F720FCFFF7AEFFFDF7DEFC0025012865
:10F7E00012D104F081F978B1FCF766FE60B104F043
:10F7F0007BF9A188491C89B2A180B1EB500F04D3D9
:10F80000A580EFF725F900E0A580FCF75BFE18B1B5
:10F81000F2F710FCFCF75EFEFCF732FE18B1F2F7CF
:10F82000F1FBFFF7A5FEFFF705F9FDF749F898B1E1
:10F83000F2F798FDFDF7B0FC01280DD101F020F999
:10F8400010B3FDF7AFFC80682C498068884203D173
:10F85000FDF778FCF2F75CFDFCF70AFF18B1F2F750
:10F86000F1FBFEF719FAF2F725FAFDF7ABFCB0B1A0
:10F87000FDF76EFCFDF78AFC88B1F2F7BDFDFDF7E0
:10F880008BFC012803D00AE000F000F9E4E7FDF763
:10F890009FFC20B1607810B11948FDF711FBFDF70E
:10F8A00015F818B1F2F766FD04F0FEFFFCF7D8FF7B
:10F8B00018B1F2F725FDE9F793F9F2F70BFA01F029
:10F8C00047F801F0EDF818B101F024F8FFF788FED1
:10F8D0000C48007818B901F0D9F8E6F7D1FD01F02D
:10F8E000E7F818B101F01EF801F0ACFBBDE870407C
:10F8F000EEF7A4BF00000240305800206F6C0208F1
:10F90000077802084C58002010B5414C04F1010161
:10F910002078401C10F0FF0222704FF0000004D04D
:10F9200020700A7842F001020A70E28940F2EF2367
:10F93000521C92B2E2819A4204D3E0810A7842F0EA
:10F9400002020A70228A40F2D273521C92B22282C0
:10F950009A4204D320820A7842F004020A70628A32
:10F9600040F6CB13521C92B262829A4204D3608258
:10F970000A7842F080020A70A28A41F29813521C5F
:10F9800092B2A2829A4204D3A0820A7842F0100274
:10F990000A70E28A521C92B2E282B2F5BD6F04D9BB
:10F9A000E0820A7842F008020A70228B521C92B25E
:10F9B0002283FA2A04D320830A7842F020020A70B4
:10F9C000628940F21A53521C92B262819A420AD35F
:10F9D00060810A7842F040020A700E4A11880A29B2
:10F9E00001D8491C1180618B491C89B26183B1F532
:10F9F0007A7F0BD360832089401C80B22081B0F5D0
:10FA0000807F03D104F0CEFA401D208110BD00009C
:10FA10003257002036550020024640210148E9F7C0
:10FA20004CBE000000040240024680210148E9F774
:10FA300044BE00000004024080210148E9F730BEC6
:10FA40000004024000B585B08020009000200190A5
:10FA5000012002900220039069460248E9F73EFD2A
:10FA600005B000BD0004024000B585B080200090C4
:10FA70000120019000200290022003906946024874
:10FA8000E9F72CFD05B000BD000402402DE9F0436C
:10FA9000314D0227DFF8C490E88A87B005F1A00451
:10FAA0004FF00008092812D1FDF74CFB04F054F97F
:10FAB00008B1302000E02C20CDE90484CDE90278A3
:10FAC000CDE900980423264A2421EBF734FA224E8C
:10FAD0009836B068B8B1F2F71BFC02220021A6F1FB
:10FAE0008A0004F0C1FEA87B00EB400101EB00108E
:10FAF000242101EB4000B168087107B00020BDE887
:10FB0000F04303F0ADBF85F80E80E88A46460A2828
:10FB100010D204F021F908B1362000E02C20CDE904
:10FB200004641049CDE90016CDE9027603230E4A9C
:10FB300024210EE004F010F908B1302000E02C2060
:10FB4000CDE90464CDE90276CDE900960423044AA8
:10FB50002421EBF7F0F9D0E720550020736C020860
:10FB60006F6C0208646E0208616E020870B500F0E6
:10FB7000B5FF714C0B2804F1080570D01FDC02287A
:10FB800053D0042871D008286BD1A079032868D1FC
:10FB9000F2F7F8FBFCF784FC407901285CD0FCF715
:10FBA00085FC0021E3F776FDFCF77AFC407901281B
:10FBB00058D0FCF77BFCBDE87040E6F7F0BB0C28A2
:10FBC00018D0122871D013284BD1A079062848D11B
:10FBD000E079082845D1207A332842D1F2F7D2FBC8
:10FBE000FDF7DAFA03283CD1BDE87040012102207C
:10FBF000F7F730BBA079032833D10120E5F790FC5B
:10FC000000F026FFFCF74CFC407901280AD0FCF7F5
:10FC10004DFC294600F0B0F8FCF742FCBDE870400E
:10FC200000F04EBAFCF73CFCF3E7A079032871D151
:10FC3000F2F7A8FBFCF734FC4079012809D0FCF767
:10FC400035FC00F07FF8FCF72BFCBDE8704000F0BD
:10FC500015BAFCF725FCF4E7FCF722FCA1E728E045
:10FC600003E057E0FCF71CFCA5E7A079032851D17D
:10FC7000E07906284ED1F2F785FBFCF711FC4079BC
:10FC800001280FD0FCF712FC294600F075F8FCF7AC
:10FC900007FC4079012809D0FCF708FCBDE870405A
:10FCA000E6F776BBFCF7FCFBEEE734E0FCF7F8FB8D
:10FCB000F4E7A07906282DD1E07908282AD1207A06
:10FCC000082827D1F2F75EFBFDF766FA032805D076
:10FCD000472803D0482801D049281BD10121022000
:10FCE000F7F7B8FAFDF75EFA806814490069006911
:10FCF00000698160FDF756FA806811490069006962
:10FD00000069C160FDF74EFA80680421006900694E
:10FD10000069417170BDA0790628FBD1E0790828FF
:10FD2000F8D1207A0B28F5D1F2F72CFBFDF734FA45
:10FD30003E283FF459AF70BD7C560020776B020817
:10FD40007B6B0208002815D04C2100F8561F482173
:10FD500041702D2282704422C27070220271417162
:10FD6000302383713723C3715F2303724272817220
:10FD70002021C172704700002DE9FE4F040078D0A9
:10FD80004A7862F307000A7862F30F20CA7880B2DB
:10FD900062F307058A7862F30F254A79097962F3DD
:10FDA000070661F30F2605F053FD7A4905F03AFC8A
:10FDB0006067A8B205F04CFD774D294605F032FC8E
:10FDC000E06630B205F02CFD294605F02BFC00253D
:10FDD0002567E06705F08CFBCDE900016FA20821E3
:10FDE00004F13F00E0F788FB04F0D0F8A8B1E06E22
:10FDF00005F07EFB6B4A6C4B05F050F900226B4B13
:10FE000004F038FE04F004FE6949E066884203DC31
:10FE10004FF08441884200DAE166207804F12B0833
:10FE2000420704F1310704F1380624D520F004001C
:10FE30002070606F6061E06E05F05AFBCDE9000153
:10FE40005CA206214046E0F757FB206F05F050FB0F
:10FE5000CDE9000159A207213846E0F74DFB606F5C
:10FE600005F046FBCDE900014CA207213046E0F742
:10FE700043FBBDE8FE8F616FA06805F065FBA060E5
:10FE8000216FE06805F060FBE060E16E206905F03D
:10FE90005BFB20612046E4F7E7FC606F6061E0797E
:10FEA000401CC0B2E0710328E3D305F0D1FC8146C9
:10FEB0004946206905F0B6FB02904946E06805F026
:10FEC000B1FB83464946A06805F0ACFB824603F0CF
:10FED00095FFDFF8F09088B304F052F802282ED393
:10FEE00099F8001004F1A00001904A460C3804F182
:10FEF000AC09009049B115700098F2F78BFA01989F
:10FF0000F2F788FA4846F2F785FA51460098F2F778
:10FF1000B4FA59460198F2F7B0FA48460299F2F756
:10FF2000ACFA4846F2F78CFA02900098F2F788FA99
:10FF300082460198F2F784FA834603E0FFE7012145
:10FF400089F800102046E5F729FDE8B9029805F088
:10FF5000CFFACDE9000117A206214046E0F7CCFA1E
:10FF6000584605F0C5FACDE9000114A2072138462C
:10FF7000E0F7C2FA504605F0BBFACDE9000107A24E
:10FF800007213046E0F7B8FAE571A560E560256124
:10FF90006FE700000000C8420000204125352E32E6
:10FFA00066000000CDCCCCCCCCCCFC3F0000404067
:10FFB00000000C4325352E316600000025362E3218
:10FFC000660000004858002010B5002819D00D48E0
:10FFD00001220B0A00F8452F062242700822827087
:10FFE000C2700371417100F8422C06481146453039
:10FFF000EEF7D0FE01F048F8BDE810400B2001F00C
:020000040802F0
:100000006FB810BD7C56002010B5002819D00D48DF
:100010000122062100F8452F332341700821817009
:10002000C37000230371427100F8421C054845303B
:10003000EEF7B0FE01F028F8BDE81040132001F003
:100040004FB810BD7C5600200B4810B5012100F8B8
:10005000451F03234370082181700022C270027182
:10006000437100F8421C04484530EEF793FEBDE8AA
:1000700010400C2001F034B87C56002010B5002848
:100080001AD00E4801217C2200F8451F032141703F
:1000900008218170C270002202710222427100F8B0
:1000A000421C06484530EEF775FE00F0EDFFBDE856
:1000B0001040082001F014B810BD00007C5600204C
:1000C00010B5002818D00D480121032300F8451F62
:1000D0000821437081700022C2700271437100F8E0
:1000E000421C06484530EEF755FE00F0CDFFBDE856
:1000F0001040022000F0F4BF10BD00007C5600202C
:1001000010B5002816D00C480121032300F8451F24
:100110000821437081700022C2700271437100F89F
:10012000421C05484530EEF735FEBDE8104004207E
:1001300000F0D6BF10BD00007C56002010B500288E
:100140001AD00E4801220B2300F8452F06224270D8
:1001500008228270C3700B0A0371417100F8422CAF
:10016000064811464530EEF715FE00F08DFFBDE85C
:100170001040122000F0B4BF10BD00007C560020DB
:1001800070B500F0ABFC6D4C0B2804F108056FD086
:100190001FDC022850D0042873D008286AD1A07927
:1001A000042867D1F2F7EEF8FCF77AF940795C2879
:1001B00061D0FCF77BF9294604F05EF9FCF770F991
:1001C00040795C285AD0FCF771F9BDE87040E6F739
:1001D000E6B80C2815D0122873D013284AD1E0793C
:1001E0009C2847D1207A512844D1F2F7CBF8FCF76C
:1001F000D3FF03283ED1BDE8704001210220F7F76C
:1002000029B8A079042835D15C20E5F789F900F0F8
:100210001FFCFCF745F940795C280AD0FCF746F949
:10022000294600F091F8FCF73BF9BDE8704000F07A
:1002300047BAFCF735F9F3E7A079042871D1E079E2
:100240000C286ED1F2F79EF8FCF72AF940795C2869
:100250000BD0FCF72BF90C22294604F022F9FCF70D
:100260001FF9BDE8704000F009BAFCF719F9F2E790
:100270002BE006E055E0FCF713F99CE7FCF710F9DA
:10028000A3E7A07904284CD1E079102849D1F2F7EE
:1002900079F8FCF705F940795C280FD0FCF706F9EE
:1002A000294600F051F8FCF7FBF840795C2809D0AA
:1002B000FCF7FCF8BDE87040E6F76AB8FCF7F0F828
:1002C000EEE72FE0FCF7ECF8F4E7A079102828D14E
:1002D000E0799C2825D1F2F755F8FCF75DFF472817
:1002E00003D0482801D049281BD101210220F6F76C
:1002F000B1FFFCF757FF8068114900690069006988
:100300008160FCF74FFF80680E4900690069006951
:10031000C160FCF747FF806804210069006900693B
:10032000417170BDE0799C28FBD1F2F72BF8FCF706
:1003300033FF3E283FF45FAF70BD00007C560020C5
:10034000776B02087B6B02082DE9FE4F040078D022
:10035000487884F87400087884F87500C87884F8C0
:100360007600887884F87700487984F86C000879FA
:1003700084F86D00C87984F86E00887984F86F007D
:10038000487B84F87C00087B84F87D00C87B84F877
:100390007E00887B84F87F00002525677149E06F27
:1003A00005F09EFA05F0A4F8CDE900016EA208213F
:1003B00004F13F00E0F7A0F803F0E8FDA8B1E06E1B
:1003C00005F096F86A4A6B4B04F068FE00226A4B0F
:1003D00004F050FB04F01CFB6849E066884203DC33
:1003E0004FF08441884200DAE166207804F12B085E
:1003F000420704F1310704F1380624D520F0040047
:100400002070606F6061E06E05F072F8CDE9000168
:1004100055A206214046E0F76FF8206F05F068F816
:10042000CDE9000156A207213846E0F765F8606F74
:1004300005F05EF8CDE900014BA207213046E0F758
:100440005BF8BDE8FE8F616FA06805F07DF8A060E5
:10045000216FE06805F078F8E060E16E206905F052
:1004600073F820612046E4F7FFF9606F6061E0797E
:10047000401CC0B2E0710328E3D305F0E9F98146DE
:100480004946206905F0CEF802904946E06805F03B
:10049000C9F883464946A06805F0C4F8824603F0CF
:1004A000ADFCDFF8E49088B303F06AFD02282ED398
:1004B00099F8001004F1A00001904A460C3804F1AC
:1004C000AC09009049B115700098F1F7A3FF0198AD
:1004D000F1F7A0FF4846F1F79DFF51460098F1F76C
:1004E000CCFF59460198F1F7C8FF48460299F1F749
:1004F000C4FF4846F1F7A4FF02900098F1F7A0FF6F
:1005000082460198F1F79CFF834603E0FFE7012153
:1005100089F800102046E5F741FAE8B9029804F09E
:10052000E7FFCDE9000110A206214046DFF7E4FF16
:10053000584604F0DDFFCDE9000111A2072138463D
:10054000DFF7DAFF504604F0D3FFCDE9000106A241
:1005500007213046DFF7D0FFE571A560E560256132
:100560006FE7000000007A4425352E326600000057
:10057000CDCCCCCCCCCCFC3F0000404000000C43A8
:1005800025362E32660000004858002010B500289D
:100590001BD00E485C2100F8451F062141709C21AC
:1005A00081705121C1700021017101214171082127
:1005B00000F8421C05484530EEF7ECFB00F064FD06
:1005C000BDE81040132000F08BBD10BD7C5600200C
:1005D0001CB50C46002832D06846EEF789F9DDE9F3
:1005E0000001F1F7AFFF164A5C2102F8451F102108
:1005F00051709C2191706221D170002111710421F0
:10060000517108219171010AD1711072010E51725C
:10061000000C9072200AD0721473200E5073200CBC
:1006200090730748112102F8421C4530EEF7B2FBE7
:1006300000F02AFDBDE81C400B2000F051BD1CBDA0
:100640007C5600200C4810B55C2100F8451F0421A1
:100650004170752181706921C170002101710821EB
:10066000417100F8421C04484530EEF793FBBDE8A9
:1006700010400C2000F034BD7C56002010B500283E
:100680001BD00E485C2100F8451F042141707521E4
:1006900081704521C1700021017101214171082142
:1006A00000F8421C05484530EEF774FB00F0ECFC06
:1006B000BDE81040082000F013BD10BD7C5600209E
:1006C00010B500281BD00E485C2100F8451F0421FE
:1006D0004170752181703021C170002101710621A6
:1006E0004171082100F8421C05484530EEF752FBE5
:1006F00000F0CAFCBDE81040022000F0F1BC10BDC3
:100700007C56002010B5002818D00D485C2100F858
:10071000451F04214170752181706921C17000213C
:1007200001710821417100F8421C05484530EEF77F
:1007300031FBBDE81040042000F0D2BC10BD000029
:100740007C5600201CB50C46002832D06846EEF7D7
:10075000CFF8DDE90001F1F7F5FE164A5C2102F859
:10076000451F102151709C2191706621D17000218C
:1007700011710421517108219171010AD171107216
:10078000010E5172000C9072200AD0721473200E68
:100790005073200C90730748112102F8421C453019
:1007A000EEF7F8FA00F070FCBDE81C400B2000F0FA
:1007B00097BC1CBD7C56002010B5002827D0144AD9
:1007C00040F86C1F5C2102F8451F102151709C21DC
:1007D00091707A21D170002111710221517104218F
:1007E00091714178D17101781172C178517280781C
:1007F000907207480D2102F8421C4530EEF7CAFA04
:1008000000F042FCBDE81040122000F069BC10BDB1
:100810007C5600201CB50C46002832D06846EEF706
:1008200067F8DDE90001F1F78DFE164A5C2102F858
:10083000451F102151709C2191706A21D1700021B7
:1008400011710421517108219171010AD171107245
:10085000010E5172000C9072200AD0721473200E97
:100860005073200C90730748112102F8421C453048
:10087000EEF790FA00F008FCBDE81C400B2000F0F9
:100880002FBC1CBD7C56002010B5C47801220F4B34
:10089000072C0CD2196059605868006958600069CB
:1008A000884203D0521CD2B2072AF5D310BD58603B
:1008B0001860496918684069186040698842F5D035
:1008C000521CD2B2072AF5D310BD0000D05500202B
:1008D00010B5014608224FF6FF7407E004EA410113
:1008E00000F00103521E1943D2B240080028F5D18E
:1008F0009140C8B210BD00000248017821F0040107
:10090000017070477C560020014900200870704734
:10091000785600200248017821F0100101707047DC
:100920007C5600200248017821F0080101707047D0
:100930007C56002001490020887070477C560020BA
:100940000248017821F00201017070477C560020B6
:1009500010B500F0B5F8002877D0FFF7F1FF3B4C59
:100960002179052971D3601DE3F766FF00286CD05B
:1009700060794E280BD01ADC212862D00BDC0128CC
:100980004FD0092855D00A2827D01D285DD1BDE8B1
:100990001040ECF70BBC22281BD034283DD04A284D
:1009A0001FD04D2851D1BDE81040EAF7CBBC5138DB
:1009B00011284AD2DFE800F0094949494949494923
:1009C000491929252D1D21394100BDE81040E4F7C2
:1009D000E9BFBDE81040EBF79DBABDE81040E2F773
:1009E00055BDBDE81040E2F7C9BABDE81040E6F7D2
:1009F000B1B8BDE81040EBF791BEBDE81040E3F799
:100A000089BABDE81040FFF7BBBBBDE81040EEF768
:100A100071BBBDE81040E7F725BBBDE81040E6F725
:100A200029BDBDE81040FFF7A1B8BDE81040E4F7CC
:100A3000A1B8BDE81040ECF7B7BDBDE81040E1F744
:100A400085BEBDE81040E5F7FDB810BD7C5600201E
:100A500002484178491C4170704700007C560020D4
:100A600002484178491E4170704700007C560020C2
:100A700002480078C0F38000704700007C560020D8
:100A800001484078704700007C56002000487047BD
:100A90005058002001480078704700007856002028
:100AA00002480078C0F30010704700007C56002018
:100AB00002480078C0F3C000704700007C56002058
:100AC00002480078C0F34000704700007C560020C8
:100AD00001480078704700004C580020014890F809
:100AE000850070477C56002038B5044601680D48E3
:100AF000814215D10868486800902046E9F74FFD0B
:100B0000094800684068094BC0F14000187100F0C6
:100B1000D9FA4022591D2046BDE83840E9F796BF72
:100B200038BD000000480040F85A00207C560020E4
:100B3000704700002DE9F0410024FBF7B1FC0126CD
:100B4000FE4F0025B0B3FBF7B1FC98B303F024FAD5
:100B5000002874D0787BC8B10020787358B3FBF7B5
:100B60009FFC40794E286BD020DC212869D00FDC17
:100B7000012867D0092872D00A2831D01D2870D1E9
:100B8000FBF79AFCBDE8F041EDF732B80120E4E74D
:100B9000222867D0342878D04A2825D04D2860D123
:100BA000FBF78AFCBDE8F041EAF704BE5138112892
:100BB00057D201E048E027E0DFE800F083535353C9
:100BC000535353535309A39BA98F951DC800387BDA
:100BD000A0B33D73FBF770FCBDE8F041E6F720BB26
:100BE000FBF76AFC0A2102E0FBF766FC4A21BDE83C
:100BF000F041E3F7E7B8387B90B33D73FBF75CFC5B
:100C0000BDE8F041E4F724BBFBF750FC40794E28E7
:100C100016D003DC212814D0BADCA9E7A0F15100DA
:100C200011281ED2DFE800F04D1D1D1D1D1D1D1DCC
:100C30001D0F6D6573595F099200DCE73AE040E0F3
:100C40008AE08AE06FE0C2E7FBF72AFC10B1FBF70D
:100C50002DFC40B103F0A0F900287CD074E16FE0D6
:100C600067E099E033E003F097F950B3787B68B11F
:100C700000207873F0B3FBF713FC40794E286FD057
:100C800007DC212872D083DC72E746E04FF00100D8
:100C9000EFE7A0F1510011287ED2DFE800F0127DCD
:100CA0007D7D7D7D7D7D7D0A322A381E2409570099
:100CB000A1E78CE73E73FBF7FFFBBDE8F041E6F7E9
:100CC0000DBAFBF7F9FBBDE8F041E5F727BEFBF7EE
:100CD000F3FBBDE8F041EBF7A7BCFBF7EDFBBDE88C
:100CE000F041ECF7C3B8FBF7E7FBBDE8F041E3F7F1
:100CF0008BBC00E040E0FBF7DFFBBDE8F041FFF715
:100D000001BDFBF7D9FBBDE8F041EEF7A5BCFBF751
:100D1000D3FBBDE8F041E7F79BBCFBF7CDFBBDE89B
:100D2000F041E7F7E3B8FBF7C7FBBDE8F041FFF799
:100D3000E7B93E73FBF7C0FBBDE8F041E4F7A8BAA2
:100D4000FBF7BAFBBDE8F041ECF782BDFBF7B4FB63
:100D5000BDE8F04102E0F3E002E007E0E2F720B88E
:100D6000FBF7AAFBBDE8F041EDF74CBBFBF7A4FB9A
:100D7000BDE8F041E5F7FCB9F87A401CC0B2F87262
:100D8000012807D1FBF78CFB4079512802D00124C0
:100D9000E5F742FDF87A00E0CDE0022807D1FBF745
:100DA0007FFB40795A2802D00124E6F7B7F9F87A98
:100DB000032807D1FBF774FB4079222802D00124D5
:100DC000EBF7D2FBF87A042807D1FBF769FB4079EF
:100DD0005E2802D00124EBF7E7FFF87A052808D156
:100DE000FBF75EFB40790A2803D001240A20E2F7D2
:100DF00077FFF87A062807D1FBF752FB40795F2886
:100E000002D00124E3F79CFBF87A072807D1FBF70F
:100E100047FB40795C2802D00124FFF713FCF87AE5
:100E2000082807D1FBF73CFB40795B2802D001245E
:100E3000EEF7B2FBF87A092807D1FBF731FB4079CE
:100E40005D2802D00124E7F7A3FBF87A0A2807D12E
:100E5000FBF726FB4079342802D00124E6F7E6FFB1
:100E6000F87A0B2807D1FBF71BFB4079012802D049
:100E70000124FFF7E9F8F87A0C2807D1FBF710FBFB
:100E80004079602802D00124E4F782F9F87A0D282D
:100E900007D1FBF705FB4079092802D00124ECF7C4
:100EA000BBFCF87A0E2807D1FBF7FAFA40796128E3
:100EB00002D00124E1F714FFF87A0F2808D1FBF7DC
:100EC000EFFA40794A2803D001244A20E2F708FFCC
:100ED000F87A102807D1FBF7E3FA40794D2802D0C1
:100EE0000124EAF749FCF87A112807D1FBF7D8FA70
:100EF00040791D2802D00124ECF7CAFCF87A1228A8
:100F000007D1FBF7CDFA40794E2802D00124EDF746
:100F100019FAF87A132807D1FBF7C2FA4079212889
:100F200002D00124E5F708F9F87A142800D1FD72FF
:100F3000002C3FF421AFBDE8F081000020550020D7
:100F4000BDE8F041E5F768BCF87A401CC0B2F87221
:100F5000012802D10124E5F75FFCF87A022802D1CA
:100F60000124E6F7DBF8F87A032802D10124EBF735
:100F7000FBFAF87A042802D10124EBF715FFF87A7E
:100F8000052803D101240A20E2F7AAFEF87A0628F0
:100F900002D10124E3F7D4FAF87A072802D1012418
:100FA000FFF750FBF87A082802D10124EEF7F4FA93
:100FB000F87A092802D10124E7F7EAFAF87A0A2830
:100FC00002D10124E6F732FFF87A0B2802D101247E
:100FD000FFF73AF8F87A0C2802D10124E4F7D8F8A0
:100FE000F87A0D2802D10124ECF716FCF87A0E28C5
:100FF00002D10124E1F774FEF87A0F2803D101240D
:101000004A20E2F76DFEF87A102802D10124EAF7AF
:10101000B3FBF87A112802D10124ECF739FCF87AF5
:10102000122802D10124EDF78DF9F87A132802D1A4
:101030000124E5F781F8F87A142800D1FD72002C1C
:1010400082D078E70F4A10B592F885000C280DD0B1
:101050009078401CC0B29070042807D3FFF74CFC76
:1010600000209070BDE8104000F01CB8FFF700FDB4
:1010700020B99078012801D1FFF75CFDBDE8104050
:1010800000F054B87C5600200248017841F0040179
:10109000017070477C56002001490120087070479C
:1010A000785600200248017841F010010170704725
:1010B0007C5600200248017841F008010170704719
:1010C0007C5600200248017841F00201017070470F
:1010D0007C56002001490870704700004C580020E1
:1010E000014981F8850070477C56002006494888F0
:1010F000401C80B24880B0F5167F03D300204880A2
:10110000FFF7D8BF7047000078560020064941F825
:101110008C0F0068C26842F01002C26051F8870963
:101120004022E9F793BC00007C5600202DE9F041F5
:101130000122124F160331463846E8F7BEFA4FF443
:101140007A7425466D1E2D042D0CFBD10C4DC82341
:1011500005F14501EA78D5F88C00E9F799FC287883
:1011600040F001002870641E2404240CFBD1314699
:101170003846BDE8F0410022E8F79FBA0008024077
:101180007C5600202DE9FE4FF84EDFF8E4B306F15F
:101190009805337832469BF80010DFF8D883E8686A
:1011A0009269DB1E4FF0640A4FF0040905F10C0749
:1011B0005D2B78D2DFE813F05D00770077007700D1
:1011C0007700770077007700F50077002D01600148
:1011D000770077007501E6014601440277004C0272
:1011E0006702870236017700770062027700770096
:1011F000AE02A602E60248037700770029037700D3
:101200007700BE04D3040207280741076C07770064
:10121000E80B7004A20477009A04B602C4027804B2
:1012200077007700E6049204FC04F403530C84076F
:10123000B3098A0A340B5009B9127700C20DFB0DAD
:10124000320E790EC00EEE00050F2F0F590F830FCF
:10125000AD0F011044108610F3102109D70FC910EB
:10126000371152118811C3113612F911F9113612C2
:101270000113F1F7C1F8FBF71FF940794FF07E54E5
:101280004E287DD01EDC21287FD00EDC012860D0C6
:1012900009286BD00A282ED01D2804D1FBF70CF9A1
:1012A0002146ECF7A9FEBDE8FE8F22281ED0342887
:1012B00049D04A2823D04D28F5D1FBF7FDF8EAF7AD
:1012C00037F9F0E751381128EDD2DFE800F00A09CC
:1012D000090909090909091E322D37232847540035
:1012E000E1E7FBF7E9F8E4F73BFBDCE7FBF7E4F8C1
:1012F000EBF7E8F8D7E7FBF7DFF80A2102E0FBF7A6
:10130000DBF84A21E2F7AAFCCDE7FBF7D5F8E5F7D1
:1013100091FEC8E7FBF7D0F8EBF7EAFCC3E7FBF771
:10132000CBF8E3F7B1F8BEE7FBF7C6F8FFF72EF905
:10133000B9E7FBF7C1F8EEF7D3F8B4E7FBF7BCF871
:10134000E7F7CAF8AFE7FBF7B7F83021E6F710FE8A
:10135000A9E7FBF7B1F8FEF757FEA4E7FBF7ACF8F7
:10136000E3F786FE9FE70BE00FE0FFE7FBF7A4F84B
:10137000ECF730FA97E7FBF79FF8E1F78FFC92E77D
:10138000FBF79AF8002202F010BAFBF795F8E4F7A1
:10139000B3FE88E7F1F730F8FBF78EF8E3F702FACF
:1013A00081E701218DF8041080696421EBF719FEB3
:1013B00042F21076B0FBF6F18DF80610B0FBF6F1B4
:1013C00006FB11015446B1FBF4F18DF80510B0FB9A
:1013D000F4F10AFB11008DF80300E868642100694C
:1013E0008069EBF7FEFDB0FBF6F18DF80210B0FB63
:1013F000F6F106FB1101B1FBF4F18DF80110B0FB21
:10140000F4F104FB11008DF800006846E9F799FB40
:1014100049E7904201D1012000E0002002F0FAFEED
:1014200001F064BB904201D1002008E000699042C5
:1014300001D1052003E000699042F1D10A2002F0B9
:10144000ABFFEDE7904201D1012000E0002002F067
:1014500033FFEDF7D5FC02F085FC474B08B10122C4
:1014600000E000224FF400611846E8F726F9002159
:101470001320FBF70BFF16E7904201D100200DE08F
:101480000169914201D1052008E00969914201D129
:101490000A2003E040699042C2D1142002F026FEE7
:1014A000BEE7F0F7A9FFE8680A21006900698069D2
:1014B000EBF797FD03F0A2FD304C0022234603F02A
:1014C00095FBC6E91E01EFF7C5F8D6E91E2303F028
:1014D00019FF03F09DFA02F06BFDFAF7EDFF40797A
:1014E00021281AD0512802D05A2899D10AE0D6E9E9
:1014F0001E0103F08DFA0446FAF7DEFF2146E5F7F8
:101500009FFA8DE7D6E91E0103F082FA0446FAF746
:10151000D3FF2146E5F7A4FE82E7D6E91E010022AB
:10152000174B03F0B9FE03D815490020C6E91E0188
:10153000EFF790F8D6E91E2303F0E4FE03F068FA13
:1015400002F036FDFAF7B8FFE4F7BCFED6E91E015B
:101550000022234603F0A2FD03F0DCFC00B2EDF70D
:1015600033FC0120EDF72AFC5AE70000205500204B
:101570004C580020866B02080000024000005940D1
:1015800000C06240F0F738FFE8680A21006900698E
:101590008069EBF726FD03F031FD0022FB4B03F0E1
:1015A00025FBC6E91E0103F033FA02F0FBFE02F050
:1015B000A1FC02F043FAFAF77FFF407921281AD004
:1015C000512802D05A289CD10AE0D6E91E0103F026
:1015D0001FFA0446FAF770FF2146E5F75FFA1FE7A6
:1015E000D6E91E0103F014FA0446FAF765FF214616
:1015F000E5F764FE14E7E64CD6E91E010022234617
:1016000003F04AFE03D800202146C6E91E01D6E9B0
:101610001E0103F0FDF902F0C5FEFAF74DFFE4F7F5
:1016200051FED6E91E010022234603F037FD03F0E8
:1016300071FC00B2EDF7D4FB0120EDF7CBFBEFE638
:1016400080690021EBF7CDFCC0B202F0F7FEE7E6BF
:1016500090427FF436AEF0F7FDFC02F001FF8FE11F
:10166000FAF72AFFE4F79AF900283FF42AAEF0F7D8
:10167000D9FCFAF721FFE4F7FEFE14E671790020A9
:10168000FDF7F0FE0FE6F0F7B7FEE8680A21006903
:101690008069EBF7A6FC03F0B1FC0022BD4B03F020
:1016A000A5FAC6E91E01FAF707FF50B1D6E91E01F7
:1016B00003F0AEF90446FAF7FFFE2146E6F732F8EA
:1016C000F1E50021F1E3F0F797FEE8680A210069EF
:1016D0008069EBF786FC03F091FC0022AE4B03F02F
:1016E00085FAC6E91E01FAF7E7FE0028E9D0D6E937
:1016F0001E0103F08DF90446FAF7DEFE2146E6F7F7
:101700003DF8D0E5904201D1012000E0002002F038
:10171000D9FD85E6904201D1012000E0002002F0D1
:101720004DFC7DE6F0F768FEFAF7C6FEE968B2699F
:10173000914201D1012100E00021E1F763FEB2E511
:10174000F0F75AFEE8680A2100698069EBF749FC66
:101750000446C0B202F07EFE601FFA2805D8FAF7F0
:10176000ABFEA1B2E1F770FE9DE5A8688B49006968
:101770008160A8680169C1F80C80A868016981F8D6
:1017800005909EE70E29C4D2DFE801F0070B0F1386
:10179000171B1F23272B2F33373B002002F008FD98
:1017A0003EE6002002F030FD3AE6002002F026FD81
:1017B00036E6002002F009FD32E6002002F0FEFCD1
:1017C0002EE6002002F014FD2AE6002002F004FDBF
:1017D00026E6002002F0F8FC22E6002002F0DAFC07
:1017E0001EE6002002F0DEFC1AE6002002F0CCFC2F
:1017F00016E6002002F0D0FC12E6002002F0E6FC23
:101800000EE6002002F0EEFC0AE6F0F7F5FDFFF729
:101810003DF90146B06DE4F7B1F80446E86864218B
:101820000069006900698069EBF7DBFB5146B0FB9A
:10183000F1F20AFB1202B0FBFAF042EA0010C1B268
:101840002046E5F78BF82EE50E2912D2DFE801F0ED
:1018500007121D5A2E39444F5A606B76818C904284
:1018600001D1002003E04069904202D1022002F041
:101870000BFC83E0904201D1002003E040699042DC
:101880007CD1022002F02CFC78E0904201D10020B3
:1018900003E04069904271D1022002F01BFC6DE030
:1018A000002000E0022002F0E1FB67E0904201D15D
:1018B000002003E04069904260D1022002F0EAFB80
:1018C0005CE0904201D1002003E04069904255D194
:1018D000022002F0F9FB51E0904201D1002003E028
:1018E000406990424AD1022002F0E2FB46E0904279
:1018F00001D1002003E0406990423FD1022002F074
:10190000CFFB3BE09042CBD040699042CAD035E05B
:10191000904201D1002003E0406990422ED1022084
:1019200002F0ACFB2AE0904201D1002003E04069C4
:10193000904223D1022002F093FB1FE0904201D19C
:10194000002003E04069904218D1022002F090FB91
:1019500014E0904201D1002003E0406990420DD193
:10196000022002F09FFB09E0904201D1002003E039
:101970004069904202D1022002F0A0FBEDF740FA4C
:10198000FAF79AFD00287FF46BAE8CE40000244047
:101990000000594000408F400088C3408B6B020814
:1019A0000E2970D2DFE801F0070F171F272F373FEE
:1019B000474F575F6770012002F066FBB069C0783F
:1019C00002F01CFB2CE5012002F08AFBB069C07814
:1019D00002F040FB24E5012002F07CFBB069C078F6
:1019E00002F032FB1CE5012002F05BFBB069C0781D
:1019F00002F011FB14E5012002F04CFBB069C07845
:101A000002F002FB0CE5012002F05EFBB069C07839
:101A100002F014FB04E5012002F04AFBB069C07833
:101A200002F000FBFCE4012002F03AFBB069C07850
:101A300002F0F0FAF4E4012002F018FBB069C0787B
:101A400002F0CEFAECE4012002F018FBB069C07895
:101A500002F0CEFAE4E4012002F002FBB069C078A3
:101A600002F0B8FADCE4012002F002FBB069C078B1
:101A700002F0B8FAD4E4012002F014FBB069C07897
:101A800002F0CAFACCE432E2012002F017FBB0699E
:101A9000C07802F0CDFAC3E4904201D0012000E00A
:101AA000002002F003FCBBE480696421EBF799FAA3
:101AB0005146B0FBF1F24FF461635A43B0FBFAF3C5
:101AC0000AFB1300C0EB001002EB800080B202F0B2
:101AD0007BFAEDF795F9F0F737FC06E4904201D177
:101AE000012000E0002002F0F9FB99E4904201D1CE
:101AF000012000E0002002F0EBFB91E4FAF7DCFCAF
:101B000000283FF43EAEFAF7D7FCE968B26991428B
:101B100002D14FF4807101E040F6FF71A0F8681027
:101B2000FAF7CAFCB0F86840FAF7C6FC2146E3F7BA
:101B3000CFFB07E4904201D100200DE00169914202
:101B400001D1052008E00969914201D10A2003E092
:101B50004069904286D1142002F00CFC60E4F0F75A
:101B60004BFCE868B169884203D1FAF7A5FC022171
:101B700005E000698842DCD1FAF79EFC0321E9F711
:101B800089FE06E4904201D1012000E0002002F02D
:101B90005BFCE868B169884201D1012000E00020C7
:101BA0008DF808000122D10202A8EEF70FF937E400
:101BB0000E299AD2DFE801F007294B6D8FB1F1EFC2
:101BC000EEEDECEBEAE9012002F0F2FAF0F7F6F9BB
:101BD00000288AD0E8680A218069EBF702FA03F04E
:101BE00037FEFE4C214603F01DFD02F091FBE86834
:101BF0000A2100698069EBF7F4F903F029FE214618
:101C000003F010FD02F08EFA0AE4012002F0FCFA63
:101C1000F0F7D4F90028A1D0E8680A218069EBF731
:101C2000E0F903F015FEED4C214603F0FBFC02F059
:101C30009BFBE8680A2100698069EBF7D2F903F0A1
:101C400007FE214603F0EEFC02F098FA28E401209A
:101C500002F0D4FAF0F7B2F90028A8D0E8680A2117
:101C60008069EBF7BEF903F0F3FDDC4C214603F08D
:101C7000D9FC02F073FBE8680A2100698069EBF780
:101C8000B0F903F0E5FD214603F0CCFC02F070FA58
:101C900006E4012002F099FAF0F790F9002886D0C6
:101CA000E8680A218069EBF79CF903F0D1FDCB4C81
:101CB000214603F0B7FC02F038FBE8680A2100690E
:101CC0008069EBF78EF903F0C3FD214603F0AAFC0F
:101CD00002F035FA15E4012002F070FAF0F76EF91F
:101CE000002891D0E8680A218069EBF77AF903F0BF
:101CF000AFFDBA4C214603F095FC02F00FFBE868FB
:101D00000A2100698069EBF76CF903F0A1FD214617
:101D100003F088FC02F00CFA26E4012002F068FAD5
:101D2000F0F74CF9002891D0E8680A218069EBF7B8
:101D300065F9AB4C00B294F90010442902D0432954
:101D400015D003E003F06CFD02F002FB207802F0F6
:101D50001DFBE8680A2100698069EBF74FF994F9E7
:101D6000001000B2442905D043290BD006E04042C0
:101D700000B2E7E703F054FD02F0F4F9207802F036
:101D8000FFFA2CE4404200B2F4E7F5E0D2E0AFE025
:101D90008CE068E045E022E0FFE7012002F01CFA59
:101DA000F0F70CF9002895D0E8680A218069EBF774
:101DB00018F903F04DFD894C214603F033FC02F085
:101DC000BBFAE8680A2100698069EBF70AF903F0B9
:101DD0003FFD214603F026FC02F0B8F90AE4012099
:101DE00002F0F2F9F0F7EAF8002895D0E8680A2145
:101DF0008069EBF7F6F803F02BFD784C214603F0F1
:101E000011FC02F091FAE8680A2100698069EBF799
:101E1000E8F803F01DFD214603F004FC02F08EF902
:101E20000DE4012002F0B6F9F0F7C8F80028A8D0B8
:101E3000E8680A218069EBF7D4F803F009FD674CE4
:101E4000214603F0EFFB02F055FAE8680A21006929
:101E50008069EBF7C6F803F0FBFC214603F0E2FBD8
:101E600002F052F955E4012002F09CF9F0F7A6F8CF
:101E7000002886D0E8680A218069EBF7B2F803F001
:101E8000E7FC564C214603F0CDFB02F03BFAE86834
:101E90000A2100698069EBF7A4F803F0D9FC214618
:101EA00003F0C0FB02F038F933E4A2E2012002F0B3
:101EB0006BF9F0F783F8002890D0E8680A21806970
:101EC000EBF78FF803F0C4FC444C214603F0AAFB67
:101ED00002F00AFAE8680A2100698069EBF781F8E4
:101EE00003F0B6FC214603F09DFB02F007F9FDE389
:101EF000012002F051F9F0F761F8002890D0E8686D
:101F00000A218069EBF76DF803F0A2FC334C2146FF
:101F100003F088FB02F0F0F9E8680A2100698069A3
:101F2000EBF75FF803F094FC214603F07BFB02F033
:101F3000EDF8DBE3012002F049F9F0F73FF8002863
:101F400090D0E8680A218069EBF74BF803F080FC39
:101F5000224C214603F066FB02F0E8F9E8680A210A
:101F600000698069EBF73DF803F072FC214603F04D
:101F700059FB02F0E5F8B9E3012002F033F9F0F77C
:101F80001DF8002890D0E8680A218069EBF729F84D
:101F900003F05EFC114C214603F044FB02F0D2F941
:101FA000E8680A2100698069EBF71BF803F050FC30
:101FB000214603F037FB02F0CFF897E3F0F71CFA65
:101FC000FEF786FD0D287FF4DCADFAF775FA40794F
:101FD0001D28F8D1E868B169884203E0000020417B
:101FE000D855002003D1FAF767FA002109E000690B
:101FF000884203D1FAF760FA022102E0FAF75CFAAC
:102000000321EBF75BFF1EE4F0F7F6F9FEF760FD46
:102010000D28F8D1FAF750FA40791D28F3D1E86875
:10202000B169884203D1FAF747FA002102E0FAF7D2
:1020300043FA0121ECF70AF805E4F0F7DDF9E86866
:102040000A2100698069EAF7D9FF04B2FC4890F9D7
:102050000000442803D0432801D1604204B2FEF7B7
:1020600037FD0D28CFD1FAF727FA40791D28CAD1BC
:10207000204602F0ACFF0022F24B02F0B7FD02F066
:10208000C7FC0446FAF718FA2146EBF7FFFF7CE499
:10209000F0F7B2F9E8680A2100698069EAF7A1FF60
:1020A0000446FEF715FD0D28F1D1FAF705FA40793F
:1020B0001D28ECD1FAF700FAA1B2EBF7BDFE64E4FB
:1020C000F0F79AF9E8680A2100698069EAF789FF60
:1020D000044601F05BFFDC4DDC4E80B1FAF7ECF911
:1020E00040795A3806281AD8A4F5486002F086FFCD
:1020F0002A46334602F07AFD02F03CFF0446FEF722
:10210000E7FC4FF084470D28C1D2DFE800F00B3226
:1021100007074F077607079DB2C7F60035E4A4F519
:10212000A070E3E7FAF7C8F94079512811D05A288E
:10213000ADD1204602F062FF0022C54B02F056FDF1
:1021400002F066FC0446FAF7B7F92146E5F7E4F831
:102150001BE4204602F052FF0022BA4B02F046FD7B
:1021600002F056FC0446FAF7A7F92146E4F7C4FC4E
:102170000BE4FAF7A1F94079012811D05C2886D147
:10218000204602F03BFF0022B14B02F02FFD02F08F
:102190003FFC0446FAF790F92146FEF70DFB9CE45C
:1021A000FAF78AF9A1B2FDF7C9FF96E4FAF784F9C4
:1021B0004079342811D05D28F1D1204602F01EFF6D
:1021C0000022A34B02F012FD02F022FC0446FAF7B3
:1021D00073F92146E6F75CFA7FE4204602F00EFF31
:1021E0000022984B02F002FD02F012FC0446FAF7BE
:1021F00063F92146E5F7DCFE6FE4FAF75DF9407913
:10220000222811D05E28CAD1204602F0F7FE002213
:102210008F4B02F0EBFC02F0FBFB0446FAF74CF9A3
:102220002146EAF77DFE58E4204602F0E7FE002250
:10223000844B02F0DBFC02F0EBFB0446FAF73CF9BE
:102240002146EAF73DFA48E4FAF736F94079602882
:10225000A5D1204602F0D2FE00227D4B02F0C6FC42
:1022600002F0D6FB0446FAF727F92146E3F79EF879
:1022700033E4FAF721F94079612890D1204602F041
:10228000BDFE0022724B02F0B1FC02F0C1FB04461D
:10229000FAF712F92146E0F7A3FD1EE4FAF70CF96C
:1022A00040790A2813D04A2845D05F2894D1204687
:1022B00002F0A4FE0022664B02F098FC02F0A8FB9C
:1022C0000446FAF7F9F82146E2F7F8F905E401F0D7
:1022D0005DFE98B1FAF7F0F8C06E394603F008FCDD
:1022E00003F006F92A46334602F080FC0022554BE3
:1022F00002F0D4FE02F00EFE08E052E0FAF7DCF83D
:10230000C06E544903F0ECFA03F04EFA201A04B2FE
:10231000FAF7D2F8D0F8885004EB8400400003F0BC
:102320007FFA294603F010F903F03EFA04B2FAF7F7
:10233000C3F80A2231E001F029FE90B1FAF7BCF8A7
:10234000C06E394603F0D4FB03F0D2F82A46334678
:1023500002F04CFC00223B4B02F0A0FE02F0DAFD42
:1023600007E0FAF7A9F8C06E3A4903F0B9FA03F0AA
:102370001BFA201A04B2FAF79FF8D0F8885004EB41
:102380008400400003F04CFA294603F0DDF803F026
:102390000BFA04B2FAF790F84A222146E1F74EFD13
:1023A00031E601F0F3FD90B1FAF786F8C06E3946D8
:1023B00003F09EFB03F09CF82A46334602F016FC1D
:1023C0000022204B02F06AFE02F0A4FD07E0FAF7BB
:1023D00073F8C06E1F4903F083FA03F0E5F9201A81
:1023E00000B203F01DFA1B4903F01CF9ECF710FDD5
:1023F00001210220F4F72EFF05E6EFF7FDFFE86864
:102400000A218069EAF7EDFD0446FAF755F8A0F8CD
:102410006840FAF751F840790A2805D1FAF74CF8E4
:10242000A1B20A22E1F73CFCFAF746F840794A28C3
:10243000B6D1FAF741F8A1B24A22E1F731FCE2E560
:10244000D855002000002440CDCCCCCCCCCCFC3FD7
:10245000000059400000204171740C290FD00D2953
:102460009ED13846ECF7A0F8002285217320FAF7B8
:10247000DFFB307C012831D00A2832D038E03846E2
:10248000ECF792F8002285217320FAF7D1FB307C1B
:10249000012802D00A2803D009E0FAF70DF805E078
:1024A000FEF7F4FA0146B06DE3F768FA0446EFF779
:1024B000A3FFFAF701F8002873D02046316AE4F749
:1024C00087F9002898D060794D2895D1F9F7F4FF65
:1024D00049F61452216FE9F767FA94E5F9F7ECFF32
:1024E00005E0FEF7D3FA0146B06DE3F747FA04467C
:1024F000EFF782FFF9F7E0FF0028DDD02046316AD0
:10250000E4F766F900289AD060791D2897D1F9F789
:10251000D3FF0121EBF7B2FC75E5687073E57174C8
:1025200099B149F6165A0C2975D00D2987D138462C
:10253000ECF73AF8002285217320FAF779FB307C1A
:10254000012869D00A2868D0ACE03846ECF72CF8AE
:10255000002285217320FAF76BFB307C012802D022
:102560000A2803D009E0F9F7A7FF05E0FEF78EFA85
:102570000146B06DE3F702FA0446EFF73DFF20464F
:10258000316AE4F725F90028A7D0F9F795FF00286C
:1025900092D06079212846D0512803D05A289CD166
:1025A0003CE0A4E02046E3F7EEF902F0A1FF074685
:1025B0008A46306A02F09CFF0022FB4B02F016FBB9
:1025C0003A46534602F012FB07468A462046E3F796
:1025D000E2F902F08DFF3A46534602F05FFD02F049
:1025E00017FA3063F9F768FF007E01280DD0306BD1
:1025F00002F07EFF0022ED4B02F090FE21F0004140
:102600000022EB4B02F00EFD71D8F9F755FF316B4C
:10261000E4F7DAF9F7E40EE03AE03CE0F9F74CFFD2
:10262000E4F72AFDEFE4F9F747FFE3F74BFE01205B
:10263000ECF7BEFBE7E43846EBF7B6FF0022852156
:102640007320FAF7F5FA307C012802D00A2803D06B
:1026500009E0F9F731FF05E0FEF718FA0146B06D21
:10266000E3F78CF90446EFF7C7FEF9F725FF0028DA
:102670008ED02046316AE4F7ABF80028CAD06079E2
:102680004D28C7D101F01EFCD8B101F01BFC18E0A9
:10269000F9F712FF05E0FEF7F9F90146B06DE3F72F
:1026A0006DF90446EFF7A8FEF9F706FF0028DFD022
:1026B0002046316AE4F78CF80028ABD060791D28F9
:1026C000A8D1F9F7F9FE5346216FA5E0717491B1D5
:1026D0000C299FD13846EBF767FF00228521732034
:1026E000FAF7A6FA307C012872D001E0FEE14AE157
:1026F0000A2870D076E0307C012802D00A2803D066
:1027000009E0F9F7D9FE05E0FEF7C0F90146B06D22
:10271000E3F734F90446F9F7CFFE4079212807D1D1
:102720003846EBF741FF002285217320FAF780FA43
:10273000EFF762FE2046316AE4F74AF800289DD0A0
:10274000F9F7BAFE002893D06079212836D05128B5
:102750000FD05A2895D19749306A8842BFF620AFEA
:10276000954988423FF71CAEF9F7A6FEE4F702FE52
:1027700049E49249306A02F055FFB0632046E3F71E
:102780000AF907462046E3F7FBF805462046E3F73B
:10279000FAF8294603F0ACF9394602F043FF3064F9
:1027A000B06987498160032181708649C1604121F8
:1027B00001718548B0628548F06224E4F9F77CFE37
:1027C000E3F780FD0120ECF715FB1CE400E002E0DC
:1027D000F9F772FE05E0FEF759F90146B06DE3F72F
:1027E000CDF80446EFF708FEF9F766FE0028AAD0F8
:1027F0002046316AE3F7ECFF0028B9D060794D2814
:10280000B6D101F05FFB49F61A5508B101F05AFB49
:10281000F9F752FE216F2B46326AE9F793F80BE481
:10282000717479B10C29FAD13846EBF7BDFE00225C
:1028300085217320FAF7FCF9307C01287AD00A2828
:102840007BD081E03846EBF7AFFE00228521732074
:10285000FAF7EEF9307C012802D00A2803D009E00B
:10286000F9F72AFE05E0FEF711F90146B06DE3F72E
:1028700085F80446EFF7C0FD2046316AE3F7A8FF6C
:102880000028CCD04D49306A02F0CCFEF0632046DF
:10289000E3F781F882462046E3F772F807462046C0
:1028A000E3F771F8394603F023F9514602F0BAFE16
:1028B000074670643946306C03F01AF9F16B8246B2
:1028C0008B46B06B03F014F9514602F0ABFE39466B
:1028D000306303F005F8594603F0FFF87063F9F729
:1028E000EBFD00284FD0607951287FF432AFF9F723
:1028F000E3FD007E012814D0306B02F0F9FD0022C8
:102900002A4B02F00BFD21F000410022284B02F07F
:1029100089FB38D8706B2E4920F0004002F0ACFFE4
:1029200031D2F9F7C9FDD6E90C12E4F751F80FE4FA
:1029300000E002E0F9F7C0FD05E0FEF7A7F8014668
:10294000B06DE3F71BF80446EFF756FD2046316AF9
:10295000E3F73EFF0028EAD0F9F7AEFD406FF064E0
:10296000B16C0C4603F0C4F80146306A02F05AFE1E
:10297000306580F00040214602F0B2FF7065F9F743
:102980009BFD0028D3D17CE20E2956D2DFE801F06E
:102990000722262A2E32363A3E42464A4E5200201E
:1029A00001F052FC49E00000000059400000F03FF7
:1029B0000000E03F0000BE420000A0400000C8420E
:1029C000B26B0208B56B0208451A0108C10A01087A
:1029D0009A99193E002001F063FC2EE0002001F0DE
:1029E00059FC2AE0002001F03CFC26E0002001F028
:1029F00031FC22E0002001F047FC1EE0002001F045
:102A000037FC1AE0002001F02BFC16E0002001F05A
:102A10000DFC12E0002001F011FC0EE0002001F09E
:102A2000FFFB0AE0002001F003FC06E0002001F0BB
:102A300019FC02E0002001F021FCFEF727F80468F1
:102A4000002C88D004F19400EFF7EFFC04F1A00013
:102A5000EFF7EBFC04F1AC00EFF7E7FC46E0806930
:102A60000A21EAF7BEFA0546FEF710F80468002CC2
:102A7000E7D09BF800000E2838D2DFE800F0071EF0
:102A80003A51687F96ADC4DBF6F4F3F2E8B201F098
:102A9000A3FC012001F0D8FB01F046FA014604F145
:102AA0009400EFF7D7FC01F03FFA014604F1A000D3
:102AB000EFF7D0FC01F038FA3CE1E8B201F0B8FCE5
:102AC000012001F0EDFB01F05BFA014604F19400F6
:102AD000EFF7C0FC01F054FA014604F1A000EFF753
:102AE000B9FC01F04DFA25E1EFF7B4FCECF788F9F9
:102AF00056E4E8B201F096FC012001F0CBFB01F0B6
:102B000039FA014604F19400EFF7A4FC01F032FA1F
:102B1000014604F1A000EFF79DFC01F02BFA09E15A
:102B2000E8B201F066FC012001F09BFB01F009FA1C
:102B3000014604F19400EFF78DFC01F002FA014622
:102B400004F1A000EFF786FC01F0FBF9F2E0E8B237
:102B500001F048FC012001F07DFB01F0EBF901469A
:102B600004F19400EFF776FC01F0E4F9014604F17A
:102B7000A000EFF76FFC01F0DDF9DBE0E8B201F057
:102B80004BFC012001F080FB01F0EEF9014604F15D
:102B90009400EFF75FFC01F0E7F9014604F1A000B3
:102BA000EFF758FC01F0E0F9C4E0E8B201F028FCCE
:102BB000012001F05DFB01F0CBF9014604F1940026
:102BC000EFF748FC01F0C4F9014604F1A000EFF76B
:102BD00041FC01F0BDF9ADE0E8B201F009FC0120D3
:102BE00001F03EFB01F0ACF9014604F19400EFF76F
:102BF00031FC01F0A5F9014604F1A000EFF72AFC31
:102C000001F09EF996E0E8B201F0D8FB012001F056
:102C10000DFB01F07BF9014604F19400EFF71AFC7B
:102C200001F074F9014604F1A000EFF713FC01F084
:102C30006DF97FE0E8B201F0C9FB012001F0FEFA76
:102C400001F06CF9014604F19400EFF703FC01F088
:102C500065F9014604F1A000EFF7FCFB01F05EF915
:102C600068E051E039E017E0FFE7E8B201F0A0FBCF
:102C7000012001F0D5FA01F043F9014604F1940076
:102C8000EFF7E8FB01F03CF9014604F1A000EFF793
:102C9000E1FB01F035F94DE0E8B201F091FB0120D4
:102CA00001F0C6FA01F034F9014604F19400EFF79F
:102CB000D1FB01F02DF9014604F1A000EFF7CAFBAA
:102CC00001F026F9014604F1AC00EFF7C3FB01F077
:102CD0001FF9014604F1B80006E7E8B201F08AFBEB
:102CE000012001F0BFFA01F02DF9014604F1940032
:102CF000EFF7B0FB01F026F9014604F1A000EFF771
:102D0000A9FB01F01FF915E0E8B201F07FFB0120FB
:102D100001F0B4FA01F022F9014604F19400EFF752
:102D200099FB01F01BF9014604F1A000EFF792FBBB
:102D300001F014F9014604F1AC00D5E63846EBF792
:102D400033FC002285217320F9F772FF307C0128C3
:102D500002D00A2803D009E0F9F7AEFB05E0FDF741
:102D600095FE0146B06DE2F709FE0446EFF744FB1D
:102D70002046316AE3F72CFD00283FF4B9AEF9F79D
:102D80009BFB00287DD0F9F797FB4079222808D0DB
:102D90005E287FF4ADAEF9F78FFB316AE9F7CAFF21
:102DA00038E4F9F789FB316AE9F7B2FB32E43846D7
:102DB000EBF7FAFB002285217320F9F739FF307C0D
:102DC000012802D00A2803D009E0F9F775FB05E0D5
:102DD000FDF75CFE0146B06DE2F7D0FD0446EFF76B
:102DE0000BFB2046316AE3F7F3FC0028D8D0F9F753
:102DF00063FB0028C6D0F9F75FFB4079222807D093
:102E00005E28CDD1F9F758FB316AEAF74FF809E4AB
:102E1000F9F752FB316AE9F727FC03E43846EBF790
:102E2000C3FB002285217320F9F702FF307C0128C3
:102E300002D00A2803D009E0F9F73EFB05E0FDF7D0
:102E400025FE0146B06DE2F799FD0446EFF7D4FA8E
:102E50002046316AE3F7BCFC0028D8D0F9F72CFBF8
:102E600000288FD0F9F728FB4079012819D02228B3
:102E70000BD05C280FD05E28C9D1F9F71DFB316A51
:102E800000E030E2E9F786FE72E4F9F715FB316AFB
:102E9000E9F79AFA6CE4F9F70FFB316AFDF798FB52
:102EA00066E4F9F709FB122143E03846EBF77CFBB7
:102EB000002285217320F9F7BBFE307C012802D067
:102EC0000A2803D009E0F9F7F7FA05E0FDF7DEFD7F
:102ED0000146B06DE2F752FD0446EFF78DFA204649
:102EE000316AE3F775FC0028CED0F9F7E5FA00283F
:102EF000B7D0F9F7E1FA4079012817D0222809D094
:102F00005C280DD05E28BFD1F9F7D6FA316AE9F70F
:102F10007BFE2DE4F9F7D0FA316AE9F77FFA27E46E
:102F2000F9F7CAFA316AFDF70DFC21E4F9F7C4FAA2
:102F30001121FDF749F81BE43846EBF735FB002279
:102F400085217320F9F774FE307C012802D00A280D
:102F500003D009E0F9F7B0FA05E0FDF797FD014667
:102F6000B06DE2F70BFD0446EFF746FA2046316AF2
:102F7000E3F72EFC002887D0F9F79EFA0028B7D097
:102F8000F9F79AFA4079012817D0222809D05C284D
:102F90000DD05E2884D1F9F78FFA316AE9F76EFE19
:102FA0000BE4F9F789FA316AE9F762FA05E4F9F70F
:102FB00083FA316AFDF72EFC07E4F9F77DFA132155
:102FC000B7E73846EBF7F0FA002285217320F9F7CE
:102FD0002FFE307C012802D00A2803D009E0F9F73F
:102FE0006BFA05E0FDF752FD0146B06DE2F7C6FC55
:102FF0000446EFF701FA2046316AE3F7E9FB0028BF
:10300000DAD0F9F759FA0028B9D0F9F755FA316A48
:10301000E1F772F803E43846EBF7C6FA002285219F
:103020007320F9F705FE307C012802D00A2803D06E
:1030300009E0F9F741FA05E0FDF728FD0146B06D1A
:10304000E2F79CFC0446EFF7D7F92046316AE3F734
:10305000BFFB0028DED0F9F72FFA00288FD0F9F750
:103060002BFA316AE1F782F861E43846EBF79CFA13
:10307000002285217320F9F7DBFD307C012802D086
:103080000A2803D009E0F9F717FA05E0FDF7FEFC7E
:103090000146B06DE2F772FC0446EFF7ADF9204649
:1030A000316AE3F795FB0028DED0F9F705FA00282E
:1030B000AAD0F9F701FA316AE1F708FA37E438469D
:1030C000EBF772FA002285217320F9F7B1FD307C0D
:1030D000012802D00A2803D009E0F9F7EDF905E04C
:1030E000FDF7D4FC0146B06DE2F748FC0446EFF76B
:1030F00083F92046316AE3F76BFB0028B4D0F9F777
:10310000DBF90028AAD0F9F7D7F9316AE1F79CFA80
:103110000DE43846EBF748FA002285217320F9F7D1
:1031200087FD307C012802D00A2803D009E0F9F796
:10313000C3F905E0FDF7AAFC0146B06DE2F71EFCFD
:103140000446EFF759F92046316AE3F741FB0028BE
:103150008AD0F9F7B1F90028AAD0F9F7ADF9316AA8
:10316000E1F7E6FAC4E43846EBF71EFA00228521BF
:103170007320F9F75DFD307C012802D00A2803D0C6
:1031800009E0F9F799F905E0FDF780FC0146B06D1B
:10319000E2F7F4FB0446EFF72FF92046316AE3F734
:1031A00017FB0028DED0F9F787F90028AAD0F9F735
:1031B00083F9316AE0F7FAF89AE43846EBF7F4F964
:1031C000002285217320F9F733FD307C012802D0DD
:1031D0000A2803D009E0F9F76FF905E0FDF756FC7E
:1031E0000146B06DE2F7CAFB0446EFF705F9204649
:1031F000316AE3F7EDFA0028B4D0F9F75DF9002859
:1032000071D0F9F759F940790A2809D1306A02F0EA
:10321000E7FA84B2F9F750F90A222146E0F7BAFA40
:10322000F9F74AF940794A289CD1306A02F0D8FA75
:1032300084B2F9F741F94A222146E0F7ABFA57E4A4
:103240003846EBF7B1F9002285217320F9F7F0FC3D
:10325000307C012802D00A2803D009E0F9F72CF9C4
:1032600005E0FDF713FC0146B06DE2F787FB04466D
:10327000EFF7C2F82046316AE3F7AAFA00289BD09C
:10328000F9F71AF978B3F9F717F940790A2809D14B
:10329000306A02F0A5FA84B2F9F70EF90A22214643
:1032A000E0F752FAF9F708F940794A2884D1306AF0
:1032B00002F096FA84B2F9F7FFF84A222146E0F7C5
:1032C00043FA15E43846EBF76FF9002285217320A5
:1032D000F9F7AEFC307C012802D00A2804D00AE0BD
:1032E000F9F7EAF806E041E0FDF7D0FB0146B06DE2
:1032F000E2F744FB0446EFF77FF82046316AE3F734
:1033000067FA00289BD0F9F7D7F878B3F9F7D4F823
:1033100040790A2809D1306A02F062FA84B2F9F7DA
:10332000CBF80A222146E0F7CFFDF9F7C5F840793E
:103330004A2884D1306A02F053FA84B2F9F7BCF813
:103340004A222146E0F7C0FD2AE53846EBF72CF982
:10335000002285217320F9F76BFC307C012802D014
:103360000A2804D00AE0F9F7A7F806E050E0FDF7D4
:103370008DFB0146B06DE2F701FB0446EFF73CF828
:103380002046316AE3F724FA0028DDD0F9F794F8F3
:10339000F0B3F9F791F8316ADFF7DCFF00E5384662
:1033A000EBF702F9002285217320F9F741FC307C0C
:1033B000012802D00A2803D009E0F9F77DF805E0DA
:1033C000FDF764FB0146B06DE2F7D8FA0446EFF76B
:1033D00013F82046316AE3F7FBF90028B4D0F9F777
:1033E0006BF8A8B1F9F768F840790A2809D1306A72
:1033F00002F0F6F984B2F9F75FF80A222146E0F705
:103400003DFDF9F759F840794A289DD1306A00E02E
:1034100084E002F0E5F984B2F9F74EF84A22214639
:10342000E0F72CFDBCE4EEF7E7FFF9F745F840794B
:103430000A2808D04A280AD05F2885D1F9F73CF835
:10344000E1F700F8ACE4F9F737F80A2202E0F9F7FF
:1034500033F84A220121E0F7E1FBA1E43846EBF71B
:10346000A3F8002285217320F9F7E2FB307C0128C4
:1034700003D00A2804D018B109E0F9F71DF805E0D7
:10348000FDF704FB0146B06DE2F778FA0446EEF76B
:10349000B3FF2046316AE3F79BF90028C2D0ECB3B2
:1034A00060791D2807D05B28BCD1F9F705F8316A8F
:1034B000ECF738F874E4EE49306A02F0B3F80446E9
:1034C000F8F7FAFF012236E03846EBF76DF80022F4
:1034D00085217320F9F7ACFB307C012803D00A2842
:1034E00004D018B109E0F8F7E7FF05E0FDF7CEFAE0
:1034F0000146B06DE2F742FA0446EEF77DFF204642
:10350000316AE3F765F900288CD03CB160791D2859
:1035100009D05B2886D1F8F7CFFF00E070E0316A70
:10352000ECF7DCF83CE4D249306A02F07BF8044660
:10353000F8F7C2FF02222146EAF7E4FA30E43846FF
:10354000EBF732F8002285217320F9F771FB307C0C
:10355000012803D00A2804D018B109E0F8F7ACFF1D
:1035600005E0FDF793FA0146B06DE2F707FA04466D
:10357000EEF742FF2046316AE3F72AF9002899D096
:10358000F4B360791D2807D05B2893D1F8F794FF36
:10359000316AECF7DDF803E4B549306A02F042F82D
:1035A0000446F8F789FF0322C5E73846EAF7FCFF2F
:1035B000002285217320F9F73BFBEEF71DFF307CDD
:1035C000012802D00A2803D009E0F8F775FF05E0CA
:1035D000FDF75CFA0146B06DE2F7D0F90446EEF76C
:1035E0000BFF2046316AE3F7F3F800289AD0F8F78A
:1035F00063FF28B1F8F760FF4079612892D100E0BD
:1036000069E030785C2807D05D288BD1F8F754FF4B
:10361000316ADFF709FB37E4F8F74EFF316ADFF76D
:10362000C9FA31E43846EAF7BFFF0022852173204A
:10363000F9F7FEFA307C012802D00A2803D009E00D
:10364000F8F73AFF05E0FDF721FA0146B06DE2F721
:1036500095F90446EEF7D0FE2046316AE3F7B8F854
:103660000028D8D0F8F728FFA8B3F8F725FF40794D
:103670004D2825D00BDC09281BD01D282CD0342840
:10368000C9D1F8F719FF316AE4F7A4FB08E44E2822
:103690002DD05D2807D06028F8D1F8F70DFF316AEA
:1036A000E1F738FE35E4F8F707FF316AE4F736FF53
:1036B0002FE4F8F701FFB18C09B2EAF769F828E4C2
:1036C0006C49306A01F0AEFF0446F8F7F5FE21467A
:1036D000E8F70CF91DE47EE06549306A01F0A2FFCD
:1036E0000446F8F7E9FE2146EAF708FC11E4F8F78A
:1036F000E3FED0F88C40F8F7DFFE406F214602F081
:10370000F7F904465B49306A01F08CFF214602F06C
:10371000EFF90446F8F7D0FED0F88850F8F7CCFE61
:1037200022462946EAF7ECFE05E43846EAF73CFF74
:10373000002285217320F9F77BFA307C012802D022
:103740000A2803D009E0F8F7B7FE05E0FDF79EF977
:103750000146B06DE2F712F90446EEF74DFE204641
:10376000316AE3F735F80028DED0F8F7A5FE90B30C
:10377000F8F7A2FE40791D2819D04E28D4D1F8F7C9
:103780009BFED0F88C50F8F797FED0F88840F8F7F9
:1037900093FE406F214601F045FF0146306A01F07B
:1037A00041FF0446F8F788FE2A462146BAE7F8F7B3
:1037B00083FE316AEAF7F6FB2CE43846EAF7F4FEBA
:1037C000002285217320F9F733FA307C012803D0D9
:1037D0000A2804D00AE034E0F8F76EFE05E0FDF7B1
:1037E00055F90146B06DE2F7C9F80446EEF704FE5C
:1037F0002046316AE2F7ECFF0028DDD0F8F75CFEE6
:10380000F8B1F8F759FE4079342809D04D280DD089
:103810006028D1D1F8F750FE316AE1F74BFC23E480
:10382000F8F74AFE316AE4F7F1FB1DE400F04AFBC9
:1038300008B100F047FBF8F73FFE316AE7F7FEFFFB
:1038400012E4A8680C4900698160A8680169C1F8A0
:103850000C80A8680169022081F805900021F3F727
:10386000F9FC307C01283EF458AE0420FEF755BE2A
:1038700000007A440000C8428B6B02080149012015
:10388000887070472858002001490120487070470F
:10389000285800200248017841F01001017070475B
:1038A000355700200248017841F01001017070473F
:1038B0002F5700200248017841F040010170704705
:1038C000355700200248017841F0400101707047EF
:1038D0002F5700200248417841F0010141707047A4
:1038E0002F5700200248417841F010014170704785
:1038F0002F5700200248017841F080010170704785
:103900002F5700200248017841F0020101707047F2
:10391000355700200248017841F0020101707047DC
:103920002F5700200248017841F0080101707047CC
:10393000355700200248017841F0080101707047B6
:103940002F5700200248017841F020010170704794
:10395000355700200248017841F02001017070477E
:103960002F5700200248417841F004014170704710
:10397000355700200248417841F0040141707047FA
:103980002F5700200248417841F0080141707047EC
:103990002F5700200248017841F004010170704760
:1039A000355700200248017841F00401017070474A
:1039B0002F5700200248417841F0020141707047C2
:1039C0002F5700200248017841F001010170704733
:1039D000355700200248017841F00101017070471D
:1039E0002F5700200149486070470000D055002043
:1039F0000149086070470000D05500207CB504469E
:103A00000D4600F065F801F073FD22462B4601F0EB
:103A100031F8CDE9000103A207210448DCF76CFD71
:103A20007CBD000025352E32660000008D5500203B
:103A30000149086070470000DC5500201CB501F00A
:103A400057FDCDE9000103A206210448DCF754FD2F
:103A50001CBD000025352E31660000008755002072
:103A600070B5044600EB8400850004F00F0040F0C0
:103A70006000ECF79BFA702040EA1410ECF796FA1D
:103A80000520ECF793FA1220ECF790FA024803496C
:103A9000284448604D8070BD105C002070560020A6
:103AA0000248017841F00101017070475057002031
:103AB00070B504460E460846FCF70AFFC0430506EB
:103AC0003046FCF705FF45EA0020A06170BD00000C
:103AD0000148D0F8A4007047207C00200148C0793C
:103AE00070470000207C00200148B0F8AE0070470D
:103AF000207C00200148807E70470000207C002050
:103B0000704700000148C07E70470000207C002004
:103B10000148407E70470000207C00200148007D65
:103B200070470000207C00200148407D7047000065
:103B3000207C0020704770470148007F70470000DC
:103B4000207C00200148007E70470000207C00207F
:103B50000148407F70470000207C00200148C07D64
:103B600070470000207C00200148807D70470000E5
:103B7000207C00200148C07C70470000207C002091
:103B80000148C07B70470000207C00207047000087
:103B90000148007C70470000207C00200148807BA9
:103BA00070470000207C00200148407A70470000E8
:103BB000207C00200148807A70470000207C002093
:103BC00070470120704700000148407C70470000AA
:103BD000207C00200148407B70470000207C0020B2
:103BE0000148807C70470000207C00200148007B59
:103BF00070470000207C00200148C07A7047000018
:103C0000207C00200148007A70470000207C0020C2
:103C1000014890F829007047207C00200148407935
:103C200070470000207C00200148007970470000A8
:103C3000207C00200148807870470000207C002014
:103C40000148D0F888007047207C002070470000B1
:103C50000148D0F890007047207C00200148D0F83F
:103C600080007047207C00200148806D7047000074
:103C7000207C00200148006E70470000207C00205E
:103C8000704770470148D0F898007047207C0020AA
:103C90000148806F70470000207C00200148D0F868
:103CA000A0007047207C00200148006F7047000092
:103CB000207C00200148806E70470000207C00209E
:103CC0000148006D70470000207C0020014890F8FA
:103CD00025007047207C002070470000014890F8C4
:103CE00026007047207C0020014890F8240070478F
:103CF000207C00200148C07F70470000207C00200D
:103D0000014890F820007047207C002070477047E1
:103D1000014890F827007047207C0020014890F867
:103D200023007047207C0020014890F8280070474D
:103D3000207C0020014890F822007047207C002061
:103D4000014890F821007047207C00200148807FC6
:103D500070470000207C0020014800787047000078
:103D6000207C0020014890F8B0007047207C0020A3
:103D7000014890F8B2007047207C0020014890F87C
:103D800031007047207C002070470000014890F807
:103D900032007047207C0020014890F830007047C6
:103DA000207C0020014890F82B007047207C0020E8
:103DB000014890F82C007047207C00207047704725
:103DC000014890F833007047207C0020014890F8AB
:103DD0002F007047207C0020014890F83400704785
:103DE000207C0020014890F82E007047207C0020A5
:103DF000014890F82D007047207C0020014890F881
:103E00002A007047207C002001484078704700005D
:103E1000207C00200148807970470000207C002031
:103E2000014890F8AC007047207C00200148C07821
:103E300070470000207C00200148D0F884007047C3
:103E4000207C0020704700000148D0F88C007047AB
:103E5000207C00200148C06F70470000207C0020BB
:103E60000148406D70470000207C00200148C06D73
:103E700070470000207C0020704770470148D0F850
:103E800094007047207C00200148406F704700007C
:103E9000207C00200148D0F89C007047207C002046
:103EA0000148C06E70470000207C00200148406E31
:103EB00070470000207C00200148C06C7047000063
:103EC000207C0020014890F8B8007047207C00203A
:103ED000014890F8B6007047207C0020014890F817
:103EE000B5007047207C0020014890F8B70070476B
:103EF000207C00200148D0F8A8007047207C0020DA
:103F0000014890F83C007047207C0020704700007A
:103F1000014890F83D007047207C0020014890F84F
:103F20003B007047207C0020014890F83600704725
:103F3000207C0020014890F837007047207C00204A
:103F400070477047014890F83E007047207C002081
:103F5000014890F83A007047207C0020014890F812
:103F60003F007047207C0020014890F839007047DE
:103F7000207C0020014890F838007047207C002009
:103F8000014890F835007047207C0020014890F8E7
:103F9000B1007047207C0020014890F8B4007047C1
:103FA000207C0020014890F8B3007047207C00205E
:103FB0000149C1F8A4007047207C00200149C87164
:103FC00070470000207C00200149A1F8AE00704736
:103FD000207C00200149887670470000207C00206A
:103FE000704700000149C87670470000207C00201F
:103FF0000149487670470000207C0020014908757F
:1040000070470000207C002001494875704700007F
:10401000207C0020704770470149087770470000F6
:10402000207C00200149087670470000207C002099
:104030000149487770470000207C00200149C8757D
:1040400070470000207C00200149887570470000FF
:10405000207C00200149C87470470000207C0020AB
:104060000149C87370470000207C002070470000A1
:104070000149087470470000207C002001498873C2
:1040800070470000207C0020014948727047000002
:10409000207C00200149887270470000207C0020AD
:1040A000704770470149487470470000207C002029
:1040B0000149487370470000207C00200149887442
:1040C00070470000207C0020014908737047000001
:1040D000207C00200149C87270470000207C00202D
:1040E0000149087270470000207C0020024981F8D5
:1040F0002900EAF715BC0000207C00200149C1F826
:1041000088007047207C0020704700000149C1F8FA
:1041100090007047207C00200149C1F88000704762
:10412000207C00200149886570470000207C002029
:104130000149086670470000207C002070477047E6
:104140000149C1F898007047207C00200149886728
:1041500070470000207C00200149C1F8A000704792
:10416000207C00200149086770470000207C002067
:104170000149886670470000207C002001490865DD
:1041800070470000207C0020014981F8250070471D
:10419000207C002070470000014981F8260070470C
:1041A000207C0020014981F824007047207C0020F9
:1041B0000149C87770470000207C0020014981F840
:1041C00020007047207C002070477047014981F82B
:1041D00027007047207C0020014981F823007047A8
:1041E000207C0020014981F828007047207C0020B5
:1041F000014981F822007047207C0020014981F8A4
:1042000021007047207C002001498877704700001A
:10421000207C00200149087070470000207C0020AD
:10422000014981F831007047207C00207047000070
:10423000014981F832007047207C0020014981F853
:1042400030007047207C0020014981F82B00704726
:10425000207C0020014981F82C007047207C002040
:1042600070477047014981F833007047207C002077
:10427000014981F82F007047207C0020014981F816
:1042800034007047207C0020014981F82E007047DF
:10429000207C0020014981F82D007047207C0020FF
:1042A000014981F82A007047207C002001494870AC
:1042B00070470000207C0020014981F8B000704761
:1042C000207C00200149887170470000207C00207C
:1042D000014981F8B2007047207C0020014981F833
:1042E000AC007047207C00200149C1F88400704771
:1042F000207C0020704700000149C1F88C00704705
:10430000207C00200149C86770470000207C002005
:104310000149486570470000207C00200149C865BC
:1043200070470000207C0020704770470149C1F8A9
:1043300094007047207C00200149486770470000C6
:10434000207C00200149C1F89C007047207C00209F
:104350000149C86670470000207C0020014948667A
:1043600070470000207C00200149C86470470000AD
:10437000207C0020014981F8B8007047207C002093
:10438000014981F8B6007047207C0020014981F87E
:10439000B5007047207C0020014981F8B7007047C4
:1043A000207C00200149C1F8A8007047207C002033
:1043B000014981F83C007047207C002070470000D4
:1043C000014981F83D007047207C0020014981F8B7
:1043D0003B007047207C0020014981F8360070477F
:1043E000207C0020014981F837007047207C0020A4
:1043F00070477047014981F83E007047207C0020DB
:10440000014981F83A007047207C0020014981F879
:104410003F007047207C0020014981F83900704737
:10442000207C0020014981F838007047207C002062
:10443000014981F835007047207C0020014981F84E
:10444000B1007047207C0020014981F8B40070471A
:10445000207C0020014981F8B3007047207C0020B7
:1044600010B5F8F79FFDEAF7CBFC1420E5F724F828
:10447000BDE81040E4F73CB910B5002810D0312257
:1044800082772E23C377302280F82020002280F804
:1044900021200C78C4768376497800F8191FC27001
:1044A00010BD00281BD04A7800F8562F0A784270B9
:1044B000CA7882708A78C2704A7902710A79427128
:1044C000CA7982718A79C2714A7A02720A7A427210
:1044D000CA7A8272897AC172012100F83E1C704743
:1044E000FEB5F8F7A5FC3F4800251024817900F1BE
:1044F000800605293CD2DFE801F00343233B62003C
:10450000FFF72AFC48B10094CDE90145337A4021F8
:1045100018203268E4F75AFA07E0CDE9004508238D
:10452000402114207268E4F7B5FAFFF715FC014644
:104530002C489830406803B0BDE8F040E8F776BDFD
:10454000807848B1FFF708FC18B10423264A00948C
:1045500008E00823254A0CE0FFF7FEFB60B3244A7D
:104560000423009450211820CDE90145E4F72EFAE8
:10457000FEBD50211820CDE90045E4F78BFAFEBDC1
:10458000807890B1FFF7E8FB18B10623194A009430
:10459000E8E70823184A48211820CDE90045E4F748
:1045A00079FA0823154A5821E4E7FFF7D5FB18B13B
:1045B0000423134A0094D5E70823124AD9E7FFF7EA
:1045C000CBFB38B10094CDE901455021337A182056
:1045D0003268CBE7CDE900450823502118207268E6
:1045E000CBE7000020550020E56E02087B6B020837
:1045F000E96E0208ED6E0208D36B0208DE6B02085A
:10460000F36E0208866B020870B5F8F7F7FD00211B
:104610000120F8F73BFEFFF7FBFAEAF781F900F01B
:1046200069F8FFF703FC274C4FF4004538B3012825
:1046300002D0032815D133E0012229462046E5F7B0
:104640003CF8214A24213E20F8F7ACFBF8F754FC53
:10465000F8F74CFC0028FBD0002229462046E5F75D
:104660002CF81920F8F770F9184AC2E90201E6F7A8
:10467000ABFAFAF77DFFBDE87040EAF7CFBB012245
:1046800029462046E5F719F8114A56212520F8F762
:1046900089FBF8F731FCF8F729FC0028FBD0DBE7B1
:1046A000012229462046E5F708F80A4A2D213E2036
:1046B000F8F778FBF8F720FCF8F718FC0028FBD097
:1046C000CAE7000000000240095D020830580020DF
:1046D00069630208D95F020800B583B00A46002169
:1046E000CDE9001101466846DCF7D6FBDDE90001A3
:1046F00003B000BD70B5114D00244FF48051284621
:10470000E4F7CEFF00B101244FF400512846E4F74E
:10471000C7FF00B1A41C54B1012C0AD0022C0AD04E
:10472000032C0AD10320BDE87040F8F79DBD00209E
:10473000F9E70120F7E70220F5E770BD0004024029
:1047400010B5F1F7B7FD084CA18A6279491E89B20C
:10475000FAF79AFBF1F7AEFDA18A00F007F8A08AFC
:10476000BDE81040F9F78EBA2055002070B586B02C
:10477000C27A01ABC679057A447A83E87400007B7B
:104780000B46009003A213210948DBF7B5FE06B0E3
:1047900070BD00002530356420253032642530326C
:1047A000642530326420253032643A25303264008A
:1047B000505B002030B5174BD8688169A3F1980091
:1047C000C06981420BD1827909254AB10024042AAB
:1047D00013D04869C471D86880694069057230BDDA
:1047E00049690222CA71D968896949690D724069AB
:1047F00081790229F3D2827130BD4969CC71D968BF
:10480000896949690C72406981790029F4D0847101
:1048100030BD0000B855002030B4124CA4F10D0199
:10482000E0688269A4F19800C06982420DD1837961
:1048300001F101059B0701D01C2300E01D236B70D3
:104840005269937952695B5C1372E26892695269AA
:10485000824203D182794069515C017230BCEDF72C
:1048600097BB0000B855002003785B1C5BB29342F5
:1048700000DD4BB20370704703885B1C1BB2934290
:1048800000DD0BB20380704703785B1E5BB28B4286
:1048900000DA53B20370704703885B1E1BB28B4271
:1048A00000DA13B20380704710B5F8F791FC234C7F
:1048B000A8B1F8F771FC012811D1F8F77DFC70B9A7
:1048C000607818B11E48F8F7FBFA01E0F8F73EFAF5
:1048D0006078E0B1002060700020FFF7C1F8F8F7C1
:1048E0005BFC012828D1F7F7E7FD40794A2823D15E
:1048F000F7F7E2FDB0F8C40002281DD11148007896
:10490000012806D0BDE810400F48F8F77BBA012017
:10491000E1E7A07810B1F8F7B9F902E00A48F8F732
:1049200071FAA07830B10020A070BDE810400020DE
:10493000FFF796B80120F7E710BD000030580020BF
:1049400007780208545700206F78020830B5194CD8
:10495000012263681B69834212D1884204D0256812
:104960002D69C4E900530BE02160616063681B6935
:1049700063601B698B4203D0521CD2B2072AF5D365
:1049800023685B69834206D14969814204D0236070
:1049900060684069606030BD616021602068406986
:1049A000206040698842F6D0521CD2B2072AF5D363
:1049B00030BD0000D055002010B500290AD008787D
:1049C000002807D005487844DCF7FAFE002801D01B
:1049D000002010BD0248784410BD000012360000CF
:1049E0000A36000010B500290AD00878002807D040
:1049F00005487844DCF7E4FE002801D0002010BD13
:104A00000248784410BD000002360000FA3500006C
:104A100021F00042A2F16052B2F5801F01F0004384
:104A200028BFD2F17F6C0BD95FEA001C43EAC202B7
:104A300042EB507018BF704728BF20F0010070474C
:104A4000B2F5801FBCBF184670474FEA410C1CF5F9
:104A5000001F02D2084601F00AB870B500F0C8FB8A
:104A600000000089FFF7F6BF4FF00040A0F580007E
:104A70007047000010B591EA030F48BF83F0004370
:104A800000F15484841A71EB030C05D2121943EB24
:104A90000C03001B61EB0C01DFF824E14FEA115419
:104AA000A4EB135C1EEA430F18BF9EEA445F73D069
:104AB00023EA0E03DCF1200E21EA045143F48013B3
:104AC00032D322FA0CFE10EB0E0023FA0CFE41EB5F
:104AD0000E01CCF1200E03FA0EFE10EB0E0051F188
:104AE0000001B1F5801FCCF1200E32D201EB045150
:104AF00012FA0EF2BDE8104058BF7047401C38BF94
:104B00005FEA420218BF7047002814BF20F001007E
:104B100041F100014FEA410313F5001F38BF704710
:104B2000A1F1C04100F0B2BB012A43EB0302ACF19A
:104B3000200CDCF11F0E32BF4FF0000E23FA0CF3F5
:104B400010EB030041EB0451B4EB115FD0D0A1EBAB
:104B5000045101F5801149085FEA300001EB04516E
:104B60000ED350F1000038BF12FA0EFE08D1BDE896
:104B70001040C9E7401C38BF5FEA4202CAD1C3E710
:104B8000BDE810404FEA410313F5001F38BF7047DE
:104B9000A1F1C04100F07ABB9EEA445F08D011EA5F
:104BA0005E0FBDE8104004BF01F0004100207047D7
:104BB000BDE8104070B500F01BFB00BF64FBBE3EBB
:104BC0000000E0FF02494FF0000001F00BB800BF09
:104BD0000000F87F491058BFC1F140415B1058BF39
:104BE000C3F140438B42EFF3008070472DE9C04191
:104BF00030B4DFF8A0C23CEA111418BF3CEA131429
:104C000000F0EC8081EA03051CEA111444EAD57433
:104C100018BF1CEA131500F0C780A4EB05044FF081
:104C2000004545EAC12145EAC32341EA505143EA20
:104C3000525304F17F74994204F500344FEAC020C6
:104C40004FEAC22208BF904200F09C804FEA1365F1
:104C50000FF24016765D4FEA134506FB05F7C7F1E4
:104C6000807706FB07F74FEAD737A7FB0368764242
:104C7000C8F58038A7FB06CE38BFA8F1010807FBAE
:104C800008E64FF0000EA6FB028CE6FB03CEDCF13B
:104C9000000CCEF1004E38BFAEF1010EA6FB0C5851
:104CA0004FF000074FF00005E6FB0E87A1FB08C69A
:104CB000A0FB07CE16EB0E0645F10005E1FB0765EC
:104CC00015F1E04E7EBFA4F580345FEA46066D41E3
:104CD00016F1800745F100054FEA17274FEA0666EF
:104CE00047EA0567A6F1DE46B6F1805F4FEA152573
:104CF0001FD9384624F0010C05EBC471BCF1FE6FDE
:104D000001EB0C1102D8F0BCBDE8008124425CBF6D
:104D100001F5801E9EEAC47F02D4F0BCBDE800818C
:104D2000244238D4F0BCA1F1C041BDE8004100F0FC
:104D3000ADBA4FEAD22242EA43524FEAD323A7FB4D
:104D400002864FEAD02040EA415007FB03661EEA84
:104D50000E0F4FEAD12105FB026658BFA6EB0056A5
:104D6000B6EB00564FEA520E4EEAC37E18EB0E0E1B
:104D700056EB530EBDD518EB02085E417F1C55F172
:104D80000005B6E74FF480154FF000074FF000061E
:104D90004FF00008ADE7F0BC4FF0000001F1C0415A
:104DA00001F00041BDE8008111EA0C1F0CEA131567
:104DB00000D00CE013EA0C1F00F025804FF000003B
:104DC000F0BC81EA030101F00041BDE80081F0BCC4
:104DD000BDE8004181EA030100F058BAF0BCBDE82B
:104DE000004170B500F004FA097EFC3E00F007B8FF
:104DF00081EA03014FF0000001F00041704781EAB1
:104E0000030100F043BAF0BCBDE800414FF00000E0
:104E100021497047FFFDFBF9F7F5F4F2F0EEEDEBF9
:104E2000E9E8E6E4E3E1E0DEDDDBDAD8D7D5D4D3A8
:104E3000D1D0CFCDCCCBCAC8C7C6C5C4C2C1C0BFF4
:104E4000BEBDBCBBBAB9B8B7B6B5B4B3B2B1B0AFFA
:104E5000AEADACABAAA9A8A8A7A6A5A4A3A3A2A1DE
:104E6000A09F9F9E9D9C9C9B9A9999989797969599
:104E700095949393929191908F8F8E8E8D8C8C8B35
:104E80008B8A8989888887878685858484838382BD
:104E9000828181800000FF070000F87F51EA030C47
:104EA00017D41CF5801F58BFBCF5801F00F1068089
:104EB000994218BF704708BF9042704707D711F555
:104EC000801F58BF13F5801F19D49942704789423B
:104ED00070471CF5801F08D5BCF5801FF7D58B42A5
:104EE00018BF704708BF824270474FF4001C1CEB8C
:104EF000410F38BF1CEB430F01D28B42704770B596
:104F000000F076F9922449004FF000514FF08053A1
:104F1000FFF760BE4FEA41034FEA5353A3F58063A6
:104F2000D3F11E03C8BFD3F1210C0CDD4FF00042BA
:104F300042EAC12242EA505232FA03FC8CEAE17C96
:104F4000ACEBE1707047102BC4BF0020704703F535
:104F5000787CBCF1FF3F04D06FF0004282EA210070
:104F6000704770B500F044F94992248000207047E2
:104F7000F2E700004FEA1153A3F58063D3F11E035B
:104F8000A8BFD3F1200C08DB4FF0004242EAC12257
:104F900052EA505232FA03F0704709420BD4102BF8
:104FA000C4BF0020704703F5787CBCF1FF3F05D0FB
:104FB0004FF0FF3070474FF00000704770B500F0C1
:104FC00017F900BF4992248000207047F0E710F0E5
:104FD000004248BF4042B0FA80F310FA03F10AD011
:104FE000C3F11D0303F580634FEA415002EB035206
:104FF00002EBD12170474FF000007047B0FA80F308
:1050000010FA03F10AD0C3F11D0303F580634FEAE0
:1050100041504FEA035202EBD12170474FF000009C
:105020007047000051EA030C17D41CF5801F58BFCD
:10503000BCF5801F00F10680994218BF704708BF79
:105040009042704707D711F5801F58BF13F5801F96
:1050500019D499427047894270471CF5801F08D5C2
:10506000BCF5801FF7D58B4218BF704708BF82423E
:1050700070474FF4001C1CEB410F38BF1CEB430F73
:1050800001D28B42704770B500F0B2F8922449000B
:105090004FF000514FF08053FFF79CBDDFF848C13F
:1050A00070B51CEA111E1EBF1CEA13159EEA0C0FF8
:1050B00095EA0C0F00F06F8081EA030423EA4C1399
:1050C0004EEAD47E21EA4C1141F4801143F480135E
:1050D000AE44A1FB024CA0FB0365AEF17F7E361906
:1050E00055EB0C05A1FB034C4CF10003A0FB021C8B
:1050F00016EB0C06654153F10003094218BF46F058
:10510000010613F4007F0BD14FEA03314FEA05305B
:10511000340341EA155140EA16506FF003020AE0E9
:105120004FEAC3214FEAC520F40241EA555140EA53
:1051300056506FF0020202EB2E4201EB025585EA57
:10514000CE710AD05FEA440C18BF24F0004450F13D
:10515000000041F1000120EAD47040F2FE7C62457B
:1051600000D270BDA84214BF4FF080444FF04044BD
:10517000002E08BF0024BEF1806FA8BFA1F1C0417E
:10518000BDE8704080F282804FF0000001F1C04124
:1051900001F0004170479EEA0C0F0CEA131518BF8E
:1051A00095EA0C0F06D04FF0000081EA030E0EF0D6
:1051B000004170BD00F01CF88900013E00F007B806
:1051C00000F009B84FEA430C5FEA5C5C08D081EA62
:1051D000030100F05BB84FEA410C5FEA5C5CF6D17A
:1051E0004FF00000014970470000FF070000F87F02
:1051F0000EF1020E2EF0030E5EF8046B364205D45B
:10520000012A43EB030515F5001F12D8012841EBD5
:10521000010C1CF5001F0CD80ED14FEAD17C15F5FE
:10522000001F0CEB4C0C0CF1020C08BF4CEBD37CB8
:1052300004E04FF0080C01E04FEAD37C0CEB4C0586
:1052400026FA05F606F00706B6F1040C06D20EEBB8
:10525000860CBDE870404CF0010C6047DFE80CF0B4
:10526000090B02024FF000414FF00000A1F50021B0
:1052700070BD19461046012851EB010418BFD4F542
:10528000001484BF002001F0004170BD0808A0F5A3
:1052900000114FEA3101704753EA010C17D41CF595
:1052A000801F58BFBCF5801F00F106808B4218BFDD
:1052B000704708BF8242704707D713F5801F58BF59
:1052C00011F5801F19D48B4270479B4270471CF523
:1052D000801F08D5BCF5801FF7D5994218BF7047CD
:1052E00008BF904270474FF4001C1CEB430F38BFBF
:1052F0001CEB410F01D2994270470FB40CBC03BCA8
:10530000FFF7C1BE91EA030F10B581F000413FF5F0
:10531000B9AB83F0004300F009B8000010B591EA82
:10532000030F48BF83F000433FF5ACAB841A71EB29
:10533000030C07D212198CF0004C43EB0C03001B3A
:1053400061EB0C01DFF8A4E14FEA1154A4EB135C0C
:105350001EEA430F18BF9EEA445F00F0B08023EAC4
:105360006E03524221EA0451C3EB6E0338BF5B1E49
:10537000DCF1200E25D322FA0CFE10EB0E0043FACE
:105380000CFE41EB0E01CCF1200E03FA0EFE10EBE9
:105390000E0051F10001CCF1200E29D412FA0EF2C8
:1053A00001EB0451BDE8104058BF7047401C1CBFC2
:1053B000B2F1004F704700280CBF491C20F00100DB
:1053C000704712EB020E43EB030218BF4FF0010EC1
:1053D0004EEA4202ACF1200CDCF11E0E54D943FA25
:1053E0000CFE10EB0E0051F1FF31CCF11E0ED5D5A5
:1053F0000EF1010E12FA0EFE404141EB010101EBEC
:10540000445C5FEA5C5C10D910EBDE7001EB045188
:1054100038BFBEF1004FBDE8104018BF70470028EC
:105420000CBF491C20F00100704730D24FEAD42C49
:1054300011F5001124F400641BD0B1FA81F20B3A8B
:10544000A41AA41ED2F12003914030FA03F31943A9
:10545000904001EBCC71002C01EB0451BDE81040F1
:10546000A8BF704701F1C0414FF0000001F00041BA
:105470007047B0FA80F310FA03F100D110BDE41ABE
:10548000173C4805C90AE4E701EB045110BD491077
:1054900001EB0451BDE810404FEA300002E04FF04C
:1054A000000170474A0008BF0042F8D0B2F5001F63
:1054B00028BF704701F000414FF0000070479EEA9E
:1054C000445F07D011EA5E0FBDE8104004BF002121
:1054D00000207047BDE8104070B5FFF789FE00BF9F
:1054E00040DFF63E83F00041104670470000E0FFC9
:1054F00043004FEAD30C4FEA3C0C43401FBF400728
:105500000CF1605113F0FE4F70471CF0006F03D197
:1055100000200CF0004170470CF0004343EA50704B
:1055200010B540EACC0000F05CFA00BF0000009229
:105530004FEA0001FFF7AABE4FF000414FF0000014
:10554000A1F500217047000090EA010F48BF81F0EB
:10555000004100F1D482421A3CBF801A89184FEAF8
:10556000D0524FF07F4C1CEA410FA2EBD15318BF31
:105570009CEA026F00F03B804FF0004C4CEA0020A8
:105580004CEA012121FA03FC10EB0C0C1ED202F1B3
:10559000FF325FEA1C2040EBC25038BF70471CF05E
:1055A0007F0F4FEA400C18BFBCF17F4F38BF7047E8
:1055B000C3F12003994008BF20F00100BCF17F4FE8
:1055C00038BF7047A0F1C04000F051BA4FEA3C002C
:1055D000000A40EBC25028BF1CF0FF0F4FEA400CFE
:1055E000E6D018BFBCF17F4F38BF7047EAE79CEAAE
:1055F000026F05D010EA5C0F08BF00F00040704752
:1056000010B500F0EEF900BF64FBBE3E401058BF7D
:10561000C0F14040491058BFC1F140418142EFF311
:10562000008070474FF47F0C1CEAD0121EBF1CEAAA
:10563000D11392EA0C0F93EA0C0F00F0858090EAE8
:10564000010F48BF42F4807240F4000C41F40000A6
:105650002CF07F4120F07F4000B58142A2EB030295
:105660000FF2081CACEB504EC0F100009EF800E0B9
:105670004FEA4E0E00FB0EFC38BF49004FEA2C1CCF
:1056800002F5FA020CFB0EF34FEACE1E4FEA112C84
:105690004FEAC1210EEB635E42EB22420EFB0CFC93
:1056A0004FEA1C5300FB03114FEA112C4FEA013162
:1056B0000EFB0CFC4FEADC4C00FB0C11C14228BF76
:1056C00009184CEB03335DF804EB10EB410143EB9D
:1056D000C250B2F57C0F38BF704729D512F0F00FD9
:1056E0001CBF00F1C04000F0004070470081828381
:1056F0008485868788898B8C8D8E8F9192939596E1
:1057000097999A9C9D9FA0A2A3A5A7A8AAACAEB06A
:10571000B2B3B5B7B9BCBEC0C2C5C7C9CCCED1D46F
:10572000D7D9DCDFE2E6E9ECF0F3F7FAFE0000009F
:105730004FEA400C0CF1807CBCF17E4F28BF7047D3
:10574000B0F1C04000F093B990EA010F0CEAD11318
:1057500048BF42F48072624538BF634507D213F4F4
:105760007F0F16D080EA010000F00040704710B5AE
:1057700000F037F9097EFC3E00F005B880EA010030
:1057800000F00040704780EA010000F0004000F0A7
:105790006EB912F47F0F04BF0248704780EA01001F
:1057A00000F065B90000C07F41000B0ED3F19E02EE
:1057B00008D950F400034FEA032323FA02F048BF4C
:1057C0004042704710B500F00CF900BF49922480A8
:1057D000002070476FF0004282EA2000704700000E
:1057E000C10DD1F19E0206DB4FEA002343F00043D6
:1057F00023FA02F07047004207D54FEA4001B1F1A9
:10580000FE4F02D24FF00000704710B500F0E9F8EB
:1058100049922480002070476FEA20007047000002
:1058200010F0004148BF4042B0FA80F310FA03F292
:10583000C3F19D030BD051EAC35101EB1220530673
:1058400038BF704700F1010008BF20F00100704729
:10585000B0FA80F310FA03F2C3F19D030AD0D90520
:1058600001EB1220530638BF704700F1010008BF5A
:1058700020F001007047000050EA010C00F1138095
:105880001CF5000F58BFBCF5000F01D488427047CB
:1058900007D710F5000F58BF11F5000F15D4884237
:1058A0007047894270471CF5000F04D5BCF5000F06
:1058B000F7D5814270474FF0807C1CEB400F38BF1A
:1058C0001CEB410F01D28142704710B500F089F8FE
:1058D000922449004FF000504FF08051FFF796BEE0
:1058E0004FF47F0C1CEAD0121EBF1CEAD11392EABF
:1058F0000C0F93EA0C0F00F0478090EA010F48BFAD
:1059000042F480724FF0004C4CEA00204CEA012136
:1059100002EB0302A0FB0113A2F50002002918BF4D
:1059200043F001035B0028BF4FEA330342EB2242FE
:105930005FEA132C4CEBC2502EBFBCEB436FB2F5A9
:105940007C0F70474FEA036CBCF1004F08BF20F09A
:105950000100B2F57C0F38BF70470BD582F0FF0213
:1059600012F5803FC8BF704700F1C040D8BF00F0BB
:105970000040704700F5000C5FEA4C0C48BF7047D0
:10598000B0F1C04000F073B890EA010F0CEAD113F7
:1059900048BF42F48072624538BF634504D280EA52
:1059A000010000F00040704710B500F01AF800BF89
:1059B0008900013E00F007B800F009B85FEA410C29
:1059C0005FEA1C6C08D080EA010000F050B85FEA82
:1059D000400C5FEA1C6CF6D14FF00040A0F580004F
:1059E00070470EF1020E2EF0030E5EF8044B2442B7
:1059F00004D44FEA4102B2F17F4F11D84FEA40037D
:105A0000B3F17F4F0CD80ED14FEAD07CB2F17F4F6B
:105A10000CEB4C0C0CF1020C08BF4CEBD17C04E0FD
:105A20004FF0080C01E04FEAD17C0CEB4C0324FA58
:105A300003F404F00704B4F1040C06D20EEB840C5A
:105A4000BDE810404CF0010C6047DFE80CF007089F
:105A500002024FF00040A0F5800010BD0846420051
:105A600018BFD2F1807288BF00F0004010BDFF2146
:105A700041EAD050C005704751EA000C00F1138094
:105A80001CF5000F58BFBCF5000F01D481427047D0
:105A900007D711F5000F58BF10F5000F15D481423C
:105AA0007047894270471CF5000F04D5BCF5000F04
:105AB000F7D5884270474FF0807C1CEB410F38BF10
:105AC0001CEB400F01D28842704780EA010081EA56
:105AD000000180EA0100FFF7F8BE80F0004090EA84
:105AE000010F7FF538AD81F0004100F008B80000EB
:105AF00090EA010F48BF81F000413FF52CAD421AFA
:105B000004D882F00042A0EB020011444FEAD052C8
:105B10004FF07F4C1CEA410FA2EBD15318BF9CEA17
:105B2000026F4AD04FF0004C4CEA00204CEA0121B1
:105B300021FA03FCB0EB0C0C0FD412F0FE0F36D0A0
:105B40005FEA4C001DD5001240EBC25038BF7047D1
:105B50001CF03F0F18BF70470BE0A2F101025FEA93
:105B60001C2040EBC25038BF70471CF07F0F18BF9D
:105B70007047C3F12003994014BF401E20F001007C
:105B8000704780084FEA122308BF7047B0FA80FCC4
:105B9000A2EB0C02CCF1280C60FA0CF093EA122F65
:105BA00004BF00EBC25070474FEAC3707047130A3E
:105BB0005FEADC1008BF7047F6E79CEA026F04D08A
:105BC00010EA5C0F08BF0020704710B5FFF709FF0F
:105BD00040DFF63E81F0004070474FF00000704714
:105BE000DAF7DFBF0CF00F03092B08BF082000F025
:105BF0005F800A2B0BD0082B18BF704708BF1CF022
:105C0000400F0AD04FF000004FF0000170471CF029
:105C1000400F18BF4FF0004070471CF0100F08D025
:105C200020F0704300F07F4242EAD3014FEA437014
:105C3000704700F0604021F07F4242EA000201F02C
:105C40007F4040EA727070474FF0FF0C4CF4E06CFC
:105C50001CEA11531CBF9CEA030C9445C2BFDA42F4
:105C600001EB02517047002B0DD0BCF1000F0FD09B
:105C7000002A01F00041A4BF41F0E04141F07F6102
:105C80004FF00000704701F000414FF000007047F6
:105C900050EA01334FF09B0C18BF4CF0806C7EF43F
:105CA00091AF7047DBF700BCDBF7F0BDDBF77EBFE1
:105CB0001CF4801F11D01CF4E02F03D06FEACC310C
:105CC000490070474FF04050EFF3008222F07042DD
:105CD00042EA000282F3008870474FF000007047EC
:105CE000030406080C10182030000000000000001B
:105CF0000001020304060708090000000001020376
:105D000004804020100804020100000000007E0012
:105D1000000000007E0001F800000000000000000C
:105D200000007E3FFFFFF8007F0001F80000000048
:105D30000000000000007E3FFFFFF81FFFFFFFFF95
:105D4000E000000000000000001C7E000000001FBA
:105D5000FFFFFFFFE000000000000000001C7E00CD
:105D6000000000007F0001F80000000000000000BB
:105D7000001C7E00000000003F0001F80000000051
:105D800000000000001C7E0FFFFFE000000000008C
:105D90000000000000000000001C7E0FFFFFE0007C
:105DA000000000000000000000000000001C7FCF89
:105DB000C007E007E7E03F0000000000000000002F
:105DC000001C7FCFC007E007E3E03F0000000000B9
:105DD00000000000001C7FCFC007E007E3E07FFF6A
:105DE000C000000000000000001C7E0FC007E0079C
:105DF000E3E07FFF8000000000000000001C7E0F39
:105E0000C007E007E3E07EFC0000000000000000A7
:105E1000001C7E0FC007E007E3E0FC7E00000000EE
:105E200000000000001C7E0FC007E007C3E0FC3E3E
:105E30000000000000000000001C7E0FFFC7E0060D
:105E40000381FC3F0000000000000000001C7E0FEA
:105E5000FFC7E0000201F81F800000000000000002
:105E6000001C7E0FC007E0000000000000000000E2
:105E700000000000001C7E0FC007E00000000000D2
:105E80000000000000000000001C7E0FC007E007BB
:105E9000FFFFFFFE0000000000000000001C7E0F5E
:105EA000C007E007FFFFFFFE000000000000000049
:105EB000001C7E0FC007E007E07F1FBF000000004E
:105EC00000000000001C7E0FC007E007E07E1F1FDF
:105ED0008000000000000000001C7E0FC007E007EB
:105EE000E07E3F1FC000000000000000001C7E0F8D
:105EF000C007E007E07C3F0FC0000000000000008A
:105F0000001C7E0FC007E007E0FC7E0FC000000011
:105F100000000000001C7E0FC007E007E0FC7E0FC1
:105F2000C000000000000000001C7E0FC007E0075A
:105F3000E0F87E0FC000000000000000001C7E0F93
:105F4000FFFFE007E1F8FC0FC000000000000000C8
:105F5000001C7E0FFFFFE007E1F8FC0FC00000000F
:105F60000000000000007E0000000007E3F0FC0FCE
:105F7000C00000000000000000007E0000000007DC
:105F8000E3F1F80FC00000000000000000007E00F8
:105F900000000007E3F1F80FC0000000000000005F
:105FA00000007E3FFFFFE00FE7F3F81FC000000096
:105FB0000000000000007E3FFFFFF01FFFFFFFFF1B
:105FC000E00000000000000000007E3FFFFFF81F1F
:105FD000FFFFFFFFF00000000000000000000000D5
:105FE00000000000000000000000000000000000B1
:105FF00000000000000000000000000000000000A1
:106000000000000000000000000000000000000090
:106010000000000000000000000000000000000080
:106020000000000000003FE0000000000000000051
:1060300000000000000000000001FFF80000000068
:106040000000000000000000000000000007FFFE4C
:106050000000000000000000000000000000000040
:10606000001FFFFF00000000000000000000000013
:1060700000000000003FFFFF800000000000000063
:10608000000000000000000000FFFFFF800001FF93
:10609000000FF9FF80FF9FFFFC7FFFE001FFC1FFC2
:1060A000C00003FE000FF9FF01FF9FFFFCFFFFF898
:1060B00003FF80FFC00003FE001FF9FF01FF3FFF49
:1060C000F8FFFFFC07FF00FFE00003FE001FF1FEEA
:1060D00001FF3FFFF8FFFFFC0FFE007FE00007FC21
:1060E000001FF3FE03FE3FFFF1FF1FFE1FFC007FBA
:1060F000E00007FC003FF3FE03FE7FC001FF07FE48
:106100001FF8007FE00007FC003FE7FE03FE7FC0B2
:1061100001FE03FE3FF8007FE0000FF8003FE7FCC0
:1061200007FE7FC003FE03FE7FF0007FE0000FF854
:10613000003FE7FC07FCFFC003FE03FE7FF0007F8B
:10614000E0000FF8007FC7FC07FCFF8003FE03FEA2
:10615000FFE0007FE0001FF0007FCFF80FF8FF8026
:1061600007FC07FCFFE0007FE0001FF0007FCFF896
:106170000FF9FF0007FC07FDFFC000FFE0001FF064
:1061800000FF9FFFFFF9FFFF87FC0FF9FFC000FF33
:10619000E0003FE000FF9FFFFFF9FFFF8FF83FF3B4
:1061A000FF8000FFE0003FE001FF9FFFFFF3FFFFE4
:1061B0008FFFFFE3FF8000FFC0003FE001FF1FFFF4
:1061C000FFF3FFFF0FFFFFC3FF8000FFC0007FC092
:1061D00001FF3FFFFFE3FFFF1FF7FF03FF8001FF0A
:1061E000C0007FC001FF3FE03FE7FE001FF7FC0754
:1061F000FF0001FF80007FC003FE7FC03FE7FC007F
:106200001FF7FC07FF0001FF8000FF8003FE7FC037
:106210007FE7FC003FE7FC07FF0003FF8000FF80F3
:1062200003FE7FC07FCFFC003FE7FC07FF0003FFBA
:106230000000FF8007FC7FC07FCFF8003FE7FC072E
:10624000FF0007FF0001FF0007FCFF80FFCFF80001
:106250007FC7FE07FF0007FE0001FF0007FCFF806D
:10626000FF8FF8007FC7FE07FE000FFE0001FF0052
:106270000FF8FF80FF9FF0007FC7FE07FE001FFCA6
:106280000003FFFF8FF9FF01FF9FFFFCFF83FE0765
:10629000FF001FF80003FFFF8FF9FF01FF3FFFFC26
:1062A000FF83FE07FF003FF00003FFFF9FF1FF01A8
:1062B000FF3FFFFCFF83FF03FF007FF00007FFFFAE
:1062C0009FF3FE03FF3FFFF9FF03FF03FF01FFE022
:1062D0000007FFFF1FF3FE03FE3FFFF9FF03FF036D
:1062E000FF87FFC000000000000000000000000069
:1062F00000000001FFFFFF000000000000000000A0
:106300000000000000000000FFFFFE000000000091
:106310000000000000000000000000007FFFFC0003
:10632000000000000000000000000000000000006D
:106330003FFFF0000000000000000000000000002F
:10634000000000001FFF80000000000000000000AF
:10635000000000000000000007FE00000000000038
:10636000000000000000000000000000000000002D
:10637000F0000000FFFFF800000000000000000037
:1063800000000003F0000000FFFFFC000000000020
:106390000000000000000007F0000000FFFFFC000C
:1063A00000000000000000000000000FF0000000EE
:1063B0007FFFFE0000000000000000000000000F52
:1063C000F00000007FFFFE00000000000000000061
:1063D0000000001FF00000003FFFFE000000000072
:1063E000000000000000003FF00000003FFFFE0042
:1063F00000000000000000000000003FF00000006E
:106400001FFFFE0000000000000000000000007FF1
:10641000F00000001FFFFE00000000000000000070
:106420000000007FF00001800FFFFE000000000070
:10643000000000000000007FF00001800FFFFE0060
:1064400000000000000000000000007FF00003C01A
:1064500007FFFE0000000000000000000000007FB9
:10646000F00003C007FFFE00000000000000000075
:106470000000007FF00007C007FFFE0000000000E2
:10648000000000000000007FF00007E003FFFE00B6
:1064900000000000000000000000007FF00007E0A6
:1064A00003FFFE0000000000000000000000007F6D
:1064B000F0000FF001FFFE000000000000000000EF
:1064C0000000007FF0000FF001FFFE000000000060
:1064D000000000000000007FF0001FF800FFFE0039
:1064E00000000000000000000000007FF0001FF826
:1064F00000FFFE0000000000000000000000007F20
:10650000F0001FF8007FFE00000000000000000007
:106510000000007FF0003FFC007FFE000000000054
:10652000000000000000007FF0003FFFFFFFFE00C2
:1065300000000000000000000000007FF0007FFF6E
:10654000FFFFFE0000000000000000000000007FD0
:10655000F0007FFFFFFFFE000000000000000000D1
:106560000000007FF000FFFFFFFFFE0000000000C2
:10657000000000000000007FF000FFFFFFFFFE00B2
:1065800000000000000000000000007FF000FFFF9E
:10659000FFFFFE0000000000000000000000007F80
:1065A000F001FFFFFFFFFE00000000000000000000
:1065B0000000007FF001FFFFFFFFFE000000000071
:1065C000000000000000007FF001FFFBFFFFFE0065
:1065D00000000000000000000000007FF001FFF15B
:1065E000FFFFFE0000000000000000000000007F30
:1065F000F001FFF1FFFFFE000000000000000000BE
:106600000000007FF001FFF3800FFE00000000009B
:10661000000000000000007FF001FFE3800FFE009B
:1066200000000000000000000000007FF001FFC734
:10663000800FFE0000000000000000000000007F4E
:10664000F800FE0F000FFE00000000000000000038
:106650000000007FF800FE1E000FFE00000000009A
:10666000000000000000007FF8007E7E000FFE00AA
:1066700000000000000000000000007FFC003FF868
:10668000000FFE0000000000000000000000007F7E
:10669000FC000FF0000FFE000000000000000000F2
:1066A0000000007FFE000000000FFE000000000060
:1066B000000000000000007FFE000000000FFE0050
:1066C00000000000000000000000007FFF0000004C
:1066D000000FFE0000000000000000000000007F2E
:1066E000FF800000000FFE0000000000000000001E
:1066F0000000007FFFC00000000FFE00000000004F
:10670000000000000000007FFFE00000000FFE001E
:1067100000000000000000000000007FFFF000000B
:10672000000FFE0000000000000000000000007FDD
:10673000FFF80000000FFE00000000000000000055
:106740000000007FFFFE0000000FFE0000000000C0
:10675000000000000000007FFFFF8000000FFE002F
:1067600000000000000000000000007FFFFFF000BC
:10677000000FFE0000000000000000000000007F8D
:10678000FFFFFFFE000FFE00000000000000000001
:106790000000007FFFFFFFFE000FFE000000000072
:1067A000000000000000007FFFFFFFFC000FFC0066
:1067B00000000000000000000000007FFFFFFFF865
:1067C000000FFC0000000000000000000000007F3F
:1067D000FFFFFFF0000FF8000000000000000000C5
:1067E0000000007FFFFFFFE0000FF000000000004E
:1067F000000000000000007FFFFFFFC0000FE0006E
:1068000000000000000000000000007FFFFFFF808C
:10681000000FC00000000000000000000000003F6A
:10682000FFFFFF00000F80000000000000000000DC
:106830000000003FFFFFFE00000F0000000000000E
:10684000000000000000000FFFFFFC00000E000031
:106850000000000000000000000000000000000038
:106860000000000000000000000000000000000028
:106870000000000000000000000000000000000018
:106880000000000000000000000000000000000008
:1068900000000000000000000000000000000000F8
:1068A00000000000000000000000000000000000E8
:1068B00000000000000000000000000000000000D8
:1068C00000000000000000000000000000000000C8
:1068D00000000000000000000000000000000000B8
:1068E00000000000000000000000000000000000A8
:1068F0000000000000000000000000000000000098
:106900000000000000000000000000000000000087
:106910000000000000000000000000000000000077
:106920000000000000000000000000000000000067
:106930000000000000000000000000000000000057
:106940000000000000000000000000000000000047
:106950000000000000000000000000000060003F98
:10696000C0E0380FC0781C3FFC00000000000000B1
:106970000060007FE0E0380FC07C1C3FFE0000009C
:1069800000000000006000E070E0381CE07E1C00A9
:106990000E00000000000000006000C030E0381C65
:1069A000E0771C000E00000000000000006000C046
:1069B00030E7F81870739C380E00000000000000EB
:1069C000006000C030E7F8387071DC380E0000005D
:1069D00000000000007000C030E038303070FC383B
:1069E0000E00000000000000007800E070E0387049
:1069F00038707C381E00000000000000003FF07F6F
:106A0000E0E03873F8703C3FFE000000000000003A
:106A1000001FF83FC0E038E3FC701C3FFC000000A2
:106A20000010203B232E534E45672F474A2C462704
:106A30004567625C45676C1B22266C1B0311042BA7
:106A400045673C5A45675B1C45676D080C595E09F4
:106A500057524A2C03114A2C54484A2C440F1020F8
:106A60003B566A0B4A456710203B57521635556E08
:106A7000642135556E643E3F566A0A13403900461C
:106A80002700136F4F003218131830184318143DA5
:106A90006400566A64002D3A2207031145676400BA
:106AA0005365742056616C756500134F4567756EAC
:106AB00069747320736574757000501C134F5465AE
:106AC0006D7020556E69737400A5F1A61A03114C00
:106AD0006F636B20536176650027F00311496E7474
:106AE000657276616C205361766500031127F000B2
:106AF0005361766520496E74657276616C3A004622
:106B000068001D6D696E00612902060042290206B7
:106B100000251F566A534A52657365742043616CA1
:106B2000008182566A8384436C69636B20456E746E
:106B3000657200086A64005374616E646172642057
:106B400056616C75653A002D002B00858682086AB7
:106B50004187496E205374616E6461726420536F83
:106B60006C7574696F6E008889688A8B5761697467
:106B7000696E672E2E2E00566A7E7F53756363659D
:106B8000737366756C004661696C00566A8C8D8EF5
:106B90008F1800466972737420506F696E743A00E2
:106BA0008E9018005365636F6E6420506F696E7429
:106BB0003A00918F184E65787420506F696E74009A
:106BC00092934B4C8A8B536561726368696E672E32
:106BD0002E2E0044617461207361766564007375C4
:106BE000636365737366756C6C79009B4A2C4E6F9A
:106BF00020446174610097989496004D6178205309
:106C0000697A653A2000313030303000143D959675
:106C1000005573652053697A653A2000143D999AAE
:106C20000053656C65637465643A20009C9D005454
:106C30007970653A200044543A00534E3A003C5A69
:106C40005072657373757265005B1C53616C696E7D
:106C500069747900A01C004C6F6E67697475646577
:106C60003A00A11C004C617469747564653A009B1C
:106C700010203B4E6F2050726F62652100251F0E61
:106C80000D45675265736574204D6574657220000B
:106C90000E0D45675265736574004D485F4567503A
:106CA000726F6D707420546F6E6500042B5F416CC1
:106CB00061726D20546F6E650001285F4B657970BD
:106CC000616420546F6E6500A84AA61A4175746FFE
:106CD000204C6F636B00A71B4D616E75616C006C7F
:106CE0001B4175746F0049443A0053656E736F72AF
:106CF000730053797374656D00486973746F7269BA
:106D000063616C204461746100446174652F54694F
:106D10006D65004C616E6775616765004175746FE4
:106D20006D617469632053687574646F776E004198
:106D300075746F6D61746963205361766500416C91
:106D400061726D004169722050726573737572656E
:106D50000053616C696E6974790047505320517516
:106D6000657269657300496E737472756D656E74D2
:106D700020496E666F00446174612053746F7265C0
:106D80000044617461205669657700446174612034
:106D900044656C6574650043616C69627261746915
:106DA0006F6E0053657474696E67730053656E731C
:106DB0006F7220496E666F0053617665004F4646DC
:106DC000004F4E004C6F772054483A00486967687E
:106DD0002054483A00534E3A004857205665727383
:106DE000696F6E3A0053572056657273696F6E3A39
:106DF000005A65726F20506F696E74004F6E652087
:106E0000506F696E740054776F20506F696E740014
:106E1000546872656520506F696E740043757272B4
:106E2000656E743A005374616E646172643A004333
:106E30006F6E6669726D004D656E750044617465B4
:106E40003A0054696D653A00556E69743A006C1BDE
:106E50004B4C45055365617263682050726F6265E3
:106E6000004B4C6853656172636800207070740059
:106E70006D672F4C0020202025005665722E4100A2
:106E80005665722E42005665722E43005665722E6C
:106E900044006B506100491E031145677B536176C6
:106EA000652073657474696E6700491EA2A34A2C3D
:106EB0007B57697065206461746100491E3E3F56CE
:106EC0006A7B43616C6962726174696F6E00491E0E
:106ED000251F0E0D7B466163746F72792072657396
:106EE000746F7265007C7D7E7F7C7D8C8D4A2C0367
:106EF000117E7F03118C8D49596573001E4E6F0002
:106F0000701D69711D69721D693520206D696E756E
:106F1000746573003130206D696E7574657300326D
:106F200030206D696E75746573002020444F2020F9
:106F3000002020704820200020547572200000207E
:106F400046434C20000020204543202000204F5283
:106F500050200000204E48334E20002020462D2097
:106F6000200020434C2D2000002043686C200000AE
:106F70002042676120000020434F44200000204D44
:106F80004C53532000204F69572000002020202020
:106F900020200068516F6F7778797A7778797A6FE7
:106FA0006851737475766F605160516F6F7374754B
:106FB000760000000000000000000000000000005B
:106FC00000000000000000000000000000000000C1
:106FD0000000FFFFF080001080001C800014800083
:106FE0001480001480001480001480001C800010A5
:106FF000FFFFF0FFFFF0800010BC001CBC0014BCC1
:107000000014BC0014BC0014BC0014BC001C8000A4
:1070100010FFFFF0FFFFF0800010BCF01CBCF0146C
:10702000BCF014BCF014BCF014BCF014BCF01C8018
:107030000010FFFFF0FFFFF0800010BCF3DCBCF39A
:10704000D4BCF3D4BCF3D4BCF3D4BCF3D4BCF3DCD5
:10705000800010FFFFF0000C00003E00004C0030EC
:107060008010790018FFFFFC7820183010100009FC
:10707000C00007C00001C01FFFFFFFFFFFFFFFFFB1
:10708000FF007FFFFFFFFFFFFFFFFFFFC07FFFFF4E
:10709000FFFFFFFFFFFFFFE0F8000000000000001F
:1070A0000001E0F0000000000000000000F0E0003F
:1070B0000000000000000000F0E000000000000000
:1070C000000000F0E0000000000000000000F0E020
:1070D000000000000000000000F0E00000000000E0
:1070E00000000000F0E0000000000000000000F0E0
:1070F000E0000000000000000000F0E000000000E0
:107100000000000000F0E0000000000000000000AF
:10711000FCE0000000000000000000FFE0000000B4
:10712000000000000000FFE0000000000000000080
:1071300000FFE0000000000000000000FFE0000091
:1071400000000000000000FFE00000000000000060
:107150000000FFE0000000000000000000FFE00071
:107160000000000000000000FFE000000000000040
:10717000000000FFE0000000000000000000FFE051
:10718000000000000000000000FFE0000000000020
:1071900000000000FFE0000000000000000000FF11
:1071A000E0000000000000000000FFE00000000020
:1071B0000000000000FFE0000000000000000000F0
:1071C000FFE0000000000000000000FCE000000004
:1071D000000000000000F0E00000000000000000DF
:1071E00000F0E0000000000000000000F0E00000FF
:1071F00000000000000000F0E000000000000000BF
:107200000000F0E0000000000000000000F0E000DE
:107210000000000000000000F0E00000000000009E
:10722000000000F0F0000000000000000000F0F896
:10723000000000000000000001E07FFFFFFFFFFFF3
:10724000FFFFFFFFE07FFFFFFFFFFFFFFFFFFFC02C
:107250001FFFFFFFFFFFFFFFFFFF001FFFFFFFFFFD
:10726000FFFFFFFFFF007FFFFFFFFFFFFFFFFFFFAD
:10727000C07FFFFFFFFFFFFFFFFFFFE0F800000000
:10728000000000000001E0F000000000000000002D
:1072900000F0E0000000000000000000F0E3FFFF4D
:1072A000F0000000000000F0E3FFFFF0000000002D
:1072B0000000F0E3FFFFF0000000000000F0E3FF3B
:1072C000FFF0000000000000F0E3FFFFF00000000E
:1072D000000000F0E3FFFFF0000000000000F0E31A
:1072E000FFFFF0000000000000F0E3FFFFF00000EF
:1072F00000000000FCE3FFFFF0000000000000FFC2
:10730000E3FFFFF0000000000000FFE3FFFFF000DC
:107310000000000000FFE3FFFFF00000000000009D
:10732000FFE3FFFFF0000000000000FFE3FFFFF0BD
:10733000000000000000FFE3FFFFF000000000007D
:1073400000FFE3FFFFF0000000000000FFE3FFFF8D
:10735000F0000000000000FFE3FFFFF0000000006D
:107360000000FFE3FFFFF0000000000000FFE3FF6C
:10737000FFF0000000000000FFE3FFFFF00000004E
:10738000000000FFE3FFFFF0000000000000FFE34B
:10739000FFFFF0000000000000FFE3FFFFF000002F
:1073A00000000000FFE3FFFFF0000000000000FC11
:1073B000E3FFFFF0000000000000F0E3FFFFF0003B
:1073C0000000000000F0E3FFFFF0000000000000FC
:1073D000F0E3FFFFF0000000000000F0E3FFFFF02B
:1073E000000000000000F0E3FFFFF00000000000DC
:1073F00000F0E3FFFFF0000000000000F0E00000FC
:1074000000000000000000F0F0000000000000009C
:107410000000F0F8000000000000000001E07FFF25
:10742000FFFFFFFFFFFFFFFFE07FFFFFFFFFFFFF0B
:10743000FFFFFFC01FFFFFFFFFFFFFFFFFFF001F5A
:10744000FFFFFFFFFFFFFFFFFF007FFFFFFFFFFFCB
:10745000FFFFFFFFC07FFFFFFFFFFFFFFFFFFFE01A
:10746000F8000000000000000001E0F00000000053
:107470000000000000F0E00000000000000000003C
:10748000F0E3FFFFF1FFFFF8000000F0E3FFFFF182
:10749000FFFFF8000000F0E3FFFFF1FFFFF800003E
:1074A00000F0E3FFFFF1FFFFF8000000F0E3FFFF53
:1074B000F1FFFFF8000000F0E3FFFFF1FFFFF8002D
:1074C0000000F0E3FFFFF1FFFFF8000000F0E3FF32
:1074D000FFF1FFFFF8000000FCE3FFFFF1FFFFF802
:1074E000000000FFE3FFFFF1FFFFF8000000FFE3F3
:1074F000FFFFF1FFFFF8000000FFE3FFFFF1FFFFD8
:10750000F8000000FFE3FFFFF1FFFFF8000000FFBD
:10751000E3FFFFF1FFFFF8000000FFE3FFFFF1FFD3
:10752000FFF8000000FFE3FFFFF1FFFFF80000009D
:10753000FFE3FFFFF1FFFFF8000000FFE3FFFFF1B3
:10754000FFFFF8000000FFE3FFFFF1FFFFF800007E
:1075500000FFE3FFFFF1FFFFF8000000FFE3FFFF84
:10756000F1FFFFF8000000FFE3FFFFF1FFFFF8006D
:107570000000FFE3FFFFF1FFFFF8000000FFE3FF63
:10758000FFF1FFFFF8000000FFE3FFFFF1FFFFF84E
:10759000000000FCE3FFFFF1FFFFF8000000F0E354
:1075A000FFFFF1FFFFF8000000F0E3FFFFF1FFFF36
:1075B000F8000000F0E3FFFFF1FFFFF8000000F02B
:1075C000E3FFFFF1FFFFF8000000F0E3FFFFF1FF32
:1075D000FFF8000000F0E3FFFFF1FFFFF8000000FC
:1075E000F0E0000000000000000000F0F0000000EB
:1075F000000000000000F0F80000000000000000A3
:1076000001E07FFFFFFFFFFFFFFFFFFFE07FFFFFC6
:10761000FFFFFFFFFFFFFFC01FFFFFFFFFFFFFFF99
:10762000FFFF001FFFFFFFFFFFFFFFFFFF007FFFC8
:10763000FFFFFFFFFFFFFFFFC07FFFFFFFFFFFFF19
:10764000FFFFFFE0F8000000000000000001E0F094
:10765000000000000000000000F0E000000000005A
:1076600000000000F0E3FFFFF1FFFFF8FFFFF8F07C
:10767000E3FFFFF1FFFFF8FFFFF8F0E3FFFFF1FF8B
:10768000FFF8FFFFF8F0E3FFFFF1FFFFF8FFFFF85F
:10769000F0E3FFFFF1FFFFF8FFFFF8F0E3FFFFF17A
:1076A000FFFFF8FFFFF8F0E3FFFFF1FFFFF8FFFF38
:1076B000F8F0E3FFFFF1FFFFF8FFFFF8FCE3FFFF47
:1076C000F1FFFFF8FFFFF8FFE3FFFFF1FFFFF8FF17
:1076D000FFF8FFE3FFFFF1FFFFF8FFFFF8FFE3FF15
:1076E000FFF1FFFFF8FFFFF8FFE3FFFFF1FFFFF8F7
:1076F000FFFFF8FFE3FFFFF1FFFFF8FFFFF8FFE3F5
:10770000FFFFF1FFFFF8FFFFF8FFE3FFFFF1FFFFCF
:10771000F8FFFFF8FFE3FFFFF1FFFFF8FFFFF8FFBF
:10772000E3FFFFF1FFFFF8FFFFF8FFE3FFFFF1FFCB
:10773000FFF8FFFFF8FFE3FFFFF1FFFFF8FFFFF89F
:10774000FFE3FFFFF1FFFFF8FFFFF8FFE3FFFFF1AB
:10775000FFFFF8FFFFF8FFE3FFFFF1FFFFF8FFFF78
:10776000F8FFE3FFFFF1FFFFF8FFFFF8FFE3FFFF84
:10777000F1FFFFF8FFFFF8FCE3FFFFF1FFFFF8FF69
:10778000FFF8F0E3FFFFF1FFFFF8FFFFF8F0E3FF82
:10779000FFF1FFFFF8FFFFF8F0E3FFFFF1FFFFF855
:1077A000FFFFF8F0E3FFFFF1FFFFF8FFFFF8F0E362
:1077B000FFFFF1FFFFF8FFFFF8F0E3FFFFF1FFFF2E
:1077C000F8FFFFF8F0E0000000000000000000F00B
:1077D000F0000000000000000000F0F800000000D1
:1077E0000000000001E07FFFFFFFFFFFFFFFFFFF42
:1077F000E07FFFFFFFFFFFFFFFFFFFC01FFFFFFF57
:10780000FFFFFFFFFFFF000003C0000007E00000D4
:107810000FF000000FF000001FF800001FF800003C
:107820003E7C00007C3E00007C3E0000FC3F0000EF
:10783000FC3F0001FC3F8003FC3FC003FC3FC0074E
:10784000FC3FE007FC3FE00FFE7FF01FFFFFF81F4B
:10785000FFFFF83FFE7FFC3FFC3FFC7FFC3FFEFF4D
:10786000FE7FFFFFFFFFFFFFFFFFFF7FFFFFFE0029
:1078700000000000000000003E3CE0424440424462
:1078800040408040208040188040048E4002844068
:107890004244404244427C38FE00000000000003A5
:1078A000C00E7008101818181818181FF83FFC3F61
:1078B000FC3E7C3FFC3E7C3E7C3E7C3FFC1FF80057
:1078C00000000000000000018003C007E00FF01F6F
:1078D000F83FFC7FFE7FFE0000000000000000007B
:1078E0000000000000000000007FFE7FFE3FFC1F44
:1078F000F80FF007E003C00180000000000000A9BD
:10790000AA456746696C746572696E672073657411
:1079100074696E677300AB4A00506172616D657483
:1079200065723A0028322D34302900AC46617374F8
:107930000068884E6F726D616C00AD536C6F77009C
:10794000CF10203B4E4F2053656E736F7200501C5A
:1079500054656D700032185A65726F00A2B8436C9E
:1079600065616E696E6700491E3E3F56A2B8436C62
:1079700065616E696E6700BBBC4E54550085999A6F
:10798000F4F5F2E353656C65637420436F6E204D2C
:10799000657300412A5D566A444F2D43616C6962EC
:1079A000726174696F6E00412A5D444F00415D440D
:1079B0004F00DCDD332500DCDD1C444F2500B9BA67
:1079C000566A434F442D43616C6962726174696FFA
:1079D0006E00B9BAB6B9BAB7B9BABD434F4420318F
:1079E00000434F44203200434F442033006B1CB609
:1079F0006B1CB76B1CBD547572203100547572201E
:107A00003200547572203300B9BA434F4400F7F87E
:107A1000544F43006B1C3218547572205A65726FB4
:107A2000006B1CBF3354757220536C6F706500B9C6
:107A3000BA3218434F44205A65726F00B9BABF3347
:107A4000434F4420536C6F706500C0C1534A434F8D
:107A50004420436F656666696369656E7400143D12
:107A6000EAEB1C43757272656E74206162736F720B
:107A700062616E636500EAEB1C004162736F7262C3
:107A8000616E636500195A004162736F7262616EC4
:107A9000636500ECED32353400EEEF333635006BC4
:107AA0001C54485475722053657400F2E383844576
:107AB000674D6573204D6F6465205365740013F343
:107AC000F2E34627456753696E676C65204D657321
:107AD0002054696D65205365740013F3F2E38384C9
:107AE00053696E676C65204D6573204D6F6465004A
:107AF000F4F5F2E38384436F6E74696E756F75738A
:107B0000204D6573204D6F646500AEAF566A4E48D8
:107B1000334E2D43616C6962726174696F6E0080CF
:107B20006FB0D8806FB2B3806FB4B5704820342E78
:107B3000303000704820362E383600704820392EFC
:107B4000313800806FB0B1806FD9D8806FDADBC96F
:107B5000704820342E303100704820372E303000ED
:107B600070482031302E303100AEAFB6AEAFB74ED8
:107B700048334E2031004E48334E203200AEAF4ED7
:107B800048334E006D563A0080566A70482D436166
:107B90006C6962726174696F6E008070480008875A
:107BA000D4232E5374616E64617264206C697175A4
:107BB000696400D56F0887D4474200D6D70887D4B8
:107BC00055534100342E30302F362E38362F392E73
:107BD000313800342E30312F372E30302F31302EC7
:107BE000303100191533566A436F6E642D43616C52
:107BF0006962726174696F6E00F9FA544453001936
:107C000015191533454300F9FAFBFC534A45674300
:107C10006F6E76436F65666673657400501C534AD9
:107C2000456754656D70436F656666736574005B88
:107C30001C134F456753616C205365742055696E62
:107C40007400040550505400062500072525006BDC
:107C50001C566A5475722D43616C69627261746955
:107C60006F6E006B1C54757200C4C54F525000C635
:107C7000462D00C7CE434C2D00E0E1E2566A436832
:107C80006C2D43616C6962726174696F6E00E0E132
:107C9000E243686C00DEDF75672F4C00E0E1E243F1
:107CA000686C0021184869676820706F696E7400FD
:107CB000E3E445674D6561737572652053776974B8
:107CC00063680016E3E4E5E7E8E94C6F77203530B8
:107CD00075672F4C0021E3E4E5D8DEDFE6486967ED
:107CE000682035303075672F4C00CACBB6426761CB
:107CF000203100CACBB7426761203200CAE1CB42D3
:107D0000676100F632566A496E73696465205A6588
:107D1000726F2043616C000E0D8384466163746F43
:107D2000727479009D24999A4D6F64656C20736517
:107D30006C656374696F6E00000144373032000275
:107D40000342353830003134371C4D4C535300F268
:107D5000E3134F45674D657320556E697420536575
:107D60007400081A184A456743616C204E756D20EF
:107D700053657400321845675A65726F20536574F5
:107D800000BF334567536C6F7065205365740008FE
:107D9000090A090B0C0D6D672F4C00672F4C007002
:107DA000706D002500CD68FE4F695700501CC0C1A2
:107DB000534A456754656D7020436F6D70656E73EF
:107DC0006174696F6E00F2E3584F45674D6573202B
:107DD0004765617220506F72736974696F6E000E2F
:107DE0000F10111213436C65616E204379636C654B
:107DF0002053657400501C8384456754656D702062
:107E00004D6F64652053657400566A534A0C59439C
:107E1000616C20436F656666696369656E74006CAA
:107E20001B4175746F00160B0C313070706D0016AD
:107E3000171831303070706D00191A415443001B0F
:107E40001A4D5443003218534A5A65726F00BF33BB
:107E5000534A536C6F706500A3A4194F64426C6160
:107E60006E6B004B3A00423A00BF33566A536C6F58
:107E700070652043616C001318566A4F6E65205080
:107E80006F696E74003218566A5A65726F204361CA
:107E90006C000887566A8F4F69572043616C204FEA
:107EA0006E65000887566A904F69572043616C20C1
:107EB00054776F000887566A434F69572043616CB7
:107EC00020546872656500CC5D46756C6C206F78D7
:107ED0007967656E0056322E312E350080402010B5
:107EE00008040201245043415331302C332A3146D7
:107EF0000D0A0000CDCCCC3D9A99993E0000003F80
:107F00000400000800000000000000020001000062
:107F10001000000002400000000000A0000000006F
:107F200005400000000000C8000000000C400000F8
:107F30000000409C00000000194000000020BCBE72
:107F40000000000034400000BFC91B8E0000000488
:107F5000B5400000504BCFD06607E2CF01000000D3
:107F60006C4100003E8251AADFEEA7340100000000
:107F7000D9420000DCB5A0E23A301F97FFFFFFFFB7
:107F8000B4450000FD25A0C8E9A3C14FFFFFFFFFD6
:107F9000FF3F00000000008000000000FF3F0000E5
:107FA00000000080000000000481020800000020A2
:107FB000AC58000060010008D09D0208AC580020B9
:107FC00044450000C4010008000000000000F07FEC
:107FD000FFFFFFFFFFFFEF7F1C00000043000000DA
:107FE000F8FFFFFF0C0000000E0000000F00000073
:107FF0002E0000001001000043000000F8FFFFFF0A
:1080000000404040404040404040414141414140AB
:108010004040404040404040404040404040404060
:1080200040050202020202020202020202020202EF
:1080300002202020202020202020200202020202F4
:10804000020290909090909010101010101010104C
:108050001010101010101010101010100202020258
:10806000020288888888888808080808080808089C
:108070000808080808080808080808080202020298
:1080800040000000000000000000000000000000B0
:1080900000000000000000000000000000000000E0
:1080A00000000000000000000000000000000000D0
:1080B00000000000000000000000000000000000C0
:1080C00000000000000000000000000000000000B0
:1080D00000000000000000000000000000000000A0
:1080E0000000000000000000000000000000000090
:1080F0000000000000000000000000000000000080
:1081000000000000120001121004430100010005EC
:108110001C68FF1F00016360600A83181806200EA8
:108120000204040408081010102020404027400CCE
:1081300044A4A8A8B0541A2A2A4A442D4324420130
:1081400032243050050008380801323E57123C1BDB
:1081500060080204081020427E103009020418044E
:108160000242423C30400B040C0C142424447F0493
:1081700004A1500C7E4040407844020242443860E2
:10818000100540405C626043221C205242917310F3
:1081900010603224854150133844905005463A020D
:1081A000029010081010182828243C1632E74020AE
:1081B00006F844444478243344F8F720053E42420C
:1081C0008001617053F844D05120B00CFC42484803
:1081D000784848404242FC1040044040E08013444C
:1081E000444050048E84444022E73C227E05417086
:1081F000637C1001427C70651F1005080888F070D0
:10820000300CEE444850705048484444EE4053E02F
:1082100040013342FE9023EE6C0112540132D6200D
:10822000500CC7626252524A4A4A4646E2F04282C3
:108230000151C022FC80737C40A061206005B24CDB
:10824000380620227C6F6742E3003740209041A02F
:1082500063FE92B091D035E2623CE054074424249E
:108260002828188022D69B1004546C2801513054C1
:108270000824241818182424709006EE4444282852
:10828000502B7E84506720205045B448060C34445F
:108290004C36AA1006C040405864C4736458201776
:1082A0001C22155900140500060202B415E47A3B9D
:1082B000BB19045B7E40509406000C12107C703594
:1082C000E4159D53403CC25AC05055A0940630302E
:1082D000000070A0130C0C70320401534478901607
:1082E0004EA35648A0C71070D0353422490172ED14
:1082F0001092DC6069A469F0212042D8E055A210F8
:108300000500001A261F5005261A0207501004EE19
:1083100032200182F8C0540542403C02A029D231EB
:10832000E073120C50D6C610557471907008DB893A
:108330004A5A542424303676A2726E3045B46F10F7
:108340001002041F7E44F2038F227E1C04910B1D39
:10835000E203180408087FC5857C1E6291035E084D
:1083600030045A00EF21093D3F045DAC03200A10A0
:1083700008080402000040200A2D1E041D5204C2F9
:1083800040C000052D7B4040000110041C003E024F
:1083900002131C1C200803E007300E381C010004E7
:1083A000100C380E02231C0C1C0C07130E3807305F
:1083B00003E011051005C001C01F04011E020005E5
:1083C0001203E01FFC9C300A07F00C3C181C300E16
:1083D000306E13000EAD10081C0038007000E03441
:1083E000000F1480030006060C061806300E3FFC32
:1083F0003F402008E01C703838381C02613C11AA4C
:10840000127848120C4E41C6120CE103143807C012
:1084100012706C1005F000F00102100403700602E7
:10842000120C02300B18703870307060707FFE20B4
:108430003102071203FE5C80070FFE0FFE180002D8
:1084400014041BF01E4E32187C6180000417301C8F
:108450003080340501F0071C65313E940A38003B3A
:10846000F03F383C1C3C8C211F0C07120E1C0F38AF
:1084700003F090061C0B1FFE1FFE180C3818301856
:10848000A30330043000600216C0964280029203BB
:108490000205148025FE45FA14093C0E3C0C1F1CF5
:1084A0000FB054400AF8387C383C701E700E02053C
:1084B000184015801406303818381C35512C540BD0
:1084C000700E781E383E1C7E0FCECE1618A0000708
:1084D000657038E00FC00001033A7FFF3E25F1B51B
:1084E00062C008003180318060C0022114CD2C08A8
:1084F000100406001E04011202E31F8050414425AF
:10850000A619E219A9100418003060B67F222408C9
:108510003E006300618061C42406000F000180D624
:108520002186CC0461803FC20313000702120F02B0
:1085300010041B003302100663007FC003161136BF
:10854000B1502B3FC021292530043F00394E011482
:108550005020040F0019F0194770047F0071F8E3F0
:1085600030C0F0327F8C416A21E6920C020114F097
:108570002142854AE150211C566168340661C033AE
:10858000C01E20140431803358093F1209257C2570
:108590002261061DC5061018401020102013FEFA97
:1085A00002144410401BFE3088D088110810D016E9
:1085B0001C0550508823A2071013481C49E04900AD
:1085C00049007DFC4144414479444928021011107E
:1085D00049104A284A448C8208000BF80A08120203
:1085E000101333F83040504097FC10E011501248FF
:1085F000144418425C103440100011FC11041104A2
:10860000FD141108110015FC19443144D12811281A
:108610001110112851442182040004000FF0182089
:10862000644003801C70E00E1FF01A6210064005C3
:10863000101001000240137FFC0380054005400933
:1086400020111021084FE48102181018200017FC97
:108650000004408440845FF4408441844284448424
:10866000488450082007410440144008801E100030
:108670000B1013FC0013FE3020382055285524928F
:108680002412221422E24004A010405C2106233F61
:10869000F8681019FFFE0500088818502820C9182E
:1086A0000A060C0008200820FFFE0820432008F8D6
:1086B0003F00111008208C218810083118C10601D4
:1086C00000027D100608201FF002161C1208201060
:1086D000902308CC4601800610182000C007A3058F
:1086E00041BC613021D2610412006C39B400041223
:1086F000FE2000021240023280FC4321080211A237
:108700002208B043410402127FFA1C18004078404E
:1087100048A05110520865F6504048404FFC484070
:108720006A5052450A2009484441404080084002AE
:10873000100D13F81040308037FE508091000C204F
:1087400004081110FC25FA258011E02300081814F4
:1087500004103020C236FEB81102240511401080EA
:108760003C180613FE1020FC26300A102014201896
:10877000203020D00C1C07102050A02040C50740FE
:10878000062004403FF8A051A6354865BA240821C8
:108790000811080910093812F867116B523F0831A7
:1087A000102004003FF04D11061C04042004400773
:1087B00011FB2570110D1C062000A000403E0C107E
:1087C000093C0BE0122012203202100753FE9220C7
:1087D000121002400A12120A128A132612128A1466
:1087E000181120112CFD34116413A411241134111B
:1087F000281D22E122410200603202022303FC060E
:10880000416A216C480B00002488224442448004C1
:108810005E41BA61C231CA10050A01020142260254
:10882000C05807FE4002800400221005110011F814
:10883000041C0600290047FEF50415A7127C04203D
:108840000801FC0044FE4420021980180A4484FDFB
:10885000044504022804C0200B00803FFE22202291
:10886000203FFC061C0F23E020002FF024104220A4
:1088700041C086300E08180540044004641D570DA1
:1088800020060840049FE2F82110194C172021C04F
:108890001DEA051C05FC00800180041C0805600918
:1088A000183104C13B0929422D470B310819995849
:1088B000081FFC20005FF0905ACD500318050028D7
:1088C000002462201A202FA420242FA82898289260
:1088D0004FAA4046808201004884481287F2E0296E
:1088E00088230FE0741E0FCA0C140F7FFC40044F46
:1088F000E4482448244FE4400CE019F461FC45D8D6
:108900001702800F19F6440D3018C00620403F7E34
:10891000489085082650089FE410201FE010A249C7
:10892000E681AE29F22208B01AF0552D950315E024
:10893000496A1C1B13FE188054905090511291529A
:108940001154129012281428104410841102C003EC
:108950003D120412FD04100631103910550218069C
:108960009110111211031C04120E140004140413AC
:10897000FC1043300447C4440181083E40000425F4
:10898000F0101A3B7C211441FE7A14A27C2710F9C6
:108990007C251025FE22102A10350028F821F61D0E
:1089A000540428042011FC6048075420902017FE2E
:1089B0005451021C2B0010FC3C2424244854BE8833
:1089C0002A102A503E7C2A902A103EFE2A104A1075
:1089D000421086102420FF20247E7EC482287A1232
:1089E0000534047AC6054E19E219541A2050340A87
:1089F000200023FC22042204FBFE24132BFE322041
:108A0000E22022FC228422842484A4FC4884702155
:108A100084410229FA410A2D60031D690F157A1855
:108A20000501FCFD24D61AFCDA3804247DFCEE1185
:108A3000068C061C20E020434004228002100A2FEE
:108A4000FC20842084210421703C08220444044832
:108A500028906604151F150D477FFC2244094AA47F
:108A60004A9451144204202405000023F88B1A80F4
:108A7000CE600A40801080110021F8E08F2C045055
:108A8000002016052C107FFE41029D7401001D7010
:108A900002800C6032C8041C06E000200640B007CB
:108AA0003E4020031D5E03AC0D44442F881110226C
:108AB000484FE40020FE031160741DFC12041204F0
:108AC000820443FC4A000A4012441248E2702240E9
:108AD00024422442283E10C00113021DC005120882
:108AE000EA1D21043C11A810A4FCA2112231203A55
:108AF00024542454289088102C0410C013480C19B6
:108B0000401C1217FC8484488841401144134825B6
:108B100030E9202124061E215E065F010020031596
:108B20001E1C0540801FF8D00411E415A2628002CB
:108B300010082200227C7F442202333E7C0613442C
:108B400022081404FF4404A21C044114827005107E
:108B50000400801FA221023E1F4A061E1072061446
:108B600004240424601C0487FC04160451382408DF
:108B70007C01200110FFFE222D18036116255C1ECA
:108B80003FA0031C044FF080800459F82102120A10
:108B9000024C040600026003293450093E082248B2
:108BA00022483E48062C080822082A28241060047F
:108BB0001FFC7C0A031C0C0822FE3C92649264FE9B
:108BC000A492C106110C44072512210A0204002EAA
:108BD000102D062F40F04C0322A0021C071510197F
:108BE0001012081F119D2E047D3204B10E11401D7C
:108BF000FE075C111202849441084A64089011082F
:108C00001204E5FA72061D70064DA003280AFE7CC8
:108C10002084288849207EA63C0E500E50F85048EB
:108C200088088809040A028C0A7DC00F8E3FAA0EAC
:108C30005DDE06500800027BC24A424A0163FFEA39
:108C40000A1C084A425A42854A0800033E21EC07A2
:108C50001C060110020EF484061D260810071010D1
:108C60009014A018CA2C0503180C06280610087CBE
:108C700008440845FE4406110A1E88D90632480AEF
:108C80001E08DC040E1010C0052DA2051E09A60A40
:108C90002C04058018000591944D9406116E1C0952
:108CA000082104410281020514068DAA046DA20464
:108CB0006DE2051C06290045008390031C14492021
:108CC0002A20083EFF442A44494488A41028FE284C
:108CD00022FA032C0D642818283444C28210A011F3
:108CE0002C9A032FFDACA0035C0B15FC182031FC63
:108CF000D088105040098E065A081C077FFE420299
:108D00008424480E1D1E082DCA077C07112025103B
:108D1000420820093D260911402C050033FED09061
:108D2000042C083C112052A0247EA0093C1E2020C7
:108D300023FE4840F888110423FE4092F8904090AA
:108D400000901912E112420E040008E20729941D56
:108D50001B0D1C0508520892DC0731021D40042F30
:108D60001FFE790F2F23F89E091C0783F842084243
:108D700008FC0730070027FCE4A424023E2F20074C
:108D80004DF6083D990F1D88041E04EB062DE205E3
:108D90006DE005560124A1041C07010008844892D7
:108DA0003E062DB6121D160911861C052010403FE7
:108DB000A6061DF8081E084E094E04A6091D020746
:108DC000D70000624C0D044044442444144814501D
:108DD0000440000910047BF84AB8100453F86206F6
:108DE0005C124BF84A444A486A305220421042888A
:108DF000430642A00A441111FEFC00108831043AD7
:108E000002548850889050601C0510881306E008B2
:108E100013200BE81404100031023C04500091EEC2
:108E2000094D740A21061D2E051C042410A43E04BD
:108E30005C0DA8102033FC38045404500491D00376
:108E40002D7A041E003A0515F02EFCDE143008F3CE
:108E5000E4122412241306180617E418041060AD57
:108E600060053D62052D6A051C0990208820884018
:108E7000805F00082D200A3C0A7F20082808240F64
:108E800022F0B0051F3FF83B07310256FF605DE856
:108E900009A2F8062D490331061D1E0418044000DE
:108EA0009F7A1E7F080314130A107FD004103F908E
:108EB0000412FFEA040A04060402E02C04480A48EB
:108EC000600B1E3100072C04511090E0033DE803B5
:108ED0001E11E2032F140680052D6E062D86092D26
:108EE0004604C56E45D42D50092D2C0B4D560B3E16
:108EF00011A60465E01D60062EFEDC091C1811FC9D
:108F000021243D2465FC6524A52425FC25203CA0C6
:108F1000244020B00340031347FCD73C094003F82A
:108F20000088E08827AC0A1F23F89C041C0708323D
:108F30000823F80240061D56051D2308C310080823
:108F40002D29042805402880109E2F0FFC4404146E
:108F50000433F832E61A92843212042B1208A07DF0
:108F6000C0093B20FDF4410218081D20E1204120EA
:108F700007A08D76084D4A0321122F0888BC0849A6
:108F8000802DD6062DC00B2104E9A872FF408D224A
:108F9000048D26044D400C2DC80A1E3C63132C047E
:108FA00041FCBD66073F24FD6A074DEA0A1610F929
:108FB0001C06014041202180032C08022016201BA2
:108FC000FC12C2091EFCC20721088C05FE22000209
:108FD00080063D77081F14441C061C0B44E040200B
:108FE0004820442FFE247E053D220CCDB209AE1050
:108FF000C0093D900435967C0829282524454481E4
:1090000030044D98093DE00C2C068440A44094E0C7
:109010000C2C0E4EA44AA44EA440C4465458B4414D
:10902000C4070E240C1C0E3E7E4E0C1E4033123E16
:1090300044100B124208AE38C9131C041838241F00
:1090400004A1028C04243E18A80F3C043C1842DD05
:10905000171004024204261DBD0A1D6A17927E20C5
:1090600012FC521248023C0878DC48624842403602
:10907000178EFCF6142D81182E70F2091E3ED509AC
:109080001C04441038B106BC083C10427C42003C31
:10909000940E1D7F151E3E5B05211D12021FBE7C16
:1090A000831331C010045C0062BC4102A15F1C0745
:1090B0003E0042C04240E3072C075C806280428051
:1090C000D417EC044238E7F40E11601C04DC106283
:1090D000BD0531020F107CE7FA182E3C50162C0506
:1090E000407E3C40951802117C20317A254E81BC8F
:1090F0001E0E0C0C1E21C40F3E31E810410252001E
:10910000062D7E052DCA071C1C23F8F80027BC2459
:10911000A42CA437BCE0402FFE216022502448B884
:1091200046404009AC063C0E090011FE1280328018
:10913000348050F890A2084F10FCAA081F1080D36A
:10914000041C04480040C20B1DE8082E209E081095
:109150000444222802440A122A32444A40868102E8
:10916000D91FFE40140A5244021C078410841E8436
:10917000F1240E2D800C6DD81545353C04D8426481
:1091800091181D54171C064258E74000EF0B1C09AC
:10919000902090109013FC0054061FF090FC0A11D0
:1091A0000E2D7C0F1E12FD041E47200B5E042206AE
:1091B0004DF60B2D38042DF00E3DB00C2C06104052
:1091C000088006A80F1C0517FC1110600F1DE00396
:1091D0001C043BF856E4031E9010036DA0041917FD
:1091E0001244022D9C041D2A0D3E3E8E0E1DFB04D2
:1091F0001C07220F12780A2000091E00E5183F27DD
:10920000FC60044C0440E7FE5C042D6004122B4E0D
:109210001C04222802160D1408203C27C02040F808
:10922000361C0820402940365CE440061004275CC8
:1092300024062C04A7FC44C0051C164017FE112070
:109240008120423C4244166412942348E248223072
:10925000720D9C0550228803A00C6D980E1D1307FB
:109260002E20740B1D680D2D600E2D3E071F402310
:10927000360F1208481E3055061D000F1D620E2DB8
:1092800096032D66060D18241B8D261B0D13441BFB
:109290004E0043173D300E1D2E0E1D74043F00413D
:1092A000601065442DF20D1D80051D3E0E200C44FE
:1092B00040548054FE5508568854021F50543E08AE
:1092C0006C092850248845048202600D3DFC0F2D56
:1092D000BA041F0021500ADC0A030405041928E11E
:1092E0001001A9160E13FFC015CD9809E12A11929D
:1092F0005D260F10090240022002100208026112CE
:109300003DDE096DCA0F6DFA0E61024DE0066E0278
:1093100042101DE4055C06304057FC903E104F1093
:109320004080081D60161DE7055E1FE6043DD8114C
:109330001DF0093D000E1D600C7E00160B5D061031
:109340004DFE105E040E103D2C07FD9C0F3DA40F3A
:109350001C0441084160068D52112D5E0E1810222A
:10936000003EF822883E9022502F20F25042006D9D
:10937000E8056D440689C465801C04224012201152
:109380001E04680B4FF7FC7E062D00084F141C00CE
:10939000031C04200027C2031C042110F0EC102C35
:1093A0000921B0264E3040E3F88C0329B41EA08C6E
:1093B0001A2DC010654020057FFC0480021DB407F3
:1093C0001F80108A0D2F407CC0114E11FC103D34BF
:1093D00012680511106008045D80072C04047F8466
:1093E00076081C071224FFA412242A0E98051441A3
:1093F0000881AC1D7E111EFC140B13F8FD043C15F6
:10940000110E17F8180837BCD0A412A41128129016
:1094100054A8284698125D9E081D26042DA8082DE4
:109420002A041408222012280A3006CF1D600A1CC4
:1094300011200824104430F848108423024000FD15
:10944000FCA6087D400E4D680E1E25BB102C05F8AD
:109450002010FC720E1C04FDFE40150D1C041C2A7D
:10946000E001082D87121D60031DC0071C0683F84C
:10947000404047B0071E139C035EE3A4032DA003E6
:109480006D20112F8824C2102D6E0C85722D180CA2
:109490004D00074DF0087DF408910C256214095029
:1094A0000050F0230C02040D41021DF9083C040396
:1094B0000C0130092DC0092C083CA420A84020BD77
:1094C000280B2DA0073DA8071C04145018100B4FA3
:1094D00002029813BE0136076DDC072DE00B1E005B
:1094E000401B2D300F2C0B002003FEF002109410B7
:1094F00050600C1C0A13FE142818441082038004C8
:109500001F207C400E201AFE8442447047C414443D
:10951000143C2420E410245425422942294A1238BC
:10952000402D20151C0D822242244A200BFC12845F
:10953000128860041C0550222024A2030F1E090675
:1095400000145DE0101007F81848544850023D5EC2
:10955000131DA20D3D64051DC0094DF0041C0A3207
:1095600008ABF8A000A7FCA4960B1D0E051D36063F
:10957000AC09211020E023182C06200A1E041E0A24
:10958000C01140500810FFD01112320A0C0A1B06FD
:109590006082201C0424900B3E0D4C0D6050041280
:1095A000248A0B0A10866042B8173E04BA161004CB
:1095B000140024021E44F41615649F601FC004DCCE
:1095C0000518082438FF07900408183E201138CDEC
:1095D0008007DC0522601C6020085C0840424024B3
:1095E0005C186206209F223C8D1B1E3805064DB676
:1095F000073C0446003A82089004246018807004F6
:10960000083C38775E088A08AF3E3C6A1C1D371A52
:10961000D20802FE3E99073E426D092D63123E209C
:10962000A7072DA6204DE0031FFC841C153E402AF1
:10963000061E215C0A1004212022016F241EBB1C7F
:109640001F3E383108738280021F4282281E9D21EE
:109650000972F8C06D7E08AF440053051008C7FEBC
:10966000629262105202324A0212460292E240D2E2
:10967000E73E9E42400891C02D2B0A3E187307D149
:10968000215C173CC74262426202520452184A04EB
:109690004A024A424642463CE2831D1F48141208D1
:1096A0001C054108BE48860C1C0D287F0E08782A30
:1096B000082908490888950C1D5D101D70074C127B
:1096C00000407E400240046008501A482C444A443E
:1096D0000A860751022C050A48095002033C083447
:1096E00002380451F090E0101D0812199E1E17BA9E
:1096F000115DE0091D1C211008484248807880480F
:10970000021D69099005424044E0E05EE0600A8184
:1097100002AF42004B1C1738FC5F210210047C8210
:10972000480216445FCC044238E3400A4DD6097221
:109730007C42AD8B1B7D600A00051100487E4820ED
:109740002B3EE07E728002119F0C04284238FE20DE
:109750000A5D9F0AB1024D05206D96138C0B0480A3
:10976000248024FC24A02510E20D2D38154DB413BF
:109770002D640F1F13F844131C13BC54A417BC20F2
:1097800040EFFE215022482C46204001760C1976ED
:109790003E0860131D6A095C1017FE2492E49225AE
:1097A0006A26462402240A0480162DDC073C0A7D22
:1097B0009005A009400940113C0F4C04410681C0AE
:1097C00004FDCA0BFDDC070D1B800685011D20036F
:1097D0001C0640C6204218C30B1DE3212C04464240
:1097E0007BB7164DA3115D78051D9B172C041C102B
:1097F00022AC0D2D42060F10401C851F1EFE081ABC
:109800006102CEEDC91B31603C0EFE2049184904AF
:10981000490249424942ED46221D80193D1C181C4F
:10982000044908F9DC112DB6071C04F9F841CA08EF
:109830007C061908E1084784082E3C8C2318044450
:109840008044611C04448E428C051E42A8219D4C1C
:10985000123EE7E8211D620471C0CDA00B2D061752
:109860001E18EB161DED161DA40BFE44200C3D86A4
:1098700022B1012DE720AD200D66420269000C04E3
:1098800028601060200D3D2105BD21041E60E1040B
:109890002D000C2D3610200C21FC39044A0455F4FF
:1098A000811421021EF4A2153C072829123102203E
:1098B000600B1E0E26062DD9121EFFE1121C041885
:1098C000441C68121E2AE3123E88E112D608802743
:1098D000C63E1B280842384240463C7BF3563CC0FB
:1098E0003EE0540A3DCC0A55C01E42150C31811C85
:1098F000040020788F0E2102434BFE0821106D6773
:109900001A25A02DD5131C0449F8F889141D6012DE
:109910001C0D20FA22417400A81924E2224080196B
:109920004D181B2DD6072D280AEF0420C012AF00BA
:10993000006E0F2DBE1B410441341D680B4C060008
:109940001DFCF104E2121E10981D1C0439FE546621
:10995000173E91C8163E13A0123DB305527EBA1EA3
:10996000781F0E2D830A48064208440438FE1E4024
:1099700024162D3115ADFB052DF011040410200027
:10998000407F76C6E0F80546187B00E15F3E088020
:109990000E1DF40F753F11612EE0AB1CAD15051DBA
:1099A000DC1752FE612C0507F87908F01C180549F0
:1099B00020493CDC1C08044A887A884A503E0C3F07
:1099C0005008600A8DE01A6D6A17158A4D260F6ED1
:1099D0003E9D1E2F3C7EA0041008424002780444A5
:1099E00008E01DF4249F447E40050D11A007AE0041
:1099F0008A1E4D60071DC4051D600759FFBD600725
:109A00000D1AE00F10197BFE480051FC510461044F
:109A100051FC48004BFE4A8A6A5253FE4222021F02
:109A20002A42C0161C0A03FC190C250425041984BB
:109A3000151D222221063D3E095D4C212F042716CB
:109A400009100554855445021215021C052554E5DC
:109A50005462181C068422442414ED231D6F051D36
:109A600012132DF4131F080A71191C071040E0A0EF
:109A700020A080172C051022082480162D400A1ED5
:109A8000FEC80E3C05A00120F3BE185E1062195CF2
:109A900004282047800A1C0421FC24371B17FBFEE6
:109AA000182C0F944050FD10409003FE1C28E044F9
:109AB00040A0091D80122DEC0D1C0805F40444E49F
:109AC00044277A176C0D25F425142D1435F424043D
:109AD00004147C241C04FE3892CE09B102BDC007D8
:109AE0004D9F047DF517FD001113FEF840B24202B0
:109AF000BD80045D3F051DA81D8D9F074DC5272D09
:109B00009F252F2020540B1C06504093FEFC321D35
:109B10002C0811FC1C04F08850A2142DEC272DCE2B
:109B20000F1DFA041C04FA1015C219140719243168
:109B300024D124102DC2141C0A88510426020008C6
:109B4000301094033C07404880490032BD082C0C7B
:109B5000130C249244928492049203D8255DE0175A
:109B60003E87BE19158A15042D020F2D000F3E27C2
:109B7000801801FF0101FF0101FF0101FF0101FF49
:109B800001019D011FF87E4C2E3E043D175E085FCB
:109B9000068F10F8962B5C0400183C360F7D611779
:109BA000B0052442187E401D26141C0544407878D8
:109BB000390D2E02C00B0C05104444F838A01711C3
:109BC000364109110BAE3CA0176EFCFE0A6F7C7C7F
:109BD000562E9EE0610DFC04FE0092000DAD2007A4
:109BE00010064400A400A8021008B00054001A0097
:109BF0002A024F4A00F52F0D1FC006CD400C1F3E14
:109C000049461D7C0849384940493CEDE40E0D1B8E
:109C1000C00ACDED0C3E3E4E161E38DA090E103C41
:109C2000450F1D4F2D5C04D86464E016C0046458D1
:109C300058E40D1BC00C0118E10D1D00132DC016BA
:109C40001E209C161E00780E1C0447FC50881C1C0D
:109C50000423F8E2F2174DF6172D201B4D16254F61
:109C60002FE87A1A2C05200827C81C1C3C0427C89A
:109C700040201B0D1E80200D1E201F0D1E001BDD11
:109C8000200D2FC62427173D652DCFE73B422D3DE4
:109C9000F40E6E3C1E190C052812420C3C201A7D55
:109CA000800B1D61185D800BDC04641858A50F251E
:109CB000A02FFE641B0E1D1F0E8C05644958EDE499
:109CC0000F100810FE1092181028021E241A1A4DA8
:109CD0008B090E29E7C0094007EEFE6C926C10025A
:109CE0005254020004FFD638000101FF0101FF01B8
:109CF00001FF0101FF0101FF0101FF0101FF01015E
:109D0000FF0101FF0101FF0101FF0101FF0101FF4F
:109D10000101FF0101FF0101FF0101FF0101FF013D
:109D200001FF0101FF0101FF0101FF0101FF01012D
:109D3000FF0101FF0101FF0101FF0101FF0101FF1F
:109D40000101FF0101FF0101FF0101E20110066BAA
:109D50006E02087004127504127A041280041286CE
:109D600004128C184DA2391DE4435E0EAD390D234B
:109D7000CE25DD9D4C0D3D1C2612968C129DA42DEA
:109D8000F35110051F1C1F1E02310501268E0D7A8E
:109D9000D8260006A16D0601080001470D11EC8DC3
:109DA00079531E1F83511E1FCE4E4104810A01B4F8
:109DB00001071CEDCB8883711F20091FE5021401E8
:109DC000222DCC477E0EF43EC10801460100000062
:0400000508000125C9
:00000001FF
