:020000040800F2
:10000000E09D00203D0200088DC7000801A5000802
:1000100021B70008792F000851F400080000000003
:1000200000000000000000000000000065E2000881
:10003000CB6C000800000000D1DF00083DE700089D
:10004000570200085702000857020008570200082C
:10005000570200085702000857020008570200081C
:10006000570200085702000857020008570200080C
:1000700057020008CD54000857020008D954000860
:10008000E55400085702000857020008570200080C
:1000900057020008570200085702000857020008DC
:1000A00057020008570200085702000857020008CC
:1000B000C1E700085702000857020008570200086D
:1000C00057020008570200085702000857020008AC
:1000D0005702000845F300085DF3000875F30008B7
:1000E000570200085702000857020008570200088C
:1000F00057020008000000005702000857020008DD
:10010000570200085702000857020008570200086B
:1001100057020008570200085702000800000000BC
:100120005702000800F002F800F078F80AA090E802
:10013000000C82448344AAF10107DA4501D100F0A2
:100140006DF8AFF2090EBAE80F0013F0010F18BFF7
:10015000FB1A43F00103184784720200A4720200E4
:1001600010F8013B0A4413F0030408BF10F8014BD8
:100170001D1108BF10F8015B641E05D010F8016B5B
:10018000641E01F8016BF9D1002D15D010F8014B58
:1001900003F00C030C2BA1EB04040ABF10F8013B85
:1001A000A4EB8314A4EB032405F1010314F8016B01
:1001B0005B1E01F8016BF9D5914238BF10F8013B85
:1001C000D1D370470023002400250026103A28BF11
:1001D00078C1FBD8520728BF30C148BF0B607047B9
:1001E000662924F01F87642900F0C8810020704729
:1001F0001FB59DE8030000F061FB00F0B7FE0400AE
:100200000020002123F010FE401C6060002000212F
:1002100023F0F4FDE0601FBD10B510BD00F0F0FF4D
:100220001146FFF7E5FF1EF0B5FD01F093FA03B4A8
:10023000FFF7F2FF03BC01F003FB00000948804711
:1002400009480047FEE7FEE7FEE7FEE7FEE7FEE7B8
:10025000FEE7FEE7FEE7FEE704480549054A064BD0
:1002600070470000BDE7000825010008E07D002080
:10027000E09D0020E08D0020E08D002070B5A0FB07
:100280000140B4F1805170F1000024BF002070BD26
:10029000204600F007F805001CBF214600F0A5FA33
:1002A000284670BD70B5064600F0ECFA056806F108
:1002B0000B0020F00704B4429CBF002070BD2B4609
:1002C0006A68BAB11068A04210D304F108018842EC
:1002D0003CBF5068586007D35168101941601168DD
:1002E000091B016058601460101D70BD13465268F0
:1002F000002AE7D12146284600F0CCFA0028DED1BA
:1003000070BD70B50446051F00F0BCFA0068002CF3
:1003100014BF446870BD002C18BFAC423CBF2046DF
:100320006468F8D301680A18AA4218BF456003D16F
:100330002A6805461144016028684119A1421CBF82
:100340006C6070BD6168696021680844286070BD98
:1003500070B50D460646041F00F094FAD0F800C0B0
:10036000C5B1E6B105F10B0020F00703AB423CBF7D
:10037000002070BD2068984238BFDCF8042013D3F9
:10038000C11A08292FD3E01840F8041B2360FFF797
:10039000B8FF28E03046FFF7B4FF002070BD2846C4
:1003A000BDE87040FFF77EBF002A18BFA2423CBFE5
:1003B00094465268F8D30119914216D11168084445
:1003C000984212D3C11A08293CBF2060506808D354
:1003D0005168E0184160216812681144C91A01602F
:1003E0002360CCF80400201D70BD181FFFF75AFFD2
:1003F000050007D021680A1F211D00F081FD201D86
:10040000FFF77FFF284670BD53EA020C00F06980B9
:100410002DE9F04B4FF00006002B1FBFB3FA83F518
:1004200003FA05F424FA05F65E4012BF1643B2FA49
:1004300082F502FA05F4C5F120051EBF22FA05FC7B
:1004400044EA0C04203556EA044C4FEA144418BF21
:10045000641C4FF000084FF00009904271EB030C50
:1004600039D3002919BFB1FA81F701FA07F6B0FABA
:1004700080F700FA07F6C7F120071EBF20FA07FC35
:1004800046EA0C062037B6FBF4FCA7EB0507103F45
:1004900007F01F0BCBF120060CFA0BFB2CFA06F62B
:1004A00044BFB3460026202FA4BF5E464FF0000B8A
:1004B0005BEA060C08BF4FF0010B19EB0B09ABFB15
:1004C000027C48EB0608C01B06FB02CC0BFB03CCEE
:1004D00071EB0C01C1E70B46024641464846BDE8B8
:1004E000F08B13B54FF000004FF00001AFF3008028
:1004F000BDE81C40704700000FB41CB50C0007AAF3
:10050000009001D02044401E074B7B446946019077
:10051000069800F082FC002C03D06946002000F011
:100520008FFC1CBC5DF814FB3D09000070B504464F
:1005300085690068C10601D5302600E02026C00785
:1005400007D070BDD4E9012130469047206A401C95
:1005500020626D1EF6D570BD70B5044685690078C1
:10056000C00707D170BDD4E9012120209047206A3F
:10057000401C20626D1EF6D570BD00002DE9F041D3
:100580000646002410687529314616A510D0AFF331
:100590000080002802DA404213A507E031688A078C
:1005A00001D512A502E0490704D511A5012401E0F7
:1005B000AFF3008000210A2206F1240709E0B0FB16
:1005C000F2FCB0FBF2F302FB1C003030785418460A
:1005D000491C0028F3D123462A463046BDE8F041A5
:1005E00000F0ADB9000000002D0000002B0000005D
:1005F000200000002DE9F05F894604464FF0000A14
:10060000DFF824B1FB44C0F820A02046E168884709
:1006100000287DD0252806D0D4E901219047206A02
:10062000401C2062F1E700255F462046E1688847CC
:100630002028064607DB312E05D2B81910F8200C09
:1006400008B10543F1E7A80701D525F00405C4F872
:100650001CA00027C4F818A02A2E09D030460FF09D
:1006600092F938B304EB8708303EC8F8186019E0F7
:1006700059F8041B204604EB87029161E168884722
:10068000012F064618D1E069002820DA25F0200560
:100690001DE0D8F8180000EB800006EB4000303871
:1006A000C8F818002046E168884706460FF06BF945
:1006B0000028EED1012F0AD02E2E08D12046E16865
:1006C00088477F1C0646022F45F02005C4DBA06941
:1006D000002803DA404245F00105A061E80701D097
:1006E00025F01005A6B1A6F14100192802D8203640
:1006F00045F400654A463146204625604D46FFF7E1
:100700006FFD60B1012807D0ED1D25F0070000E066
:1007100007E000F1080978E705F1040975E73046BC
:100720007AE7206ABDE8F09F2C6D020030B50546DF
:100730000B462A4613F8014B12F8010B08B1A042F0
:10074000F8D01CB1002802D06D1CF1E7284630BD5E
:10075000032A40F2308010F0030C00F0158011F8ED
:10076000013BBCF1020F624498BF11F801CB00F8C5
:10077000013B38BF11F8013BA2F1040298BF00F819
:1007800001CB38BF00F8013B11F0030300F0B88340
:10079000083AC0F0088051F8043B083A51F804CBFD
:1007A000A0E80810F5E7121D5CBF51F8043B40F8C3
:1007B000043BAFF30080D20724BF11F8013B11F8CE
:1007C00001CB48BF11F8012B24BF00F8013B00F812
:1007D00001CB48BF00F8012B704702F0FF0343EA4A
:1007E000032242EA024200F002B84FF0000204295C
:1007F000C0F0128010F0030C00F01B80CCF1040C50
:10080000BCF1020F18BF00F8012BA8BF20F8022B83
:10081000A1EB0C0100F00DB85FEAC17C24BF00F829
:10082000012B00F8012B48BF00F8012B70474FF057
:10083000000200B5134694469646203922BFA0E830
:100840000C50A0E80C50B1F12001BFF4F7AF09073C
:1008500028BFA0E80C5048BF0CC05DF804EB89002D
:1008600028BF40F8042B08BF704748BF20F8022B70
:1008700011F0804F18BF00F8012B70477047704788
:100880007047000000487047887D0020704770471F
:100890007047704738B504460A4600206946AFF3F2
:1008A0000080002808BF38BD02460099204600F0AD
:1008B00065FB012038BD012000F09ABCF8B5AFF30C
:1008C0000080054600200C46102000BF0646A819EF
:1008D000A0420DD9324669460020AFF300800700E0
:1008E00008BF00F085FC0098A04218BF0546C41957
:1008F000FFF7C8FF05600746F01D20F00700461906
:10090000284600F00AF8B44208BFF8BDA21B3146E1
:100910003868BDE8F84000F031BB00210160C0E953
:10092000011070471020704710B500F023FB0068DD
:1009300010BD10B5044600F01DFB046010BD2DE98C
:10094000F0470D4699469246044600F12408016896
:10095000880604D5E06921F01001216000E0012043
:10096000A84201DD471B00E00027A1697A1902EBCC
:100970000900081AA0612078C00602D42046FFF7BB
:10098000D5FD002608E0D4E901211AF806009047B9
:10099000206A401C761C20624E45F4DB2078C0069D
:1009A0000AD52046FFF7C2FD06E0D4E90121302038
:1009B0009047206A401C2062381EA7F10107F4DC32
:1009C00007E0D4E9012118F805009047206A401C8F
:1009D0002062281EA5F10105F3DC2046FFF7BCFDCF
:1009E0002078000602D50220BDE8F0870120FBE751
:1009F00070472DE9FF4F0C461E464FF0FF378BB076
:100A0000D2E90001DDF860800A908A46C1F30A55F8
:100A100005B93D46002108464FF00000BAF1000F2D
:100A200000F4400005DA00EB80004FF4400101EAD9
:100A300050004FEA9059B9F1010F00DDB9460A980C
:100A400050EA4A000ED044F61050A5F2FF35454357
:100A50002F14B8F1000F1ED07542291E1EDDC9F1FA
:100A600000021CE0B8F1010F4FF0000001D030216E
:100A700003E0F24305E02154401CB042FBDB30466A
:100A80000022002121540B99C1F80880C1E90020FF
:100A90000FB0BDE8F08FBD1B6D1CDEE74A4600DAE3
:100AA000694206A800F032FB06AB93E8070003ABEF
:100AB00083E8070050460A9901F033F98DE80700F2
:100AC000A0F500501F3800900398002D0ADD42F277
:100AD0001F014A460844002303A90390684601F019
:100AE000DFFB09E0A0F500504A461F38002303A9A8
:100AF0000390684601F0FEFB8DE807000004000C3F
:100B000003D04FF0FF30410800E01046B8F1000F6D
:100B100003D00022009215461EE0751E05D400F099
:100B200047FA303262556D1EF9D5B34601220843AB
:100B300002D000227F1C04E02078302801D100225E
:100B40007F1E002A099784D01DE0112D07DA00F0DE
:100B50002FFA303262556D1C50EA0102F5D108437C
:100B600002D00098C8B10EE00021681E05E0235CA9
:100B7000625C63542254401E491C8142F7DBAB4641
:100B8000A81B401E0990002004F80B000B98099A3E
:100B9000C0F80880C0E9002B7AE711264FF0000862
:100BA00057E72DE9F04F88460446D21D22F0070191
:100BB00091B0D1E90001CDE90A010EF03FFE0246F5
:100BC0000B98C00F01D02D2007E02068810701D5C8
:100BD0002B2002E0202101EAC000032A099001D065
:100BE000072A05DB03464146204600F02FFA0BE1B9
:100BF0002078800601D5E06900E00620B8F1650F95
:100C0000814606D0B8F1660F18D0B8F1670F70D1E1
:100C100031E00020B9F1110F009001DB112301E058
:100C200009F101030AAA01A90CA8FFF7E2FEDDE918
:100C30000C70002609F10105834647E001204B4670
:100C400000904FF000470AAA01A90CA8FFF7D1FEB7
:100C5000DDE90DB00C995D46002610B909F10100DF
:100C60000D18B9EB050003D4C0F1FF3609F10105F9
:100C7000A5EB09002BE0B9F1010F01DA4FF00109F2
:100C80000020B9F1110F0090484601DD112300E06A
:100C900003460AAA01A90CA8FFF7ABFEDDE90C7018
:100CA0004D4600268346207800070AD4AB4500DA7B
:100CB0005D4601A8012D04DD411911F8011C302900
:100CC00007D04F4502DA17F1040F04DA01208246FB
:100CD0000FE06D1EEEE7002F02DCED1B3E4403E04B
:100CE000781CA84200DD7D1CB81B00F1010A4FF002
:100CF00000472078000703D4AA4501DB4FF0FF3AF4
:100D00000021B7F1004F0DF143088DF8431024D0B6
:100D100002202B23002F01DA7F422D230A21021EFD
:100D2000A0F1010000DC5FB197FBF1FC97FBF1F251
:100D300001FB1C7C17460CF1300C08F801CDEEE7E6
:100D4000A8F1010003702188090501D5452100E0C3
:100D50006521A0F1010800F8011C09980FA9A1EB79
:100D60000807FF1D00B10120411901EBEA70A169DC
:100D70003844081A401EA0612078C00602D42046DC
:100D8000FFF7D4FB099828B1D4E901219047206AE4
:100D9000401C20622078C00622D52046FFF7C6FB03
:100DA0001EE0002E04DBB34502DD01A8805D00E0FB
:100DB0003020D4E901219047206A401C2062761C33
:100DC000AAF101005FEA000A0AD100F0CFF8C0687A
:100DD0000168405CD4E901219047206A401C2062F0
:100DE000281EA5F10105DCDC07E0D4E9012118F893
:100DF000010B9047206A401C2062381EA7F10107B2
:100E0000F3DC2046FFF7A8FB032011B041E6000009
:100E100001694A1C02610878704700B58FB0CDE9BE
:100E200001310021059105497944CDE903101146AE
:100E30006846FFF7DFFB0FB000BD0000E5FFFFFFD6
:100E40000A6802F8010B0A607047D1E900239A4250
:100E500002D2531C0B601070704700000FB40023C7
:100E600000B589B00CA900910B99CB60214B7B4454
:100E70000693214B7B44079304236FF00042CDE996
:100E800001321E4A7A446B4608920246002024F042
:100E90002BF909B05DF814FB70B506464FF0FF3032
:100EA00015460C46324686B00091CDE901016946EF
:100EB0000020049004A8FFF7D1FF024604982118EF
:100EC00025B108B1084600E02046286004980028B3
:100ED0000DD0002A02DD0098884208D03246081B57
:100EE00069460094CDE9010404A8FFF7B7FF06B0F6
:100EF00070BD00005B02000073020000B30100003F
:100F000010B5203AC0F00B80B1E81850203AA0E8A4
:100F10001850B1E81850A0E81850BFF4F5AF5FEAD8
:100F2000027C24BFB1E81850A0E8185044BF18C98B
:100F300018C0BDE810405FEA827C24BF51F8043B32
:100F400040F8043B08BF7047D20728BF31F8023B86
:100F500048BF11F8012B28BF20F8023B48BF00F81A
:100F6000012B704700487047807D00200048704783
:100F7000A07D002000487047807D00200346406827
:100F80008C46002818BF88423CBF03464068F8D30F
:100F900018681844884207D00CF1030020F00700BD
:100FA000001D411A521A0146081D0A60FFF7A9B92F
:100FB00030B5B0F10A024FEA900E71F100034EEA2B
:100FC000817EB0EB0E0061EB91014FEA101E4EEAFC
:100FD000017E10EB0E0041EB11114FEA102E4EEA8C
:100FE000016E10EB0E0041EB11214FEA104E4EEA5C
:100FF000014E10EB0E0041EB1141401841F1000190
:101000004FEAD00040EA41704FEAD10110EB800571
:101010004FEA810444EA907444EB01046D1944EBF7
:101020000404521BA3414FF0000348BF0A3200D50D
:1010300030BD401C41F1000130BD10B5044600F048
:1010400005F90068005D00F0010010BD2DE9F041D8
:101050001F46044603260168072A01F4006004DBEA
:1010600008B116A505E016A503E008B115A500E036
:1010700015A521F010002060A069C01EA0610FB16D
:10108000401EA0612046FFF751FA4FB1D4E901217B
:1010900038469047206A401C2062C01C206206E04F
:1010A000206AFAE7D4E9012115F8010B9047761E72
:1010B000F8D22046FFF750FABDE8F0814E414E00CD
:1010C0006E616E00494E4600696E6600426842B12C
:1010D000016811F8013B23B1521EC0E90012184605
:1010E00070470121C160881E704742685AB1C368C9
:1010F000016843B983688B4205D0491E521CC0E980
:101100000012002070474FF0FF3070472DE9F04784
:10111000814616468AB0354878440DC88DE80D00E2
:1011200032487844801C03AC0DC884E80D0041F6B9
:101130009B300844372190FBF1F290FBF1F5A5F1CB
:10114000800501FB12041B3C02D56442012000E033
:101150000020DFF898A080460027FA44AAF1BE0AD2
:101160000EE0E0070AD03246684607EB470101234C
:101170000AEB810101F0BEF88DE8070064107F1CC6
:10118000002CEED1194F7F44AE3F19E0E80715D08F
:1011900007EB04100DF1180A90E80E008AE80E0023
:1011A000C068F04201D1981908903246012306A97F
:1011B00003A801F09FF803AB83E807006D10641CDF
:1011C000002DE3D14FF0010332466946B8F1000F1C
:1011D00003A802D001F064F801E001F08BF8C9E93E
:1011E0000001C9F808200AB0BDE8F087A862020033
:1011F00010B500F0BDFABDE8104000F0B4BA704779
:101200007546FFF7AFFEAE4605006946534620F02F
:101210000700854618B020B5FFF71EF8BDE820404E
:101220004FF000064FF000074FF000084FF0000BA2
:1012300021F00701AC46ACE8C009ACE8C009ACE855
:10124000C009ACE8C0098D467047000010B5FFF733
:101250008DFE001D10BD00BFD12B02002DE9FF4FF8
:1012600006468BB00878FF2806D0491C2D2805D0EB
:1012700000244FF0000908E000200CE00124F8E70A
:1012800009EB8903491C00EB43090878FF28F7D1D3
:1012900014B1C9F100008146107800252C46AA46F9
:1012A00029462D2801D02B2804D1521C2D2813D0DB
:1012B000002082468B461078FF280FD04FF0000C9C
:1012C0000A21521CA5FB017804FB018105FB0C11CE
:1012D000C5194BEB0104EEE70120EAE700210846BF
:1012E0004FF00000BAF1000F02D000EB8000400880
:1012F000C0F38157012F01DD4FF0FF370E9955EAFA
:10130000040009EB01080BD04FF0020918F5FA7F31
:1013100016DA4FEACA70002F706008DD012007E07E
:101320004FEACA70C6E900B00FB0BDE8F08F0020E8
:101330003060FFF71FFEC0F800901821084616E045
:10134000B8F5FA7F18DD002F02DAF748784401E09B
:10135000F6487844D0E90010C6E9001040EACA70A7
:101360007060FFF707FEC0F80090142108460FB028
:10137000BDE8F04F23F053BE002108464FF00000B7
:10138000B8F10001099002DAC7F1000200E03A4624
:1013900001DAC8F1000106A8FFF7B8FE06AB93E832
:1013A000070003AB83E8070044F23E005BEA040158
:1013B0000090584604D144F21E012C465D4600912F
:1013C000210C0904014306D10099240444EA154480
:1013D0002D041039009104F07F41014306D100999A
:1013E000240244EA15642D020839009104F070418A
:1013F000014306D10099240144EA15742D01091F07
:10140000009104F04041014306D10099A40044EA50
:101410009574AD00891E009104F00041084304D189
:1014200000986D196441401E00904FF001033A4648
:101430006846B8F1000FCDE9014503A902DD00F0CF
:101440006EFF01E000F041FFBAF1000F04460D46C7
:1014500001D084F00044002108464FF000000999B3
:1014600040F2FF77484010F00C0F07D124F0004005
:10147000284303D0C4F30A50B84212D1FFF77AFDD3
:10148000C0F80090C4F30A50B8420AD1A848784482
:10149000D0E90010C6E9001004F000410843706074
:1014A00042E7C6E900543FE72DE9FF4F1F464FF0E2
:1014B000000A4FF0FF38454691B0D7E90146CDF814
:1014C0003CA0FFF753FDC0680168405C1090B9690B
:1014D00012986D1C8847396A814688470028F6D1E2
:1014E000B9F1FF3F0AD0002E24F4D06411DDB9F128
:1014F0002B0F08D0B9F12D0F0BD102E0404615B0EB
:1015000013E744F48064B96912986D1C8847761E0D
:101510008146600504A901D52D2000E02B20002E76
:1015200001F1010B0DF130088DF810003FDDB9F12C
:10153000690F08D0B9F1490F05D0B9F16E0F02D08B
:10154000B9F14E0F1CD13B4601A8009580E850022E
:10155000DDE912126FF0020023F0CAFDC11CCED1EA
:101560000EE0B96912986D1C884781461398761E63
:1015700044F4007405600F98401C002E0F9016DD97
:10158000B9F1300FEDD0B9F1780F02D0B9F1580FA1
:101590000DD10F9801280AD13B46CDE90054DDE971
:1015A0001212001F029623F0A1FDC11CA7D11099B1
:1015B00089453ED144F0800406E01399681CAAF1E5
:1015C000010A44F400740860B9696D1C1298761E13
:1015D000884730288146F0D02BE01099894505D105
:1015E000200603D4761E44F0800418E048460EF02E
:1015F000CAF908B3761E0DF123018B4544F400743B
:1016000008D2A9F130000BF8010B200607D5AAF18A
:10161000010003E0200602D40AF101008246A00581
:1016200002D51399681C0860B96912986D1C884727
:101630008146002ED1DC53E0002E51DDB9F1650F5B
:1016400002D0B9F1450F4BD1A00549D5B9696D1C40
:101650001298761E24F440748847002E81460CDDD3
:101660002B2804D0B9F12D0F07D144F48074B96947
:1016700012986D1C8847761E8146E00501D52D2104
:1016800000E02B2108F8011BCDF8008021E0761E38
:101690000DF13901884544F400740CD2A9F13000F1
:1016A00010F0FF0088F8000002D10099884509D9A0
:1016B00008F1010806E0E00501D51E4801E042F20C
:1016C0000F708246B96912986D1C8847814613983D
:1016D0000560002E04DD48460EF055F90028D6D1ED
:1016E000F96912988847FF2053468BF8000088F864
:1016F000000000200A900B9004AA0CA90AA8FFF78A
:10170000ADFDA00502D46FF00100F8E614F0240F3F
:1017100012D0E0071CD13868DDE90A12031D3B60D6
:101720000068C0E9001213E0B4600200A660020085
:101730006A5F0200F1D8FFFF0AA968460EF0B2F80E
:10174000E00705D13868009A011D39600068026021
:101750002846D4E610B50446AFF300802046BDE825
:101760001040FEF764BD002801D000F069B8704752
:1017700010B5012805D0002103A000F067F8012072
:1017800010BD09A1F8E7000053494752544D454D9B
:101790003A204F7574206F662068656170206D6512
:1017A0006D6F7279000000003A2048656170206D0D
:1017B000656D6F727920636F727275707465640005
:1017C0004FF0013C50F8042B51F8043B9A4221D1D0
:1017D000A2EB0C03934313EACC1317D150F8042B5C
:1017E00051F8043B9A4215D1A2EB0C03934313EA40
:1017F000CC130BD150F8042B51F8043B9A4209D179
:10180000A2EB0C03934313EACC13DBD04FF00000A0
:10181000704700BFD01A01BAB1FA81F101F0180186
:1018200022FA01F0CB40C1F12001DBB2C0B2C01AF4
:101830002CFA01F3D11A914311EAC311E6D1704792
:1018400001491820ABBEFEE72600020070B5054630
:101850000C460A2000E06D1C00F011F835B1287824
:101860000028F8D102E0641C00F009F814B12078D7
:101870000028F8D1BDE870400A20AFF3008008B519
:1018800069468DF800000320ABBE08BD2DE9FF4F6F
:101890001F464FF03C0987B04FF00042DDE91410BD
:1018A00001F10108DDF858A002EA40500390002041
:1018B00005908346054604460490B969461E08987B
:1018C0008847AAF1010A0290BAF1000F3BDD0298A5
:1018D0002E2815D0102100F016FA00282EDB4FF02C
:1018E000010B0599014317D0B9F1000F0BDB4A46F4
:1018F000C11700F0F5F905430C43A9F1040905E00F
:10190000012004900BE008B145F00105012005908D
:10191000049820B9361D02E0049800B1361FB96959
:10192000089808F101088847BBF1000FAAF1010AE5
:101930000290C9D00999C1F80080C5E702987028C3
:1019400008D0502806D0F96908988847BBF1000FE5
:1019500014D04FE0002002900120BBF1000F049052
:1019600009D0B969089808F101088847AAF1010966
:10197000B9F1000F07DCF969089888476FF001009A
:101980000BB0BDE8F08F2B2804D02D280CD14FF0E0
:10199000FF300490B969089808F101088847A9F157
:1019A0000109B9F1000FE6DD411CE4D00A2100F085
:1019B000AAF90028DFDB029908F1010801EB810197
:1019C00000EB41000290B969089888470A2100F0AD
:1019D0009AF9099AA9F10109B9F1000FC2F800803A
:1019E00001DD0028E7DAF969089888470499029828
:1019F00000FB016655EA040004D004F040410900F0
:101A000002D006E0039898E0A40044EA9574AD0083
:101A1000B61E04F00041080002D16D196441761E23
:101A2000159810F0240F03D04FF00B095C4803E029
:101A30004FF028096FF07D008246564507DAAAEB81
:101A400006018944B9F1410F01DD4FF04109012040
:101A50000021A9F1010200F043F9024628400B469B
:101A60002140084301D0012100E00021501E0291D5
:101A700043F1FF3128402140084301D0012000E01C
:101A800000200299834651EA0B014FD000210846FD
:101A90004FF00000039900F4400039B100EB8000E2
:101AA0004FF4400100EBD07001EA6000801501287E
:101AB00002DD4FF0FF3000E013D0401C36D002981A
:101AC00060B3BBF1000F0CD14A460120002100F0A9
:101AD00007F928402140084301D0012000E0002000
:101AE000E0B101204A46002100F0FAF8034640190F
:101AF0000A4661412D1A8C4111D3B9F1400F09DD1D
:101B0000159810F0240F02D0AAF1340603E0AAF1D0
:101B1000170600E0761C00254FF0004406E05B1E2F
:101B200042F1FF3220EA030521EA0204CAF1010072
:101B3000B04206DA1B490398084301900020009048
:101B40000EE0039AC4F3D321E80A0A43164940EA97
:101B500044500A433146CDE9000268460DF008FFC3
:101B6000159810F0240F0BD01598C00715D13868C0
:101B7000DDE90012031D3B600068C0E900120CE0C3
:101B800002A869460DF08EFE1598C00705D1386889
:101B9000029A011D3960006802604046F0E60000CC
:101BA00002FCFFFF0000F07F0000F03F2DE9FF4F37
:101BB00092461D4685B04FF00041DDE9124BDDE94C
:101BC00014727F1E01EA4B50414940F0FF4940EA40
:101BD0000108002122F020004928049102D04E285B
:101BE00028D04CE03BA0012607C88DE80700A96972
:101BF0000698641C88477F1E014606D41DF806001F
:101C000018B121F0200181420BD0E969069888477C
:101C1000032E34D0082E32D06FF0010009B0BDE899
:101C2000F08F761C032E01D0082EE0D1601CCAF87C
:101C30000000DCE7A9690698641C88477F1E2AD447
:101C400020F02000412826D1A9690698641C884705
:101C50007F1E20D420F020004E281CD1A9690698B0
:101C6000641C88477F1E48F4002849F48009CAF89C
:101C7000004001D4282806D0E969069888475FEA21
:101C8000CB7012D022E0A9690698641C88477F1E99
:101C900001D4002803DAE96906988847BCE72928B7
:101CA000F1D1641CCAF80040E9E71BF0240F07D00B
:101CB00028680499031D2B600068C0E9001805E03E
:101CC0002868021D2A600068C0F800902046A5E739
:101CD0000000F07F494E46494E495459000000002B
:101CE000B2F120030AD5C2F1200301FA02F120FA71
:101CF00003F300FA02F041EA0301704700FA03F12E
:101D00004FF0000070473A2800D2303820F020020F
:101D1000412A01D3A2F13700884201D34FF0FF30AE
:101D200070475FEA400C08BF91F0000F4FEA8C2328
:101D30004FEAC12243EA51514FEA1C5018BF00F547
:101D4000F0404FEA300018BF41F000415FEA6C5CA0
:101D500000F02980BCF1FF3F08BF40F08040704791
:101D6000130C06BF12044FF0100C4FF0000C130EB2
:101D700004BF12020CF1080C130F04BF12010CF186
:101D8000040C930F04BF92000CF1020CD30F04BF9C
:101D900052000CF1010C11464FF00002A0F11F009F
:101DA000A0EB0C00704711F0004F08BF704731F0F6
:101DB00000413FF4D5AF0B0C06BF09044FF0100CE7
:101DC0004FF0000C0B0E04BF09020CF1080C0B0FB6
:101DD00004BF09010CF1040C8B0F04BF89000CF146
:101DE000020CCB0F04BF49000CF1010CCCF1200315
:101DF000A0EB0C0022FA03F302FA0CF241EA030111
:101E000000F10100704720F07F4C80EA030023F0CE
:101E10007F47ACEB070303F57C5300F0004003F170
:101E2000FF032DE980494FEA154B09B44FEA1443EB
:101E300025EA0B4E24EA03480FF2042606EB13278B
:101E400049083E785FEA320203FB0667C7F50007E0
:101E500007FB06F64FEA54374FEAD64606F102066C
:101E600007FB066CCCF1005C4FEA1C472CEA074CE0
:101E700007FB06F40CFB06F504EB15464FEA961635
:101E800034BF00204FF000404FEAD13706FB07FC7B
:101E90004FEA1C4C0CFB0BF7D21B03FB0CF761EB5E
:101EA00007010CFB0EF7B0EB074072EB17420CFB7F
:101EB00008F734BFA2EB0742B2EB074261EB1741D0
:101EC0004FEA0C444FEA910706FB07FC4FEA1C4C13
:101ED0000CFB0BF7B0EBC74072EB573203FB0CF770
:101EE00034BFA2EBC742B2EBC74261EB57310CFBE8
:101EF0000EF7B0EBC70072EB57720CFB08F734BF5C
:101F0000A2EBC702B2EBC70261EB5771039F4FEA26
:101F1000816141EA921104EBCC044FEAD1374FEAD8
:101F2000826206FB07FC42EA90124FEA80604FEAA9
:101F30001C4C0CFB0BF7D21B03FB0CF761EB0701EE
:101F40000CFB0EF7B0EB074072EB17420CFB08F7E7
:101F500034BFA2EB0742B2EB074261EB17414FEAF5
:101F60008C554FEA910704EB9C2406FB07FC4FEAD3
:101F70001C4C0CFB0BF7B0EBC74072EB573203FB6A
:101F80000CF734BFA2EBC742B2EBC74261EB57314B
:101F90000CFB0EF7B0EBC70072EB57720CFB08F7A7
:101FA00034BFA2EBC702B2EBC70261EB577115EB6E
:101FB0004C254FEA816141EA92114FEA82624FEA71
:101FC000D13742EA901206FB07FC44F100044FEAC5
:101FD00080604FEA1C4C0CFB0BF7D21B03FB0CF789
:101FE00061EB07010CFB0EF7B0EB074072EB1742F9
:101FF0000CFB08F734BFA2EB0742B2EB074261EBE0
:10200000174115EB1C154FEA813141EA92414FEA25
:10201000823242EA90424FEA80304FEA0C7644F135
:10202000000448EA03434EEA0B484FF0000EB2EBBF
:10203000080C71EB030724BF624639464EEB0E0EC7
:102040004FF0000B0018524149414BEB0B0BB2EB28
:10205000080C71EB03077BF1000B24BF6246394685
:102060004EEB0E0E4FF0000B0018524149414BEB66
:102070000B0BB2EB080C71EB03077BF1000B24BFD9
:10208000624639464EEB0E0E51EA020718BF46F083
:10209000010616EB0E7655F1000254F1000103D54E
:1020A000BDE88901BDE80088BDE88901BDE80048B8
:1020B000B619524141EB0101A3F101037047808041
:1020C0007F7E7D7C7B7A7978777676757473727192
:1020D00071706F6E6E6D6C6C6B6A6A69686867664A
:1020E00066656464636362616160605F5F5E5E5DDC
:1020F0005D5C5C5B5B5A5A59595858575756565550
:1021000055555454535352525251515050504F4FB1
:102110004F4E4E4D4D4D4C4C4C4B4B4B4A4A4A4901
:102120004949484848474747474646464545454444
:1021300044444443434343424242424141410000FC
:1021400046EA0646A3F570534FEA164646EA42565B
:102150004FEAD22242EA415210B54FEAD121A3F10F
:10216000010300F02FF820F0004000F1020C00F015
:10217000004701EB00501146BCF5006F40EA070034
:1021800000D210BDBAF1000F0AD01CB503B44FF055
:1021900004004FF004014FF000000FBCBDE81040F8
:1021A0004FF00001BBF1010FB9BF04484FF0FF3100
:1021B0000348002140EA070010BD00BFFFFFEF7F8A
:1021C0000000F07F002B9C4630D477002BD01CB54C
:1021D0004FEA370703B44FF010004FF01001BAF187
:1021E000000F06D0BCF1000FDCBF40F0080040F04B
:1021F00008014FF000000FBCBDE810400BF1010BCF
:10220000BBF1010F08BF5FEA170722BF12F10102FD
:1022100011F101014FF0004143F1000300F00040D3
:1022200043EA00007047F9D35708D0E746EA06466C
:1022300013F1400F4FEA16461FDD13F1200FDFBFE9
:1022400016430A46002120335B42BED0C3F120076B
:1022500046EA064602FA07F74FEA164646EA070636
:10226000C3F1200722FA03F201FA07F721FA03F17A
:102270004FF0000342EA0702A7E746EA020646EAF1
:1022800006464FEA164646EA0106BCBF46EA06463F
:10229000360C4FF000034FF000024FF0000194E7BE
:1022A0002DE9804C9A46934670B491E8380007C8EF
:1022B00031EA400C48BF34EA430C03D5FFF7A3FDD5
:1022C000FFF780FFF0BCBDE8008C2DE9804C9A46FA
:1022D000934670B491E8380007C831EA400C48BF13
:1022E00034EA430C03D5FFF78EFDFFF729FFF0BC5E
:1022F000BDE8008C2DE9804C9A46934670B491E875
:10230000380007C810F0804F08BF13F0804F03D18A
:1023100000F01AF8FFF756FFF0BCBDE8008C2DE97D
:10232000804C9A46934670B491E8380007C810F084
:10233000804F08BF13F0804F03D100F005F8FFF77E
:10234000FFFEF0BCBDE8008C20F07F4780EA030070
:1023500023F07F4C07EB0C03A3F57C5300F0004007
:10236000A3F1FE0392F0000F00F0B38095F0000F90
:1023700000F077802DE901494FEA11404FEA1446F9
:1023800021EA004800FB06FC24EA064708FB06F6A3
:1023900007FB08F800FB07F718EB06484CEB164C58
:1023A0004FEA124B18EB07484FEA15464CEB174023
:1023B00022EA0B4E0BFB06FC25EA06470EFB06F64F
:1023C00007FB0EFE0BFB07F71EEB064E4CEB164C05
:1023D0004FF000061EEB074E4CEB174B18EB0B08AB
:1023E00040F1000018EB0E0B58EB000840F1000024
:1023F0008F1A4FF000013CBFC943661B14BFB5EBF9
:10240000040C00213CBFC943F61B4FEA17444EEAB7
:102410008E0E27EA04454FEA1C4704FB07622CEAAC
:10242000074C05FB07F70CFB05F604FB0CFC16EB51
:10243000074642EB174216EB0C4642EB1C421BEBE5
:10244000060658EB0202414146EA9E0601D5BDE868
:102450000189B619524141EB0101A3F10103BDE825
:1024600001894FEA14454FEA114724EA054621EA5B
:10247000074C05FB07F406FB07F70CFB06F105FB11
:102480000CFC11EB074144EB17444FEA124711EBE8
:102490000C4144EB1C4422EA074C05FB07F206FB07
:1024A00007F70CFB06F605FB0CFC16EB074642EBA8
:1024B000174216EB0C4642EB1C456A1854F100011A
:1024C00048BF7047B619524141EB0101A3F1010326
:1024D000704795F0000F37D04FEA11424FEA14478A
:1024E00021EA024624EA074C02FB07F106FB07F744
:1024F0000CFB06F402FB0CFC14EB074441EB174108
:102500004FEA154714EB0C4441EB1C4125EA074CFC
:1025100002FB07F506FB07F70CFB06F602FB0CFCBB
:1025200016EB074645EB174516EB0C4645EB1C42F0
:10253000121951F1000148BF7047B619524141EBE1
:102540000101A3F1010370474FEA14454FEA114717
:1025500024EA054621EA074C05FB07F106FB07F7CD
:102560000CFB06F24FF0000605FB0CFC12EB0742D9
:1025700041EB174112EB0C4251EB1C4148BF704735
:10258000921841EB0101A3F10103704770B50446B5
:1025900000680168C943490620D4816821F001011F
:1025A000816006F097FC054613E006F093FC401BA3
:1025B00002280ED920680068C043400609D4E06CA8
:1025C00040F01000E064206D40F001002065012023
:1025D00070BD20680068C0434006E6D5002070BD8D
:1025E000F8B500260446009600680168C94349060C
:1025F0002ED5816841F001018160164816490068B6
:10260000B0FBF1F000EB400000E0401E009000281D
:10261000FBD106F05FFC054615E006F05BFC401BB5
:10262000022810D920680068C04340060BD5E06C32
:1026300040F01000E064206D40F00100206584F857
:1026400048600120F8BD20680068C0434006E4D41B
:102650000020F8BD1000002040420F0010B50A48CD
:1026600006F0BCF96421084806F060F9064806F057
:1026700063F8064CA060044806F0EBF9052006F06C
:1026800023FBA06810BD0000A058002010580020B7
:102690002DE9F041002507462E462C460BE0FFF7BA
:1026A000DDFF21F0CDFE2A46334621F005FC641CF7
:1026B00005460E46E4B2BC42F1D3384621F0C0FED6
:1026C00002460B4628463146BDE8F04121F0B0BC39
:1026D0000949094A983AC9689161002104E093695F
:1026E000491CC9B21B6993618142F8D39069017892
:1026F00041F0010101707047B85500201249124A9B
:10270000983AC968916103281CD005DC98B101286A
:1027100011D002280ED113E0052811D00A2811D0BB
:10272000142807D10869006900699061017841F0B7
:10273000010101707047087840F00100087070478F
:102740000869F2E70869EFE7B855002010B51DF0F9
:10275000C5FC624A0B287CD025DC604C022804F1C1
:10276000080443D0042863D0082873D19079042842
:1027700070D1D07902286DD10FF09CF919F09AF937
:10278000407961284ED019F09BF9214621F096F846
:1027900019F090F94079612847D019F091F9BDE816
:1027A000104003F052BA0C280FD012287ED0132804
:1027B00050D10FF07FF919F0F9FF03284AD1012118
:1027C000BDE81040022014F0DDB8907904287BD1D8
:1027D000612002F0A5FE1DF03BFC4149002008707D
:1027E00019F068F9BDE8104000F0B8BA90790428F3
:1027F0006AD1D0790C2867D10FF05CF919F05AF939
:10280000407961280BD019F05BF90C22214621F0A8
:102810006AF819F04FF9BDE8104000F07DBA19F0E0
:1028200049F9F2E719F046F9AFE719F043F9B6E7CD
:102830009079042848D1D079082845D10FF03AF989
:1028400019F038F94079612812D019F039F9214688
:1028500001E013E038E000F049F819F02BF9407975
:10286000612808D019F02CF9BDE8104003F0E6B952
:1028700019F020F9EBE719F01DF9F5E79079102828
:1028800022D1D0799C281FD10FF014F919F08EFFB6
:102890005C2801D05D2817D10121022014F072F8C4
:1028A00019F08AFF80680F49006900E00DE081603F
:1028B00019F082FF80680C490069C16019F07CFF43
:1028C000806804210069417110BD0FF0F3F819F020
:1028D0006DFF3E283FF473AF10BD00007C56002012
:1028E0002C550020BB5F0208BF5F02082DE9FF5F87
:1028F000040079D0487884F87400087884F875006A
:10290000C87884F87600887884F87700487984F865
:102910006C00087984F86D00C87984F86E008879B5
:1029200084F86F00207804F138010291DFF84092BA
:10293000DFF840A2DFF840B204F12B018F4E4207CE
:10294000039165D520F004002070606F60614845F8
:1029500038DB21F0EFFF0022334621F069FB002233
:10296000874B21F081FD606F07D221F0E3FF002249
:10297000334621F05DFB83A22FE021F0DBFF002234
:10298000334621F055FB0022804B21F06DFD0CD227
:10299000606F21F0CFFF0022334621F049FB21F088
:1029A0000BFD03467AA2042124E0606F21F0C2FFF0
:1029B0000022334621F03CFB0022334621F054FD37
:1029C0001BD2E5E7504503DA21F0B4FF71A204E021
:1029D00058450ADA21F0AEFF70A2CDE900010521C9
:1029E0000298FDF789FD08E0BFE022F01BF90346DD
:1029F0006CA205210298FDF77FFDE06E21F09AFFA1
:102A0000CDE9000168A206210398FDF775FDA8E055
:102A1000616FA06821F0BAFFA060E16E206921F02B
:102A2000B5FF2061204601F01FFF606F6061E07913
:102A3000401CC0B2E0710328E9D322F02BF905460F
:102A40002946206922F010F800902946A06822F05B
:102A50000BF8054620F0B4FBDFF85481002720B3C3
:102A600020F070FC022820D398F80020404604F1A2
:102A7000AC0104F19408019132B1077040460FF0A7
:102A800061F801980FF05EF8294640460FF08DF886
:102A9000DDE900100FF089F801980FF069F8009057
:102AA00040460FF065F8054602E0012188F8001065
:102AB000204602F06FFF002850D1009821F03AFF25
:102AC000CDE9000138A206210398FDF715FD4D451B
:102AD00028DB284621F02EFF0022334621F0A8FAF9
:102AE000884605460022264B21F0BEFC04D2CDE9E3
:102AF000005824A2052125E0284641460022234B08
:102B000021F0B2FC06D3334628464146002221F08C
:102B1000ABFC23D22846414621F04EFC03461CA2C2
:102B2000042118E0554504DA284621F003FF19A2D4
:102B300005E05D45284609DA21F0FCFE17A2CDE943
:102B4000000105210298FDF7D7FC07E022F06AF8A2
:102B5000034614A205210298FDF7CEFCE771A76099
:102B60002761BDE8FF5F1DF06FBDBDE8FF9F00005E
:102B700000401C46000020410000C84200408F4039
:102B80000000244025332E3166000000000059402B
:102B90002533640025332E326600000025342E31A3
:102BA000660000002534640025352E3266000000E2
:102BB000485800201CB50C46002832D068460BF05F
:102BC000A3FADDE900010FF055F8164A612102F879
:102BD000451F102151709C2191706821D1700021F6
:102BE00011710421517108219171010AD171107282
:102BF000010E5172000C9072200AD0721473200ED4
:102C00005073200C90730748112102F8421C453084
:102C10000BF0CCFC1DF010FDBDE81C400B201DF09E
:102C200037BD1CBD7C5600201CB50C46002832D098
:102C300068460BF069FADDE900010FF01BF8164A4F
:102C4000612102F8451F102151709C2191706C2167
:102C5000D170002111710421517108219171010A73
:102C6000D1711072010E5172000C9072200AD07254
:102C70001473200E5073200C90730748112102F832
:102C8000421C45300BF092FC1DF0D6FCBDE81C4008
:102C90000B201DF0FDBC1CBD7C56002010B500288B
:102CA0001BD00E48612100F8451F062141709C2170
:102CB00081705121C17000210171012141710821F0
:102CC00000F8421C054845300BF070FC1DF0B4FCC8
:102CD000BDE8104013201DF0DBBC10BD7C56002069
:102CE0000C4810B5612100F8451F04214170752280
:102CF00082706922C270002202714171082100F8BD
:102D0000421C044845300BF051FCBDE810400C203B
:102D10001DF0BEBC7C56002010B500281BD00E480C
:102D2000612100F8451F0421417075218170452102
:102D3000C1700021017101214171082100F8421C7C
:102D4000054845300BF032FC1DF076FCBDE8104024
:102D500008201DF09DBC10BD7C56002010B5002839
:102D60001BD00E48612100F8451F042141707521D8
:102D700081703021C170002101710621417108214B
:102D800000F8421C054845300BF010FC1DF054FCC7
:102D9000BDE8104002201DF07BBC10BD7C56002019
:102DA00010B5002818D00D486121752200F8451F84
:102DB0000421417082706922C27000220271417147
:102DC000082100F8421C054845300BF0EFFBBDE838
:102DD000104004201DF05CBC10BD00007C5600209B
:102DE00010B5002827D0144A40F86C1F612102F862
:102DF000451F102151709C2191705721D1700021E5
:102E0000117102215171042191714178D1710178C0
:102E10001172C17851728078907207480D2102F8C2
:102E2000421C45300BF0C2FB1DF006FCBDE8104013
:102E300012201DF02DBC10BD7C56002010B504469C
:102E4000F32000F037F8204000D0012010BD000032
:102E500010B5F92000F02EF80A4C2070F82000F090
:102E600029F86070F72000F025F8A0706178000361
:102E700040EA01102178BDE8104040EA11100DF041
:102E800035B800005056002070B5FC2000F012F854
:102E90000446FB2000F00EF80546FA2000F00AF880
:102EA000000340EA051040EA1410BDE870400DF040
:102EB00013B9000070B50B4D06464FF48074002224
:102EC0002146284606F001F830460CF0E3FF0CF0EE
:102ED000DDFF064601222146284605F0F6FF304672
:102EE00070BD0000000402400178427849018078FA
:102EF00041EA82010143C9B2F52000F00BB84178E4
:102F000002784901807841EA82010143C9B2F42084
:102F1000AFF300802DE9F0410B4D0F4606464FF40C
:102F2000807400222146284605F0CFFF30460CF081
:102F3000B1FF38460CF0AEFF21462846BDE8F0410F
:102F4000012205F0C2BF0000000402400949094AFD
:102F5000C968983A0029916104D020B1087840F0FE
:102F600001000870704708699061017841F0010123
:102F700001707047B8550020FEE700002DE9F041D0
:102F80001DF0ACF8B449B54CB54D042601F1080765
:102F90000C2814D00ADCA0F102000A2871D2DFE864
:102FA00000F03D70E2707070577071F312380728AE
:102FB00067D2DFE800F0EBEA66661A87B600887928
:102FC00003285ED14A2002F0ABFA1DF041F818F058
:102FD00071FD40794A2805D018F072FD394600F09D
:102FE000FFFBBAE018F066FDF8E78879032848D1BE
:102FF0000EF060FD18F05EFD40794A280BD018F005
:103000005FFD394600F030F918F054FDBDE8F0419D
:103010004A2100F09DBE18F04DFDF2E788790328A3
:103020002FD10EF047FD18F045FD40794A280CD00D
:1030300018F046FD0122394600F052FB18F03AFD27
:10304000BDE8F0414A2100F067BE18F033FDF1E71A
:103050008879032815D10EF02DFD18F02BFD40794D
:103060004A280BD018F02CFD002100F013FB18F0BB
:1030700021FDBDE8F0414A2100F0C2BE18F01AFD62
:10308000F2E780E0887903287DD10EF013FD18F077
:1030900011FD40794A280FD018F012FD394600F092
:1030A00045FB18F007FD40794A2808D018F008FDC4
:1030B000BDE8F04102F0C9BD18F0FCFCEEE718F0E5
:1030C000F9FCF5E7887906285DD10EF0F3FC19F0DC
:1030D0006DFB342815D16349012008700146022098
:1030E00013F050FC19F068FB80680069846019F0E7
:1030F00063FB80680069C56019F05EFB8068006949
:10310000467118F0D7FC40794A2807D018F0D8FC4F
:10311000BDE8F0415049093100F0E0B818F0CAFCB0
:10312000F6E78879062873D10EF0C4FC19F03EFB4F
:10313000352812D10121022013F024FC19F03CFBA8
:1031400080680069846019F037FB80680069C56099
:1031500019F032FB80680069467118F0ABFCBDE8DD
:10316000F04100F0D5B88879032851D10EF0A2FCC7
:1031700018F0A0FC40794A2814D018F0A1FC394678
:1031800000F02EFB03E043E012E055E042E018F0CF
:1031900091FC40794A2808D018F092FCBDE8F04133
:1031A00002F04CBD18F086FCE9E718F083FCF5E767
:1031B0008879062801D010282AD10EF07BFC19F05E
:1031C000F5FA512811D008DC03280ED03F280CD086
:1031D00041280AD050281BD107E0522805D0532897
:1031E00003D0552801D0562812D10121022013F016
:1031F000C9FB19F0E1FA80680069846019F0DCFA13
:1032000080680069C56019F0D7FA80680069467166
:10321000BDE8F08188790628FAD10EF04BFC19F050
:10322000C5FA3E2811D019F0C1FA57280DD019F06F
:10323000BDFA542809D0EBE788790628E8D10EF0CA
:1032400039FC19F0B3FA0328E2D1BDE8F0410121BD
:10325000022013F097BB00007C560020BB5F0208E1
:10326000BF5F02085457002010B504000FD049B1C9
:10327000487884F8C400087884F8C500B4F8C4001D
:1032800030B106E0012024F8C40F0A20608010BD90
:103290000220A4F8C400C87884F8C60088780D49D4
:1032A00084F8C7000020088094F8C600C43420F0D9
:1032B000F3FA34F8C409012801D118F0F1FFB4F889
:1032C000C63004F1C800BDE8104003A20421FDF798
:1032D00013B900003A5700202533640000280DD0B0
:1032E00049B14A7880F8C420097880F8C510B0F850
:1032F000C41021B104E00121A0F8C41070470221DC
:10330000A0F8C41001490020088070473A570020F7
:1033100010B500281BD00E484A2100F8451F032194
:103320004170052181701D21C170002101710221B0
:103330004171082100F8421C054845300BF036F970
:103340001DF07AF9BDE8104016201DF0A1B910BD9E
:103350007C56002010B5002824D013484A2200F8DB
:10336000452F10224270052282704422C270002232
:10337000027102224271042282710A0AC271017230
:103380000A0E4272090C81720D2100F8421C064897
:1033900045300BF00BF91DF04FF9BDE810400B2044
:1033A0001DF076B910BD00007C56002010B5002835
:1033B00024D013484A2200F8452F102242700522DB
:1033C00082703422C27000220271022242710422F1
:1033D00082710A0AC27101720A0E4272090C81726C
:1033E0000D2100F8421C064845300BF0DFF81DF0B7
:1033F00023F9BDE810400B201DF04AB910BD0000B4
:103400007C56002010B500281AD00E484A2200F839
:10341000452F06224270052282701D22C2700A0AC0
:1034200002714171082100F8421C064845300BF03A
:10343000BDF81DF001F9BDE8104017201DF028B9B6
:1034400010BD00007C56002010B500281AD00E4890
:103450004A2200F8452F06224270052282701E2261
:10346000C2700A0A02714171082100F8421C064824
:1034700045300BF09BF81DF0DFF8BDE81040182038
:103480001DF006B910BD00007C56002070B51CF080
:1034900025FE7D4C0B2804F108057DD021DC022897
:1034A00050D0042879D0082866D00A2876D1A0798F
:1034B000032873D10EF0FEFA18F0FCFA40790A28BE
:1034C00078D018F0FDFA294600F030F918F0F2FA39
:1034D00040790A2873D018F0F3FABDE8704002F082
:1034E000B4BB0C2812D0122868D0132856D1A0796A
:1034F000062853D10EF0DEFA19F058F903284DD101
:10350000BDE870400121022013F03CBAA0790328E5
:1035100044D10A2002F004F81CF09AFD18F0CAFA0F
:1035200040790A280BD018F0CBFA294600F058F958
:1035300018F0C0FABDE870400A2100F009BC18F08C
:10354000B9FAF2E7A079032828D10EF0B3FA18F0FF
:10355000B1FA40790A280CD018F0B2FA00222946B4
:1035600000F0BEF818F0A6FABDE870400A2100F09D
:10357000D3BB18F09FFAF1E7A07903286FD10EF0C2
:1035800099FA18F097FA40790A2810D018F098FAAA
:10359000002100F07FF803E034E013E05FE009E091
:1035A00018F088FABDE870400A2100F029BC18F034
:1035B00081FAEDE718F07EFA85E700E050E018F0B8
:1035C00079FA8AE7A079032849D10EF073FA18F046
:1035D00071FA40790A280FD018F072FA294600F0E3
:1035E000FFF818F067FA40790A2808D018F068FA4E
:1035F000BDE8704002F022BB18F05CFAEEE718F06C
:1036000059FAF5E7A079062829D10EF053FA19F0F6
:10361000CDF850280DD006DC03280AD03F2808D06A
:1036200041281CD105E0512803D0522801D053284D
:1036300015D10121022013F0A5F919F0BDF8806819
:1036400012490069816019F0B7F880681049006973
:10365000C16019F0B1F8806804210069417170BD42
:10366000A0790628FBD10EF025FA19F09FF83E2824
:103670003FF446AF19F09AF85728F9D019F096F8A8
:103680005428F5D070BD00007C560020BB5F0208B6
:10369000BF5F020810B5002815D000222E2499B172
:1036A0000B7830338377C4774B78303380F8203011
:1036B00080F821208B78303300F8193F4470C978A6
:1036C00030318170C27010BD31238377C4773021CF
:1036D00080F8201080F8212000F8193F4470F0E7AE
:1036E0002DE9F04300281DD04C2400F8564F4FF030
:1036F000480C4FF02D08442380F801C0432180F886
:1037000002803125C3705F2601714F274FF02009D9
:1037100045714AB137228271C67101724772837254
:1037200080F80B90BDE8F0833822F4E7002805D03C
:1037300029B14A7800F8682F097841707047322122
:10374000A0F868107047000010B500281FD001EBEA
:1037500081004FF6FF7101EA40010D4800F8452F46
:1037600006224270052282708622C2700A0A027105
:103770004171082100F8421C054845300AF016FF47
:103780001CF05AFFBDE810400B201CF081BF10BD9B
:103790007C56002010B500281FD001EB81004FF6A9
:1037A000FF7101EA40010D4800F8452F06224270E2
:1037B000052282708522C2700A0A027141710821B5
:1037C00000F8421C054845300AF0F0FE1CF034FFBA
:1037D000BDE810400B201CF05BBF10BD7C560020E4
:1037E0002DE9F04F8BB00D4604007DD0697861F370
:1037F0000700297861F30F20E97880B261F30706AA
:10380000A97861F30F26697961F30707297961F3D4
:103810000F2721F03FFADFF8CC83414621F024F94D
:103820002067B0B221F036FA414621F01DF96067F9
:1038300038B221F017FAEC4921F016F9E066E87A7F
:1038400060F30706A87A60F30F26B0B220F0F8FD07
:103850000022E64B20F0ECFB20F0FCFAE067E87B6E
:1038600060F30707A87B60F30F2738B221F0FAF95D
:10387000C4F888001FF0ACFDA8B1E06E21F05AF842
:10388000DB4ADC4B20F02CFE0022DB4B20F014FB4B
:1038900020F0E0FAD949E066884203DC4FF0844129
:1038A000884200DAE1661FF085FC002500B9256733
:1038B000207804F12B01420704F1310B04F1380A9E
:1038C00004F14F090A9131D520F004002070606F97
:1038D0006061E06E21F02EF8CDE90001C8A206215A
:1038E0000A98FCF709FE00E01DE0206F21F022F8A5
:1038F000CDE90001C4A207215846FCF7FDFD606F29
:1039000021F018F8CDE90001BFA207215046FCF7CD
:10391000F3FDE06F21F00EF8CDE90001BAA2072116
:103920004846FCF7E9FD0BB0BDE8F08F616FA06879
:1039300021F02CF8A060216FE06821F027F8E0600A
:10394000E16E206921F022F8DFF8C482206146464A
:10395000E16FD8F8000021F019F83060204600F03F
:1039600083FF606F6061617904F1B80009901838D5
:1039700005900C3803901830A64E07904A297DD147
:10398000E079401CC0B2E071032805D218F09EF81F
:10399000B0F8C4000228F2D1E07921F07BF90746A3
:1039A0003946206921F060F806903946E06821F038
:1039B0005BF804903946A06821F056F80290394629
:1039C000D8F8000021F050F808901FF001FC98B3DF
:1039D0001FF0C0FC022830D3307860B135700398F6
:1039E0000EF0B0F805980EF0ADF807980EF0AAF8B2
:1039F00009980EF0A7F8DDE902100EF0D6F8DDE91F
:103A000004100EF0D2F8DDE906100EF0CEF8DDE974
:103A100008100EF0CAF807980EF0AAF8069003985E
:103A20000EF0A6F8029005980EF0A2F804900998FE
:103A30000EF09EF8089002E0FFE701203070B4F825
:103A4000C40001280AD018F037FA07461FF0CCFC52
:103A5000401D874202D3704805702DE0204601F0DA
:103A600099FF48BB069820F065FFCDE9000164A2EC
:103A700006210A98FCF740FD049800E022E020F0BF
:103A800059FFCDE9000160A207215846FCF734FD3B
:103A9000029820F04FFFCDE900015BA207215046BC
:103AA000FCF72AFD089820F045FFCDE9000156A259
:103AB00007214846FCF720FDE571A560E56025611A
:103AC000C8F8005060790A287FF42DAFE079401CD7
:103AD000C0B2E0710328FFF426AF21F0DBF80746FF
:103AE0003946206920F0C0FF06903946E06820F092
:103AF000BBFF04903946A06820F0B6FF394602901B
:103B00004746D8F8000020F0AFFF80461FF060FB6A
:103B100098B31FF01FFC022830D3307860B13570A5
:103B200003980EF00FF805980EF00CF807980EF0B9
:103B300009F809980EF006F8DDE902100EF035F8E4
:103B4000DDE904100EF031F8DDE906100EF02DF875
:103B5000414609980EF029F807980EF009F80690EA
:103B600003980EF005F8029005980EF001F8049005
:103B700009980DF0FDFF804602E0FFE7012030705C
:103B8000204601F007FF38BB069820F0D3FECDE9B0
:103B900000011BA206210A98FCF7AEFC049820F055
:103BA000C9FECDE9000118A207215846FCF7A4FC84
:103BB000029820F0BFFECDE9000113A20721504674
:103BC000FCF79AFC404620F0B5FECDE900010EA2BC
:103BD00007214846FCF790FCE571A560E56025618A
:103BE0003D60A0E6000020410000C84200002440E3
:103BF000CDCCCCCCCCCCFC3F0000404000000C43F2
:103C000025352E316600000025362E316600000075
:103C100080580020485800205457002010B5002834
:103C200019D00D4800F8452F0622427005228270F7
:103C30001422C2700A0A02714171082100F8421C64
:103C4000054845300AF0B2FC1CF0F6FCBDE8104017
:103C500012201CF01DBD10BD7C56002010B50028A0
:103C60001AD00E4800F8451F0621417005218170C9
:103C70001521C1700021017179214171082100F8DD
:103C8000421C064845300AF091FC1CF0D5FCBDE80A
:103C9000104013201CF0FCBC10BD00007C5600201E
:103CA00010B5002819D00D4800F8452F06224270A3
:103CB000052282701022C2700A0A02714171082125
:103CC00000F8421C054845300AF070FC1CF0B4FCBA
:103CD000BDE8104012201CF0DBBC10BD7C5600205B
:103CE00070B50C4C0825294604F8450F0320607078
:103CF0000520A0700020E07020710648657104F86E
:103D0000425D45300AF052FC2570BDE870400C2041
:103D10001CF0BEBC7C5600200C4810B500F8451FB6
:103D200003214170052181700021C17001710821BA
:103D3000417100F8421C054845300AF037FC1CF080
:103D40007BFCBDE8104008201CF0A2BC7C56002083
:103D500070B5002833D00023032405251848082215
:103D60004A2902D00A2910D01CE04A2180F84510C7
:103D700080F8464080F84750C02180F8481080F80D
:103D80004930102180F84A100CE00A2180F84510D3
:103D900080F8464080F8475080F8483080F8493035
:103DA00080F84A20C2700648114645300AF0FEFBF2
:103DB0001CF042FCBDE8704002201CF069BC70BDE4
:103DC0007C56002010B5002816D00C4800F8451F7E
:103DD00003214170052181700021C170017108210A
:103DE000417100F8421C054845300AF0DFFBBDE890
:103DF000104004201CF04CBC10BD00007C5600207C
:103E00000D4810B500F8451F032141700521817050
:103E10001021C1700021017101214171082100F8B8
:103E2000421C054845300AF0C1FB1CF005FCBDE80A
:103E300010400A201CF02CBC7C56002010B5002835
:103E400019D00D4800F8452F0622427005228270D5
:103E50000722C2700A0A02714171082100F8421C4F
:103E6000054845300AF0A2FB1CF0E6FBBDE8104017
:103E700012201CF00DBC10BD7C56002010B500288F
:103E80001FD001EB81004FF6FF7101EA40010D48A0
:103E900000F8452F06224270052282708822C270E7
:103EA0000A0A02714171082100F8421C0548453098
:103EB0000AF07CFB1CF0C0FBBDE810400B201CF09E
:103EC000E7BB10BD7C56002010B500281FD001EBC9
:103ED00081004FF6FF7101EA40010D4800F8452FBF
:103EE00006224270052282708722C2700A0A02717D
:103EF0004171082100F8421C054845300AF056FB84
:103F00001CF09AFBBDE810400B201CF0C1BB10BD9B
:103F10007C56002070B51CF0E1F8744C0B2804F1BD
:103F200008056FD01FDC022850D0042873D0082861
:103F30006AD1A079042867D10DF0BCFD17F0BAFD55
:103F400040795F2861D017F0BBFD29461FF0B6FC11
:103F500017F0B0FD40795F285AD017F0B1FDBDE8E9
:103F6000704001F072BE0C2815D0122873D01328AF
:103F70004AD1E0799C2847D1207A512844D10DF0CC
:103F800099FD18F013FC03283ED1BDE870400121D3
:103F9000022012F0F7BCA079042835D15F2001F08F
:103FA000BFFA1CF055F817F085FD40795F280AD05C
:103FB00017F086FD294600F013F917F07BFDBDE8E8
:103FC000704000F0FFBA17F075FDF3E7A079042800
:103FD00077D1E0790C2874D10DF06CFD17F06AFDF3
:103FE00040795F280BD017F06BFD0C2229461FF09B
:103FF0007AFC17F05FFDBDE8704000F0C1BA17F021
:1040000059FDF2E72BE006E05BE017F053FD9CE77B
:1040100017F050FDA3E7A079042852D1E0791C28BD
:104020004FD10DF047FD17F045FD40795F280FD0C7
:1040300017F046FD294600F0D3F817F03BFD407914
:104040005F2809D017F03CFDBDE8704001F0F6BDD7
:1040500017F030FDEEE735E017F02CFDF4E7A0791E
:1040600010282ED1E0799C282BD10DF023FD18F0DB
:104070009DFB4C280FD008DC03280CD03F280AD029
:10408000412808D04B281CD105E04D2803D04E28EC
:1040900001D04F2815D10121022012F073FC18F035
:1040A0008BFB806812490069816018F085FB80688D
:1040B00010490069C16018F07FFB80680421006925
:1040C000417170BDE0799C28FBD10DF0F3FC18F034
:1040D0006DFB3E283FF459AF18F068FB5728F9D024
:1040E00018F064FB4A28F5D070BD00007C56002013
:1040F000BB5F0208BF5F02081CB50C46002832D027
:1041000068460AF001F8DDE900010DF0B3FD164A3A
:104110005F2102F8451F102151709C21917066218A
:10412000D170002111710421517108219171010A8E
:10413000D1711072010E5172000C9072200AD0726F
:104140001473200E5073200C90730748112102F84D
:10415000421C45300AF02AFA1CF06EFABDE81C40F9
:104160000B201CF095BA1CBD7C5600201CB50C46DB
:10417000002832D0684609F0C7FFDDE900010DF0E4
:1041800079FD164A5F2102F8451F102151709C21CC
:1041900091706A21D170002111710421517108219F
:1041A0009171010AD1711072010E5172000C90725E
:1041B000200AD0721473200E5073200C907307489D
:1041C000112102F8421C45300AF0F0F91CF034FAD3
:1041D000BDE81C400B201CF05BBA1CBD7C560020C7
:1041E0002DE9FE4F04007DD0487884F874000878EB
:1041F00084F87500C87884F87600887884F87700A9
:10420000487904F86C0F08796070C879A0708879D3
:10421000E070487A2071087A6071C87AA071887A53
:10422000E071487B2073087B6073C87BA073887B38
:10423000E073487C2074087C6074C87CA074887C1F
:10424000E074487D2075087D6075C87DA075887D07
:10425000E075487E2076087E6076C87EA076887EEF
:10426000E0766C3C1FF0B4F8A8B1E06E20F062FB81
:104270006B4A6C4B20F034F900226B4B1FF01CFE94
:104280001FF0E8FD6949E066884203DC4FF0844195
:10429000884200DAE166207804F12B07410704F137
:1042A000310604F1380526D520F004002070606F37
:1042B0006061E06E20F03EFBCDE900015CA20621CA
:1042C0003846FCF719F9206F20F034FBCDE90001E6
:1042D00059A207213046FCF70FF9606F20F02AFB46
:1042E00055A200E005E0CDE9000107212846FCF7D2
:1042F00003F9BDE8FE8F616FA06820F047FBA06066
:10430000216FE06820F042FBE060E16E206920F060
:104310003DFB2061204600F0A7FA606F6061E07904
:10432000401CC0B2E0710328E3D320F0B3FC804608
:104330004146206920F098FB02904146E06820F059
:1043400093FB83464146A06820F08EFB82461EF018
:104350003FFFDFF8EC904FF0000890B31EF0FAFF3B
:1043600002282FD399F8001004F1A00001904A46CA
:104370000C3804F1AC09009051B182F8008000982B
:104380000DF0E0FB01980DF0DDFB48460DF0DAFB87
:10439000514600980DF009FC594601980DF005FCB6
:1043A000484602990DF001FC48460DF0E1FB0290F1
:1043B00000980DF0DDFB824601980DF0D9FB834695
:1043C00003E0FFE7012189F80010204601F0E2FA3E
:1043D000E8B9029820F0AEFACDE9000114A2062156
:1043E0003846FCF789F8584620F0A4FACDE90001D8
:1043F00011A207213046FCF77FF8504620F09AFAC8
:10440000CDE900010CA207212846FCF775F884F8D5
:104410000780C4F80880C4F80C80C4F8108068E7EE
:10442000CDCCCCCCCCCCFC3F0000404000000C43B9
:1044300025352E326600000025362E32660000003B
:104440004858002010B500281BD00E485F2100F806
:10445000451F062141709C2181705321C1700021AC
:10446000017101214171082100F8421C05484530C5
:104470000AF09CF81CF0E0F8BDE8104012201CF097
:1044800007B910BD7C56002010B500281BD00E487F
:104490005F2100F8451F062141709C218170512148
:1044A000C1700021017101214171082100F8421CF5
:1044B000054845300AF07AF81CF0BEF8BDE8104017
:1044C00013201CF0E5B810BD7C5600201CB50C462E
:1044D000002832D0684609F017FEDDE900010DF032
:1044E000C9FB164A5F2102F8451F102151709C211B
:1044F00091706E21D1700021117104215171082138
:104500009171010AD1711072010E5172000C9072FA
:10451000200AD0721473200E5073200C9073074839
:10452000112102F8421C45300AF040F81CF084F8D2
:10453000BDE81C400B201CF0ABB81CBD7C56002015
:1045400070B50E4C5F20082504F8450F04206070FC
:104550007520A0706920E070002020710620607135
:10456000064804F8425C294645300AF01FF804F872
:10457000425CBDE870400C201CF08AB87C560020DC
:1045800010B500281BD00E485F2100F8451F0421FC
:104590004170752181704421C17000210171022197
:1045A0004171082100F8421C0548453009F0FEFF22
:1045B0001CF042F8BDE8104008201CF069B810BD9E
:1045C0007C56002010B500281BD00E485F2100F853
:1045D000451F04214170752181703021C170002177
:1045E000017106214171082100F8421C054845303F
:1045F00009F0DCFF1CF020F8BDE8104002201CF0A0
:1046000047B810BD7C56002010B5002819D00D48C1
:104610005F2100F8451F04214170752181706921D7
:10462000C170002101710E214171082100F8421C66
:104630000448453009F0BAFFBDE8104004201CF0E2
:1046400027B810BD7C5600201CB50C46002832D07F
:10465000684609F059FDDDE900010DF00BFB164A33
:104660005F2102F8451F102151709C219170722129
:10467000D170002111710421517108219171010A39
:10468000D1711072010E5172000C9072200AD0721A
:104690001473200E5073200C90730748112102F8F8
:1046A000421C453009F082FF1BF0C6FFBDE81C40EC
:1046B0000B201BF0EDBF1CBD7C5600201CB50C462A
:1046C000002832D0684609F01FFDDDE900010DF039
:1046D000D1FA164A5F2102F8451F102151709C2122
:1046E00091706021D1700021117104215171082154
:1046F0009171010AD1711072010E5172000C907209
:10470000200AD0721473200E5073200C9073074847
:10471000112102F8421C453009F048FF1BF08CFFC4
:10472000BDE81C4012201BF0B3BF1CBD7C5600200E
:104730001CB50C46002832D0684609F0E5FCDDE9DE
:1047400000010DF097FA164A5F2102F8451F10216B
:1047500051709C2191707621D1700021117104213A
:10476000517108219171010AD1711072010E5172BB
:10477000000C9072200AD0721473200E5073200C1B
:1047800090730748112102F8421C453009F00EFFD2
:104790001BF052FFBDE81C400B201BF079BF1CBD75
:1047A0007C5600201CB500282BD0684609F0ACFCD4
:1047B000DDE900010DF05EFA124A5F2102F8451FA3
:1047C000102151709C2191706421D17000211171D0
:1047D0000221517104219171010AD1711072010EEF
:1047E0005172000C907207480D2102F8421C4530AE
:1047F00009F0DCFE1BF020FFBDE81C4012201BF07E
:1048000047BF1CBD7C56002030B503464FF6FF70F5
:104810004AF201040CE013F8012B50400022C507B6
:1048200002D084EA500000E04008521C082AF6D367
:10483000491E89B2EFD230BD30B505460C46881E00
:1048400081B22846FFF7E0FF2919C3B211F8022C04
:104850009A4206D111F8011CB1EB102F01D10120B1
:1048600030BD002030BD00002DE9F0470025044692
:104870002F4617F09BFFDFF8F4923F287BD017F00C
:1048800095FF402877D017F091FF472873D017F095
:104890008DFF48286FD017F089FF49286BD017F09B
:1048A00085FF582867D017F081FF592863D017F08B
:1048B0007DFF5A285FD017F079FF5F285BD017F093
:1048C00075FF5B2857D017F071FF452853D017F0BC
:1048D0006DFF46284FD017F069FF50284BD017F0D6
:1048E00065FF552847D017F061FF512843D017F0D6
:1048F0005DFF52283FD017F059FF56283BD017F0E4
:1049000055FF532837D017F051FF4A2833D017F0FE
:104910004DFF4B282FD017F049FF4C282BD017F014
:1049200045FF4D2827D017F041FF4E2823D017F020
:104930003DFF4F281FD017F039FF5C281BD017F020
:1049400035FF5D2817D017F031FF5E2813D017F020
:104950002DFF42280FD01BF0BBFB854E0E2828D21E
:1049600000E008E0DFE800F0171E3F464D545B62B0
:104970006A71787F868D0CF0EDFE4946D9F8040007
:1049800001F008F8002804D04868017821F00801F7
:104990000170BDE8F0871EF0E3FA56F820501EF0D3
:1049A00025FB05E01EF008FB56F820501EF04CFBDE
:1049B00007464FF00008012FEBD16169606F20F0CE
:1049C000B9FA1FF0B7FF002206460F4613461FF044
:1049D00085FE414666D82171A07870B36078401C8E
:1049E0006070A17067E01EF0E1FA56F820501EF0EA
:1049F00025FBDDE71EF0C1FA56F820501EF003FB40
:104A0000D6E71EF0B3FA56F820501EF0F5FACFE7BD
:104A10001EF0C6FA56F820501EF00AFBC8E71EF03A
:104A2000B3FA56F820501EF0F7FAC1E71EF0A4FAC8
:104A300056F820501EF0E6FABAE729E01EF082FA96
:104A400056F820501EF0C4FAB2E71EF083FA56F86A
:104A500020501EF0C5FAABE71EF06EFA56F8205053
:104A60001EF0B0FAA4E71EF06FFA56F820501EF0C0
:104A7000B1FA9DE71EF082FA56F820501EF0C6FAF1
:104A800096E71EF087FA56F820501EF0CBFA8FE713
:104A9000E078401CC0B2E0700328A2D36170E170DE
:104AA00021719EE7E170A078012816D06078401C43
:104AB00060700120A07028461FF03CFF02460B46A4
:104AC000304627F000411FF009FE10D884F801801D
:104AD00084F8038084F804805BE72079401CC0B22E
:104AE00020710328E5D36170E1702171E1E76078FE
:104AF0000328F1D384F801801EF0B4FB88B320783A
:104B000000072ED4D9F8040061794D4640798842D7
:104B100004D11BF0DDFA19F013FD1EE0134E083628
:104B200006F10807706842798A420AD168603078D5
:104B300028701BF0CDFA19F003FD786868603878AA
:104B40000AE078686860387828701BF0C1FA19F0BC
:104B5000F7FC70686860307828700121084611F011
:104B600011FF207840F00800207012E74C58002018
:104B70002873020870B51BF0B1FA7F4C801E04F157
:104B8000080512286FD2DFE800F01AD672D691D647
:104B900036D6D6AC09D651D6D6D6D7E5A0790428D4
:104BA00061D1602000F0BCFC1BF052FA7349002078
:104BB000087016F07FFFBDE8704000F027BBA079B9
:104BC000042850D1E0790C284DD10CF073FF16F079
:104BD00071FF407960280BD016F072FF0C22294635
:104BE0001EF081FE16F066FFBDE8704000F0ECBAE2
:104BF00016F060FFF2E7A079042834D1E0790228AA
:104C000031D10CF057FF16F055FF407960280AD0DB
:104C100016F056FF29461EF051FE16F04BFFBDE878
:104C2000704000F093BA16F045FFF3E7A07903282F
:104C300019D10CF03FFF16F03DFF407960280FD0EE
:104C400016F03EFF294600F09FF816F033FF40793A
:104C5000602809D016F034FFBDE8704000F0F5BFC1
:104C600016F028FFEEE766E016F024FFF4E7A079DF
:104C7000042860D1E07908285DD10CF01BFF16F004
:104C800019FF4079602805D016F01AFF294600F078
:104C900083F81DE016F00EFFF8E716F00BFF01E0B9
:104CA00016F00EFFBDE8704000F0C8BFA0790428E0
:104CB00041D1E07904283ED10CF0FCFE16F0FAFE5A
:104CC000407960280AD016F0FBFE294600F0ACF9C6
:104CD00016F0F0FE40796028E2D1DEE716F0EAFE39
:104CE000F3E7A079102826D1E0799C2823D10CF095
:104CF000E1FE17F05BFD5B2801D05F281BD101218D
:104D0000022011F03FFE17F057FD80681C49006932
:104D100000690069816017F04FFD806819490069DA
:104D200000690069C16017F047FD806804210069CF
:104D300000690069417170BDE0799C28FBD10CF0DD
:104D4000B9FE17F033FD3E2810D017F02FFD3128A3
:104D50000CD070BDE0799C28FBD1207A5128F8D185
:104D60000CF0A8FE17F022FD0328F2D1BDE8704038
:104D70000121022011F006BE7C5600202C55002097
:104D8000BB5F0208BF5F0208002804D04A7800F821
:104D9000682F0978417070472DE9F04F85B0040005
:104DA0006DD0487884F87400087884F87500C87865
:104DB00084F87600887884F87700487984F86C0065
:104DC000087984F86D00C87984F86E00887984F8D1
:104DD0006F00002626671EF0FBFAA8B1E06E1FF0F8
:104DE000A9FD844A844B1FF07BFB0022834B1FF0FC
:104DF00063F81FF02FF88249E066884203DC4FF029
:104E00008441884200DAE1662078DFF8F8A104F1F5
:104E10003801420704F12B0804F13107CAF1000BF5
:104E200004913FD520F004002070606F6061E06E57
:104E30001FF080FDCDE9000173A206214046FBF77B
:104E40005BFB206F1FF076FDCDE900016EA207210C
:104E50003846FBF751FB606F10F1FF4F01D2504510
:104E600004DB00EB0B01B1F1D47F0BD21FF062FD2C
:104E7000CDE9000166A207210498FBF73DFB05B0D0
:104E8000BDE8F08F6449421864498A42F7D21FF0A6
:104E9000C9FE0346049805B061A2BDE8F04F0721A2
:104EA000FBF72ABB616FA0681FF070FDA060216F47
:104EB000E0681FF06BFDE060E16E20691FF066FDA9
:104EC00020612046FFF7D0FC606F6061E079401CF4
:104ED000C0B2E0710328D2D31FF0DCFE054629469C
:104EE00020691FF0C1FD01902946E0681FF0BCFD5C
:104EF00002902946A0681FF0B7FD05461EF06EF926
:104F0000DFF8209188B31EF02BFA02282ED399F8EF
:104F1000001004F1A00003904A460C3804F1AC09DB
:104F2000009049B1167000980CF00CFE03980CF03C
:104F300009FE48460CF006FE294600980CF035FEA6
:104F4000DDE902100CF031FE484601990CF02DFE0F
:104F500048460CF00DFE019000980CF009FE054645
:104F600003980CF005FE029003E0FFE7012189F8A9
:104F70000010204600F00EFD38BB01981FF0DAFC4F
:104F8000CDE9000120A206214046FBF7B5FA0298C0
:104F90001FF0D0FCCDE900011BA207213846FBF72A
:104FA000ABFA15F1FF4F01D2554504DB05EB0B00C1
:104FB000B0F1D47F0AD228461FF0BCFCCDE9000135
:104FC00013A207210498FBF797FA0DE0124829185D
:104FD0001248814208D228461FF024FE034610A240
:104FE00007210498FBF788FAE671A660E66026615F
:104FF00045E70000CDCCCCCCCCCCFC3F0000404001
:1050000000000C430000204125352E3266000000D0
:1050100025352E3166000000000038BD00A0440395
:1050200025356400485800201CB5040019D0487884
:1050300084F87800087884F87900C87884F87A00D1
:10504000887884F87B000749A06F1FF06BFE1FF083
:1050500071FCCDE9000104A2082104F14700FBF72F
:105060004BFA1CBD00007A4425352E326600000044
:1050700010B500281BD00E48602100F8451F0621FE
:1050800041709C2181705121C17000210171012169
:105090004171082100F8421C0548453009F086FAA4
:1050A0001BF0CAFABDE8104013201BF0F1BA10BD86
:1050B0007C5600207CB50C46050044D0684609F0BB
:1050C00023F8DDE900010CF0D5FD1F4A6023102113
:1050D00082F8453082F84610B5F868109C25B1F585
:1050E000807F2BD0A1F57063FF3B04D182F847503D
:1050F000682182F84810002102F8491F04215170EC
:1051000008219170010AD1701071010E5171000CCB
:105110009071200AD0711472200E5072200C90727F
:105120000948112102F8461C453009F03FFA1BF0EE
:1051300083FABDE87C400B201BF0AABA82F84750E6
:1051400082F84830D7E77CBD7C56002010B5002897
:105150001BD00E48602100F8451F032141709C219F
:1051600081704E21C170002101710121417108211E
:1051700000F8421C0548453009F018FA1BF05CFAAB
:10518000BDE810400E201BF083BA10BD7C560020F5
:105190000C4810B5602100F8451F042141707522AC
:1051A00082706922C270002202714171082100F8E8
:1051B000421C0448453009F0F9F9BDE810400C20C4
:1051C0001BF066BA7C56002010B500281BD00E4894
:1051D000602100F8451F042141707521817045212F
:1051E000C1700021017101214171082100F8421CA8
:1051F0000548453009F0DAF91BF01EFABDE8104009
:1052000008201BF045BA10BD7C56002010B50028C0
:105210001BD00E48602100F8451F04214170752104
:1052200081703021C1700021017106214171082176
:1052300000F8421C0548453009F0B8F91BF0FCF9AC
:10524000BDE8104002201BF023BA10BD7C560020A0
:1052500010B5002818D00D486021752200F8451FB0
:105260000421417082706922C27000220271417172
:10527000082100F8421C0548453009F097F9BDE8BF
:10528000104004201BF004BA10BD00007C56002022
:1052900010B5002819D00D48602100F8451F0421E1
:1052A0004170752181707821C17000210171022146
:1052B0004171082100F8421C0448453009F076F994
:1052C000BDE8104006201BF0E3B910BD7C5600205D
:1052D00010B500281AD00E48602200F8452F06228B
:1052E00042709C2282704E22C2700A0A0271417181
:1052F000082100F8421C0648453009F057F91BF018
:105300009BF9BDE8104012201BF0C2B910BD00008F
:105310007C5600207CB50C46050043D0684608F05A
:10532000F3FEDDE900010CF0A5FC1F4A60219C237F
:1053300082F84510102182F84610B5F86810B1F5D2
:10534000807F2BD0A1F57065FF3D04D182F84730F6
:105350006C2182F84810002102F8491F0421517085
:1053600008219170010AD1701071010E5171000C69
:105370009071200AD0711472200E5072200C90721D
:105380000948112102F8461C453009F00FF91BF0BD
:1053900053F9BDE87C400B201BF07AB982F8473006
:1053A0006421D6E77CBD00007C56002010B50028A3
:1053B00027D0144A40F86C1F602102F8451F1021C5
:1053C00051709C2191705721D170002111710221DF
:1053D0005171042191714178D17101781172C178B4
:1053E00051728078907207480D2102F8421C4530B6
:1053F00009F0DCF81BF020F9BDE8104012201BF08A
:1054000047B910BD7C5600204FF461710148FBF78D
:10541000ECB900008E78002010B50E4C6421207885
:1054200020F00700207004F12800FBF700FA0020AC
:10543000C4F80500C4F80900A4F80D00E073206169
:105440006061A061A4F80300E06120626062A4F8DA
:10545000010010BD58570020024800210161416140
:10546000816170475857002064210148FBF7DFB97C
:105470008057002002480021C161016241627047EB
:1054800058570020014817F079B90000B85500209E
:105490000D48A0F19802C1689161002905D00878F3
:1054A000430703D540F00100087070479069006918
:1054B000906103785B0704D5017841F00101017028
:1054C00070478142F2D17047B8550020014803F07F
:1054D00028BB0000EC5A0020014803F022BB00006A
:1054E000645A0020014803F01CBB0000A85A0020A9
:1054F00030B590F8404004F01C050124AC40C56B69
:105500006C60046863604368102B036803D0996083
:105510000068C26030BD9A600068C16030BD0000A4
:105520002DE9F04706460E25CC20FAF7BBFE040015
:105530007DD00027C4F8947004F18000C4F89870FE
:10554000C4F89C70076247628762C762076347635B
:10555000512E1FD014DC222E6AD008DC012E36D04A
:10556000092E66D00A2E65D01D2E72D177E1342E19
:1055700072D04A2EF7D04D2E6DD04E2EF5D16EE161
:10558000A6F15A00082864D2DFE800F00441216641
:10559000A0F5BDD93346C9A2062104F12300FAF7CC
:1055A000ABFF00251DF020FE002852D01DF0DEFECE
:1055B000014604F194000CF0E5FA1DF0D7FE014617
:1055C00004F1A0000CF0DEFA1DF0D0FE1BE0334623
:1055D000BCA2062104F12300FAF78EFF01251DF07D
:1055E0002FFE0028E1D01DF0EDFE014604F19400ED
:1055F0000CF0C8FA1DF0E6FE014604F1A0000CF024
:10560000C1FA1DF0DFFE014604F1AC00DAE03346DA
:10561000AEA2072104F12300FAF76EFF02251DF068
:1056200009FE0028C1D01DF0C7FE014603E0F7E0E7
:105630004CE02EE09FE004F194000CF0A3FA1DF082
:10564000BBFE014604F1A0000CF09CFA1DF0B4FE74
:10565000D9E7A1E000E0E5E033469FA2072104F18D
:105660002300FAF749FF04251DF0C4FD00289CD053
:105670001DF082FE014604F194000CF083FA1DF047
:105680007BFE014604F1A0000CF07CFA1DF074FED4
:10569000B9E7334692A2072104F12300FAF72CFF61
:1056A00005251DF0C1FD002876D01DF07FFE0146C6
:1056B00004F194000CF066FA1DF078FE014604F146
:1056C000A0000CF05FFA1DF071FE9CE7334687A244
:1056D000082104F12300FAF70FFF06251DF098FDBD
:1056E000002871D01DF056FE014604F194000CF024
:1056F00049FA1DF04FFE014604F1A0000CF042FAF9
:105700001DF048FE7FE733467BA2072104F123000A
:10571000FAF7F2FE09251DF061FDE8B31DF020FE49
:10572000014604F194000CF02DFA1DF019FE01461B
:1057300004F1A0000CF026FA1DF012FE63E73346D8
:1057400070A2072104F12300FAF7D6FE0A251DF006
:1057500037FD08B31DF0F6FD014604F194000CF08E
:1057600011FA1DF0EFFD014604F1A0000CF00AFA59
:105770001DF0E8FD47E7334665A2072104F1230049
:10578000FAF7BAFE0B251DF023FD28B11DF0E2FD4E
:10579000014604F1940000E016E00CF0F3F91DF06E
:1057A000D9FD014604F1A0000CF0ECF91DF0D2FD8A
:1057B000014604F1AC000CF0E5F91DF0CBFD01460B
:1057C00004F1B8000CF0DEF984F8627020784FF034
:1057D000300820F00B0040F004002070667167670D
:1057E00027674FF02E09E766612E56D031462046D6
:1057F00001F01EFA204601F05BFA202084F82B000D
:1058000084F82C8084F82D9084F82E80434884F806
:105810002F8084F830704168F1B310304460057017
:10582000BDE8F08733463EA2082104F12300FAF7D1
:1058300063FE0C251DF0E6FC0028C5D01DF0A4FD7C
:10584000014604F194000CF09DF91DF09DFD014608
:1058500004F1A0000CF096F91DF096FDD3E6334656
:1058600032A2082104F12300FAF746FE0D251DF0AF
:10587000D5FC0028A8D01DF093FD014604F194004A
:105880000CF080F91DF08CFD014604F1A0000CF035
:1058900079F91DF085FDB6E60AE084F8388084F8D1
:1058A000399084F83A8084F83B8084F83C70A4E70F
:1058B0001A4908314C6044600D70B0E7444F202510
:1058C00030326400704820253032640054757220F4
:1058D000253032640000000045432025303264004A
:1058E0004F52502025303264000000004E48334EA5
:1058F000202530326400000043686C20253032647B
:105900000000000042676120253032640000000082
:10591000434F442025303264000000004C580020E2
:105920004D4C535320253032640000004F695720FE
:1059300025303264000000000248002141600E2141
:1059400001707047545800200248002141600E2128
:10595000017070475C58002000224FF07E5100F02B
:1059600063BC00000248002141600E2101707047B5
:105970004C58002008687047D0F884007047006FCA
:105980007047406F70470078C0F340007047D0F810
:10599000800070470078C0F3C000704770B51AF0FF
:1059A0009DFBA34C142804F1080571D2DFE800F038
:1059B00070A61870B2707070357050D50A7074F996
:1059C0008FF8F7F6A079032862D15120FFF7A8FDE0
:1059D0001AF03EFB16F06EF8BDE8704000F0A8BB70
:1059E000A079032854D1E0790E2851D10CF062F847
:1059F00016F060F8407951280CD016F061F88C4907
:105A00000C22093100F064F916F054F8BDE870403A
:105A100000F06CBB16F04EF8F1E7A079032837D1FF
:105A2000E079042834D10CF045F816F043F84079B9
:105A300051280AD016F044F8294600F030F916F043
:105A400039F8BDE8704000F0F1BA16F033F8F3E72A
:105A5000A07903281CD1E079082819D10CF02AF884
:105A600016F028F8407951280FD016F029F8294669
:105A700000F0F2F816F01EF84079512809D016F01F
:105A80001FF8BDE8704000F0E0B816F013F8EEE73C
:105A900083E016F00FF8F4E7A07903287DD1E079D0
:105AA00004287AD10CF006F816F004F84079512851
:105AB0000AD016F005F8294600F022F915F0FAFF91
:105AC000BDE8704000F0F0BA15F0F4FFF3E7A079FC
:105AD000032873D1E079042870D10BF0EBFF15F0A7
:105AE000E9FF4079512806D015F0EAFF2946BDE8C4
:105AF000704000F0C8B815F0DDFFF7E7E079302816
:105B00005CD10BF0D7FF15F0D5FF847915F0D2FFEB
:105B1000447187E0A079032850D1E0790C284DD159
:105B20000BF0C8FF15F0C6FF407951280FD015F0D3
:105B3000C7FF294600F05CF915F0BCFF40795128F9
:105B400008D015F0BDFFBDE8704000F077B815F043
:105B5000B1FFEEE715F0AEFFF5E7A07910282DD1E3
:105B6000E07911282AD10BF0A5FF16F01FFE0328BB
:105B700004D03F2806D0412820D103E00121022093
:105B800010F000FF0121022010F0FCFE16F014FEC0
:105B9000806828490069816004E00FE036E00EE08B
:105BA0001AE026E016F008FE806823490069C1600B
:105BB00016F002FE806804210069417170BDA07971
:105BC0001028FBD1E0797628F8D10BF073FF16F09E
:105BD000EDFD3E2826D070BDA0791028FBD1E079DC
:105BE0002428F8D10BF066FF16F0E0FD112819D03B
:105BF00070BDA0791028FBD1E0791528F8D10BF001
:105C000059FF16F0D3FD12280CD070BDE0790028A2
:105C1000FBD1607AFC28F8D10BF04CFF16F0C6FDE2
:105C20000328F2D1BDE870400121022010F0AABE85
:105C30007C560020BB5F0208BF5F0208002803D02B
:105C4000017841F0020101707047002803D001780B
:105C500041F001010170704710B5002812D00022F8
:105C600084188B5C521CD2B284F88030042AF7D39B
:105C70000022091D84188B5C521CD2B284F8843037
:105C8000042AF7D310BD002808D00A7800F88C2F1A
:105C90004A7842708A788270C978C170704710B5AE
:105CA000002814D00A782E2430328277C4774A78BC
:105CB000303280F82020002280F821208B78303389
:105CC00000F8193F4470C97830318170C27010BD3E
:105CD00030B5002813D0002305E0CC5CC5185B1C50
:105CE00085F85640DBB29342F7D390F85610482916
:105CF00005D190F85710462901D10121017630BD18
:105D0000002808D00A7800F8882F4A7842708A78EC
:105D10008270C978C1707047017841F00801017044
:105D20007047017821F00801017070472DE9F041BA
:105D3000074604681DF0EEF81EF0FCFD05460E4611
:105D40000AF06CF82A4633461EF0B6F81EF082F8C8
:105D500005461DF0F1FA06463868002840D0207844
:105D6000204FC0073CD02846D4F88C101FF0E2F832
:105D700020F000401C491FF0A1F802D81AF078F971
:105D8000C8B13046D4F888101FF0D4F820F0004095
:105D900016491FF093F823D81AF06AF900281FD18A
:105DA00078684179512916D05A2919D13146BDE870
:105DB000F04100F0AFBE78684179512906D05A29E8
:105DC0000ED12946BDE8F04100F076BE2946BDE877
:105DD000F04100F061BA3146BDE8F04100F08ABA06
:105DE000BDE8F0814C5800209A99993EBD37863520
:105DF0002DE9FF5F040067D000202318401C11F834
:105E0000012BC0B283F86C200428F6D3002023189D
:105E1000401C11F8012BC0B283F870200428F6D37F
:105E200000202318401C11F8012BC0B283F8742005
:105E30000428F6D31DF0CCFAA8B1E06E1EF07AFD6E
:105E40006F4A704B1EF04CFB00226F4B1EF034F873
:105E50001EF000F86D49E066884203DC4FF0844193
:105E6000884200DAE1662078694E420704F12B0986
:105E700004F1310804F1380528D520F00400207021
:105E8000606F6061E06E1EF055FDCDE9000161A21A
:105E900006214846FAF730FB206F1EF04BFD00222A
:105EA00033461EF01DFBCDE900015CA207214046F0
:105EB000FAF722FB606F1EF03DFDCDE9000157A20D
:105EC00007212846FAF718FBBDE8FF9F616FA0681D
:105ED0001EF05CFDA060206F1EF02CFD00223346FA
:105EE0001EF0FEFA06460F46E0681EF023FD32461D
:105EF0003B461DF0E1FF1DF0ADFFE060E16E206963
:105F00001EF044FD20612046FEF7AEFC606F60612C
:105F1000E079401CC0B2E0710328D5D31EF0BAFE70
:105F20000646314620691EF09FFD83463146E068F3
:105F30001EF09AFD82463146A0681EF095FD029043
:105F40001DF052F9374F002678B31DF00FFA0228E2
:105F50002CD3397804F1A00001900C38039018304C
:105F6000009049B13E7003980BF0ECFD01980BF0E6
:105F7000E9FD00980BF0E6FDDDE902100BF015FEDF
:105F8000514601980BF011FE594600980BF00DFE9A
:105F900000980BF0EDFD834603980BF0E9FD0290AD
:105FA00001980BF0E5FD824602E0FFE70120387022
:105FB0002078C0F3C000E8B958461EF0BBFCCDE91C
:105FC000000114A206214846FAF796FA50461EF040
:105FD000B1FCCDE9000111A207214046FAF78CFA85
:105FE00002981EF0A7FCCDE900010CA2072128466B
:105FF000FAF782FAE671A660E660266164E70000BF
:10600000CDCCCCCCCCCCFC3F0000404000000C43BD
:106010000000594025352E316600000025362E320D
:1060200066000000485800200120704710B5002885
:106030001AD00E48512100F8451F0321417011214B
:1060400081700021C170017104214171082100F8A3
:10605000421C0648453008F0A9FA1AF0EDFABDE8EE
:1060600010400A201AF014BB10BD00007C5600201E
:106070000C4810B5512100F8451F0321417026211D
:1060800081700021C170017106214171082100F861
:10609000421C0448453008F089FABDE810400C2045
:1060A0001AF0F6BA7C56002010B500281AD00E4817
:1060B000512100F8451F03214170242181700021E6
:1060C000C170017102214171082100F8421C06488B
:1060D000453008F06BFA1AF0AFFABDE81040102016
:1060E0001AF0D6BA10BD00007C56002010B500286A
:1060F0001AD00E48512100F8451F03214170072195
:1061000081700021C170017102214171082100F8E4
:10611000421C0648453008F049FA1AF08DFABDE8ED
:10612000104008201AF0B4BA10BD00007C560020C0
:1061300010B500281AD00E48512100F8451F032140
:106140004170092181700021C170017107214171E5
:10615000082100F8421C0648453008F027FA1AF0DA
:106160006BFABDE8104002201AF092BA10BD000090
:106170007C56002010B5002818D00D48512100F899
:10618000451F03214170262181700021C1700171DA
:1061900006214171082100F8421C0548453008F0ED
:1061A00005FABDE8104004201AF072BA10BD0000D4
:1061B0007C56002070B50C4605002ED020090A2818
:1061C00001D3373000E0303004F00F0285F82600AC
:1061D0000A2A01D3373200E0303285F827200F4AEF
:1061E0005120012102F8450F10205070302090708E
:1061F0000020D0701071517102219171D471107210
:1062000006480B2102F8421C453008F0CFF91AF07D
:1062100013FA01201AF03CFAAC7170BD7C560020D4
:10622000C0F8801000F004B8C0E92012AFF300807D
:1062300010B500282CD0174A5121002302F8451F21
:106240001021517011219170D37013710423537177
:106250000823937110F8803FD371437813728378C9
:106260005372C37893720379D3724379137383792A
:106270005373C0799073074802F8421C453008F008
:1062800095F91AF0D9F9BDE810400B201AF000BAC0
:1062900010BD00007C56002010B5002826D0144AFE
:1062A00040F88C1F512102F8451F10215170242104
:1062B00091700021D17011710221517104219171ED
:1062C0000178D1714178117281785172C0789072E1
:1062D00007480D2102F8421C453008F067F91AF012
:1062E000ABF9BDE8104011201AF0D2B910BD000082
:1062F0007C56002010B5002826D0144A40F8881F8C
:10630000512102F8451F1021517015219170002173
:10631000D170117102215171042191710178D171F3
:106320004178117281785172C078907207480D21BE
:1063300002F8421C453008F039F91AF07DF9BDE841
:1063400010400F201AF0A4B910BD00007C560020A8
:1063500010B5002826D0144A40F86C1F512102F8CD
:10636000451F10215170762191700021D17011715B
:1063700002215171042191710178D171417811721A
:1063800081785172C078907207480D2102F8421C42
:10639000453008F00BF91AF04FF9BDE81040122013
:1063A0001AF076B910BD00007C56002070B519F0C7
:1063B00095FE9B4C801E04F10805122875D2DFE87B
:1063C00000F01AF18CF1ABF136F1F1C609F159F593
:1063D00075F4F6F2A079042867D15A20FFF7A0F8E7
:1063E00019F036FE8F490020087015F063FBBDE8F8
:1063F000704000F01FBBA079042856D1E0790C282A
:1064000053D10BF057FB15F055FB40795A280BD0B0
:1064100015F056FB0C2229461DF065FA15F04AFBD3
:10642000BDE8704000F0E4BA15F044FBF2E7A07953
:1064300004283AD1E079022837D10BF03BFB15F064
:1064400039FB40795A280FD015F03AFB29461DF048
:1064500035FA15F02FFB40795A2808D015F030FB9B
:10646000BDE87040FFF7F1BB15F024FBEEE715F037
:1064700021FBF5E7A079032817D1E079042814D18E
:106480000BF018FB15F016FB40795A280AD015F0CE
:1064900017FB294600F0D8F815F00CFBBDE870405A
:1064A00000F084BA15F006FBF3E77BE0A07903283F
:1064B00078D1E079042875D10BF0FCFA15F0FAFADE
:1064C00040795A2806D015F0FBFA2946BDE87040FD
:1064D00000F0AEB815F0EEFAF7E7A079042861D124
:1064E000E07908285ED10BF0E5FA15F0E3FA40797F
:1064F0005A2805D015F0E4FA294600F0B1F81DE05D
:1065000015F0D8FAF8E715F0D5FA01E015F0D8FA49
:10651000BDE87040FFF792BBA079042842D1E07932
:1065200004283FD10BF0C6FA15F0C4FA40795A2876
:106530000AD015F0C5FA294600F09CF915F0BAFA10
:1065400040795A28E2D1DEE715F0B4FAF3E7A079F2
:10655000102827D1E0799C2824D10BF0ABFA16F053
:1065600025F9032804D03F2806D041281AD103E09A
:106570000121022010F006FA0121022010F002FA97
:1065800016F01AF9806828490069816016F014F93C
:10659000806826490069C16016F00EF980680169BB
:1065A0000420487170BD29E001E00DE019E0A079F8
:1065B0001028F7D1E0799C28F4D10BF07BFA16F083
:1065C000F5F83E2826D0EDE7A0791028EAD1E07949
:1065D0009C28E7D10BF06EFA16F0E8F8112819D0D4
:1065E000E0E7A0791028DDD1E0799C28DAD10BF022
:1065F00061FA16F0DBF812280CD0D3E7E0799C287A
:10660000D0D1207A5128CDD10BF054FA16F0CEF823
:106610000328C7D1BDE870400121022010F0B2B9B3
:106620007C5600202C550020BB5F0208BF5F02088B
:10663000002808D04A7800F88C2F0A784270CA786F
:1066400082708978C1707047002808D04A7800F8B5
:10665000882F0A784270CA7882708978C170704732
:106660002DE9FE4F04005CD0487884F87400087867
:1066700084F87500C87884F87600887884F8770004
:10668000487984F86C00087984F86D00C87984F83A
:106690006E00887984F86F001CF09AFEA8B1E06E55
:1066A0001EF048F96A4A6B4B1DF01AFF00226A4B34
:1066B0001DF002FC1DF0CEFB6849E066884203DC59
:1066C0004FF08441884200DAE166207804F12B071C
:1066D000410704F1310604F1380524D520F0040007
:1066E0002070606F6061E06E1EF024F9CDE900015A
:1066F0005BA206213846F9F7FFFE206F1EF01AF95B
:10670000CDE9000158A207213046F9F7F5FE606F88
:106710001EF010F9CDE9000153A207212846F9F730
:10672000EBFEBDE8FE8F616FA0681EF02FF9A06040
:10673000216FE0681EF02AF9E060E16E20691EF02A
:1067400025F920612046FEF78FF8606F6061E079DF
:10675000401CC0B2E0710328E3D31EF09BFA8046D0
:10676000414620691EF080F902904146E0681EF023
:106770007BF983464146A0681EF076F982461CF0FC
:1067800033FDDFF8EC904FF0000890B31CF0EEFD05
:1067900002282FD399F8001004F1A00001904A4676
:1067A0000C3804F1AC09009051B182F800800098D7
:1067B0000BF0C8F901980BF0C5F948460BF0C2F987
:1067C000514600980BF0F1F9594601980BF0EDF99C
:1067D000484602990BF0E9F948460BF0C9F90290D6
:1067E00000980BF0C5F9824601980BF0C1F9834679
:1067F00003E0FFE7012189F800102046FFF7CAF8FF
:10680000E8B902981EF096F8CDE9000114A206211D
:106810003846F9F771FE58461EF08CF8CDE90001B4
:1068200011A207213046F9F767FE50461EF082F8A4
:10683000CDE900010CA207212846F9F75DFE84F896
:106840000780C4F80880C4F80C80C4F8108068E79A
:10685000CDCCCCCCCCCCFC3F0000404000000C4365
:1068600025352E326600000025362E3266000000E7
:1068700048580020002808D04A7800F8702F0A787D
:106880004270CA7882708978C170704710B500284C
:106890001BD00E485A2100F8451F062141709C214B
:1068A00081705121C17000210171012141710821C4
:1068B00000F8421C0548453007F078FE19F0BCFE90
:1068C000BDE81040132019F0E3BE10BD7C56002037
:1068D0001CB500282BD0684607F016FCDDE9000146
:1068E0000BF0C8F9124A5A2102F8451F10215170C5
:1068F0009C2191707A21D170002111710221517176
:1069000004219171010AD1711072010E5172000CB3
:10691000907207480D2102F8421C453007F046FEF0
:1069200019F08AFEBDE81C400B2019F0B1BE1CBD59
:106930007C56002010B5002819D00D485A2100F8C7
:10694000451F04214170752181707721C17000219C
:10695000017102214171082100F8421C04484530B0
:1069600007F024FEBDE81040062019F091BE10BDCE
:106970007C5600200C4810B55A2100F8451F042110
:106980004170752282706922C270002202714171C9
:10699000082100F8421C0448453007F007FEBDE816
:1069A00010400C2019F074BE7C56002010B5002851
:1069B0001BD00E485A2100F8451F032141709C212D
:1069C00081708621C170002101710221417108216D
:1069D00000F8421C0548453007F0E8FD19F02CFE90
:1069E000BDE81040102019F053BE10BD7C560020A9
:1069F00010B500281BD00E485A2100F8451F04216D
:106A00004170752181704521C17000210171012102
:106A10004171082100F8421C0548453007F0C6FDC9
:106A200019F00AFEBDE81040082019F031BE10BD73
:106A30007C56002010B500281BD00E485A2100F8C3
:106A4000451F04214170752181703021C1700021E2
:106A5000017106214171082100F8421C05484530AA
:106A600007F0A4FD19F0E8FDBDE81040022019F080
:106A70000FBE10BD7C56002010B5002818D00D4860
:106A80005A21752200F8451F042141708270692245
:106A9000C270002202714171082100F8421C0548B1
:106AA000453007F083FDBDE81040042019F0F0BD2B
:106AB00010BD00007C56002010B5002827D0144AD5
:106AC00040F88C1F5A2102F8451F102151709C215B
:106AD00091708621D1700021117102215171042120
:106AE00091714178D17101781172C17851728078B9
:106AF000907207480D2102F8421C453007F056FD00
:106B000019F09AFDBDE81040112019F0C1BD10BD6B
:106B10007C56002010B5002827D0144A40F8881F62
:106B20005A2102F8451F102151709C219170882133
:106B3000D1700021117102215171042191714178AC
:106B4000D17101781172C1785172807890720748C2
:106B50000D2102F8421C453007F028FD19F06CFDAC
:106B6000BDE810400F2019F093BD10BD7C560020E9
:106B700010B5002827D0144A40F86C1F5A2102F89B
:106B8000451F102151709C2191708021D1700021EE
:106B9000117102215171042191714178D1710178F3
:106BA0001172C17851728078907207480D2102F8F5
:106BB000421C453007F0FAFC19F03EFDBDE81040DC
:106BC000122019F065BD10BD7C5600201CB50028B0
:106BD0002BD0684607F098FADDE900010BF04AF87F
:106BE000124A5A2102F8451F102151709C219170C0
:106BF0007821D1700021117102215171042191710C
:106C0000010AD1711072010E5172000C9072074886
:106C10000D2102F8421C453007F0C8FC19F00CFDAC
:106C2000BDE81C400B2019F033BD1CBD7C56002074
:106C300030B5202380F84F30302480F850302E2596
:106C400080F8514080F8525080F85340002280F87C
:106C5000544080F8552060291BD080F8383080F8E7
:106C6000393080F83A4080F83B5080F83C4080F85A
:106C70003D4080F83E20092911D04D2908D100F867
:106C80003F3F43708370C470027142718271C27160
:106C900030BD00F8383F43708470C57004E000F8E0
:106CA000383F43708370C37004714271827130BD8C
:106CB000202100F8311F2E22417030218170C270D6
:106CC00001714171002181717047704770B519F0F1
:106CD00005FA8B4C0F2804F108057CD042DC08280B
:106CE0007AD020DC02285FD0042876D1A07903284E
:106CF00073D1E079142870D10AF0DCFE14F0DAFECA
:106D0000407934286AD014F0DBFE294600F0CEF931
:106D100014F0D0FE4079342873D014F0D1FEBDE8D1
:106D20007040FEF78BBF0B286CD00C2855D1A07992
:106D3000032852D1E07914284FD13420FEF7F0FB1C
:106D400019F086F914F0B6FE4079342829D014F0F1
:106D5000B7FE294600F0AAF914F0ACFEBDE8704079
:106D600000F0CEBC112857D0122874D0132873D04D
:106D7000162832D10AF09EFE14F09CFE4079342889
:106D800044D014F09DFE294600F050F914F092FE14
:106D9000407934283DD014F093FEBDE87040FEF7F2
:106DA00054BF14F087FED4E7A07903287CD10AF001
:106DB00081FE14F07FFE407934280BD014F080FE61
:106DC0000022294600F0B5F814F074FEBDE87040CA
:106DD00000F074BC03E01FE004E065E038E014F06C
:106DE00069FEEDE7A07903285ED10AF063FE14F096
:106DF00061FE4079342806D014F062FE00F086F877
:106E000020E02AE02CE014F055FEF7E714F052FEE3
:106E1000B9E714F04FFEC0E7A079102802D1E0795D
:106E2000062801D000215FE00AF044FE15F0BEFC08
:106E3000172803D015F0BAFC182803D1012102202D
:106E40000FF0A0FD14F036FEBDE8704000F09ABCD3
:106E500014F030FE59E728E031E014F02BFE5EE735
:106E6000A079102820D1E07906281DD10AF022FE51
:106E700015F09CFC5B2801D05F2815D10121022070
:106E80000FF080FD15F098FC80681E490069816054
:106E900015F092FC80681C490069C16015F08CFCFB
:106EA000806804210069417170BDA0791028FBD170
:106EB0000AF000FE15F07AFC3E2814D070BDE0798F
:106EC0000628FBD1207AF42801D0F528F6D10AF063
:106ED000F1FD207AF42802D1A07A302809D015F0EB
:106EE00065FC0328EAD10121BDE8704002200FF0C3
:106EF00049BD14F0DFFDBDE8704000F075BB000037
:106F00007C560020BB5F0208BF5F020810B5002856
:106F10000ED031232E2183773022C17780F82020B4
:106F2000002480F8214000F8193F41708270C4703D
:106F300010BD30B50AB100231DE04C2100F8561FEA
:106F4000482141702D2181704421C170452101717A
:106F500032224271362282715F22C2710172432154
:106F6000417220218172C17230BDCC5CC5185B1C9E
:106F700085F85640DBB29342F7D330BD10B50028F8
:106F800024D01348342200F8452F102242700622E4
:106F900082702222C27000220271022242710422F7
:106FA00082710A0AC27101720A0E4272090C817260
:106FB0000D2100F8421C0648453007F0F7FA19F099
:106FC0003BFBBDE810400F2019F062BB10BD000074
:106FD0007C56002010B5002824D01348342200F835
:106FE000452F10224270062282702622C270002293
:106FF000027102224271042282710A0AC271017274
:107000000A0E4272090C81720D2100F8421C0648DA
:10701000453007F0CBFA19F00FFBBDE81040112006
:1070200019F036BB10BD00007C5600207CB504462C
:10703000487884F88400087884F88500C87884F853
:107040008600887884F887000D46D4F884001DF007
:1070500071FCCDE9000110A2062104F14F00F9F7FF
:107060004BFA687A04F8800F287A6070E87AA0708A
:10707000A87AE0700A4920681DF054FE44F880099F
:107080001DF058FCCDE9000106A2062104F14700DD
:10709000F9F732FA7CBD000025352E33660000007A
:1070A0000000C84225342E32660000002DE9F04F62
:1070B0008BB004004FF07E5006907DD0487884F865
:1070C0007400087884F87500C87884F876008878A9
:1070D00084F87700487A84F87000087A84F87100A0
:1070E000C87A84F87200887A84F87300487B84F840
:1070F0007C00087B84F87D00C87B84F87E00887B58
:1071000084F87F00487C84F86C00087C84F86D006B
:10711000C87C84F86E00887C84F86F001CF006F947
:10712000052801D1FE4806901CF052F9A8B1E06E86
:107130001DF000FCFB4AFC4B1DF0D2F90022FB4B7A
:107140001CF0BAFE1CF086FEF949E066884203DCBA
:107150004FF08441884200DAE166207804F12B0187
:10716000099104F13801059104F131010491DFF82E
:10717000D093F04E04F13F01EF4DDFF8C08342079A
:107180004FF0D97BC9F1000A07917DD520F00400AA
:107190002070606F6061E06E1DF0CCFBCDE90001F6
:1071A000E8A206210998F9F7A7F9E849606F884233
:1071B0000FDB4FF47A7600E012E23346E4A20721B7
:1071C0000598F9F799F9206F1DF02CFDB0FBF6F347
:1071D00042E0E0494218E0498A4214D21DF0AAFB7D
:1071E000002233461CF024FFCDE90001D5A207217F
:1071F0000598F9F781F9206F1DF09CFB00223346BA
:107200001CF016FF3EE0D5494218D5498A4214D2F7
:107210001DF090FB002233461CF00AFFCDE900016F
:10722000D0A207210598F9F767F9206F1DF082FBBE
:10723000002233461CF0FCFE38E04219424511D2D0
:107240001DF0F0FC0346C2A207210598F9F754F996
:10725000206F1DF0E7FC0346BDA207210498F9F753
:107260004BF92AE000EB090159450ED21DF062FBF3
:10727000CDE90001B3A207210598F9F73DF9206F88
:107280001DF058FBAFA212E047E010F1FF4F14D2FF
:10729000504512DA1DF04EFBCDE90001B1A20721E5
:1072A0000598F9F729F9206F1DF044FBADA2CDE94F
:1072B000000107210498F9F71FF9A849E06F494236
:1072C000884202DA421942450AD21DF0ABFC1DF099
:1072D000E1FC06991DF0C8FB1DF02CFB9CA215E0FB
:1072E00000EB0901594506D206991DF0BDFB1DF0C2
:1072F00021FB94A20AE010F1FF4F0DD250450BDAAA
:1073000006991DF0B1FB1DF015FB96A2CDE9000119
:1073100007210798F9F7F0F85DE1616FA0681DF0AB
:1073200035FBA060216FE0681DF030FBE060E16E8E
:1073300020691DF02BFB20612046FDF795FA606F58
:107340006061E079401CC0B2E0710328E4D31DF015
:10735000A1FC0746394620691DF086FB009039469E
:10736000E0681DF081FB02903946A0681DF07CFBAF
:1073700007461BF03FFF88B31BF0FEFF02282ED309
:107380007A4A04F1A000117803900C380890183064
:10739000019051B10020107008980AF0D3FB0398B7
:1073A0000AF0D0FB01980AF0CDFB394608980AF0A4
:1073B000FCFBDDE902100AF0F8FBDDE900100AF041
:1073C000F4FB01980AF0D4FB009008980AF0D0FB77
:1073D000074603980AF0CCFB029003E0FFE76348FE
:1073E000012101702046FEF7D5FA002879D10098D6
:1073F0001DF0A0FACDE9000152A206210998F9F783
:107400007BF8524887420DDB4FF47A76334650A220
:1074100007210598F9F770F802981DF003FCB0FBFE
:10742000F6F345E04B4839184B48814215D23846AF
:107430001DF080FA002233461CF0FAFDCDE9000170
:1074400040A207210598F9F757F802981DF072FA43
:10745000002233461CF0ECFD41E04048391840481A
:10746000814215D238461DF065FA002233461CF0E1
:10747000DFFDCDE900013BA207210598F9F73CF8B3
:1074800002981DF057FA002233461CF0D1FD3BE074
:107490007919414512D238461DF0C4FB03462CA28F
:1074A00007210598F9F728F802981DF0BBFB034661
:1074B00027A207210498F9F71FF82CE007EB090031
:1074C00058450FD238461DF035FACDE900011DA20E
:1074D00007210598F9F710F802981DF02BFA19A268
:1074E00013E073E017F1FF4F15D2574513DA384612
:1074F0001DF020FACDE900011AA207210598F8F73E
:10750000FBFF02981DF016FA16A2CDE90001072133
:107510000498F8F7F1FF1149E06F4942884227E0EB
:1075200000002041CDCCCCCCCCCCFC3F0000404076
:1075300000000C4300408F40000086BB0040A201C9
:10754000000038BD25352E31660000000024744946
:107550002535640000B03CB800D4B00100C0E3B9E8
:107560000010A70125352E32660000004858002083
:1075700002DA421942450BD21DF054FB1DF08AFB82
:1075800006991DF071FA1DF0D5F9AFF23C0217E033
:1075900000EB0901594507D206991DF065FA1DF067
:1075A000C9F9AFF260020BE010F1FF4F0ED2504567
:1075B0000CDA06991DF058FA1DF0BCF9AFF25C0226
:1075C000CDE9000107210798F8F796FF0020E07148
:1075D000A060E06020610BB0BDE8F04F19F034B856
:1075E0000BB0BDE8F08F000010B500281AD00E488F
:1075F000342100F8451F062141708170F521C170CA
:107600000021017179214171082100F8421C0648CE
:10761000453006F0CBFF19F00FF8BDE810401320FD
:1076200019F036B810BD00007C56002010B50028B7
:1076300024D01348342200F8452F1022427006222D
:1076400082702022C2700022027102224271042242
:1076500082710A0AC27101720A0E4272090C8172A9
:107660000D2100F8421C0648453006F09FFF18F037
:10767000E3FFBDE810400B2019F00AB810BD000070
:107680007C5600200C4810B5342100F8451F03211A
:107690004170062181700021C17001710A21417180
:1076A000082100F8421C0448453006F07FFFBDE881
:1076B00010400C2018F0ECBF7C56002010B50028BC
:1076C0001BD00E48342100F8451F032141700621CC
:1076D0008170D021C170002101710F2141710821F9
:1076E00000F8421C0548453006F060FF18F0A4FF82
:1076F000BDE81040082018F0CBBF10BD7C5600201C
:1077000010B500281BD00E48342100F8451F032176
:10771000417006218170C021C170002101710F21CB
:107720004171082100F8421C0548453006F03EFF33
:1077300018F082FFBDE81040022018F0A9BF10BD6C
:107740007C56002010B5002818D00D48342100F8D0
:10775000451F03214170062181700021C170017114
:107760000A214171082100F8421C0548453006F005
:107770001DFFBDE81040042018F08ABF10BD0000B6
:107780007C56002010B500281AD00E483421222241
:1077900000F8451F0321417006218170C27000224C
:1077A00002714171082100F8421C0648453006F07C
:1077B000FDFE18F041FFBDE81040162018F068BF2C
:1077C00010BD00007C56002010B5002819D00D48CF
:1077D000342200F8452F062242708270F422C270D3
:1077E0000A0A02714171082100F8421C054845301F
:1077F00006F0DCFE18F020FFBDE81040132018F062
:1078000047BF10BD7C56002010B5002827D0144A71
:1078100040F86C1F342102F8451F102151700621D9
:1078200091702421D1700021117102215171042124
:1078300091714178D17101781172C178517280785B
:10784000907207480D2102F8421C453006F0AEFE4A
:1078500018F0F2FEBDE81040122018F019BF10BD5C
:107860007C56002010B5002824D01348342200F89C
:10787000452F10224270062282702822C2700022F8
:10788000027102224271042282710A0AC2710172DB
:107890000A0E4272090C81720D2100F8421C064842
:1078A000453006F083FE18F0C7FEBDE810400B20FF
:1078B00018F0EEBE10BD00007C56002070B518F028
:1078C0000DFC694C0B2804F108056FD01FDC022861
:1078D00050D0042873D008286AD1A079042867D131
:1078E0000AF0E8F814F0E6F840795D2861D014F069
:1078F000E7F829461BF0E2FF14F0DCF840795D2838
:107900005AD014F0DDF8BDE87040FEF79EB90C289F
:1079100015D0122873D013284AD1E0799C2847D17A
:10792000207A512844D10AF0C5F814F03FFF03280B
:107930003ED1BDE87040012102200FF023B8A079AC
:10794000042835D15D20FDF7EBFD18F081FB14F024
:10795000B1F840795D280AD014F0B2F8294600F059
:1079600089F814F0A7F8BDE8704000F07BBA14F075
:10797000A1F8F3E7A079042869D1E0790C2866D151
:107980000AF098F814F096F840795D280BD014F0BE
:1079900097F80C2229461BF0A6FF14F08BF8BDE8DF
:1079A000704000F03DBA14F085F8F2E72BE006E0F5
:1079B0004DE014F07FF89CE714F07CF8A3E7A07981
:1079C000042844D1E079082841D10AF073F814F072
:1079D00071F840795D280FD014F072F8294600F054
:1079E00049F814F067F840795D2809D014F068F878
:1079F000BDE87040FEF722B914F05CF8EEE727E02E
:107A000014F058F8F4E7A079102820D1E0799C28E8
:107A10001DD10AF04FF814F0C9FE032801D05B28ED
:107A200015D1012102200EF0ADFF14F0C5FE8068D3
:107A30000E490069816014F0BFFE80680C4900693E
:107A4000C16014F0B9FE806804210069417170BD05
:107A5000E0799C28FBD10AF02DF814F0A7FE3E280F
:107A60003FF467AF70BD00007C560020BB5F02088A
:107A7000BF5F02082DE9F04F85B0040072D048784E
:107A800084F87400087884F87500C87884F8760063
:107A9000887884F87700487984F86C00087984F84D
:107AA0006D00C87984F86E00887984F86F0000252D
:107AB00025671BF08DFCA8B1E06E1CF03BFF8C4AE3
:107AC0008C4B1CF00DFD00228B4B1CF0F5F91CF0CB
:107AD000C1F98A49E066884203DC4FF0844188425C
:107AE00000DAE1662078DFF818B204F13801854E3B
:107AF000420704F12B0904F13108029147D520F027
:107B000004002070606F6061E06E1CF013FFCDE92F
:107B100000017DA206214846F8F7EEFC206F1CF01C
:107B200009FFCDE900017AA207214046F8F7E4FCFD
:107B3000606F58450ADB1DF075F80346029805B0E2
:107B400075A2BDE8F04F0721F8F7D6BC734988420B
:107B500009DB1DF067F803466FA206210298F8F7CB
:107B6000CBFC10E010E06E49884203DB1CF0E2FE23
:107B70006CA202E01CF0DEFE63A2CDE90001072149
:107B80000298F8F7B9FC357005B0BDE8F08F616F69
:107B9000A0681CF0FBFEA060216FE0681CF0F6FE00
:107BA000E060E16E20691CF0F1FE20612046FCF7E8
:107BB0005BFE606F6061E079401CC0B2E071032839
:107BC000E2D31DF067F80746394620691CF04CFFE8
:107BD00001903946E0681CF047FF03903946A068E1
:107BE0001CF042FF07461BF005FBDFF840A188B3FD
:107BF0001BF0C2FB02282ED39AF8001004F1A0005B
:107C0000049052460C3804F1AC0A009049B115704A
:107C1000009809F097FF049809F094FF504609F086
:107C200091FF3946009809F0C0FFDDE9031009F023
:107C3000BCFF5046019909F0B8FF504609F098FF83
:107C40000190009809F094FF0746049809F090FF0E
:107C5000039003E0FFE701218AF800102046FDF7BA
:107C600099FEA0BB01981CF065FECDE9000126A29B
:107C700006214846F8F740FC03981CF05BFECDE96E
:107C8000000123A207214046F8F736FC5F4509DBD7
:107C9000606F1CF0C7FF03461FA207210298F8F788
:107CA0002BFC1FE01D48874209DB38461CF0BAFF59
:107CB000034619A206210298F8F71EFC11E01848A5
:107CC0008742384604DB1CF035FE16A203E009E0CB
:107CD0001CF030FE0CA2CDE9000107210298F8F754
:107CE0000BFC3570E571A560E56025614CE700008F
:107CF000CDCCCCCCCCCCFC3F0000404000000C43B1
:107D000000401C468458002025352E3266000000B5
:107D100025362E32660000002564000000007A44FB
:107D20000000C84225352E3166000000485800206A
:107D300010B500281BD00E485D2100F8451F062114
:107D400041709C2181705121C1700021017101217C
:107D50004171082100F8421C0548453006F026FC18
:107D600018F06AFCBDE81040132018F091BC10BD5B
:107D70007C5600201CB50C46002832D0684606F020
:107D8000C3F9DDE9000109F075FF164A5D2102F82B
:107D9000451F102151709C2191705B21D1700021F1
:107DA00011710421517108219171010AD171107270
:107DB000010E5172000C9072200AD0721473200EC2
:107DC0005073200C90730748112102F8421C453073
:107DD00006F0ECFB18F030FCBDE81C400B2018F05E
:107DE00057BC1CBD7C5600200C4810B55D2100F826
:107DF000451F04214170752282706922C2700022E1
:107E000002714171082100F8421C0448453006F017
:107E1000CDFBBDE810400C2018F03ABC7C56002089
:107E200010B500281BD00E485D2100F8451F042125
:107E30004170752181704521C170002101710121BE
:107E40004171082100F8421C0548453006F0AEFBA0
:107E500018F0F2FBBDE81040082018F019BC10BD66
:107E60007C56002010B500281BD00E485D2100F87C
:107E7000451F04214170752181703021C17000219E
:107E8000017106214171082100F8421C0548453066
:107E900006F08CFB18F0D0FBBDE81040022018F073
:107EA000F7BB10BD7C56002010B5002818D00D4837
:107EB0005D21752200F8451F0421417082706922FE
:107EC000C270002202714171082100F8421C05486D
:107ED000453006F06BFBBDE81040042018F0D8BB1D
:107EE00010BD00007C56002010B5002827D0144A91
:107EF00040F86C1F5D2102F8451F102151709C2134
:107F000091705921D1700021117102215171042108
:107F100091714178D17101781172C1785172807874
:107F2000907207480D2102F8421C453006F03EFBD6
:107F300018F082FBBDE81040122018F0A9BB10BD5C
:107F40007C56002072B6FEE7BC224FF44071014817
:107F500007F0C0BA147C002002464FF44861014883
:107F6000F8F73BBC045C002010B5094C00212170DF
:107F700002F08EFB0020FFF7EFFF012020700024AD
:107F800000F05AFA641CE4B2C82CF9D310BD00000A
:107F9000705600202DE9FF5F9B46DDF838801546BE
:107FA0000646A0281FD20198A0281CD20024DFF882
:107FB0005890DFF858A022E0600701D115F8017B46
:107FC000134804F00701405C384210D1B8F1000FAB
:107FD00010D09AF800203046019900F03BF8761C4A
:107FE000F6B2A02E09D3002004B0BDE8F09FB8F18E
:107FF000000FEED099F80020EDE7641CE4B25C4578
:10800000DAD30120F0E70000150000201400002062
:10801000455102082DE9F84F00251F4614460E462B
:108020008246A946DDF8288010E03B4622463146CC
:108030005046CDF80090FFF7ADFF761CF6B204EB8A
:10804000D704780700D0641C6D1CEDB24545ECD315
:10805000BDE8F88F30B5A02801D2A02901D30020B7
:1080600030BD0A4BD50701EB810100F00702084C37
:1080700003EB810101EBD000A25C017801D0114338
:1080800000E091430170012030BD0000045C00203D
:10809000117302082DE9FC5F8046DDE90C541E4691
:1080A00091460F4610462D2A68D00BDCA2F1200025
:1080B0000C2813D2DFE800F047741212125B121280
:1080C0008188126D3A2846D004DC2E283DD02F2A14
:1080D00004D146E03F2856D0402A68D03F4AA9F153
:1080E000610102EB091BABF560708246192906D8C5
:1080F000CDE9005402463946404600F073F8A9F134
:108100003000092808D8CDE90054ABF52C7233466D
:108110003946404600F066F8A9F14100192808D810
:10812000CDE90054ABF5487233463946404600F07D
:1081300059F8B9F17A0F4FD952463346CDE9005478
:108140003946404646E0254AF8E7244ACDE900543E
:10815000103240463EE0214ACDE9005420324046EC
:1081600038E01E4ACDE900543032404632E01B4A26
:10817000CDE900544032394640462BE0CDE9005469
:10818000174A404626E0164ACDE9005420324046C0
:1081900020E0134ACDE9005410323946404619E038
:1081A0000F4ACDE9005430323946404612E00C4ABD
:1081B000CDE90054603240460CE0094ACDE9005454
:1081C00040323946404605E0054ACDE90054503278
:1081D0003946404600F006F8BDE8FC9F1600002036
:1081E000460400202DE9F84F1F46DDE90A981446A1
:1081F0000E468246002510E03B4622463146504658
:10820000CDF80080FFF7C6FE761CF6B204EBD7046B
:10821000780700D0641C6D1CEDB24D45ECD3BDE871
:10822000F88F00002DE9FF4F83B01E46DDE911985D
:10823000DDF840B01500074617D017484FF000048E
:10824000854215D1DFF854A00DE0CDE90098295DF5
:1082500007EB04100AEB4112C0B25B460499FFF72A
:10826000C1FF641CE4B2B442EFD307B0BDE8F08FA5
:10827000DFF82CA00DE0CDE90098295D07EB041094
:108280000AEB4112C0B25B460499FFF7ABFF641CD6
:10829000E4B2B442EFD3E8E7227202087E2F002056
:1082A000FE0900202DE9FF4F83B01E46DDE911983D
:1082B000DDF840B01500074613D00024DFF828A0F1
:1082C0000DE0CDE90098295D07EB04100AEB41129F
:1082D000C0B25B460499FFF785FF641CE4B2B44268
:1082E000EFD307B0BDE8F08F7E2F00202DE9FC47CB
:1082F0009846DDE90A761400894605460DD009E066
:10830000CDE90076434649462846FFF7C3FE0835C7
:10831000EDB2641C2278002AF2D1BDE8FC8700008F
:108320007CB5202ADDE9065413D02D2A15D02E2A3B
:108330000BD0A2F13006092E15D8CDE900540A4C15
:1083400004EB8212A2F53C620BE0CDE90054064A30
:1083500007E0CDE90054054A03E0044ACDE90054A2
:108360004032FFF73FFF7CBDB604002076070020B7
:108370002DE9FC479846DDE90A7614008946054652
:108380000DD009E0CDE90076434649462846FFF77F
:10839000C7FF1035EDB2641C2278002AF2D1BDE887
:1083A000FC8700007CB5202ADDE9065415D02D2A73
:1083B00017D02E2A0DD0A2F13006092E17D8CDE9FC
:1083C00000540B4C02EB820204EBC202A2F5EB62FA
:1083D0000BE0CDE90054064A07E0CDE90054054A18
:1083E00003E0044ACDE900542832FFF7FBFE7CBDD0
:1083F000F6070020AE0900202DE9FC479846DDE98C
:108400000A761400894605460DD009E0CDE90076CC
:10841000434649462846FFF7C5FF0B35EDB2641CBD
:108420002278002AF2D1BDE8FC870000014A1070D2
:1084300051707047140000202DE9F0411A4D287842
:1084400000282ED0688868B918486860602007F056
:1084500091F9702007F08EF9052007F08BF91220B2
:1084600007F088F9002414264FF448682746696805
:1084700011F8010B696007F03FF96888401C80B271
:10848000B0FBF6F1688006FB110010B9002007F080
:10849000A3F96888404500D16F80641CA4B2142CF5
:1084A000E5D3BDE8F081000070560020045C002098
:1084B00070B58820FAF7FEFC04468920FAF7FAFC2A
:1084C00004EB0020384C20808A20FAF7F3FC0546A4
:1084D0008B20FAF7EFFC05EB002060808C20FAF788
:1084E000E9FC05468D20FAF7E5FC05EB0020A080AD
:1084F0008E20FAF7DFFC05468F20FAF7DBFC05EB50
:108500000020E0809020FAF7D5FC05469120FAF78C
:10851000D1FC05EB002020819220FAF7CBFC054628
:108520009320FAF7C7FC05EB002060819420FAF74E
:10853000C1FC05469520FAF7BDFC05EB0020A081A3
:108540009620FAF7B7FC05469720FAF7B3FC05EB3F
:108550000020E0819820FAF7ADFC05469920FAF753
:10856000A9FC05EB002020829A20FAF7A3FC05461F
:108570009B20FAF79FFC05EB002060829C20FAF715
:1085800099FC05469D20FAF795FC05EB0020A0829A
:108590009E20FAF78FFC05469F20FAF78BFC05EB2F
:1085A0000020E08270BD0000EC5B002001484088A4
:1085B0007047000094580020014800887047000070
:1085C000945800200148C08870470000945800204B
:1085D000014800687047000088580020F8B5002462
:1085E000009490F848202546012A12D0012280F8F4
:1085F00048204A681F23072A0DD20668376C521E8E
:1086000002EB820293409F430B6893401F43376401
:1086100035E00220F8BD0D2A0BD20668F76BD21F99
:1086200002EB820293409F430B6893401F43F76322
:1086300025E0132A0BD20668B76B0D3A02EB8202D3
:1086400093409F430B6893401F43B76317E006684E
:10865000192A0AD2776B133A02EB820293409F43A6
:108660000B6893401F43776309E0376B193A02EBBD
:10867000820293409F430B6893401F4337630A680D
:1086800007260A2A0AD203685F6902EB4202964073
:10869000B7438E68964037435F6125E0142A0BD2BA
:1086A00003681F690A3A02EB42029640B7438E689C
:1086B000964037431F6117E003681D2A0AD8DF6818
:1086C000143A02EB42029640B7438E689640374315
:1086D000DF6009E0DF6D1E3A02EB42029640B743CD
:1086E0008E6896403743DF650A68102A01D0112A48
:1086F00017D10E4A13681B0213D4136843F4000306
:108700001360096810290CD109490A4A0968B1FBAC
:10871000F2F101EB8101490000E0491E00910029BE
:10872000FBD180F848502046F8BD000004270140E6
:108730001000002040420F000068806D704700006C
:10874000F8B504004FF0000503D0E06C002610B12E
:1087500010E00120F8BD2665564884F8486001689D
:1087600041F001010160006800F001000090204626
:1087700000F0AAF8E06CC00671D4E06C20F48850D8
:1087800040F00200E0644C480168626821F4403126
:10879000114301606169E0684FF40073084394F885
:1087A0003C2093FAA3F3B3FA83F3216A9A4011436E
:1087B0000843022194F824C091FAA1F1B1FA81F1A1
:1087C0000CFA01F10843616B102902D0A26B11432E
:1087D0000843226811684FF4807EC943490620D5BA
:1087E000A169E3690843A1682769194373469F4259
:1087F00002D0012F00D00023194394F82C30012B14
:108800000AD1BCF1000F2BD0E36C43F02003E364EA
:10881000236D43F0010323655368284F3B400B430E
:10882000536021688A68264B1A4002438A60216996
:10883000714522D0012920D021680A6B22F0F872FC
:108840000A63216889681F4A1140814225D1266543
:10885000E06C20F0020040F00100E06428E026E037
:108860004FF46047236B97FAA7F7B7FA87F75B1EB9
:10887000BB400B4343F40061CEE721680A6B4FF025
:10888000F87722F0F873A26A97FAA7F7B7FA87F792
:10889000521EBA4013430B63D3E7E06C20F0020092
:1088A00040F01000E064206D40F0010020650125DB
:1088B0002846F8BD2038024004270140FF16FCFC82
:1088C00089F1FFC0FEFF80BF10B586B004461421B9
:1088D0006846F7F7ACFF1249206888421DD111485D
:1088E000016841F400710160006800F400700590B7
:1088F0000C48001F016841F01001016000686946E2
:1089000000F0100005904FF480700090032001905B
:1089100000200290044800F0E9F906B010BD000004
:108920000024014020380240001002402DE9F041AF
:10893000044600680D4681684FF0000749050BD5D5
:108940008068C00508D5E06C40F02000E06484F841
:1089500048700120BDE8F08100F0BCFA064613E043
:10896000681C11D025B100F0B5FA801BA8420BD9C4
:1089700020680068800707D4E06C40F00400E064E1
:1089800084F848700320E5E7206800688007E7D591
:10899000A06918B921686FF012000860E06C40F41B
:1089A0000070E0642068816811F0405F14D194F891
:1089B000241089B9016B11F0F87F02D0806840055E
:1089C0000AD4E06C20F48070E064E06CC00403D44E
:1089D000E06C40F00100E0640020BBE710B5044605
:1089E00090F84800012822D0012084F84800204651
:1089F000F9F7F6FD00281BD1E16C40F201629143CA
:108A000041F48071E16421684A68520505D5E26C41
:108A100022F4005242F48052E264E26CD3044FF03C
:108A2000000206D5236D23F00603236502E0022031
:108A300010BD226584F848206FF022020A60216888
:108A40008A6812F0405FF3D18A6842F080428A60FF
:108A500010BD10B5044690F84800012807D0012049
:108A600084F848002046F9F791FD10B107E0022094
:108A700010BDE16C21F4885141F00101E164002155
:108A800084F8481010BD10B590F82110002202297A
:108A900005D00421816380F82020012010BD0168E9
:108AA0000B6823F00E030B6001680B6823F00103D1
:108AB0000B6090F84010012401F01C0304FA03F14C
:108AC000C36B596080F8214080F82020104610BD0B
:108AD00010B590F821100024022903D004218163ED
:108AE00001241AE001680A6822F00E020A60016897
:108AF0000A6822F001020A6090F84010012301F098
:108B00001C0203FA02F1C26B516080F8213000218F
:108B100080F82010416B01B18847204610BD806B62
:108B20007047F0B4C16B0B6801680A6890F8404068
:108B3000042504F01C0405FA04F61E4211D0560761
:108B40000FD50A68920603D40A6822F004020A606C
:108B500090F8401001F01C018D40C16B4D60C16A5E
:108B60001DE0022606FA04F71F424FF0000C4FF0FA
:108B7000010518D0970716D50A68920605D40A6829
:108B800022F00A020A6080F8215090F8401001F0AB
:108B90001C018E40C16B4E6080F820C0816A0029A4
:108BA0001AD0F0BC08470826A6401E4214D012076F
:108BB00012D50A6822F00E020A6090F84010C26BCB
:108BC00001F01C0105FA01F15160856380F8215024
:108BD00080F820C0016BE2E7F0BC704730B560B1AF
:108BE0001A4B01681422994209D2194B0B44B3FB6A
:108BF000F2F292000264174A0AE0012030BD134BE2
:108C00005B420B44B3FBF2F2920002640F4A083A53
:108C1000C263022280F821200A6847F6F0739A4363
:108C2000F0E901342343D0E902452C43234304698E
:108C30002343446923438469234313430B60002186
:108C40004163012242770177084630BD0864024043
:108C5000F89FFDBF0060024070B5044690F8200008
:108C6000002501280CD0012084F8200094F8216010
:108C70000020012E06D084F820000225284670BD71
:108C8000022070BD022684F82160A0632068066877
:108C900026F0010606602046FCF72AFCE06A002860
:108CA0002068016802D041F00E0106E021F00401C5
:108CB00001602068016841F00A01016020680168D4
:108CC00041F001010160D9E770B5044600F002F9F6
:108CD0000546601C02D004484068044400F0FAF8DD
:108CE000401BA042FAD370BD040000202DE9F84FCC
:108CF000DFF89491002209F1040A0AF1040B03271A
:108D00004FF00F0C0BF1040EB6E0012595402B40FF
:108D100073D00C7904F00304012C01D0022C15D17E
:108D20008668540007FA04F826EA0806D1F80C8091
:108D300008FA04F848EA0608C0F808804468AC431A
:108D40000D79C5F300159540254345600C79E44342
:108D5000A40708D0C568540007FA04F6B5438E6826
:108D6000A6402E43C6600C7904F00304022C11D1F6
:108D7000D40800EB8406356A5407E40E0CFA04F8B4
:108D800025EA0805D1F8108008FA04F848EA050831
:108D9000C6F820800568540007FA04F6B5430E793A
:108DA00006F00306A6402E4306604C6814F4403FCC
:108DB00061D0364C256845F001052560246822F015
:108DC000030504F001040094314C05EB0408D8F8C5
:108DD00008509407260F0CFA06F4A5432D4CA04228
:108DE00001D100241FE02C4CA04201D101241AE043
:108DF0002A4CA04202D1022415E03CE0284CA042BB
:108E000001D103240FE0274CA04201D104240AE041
:108E1000254CA04201D1052405E0244CA04201D1FB
:108E2000062400E00724B4402C43C8F80840D9F8D1
:108E300000404D464E689C43F60300D51C432C6011
:108E4000DAF8004055464E689C43B60300D51C43F3
:108E50002C60DBF800405D464E689C43F60200D56E
:108E60001C432C60DEF8004075464E689C43B602F9
:108E700000D51C432C60521C0B6833FA02F47FF4BB
:108E800044AFBDE8F88F00000004014020380240E4
:108E900000000140000002400004024000080240BF
:108EA000000C024000100240001402400018024072
:108EB0000069084000D001207047426921EA02039E
:108EC0000A4043EA0241816170470AB181617047FB
:108ED0000904FBE701488068704700000400002097
:108EE00070B5040011D021684CF6CC4008602168B0
:108EF00045F255500860D4E9000141602168A0683E
:108F00008860FFF7E7FF05460CE0012070BDFFF722
:108F1000E1FF401B2A2805D92068C068800701D0DE
:108F2000032070BD2068C0688007F0D121684AF630
:108F3000AA200860002070BD00684AF6AA210160DE
:108F40000020704702488168426811448160704780
:108F50000400002010B50024032000F079F80F2051
:108F600000F008F808B1012401E000F025F82046DF
:108F700010BD000070B50E4E05460024706898B113
:108F80004FF47A71B1FBF0F00A490968B1FBF0F0D7
:108F900000F03DFD40B9102D06D200222946501E9A
:108FA00000F036F8356000E00124204670BD000076
:108FB00004000020100000200D4808B5016841F0B1
:108FC00000410160016801F000410091011F0A6841
:108FD00042F001020A60096801F001010091016894
:108FE00041F080510160006800F08050009008BDA1
:108FF00024380240002809DB00F01F0201219140C3
:109000004009800000F1E020C0F800117047000026
:10901000F0B40E4B1B68C3F30223C3F10704042C06
:1090200000D904241D1D072D01D2002300E0DB1E02
:10903000012606FA04F56D1E0D409D409E40761EE9
:10904000164045EA0601F0BC06F00CBC0CED00E051
:10905000064A00F0070110684FF6FF03184040EA87
:109060000120034908431060704700000CED00E048
:109070000000FA05BFF34F8F05480168054A01F467
:10908000E06111430160BFF34F8F00BFFDE70000B7
:109090000CED00E00400FA05704700002DE9F047F0
:1090A0000E46040076D0DFF88081D8F8000000F08A
:1090B0000100B04214D2012E05D1D8F8001041F0C1
:1090C0000401C8F80010D8F8001021F00101314364
:1090D000C8F80010D8F8000000F00100B0427DD1BF
:1090E0002078524F800705D53868A16820F0F0003D
:1090F000084338602078C00759D04C496068083967
:1091000002281AD003281BD0096801281BD0890522
:10911000002963DA396821F0030101433960FFF760
:10912000D9FE0546606841F28831022813D0032831
:109130001ED00128894627D035E009688903E7E772
:1091400009688901E4E78907E2E7FFF7C3FE411BED
:10915000494501D924E089463868C0F381000228D6
:10916000F3D124E0FFF7B6FE411B494501D917E0D2
:1091700089463868C0F381000328F3D117E0FFF770
:10918000A9FE411B49450BD83868C0F3810001286E
:10919000F5D10CE022E0FFF79DFE411B494502D9C5
:1091A0000320BDE8F087386810F00C0FF3D1D8F831
:1091B0000010404601F00101B14211D9012E03D146
:1091C000016841F004010160016821F001013143AF
:1091D0000160006800F00100B04201D00120E0E72A
:1091E0002078400705D53868E16820F4E06008433E
:1091F00038602078000706D53868216920F460506F
:1092000040EAC100386000F03FF83968084AC1F30D
:109210000311515CC8400749086007480068BDE871
:10922000F047FFF7A7BE0000003C024008380240AC
:109230002D510208100000200400002001490120E7
:1092400008677047000047420448054900680968FC
:10925000044AC1F30221515CC8407047100000204D
:10926000083802403D510208044805490068096871
:10927000044AC1F3C221515CC8407047100000206D
:10928000083802403D51020870B5154D296815484F
:1092900001F00C02042A0CD04410082A0AD00C2A2F
:1092A0000AD0281F0068C0F342314FF40040491C27
:1092B000884070BD204670BD0B4AC1F38343D35C28
:1092C000C1F381522968521CC90302D5A3FB0401D2
:1092D00001E0A3FB00010023F7F796F870BD000042
:1092E000083802400024F40024510208054810B553
:1092F0000068000605D5FFF7CFFE02498020891CD3
:10930000087010BD0C3802402DE9F84F04007BD0E6
:10931000F6480168006801F00C0600F4803B2078F4
:10932000F34DC0073FD0082E12D00C2E02D1BBF552
:10933000803F0DD06068012811D008B1052818D0F1
:10934000286820F480302860286820F4802009E014
:109350002868800327D560680028D8D023E02868D3
:1093600040F480302860606888B1FFF7B3FD07469D
:1093700009E0286840F480202860F0E7FFF7AAFDA4
:10938000C01B642879D828688003F7D50BE0FFF765
:10939000A1FD074604E0FFF79DFDC01B6428F1D83E
:1093A00028688003F7D42078DFF8488380074FF0DF
:1093B00001094FF0000A36D5042E0CD00C2E02D134
:1093C000BBF1000F07D0E068F8B1C8F80090FFF7D4
:1093D00081FD07460BE0286880070BD5E06801286F
:1093E00012D107E0FFF776FDC01B0228CAD8286813
:1093F0008007F7D5BD48001F0168226921F4F851A4
:1094000041EA022101600EE06CE1C8F800A0FFF71C
:1094100061FD074604E0FFF75DFDC01B0228B1D8DF
:1094200028688007F7D42078C00672D53EB1A069BD
:10943000F0B3C8F82090FFF74DFD07464AE02868D2
:10944000800502D5A069002887D0A84F206A3F1F59
:10945000396801F46041884210D904F0BBFD00284E
:10946000BED13868216A20F4604008433860217F0B
:10947000386861F31F6038600FE0A4E0396821F4B8
:10948000604101433960217F386861F31F603860B3
:10949000206A04F09FFD0028A2D1216A4FF4004009
:1094A00009EB5131884091490968C1F3031100E08B
:1094B00021E0914A515CC84090490860904800689A
:1094C000FFF758FD00287DD123E0FFF703FDC01B07
:1094D000022878D828688005F7D58448001F0168DD
:1094E000226A21F4604111430160227F016862F326
:1094F0001F6101600DE0C8F820A0FFF7EBFC0746F4
:1095000004E0FFF7E7FCC01B02285CD82868800550
:10951000F7D420787B4F000721D57B48616979B16A
:10952000C0F80090FFF7D6FC834605E0FFF7D2FCB9
:10953000A0EB0B00022846D838688007F6D50EE06D
:10954000C0F800A0FFF7C6FC834605E0FFF7C2FCA9
:10955000A0EB0B00022836D838688007F6D42078B4
:1095600040076AD500200090664810380068C000A7
:109570000AD464481038016841F0805101600068E5
:1095800000F080500120009060480168C90511D4A6
:10959000016841F480710160FFF79CFC834605E09F
:1095A000FFF798FCA0EB0B0064280CD85748006824
:1095B000C005F5D5A06801280DD008B1052814D044
:1095C000386801E075E073E020F480703860386836
:1095D00020F4806002E0386840F480703860A06851
:1095E000A0B1FFF777FC83460CE0386840F4806058
:1095F0003860F0E7FFF76EFCA0EB0B0141F288301A
:10960000814255D838688005F4D50EE0FFF762FC3A
:10961000834607E0FFF75EFCA0EB0B0141F28830C8
:10962000814245D838688005F4D4009828B135487F
:109630001038016821F080510160606A90B30C2EEF
:109640003DD00228504605D0C8F86000FFF742FC24
:10965000044630E04746C8F86000FFF73BFC06468A
:1096600004E0FFF737FC801B022821D8286880011E
:10967000F7D4D4E90A1001431C48226B036823F491
:109680007D031A4311430160C7F86090FFF722FC85
:10969000044604E0FFF71EFC001B022808D82868D7
:1096A0008001F7D520E0FFF715FC001B022802D946
:1096B0000320BDE8F88F28688001F4D414E0012865
:1096C000F7D00A480068A26A00F48031914209D1BB
:1096D000E26A00F47011914204D1216B00F4400061
:1096E000884201D00120E4E70020E2E70838024088
:1096F00000380240000047422D51020810000020AF
:1097000004000020343802408006474200700040C8
:1097100070B5040009D0606A002540B1256165611B
:10972000A56294F8510040B10CE0012070BD606862
:10973000B0F5827FF4D0E561F2E784F8505020461E
:1097400000F044F8022084F851002068016821F0FC
:1097500040010160A088218900F4827001F4044175
:109760000843A18901F400610843217C01F0020152
:109770000843217D01F001010843218B01F40071B0
:109780000843217F01F03801084394F8201001F0CC
:1097900080010843218D01F40051084321680860CD
:1097A000A069042101EA104094F8241001F010018E
:1097B0000843216848602068C16921F40061C161E3
:1097C0006565012084F85100002070BD10B586B099
:1097D000044614216846F7F72AF81349206888429E
:1097E00020D11248016841F480510160006800F402
:1097F000805005900D48001F016841F00201016092
:109800000068694600F002000590382000900220B0
:10981000019000200290032003900520049004484A
:10982000FFF764FA06B010BD003001402038024056
:10983000000402402DE9F84F044690F8500001253D
:109840000A9E1F4692468B464FF0000801280ED014
:10985000012084F85000FFF73DFB814694F8510049
:10986000616801280CD0B1F5827F07D102E00220A7
:10987000BDE8F88FA16809B9042801D00220B6E03C
:10988000BBF1000F27D0BAF1000F24D01FB394F81A
:109890005100042802D0052084F8510000206065A2
:1098A000C4F838A0E787A787C4F830B0E786A78652
:1098B0002064606420680168490603D4016841F0AF
:1098C00040010160E068B0F5006F606805D0E8B362
:1098D000012F43D079E0012089E008B1012F34D174
:1098E000206B21680088C860206B801C2063E08E9C
:1098F000401EE08629E02068816889070DD5E18E49
:1099000059B1012D09D1216B0988C160206B801CE0
:109910002063E08E401EE086002520688168C9072C
:109920000BD0E18F49B1C068A16B0880A06B801C8F
:10993000A063E08F401EE0870125FFF7CBFAA0EB84
:109940000900B04201D3701C50D100E006E0E08E67
:109950000028D0D1E08F0028CDD13CE0206B2168D9
:1099600000780873206B401C2063E08E401EE08668
:109970002BE02068816889070DD5E18E59B1012D52
:1099800009D1216B09780173206B401C2063E08EA4
:10999000401EE086002520688168C9070BD0E18F52
:1099A00049B1C068A16B0870A06B401CA063E08F38
:1099B000401EE0870125FFF78DFAA0EB0900B042B9
:1099C00002D3701C01D011E086B1E08E0028D0D106
:1099D000E08F0028CDD14A463146204604F0BAFB3C
:1099E00038B120204FF00108606508E00320804670
:1099F00005E0A06818B92068C1688068009001205F
:109A000084F85100002084F85000404630E710B53B
:109A1000401EB0F1807F01D3012010BD4FF0E02443
:109A200060610F21601705F01DFF0020A061072075
:109A30002061002010BD000070B590F83820012A88
:109A400026D0012580F83850022280F8392002689B
:109A50005368946823F070060B68334353600268C0
:109A6000B2F1804F08D00B4B9A4205D00A4B9A4274
:109A700002D00A4B9A4204D1496824F0800319436A
:109A8000916080F83950002180F83810084670BD88
:109A9000022070BD000400400008004000080140A2
:109AA00010B5040003D094F8390010B107E001208C
:109AB00010BD002084F83800204600F017F802207E
:109AC00084F83900211D206804F080FE012084F80C
:109AD0003E0084F83A0084F83B0084F83C0084F8A7
:109AE0003D0084F83900002010BD000008B5006872
:109AF000B0F1804F12D10A48016841F001010160C4
:109B00000068002200F00100009005211C20FFF7F2
:109B10007FFABDE808401C20FFF76CBA08BD0000C2
:109B20002438024090F83910012901D001207047F3
:109B3000022180F839100168CA6842F00102CA6047
:109B40000068B0F1804F08D00949884205D0094922
:109B5000884202D00849884204D1816801F0070197
:109B6000062903D0016841F001010160002070471F
:109B700000040040000800400008014070B50446A1
:109B800090F83800012817D0012584F838500220B9
:109B900084F839002068826822F0770222F47F423C
:109BA00082600868502830D00DDC20284DD005DCBC
:109BB00098B310283BD148E0022070BD302844D033
:109BC000402834D139E0602828D0702806D0B0F57C
:109BD000805F2CD0B0F5005F29D10AE0CB68D1E9D5
:109BE0000121206804F034FE2068816841F077018B
:109BF00009E0CB68D1E90121206804F029FE206842
:109C0000816841F48041816011E0CA684968206838
:109C100004F030FE5021206807E016E0CA68496869
:109C2000206804F038FE6021206804F01BFE84F8F0
:109C30003950002084F8380070BDCA68496820682F
:109C400004F018FE40212068EFE722680146104624
:109C5000EBE7704770B50446006801694FF00005F6
:109C6000C943890715D4C168C943890711D4E91EBE
:109C7000016101202076206880698007204602D09B
:109C8000FFF7E7FF04E000F078F8204600F076F8F0
:109C9000257620680169C943490717D4C168C943BB
:109CA000490713D46FF00401016102202076206877
:109CB000806910F4407F204602D0FFF7CAFF04E01D
:109CC00000F05BF8204600F059F82576206801691D
:109CD000C943090716D4C168C943090712D46FF0F4
:109CE00008010161042020762068C06980072046B1
:109CF00002D0FFF7AEFF04E000F03FF8204600F08E
:109D00003DF8257620680169C943C90617D4C168A2
:109D1000C943C90613D46FF01001016108202076F1
:109D20002068C06910F4407F204602D0FFF791FF01
:109D300004E000F022F8204600F020F825762068A4
:109D40000169C943C90708D1C168C943C90704D11A
:109D5000891E0161204600F012F820680169C9439C
:109D6000490609D4C168C943490605D46FF04001CA
:109D70000161204600F019F870BD7047704710B5BA
:109D80000068B0F1804F0FD107F0D6FE15F0C4F88F
:109D900014F04EFA06F000F807F0EAFF14F0E2FFC4
:109DA000BDE8104016F07ABC10BD7047704770B522
:109DB00004460068C16821F49071C160206841695F
:109DC00021F001014161206B012804D12068C168A4
:109DD00021F01001C160206841694FF0000549067B
:109DE0000FD5416921F040014161A06B48B1456345
:109DF000A06BFEF748FE20B1A06BFEF790FE202876
:109E000006D0E585202084F83E002563002070BD43
:109E100010202064032070BD704710B50446006810
:109E20000068C043C0060AD4204616F05DF92046FB
:109E300012F0C6F92046BDE8104007F00DBC10BD79
:109E4000F8B5026804461068D168536910F00F0F26
:109E50004FF0000553D003F0010601F4907737432B
:109E60005FD0C20705D0CA0503D5226C42F00102BB
:109E70002264420705D5DA0703D0226C42F00202C1
:109E80002264820705D5DA0703D0226C42F004026F
:109E90002264020707D501F02002324303D0226C6E
:109EA00042F008022264226C002A34D0800604D5D5
:109EB000880602D5204605F0F1F820684069216C3B
:109EC000C0F38010090700D430B3204605F0C5F870
:109ED0002068416949061BD5416921F04001416173
:109EE000A06BA8B158494163A06BFEF7F1FD0028B3
:109EF00011D0A06B416B01B0BDE8F040084783066C
:109F00000FD58B060DD52046BDE8F84005F0C6B844
:109F10002046FFF781FFF8BD2046FFF77DFF25644F
:109F2000F8BD266B2023012E52D1C60650D5CE0691
:109F30004ED5106850680090506940062AD5A16B34
:109F4000086840680004000CEAD0A68D8642E7D974
:109F5000E0858869202818D0D06820F48070D0600F
:109F60002068416921F0010141612068416921F0C7
:109F70004001416184F83E3025632068C16821F0CA
:109F80001001C160A06BFEF77EFDA08DE18D401A2F
:109F900081B219E0A08DE18D401A81B2E08D0028D8
:109FA000BED00029BCD0D06820F49070D06020686A
:109FB000426922F00102426184F83E302563206844
:109FC000C26822F01002C2602046FFF7EFFEF8BD23
:109FD00005062BD50D0629D594F83D002128F6D18C
:109FE000A068B0F5805F01D12069B0B1206A411C42
:109FF0002162216800784860E08C401E0004000C5B
:10A00000E084E4D12068C16821F08001C16020684B
:10A01000C16841F04001C160F8BD206A0088C0F30A
:10A0200008005060206A801C2062E5E74006F3D5F6
:10A030004806F1D5D168204621F04001D16084F86E
:10A040003D3000F085F9F8BD8DEF000870B50400D3
:10A0500004D094F83D00002510B106E0012070BD49
:10A0600084F83C50204600F023F8242084F83D007A
:10A070002068C16821F40051C160204605F06AF8EB
:10A080002068016921F4904101612068416921F053
:10A090002A0141612068C16841F40051C160256412
:10A0A000202084F83D0084F83E00002070BD0000B0
:10A0B0002DE9F04387B0044614216846F6F7B7FB54
:10A0C0005D4D206800265D490322072380274FF05D
:10A0D000020C4FF40059A84233D1081D056845F41D
:10A0E00080450560006800F480400590086840F0F5
:10A0F000010008600868029600F001000590500217
:10A10000CDE9000C69464E48CDE90323FEF7EEFD8C
:10A110004D4D4C48C5E90006C5E902672E616E61E8
:10A12000C5E906692846FEF759FD08B1FDF70AFFA3
:10A13000A5630022022125206C62FEF769FF25201D
:10A140003BE03E4DDFF80481083540453AD12868B0
:10A1500040F400302860286800F40030059008685A
:10A1600040F0080008600868029600F008000590BA
:10A170006020CDE9000C69463548CDE90323FEF7A0
:10A18000B5FD314D2F4844351430C5E90006C5E909
:10A1900002672E614FF440506E61C5E906602846A3
:10A1A000FEF71CFD08B1FDF7CDFEA56300220421DA
:10A1B00026206C62FEF72CFF2620FEF71BFF07B05F
:10A1C000BDE8F083DFF88C804045F8D1286840F482
:10A1D00080202860286800F480200590086840F0FE
:10A1E000040008600868029600F0040005904FF42F
:10A1F0004060CDE9000C69461748CDE90323FEF71E
:10A2000075FD114D0F4888352838C5E90006C5E9A8
:10A2100002672E616E61C5E906692846FEF7DEFC1D
:10A2200008B1FDF78FFEA5630022032127206C6291
:10A23000FEF7EEFE2720C0E7003801401C38024040
:10A240000000024058600240645A00200044004070
:10A25000000C0240004800400008024090F83E30E8
:10A26000202B0ED159B152B190F83C30012B08D0BF
:10A27000012380F83C300023036304F0F7BF012082
:10A2800070470220704710B5044615F051FF204674
:10A2900011F0B4FF2046BDE8104007F0FFB9704749
:10A2A0002DE9F843044690F83D001F4615460E463A
:10A2B00020284BD1C6B1BDB194F83C00012845D04F
:10A2C000012084F83C004FF00008C4F840802120B1
:10A2D00084F83D00FEF7FEFDA5848146E584A06874
:10A2E000B0F5805F03D004E00120BDE8F883206969
:10A2F00020B13546002684F83C800EE00025FAE7C0
:10A300008021204604F0ECFFA0B9ADB115F8010B97
:10A3100021684860E08C401EE084E08C4B464FF0A2
:10A32000000200970028EBD14FF04001204604F0D6
:10A33000D7FF30B10320D8E736F8020BC0F308008E
:10A34000E6E7202084F83D000020CEE70220CCE79D
:10A35000704710B5044600F04CF9A22000F024F933
:10A3600000F075F9022000F01FF900F070F9207874
:10A3700007F0C4FB00F018F900F069F9607807F005
:10A38000BDFB00F011F900F062F9A07807F0B6FB10
:10A3900000F00AF900F05BF9E07807F0AFFB00F09D
:10A3A00003F900F054F9207907F0A8FB00F0FCF85D
:10A3B00000F04DF9607907F0A1FB00F0F5F800F02E
:10A3C00046F9A07907F09AFB00F0EEF800F03FF9AB
:10A3D000BDE8104000F024B910B500F00AF9A22041
:10A3E00000F0E2F800F033F9022000F0DDF800F0B0
:10A3F0002EF900F0FEF8A32000F0D6F800F027F9BF
:10A40000012000F0ACF800F07F0005F0BBFC1B4C15
:10A410002070012000F0A3F800F07F0005F0B2FCEE
:10A420006070012000F09BF800F03F0005F0AAFCEE
:10A43000A070012000F093F800F03F0005F0A2FCAE
:10A44000E070012000F08BF800F0070005F09AFCA6
:10A450002071012000F083F800F01F0005F092FC4D
:10A460006071002000F07BF805F08CFCA07100F01A
:10A47000D7F8BDE8104003F0EDBD00000D570020F7
:10A4800070B50D46044600F0B4F8A22000F08CF838
:10A4900000F0DDF8204600F087F800F0D8F82846F4
:10A4A00000F082F800F0D3F8BDE8704000F0B8B8D2
:10A4B00010B514F0E1FD00210846FFF7E1FF1F2170
:10A4C0000120FFF7DDFF82210D20FFF7D9FF0021DA
:10A4D0000E20FFF7D5FFFFF77FFF0848417911B144
:10A4E000C178002909D101214171C1700348FFF7EA
:10A4F00030FFBDE81040FFF76FBF10BD0D570020C3
:10A50000FEE710B5002014F08FFD14F0B5FD00201B
:10A5100014F092FD022007F0FCFA012014F084FDF3
:10A52000022007F0F6FABDE81040002014F07CBDD0
:10A5300010B5002014F078FD14F09EFD012014F0F9
:10A540007BFD022007F0E5FA012014F06DFD0220EA
:10A5500007F0DFFABDE81040002014F065BD70B5CB
:10A560000646002414F076FD0025002014F05CFD62
:10A57000022007F0CEFA012014F056FD6006040E0A
:10A5800014F062FD08B1641CE4B2012007F0C1FAC6
:10A590006D1CEDB2082DE8D31EB1FFF7B2FF2046C7
:10A5A00070BDFFF7C5FFFAE770B5054614F064FD0E
:10A5B000002014F039FD0024280601D5012000E018
:10A5C000002014F039FD6806050E022007F0A1FAFC
:10A5D000012014F029FD022007F09BFA002014F05E
:10A5E00023FD022007F095FA641CE4B2082CE3D3A3
:10A5F00070BD10B514F040FD012014F01DFD0120C8
:10A6000014F012FD042007F084FA002014F014FD69
:10A61000042007F07EFABDE81040002014F004BDCD
:10A6200010B514F029FD002014F0FEFC002014F0F9
:10A6300003FD042007F06DFA012014F0F5FC012061
:10A6400014F0FAFCBDE81040042007F062BA10B51F
:10A65000002414F0FFFC012014F0EEFC012007F0B0
:10A6600058FA012014F0E0FC012007F052FA07E04C
:10A67000641CE4B2FA2C03D9FFF7D2FF012010BD0D
:10A6800014F0E2FC0028F3D114F0CEFC002010BD41
:10A6900010B50446E22005F06DF86420FEF714FBC7
:10A6A000242005F067F82B2005F064F8812005F0E0
:10A6B00061F80CB1C02000E0B22005F05BF8842006
:10A6C00005F058F8892005F055F8A32005F052F858
:10A6D000C52005F04FF8C82005F04CF8102005F013
:10A6E00049F8D12005F046F8D52005F043F8DA20E6
:10A6F00005F040F8E92005F03DF8F42005F03AF8BF
:10A70000252005F037F8F62005F034F85A2005F03A
:10A7100031F8F52005F02EF8002005F02BF8F72091
:10A7200005F028F89F2005F025F8F82005F022F81C
:10A73000F12005F01FF89F2005F01CF8BDE810403F
:10A74000AD2005F017B8F0B585B0DDE90EE4DDE920
:10A750000C7CDDE90A568DE8E05000F012F8216823
:10A760000161206005B0F0BD10B50146006800220F
:10A770000A6003E00469F5F7C4FD20460028F9D11A
:10A7800010BD2DE9F05F07460AA81C4690E8000DB1
:10A7900015460E461420DDF83490F5F783FD0028A9
:10A7A0000FD0C770067185604471C0F80C8080F8C6
:10A7B00006A080F801B080F802900E990170002187
:10A7C0000161BDE8F09F00002DE9FE4388460400CA
:10A7D00074D000261027607830B101280DD00228EF
:10A7E00029D0032808D13FE0CDE900762179E0782F
:10A7F0000823E268FDF7F6FC76E0A079B8B10128FD
:10A800000BD0022870D12020CDE900062179E07814
:10A810001023E268FDF7ACFD66E01420CDE90006E8
:10A820002179E0780B23E268FDF7E6FD5CE0CDE9F5
:10A830000076E26812E0B8F1000F03D1C248E26886
:10A84000824209D10097CDE9017663792179E078D8
:10A85000A268FDF7E7FC47E0CDE900762179E078D2
:10A860000823FDF743FD3FE02078E578C00709D0D5
:10A87000CDE900762179082328222846FDF70AFC35
:10A880000835EDB2A07813281AD2DFE800F0190AD3
:10A8900010333D57198B9B19C51919DFF25DB54768
:10A8A000F000CDE9007608232179252246E1CDE9A3
:10A8B000007621791023A54A284621E018E0EDB260
:10A8C0002078C00710D0CDE900762179082329220D
:10A8D0002846FDF7DFFBCDE900760835E8B221799F
:10A8E00008233A22FDF7D6FB2469002C7FF473AFCE
:10A8F000BDE8FE83CDE9007621791023944A2846ED
:10A90000FDF770FC1035DAE7CDE9007621790823F0
:10A910006D222846FDF7BEFB0835EDB2CDE9007685
:10A920002179082367222846FDF7B4FBCDE900769C
:10A9300008350823EDB221792F228DE0CDE900768C
:10A9400008232179402204E0CDE90076217908230B
:10A950006D222846FDF79EFBCDE900760835EDB265
:10A960002179082353222846FDF794FBCDE9007690
:10A970000835EDB2217908232F222846FDF78AFBFE
:10A98000CDE90076083521790823EDB26322284607
:10A99000FDF780FBCDE9007608350823EDB221797B
:10A9A0006D22CBE0CDE90076217908236D2228467F
:10A9B000FDF770FBCDE9007608350823EDB221796B
:10A9C0005622BBE0CDE90076217908236B22284688
:10A9D000FDF760FBCDE900760835EDB2217908235B
:10A9E00050222846FDF756FBCDE9007608350823AE
:10A9F000EDB221796122A1E0CDE900762179082329
:10AA000070222846FDF746FBCDE90076083508237D
:10AA1000EDB221797022BAE7CDE9007621790823D9
:10AA200070222846FDF736FBCDE900760835EDB2F9
:10AA30002179082370222846FDF72CFBCDE900760A
:10AA400008350823EDB22179742277E0CDE900764C
:10AA50000823217943221BE02846FDF71BFBCDE9A3
:10AA6000007608350823EDB221794C2266E04CE0EF
:10AA7000FFE7CDE90076217908234B222846FDF730
:10AA800009FBCDE90076083521790823EDB2632270
:10AA90002846FDF7FFFACDE900760835EDB22179B9
:10AAA000082365222846FDF7F5FACDE9007608353A
:10AAB000EDB2217908236C222846FDF7EBFACDE9A7
:10AAC00000760835EDB2217908236C222846FDF77F
:10AAD000E1FACDE900760835EDB221790823732239
:10AAE0002846FDF7D7FACDE900760835EDB2217991
:10AAF00008232F222846FDF7CDFACDE90076083548
:10AB00000823EDB221796D22A6E7CDE900762179FF
:10AB1000082370222846FDF7BDFACDE900760835F6
:10AB2000EDB22179082370222846FDF7B3FACDE96A
:10AB30000076083521790823EDB262222846FDF718
:10AB4000A9FA0835BBE60000907002089E1E00209E
:10AB50001E2800202DE9F04115F0C0FA6449654C2B
:10AB6000654D0426801E01F1080716287CD2DFE817
:10AB700000F019A461A4A4A4A4A4A48B0B3AA4A4D7
:10AB80004D3DAD7FA6A4A4B8887903286CD14D2093
:10AB9000FAF7C6FC15F05CFA10F08CFFBDE8F04146
:10ABA00000F0ACB8887903285ED106F083FF10F07E
:10ABB00081FF40794D2810D010F082FF394600F017
:10ABC000E1F810F077FF40794D2809D010F078FFB8
:10ABD000BDE8F041002100F019BB10F06BFFEDE77C
:10ABE00010F068FFF4E78879062866D106F062FF66
:10ABF00010F060FF40794D2802D010F061FF01E0B5
:10AC000010F058FFBDE8F04100F0FEB98879032844
:10AC100053D106F04FFF10F04DFF40794D2806D07C
:10AC200010F04EFF3946BDE8F04100F05DBA10F07B
:10AC300041FFF7E706F03EFF10F03CFF40794D285A
:10AC40000FD010F03DFF394600F0D8F810F032FF79
:10AC500040794D2809D010F033FFBDE8F041FAF7F4
:10AC6000EDBF10F027FFEEE727E010F023FFF4E739
:10AC700006F020FF11F09AFD03281ED1BDE8F04137
:10AC8000012102200BF07EBE06F014FF11F08EFDB4
:10AC90005E2812D1012102200BF074FE11F08CFD10
:10ACA00080680069846011F087FD80680069C56074
:10ACB00011F082FD806800694671BDE8F08106F000
:10ACC000F9FE11F073FD5F28E4D0F6E706F0F2FE1E
:10ACD00011F06CFD3F28DDD011F068FD4028D9D07F
:10ACE000EBE706F0E7FE11F061FD4228D2D0E4E781
:10ACF0007C560020BB5F0208BF5F020810B5002829
:10AD00001BD00E484D2100F8451F032141709C21A6
:10AD100081704621C1700021017104214171082117
:10AD200000F8421C0548453003F040FC15F084FC57
:10AD3000BDE81040022015F0ABBC10BD7C560020D1
:10AD400010B500281BD00E484D2100F8451F0621E4
:10AD500041709D2181703821C17000210171012154
:10AD60004171082100F8421C0548453003F01EFCE3
:10AD700015F062FCBDE81040132015F089BC10BD31
:10AD80007C5600207CB504002DD017484A78051D5C
:10AD900002700A784270CA7882708A78C2704A79E2
:10ADA0002A700A796A70CA79AA708979E970036889
:10ADB0000EA2112104F15600F5F79EFB286819F048
:10ADC000B9FDCDE900010AA2112104F11900F5F73E
:10ADD00093FB09490020CDE9000105A2052104F1FA
:10ADE0001E00F5F789FB7CBD8C580020256400000F
:10ADF00025332E31660000000000F03F2DE9FC5F96
:10AE0000040035D0487884F87400087884F8750018
:10AE1000C87884F87600887884F87700487984F8D0
:10AE20007000087984F87100C87984F87200887914
:10AE300084F87300207804F13F0B420726D520F0F8
:10AE400004002070606F606118F05EFA90B118F035
:10AE50005BFA0A280ED04749606F19F005FE19F019
:10AE600069FDCDE9000144A208215846F5F744FBED
:10AE7000BDE8FC9F606F19F0B9FE034602B058466A
:10AE8000BDE8F05F3EA20821F5F736BB616FA06810
:10AE900019F07CFDA060216FE06819F077FDE0609B
:10AEA0002046F9F7E1FC606F6061E079401CC0B2B8
:10AEB000E0710328DCD319F0EDFE05462946E06871
:10AEC00019F0D2FD82462946A06819F0CDFD05464D
:10AED00018F098F9DFF8AC80002710B318F054FA96
:10AEE00002281ED3404698F8002004F1940904F18A
:10AEF000AC0832B10770484606F024FE404606F022
:10AF000021FE2946484606F050FE5146404606F0CE
:10AF10004CFE404606F02CFE484606F029FE05464B
:10AF200002E0012188F800102046FAF733FD98B9B5
:10AF300018F0EAF9A0B118F0E7F90A2810D00D4985
:10AF4000284619F091FD19F0F5FCCDE900010AA29F
:10AF500008215846F5F7D0FAE771A760E76087E760
:10AF6000284619F043FE034605A208215846F5F786
:10AF7000C3FAF1E70000C84225352E326600000012
:10AF800025356400485800200D4810B54D2100F8C3
:10AF9000451F032141709C218170A521C1700021B2
:10AFA000017101214171082100F8421C044845301B
:10AFB00003F0FCFABDE810400C2015F069BB00005E
:10AFC0007C56002010B500281BD00E484D2100F8FB
:10AFD000451F032141709C2181704021C1700021D7
:10AFE000017104214171082100F8421C05484530D7
:10AFF00003F0DCFA15F020FBBDE81040042015F04A
:10B0000047BB10BD7C56002010B500281BD00E4851
:10B010004D2100F8451F032141709D2181700521BC
:10B02000C1700021017101214171082100F8421C09
:10B030000548453003F0BAFA15F0FEFABDE81040B5
:10B04000102015F025BB10BD7C56002010B500283F
:10B0500024D013484D2200F8452F102242709D2223
:10B0600082700622C2700022027102224271042202
:10B0700082710A0AC27101720A0E4272090C81724F
:10B080000D2100F8421C0648453003F08FFA15F0F8
:10B09000D3FABDE81040142015F0FABA10BD000034
:10B0A0007C56002010B500281AD00E484D2200F81A
:10B0B000452F062242709D2282700522C270002216
:10B0C00002714171082100F8421C0648453003F026
:10B0D0006DFA15F0B1FABDE81040112015F0D8BA9C
:10B0E00010BD00007C56002010B5040004D0487844
:10B0F00019F0D0FDC4F8840010BD000010B5002880
:10B1000024D013484D2200F8452F102242709D2272
:10B1100082700822C270002202710222427104224F
:10B1200082710A0AC27101720A0E4272090C81729E
:10B130000D2100F8421C0648453003F037FA15F09F
:10B140007BFABDE810400B2015F0A2BA10BD00003C
:10B150007C56002070B500282AD016484D251C0AC0
:10B1600000F8455F102545708470C370002303719B
:10B1700004234371082383710B0AC37101720B0E00
:10B180004372090C8172110AC1720273110E41736C
:10B19000110C8173112100F8421C0648453003F060
:10B1A00005FA15F049FABDE87040122015F070BAA2
:10B1B00070BD00007C56002010B5002823D0124836
:10B1C0004D24130A00F8454F102444708370C27058
:10B1D0000022027102224271042282710A0AC271A3
:10B1E00001720A0E4272090C81720D2100F8421C94
:10B1F0000548453003F0DAF915F01EFABDE81040B5
:10B20000172015F045BA10BD7C56002010B5002857
:10B210001AD00E484D2200F8452F062242709C227B
:10B220008270A822C270002202714171082100F8C8
:10B23000421C0648453003F0B9F915F0FDF9BDE8A8
:10B2400010400D2015F024BA10BD00007C560020DF
:10B250003EB5002416480094019414490294C0E9B4
:10B2600000148460C460046144618461C461046248
:10B2700080F824400125856280F82C401021C0E927
:10B280000D1480F83C40FDF75BFA08B1FCF75AFE5C
:10B290001720CDE90005694602940548FDF79EF99F
:10B2A000002801D0FCF74EFE3EBD00000024014006
:10B2B000A0580020114808B5016841F08071016074
:10B2C0000068002200F08070009003210D20FDF73F
:10B2D0009FFE0D20FDF78EFE002202210F20FDF7BC
:10B2E00097FE0F20FDF786FE002204211020FDF7B7
:10B2F0008FFEBDE808401020FDF77CBE1C380240E0
:10B300002DE9F04F87B014216846F5F790FA9F4871
:10B3100000689E4940F010000860086800F01000C6
:10B320000590086840F004000860086800F0040018
:10B330000590086840F020000860086800F02000D0
:10B3400005900846006840F001000860086800F0B9
:10B3500001000590086840F002000860086800F0ED
:10B3600002000590086840F00800086008680122A3
:10B3700000F0080005904FF482718548FDF7A5FDA7
:10B38000002248F240018248FDF79FFDDFF8049259
:10B39000002281214846FDF798FD4FF47F4B0022A3
:10B3A00059467D48FDF791FD4FF4E0740122214696
:10B3B0007A48FDF78AFD00224FF490517748FDF757
:10B3C00084FD012280217448FDF77FFD0122214682
:10B3D0007348FDF77AFD7E200326CDE9000600259F
:10B3E000694602954846FDF781FC4EF22F00CDE9F3
:10B3F0000006694602956948FDF778FC41F23B007A
:10B40000CDE90006694602956148FDF76FFC4FF0F3
:10B41000040A01240227CDF800A00396CDE90147D4
:10B4200069465B48FDF762FC4FF40068CDF8008088
:10B430000396CDE9014769465548FDF757FC0022C0
:10B4400041465348FDF741FD4FF0400801AACDF8B1
:10B45000008082E8700069464D48FDF747FC4CF6D5
:10B460000760CDE90006694602954D48FDF73EFCB0
:10B4700081208DE83100694648460395FDF736FC8A
:10B480004FF47E40CDE90005694648460295FDF738
:10B490002DFC4FF08009CDE9009569463C480295A6
:10B4A000FDF724FC1020CDE9000569463B480295D4
:10B4B000FDF71CFC3003CDE90005694638480295CC
:10B4C000FDF714FCCDE900B4CDE9024669463248E7
:10B4D000FDF70CFCCDE9008469463048CDE9024512
:10B4E000FDF704FC4FF49C50CDE90004CDE9024681
:10B4F00069462A48FDF7FAFB2003CDE90004CDE9AF
:10B50000024669462548FDF7F1FB4FF48078CDE906
:10B510000084CDE9024669461D48FDF7E7FBCDF8FA
:10B5200000A0CDE9016569461E48FDF7DFFBE00399
:10B53000CDE900040294694615480394FDF7D6FB53
:10B540001F20CDE90006694602951348FDF7CEFBA2
:10B5500001AACDF8009082E8700069460E48FDF718
:10B56000C5FBC020009001AA112082E85100694665
:10B570000B48FDF7BBFBCDE90084CDE902476946E6
:10B580000748FDF7B3FB07B0BDE8F08F1C38024059
:10B590000000024000100240000C0240000802407F
:10B5A0000004024000140240094810B50749016038
:10B5B0000321416040F6FF718160FDF791FC002896
:10B5C00003D0BDE81040FCF7BDBC10BD003000400A
:10B5D000F45800200D4810B50B4901604FF48271FA
:10B5E0004160002181604FF40072C160C0E9062112
:10B5F00081620A21C162FEF78BF8002803D0BDE802
:10B600001040FCF79FBC10BD0030014000590020E5
:10B6100010B586B000241748009401940294039456
:10B6200004944FF08041059401601F21C0E901148A
:10B6300040F2E731C0E9031480214161FEF730FA9E
:10B6400008B1FCF77FFC4FF4805000906946094830
:10B65000FEF794FA08B1FCF775FC049404A90548B8
:10B660000594FEF7E9F9002801D0FCF76BFC06B061
:10B6700010BD0000585900200C4810B50A4901605F
:10B680004FF4E1314160002181600C22C160C0E9CA
:10B6900004128161C161FEF7D9FC002803D0BDE826
:10B6A0001040FCF74FBC10BD0038014098590020F5
:10B6B0000C4810B50A4901604FF416514160002151
:10B6C00081600C22C160C0E904128161C161FEF792
:10B6D000BDFC002803D0BDE81040FCF733BC10BD12
:10B6E00000440040DC5900200C4810B50A490160B4
:10B6F0004FF416514160002181600C22C160C0E905
:10B7000004128161C161FEF7A1FC002803D0BDE8ED
:10B710001040FCF717BC10BD00480040205A002024
:10B72000FEE7000070B514F0D9FC714C0B2804F151
:10B7300008056FD01FDC022850D0042870D00828DC
:10B740006AD1A079032867D106F0B4F910F0B2F9F4
:10B75000407922285BD010F0B3F9294600F0CEF8EA
:10B7600010F0A8F94079222857D010F0A9F9BDE8C7
:10B770007040FAF76ABA0C2815D0122870D0132836
:10B780004AD1E079632847D1207A122844D106F0C3
:10B7900091F911F00BF803283ED1BDE8704001216A
:10B7A00002200BF0EFB8A079032835D12220F9F759
:10B7B000B7FE10F07FF9407922280CD010F080F904
:10B7C000294600F0C3F814F043FC10F073F9BDE80B
:10B7D000704000F00FBB10F06DF9F1E7A07903287D
:10B7E00079D106F067F910F065F9407922280BD07D
:10B7F00010F066F90C22294600F099F810F05AF979
:10B80000BDE8704000F0D4BA10F054F9F2E710F03F
:10B8100051F9A2E725E003E05DE010F04BF9A6E75F
:10B82000A079032857D106F045F910F043F9407983
:10B8300022280FD010F044F9294600F087F810F0C4
:10B8400039F94079222808D010F03AF9BDE8704063
:10B85000FAF7F4B910F02EF9EEE710F02BF9F5E74E
:10B860003AE0A079102836D106F024F910F09EFFB6
:10B87000462814D008DC03280DD03F280FD04128DB
:10B880000DD0452827D10AE0472808D0482806D0FF
:10B89000492820D103E0012102200BF073F8012197
:10B8A00002200BF06FF810F087FF806811490069E3
:10B8B00000690069816010F07FFF80680E490069AF
:10B8C00000690069C16010F077FF80680421006999
:10B8D00000690069417170BDA0791028FBD106F0A4
:10B8E000E9F810F063FF3E283FF457AF70BD000049
:10B8F0007C560020BB5F0208BF5F020810B500281D
:10B9000014D00A782E2430328277C4774A783032C5
:10B9100080F82020002280F821208B78303300F836
:10B92000193F4470C97830318170C27010BD30B594
:10B93000002809D0002305E0CC5CC5185B1C85F805
:10B940005640DBB29342F7D330BD00002DE9FE4FE5
:10B9500004007DD0087884F87400487884F8750075
:10B96000887884F87600C87884F87700087904F835
:10B970006C0F487960708879A070C879E070087A97
:10B980002071487A6071887AA071C87AE071087E67
:10B990002074487E6074887EA074C87EE074087F3E
:10B9A0002073487F6073887FA073C87FE0736C3C0E
:10B9B00017F00EFDA8B1E06E18F0BCFF7A4A7B4B81
:10B9C00018F08EFD00227A4B18F076FA18F042FA41
:10B9D0007849E066884203DC4FF08441884200DA0F
:10B9E000E166754DE06F294619F09CF918F0A2FF49
:10B9F000CDE9000171A2082104F13F00F4F77CFDBC
:10BA00002946A06F19F08EF918F094FFCDE90001D6
:10BA10006AA2082104F14700F4F76EFD207804F1D2
:10BA20002B07410704F1310604F1380526D520F033
:10BA300004002070606F6061E06E18F07BFFCDE95C
:10BA4000000160A206213846F4F756FD206F00E0A1
:10BA500012E018F06FFFCDE900015CA2072130462B
:10BA6000F4F74AFD606F18F065FFCDE9000157A2B9
:10BA700007212846F4F740FDBDE8FE8F616FA068FE
:10BA800018F084FFA060216FE06818F07FFFE0608D
:10BA9000E16E206918F07AFF20612046F8F7E4FE95
:10BAA000606F6061E079401CC0B2E0710328E3D3AD
:10BAB00019F0F0F880464146206918F0D5FF029051
:10BAC0004146E06818F0D0FF83464146A06818F070
:10BAD000CBFF824617F09CFBDFF8F8904FF0000890
:10BAE00090B317F057FC02282FD399F8001004F1F7
:10BAF000A00001904A460C3804F1AC09009051B105
:10BB000082F80080009806F01DF8019806F01AF8F7
:10BB1000484606F017F85146009806F046F8594690
:10BB2000019806F042F84846029906F03EF8484669
:10BB300006F01EF80290009806F01AF88246019866
:10BB400006F016F8834603E0FFE7012189F80010AC
:10BB50002046F9F71FFFE8B9029818F0EBFECDE98F
:10BB6000000118A206213846F4F7C6FC584618F022
:10BB7000E1FECDE9000115A207213046F4F7BCFC37
:10BB8000504618F0D7FECDE9000110A20721284643
:10BB9000F4F7B2FC84F80780C4F80880C4F80C807D
:10BBA000C4F8108068E70000CDCCCCCCCCCCFC3FF6
:10BBB0000000404000000C4300007A4425352E323E
:10BBC0006600000025352E316600000025362E3235
:10BBD000660000004858002010B5002823D0124805
:10BBE000222200F8452F1022427063228270002228
:10BBF000C27002710222427104228271C1710A0A6A
:10BC000002720A0C4272090E81720D2100F8421C68
:10BC10000548453002F0CAFC14F00EFDBDE81040A6
:10BC20000B2014F035BD10BD7C56002010B5002847
:10BC300023D012482222002300F8452F1022427000
:10BC4000632282700222C2700371427104228271E7
:10BC5000C1710A0A02720A0C4272090E81720D2128
:10BC600000F8421C0548453002F0A0FC14F0E4FC4A
:10BC7000BDE810400B2014F00BBD10BD7C56002019
:10BC800010B5002823D012482222002300F8452FA7
:10BC900010224270632282700422C2700371022358
:10BCA00043718271C1710A0A02720A0C4272090E52
:10BCB00081720D2100F8421C0548453002F076FCE7
:10BCC00014F0BAFCBDE810400B2014F0E1BC10BD2C
:10BCD0007C56002010B500281FD0104822210122D8
:10BCE00000F8451F10214170632181701221C1703D
:10BCF00000210171427102238371C27101720B2113
:10BD000000F8421C0548453002F050FC14F094FC49
:10BD1000BDE81040132014F0BBBC10BD7C560020C1
:10BD200010B5002824D01348222200F8452F1022F5
:10BD30004270632282700622C270002202710222C7
:10BD4000427104228271C1710A0A02720A0C4272A3
:10BD5000090E81720D2100F8421C0648453002F0A0
:10BD600025FC14F069FCBDE810400B2014F090BCD9
:10BD700010BD00007C5600200C4810B5222100F8B0
:10BD8000451F03214170612181700021C170017143
:10BD900010214171082100F8421C0448453002F08E
:10BDA00005FCBDE810400C2014F072BC7C5600204D
:10BDB00010B500281AD00E48222100F8451F032193
:10BDC0004170622181700021C170017102214171B5
:10BDD000082100F8421C0648453002F0E7FB14F049
:10BDE0002BFCBDE81040082014F052BC10BD000030
:10BDF0007C56002010B500281AD00E48222100F8E9
:10BE0000451F03214170622181700221C170002110
:10BE100001710821417100F8421C0648453002F0CA
:10BE2000C5FB14F009FCBDE81040022014F030BC42
:10BE300010BD00007C56002010B5002818D00D4819
:10BE4000222100F8451F03214170612181700021EA
:10BE5000C170017110214171082100F8421C054890
:10BE6000453002F0A3FBBDE81040042014F010BCE4
:10BE700010BD00007C56002010B5002824D01348C7
:10BE8000222200F8452F102242706322827008227D
:10BE9000C270002202710222427104228271C171B9
:10BEA0000A0A02720A0C4272090E81720D2100F810
:10BEB000421C0648453002F079FB14F0BDFBBDE89A
:10BEC00010400B2014F0E4BB10BD00007C56002095
:10BED00010B5002827D0144A40F86C1F222102F820
:10BEE000451F10215170632191700E21D1700021E6
:10BEF000117102215171042191710178D171417840
:10BF0000117281785172C078907207480D2102F841
:10BF1000421C453002F04AFB14F08EFBBDE8104095
:10BF2000122014F0B5BB10BD7C56002070B514F083
:10BF3000D5F8784C0B2804F1080572D022DC0228D1
:10BF400053D0042876D008286DD1A07904286AD16E
:10BF5000E079022867D105F0ADFD0FF0ABFD407927
:10BF60005E2861D00FF0ACFD294617F0A7FC0FF05A
:10BF7000A1FD40795E285AD00FF0A2FDBDE87040C7
:10BF8000F9F763BE0C2815D0122873D013284AD1B4
:10BF9000E0799C2847D1207A512844D105F08AFDC8
:10BFA00010F004FC03283ED1BDE8704001210220BE
:10BFB0000AF0E8BCA079042835D15E20F9F7B0FA80
:10BFC0000FF078FD40795E280CD00FF079FD2946FE
:10BFD00000F0A6F814F03CF80FF06CFDBDE87040DE
:10BFE00000F02ABB0FF066FDF1E7A07904281AD112
:10BFF000E0790C287FD105F05DFD0FF05BFD407905
:10C000005E280BD00FF05CFD0C22294617F06BFC6C
:10C010000FF050FDBDE8704000F0ECBA0FF04AFDA3
:10C02000F2E72BE006E066E00FF044FD9CE70FF03E
:10C0300041FDA3E7A07904285DD1E07914285AD105
:10C0400005F038FD0FF036FD40795E280FD00FF077
:10C0500037FD294600F064F80FF02CFD40795E288A
:10C0600009D00FF02DFDBDE87040F9F7E7BD0FF0E6
:10C0700021FDEEE740E00FF01DFDF4E7A079102868
:10C0800039D1E0799C2836D105F014FD10F08EFBF3
:10C09000462814D008DC03280DD03F280FD04128B3
:10C0A0000DD0452827D10AE0472808D0482806D0D7
:10C0B000492820D103E0012102200AF063FC01217C
:10C0C00002200AF05FFC10F077FB806812490069DB
:10C0D00000690069816010F06FFB80680F4900699A
:10C0E00000690069C16010F067FB80680421006985
:10C0F00000690069417170BDA0791028FBD1E07919
:10C100009C28F8D105F0D6FC10F050FB3E283FF4F7
:10C110004BAF70BD7C560020BB5F0208BF5F0208BA
:10C120002DE9FE4F04007DD0487884F8740008782B
:10C1300084F87500C87884F87600887884F87700E9
:10C14000487904F86C0F08796070C879A070887914
:10C15000E070487A2071087A6071C87AA071887A94
:10C16000E071487B2074087B6074C87BA074887B76
:10C17000E074487C2073087C6073C87CA073887C62
:10C18000E0736C3C17F024F9A8B1E06E18F0D2FB14
:10C190007A4A7B4B18F0A4F900227A4B17F08CFEF8
:10C1A00017F058FE7849E066884203DC4FF084417E
:10C1B000884200DAE166754DE06F294618F0B2FD5D
:10C1C00018F0B8FBCDE9000171A2082104F13F008D
:10C1D000F4F792F92946A06F18F0A4FD18F0AAFB15
:10C1E000CDE900016AA2082104F14700F4F784F9BF
:10C1F000207804F12B07410704F1310604F13805DA
:10C2000026D520F004002070606F6061E06E18F0A9
:10C2100091FBCDE900015EA206213846F4F76CF9E6
:10C22000206F00E012E018F085FBCDE900015AA272
:10C2300007213046F4F760F9606F18F07BFBCDE919
:10C24000000155A207212846F4F756F9BDE8FE8FF4
:10C25000616FA06818F09AFBA060216FE06818F089
:10C2600095FBE060E16E206918F090FB20612046AC
:10C27000F8F7FAFA606F6061E079401CC0B2E071D3
:10C280000328E3D318F006FD80464146206918F0E4
:10C29000EBFB02904146E06818F0E6FB834641461E
:10C2A000A06818F0E1FB824616F0B2FFDFF8F090CC
:10C2B0004FF0000890B317F06DF802282FD399F8CB
:10C2C000001004F1A00001904A460C3804F1AC09BA
:10C2D000009051B182F80080009805F033FC01987D
:10C2E00005F030FC484605F02DFC5146009805F05D
:10C2F0005CFC5946019805F058FC4846029905F047
:10C3000054FC484605F034FC0290009805F030FCDF
:10C310008246019805F02CFC834603E0FFE70121EB
:10C3200089F800102046F9F735FBE8B9029818F0B3
:10C3300001FBCDE9000116A206213846F4F7DCF82E
:10C34000584618F0F7FACDE9000113A2072130464C
:10C35000F4F7D2F8504618F0EDFACDE900010EA23C
:10C3600007212846F4F7C8F884F80780C4F8088045
:10C37000C4F80C80C4F8108068E70000CDCCCCCCA9
:10C38000CCCCFC3F0000404000000C4300007A444D
:10C3900025352E326600000025362E32660000005C
:10C3A000485800201CB50C46002832D0684601F0E1
:10C3B000ABFEDDE9000105F05DFC164A5E2102F8E6
:10C3C000451F102151709C2191706221D170002174
:10C3D00011710421517108219171010AD1711072FA
:10C3E000010E5172000C9072200AD0721473200E4C
:10C3F0005073200C90730748112102F8421C4530FD
:10C4000002F0D4F814F018F9BDE81C400B2014F029
:10C410003FB91CBD7C5600201CB50C46002832D00C
:10C42000684601F071FEDDE9000105F023FC164AC3
:10C430005E2102F8451F102151709C2191706621E8
:10C44000D170002111710421517108219171010AEB
:10C45000D1711072010E5172000C9072200AD072CC
:10C460001473200E5073200C90730748112102F8AA
:10C47000421C453002F09AF814F0DEF8BDE81C408A
:10C480000B2014F005B91CBD7C5600201CB50C46D1
:10C49000002832D0684601F037FEDDE9000105F0E2
:10C4A000E9FB164A5E2102F8451F102151709C21BC
:10C4B00091706A21D17000211171042151710821FC
:10C4C0009171010AD1711072010E5172000C9072BB
:10C4D000200AD0721473200E5073200C90730748FA
:10C4E000112102F8421C453002F060F814F0A4F863
:10C4F000BDE81C400B2014F0CBB81CBD7C560020BE
:10C5000010B500281BD00E485E2100F8451F0621FB
:10C5100041709C2181705121C17000210171012164
:10C520004171082100F8421C0548453002F03EF8F0
:10C5300014F082F8BDE81040132014F0A9B810BD23
:10C540007C5600201CB50C46002832D0684601F00D
:10C55000DBFDDDE9000105F08DFB164A5E2102F8E6
:10C56000451F102151709C2191707221D1700021C2
:10C5700011710421517108219171010AD171107258
:10C58000010E5172000C9072200AD0721473200EAA
:10C590005073200C90730748112102F8421C45305B
:10C5A00002F004F814F048F8BDE81C400B2014F029
:10C5B0006FB81CBD7C5600200D4810B55E2100F8F8
:10C5C000451F04214170752181706921C1700021CE
:10C5D00001710A214171082100F8421C04484530CC
:10C5E00001F0E4FFBDE810400C2014F051B8000049
:10C5F0007C56002010B500281BD00E485E2100F8A4
:10C60000451F04214170752181704521C1700021B1
:10C61000017101214171082100F8421C0548453093
:10C6200001F0C4FF14F008F8BDE81040082014F031
:10C630002FB810BD7C56002010B500281BD00E4826
:10C640005E2100F8451F0421417075218170302161
:10C65000C1700021017106214171082100F8421CBE
:10C660000548453001F0A2FF13F0E6FFBDE8104099
:10C67000022014F00DB810BD7C56002010B5002823
:10C6800019D00D485E2100F8451F04214170752125
:10C6900081706921C170002101710A214171082155
:10C6A00000F8421C0448453001F080FFBDE810400E
:10C6B000042013F0EDBF10BD7C5600201CB50C46C5
:10C6C000002832D0684601F01FFDDDE9000105F0C9
:10C6D000D1FA164A5E2102F8451F102151709C21A3
:10C6E00091707621D17000211171042151710821BE
:10C6F0009171010AD1711072010E5172000C907289
:10C70000200AD0721473200E5073200C90730748C7
:10C71000112102F8421C453001F048FF13F08CFF54
:10C72000BDE81C400B2013F0B3BF1CBD7C5600209D
:10C7300010B5002827D0144A40F86C1F5E2102F87B
:10C74000451F102151709C2191707A21D1700021D8
:10C75000117102215171042191714178D1710178D7
:10C760001172C17851728078907207480D2102F8D9
:10C77000421C453001F01AFF13F05EFFBDE8104087
:10C78000122013F085BF10BD7C560020FCF7AEFDD3
:10C79000FEE72DE9F04387B00DF1380E81469EE8A3
:10C7A000E011DDE91304CDE904C08DE8E00148465D
:10C7B00000F0C0F8216859B189698161216841613F
:10C7C0002168896948612168886107B0BDE8F08304
:10C7D0002060FAE770B504460068002808D0456973
:10C7E000F3F78FFD216828468142F8D100202060B0
:10C7F00070BD10B5002808D08279836940698342F2
:10C80000847902FB0142F9D1104610BD10B5002811
:10C8100010D08279084C53B2432B237001D0442BA3
:10C8200000D10022836940698342847902FB01427E
:10C83000F9D1104610BD0000D85500202DE9FE4367
:10C8400088460746040062D0374E10256078D0B184
:10C8500001283AD0022802D0032855D159E0207887
:10C86000B8F1000F00F0010009D00095CDE90150AA
:10C870006379E268E178A078FBF7D4FC44E0CDE985
:10C88000005022693BE02078800712D5A0790A2861
:10C8900001D2303000E038303070002070702078E5
:10C8A000082300F00100CDE90050E178A0781E4A8D
:10C8B00028E0A1790A20B1FBF0F230323270B1FBEE
:10C8C000F0F200FB12103030E8E70FF06FFF112894
:10C8D00002D0122818D109E02078082300F00100C6
:10C8E000CDE90050E178A078104A0BE0207810499B
:10C8F00000F00100CDE90050A07951F82020E17846
:10C90000A0780823FBF7F2FC6469BC429ED1BDE825
:10C91000FE832078009500F00100CDE90150A17957
:10C92000E06863794218A5E7D9550020D66202086D
:10C93000005500202DE9F05F0746DDE90E8A1C4610
:10C9400015460E462020DDF830B0DDF82890F3F7CC
:10C95000A9FC002813D0406180618770C670C56053
:10C96000447180F806B00D99C17180F80880C0F854
:10C97000109002786AF3410202700B994170BDE891
:10C98000F09F00000C48A0F19802C1689161002955
:10C9900006D0886928B1D061017841F001010170A9
:10C9A000704790690069906183690BB11846F2E79E
:10C9B0008142F6D170470000B85500202DE9F041C2
:10C9C000044613F08BFB811EF848F94DF94E0427FD
:10C9D00000F10808172977D2DFE801F02DF18EF178
:10C9E00067F1F8F1F1F90CF6F5F1F4C4F1F3F1C4E3
:10C9F000F1E2F6008079032866D12046F8F790FD31
:10CA000013F026FB1D2C6FD00FF054F84079A04294
:10CA10000BD10FF04FF80AE00FF04CF801E00FF0E7
:10CA20004FF8BDE8F04100F0C9BC0FF049F8BDE88F
:10CA3000F04101F0CDB88079032845D105F03AF8EE
:10CA40001D2C07D00FF036F84079A04219D10FF015
:10CA500031F818E00FF02EF840791D2805D00FF0BE
:10CA60002FF8414600F00EFD03E10FF023F8F8E740
:10CA70000FF020F801E00FF023F8BDE8F04100F0DE
:10CA8000DFBC0FF01DF8C949093101F03AF90FF088
:10CA900011F84079A04202D10FF00CF801E00FF03C
:10CAA0000FF8BDE8F04101F071B8807903280BD18F
:10CAB00005F000F81D2C08D00EF0FCFF4079A042D4
:10CAC00013D10EF0F7FF12E079E00EF0F3FF40799A
:10CAD0001D2806D00EF0F4FF4146BDE8F04100F0FD
:10CAE0002FBD0EF0E7FFF7E753E00EF0E9FF4146F8
:10CAF000BDE8F04101F0AEB8807903285FD104F0C1
:10CB0000D9FF1D2C07D00EF0D5FF4079A0421ED1D1
:10CB10000EF0D0FF1DE00EF0CDFF40791D280AD0A9
:10CB20000EF0CEFF414600F0D7FA0EF0C3FF407979
:10CB30001D2803D005E00EF0BDFFF3E70EF0BAFFAD
:10CB400001E00EF0BDFFBDE8F041F9F777B80EF057
:10CB5000B7FF414600F0EEFE0EF0ACFF4079A04278
:10CB6000EFD1EBE78079062829D104F0A3FF0FF07D
:10CB70001DFE2B2807D00FF019FE2A2803D00FF036
:10CB800015FE2D2803D10121022009F0FBFE1D2CEA
:10CB900015D10EF08FFF40791D287FF440AF3BE7A1
:10CBA000807910280BD104F085FF0FF0FFFD2C28B1
:10CBB00003D10121022009F0E5FE1D2C59D0BDE86A
:10CBC000F0818FE071E05BE031E000E0CBE0807964
:10CBD0001028F4D104F06EFF0FF0E8FD582807D0BC
:10CBE0000FF0E4FD592803D00FF0E0FD5A2812D1D0
:10CBF0000121022009F0C6FE0FF0DEFD8068006909
:10CC000085600FF0D9FD80680069C6600FF0D4FD23
:10CC10008068006947711D2CD1D09DE00EF04AFF5D
:10CC200001E00EF04DFFBDE8F04100F071BF8079EA
:10CC30001028C4D104F03EFF0FF0B8FD5E2803D0E9
:10CC40000FF0B4FD432812D10121022009F09AFE11
:10CC50000FF0B2FD8068006985600FF0ADFD80685F
:10CC60000069C6600FF0A8FD8068006947711D2C3F
:10CC700072D10EF01FFF40791D287FF4FCAEF7E65D
:10CC8000807906289BD104F015FF1D2C97D10EF05A
:10CC900011FF40791D2805D00EF012FFBDE8F041CC
:10CCA00000F026BE0EF006FFF8E78079062886D150
:10CCB00004F000FF0FF07AFD422880D1012102200C
:10CCC00009F060FE0FF078FD8068006985600FF064
:10CCD00073FD80680069C6600FF06EFD80680069B2
:10CCE00047716CE780791028FBD104F0E3FE1D2C1E
:10CCF00004D00FF05BFD03280FD012E00EF0DAFE37
:10CD000040791D2806D00EF0DBFEBDE8F041002181
:10CD100000F026BD0EF0CEFEF7E70121022009F05B
:10CD200031FE0FF043FD5E2803D00FF03FFD432896
:10CD300012D10121022009F025FE0FF03DFD80688F
:10CD4000006985600FF038FD80680069C6600FF0EB
:10CD500033FD8068006947710EF0ACFE4079A04257
:10CD60007FF45FAF5AE780791D2C0BD00328B8D130
:10CD700004F0A0FE0EF09EFE4079A04210D10EF00D
:10CD800099FE0FE01028ACD104F094FE0FF00EFDD8
:10CD90000328A6D1BDE8F0410121022009F0F2BD2F
:10CDA0000EF08EFE414600F093FFD5E77C56002042
:10CDB000BB5F0208BF5F020810B513F08FF93B4953
:10CDC00004282FD00B284ED00C2813D0132825D19F
:10CDD000C8790B2822D1087A33281FD104F06AFEC3
:10CDE0000FF0E4FC032819D10121BDE81040022016
:10CDF00009F0C8BD8879032810D10920F8F790FB05
:10CE000013F026F90EF056FE4079092807D00EF0EF
:10CE100057FEF8F71AFF26490020087010BD0EF0E3
:10CE200049FEF6E788790328F8D104F043FE0EF0B6
:10CE300041FE4079092810D00EF042FE1B4908310E
:10CE400000F03CF80EF036FE4079092808D00EF0CC
:10CE500037FEBDE81040F8F7F1BE0EF02BFEEDE70F
:10CE60000EF028FEF5E788790628D7D1C8790B2877
:10CE7000D4D104F01FFE0FF099FC5E28CED1012121
:10CE8000022009F07FFD0FF097FC806809490069D6
:10CE900081600FF091FC806807490069C1600FF064
:10CEA0008BFC806804210069417110BD7C56002014
:10CEB0002C550020BB5F0208BF5F02082DE9F04738
:10CEC000040066D0487884F89000087884F89100CF
:10CED000B4F99060304617F0C5FE014660672078CF
:10CEE00004F1380542070BD520F004002070616181
:10CEF00033462846BDE8F04727A20621F3F7FCBADF
:10CF0000B4F892003044A4F892002046F7F7ACFC45
:10CF1000B4F9900017F0A6FE6061E079401CC0B241
:10CF2000E071032835D3B4F9921091FBF0F006B20A
:10CF300016F07AF9194F4FF00009D0B116F036FA11
:10CF4000022816D3387804F1940820B187F80090AD
:10CF5000404604F0F7FD304617F084FE0146404697
:10CF600004F023FE404604F003FE17F03FFE06B235
:10CF700001E0012038702046F8F70CFD28B933464F
:10CF800005A206212846F3F7B7FA84F80790A4F81B
:10CF90009290BDE8F08700002535640048580020D5
:10CFA00010B500281AD00E48092200F8452F062295
:10CFB00042700B2282700122C2700A0A0271417112
:10CFC000082100F8421C0648453001F0EFFA13F042
:10CFD00033FBBDE810400B2013F05ABB10BD00001E
:10CFE0007C56002010B500281BD00E48092100F8FF
:10CFF000451F062141700B2181703321C170002132
:10D00000017101214171082100F8421C0548453099
:10D0100001F0CCFA13F010FBBDE81040132013F020
:10D0200037BB10BD7C5600200C4810B5092100F814
:10D03000451F032141700B2181700021C1700171D6
:10D0400001214171082100F8421C0448453001F0DB
:10D05000ADFABDE810400C2013F01ABB7C5600203E
:10D0600010B5002818D00D48092100F8451F0321EC
:10D0700041700B2181700021C1700171012141714A
:10D08000082100F8421C0548453001F08FFABDE840
:10D090001040042013F0FCBA10BD00007C560020A4
:10D0A0000C4810B51D2100F8451F032141700021D7
:10D0B00081702B22C270017101214171082100F899
:10D0C000421C0448453001F071FABDE810400C20C4
:10D0D00013F0DEBA7C5600202DE9F04F85B0040035
:10D0E0005CD0487884F87400087884F87500C878B3
:10D0F00084F87600887884F87700487984F86C00A2
:10D10000087984F86D00C87984F86E00887984F80D
:10D110006F00487A84F87000087A84F87100C87A41
:10D1200084F87200887A84F873002078DFF8B8A158
:10D1300004F13801DFF8B4B1420704F12B0604F121
:10D14000310504912DD520F004002070606F6061DE
:10D15000E06E17F0EFFBCDE9000165A20621304635
:10D16000F3F7CAF9206F17F0E5FBCDE9000162A2E1
:10D1700007212846F3F7C0F9606F504503DB17F02D
:10D18000D9FB5FA204E05845F9DB17F0D3FB5EA2A0
:10D19000CDE9000107210498F3F7AEF905B0BDE829
:10D1A000F08F616FA06817F0F1FBA060216FE0685D
:10D1B00017F0ECFBE060E16E206917F0E7FB2061FF
:10D1C0002046F7F751FB606F6061E079401CC0B208
:10D1D000E0710328E2D317F05DFD07463946206968
:10D1E00017F042FC01903946E06817F03DFC0290D0
:10D1F0003946A06817F038FC074616F00FF8DFF83C
:10D2000010914FF0000890B316F0CAF802282FD3FF
:10D2100099F8001004F1A00003904A460C3804F17C
:10D22000AC09009051B182F80080009804F08AFCAB
:10D23000039804F087FC484604F084FC39460098C3
:10D2400004F0B3FCDDE9021004F0AFFC484601999C
:10D2500004F0ABFC484604F08BFC0190009804F00D
:10D2600087FC0746039804F083FC029003E0FFE785
:10D27000012189F800102046F8F78CFB50BB01987B
:10D2800017F058FBCDE9000119A206213046F3F74B
:10D2900033F9029817F04EFBCDE9000116A20721E1
:10D2A0002846F3F729F9574504DB384617F042FBC7
:10D2B00011A209E05F45384603DB17F03BFB12A2E1
:10D2C00002E017F037FB0EA2CDE900010721049818
:10D2D000F3F712F984F80780C4F80880C4F80C80CA
:10D2E000C4F810805AE700000000C8420000204146
:10D2F00025352E316600000025362E3166000000EF
:10D3000025362E336600000025362E3266000000DA
:10D310004858002070B500284DD027481D2303240D
:10D3200080F84530102380F846300023062580F829
:10D330004730012A25D0022A30D0352280F84820F3
:10D3400080F8493080F84A4080F84B5080F84C30E3
:10D35000312280F84D200A0A00F84E2F0A0E417043
:10D360008270090CC1700F2100F84B1C1248453027
:10D3700001F01CF913F060F9BDE870400B2013F0C8
:10D3800087B92F2280F8482080F8493080F84A4039
:10D3900080F84B5080F84C301122DAE7322280F8C6
:10D3A000482080F8493080F84A4080F84B5080F897
:10D3B0004C302122CDE770BD7C56002010B50028EE
:10D3C0001AD00E481D21242200F8451F0321417068
:10D3D00000218170C270017107214171082100F89C
:10D3E000421C0648453001F0E1F813F025F9BDE88C
:10D3F0001040022013F04CB910BD00007C560020F4
:10D4000010B5002818D00D481D21022200F8451F34
:10D410000321417000218170C270017106214171A8
:10D42000082100F8421C0548453001F0BFF8BDE86E
:10D430001040042013F02CB910BD00007C560020D1
:10D4400010B500281AD00E481D210C2200F8451FE7
:10D450000321417000218170C2700171142141715A
:10D46000082100F8421C0648453001F09FF813F0EF
:10D47000E3F8BDE81040062013F00AB910BD000023
:10D480007C5600202DE9FC410C4605004BD060780D
:10D49000264F60F30706207825A260F30F263E8012
:10D4A000E078062160F30706A07860F30F26B3B298
:10D4B0007B8005F14700F3F71FF8E0791DA260F3C8
:10D4C0000706A079052160F30F26BE80607A60F31D
:10D4D0000706207A60F30F26FE80E07A274660F385
:10D4E0000706A07A60F30F26607BB3B260F30707EC
:10D4F000207B60F30F2705F11E00F2F7FDFF0E49B8
:10D500000020CDE900010DA2052105F11900F2F777
:10D51000F3FF02B0BBB205F15600BDE8F04105A231
:10D520001121F2F7E9BFBDE8FC810000945800200A
:10D5300025346400256400000000F03F25660000EB
:10D540007CB50C46050077D0607860F3070620783C
:10D5500060F30F26E07860F31746A07860F31F664B
:10D56000AE67607960F30706207960F30F26E079F3
:10D5700060F31746A07960F31F66EE67607B60F387
:10D580000706207B60F30F26E07B60F31746A07B45
:10D5900060F31F66C5F88060607C60F30706207C3E
:10D5A00060F30F26E07C60F31746A07C60F31F66F3
:10D5B000C5F88460607D60F30706207D60F30F2668
:10D5C000E07D60F31746A07D60F31F66C5F88C60B0
:10D5D000607F60F30706207F60F30F26E07F60F333
:10D5E0001746A07F60F31F66304617F0A3F9CDE918
:10D5F000000112A2072105F13F00F2F77DFF94F828
:10D60000250060F3070694F8240060F30F2694F8D1
:10D61000270060F3174694F8260060F31F66304633
:10D6200017F088F9CDE9000104A2072105F14F00A8
:10D63000F2F762FF034886607CBD000025362E317C
:10D64000660000009458002010B500281AD00E483B
:10D650001D2200F8452F06224270002282702522EA
:10D66000C2700A0A02714171082100F8421C064882
:10D67000453000F09BFF12F0DFFFBDE810400D20A9
:10D6800013F006B810BD00007C56002010B500282D
:10D6900019D00D481D22262300F8452F062242707E
:10D6A00000228270C37002714171082100F8421C8F
:10D6B0000548453000F07AFF12F0BEFFBDE810408B
:10D6C0000E2012F0E5BF10BD7C56002010B50028DA
:10D6D00019D00D481D22242300F8452F0622427040
:10D6E00000228270C37002714171082100F8421C4F
:10D6F0000548453000F05AFF12F09EFFBDE810408B
:10D70000152012F0C5BF10BD7C56002010B50028B2
:10D7100023D012481D220C2300F8452F10224270FE
:10D7200000228270C370027102224271042282714F
:10D730000A0AC27101720A0E4272090C81720D212D
:10D7400000F8421C0548453000F030FF12F074FF2D
:10D75000BDE81040182012F09BBF10BD7C56002081
:10D7600010B5002823D012481D220C2300F8452FA5
:10D770001022427000228270C37002710222427134
:10D78000042282710A0AC27101720A0E4272090CE5
:10D7900081720D2100F8421C0548453000F006FF5B
:10D7A00012F04AFFBDE81040082012F071BF10BD12
:10D7B0007C56002010B5002823D012481D221623C5
:10D7C00000F8452F1022427000228270C37002714F
:10D7D00002224271042282710A0AC27101720A0E87
:10D7E0004272090C81720D2100F8421C0548453037
:10D7F00000F0DCFE12F020FFBDE81040182012F00F
:10D8000047BF10BD7C56002010B5002823D0124819
:10D810001D22162300F8452F10224270002282702C
:10D82000C370027102224271042282710A0AC2711B
:10D8300001720A0E4272090C81720D2100F8421C1D
:10D840000548453000F0B2FE12F0F6FEBDE810408B
:10D85000132012F01DBF10BD7C56002010B500280B
:10D8600019D00D481D22282300F8452F06224270AA
:10D8700000228270C37002714171082100F8421CBD
:10D880000548453000F092FE12F0D6FEBDE810408B
:10D89000112012F0FDBE10BD7C56002010B50028EE
:10D8A00023D012481D221E2300F8452F102242705B
:10D8B00000228270C37002710222427104228271BE
:10D8C0000A0AC27101720A0E4272090C81720D219C
:10D8D00000F8421C0548453000F068FE12F0ACFE2E
:10D8E000BDE81040172012F0D3BE10BD7C560020BA
:10D8F00010B500281AD00E481D21262200F8451F19
:10D900000621417000218170C2700171292141718D
:10D91000082100F8421C0648453000F047FE12F08E
:10D920008BFEBDE81040102012F0B2BE10BD00000A
:10D930007C5600202DE9FE4F040055D0087984F86C
:10D940007400487984F87500887984F87600C8797D
:10D9500084F87700087884F86C00487884F86D00C3
:10D96000887884F86E00C87884F86F00606F0025AE
:10D97000B0F5000F00DA65672078DFF86C9104F1EC
:10D980003801DFF868A1420704F12B0602912DD57A
:10D9900020F004002070606F6061E06E16F0CAFF36
:10D9A000CDE9000152A206213046F2F7A5FD606FD5
:10D9B00048450ADB17F036F983B2029803B04EA24D
:10D9C000BDE8F04F0721F2F797BD504503DB16F095
:10D9D000B1FF4AA202E016F0ADFF4AA2CDE9000174
:10D9E00007210298F2F788FDBDE8FE8F616FA068FD
:10D9F00016F0CCFFA060E16E206916F0C7FF206131
:10DA00002046F6F731FF606F6061E079401CC0B2DC
:10DA1000E0710328E8D317F03DF90746394620693D
:10DA200017F022F883463946A06817F01DF807461C
:10DA300015F0F4FBDFF8D48020B315F0B1FC022818
:10DA400020D398F80020404604F1940104F1AC087A
:10DA5000009132B10570009804F074F8404604F06B
:10DA600071F83946009804F0A0F85946404604F091
:10DA70009CF8404604F07CF88346009804F078F85F
:10DA8000074602E0012188F800102046F7F782FFE0
:10DA900028BB584616F04EFFCDE9000114A206211E
:10DAA0003046F2F729FD4F4509DB384617F0BAF842
:10DAB00083B211A207210298F2F71EFD0FE057452D
:10DAC000384603DB16F036FF0CA202E016F032FFF8
:10DAD0000CA2CDE9000107210298F2F70DFDE571D6
:10DAE000A560256180E7000000007A440000C8427C
:10DAF00025352E31660000002536640025362E318E
:10DB00006600000025362E326600000048580020CE
:10DB100010B500281AD00E484E2100F8451F0321E9
:10DB20004170112181700021C17001710421417186
:10DB3000082100F8421C0648453000F037FD12F07D
:10DB40007BFDBDE81040062012F0A2BD10BD000014
:10DB50007C5600200C4810B54E2100F8451F0321CB
:10DB60004170302181700021C1700171012141712A
:10DB7000082100F8421C0448453000F017FDBDE8BC
:10DB800010400C2012F084BD7C56002010B50028F7
:10DB90001AD00E484E2100F8451F0321417007217D
:10DBA00081700021C170017102214171082100F8CA
:10DBB000421C0648453000F0F9FC12F03DFDBDE87E
:10DBC0001040082012F064BD10BD00007C560020FB
:10DBD00010B500281AD00E484E2100F8451F032129
:10DBE0004170092181700021C170017107214171CB
:10DBF000082100F8421C0648453000F0D7FC12F01E
:10DC00001BFDBDE81040022012F042BD10BD000017
:10DC10007C56002010B5002818D00D484E2100F881
:10DC2000451F03214170262181700021C1700171BF
:10DC300004214171082100F8421C0548453000F0DC
:10DC4000B5FCBDE81040042012F022BD10BD00005C
:10DC50007C5600207CB50D4604002FD0287884F82F
:10DC60008800687884F88900A87884F88A00E878C1
:10DC700084F88B00D4F8880016F05CFECDE9000132
:10DC80000FA2072104F14F00F2F736FC287984F83F
:10DC90008C00687984F88D00A87984F88E00E87982
:10DCA00084F88F00D4F88C0016F044FECDE9000112
:10DCB00005A2072104F14700F2F71EFC7CBD00001D
:10DCC00025362E316600000025362E326600000013
:10DCD00010B5002814D00A782E2430328277C47709
:10DCE0004A78303280F82020002280F821208B787A
:10DCF000303300F8193F4470C97830318170C270F8
:10DD000010BD10B5002284188B5C521CD2B284F86E
:10DD100056300C2AF7D310BD10B500282AD016486B
:10DD20004E23002400F8453F1023437011238370D5
:10DD3000C47004710424447108248471C1710C0AF4
:10DD400004720C0C4472090E8172C272110A0173C2
:10DD5000110C4173110E817300F8423C06481946BC
:10DD6000453000F023FC12F067FCBDE810401320A2
:10DD700012F08EBC10BD00007C5600202DE9F0434F
:10DD800087B00DF1380E81469EE8E011DDE91304FD
:10DD9000CDE904C08DE8E001484600F0F1F82168C3
:10DDA00059B1496941612168016121684969086186
:10DDB0002168486107B0BDE8F0832060FAE7000001
:10DDC0002DE9F041054604680B48002707604760CD
:10DDD000286800280ED02669A06918B104F118003F
:10DDE000FEF7F8FC2046F2F78CFA28683446A04289
:10DDF000F1D12F60BDE8F081D05500202DE9FE4F14
:10DE0000154602000F464FF0010073D04A4E3168AC
:10DE100009B1716859B932607260716809697160DD
:10DE20000969914203D0401CC0B20728F5D3346879
:10DE30004FF08341284694F8038016F0A7FD8346EF
:10DE40004FF08441284616F0A1FD82461025B146C8
:10DE5000E1785E46A1EB080016F004FF314616F0AB
:10DE600061FF0146504616F091FD16F0DBFEC6B28A
:10DE7000207881070BD500F0010206F11100C1B234
:10DE8000701EC0B20EF0DEF9102015F00BF82078ED
:10DE900001070AD500F001000095CDE90150A378F3
:10DEA00031460020A268FAF7BDF9607802280FD049
:10DEB000012828D03FB32078009500F00100CDE97B
:10DEC0000150A37831460020A268FAF7ABF925E0AB
:10DED0001FB91A48E26882420DD12078009500F0FF
:10DEE0000100CDE90150A37831460020A268FAF77D
:10DEF000D9F913E01DE02078082300F00100CDE9F6
:10DF00000050314607E02078082300F00100CDE9F9
:10DF10000050E26831460020FAF7E8F9A06910B134
:10DF20003946FEF78BFCD9F8040024690069A04249
:10DF30008ED1BDE8FE8F0000D05500209070020801
:10DF40000E4910B5A1F19803CA689A61002A06D05B
:10DF5000D178814204D1107840F00100107010BDDA
:10DF6000996909699961CC78844204D1087840F0B4
:10DF70000100087010BD8A42F2D110BDB8550020D2
:10DF80002DE9F05F0746DDE90D8ADDE90A9B1C46B5
:10DF900015460E461C20F2F785F9002816D00061C0
:10DFA0004061C77080F8049001780C9A21F001015B
:10DFB0006BF3410162F3820168F3C301017080F8E1
:10DFC00001A086608570C4600F998161BDE8F09FF3
:10DFD0007047000038B51C4A002112681B4C12F033
:10DFE000F00F23D1184A1C321368DD00184B03D5FB
:10DFF0001A6802F4C0530EE0156845F080551560AC
:10E00000156805F0805500951B68156803F4C0532A
:10E0100025F080551560B3F5C05F07D1B0F5404FCE
:10E0200004D12068012140F004002060206820F025
:10E03000010008432060206800F00100884201D000
:10E04000012038BD002038BD08380240003C0240A5
:10E050000070004070B514F0FDFF00282CD0174967
:10E060001648491E40780978884225D1144D00226F
:10E070004FF400412846FAF728FF0020F9F76CFF1B
:10E080000024FAF7D9F9641CE4B2C82CF9D31021A2
:10E090000C48FAF70DFF28B1012280210A48FAF74F
:10E0A00014FFFEE780212846FAF702FF012803D07B
:10E0B000BDE87040FAF7DEBF70BD00000D570020CC
:10E0C0000000024000080240001002400148C078F1
:10E0D000704700000D57002001488078704700000D
:10E0E0000D57002001484078704700000D57002070
:10E0F00001484079704700000D5700200148007822
:10E10000704700000D570020044951F8012F0260AC
:10E110008A88828089798171704700000C570020BD
:10E1200001480079704700000D57002001488079B0
:10E13000704700000D570020054949780844C0B2D7
:10E140003C2800D33C380249491E08707047000043
:10E150000D57002038B504461248134D4FF47A731A
:10E160000068B0FBF5F0584300906068B0F5827F1E
:10E170000DD10B46009200228021204600F016F8B7
:10E1800070B1606D40F020006065032038BD0098DC
:10E1900030B1401E009020688068C0430006F6D56C
:10E1A000002038BD1000002000366E012DE9F84334
:10E1B0001E46914688460446089DFAF78BFE401B92
:10E1C000351AFAF787FE074625480068C0F3CB30BA
:10E1D000684338E0701C37D0FAF77CFEC01BA842B9
:10E1E00003D215B1009860B32CE02068416821F09B
:10E1F000E00141606068B0F5827F0BD1A068B0F5A6
:10E20000004F02D0B0F5806F04D12068016821F082
:10E2100040010160A06AB0F5005F09D12068016883
:10E2200021F4005101602068016841F4005101604F
:10E23000012084F85100002084F850000320BDE83C
:10E24000F8830025401E00902068816838EA0100AC
:10E2500004D000204845BDD10020F0E70120F9E7B7
:10E26000100000207047000070B5184C184D194E72
:10E2700060686968884218D111F02AFF10F060F9CF
:10E280000DF01EFC58B1706860603078207011F09D
:10E290001FFF10F055F96868606028782070BDE8AD
:10E2A00070400121084608F06DBB11F011FF10F01D
:10E2B00047F9686860602878207011F009FF10F055
:10E2C0003FF9706860603078E8E700004C58002043
:10E2D000545800205C58002070B5584C00256079D7
:10E2E0000E2874D00026607940B9012010F0AEF8F5
:10E2F00008B101208FE06079401C6071C0B2012834
:10E3000008D1022010F0A2F808B1022083E0607961
:10E31000401C6071C0B2022808D1032010F096F8AA
:10E3200008B1032077E06079401C6071C0B2032817
:10E3300008D1042010F08AF808B104206BE060795D
:10E34000401C6071C0B2042808D1052010F07EF88E
:10E3500008B105205FE06079401C6071C0B20528FB
:10E3600008D1062010F072F808B1062053E0607959
:10E37000401C6071C0B2062808D1072010F066F872
:10E3800008B1072047E06079401C6071C0B20728DF
:10E3900008D1082010F05AF808B108203BE0607955
:10E3A000401C6071C0B2082808D1092010F04EF856
:10E3B00008B109202FE06079401C6071C0B20928C3
:10E3C00009D10A2010F042F810B10A2023E023E01E
:10E3D0006079401C6071C0B20A2808D10B2010F08F
:10E3E00035F808B10B2016E06079401C6071C0B2AE
:10E3F0000B2808D10C2010F029F808B10C200AE0F5
:10E400006079401C6071C0B20C2809D10D2010F059
:10E410001DF810B10D20607170BD6079401C6071F5
:10E42000C0B20D2803D0002D3FF45DAF70BD0020B9
:10E4300010F00CF866710028F5D070BD2055002052
:10E4400070B5594C002560790E2873D00D2610F058
:10E45000FF0002D0012807D00FE00D200FF0F6FFDB
:10E460006671002866D190E000200FF0EFFF08B140
:10E4700000208FE06079401E6071C0B2022808D190
:10E4800001200FF0E3FF08B1012083E06079401E16
:10E490006071C0B2032808D102200FF0D7FF08B185
:10E4A000022077E06079401E6071C0B2042808D174
:10E4B00003200FF0CBFF08B103206BE06079401E12
:10E4C0006071C0B2052808D104200FF0BFFF08B169
:10E4D00004205FE06079401E6071C0B2062808D158
:10E4E00005200FF0B3FF08B1052053E06079401E0E
:10E4F0006071C0B2072808D106200FF0A7FF08B14D
:10E50000062047E06079401E6071C0B2082808D13B
:10E5100007200FF09BFF08B107203BE06079401E09
:10E520006071C0B2092809D108200FF08FFF10B127
:10E5300008202FE02FE06079401E6071C0B20A28E9
:10E5400008D109200FF082FF08B1092022E060798C
:10E55000401E6071C0B20B2808D10A200FF076FF70
:10E5600008B10A2016E06079401E6071C0B20C2824
:10E5700008D10B200FF06AFF08B10B200AE0607988
:10E58000401E6071C0B20D2809D10C200FF05EFF53
:10E5900010B10C20607170BD6079401E6071002D5B
:10E5A0003FF455AF70BD00002055002030B5054642
:10E5B0000C46881E81B22846F6F726F9291901F87B
:10E5C000020D000A487030BDBC224FF44071014872
:10E5D00000F0E0BF147C0020014908607047000093
:10E5E000885800207CB50025102408234E4A29466F
:10E5F0002846CDE90045F9F779FEFFF773FD064699
:10E60000FFF76AFD034649A2062147480096F1F745
:10E6100073FF11F05DFD01210F2819D2DFE800F032
:10E620000F1C242C343C444C545C646C747C0800F7
:10E6300008230021404A3C20CDE9004506E0CDE911
:10E6400000413D4A0823623A00213C20F9F74EFE82
:10E65000BDE87C400DF01ABFCDE90041364A0823E1
:10E660005B3A00213C20F1E7CDE90041324A082322
:10E67000543A00213C20E9E7CDE900412E4A082325
:10E680004D3A00213C20E1E7CDE900412A4A082328
:10E69000463A00213C20D9E7CDE90041264A08232B
:10E6A0003F3A00213C20D1E7CDE90041224A08232E
:10E6B000383A00213C20C9E7CDE900411E4A082331
:10E6C000313A00213C20C1E7CDE900411A4A082334
:10E6D0002A3A00213C20B9E7CDE90041164A082337
:10E6E000233A00213C20B1E7CDE90041124A08233A
:10E6F0001C3A00213C20A9E7CDE900410E4A08233D
:10E70000153A00213C20A1E7CDE900410A4A08233F
:10E710000E3A00213C2099E7CDE90041064A082342
:10E72000D21F00213C2091E7815500202530326422
:10E730003A25303264000000D0630208FAF702BCC8
:10E7400000B593B034216846F2F771F814210DA892
:10E75000F2F76DF81848016821F4C05141F40061E6
:10E7600001600B200090012010210190CDE90301F0
:10E77000059002200990C0030A904FF440200B90AE
:10E7800088040C906846FAF7BFFD08B172B6FEE740
:10E790000F200D9003200E9000200F9010901190EC
:10E7A00001210DA8FAF77AFC08B172B6FEE7FAF774
:10E7B00045FD13B000BD0000007000407047000030
:10E7C0000148FBF747BA000058590020F0B502682D
:10E7D0004FF0804C184C194D194E1A4F604507D018
:10E7E000A04205D0A84203D0B04201D0B84205D122
:10E7F00022F070034A681A4360450DD0A0420BD046
:10E80000A84209D0B04207D0B84205D00E4B98427A
:10E8100002D00E4B984203D122F44073CA681A43C7
:10E820000B6922F080021A4302608A68C26209689A
:10E83000816201214161F0BD0004004000080040F8
:10E84000000C004000080140000C01400010014095
:10E8500010B5846842EA032224F47F440A43224329
:10E86000826010BD826822F070020A4342F0070104
:10E870008160704710B5046A036A23F001030362E4
:10E88000836923F0F00343EA021324F00A020A43E7
:10E890008361026210BD10B5036A23F010030362A6
:10E8A0008469036A24F4704444EA023223F0A0032A
:10E8B00043EA01118261016210BD000070B511F0E0
:10E8C0000DFC7C4C0C2804F1080537D01ADC02281A
:10E8D0004FD004287ED0082867D00B287BD1A079A0
:10E8E000102878D1E0799C2875D103F0E3F80DF079
:10E8F0005DFF032870D058281AD0592818D05A28FC
:10E9000069D115E0122868D0132867D0192862D180
:10E91000A07904285FD103F0CDF80DF047FF582807
:10E9200003D0592801D05A2855D1607A01287CD0CB
:10E930000DF0C0F8BDE8704000F092BAA07904284C
:10E9400049D15B20F6F7ECFD11F082FB0DF0B2F837
:10E9500040795B280AD00DF0B3F8294600F0B0F8F2
:10E960000DF0A8F8BDE8704000F038BA0DF0A2F83C
:10E97000F3E7A07904287FD1E0790C287CD103F05B
:10E9800099F80DF097F840795B280BD00DF098F8C6
:10E990000C22294614F0A7FF0DF08CF8BDE870405A
:10E9A00000F0FAB90DF086F8F2E7A079042863D1F7
:10E9B00003F080F80DF07EF840795B2815D00DF05B
:10E9C0007FF8294614F07AFF0DF074F840795B283F
:10E9D0000ED004E00FE04FE065E04EE057E00DF0B0
:10E9E0006FF8BDE87040F7F730B90DF063F8E8E76D
:10E9F0000DF060F8F5E7A07904283DD1E07908280A
:10EA00003AD103F057F80DF055F840795B2811D052
:10EA10000DF056F8294600F053F80DF04BF8407908
:10EA20005B280AD00DF04CF800E009E0BDE870402A
:10EA3000F7F704B90DF03EF8ECE70DF03BF8F3E71B
:10EA40000121022007F09EFF0DF0B6FE80681A49F2
:10EA500000690069006981600DF0AEFE80681749A9
:10EA6000006900690069C1600DF0A6FE806804219C
:10EA7000006900690069417170BDE0799C28FBD193
:10EA800003F018F80DF092FE3E280CD070BDE0792E
:10EA90009C28FBD1207A5128F8D103F00BF80DF017
:10EAA00085FE0328F2D1BDE870400121022007F065
:10EAB00069BF00007C560020BB5F0208BF5F0208F0
:10EAC0002DE9FF5F040052D0487884F8740008787C
:10EAD00084F87500C87884F87600887884F8770020
:10EAE000487984F87C00087984F87D00C87984F836
:10EAF0007E00887984F87F006549E06F16F012F98E
:10EB000015F018FFCDE9000162A2082104F13F00D1
:10EB1000F1F7F2FC0025E5662567207804F12B0863
:10EB2000420704F1310704F1380622D520F0040031
:10EB30002070606F60610020CDE9000055A20621C1
:10EB40004046F1F7D9FC206F15F0F4FECDE9000145
:10EB500052A207213846F1F7CFFC606F15F0EAFEAC
:10EB6000CDE900014DA207213046F1F7C5FCBDE813
:10EB7000FF9F616FA06815F009FFA0602946E0685B
:10EB800015F004FFE0602946206915F0FFFE2061C2
:10EB90002046F5F769FE606F6061E079401CC0B205
:10EBA000E0710328E3D316F075F8814649462069E1
:10EBB00015F05AFF83464946E06815F055FF824636
:10EBC0004946A06815F050FF029014F033FBDFF8BF
:10EBD000D49088B314F0F0FB02282ED399F80010DB
:10EBE00004F1A00000904A460C3804F1AC090390EF
:10EBF00049B11570039802F0A5FF009802F0A2FF3A
:10EC0000484602F09FFFDDE9021002F0CEFF5146B8
:10EC1000009802F0CAFF5946484602F0C6FF48462F
:10EC200002F0A6FF8346039802F0A2FF029000982C
:10EC300002F09EFF824603E0FFE7012189F8001001
:10EC40002046F6F7A7FEE8B9584615F073FECDE961
:10EC5000000110A206214046F1F74EFC504615F087
:10EC600069FECDE900010DA207213846F1F744FC09
:10EC7000029815F05FFECDE9000108A20721304699
:10EC8000F1F73AFCE571A560E56025616FE70000EA
:10EC900000007A4425352E326600000025362E32DB
:10ECA000660000004858002010B500281BD00E4810
:10ECB0005B2100F8451F062141709C218170512184
:10ECC000C1700021017101214171082100F8421C2D
:10ECD00005484530FFF76AFC11F0AEFCBDE8104076
:10ECE000132011F0D5BC10BD7C5600201CB50C467D
:10ECF000002832D06846FFF707FADDE9000102F08C
:10ED0000B9FF164A5B2102F8451F102151709C2162
:10ED100091706021D170002111710421517108217D
:10ED20009171010AD1711072010E5172000C907232
:10ED3000200AD0721473200E5073200C9073074871
:10ED4000112102F8421C4530FFF730FC11F074FC31
:10ED5000BDE81C400B2011F09BBC1CBD7C56002064
:10ED60000C4810B55B2100F8451F04214170752245
:10ED700082706922C270002202714171082100F87C
:10ED8000421C04484530FFF711FCBDE810400C2040
:10ED900011F07EBC7C56002010B500281BD00E4818
:10EDA0005B2100F8451F04214170752181704521C8
:10EDB000C1700021017101214171082100F8421C3C
:10EDC00005484530FFF7F2FB11F036FCBDE8104076
:10EDD000082011F05DBC10BD7C56002010B5002845
:10EDE0001BD00E485B2100F8451F0421417075219E
:10EDF00081703021C170002101710621417108210B
:10EE000000F8421C05484530FFF7D0FB11F014FC18
:10EE1000BDE81040022011F03BBC10BD7C56002024
:10EE200010B5002818D00D485B21752200F8451F49
:10EE30000421417082706922C27000220271417106
:10EE4000082100F8421C05484530FFF7AFFBBDE83C
:10EE50001040042011F01CBC10BD00007C560020A6
:10EE600010B500281BD00E485B2100F8451F042177
:10EE70004170752181706621C170002101710121ED
:10EE80004171082100F8421C05484530FFF78EFB10
:10EE900011F0D2FBBDE81040192011F0F9BB10BDF4
:10EEA0007C5600201CB50C46002832D06846FFF77F
:10EEB0002BF9DDE9000102F0DDFE164A5B2102F8C4
:10EEC000451F102151709C2191706421D170002147
:10EED00011710421517108219171010AD1711072CF
:10EEE000010E5172000C9072200AD0721473200E21
:10EEF0005073200C90730748112102F8421C4530D2
:10EF0000FFF754FB11F098FBBDE81C400B2011F0FB
:10EF1000BFBB1CBD7C5600201CB50C46002832D05F
:10EF20006846FFF7F1F8DDE9000102F0A3FE164A9A
:10EF30005B2102F8451F102151709C2191706821BE
:10EF4000D170002111710421517108219171010AC0
:10EF5000D1711072010E5172000C9072200AD072A1
:10EF60001473200E5073200C90730748112102F87F
:10EF7000421C4530FFF71AFB11F05EFBBDE81C4058
:10EF80000B2011F085BB1CBD7C56002010B5406ADB
:10EF90000021C185C184FAF73FFF10BD70B5446AF6
:10EFA0002068406994F83D10C0F3C0100025212965
:10EFB00004D118B1E584204600F067F82068406964
:10EFC00094F83E10C0F38010222904D118B1E585D1
:10EFD000204600F042F8206C40F0100020642046EB
:10EFE000FAF71AFF70BD10B50146406A0968096852
:10EFF00089061BD40021C1850168CA6822F4807289
:10F00000CA6001684A6922F001024A6101684A69DE
:10F0100022F040024A61202180F83E10016B012954
:10F0200004D10168CA6822F01002CA60016B01298C
:10F0300002D0FBF728F910BD818DFAF7B7FE10BD9D
:10F0400010B5406A016B012902D0FBF728F910BD09
:10F05000818D4908FAF7AAFE10BD0168CA6822F43A
:10F060009072CA6001684A6922F001024A61016B2C
:10F07000012904D10168CA6822F01002CA60202167
:10F0800080F83E100021016370470168CA6822F0D1
:10F09000C002CA60202180F83D10704708B590F882
:10F0A0003E10222901D0022008BD81684FF4805310
:10F0B000994201D1026922B1826A99421BD049B1B9
:10F0C0000AE00268816A5268C2F308020A80816A13
:10F0D000891C08E0016971B10168496801F07F018C
:10F0E0001170816A491C8162C18D491E0904090C95
:10F0F000C18503D019E001684968F1E70168CA6871
:10F1000022F02002CA600168CA6822F48072CA60D4
:10F1100001684A6922F001024A61202180F83E100C
:10F12000016B012903D0FBF7AEF8002008BD0021D8
:10F1300001630168CA6822F01002CA6001680A68A7
:10F14000D20602D50A6849680091818DFAF72EFE31
:10F15000EBE700002DE9F041044600680169E26830
:10F1600021F4405111430161A1682069E269014322
:10F170006069104301432068C26849F20C639A43F6
:10F180000A43C26020684169A26921F440711143B9
:10F19000416135492068884202D1FAF765F801E0FB
:10F1A000FAF752F8E16964223223B1F5004F00EB1F
:10F1B000C00101EB001160682BD08000B1FBF0F5BD
:10F1C000B5FBF2F5B1FBF0F66FF018077D4306EBE7
:10F1D0008505B1FBF0F603EB0515B5FBF2F5B6FBC3
:10F1E000F2F605F0F00505EB0615B1FBF0F6B1FB04
:10F1F000F0F0B0FBF2F0784306EB800003EB001078
:10F20000B0FBF2F000F00F00216828448860BDE8F0
:10F21000F0814000B1FBF0F6B6FBF2F6B1FBF0F77F
:10F22000B1FBF0F56FF0180C06FB0CF607EB860649
:10F2300003EBC606B5FBF2F5B6FBF2F62D0106F0C0
:10F24000F80605EB4605B1FBF0F6B1FBF0F0B0FBBC
:10F25000F2F000FB0CF006EB800003EBC000B0FB0B
:10F26000F2F000F00700CFE70038014037B582B078
:10F270001346039A82628385002504460564222092
:10F2800084F83E00A16B13488862A16B1248C862E3
:10F29000A16B12480863A06B45632168A06B091D30
:10F2A000F9F7DAFC206801684168009184F83C5065
:10F2B000C16841F48071C1602068416941F0010179
:10F2C00041612068416941F04001416105B0002081
:10F2D00030BD0000E7EF000841F000089DEF000896
:10F2E0002DE9F0411E46174688460446069D1CE05F
:10F2F000681C1AD025B1F9F7EDFD801BA84214D97E
:10F300002068C16821F4D071C1602068416921F092
:10F3100001014161202084F83D0084F83E00002076
:10F3200084F83C000320BDE8F0812068016838EAD9
:10F33000010004D00020B842DAD00020F3E7012019
:10F34000F9E7000010B50448FAF77AFDBDE810406F
:10F350000148FAF762BD00009859002010B5044832
:10F36000FAF76EFDBDE810400148FAF756BD0000FF
:10F37000DC59002010B50448FAF762FDBDE81040E2
:10F380000148FAF74ABD0000205A002070B500205D
:10F39000F8F7E2FD0024F9F74FF8641CE4B2C82C3A
:10F3A000F9D3264C10212046F9F782FD244E254D35
:10F3B000D8B90120307018E00EF044FE0CF070FD5A
:10F3C00018B102F051FB0FF0F7FB0CF053FD18B130
:10F3D00002F02EFBF9F730F802F014F80CF060FDA3
:10F3E00018B102F041FBFAF7F7FF10212046F9F7B8
:10F3F0005FFD28B9287818B913F032FE0028DBD059
:10F400000020F8F7A9FD0024F9F716F8641CE4B20F
:10F41000C82CF9D3307801280CD1287850B90022B3
:10F420004FF400410848F9F750FD012280210748B8
:10F43000F9F74BFDBDE8704014F008BB000802402E
:10F44000000000202E570020000002400010024063
:10F45000FEE7000010B500F0EBF800F095F8094C5D
:10F46000002280212046F9F730FDC72000F076F811
:10F47000012280212046F9F728FDBDE8104000F068
:10F4800083B80000000C024070B5040300F0D0F80F
:10F4900000F07AF80E4D002280212846F9F715FD7C
:10F4A000202000F05BF8C4F3074000F057F8C4F3E5
:10F4B000072000F053F8E0B200F050F8012280215C
:10F4C0002846F9F702FDBDE8704000F05DB8000085
:10F4D000000C02402DE9F041134F15460C4606463C
:10F4E000002280213846F9F7F0FC032000F036F8BE
:10F4F000C4F3074000F032F8C4F3072000F02EF800
:10F50000E0B200F02BF8002405E0FF2000F026F820
:10F510003055641CA4B2AC42F7D33846BDE8F04184
:10F5200001228021F9F7D1BC000C024070B50A4CD1
:10F53000002280212046F9F7C8FC052000F00EF8D3
:10F54000FF2000F00BF80546012280212046F9F744
:10F55000BCFC284670BD0000000C024001B582B022
:10F5600000208DF804000A200090012301AA02A9BE
:10F570000448FAF75FF910B1FF208DF804009DF8F8
:10F5800004000EBD0059002010B5FFF7CFFFC007E3
:10F59000FBD110BD2DE9F05FC1F30B06DFF88C80C5
:10F5A0000F0BC6F580548A4681461546A24200D804
:10F5B000144639038B464FF480524046FFF78AFFCA
:10F5C000002006E0321818F80210FF2903D1401C71
:10F5D00080B2A042F6D3A04221D23846FFF754FFB2
:10F5E000002006E019F800208319401C08F80320C9
:10F5F00080B2A042F6D359464FF48052404600F004
:10F600002BF8A5420FD0281BA144A244002685B2A6
:10F610004FF480547F1CA542CBD82C46C9E7224624
:10F6200051464846EBE7BDE8F09F000084680020A3
:10F6300010B5084C002280212046F9F746FC062030
:10F64000FFF78CFF20460122BDE810408021F9F72A
:10F650003CBC0000000C02402DE9F0410746C8B256
:10F66000C0F580740E461546A24200D814464FF4E9
:10F67000807822463146384600F00EF8A54208D080
:10F68000281B2744264485B24446A542F1D82C467F
:10F69000EFE7BDE8F08100002DE9F04115460C468A
:10F6A0000646FFF7C5FF134F002280213846F9F7C1
:10F6B0000CFC0220FFF752FFC4F30740FFF74EFF98
:10F6C000C4F30720FFF74AFFE0B2FFF747FF00242B
:10F6D00004E0305DFFF742FF641CA4B2AC42F8D3F3
:10F6E000012280213846F9F7F0FBBDE8F041FFF731
:10F6F0004BBF0000000C0240810901F0010201F043
:10F700000201C2EB0212C1EB011102EB0111CBB2FB
:10F71000010901F0010270B501F00201C2EB021211
:10F72000C1EB011102EB0111CCB2810801F0010221
:10F7300001F00201C2EB0212C1EB011102EB011157
:10F74000CDB200F0010100F00200C1EB0111C0EBED
:10F75000001001EB0010C6B2184600F03DF820463C
:10F7600000F03AF8284600F037F83046BDE870401F
:10F7700000F032B82DE9F041144D07464FF4807483
:10F78000002221462846F9F7A0FB114E0022610015
:10F790003046F9F79AFB012221463046F9F795FBEE
:10F7A000002280213046F9F790FB3946094813F0D2
:10F7B000A1FB002221463046F9F787FB2146284667
:10F7C000BDE8F0410122F9F780BB000000000240D3
:10F7D00000080240000C02402DE9F041144D07469C
:10F7E0004FF48074002221462846F9F76EFB114E33
:10F7F000012251023046F9F768FB012221463046CA
:10F80000F9F763FB002280213046F9F75EFB3946A9
:10F81000094813F06FFB002221463046F9F755FBEB
:10F8200021462846BDE8F0410122F9F74EBB000011
:10F830000000024000080240000C0240490050EA6B
:10F84000C12018BF04204A0D18BF40F0010040F24B
:10F85000FF72B2EB515F08BF40F00200012808BF01
:10F86000052070470907090E002804DB00F1E0209D
:10F8700080F80014704700F00F0000F1E02080F8DD
:10F88000141D704740F2013200204FF0E04115F0A6
:10F89000FDBB0000024A0020110715F0F7BB000075
:10F8A00001FDFFFF10B50446D1E9000100F002F8A8
:10F8B000206010BDF8B504460D466A4602F02CFAE9
:10F8C00000987E30009000281EDC0022134620465F
:10F8D000294614F005FD17D0002140F608004FF02E
:10F8E000000006462046294614F0B4FA044640F6C5
:10F8F000080006EA00014FF0000034F0004004BFA9
:10F900000220F1F716F829E00098FF2828DB0021F3
:10F9100008464FF0000000F440060022134620463F
:10F92000294614F0DBFE8CBF002501250220F1F7EB
:10F9300000F84FF0FF4446B1002D0CBF4FF400001B
:10F940004FF48000B04218BF084C042108464FF025
:10F950000000002D04BF84F00040F8BD2046F8BD33
:10F9600020462946BDE8F84014F074BAFFFF7F7FB7
:10F9700010B504460A46D4E9000319460EF02CFDE2
:10F98000C4E9000110BD30380A2801D201207047B7
:10F99000002070472DE9F04100250E4607462C4611
:10F9A00007E057F82410284614F0F0FF641C0546C1
:10F9B000E4B2B442F5D3304615F06CF9014628465E
:10F9C000BDE8F04115F050B830B583B00446F0F70B
:10F9D000ABFF05460020CDE90000024621466846FF
:10F9E000F1F75AFA2846F0F7A4FFDDE9000103B069
:10F9F00030BD00002DE9F04F85B0064613F030FB16
:10FA00000200B248B24D00F18401049100F163019B
:10FA1000039100F1420100F121004FF00B04A5F128
:10FA20000209CDE9010174D013F01AFBDFF8A4A29A
:10FA300018B14FF06632A84B01E0A84AA84B174610
:10FA40009846304614F076FF83463A464346009186
:10FA500014F044FE06D82878000766D416230094D4
:10FA6000049A49E013F0FCFA18B14FF066329D4B4E
:10FA700001E09D4B00225846009914F02FFE17D844
:10FA800013F0EEFA18B14FF06632934B01E0934A4F
:10FA9000934B5846009914F0E7FC09D2287840F0BF
:10FAA00008002870400740D416230094039A23E0EE
:10FAB00013F0D6FA10B18D4A8D4B01E0874A8D4B79
:10FAC0005846009914F00AFE1BD813F0C9FA18B171
:10FAD0004FF06632834B01E0834B00225846009979
:10FAE00014F0C2FC0DD2287840F004002870800782
:10FAF0001BD4029A1623009404218220F8F78AFA74
:10FB000013E0564511DB13F0ABFA18B1774A784B86
:10FB100002E029E0714A774B5846009914F0A4FCA2
:10FB200003D2287840F0030028702878C00712D04C
:10FB300099F8010040B1002089F801004FF0160348
:10FB4000009418B1019A02E00120F5E75F4A042110
:10FB50008220F8F75FFA564534DA5C4A1623A5325C
:10FB60000421822000944CE010216348F9F7A0F9A9
:10FB700058BB6248864228DC99F803004D4630B1F4
:10FB8000012808D002280AD003280CD012E016233E
:10FB90000094019A0AE016230094029A06E01623C4
:10FBA0000094039A02E0049A162300940421822010
:10FBB000F8F730FAE878401CC0B2E870042801D3A6
:10FBC0000020E87005B0BDE8F08F13F049FA18B1D5
:10FBD0004FF06632404B01E0404A414B1746984691
:10FBE000304614F0A7FE894606463A46434614F0CE
:10FBF00075FD09D828780007E4D416230094049AE8
:10FC000061E0F8F707FADDE713F02AFA18B14FF0D0
:10FC10006632344B01E0344B00223046494614F042
:10FC20005DFD17D813F01CFA18B14FF066322A4B5D
:10FC300001E02A4A2A4B3046494614F015FC09D205
:10FC4000287840F0080028704007BBD416230094A1
:10FC5000039A38E013F004FA10B1244A244B01E06F
:10FC60001E4A244B3046494614F038FD17D813F08D
:10FC7000F7F918B14FF066321A4B01E01A4B002227
:10FC80003046494614F0F0FB09D2287840F00400D1
:10FC90002870800796D416230094029A13E013F07C
:10FCA000DFF910B1114A124B01E00C4A114B3046FA
:10FCB000494614F0D9FB85D22878162340F002007B
:10FCC0002870019A0094042182209AE7F5630208C3
:10FCD000125800209A99193F666612409A9999998C
:10FCE00099990D406666104000000C40CDCCCCCCFC
:10FCF000CCCC0C4099990940000802403333834032
:10FD000038B51A4B2C211A4A984228DC194C207914
:10FD100030B1012808D002280CD0032810D015E0FB
:10FD20005823154A00910DE0009158233A21134AB7
:10FD3000242009E0009158233A21114A242003E0AD
:10FD4000582300913A212420F8F764F92079401CC7
:10FD5000C0B22071042801D30020207138BD009169
:10FD600058233A212420F8F755F938BD333383401E
:10FD7000676A020810580020BB6402089F660208E8
:10FD80008368020800F00F01000900EB800001EB1E
:10FD90004000C0B27047000070B513F05DFA1D4E10
:10FDA0001D4C002578B1607868B1012240213046B1
:10FDB000F9F78BF82078401CC1B22170322920D38A
:10FDC000257065701EE013F0ABF8D8B1A078C8B10B
:10FDD0002079C00701D0002200E0012240213046F6
:10FDE000F9F773F8E078401CC0B2E070322808D30D
:10FDF000E5702079401CC0B22071042801D3257120
:10FE0000A57070BD3046BDE8704000224021F9F772
:10FE10005CB800000000024028580020034900227E
:10FE2000034BD1E9020114F003B900005856002039
:10FE300000408F401CB514490860F8F739FBB62123
:10FE4000E020F3F767F81420F8F73EFF03208DF861
:10FE5000000001248DF801408DF802006846F3F798
:10FE60004EF800208DF8040004208DF805008DF870
:10FE7000064001A8F3F738F8FF217420F3F74AF899
:10FE80000A20F8F721FF1CBD58560020FF2000F083
:10FE900001B80000084B196809688A68D2439207C4
:10FEA000FBD4C860186800688168C943C907FBD1E2
:10FEB000C068C0B2704700005856002010B501203D
:10FEC000F2F7BCFF0028FAD10820F2F7B7FF0028AC
:10FED000FAD1F2F7D9FF044CC4E90401F2F7B8FFF4
:10FEE000C4E9020110BD0000585600202DE9F14F71
:10FEF0007448734E406814F08CFA4FF0FF3215F0DE
:10FF0000C5F80022704B14F02BFC04460D46B34696
:10FF1000B6F9100014F07DFA0746884622462B46B3
:10FF20001046194614F0DCFA43463A4614F0D8FA63
:10FF30006FF00E0215F0AAF880460F46B6F90E00D3
:10FF400014F067FA22462B4614F0CAFA012215F083
:10FF50009DF842463B4613F0AFFF81468A46B6F90C
:10FF60000C0014F056FA102215F090F80746884657
:10FF70006FF001024846514615F088F83A4643466C
:10FF800013F09AFF80468946B6F9080014F041FA4A
:10FF900022462B4614F0A4FA07468A46B6F90A0010
:10FFA00014F037FA22462B4614F09AFA22462B46D2
:10FFB00014F096FA6FF01204224615F067F85346D3
:10FFC0003A4613F079FF224615F060F805460F46D1
:10FFD000F08814F035FA04460E466FF00E022846FB
:10FFE000394615F053F80022384B13F065FF2246CE
:10FFF000334614F075FA002204460D46134614F0F9
:020000040801F1
:100000006FF903D100200146BDE8F88F009814F085
:1000100000FA00222E4B14F097FB06460F466FF0B5
:100020000B024046494615F031F832463B4614F083
:100030008BFB0022274B14F053FA22462B4613F079
:10004000F7FF04460D465E46BBF9160014F0E1F9D1
:1000500022462B4614F044FA22462B4614F040FA6E
:100060006FF01E0215F012F882468B46B6F91400A6
:1000700014F0CFF922462B4614F032FA6FF00E023C
:1000800015F004F807468946B6F9120014F0C1F9D4
:10009000064688463A464B465046594613F00CFFF2
:1000A0004346324613F008FF6FF0030214F0EEFFF0
:1000B00001B022462B46BDE8F04F13F0FDBE000014
:1000C000EC5B0020505600200040EF400000F03F65
:1000D00000003041006AB8402DE9F84F2C4C05462D
:1000E000B4F9020014F095F982468846208814F08D
:1000F000A7F906466FF00902009114F0C7FF814688
:100100000F46284614F085F98B4605466FF00D0220
:1001100014F0BCFF4A463B4614F022FB52464346CD
:1001200014F0DEF981468A46B4F9040014F071F93E
:100130000446884630466FF00C02009914F0A6FF82
:1001400006460F46284659466FF0100214F09EFFEF
:1001500032463B4614F004FB02460B4614F0C0F94D
:100160004346224614F0BCF94A46534613F0A4FE17
:100170000D46044614F0F0F806490022064B48608C
:1001800001B020462946BDE8F04F13F051BF0000F2
:10019000EC5B0020505600200000B440D020F2F765
:1001A00089BE000010B50BF039FE344CE8B301F005
:1001B0000FFC20780B2802D03D281BD118E02F48D7
:1001C000E1699830C0688069884213D189792B4AE7
:1001D000890702F18C0201D01C2100E01D21517021
:1001E0004069264982798B314069515C017201E096
:1001F00013F002FDE069017821F00101017040690E
:10020000E061017841F001010170A26992698242C6
:100210000BD121F001010170A069017841F00101C9
:1002200001701748A0621748E0620BF0A1FD00289A
:1002300022D001F069FB20783D2801D113F0DCFCCD
:10024000E069017821F0010101708069E0610178C5
:1002500041F001010170A2699269926982420BD159
:1002600021F001010170A069017841F001010170E4
:100270000348A0620348E06210BD00002055002042
:1002800075110108890201082DE9F04F87B000209F
:1002900000900BF06DFDFE4CA4F1980760B101F0E9
:1002A00033FB607840B13878092801D10FF02CFE7B
:1002B000607801210CF0F4FAE068A146A8B1B869B1
:1002C00098B10078C00710D00BF0A8FD00287DD0B1
:1002D00001F07EFBB869017989B33978042909D026
:1002E00002290BD0082909D00AE007B0BDE8F04F79
:1002F00001F06EBBC2683AB1BA6505E0C2787A72A5
:10030000042905D3072903D8C2783A72042906D0F4
:100310000A2915D0262913D0272911D012E0D9F89F
:100320000C10DC4A814201D1DB4903E009698142BA
:1003300008D1DA494B6853600978117002E008E08F
:10034000C178F971007907B00021BDE8F04F0CF0D9
:10035000A7BA816900297DD0CD4C3A7804F10C050B
:10036000DFF83CA301263F3A08344FF0020B4FF070
:100370000008212A6FD2DFE802F011111111FE6E80
:10038000F2F2FDFDFD6EFCFCFBFBFBFCFCFBFB6EDF
:10039000FCFB6EFAFAFAFEFEFEF9FE00D9F80C003C
:1003A0000A218069FCF725FA81462846FDF708FDF9
:1003B00000225D214B200BF045FF0BF087FB4079BD
:1003C0004D2856D00BF082FB407900E0F4E31D2865
:1003D00048467DD0B9F1000F6ED014F031F80022FC
:1003E000B04B13F025FE13F035FD3862484614F08B
:1003F00027F80022AB4B13F01BFEABA2CDE90001A6
:100400000821A748F0F778F8CDE90484CDE902681F
:10041000CDE900A800231A4638213420FAF793F9D1
:10042000CDE90484A348CDE90008CDE902B84746E8
:100430000723A14A4C210020FAF785F9CDE904747D
:100440009E48CDE90007CDE902B7052360219C4A0B
:10045000002001E0FDE3FDE3FAF775F90BF036FB50
:1004600040794D2841D00BF031FB40791D2847D011
:1004700051E012F049FF00B312F046FF0A281CD0E9
:10048000484614F007FC8F49386214F0EDFA14F076
:1004900051FACDE900018CA208218148F0F72CF82F
:1004A000CDE90484CDE902680023CDE900A8382114
:1004B0001A463C20B2E70BE014E0484614F0EAFB91
:1004C00038624B4682A208217548F0F715F8E7E735
:1004D00014F0E0FB7F49386214F0C6FA14F02AFAEF
:1004E0007DA28BE77E487F497DE70BF0EFFACDE9EF
:1004F000047400238821CDE902671A463F3014E0D6
:100500000BF0E4FACDE9047400238821CDE90267F9
:100510001A46383009E00BF0D9FACDE9047400230B
:100520008821CDE902671A463130CDE9000738202D
:10053000FAF709F96C4812F09DFC03970497CDE98E
:100540000575CDE90076694B0422694900200296C1
:10055000FDF714FC07B0BDE8F04FF4F799BFD9F8E8
:100560000C000A218069FCF744F905E0E0E172E142
:1005700002E124E143E092E213F062FF0022494BE2
:1005800013F056FD8146009113F064FC3862009927
:1005900058A2CDE9009108214148EFF7ADFF284668
:1005A000FDF70EFC00225D214B200BF04BFECDE948
:1005B0000484CDE90268CDE900A8002347461A4625
:1005C00038213420FAF7BFF8CDE904743948CDE971
:1005D0000007CDE902B70723374A4C210020FAF77C
:1005E000B2F8CDE904743548CDE90007CDE902B78A
:1005F0000523334A60210020FAF7A5F85DE3D9F816
:100600000C000A218069FCF7F4F85FEA000977D052
:1006100013F016FF0022394B13F00AFD13F01AFCF9
:1006200038622846FDF7CCFB484613F009FF00224C
:10063000324B13F0FDFCCDE9000123A2082118483C
:10064000EFF75AFF00225D214B200BF0FBFDCDE9B7
:100650000484CDE90268CDE900A8002347461A4684
:1006600038213420FAF76FF8CDE904741148CDE948
:100670000007CDE902B707230F4A4C210020FAF703
:1006800062F8CDE902B7CDE904740C48052338E0DF
:10069000B85500204C580020545800205C580020C9
:1006A000305B0020000024402530352E303166209C
:1006B00025250000965F02088F5F0208B05F0208E0
:1006C000AB5F02080000C84225352E3266000000EC
:1006D0002535640000007A4425352E33660000007D
:1006E000FCA9F1D24D62503F0000A842736202089B
:1006F000BA5E020825352E31660000000000594020
:1007000037E0CDE90007FD4A60210020FAF71BF829
:100710000BF0DCF9407901287DD00BF0D7F9407956
:100720005C28F9D00BF0D2F9CDE9047400238821BC
:10073000CDE902671A463130CDE900070020FAF70B
:1007400002F8CDE90474EE48CDE900070023CDE9B5
:1007500002671A4688214620F9F7F5FF0BF0B6F933
:10076000CDE9047400238821CDE902671A463F30A1
:10077000C9E2E448E44951E7D9F80C000A2180694C
:10078000FCF737F813F05CFE0022E04B13F050FC4E
:100790008146009113F05EFB38622846FDF710FB9E
:1007A000AFF2B0020099DA48CDE900910821EFF7E5
:1007B000A3FE00225D214B200BF044FD27E1D9F878
:1007C0000C000A218069FCF714F813F039FE0022AE
:1007D000CE4B13F02DFC8146009113F03BFB3862A9
:1007E0002846FDF7EDFAAFF2F4020099C848CDE9CA
:1007F00000910821EFF780FE00225D214B200BF0D5
:1008000021FDCDE90268CDE9048400233821474663
:100810001A46342000E074E0CDE900A8F9F793FF10
:10082000CDE90474BB48CDE90007CDE902B7072341
:10083000B94A4C210020F9F786FFCDE90474B74886
:10084000CDE90007CDE902B70523AC4A60210020BD
:10085000F9F779FF5FE6D9F80C000A218069FBF708
:10086000C8FF81462846FDF7ABFA0BF02FF9407917
:100870001D28484650D013F0E3FD0022A34B13F08F
:10088000D7FB8146009113F0E5FA3862AFF29C1273
:100890000099CDE9009108219D48EFF72DFE002237
:1008A0005D214B200BF0CEFCCDE90484CDE902683C
:1008B000CDE900A8002347461A4638213420F9F72D
:1008C00042FFCDE904749348CDE90007CDE902B7B2
:1008D0000723914A4C210020F9F735FFCDE9047434
:1008E0008E48CDE90007CDE902B70523834A602190
:1008F0000020F9F728FF0BF0E9F840791D283FF4B4
:10090000FFAD0BF0E3F8CDE9047400238821CDE9B5
:1009100002671A4638300FE714F0BCF98049386294
:1009200014F0A2F814F006F87EA2CDE90001B2E7B7
:10093000D9F80C000A218069FBF768FF7862284625
:10094000FDF73EFA00225D214B200BF07BFC77483F
:1009500090F90000442802D0432836D057E00BF02D
:10096000B5F840791D2810D00BF0B0F840794E282A
:1009700018D0AFF2A422082165487B6AEFF7BCFDCE
:10098000CDE9026840466A4937E0786A14F06AF9AE
:100990006349386214F068F820F0004013F0CAFF91
:1009A00064A20BE0786A14F05DF96449386214F0CF
:1009B0005BF820F0004013F0BDFF61A2CDE900011B
:1009C0000A215348EFF798FDDAE7786A40427862E7
:1009D0000BF07CF840791D2841D00BF077F8407976
:1009E0004E2849D0AFF21832082149487B6AEFF708
:1009F00083FDCDE9026854494046CDE90404CDE9C0
:100A0000001000231A4638213420F9F79CFECDE966
:100A10000484CDE90268CDE900A8002347461A46C0
:100A200038213420F9F78FFECDE904743948CDE937
:100A30000007CDE902B70723374A4C210020F9F718
:100A400082FECDE904743548CDE90007CDE902B74F
:100A500005232A4A60210020F9F775FE50E5786ADF
:100A600014F000F92E49386213F0FEFF20F0004028
:100A700013F060FF2FA20BE0786A14F0F3F82F490F
:100A8000386213F0F1FF20F0004013F053FF2CA266
:100A9000CDE900010A211E48EFF72EFDA9E70BF072
:100AA00015F840794D2809D0D9F80C000A21806941
:100AB000FBF79FFE009014F0EDF810E0C7F82080DF
:100AC000D9F80C000A218069FBF7A0FE14F0E2F8C7
:100AD000164938620978432902D180F00040386213
:100AE0002846FDF76DF90AF0F1FF4079602842D001
:100AF0000AF0ECFF407961284CD027E0AB5F020898
:100B0000C86F0208FCA9F1D24D62503F000024409A
:100B1000305B0020965F02088F5F0208B05F02081A
:100B200000007A4425372E3366000000D855002097
:100B30008D5F020825382E33660000000000C84291
:100B400025372E32660000008B5F02080AF0BEFFD8
:100B500040791D2831D00AF0B9FF40794E282CD0B9
:100B60000AF0B4FF40794D2838D0386A14F05AF8AA
:100B70000346A2A24EE0009813F062FC0022A04BB4
:100B800013F056FA13F066F9386213F0D3FEAFF2A1
:100B90009C4232E0009813F053FC0022984B13F073
:100BA00047FA13F057F9386213F0C4FECDE900019B
:100BB00094A20921954825E0B6E0009813F040FC86
:100BC00000228F4B13F034FA13F044F9386213F01B
:100BD000B1FECDE900018EA2092111E012F094FBD3
:100BE00098B112F091FB0A280FD08B49386A13F0A4
:100BF0003BFF13F09FFEAFF23052CDE90001082118
:100C000082480A38EFF778FC09E0386A13F0EEFF03
:100C1000034682A27D4808210A38EFF76DFC0022C6
:100C20005D214B200BF00EFB0AF050FF407961284C
:100C300037D00AF04BFFCDE90484CDE90268CDE955
:100C400000A800231A4638213420F9F77CFD4746D6
:100C500001E06CE05BE0CDE904847148CDE9000877
:100C6000CDE902B807236F4A4C210020F9F76BFD4C
:100C7000CDE904746C48CDE90007CDE902B705233E
:100C80006A4A60210020F9F75EFD0AF01FFF4079F3
:100C9000602812D00AF01AFF40794D287FF4DEAEAA
:100CA00023E4CDE904845949CDE90018CDE902686F
:100CB000002338211A462C20C7E70AF007FFCDE9A8
:100CC00004743830CDE900070023CDE902671A46E5
:100CD00088211846F9F737FDCDE904745448CDE969
:100CE00000070023CDE902671A4688214620F9F75C
:100CF0002AFD0AF0EBFECDE9047400238821CDE93A
:100D000002671A464730CDE90007602010E40278F8
:100D100022F001020270F961087840F001000870C9
:100D20004448B8624448F86207B0BDE8F08F3878AC
:100D3000072242494D2858D021DC422855D014DCE6
:100D4000372846D008DC0A2843D0162835D01A2880
:100D500023D01C284DD12CE03E2846D03F2844D03B
:100D6000402842D0412844D13FE043380A2840D2AD
:100D7000DFE800F03B3F3B3B3B3B3B3B3B3B4E38E4
:100D8000122836D2DFE800F03131313131313131E2
:100D9000312131313131313131310AF097FE28B111
:100DA0000FF096F90DF0CCFB014600E00021012088
:100DB00016E023480860234802E0234808602348DF
:100DC00048600A72012100200AE021480860214899
:100DD000F6E721480860214848600A720121042092
:100DE00007B0BDE8F04F05F0CDBD1D4808601D48B7
:100DF000E6E71D4808601D48E2E7000025640000A2
:100E00000000244025382E31660000003A5B0020A7
:100E100025342E31660000000000C84225346400ED
:100E2000965F02088F5F0208B05F0208AB5F02089E
:100E3000C86F0208C5120108A5010108A0550020CD
:100E4000EE620208F56202081263020819630208E2
:100E5000AB6D0208B26D0208C16D0208C86D0208D0
:100E6000FF62020806630208DA620208E162020811
:100E700070B50AF0D3FF3B4DA5F1980480B100F0A6
:100E8000A7FDE069017821F00101017069688142E4
:100E900041D10FF04FFC2078C01E5D2839D200E010
:100EA00036E0DFE800F03E36363636363636363651
:100EB000363636363E3E363636363E3E36363636B2
:100EC00036363636363636363E363636363E3E3EA2
:100ED0003E3636363E36363E3E36363636362F3699
:100EE000363E3E3E3E3E3E3E3E3E3E3E3E3E3E3E2A
:100EF0003E3E3E3E3E3E3E3E3E3E3E3E3E3E3E3E12
:100F00003E3E3E0000F0F2FB0146022005F03AFDB5
:100F100007E00121F9E71448A0621448E06200F0FC
:100F200003FE0AF025FF00281BD000F0EDFC20781E
:100F3000582810D059280ED05A280CD0E0690178D2
:100F400021F0010101700848A0620848E062BDE894
:100F5000704000F0E9BD6878BDE8704001210BF0F9
:100F60009FBC70BDB85500207511010889020108A9
:100F700010B50AF053FF002827D000F029FD7C4867
:100F80000078012821D10FF0A3F80E281DD2DFE848
:100F900000F0072A394653606D7986929EAAD0DC0C
:100FA00012F024F8022805D10AF090FDF4F7F2FCC3
:100FB000002873D012F01AF821E00FF089F80DF034
:100FC000BFFA0146012005F0DDFCA8E00AF07EFD35
:100FD000F4F7E0FC002805D000F0BCFB0AF076FD39
:100FE000F4F79FFE9BE012F02FF8022805D10AF0DB
:100FF0006DFDF4F7CFFC002850D012F025F8002842
:10100000E4D18CE012F01AF8022805D10AF05EFD56
:10101000F4F7C0FC002841D012F010F8EFE711F00F
:10102000F2FF022805D10AF051FDF4F7B3FC0028C5
:1010300034D011F0E8FFE2E711F0DEFF022805D11D
:101040000AF044FDF4F7A6FC002827D011F0D4FFE5
:10105000D5E711F0EDFF022805D10AF037FDF4F7CE
:1010600099FC00287DD011F0E3FFC8E711F0D4FF10
:10107000022804D10AF02AFDF4F78CFC70B111F0BB
:10108000CBFFBCE711F0BEFF022804D10AF01EFD21
:10109000F4F780FC10B111F0B5FFB0E746E011F0B5
:1010A00097FF022804D10AF011FDF4F773FCE8B3AE
:1010B00011F08EFFA3E711F093FF022804D10AF08C
:1010C00005FDF4F767FC88B311F08AFF97E711F08C
:1010D00079FF022804D10AF0F9FCF4F75BFC28B38D
:1010E00011F070FF8BE711F075FF022804D10AF0B0
:1010F000EDFCF4F74FFC10B111F06CFF7FE70AF044
:10110000E5FCB0F8C40002282BD10AF0DFFC4079DE
:101110004A2826D112F0A6F800287FF44EAF0AF034
:1011200027FE002822D0BDE8104000E019E000F0C2
:10113000EBBB11F06BFF022804D10AF0C7FCF4F7F7
:1011400029FC70B111F062FF59E711F06BFF022822
:1011500004D10AF0BBFCF4F71DFC10B111F062FFE2
:101160004DE70AF0B3FCF4F7D7FDD3E710BD00005C
:101170002055002070B5304DAC698CB105F1980652
:10118000F06868B12078C0070AD00AF067FE68B33B
:1011900000F046FC2878062808D0072806D007E08B
:1011A00000F03EFCBDE8704000F08EBBFDF748F952
:1011B0002878012807D12148416821B920494A6887
:1011C000426009780170A8696469844202D021787C
:1011D0004907F9D5844209D0207840F001002070F9
:1011E000A869017821F001010170AC610AF0A8FD45
:1011F000D8B100F069FB2878062801D0072801D172
:10120000FDF76AF8A8692469844202D02178490769
:10121000F9D5844209D0207840F001002070A869F7
:10122000017821F001010170AC61F168A869BDE8A5
:10123000704012F0ADBD0000205500204C58002039
:101240005458002070B50AF009FE24251C4C2326B2
:10125000B8B100F0E5FB2078232802D0242810D173
:1012600005E017482570983004F030F904E0144880
:101270002670983003F0F4F80022A02120200AF014
:10128000E1FF0AF05DFD002818D000F01DFB20787A
:1012900023280DD0242811D109482670983003F056
:1012A000DFF8BDE870400022A02120200AF0CABF6C
:1012B00003482570983004F009F9F2E770BD00008A
:1012C0002055002010B50AF0C9FD274C60B100F090
:1012D000A7FB20780B2826D01B2818D0E069027ABB
:1012E000C179801D12F0E2FC0AF02AFD00283AD0F4
:1012F00000F0EAFA20780B282BD01B281CD0E069DC
:10130000027AC179BDE81040801D12F0DFBC60791F
:101310000DF09CF8024614480121143012F0CEFC66
:1013200012F030FCE0E7E069027AC179801D12F02A
:10133000BDFC12F093FCD7E760790DF087F8024608
:1013400009480121143012F0C9FCBDE8104012F028
:1013500019BCE069027AC179801D12F0B7FCBDE8C2
:10136000104012F07BBC10BD2055002010B50AF0D3
:1013700075FD104C60B100F053FBE069017821F07D
:10138000010101708069E061017841F001010170A3
:101390000AF0D6FC00280CD000F096FAE06901783B
:1013A00021F0010101704069E061017841F0010123
:1013B000017010BD20550020094810B500780128A3
:1013C0000CD00AF04BFD08B100F02AFB0AF0B8FC83
:1013D000002803D0BDE8104000F076BA10BD000030
:1013E0002055002010B50AF0D3FD054CA06A00B1CD
:1013F0008047E06A002802D0BDE81040004710BDD9
:10140000205500202DE9F04186B000248DF80840D9
:1014100000F01AF9002816D07C4DA81C2C706978B1
:10142000F3F70AFA00280ED0A878FE280BD1E97845
:1014300002290BD0032906D1287901287BD0022864
:1014400001D10DF02DFA06B0BDE8F0812879022611
:10145000FF27C01E4FF0010807287ED2DFE800F00A
:101460000415506C8897A600012214022146681DBD
:10147000FEF790F812F016FA8DF800708DF8016002
:1014800003204AE08DF8030067E068798DF81200C8
:10149000A8798DF81100E8798DF80F00287A8DF879
:1014A0000E00687A8DF80D00A87A8DF80C0003A85C
:1014B000F8F74FFF8DF800708DF8016004208DF86B
:1014C0000200FCF733FE6979884216D1FCF710FE62
:1014D000A979884211D1FCF7F9FDE97988420CD14C
:1014E000FCF7FAFD297A884207D1FCF7FBFD697AFF
:1014F000884202D18DF803802FE08DF803402CE064
:10150000012294022146681DFEF744F812F0CAF940
:101510008DF800708DF8016005208DF80200012221
:10152000214602A8FDF7D6FF68799DF80810884289
:101530004BD10120A6E74AE08DF800708DF80160DC
:1015400006208DF80200FDF785FF4FF49670F7F73F
:10155000BBFB8DF8038000F039FB06216846FDF7E0
:1015600025F8C82306226946E869F8F799FE6AE774
:101570004FF4A06401222146681DFEF70BF812F01B
:1015800091F98DF800708DF801600720C5E74FF4E0
:10159000C06401222146681DFDF7FCFF12F082F9AC
:1015A0008DF800708DF801600820B6E74FF4E06414
:1015B00001222146681DFDF7EDFF12F073F98DF849
:1015C00000708DF801600920A7E700205AE70DF0B0
:1015D0002FFA0F4804800F4804800F4804800F48FA
:1015E00004800F4804800F4804800F4804800F488F
:1015F00004800F4804800F4804800F4804800F487F
:1016000004800F4804800F4804801CE7EC5700203A
:101610006458002066580020685800206A5800204E
:101620006C5800206E58002070580020725800201E
:101630007458002076580020785800207A580020EE
:101640007C5800207E5800200248007800F00100FD
:1016500070470000EC57002008B50D4A0168914220
:1016600015D10A6849680091F8F7A1FB094800689C
:1016700040680949C0F114004870012001F81C0BB2
:10168000142251F81A09BDE80840F8F7E7BD08BD73
:1016900000380140645A0020EC57002070470000D9
:1016A000064941F81C0F0068C26842F01002C2608F
:1016B00051F81A091422F8F7D1BD0000EC570020A8
:1016C000094909489839C0688A6990420AD18069F5
:1016D000C96940694069884204D08279017A8A42A6
:1016E00000D9817170470000B855002070B50F4EC9
:1016F0000A21F0688069FBF789F80D4D04462878C7
:10170000432800D16442F0680A2100698069FBF730
:101710007DF82978432900D1404220B11CB1844290
:1017200001DB002070BD012070BD0000B855002015
:10173000D85500200248017821F008010170704757
:10174000335700200248017821F0040101707047EE
:101750003357002002480021406841707047000064
:101760004C5800200248017821F0100101707047A8
:10177000335700200248017821F0200101707047A2
:10178000335700201848017821F0100101700178CA
:1017900021F040010170417821F001014170017890
:1017A00021F080010170017821F0020101700178BF
:1017B00021F008010170017821F020010170017809
:1017C00021F004010170017821F0010101704178DC
:1017D00021F004014170417821F008014170417805
:1017E00021F01001417070472F5700200248017806
:1017F00021F01001017070473757002002484178EE
:1018000021F0F0014170704784780020024801788F
:1018100021F010010170704735570020024801780F
:1018200021F01001017070472F5700200248017805
:1018300021F0400101707047375700200149002016
:1018400088807047847800200248017821F04001A8
:1018500001707047355700200248017821F040019F
:10186000017070472F5700200248417821F0010194
:10187000417070472F5700200248417821F0100135
:10188000417070472F5700200248017821F08001F5
:10189000017070472F5700200248017821F00201A3
:1018A00001707047375700200248017821F0F0019D
:1018B00001707047847800200248017821F002010D
:1018C00001707047355700200248017821F002016D
:1018D000017070472F5700200248017821F008015D
:1018E00001707047375700200248417821F00F01FE
:1018F00041707047847800200248017821F0080187
:1019000001707047355700200248017821F0080126
:10191000017070472F5700200248017821F0200104
:1019200001707047375700200248817821F00F017D
:1019300081707047847800200248017821F02001EE
:1019400001707047355700200248017821F02001CE
:10195000017070472F5700200248417821F00401A0
:1019600041707047375700200149002008817047B7
:10197000847800200248417821F0040141707047CA
:10198000355700200248417821F00401417070472A
:101990002F5700200248417821F00801417070471C
:1019A0002F5700200248017821F004010170704790
:1019B0003757002001490020C880704784780020F4
:1019C0000248017821F0040101707047355700206A
:1019D0000248017821F00401017070472F57002060
:1019E0000248417821F00201417070472F570020D2
:1019F0000248017821F0010101707047375700203B
:101A00000248017821F00F010170704784780020AE
:101A10000248017821F0010101707047355700201C
:101A20000248017821F00101017070472F57002012
:101A30000248017821F001010170704733570020FE
:101A400010B511F0ABFB0749897BBDE8104001EBF5
:101A5000410202EB0111242202EB4101C9B20AF05A
:101A60004BBC0000205500200248017821F0020103
:101A7000017070473357002001490020888070476B
:101A8000305800200248017821F0010101707047B0
:101A9000505700200248017821F080010170704702
:101AA000335700200248017821F04001017070474F
:101AB0003357002010B50EF027FABDE810400EF0A5
:101AC00041BA000010B508A10948EEF72FFE044600
:101AD00008A1401CEEF72AFE021B2146BDE810407B
:101AE0000548EEF735BE000024474E524D43000036
:101AF0008E78002024000000805700200A21B0FBCF
:101B0000F1F201FB1202B0FBF1F042EA0010C0B2A8
:101B10007047002204E00A21491EC9B2FCD2521CBF
:101B20008242F8D3704700000249002048700AF052
:101B3000CDBB0000205500200148F7F7FDB900009B
:101B4000F458002010B5044640888100A068EEF7E4
:101B50006EFE0020A080207010BD10B50446806885
:101B600008B1EEF7CEFB0020A060A080207010BD71
:101B70000178826809B1807800E00079C1B210462E
:101B8000FDF708BF10B50446418008460021A1803A
:101B90002170A26822B181001046EEF7D9FB02E065
:101BA0000421EEF76BFBA06010BD10B5828843885E
:101BB0009A4203D3002282800122027082888368C5
:101BC0009400521C8280195110BD000000B587B0EE
:101BD00018216846EEF72BFE67208DF818000AF0F2
:101BE000EBFC0B49002001224871014606A8FDF7D5
:101BF000D1FC18224FF400716846FDF7CBFCFCF7CE
:101C0000E3FC1420F7F760F8F6F79EF907B000BD83
:101C1000147C002010B50A4913F084F812F08AFEF3
:101C20000022084B12F048F912F096FB12F0F1FB7B
:101C30000022054B12F0FCF9BDE8104012F00AB981
:101C40000000C8420000E03F00005940810705D174
:101C50006421B0FBF1F201FB120141B94FF4C871EC
:101C6000B0FBF1F201FB120008B100207047012027
:101C7000704700002DE9F041C1F3074506460F46C5
:101C8000002340F2B27405F5FA6507E02046FFF73D
:101C9000DDFF08B15B1C9BB2641CA4B2AC42F5D35F
:101CA000E81A40F26D114843B7214B43184900EB45
:101CB000430044180123DFF85C80C7F307270CE0DA
:101CC000022B05D12846FFF7C1FF08B11D3402E001
:101CD00038F8130004445B1C9BB29F42F0D8641E8A
:101CE00004EB166040F2A322F1B2504301EBC012A4
:101CF000C6F307414FF461604143C6F30720C0EBD0
:101D0000001001EB80001044A0F5E140BDE8F08137
:101D10003607F5FF1457002010B514460022226044
:101D2000114A21F000439342A8BF10BD53EA0002BC
:101D300008BF10BDB3F5801FA8BF226807DA36229E
:101D400013F0A4F96FF0350221F000432260DFF8B0
:101D50001CC06FF31E510CEB23531A4441F0FF518A
:101D600041F00051226010BD0000F07F02FCFFFF37
:101D700010B50AF0A7F8002813D00A494888401C7B
:101D800080B2488040F2DC5290420AD30AF03EF81A
:101D9000002806D14880FFF775FEBDE810400AF024
:101DA00073BD10BD50570020F0B51949044689B0E5
:101DB0004FF080400860F3F765FB002501263B20CB
:101DC000CDE90006079507AF039504950296CDE986
:101DD0000557104B022210492846FBF7CFFF039509
:101DE0000495CDE90557CDE900560C4B02220C496C
:101DF00001200296FBF7C2FF27206070094820618E
:101E000004202070084860610798E06009B0F0BDC8
:101E1000DC55002005620208DA5E02080162020851
:101E2000DC5E0208825E020882610208F0B5194990
:101E3000044689B04FF080400860F3F723FB00258B
:101E400007AF079503950495CDE905570126CDE920
:101E50000056114B0222114928460296FBF78EFFCD
:101E600003950495CDE90557CDE900560C4B0222A8
:101E70000C4901200296FBF781FF0C2060700A4894
:101E8000206103202070094860610798E06009B074
:101E9000F0BD0000DC55002005620208DA5E020891
:101EA00001620208DC5E0208EF600208F2600208CC
:101EB0002DE9F04F8FB080464FF08141FE48016020
:101EC00024200790F3F7DEFA002409940A940B9477
:101ED0000C940EF0FDF80E2818D2DFE800F0070D84
:101EE000FEFDFCFBFAF9F8F7F6F5F4F311F0DEF875
:101EF000089011F0D7F908E011F004F9FFF78AFE15
:101F0000089011F0FBF9FFF785FE834609F0DEFD2E
:101F1000417901250A27DFF8A4930BAE61297DD012
:101F200009F0D4FD40794D28F9D009F0CFFD407972
:101F3000092874D0584612F075FE81B26420B1FBB6
:101F4000F0F0B2460926CDE90346C0B20094CDE9CF
:101F50000140CDE9055A00231A4660200799FAF797
:101F600018FCD749584612F07FFD834612F05AFEFE
:101F700080B2B0FBF7F1CDE9034607FB11000094F6
:101F8000CDE90140CDE9055A00231A46682007999A
:101F9000FAF7FFFBCA49584612F0C4FE834612F016
:101FA00041FE80B2B0FBF7F1CDE9034607FB11001B
:101FB0000094CDE90140CDE9055A00231A4670206E
:101FC0000799FAF7E6FBBE49584612F0ABFE12F04D
:101FD00029FE80B2B0FBF7F1CDE9034607FB110003
:101FE0000094CDE90140CDE9055A00231A4680202E
:101FF0000799FAF7CEFB0CA8CDE90440CDE900948F
:102000000294002303941A4678200799F8F79BFB63
:102010000DF1240B0B99CDF818B001E0F5E07FE24B
:10202000CDE9044103940094A64B0522A649002063
:10203000CDE90145FBF7A2FE9F484FF083410068C0
:1020400012F0A4FC0146A14812F0A0FC12F0EAFD37
:10205000C0B20790089812F0E5FD81B26420B1FB90
:10206000F0F0CDE90346C0B20094CDE901400DF196
:10207000280ACDE9055A00231A4660200799FAF785
:1020800088FB8F49089812F0EFFC089012F0CAFD07
:1020900080B2B0FBF7F1CDE9034607FB11000094D5
:1020A000CDE90140CDE9055A00231A466820079979
:1020B000FAF76FFB8249089812F034FE089012F08C
:1020C000B1FD0BE09BE094E08DE086E07FE078E0FE
:1020D00071E06AE05FE058E051E04AE080B2B0FBB6
:1020E000F7F1CDE9034607FB11000094CDE901406B
:1020F000CDE9055A00231A4670200799FAF749FBE3
:102100006F49089812F00EFE12F08CFD80B2B0FB01
:10211000F7F1CDE9034607FB11000094CDE901403A
:10212000CDE9055A00231A4680200799FAF731FBBA
:102130000CA8CDE90440CDE9009402940023039457
:102140001A4678200799F8F7FEFA0A99CDF818B0E0
:10215000CDE90441039400945D4B05225D490120C3
:10216000CDE90145FBF70AFE03940494CDE9054B44
:10217000F2E210F0C1FF089011F0BAF8C5E610F0D5
:10218000A2FF089011F09BF8BFE610F095FF0890B1
:1021900011F08EF8B9E610F0A9FF20F00040089089
:1021A00011F0A0F820F00040AFE610F093FF089087
:1021B00011F08CF8A9E610F085FF089011F07EF878
:1021C000A3E610F065FF089011F05EF89DE610F0B0
:1021D00067FF089011F060F897E610F053FF089041
:1021E00011F04CF891E610F055FF089011F04EF800
:1021F0008BE610F069FF089011F062F885E610F0A8
:102200006FFF089011F068F87FE63349584612F0E6
:102210002BFC12F007FDB2460926CDE90346C0B2F9
:102220000094CDE90140CDE9055A00231A46582013
:102230000799FAF7AEFA2949584612F015FC12F040
:10224000F1FCB0FBF7F1CDE9034607FB1100009468
:10225000CDE90140CDE9055A00231A4660200799CF
:10226000FAF797FA1E49584612F0FEFB12F0DAFC14
:10227000B0FBF7F1CDE9034607FB11000094CDE96F
:102280000140CDE9055A00231A4668200799FAF75C
:1022900080FA1449584612F0E7FB12F0C3FCB0FB79
:1022A000F7F1CDE9034607FB11000094CDE90140A9
:1022B00000231A4618E00000DC550020260000200C
:1022C0000000204108620208B05E020800001042CF
:1022D00010620208B55E02080050C34700401C4669
:1022E00000007A440000C842CDE9055A70200799E1
:1022F000FAF74FFAFE49584612F0B6FB12F092FC7C
:10230000B0FBF7F1CDE9034607FB11000094CDE9DE
:102310000140CDE9055A00231A4678200799FAF7BB
:1023200038FA584612F07EFCB0FBF7F1CDE90346CF
:1023300007FB11000094CDE90140CDE9055A0023C7
:102340001A4680200799FAF724FAE949584612F00C
:10235000E9FC12F067FCB0FBF7F1CDE9034607FB9F
:1023600011000094CDE90140CDE9055A00231A4639
:1023700090200799FAF70DFA0CA8CDE90440CDE9B1
:1023800000940294002303941A4688200799F8F7D2
:10239000DAF90B990DF1240BCDE90441CDF818B011
:1023A00003940094D34B0522D3490020CDE9014585
:1023B000FBF7E4FCD1484FF08341006812F0E6FAE5
:1023C0000146CF4812F0E2FA12F02CFCC0B207909E
:1023D000089812F027FC0D90CA49CDE90346B0FBDE
:1023E000F1F0C0B20094CDE901400DF1280ACDE929
:1023F000055A00231A4658200799FAF7CAF9C24924
:10240000089812F031FB12F00DFCB0FBF7F1CDE9AA
:10241000034607FB11000094CDE90140CDE9055AC0
:1024200000231A4660200799FAF7B3F9B7490898CC
:1024300012F01AFB12F0F6FBB0FBF7F1CDE9034600
:1024400007FB11000094CDE90140CDE9055A0023B6
:102450001A4668200799FAF79CF9AD49089812F0D6
:1024600003FB12F0DFFBB0FBF7F1CDE9034607FBFE
:1024700011000094CDE90140CDE9055A00231A4628
:1024800070200799FAF785F99949089812F0ECFA43
:1024900012F0C8FBB0FBF7F1CDE9034607FB1100D2
:1024A0000094CDE90140CDE9055A00231A46782071
:1024B0000799FAF76EF90D98CDE90346B0FBF7F1ED
:1024C00007FB11000094CDE90140CDE9055A002336
:1024D0001A4680200799FAF75CF98549089812F0A6
:1024E00021FC12F09FFBB0FBF7F1CDE9034607FB9F
:1024F00011000094CDE90140CDE9055A00231A46A8
:1025000090200799FAF745F90CA8CDE9044000237B
:10251000CDE90094029403941A468820079912E6A4
:1025200010F0FEFE02A9B146442343220094019418
:1025300081E82D0200231A4660200799FAF729F94D
:102540007249584612F090FA12F06CFBB0FBF7F1AA
:102550000926CDE9034607FB11000094CDE90140AF
:10256000CDE9055900231A4668200799FAF711F9B1
:102570006749584612F078FA12F054FBB0FBF7F1B5
:10258000CDE9034607FB11000094CDE90140CDE9F8
:10259000055900231A4670200799FAF7FAF85449AA
:1025A000584612F061FA12F03DFBB0FBF7F1CDE9AD
:1025B000034607FB11000094CDE90140CDE9055920
:1025C00000231A4678200799FAF7E3F8584612F0E4
:1025D00029FBB0FBF7F1CDE9034607FB110000949E
:1025E000CDE90140CDE9055900231A46802007991D
:1025F000FAF7CFF80B990DF1240ACDE90441CDF893
:1026000018A0039400943B4B05223B490020CDE9E0
:102610000145FBF7B3FB39484FF08341006812F0E6
:10262000B5F90146364812F0B1F912F0FBFA00F0A4
:10263000FF0B10F06FFE4323CDE902034422009408
:10264000CDE904250DF12809CDF818900023019457
:102650001A4659466020FAF79CF82C49089812F05F
:1026600003FA12F0DFFAB0FBF7F1CDE9034607FBFE
:1026700011000094CDE90140CDE9055900231A4627
:1026800059466820FAF785F82149089812F0ECF9C4
:1026900012F0C8FAB0FBF7F1CDE9034607FB1100D1
:1026A0000094CDE90140CDE9055900231A46594669
:1026B0007020FAF76EF80E49089812F0D5F912F06A
:1026C000B1FAB0FBF7F1CDE9034607FB1100009426
:1026D000CDE90140CDE9055900231A465946782035
:1026E000FAF757F8089812F09DFAB0FBF7F111E0ED
:1026F0000000204108620208B05E0208DC5500209C
:1027000000001042A086010000401C4600007A44F0
:102710000000C842CDE9034607FB11000094CDE953
:102720000140CDE9055900231A4659468020FAF7A1
:1027300030F80A99CDF818A0CDE90441039400942B
:10274000144B052214490120CDE90145FBF716FB86
:1027500003940494CDE9054A022200940F4B1049DA
:102760001046CDE90145FBF709FB212188F801104E
:102770000C49C8F81010042188F800100A49C8F85C
:1027800014100999C8F80C100C99C8F808100FB06B
:10279000BDE8F08F10620208B55E0208FC61020815
:1027A000DE5E0208825E020882610208F0B52049FE
:1027B000054689B04FF081400860F2F763FE0024BF
:1027C00007AF079403940494CDE905470126CDE9AA
:1027D0000046184B0222184920460296FBF7CEFA13
:1027E0003C20CDE90006039404940296CDE9054708
:1027F000124B022212490120FBF7C0FA0394049401
:10280000CDE90547CDE9004602220E4B0E491046A0
:102810000296FBF7B3FA272068700C482861042061
:1028200028700B4868610798E86009B0F0BD0000A7
:10283000DC55002001620208DC5E02082561020806
:10284000236102081C6102081A6102080C61020877
:1028500010610208F0B51F49054689B04FF081406C
:102860000860F2F70FFE002407AF07940394049466
:10287000CDE905470126CDE90046174B32461749F9
:1028800020460296FBF77AFA03940494CDE90547B3
:10289000CDE90046124B0222124901200296FBF7B5
:1028A0006DFA03940494CDE90547CDE900460E4B3B
:1028B00001220E4902200296FBF760FA222068707E
:1028C0000B482861042028700A4868610798E8606E
:1028D00009B0F0BDDC5500207F6D02087E6D020856
:1028E000776D0208756D0208706D02086F6D020841
:1028F0000C61020810610208F0B51A49044689B05B
:102900004FF081400860F2F7BDFD0025012636201A
:10291000CDE90006079507AF039504950296CDE92A
:102920000557114B042211492846FBF727FA3A2094
:10293000CDE90006039504950296CDE905570C4BA9
:1029400004220C490120FBF719FA052060700A489F
:10295000206104202070094860610798E06009B098
:10296000F0BD0000DC550020215F02081D5F020859
:10297000135F02080F5F02087E5E0208736102089F
:10298000F0B52649054689B04FF081400860F2F75E
:1029900079FD002407AF079403940494CDE905471B
:1029A0000126CDE900461E4B02221E492046029612
:1029B000FBF7E4F903940494CDE90547CDE900461B
:1029C000194B0322194901200296FBF7D7F903940A
:1029D0000494CDE90547CDE90046154B032215497E
:1029E00002200296FBF7CAF903940494CDE9054747
:1029F000CDE900460322104B104910460296FBF722
:102A0000BDF9052068700E482861042028700D4823
:102A100068610798E86009B0F0BD0000DC5500204F
:102A200001620208DC5E02084D630208446302088A
:102A30005863020847630208636302084A63020896
:102A40007A5E020860610208F0B51949044689B04F
:102A50004FF080400860F2F715FD00250126202088
:102A6000CDE90006079507AF039504950296CDE9D9
:102A70000557104B032210492846FBF77FF91F200A
:102A8000CDE90006039504950296CDE905570B4B59
:102A900003220B490120FBF771F9052060700949F9
:102AA00021612070084860610798E06009B0F0BDBE
:102AB000DC55002000610208FD600208F260020897
:102AC000EF600208DE600208E360020830B51349D7
:102AD000044689B04FF083400860F2F7D3FC00252C
:102AE00007A8079503950495CDE905500120CDE988
:102AF0000050024602900A4B0A492846FBF73EF96D
:102B00002620607008482061022020700748A560D8
:102B100060610798E06009B030BD0000DC5500201E
:102B20003C6302083B630208A06D0208A26D020824
:102B30002DE9F047484905468AB04FF081400860CA
:102B4000F2F7A0FC002407940894099408F0BEFF53
:102B5000B0F86860642E00DB63264FF47A7096FB51
:102B6000F0F100FB11614FF0640991FBF9F00127CE
:102B7000CDE904470DF12008C0B2CDF818800394C8
:102B80000094CDE9014000231A4624215820F9F78A
:102B900000FE96FBF9F109FB11614FF00A0991FB68
:102BA000F9F04FF0090ACDE9034AC0B20094CDE92B
:102BB0000140CDE9057800231A4624216820F9F761
:102BC000E8FD96FBF9F109FB1160CDE9034AC0B2BB
:102BD0000094CDE90140CDE9057800231A4624216F
:102BE0007020F9F7D6FD09A8CDE904401B48CDE9CE
:102BF00000040023029403941A4624216020F7F76E
:102C0000A2FD089807AECDE904400696039400940F
:102C1000CDE90147124B042212490120FBF7AEF81F
:102C200003940494CDE905460094CDE901470222BE
:102C30000D4B0E491046FBF7A1F80798E86009987C
:102C4000A860262068700A48286104202870094876
:102C500068610AB0BDE8F087DC550020260000203E
:102C600069620208D65E0208FC610208DE5E0208A4
:102C70008E6E0208926E02082DE9F0413F4905462A
:102C80008AB03D480860F2F7FDFB002407940894E1
:102C9000022009AE0994CDE90204CDE90446384882
:102CA000CDE900040423374A24212046F7F74BFDE1
:102CB000CDE904463448CDE900040023029403948E
:102CC0001A4638214C20F7F73EFD4FF00908CDE9B0
:102CD000034808AF01260094CDE90567CDE9014618
:102CE00000231A4638213420F9F753FDCDE9034873
:102CF00000940194002302941A4638213C20CDE927
:102D00000567F9F746FDCDE90348009401940023D7
:102D100002941A4638214420CDE90567F9F739FDB8
:102D2000CDE9034800940194002302941A46382107
:102D30005420CDE90567F9F72CFD089907A8CDE9DE
:102D400004410690CDE900460394104B0622104939
:102D500000200296FBF712F80798E8600998A8602F
:102D6000262068700B482861042028700A48686192
:102D70000AB0BDE8F081000000003042DC550020C0
:102D80007B5F0208775F0208260000206B5F020865
:102D9000655F0208806E0208846E02082DE9F0412A
:102DA0003F4905468AB03D480860F2F76BFB0024B6
:102DB00007940894022009AE0994CDE90204CDE9F4
:102DC00004463848CDE900040423374A242120462C
:102DD000F7F7B9FCCDE904463448CDE900040023F7
:102DE000029403941A4638214C20F7F7ACFC4FF0BC
:102DF0000908CDE9034808AF01260094CDE905672D
:102E0000CDE9014600231A4638213420F9F7C1FCE8
:102E1000CDE9034800940194002302941A46382116
:102E20003C20CDE90567F9F7B4FCCDE903480094EF
:102E30000194002302941A4638214420CDE9056705
:102E4000F9F7A7FCCDE9034800940194002302940C
:102E50001A4638215420CDE90567F9F79AFC0899FC
:102E600007A8CDE904410690CDE900460394104B34
:102E70000622104900200296FAF780FF0798E860C2
:102E80000998A860262068700B48286104202870E3
:102E90000A4868610AB0BDE8F081000000003042D5
:102EA000DC5500207B5F0208775F020826000020C7
:102EB0006B5F0208655F0208656E0208696E0208B2
:102EC0002DE9F043424905468BB0404891460860E1
:102ED000F2F7D8FA002407940894022009AE099466
:102EE000CDE90204CDE904463A48CDE900040423C3
:102EF000394A24212046F7F726FCCDE90446374815
:102F0000CDE900040023029403941A4638214C2092
:102F1000F7F719FC4FF00908CDE9034808AF01267F
:102F200000940194002302941A4638213420CDE9FC
:102F30000567F9F72EFCCDE90348009401940023BE
:102F400002941A4638213C20CDE90567F9F721FCA7
:102F5000CDE9034800940194002302941A463821D5
:102F60004420CDE90567F9F714FCCDE90348009446
:102F70000194002302941A4638215420CDE90567B4
:102F8000F9F707FC089907A8CDE904410690CDE9B7
:102F900000460394124B0622124900200296FAF7CB
:102FA000EDFE0798E8600998A860B9F1550F0AD0BE
:102FB000262068700C482861042028700B4868613E
:102FC0000BB0BDE8F0833820F3E70000000030428A
:102FD000DC5500207B5F0208775F02082600002096
:102FE0006B5F0208655F0208586E02085C6E02089B
:102FF0002DE9F043424905468BB0404891460860B0
:10300000F2F740FA002407940894022009AE0994CC
:10301000CDE90204CDE904463A48CDE90004042391
:10302000394A24212046F7F78EFBCDE9044637487C
:10303000CDE900040023029403941A4638214C2061
:10304000F7F781FB4FF00908CDE9034808AF0126E7
:1030500000940194002302941A4638213420CDE9CB
:103060000567F9F796FBCDE9034800940194002326
:1030700002941A4638213C20CDE90567F9F789FB0F
:10308000CDE9034800940194002302941A463821A4
:103090004420CDE90567F9F77CFBCDE903480094AE
:1030A0000194002302941A4638215420CDE9056783
:1030B000F9F76FFB089907A8CDE904410690CDE91F
:1030C00000460394124B0622124900200296FAF79A
:1030D00055FE0798E8600998A860B9F1560F0AD024
:1030E000262068700C482861042028700B4868610D
:1030F0000BB0BDE8F0833820F3E700000000304259
:10310000DC5500207B5F0208775F02082600002064
:103110006B5F0208655F0208736E0208776E020833
:103120002DE9F043404905468BB03E480860F2F770
:10313000A9F9002407940894022009AE0994CDE966
:103140000204CDE904463948CDE900040423384A95
:1031500024212046F7F7F7FACDE904463548CDE9B2
:1031600000040023029403941A4638214C20F7F7F8
:10317000EAFA4FF00908CDE9034808AF01260094A8
:103180000194002302941A4638213420CDE90567C2
:10319000F9F7FFFACDE90348009401940023029463
:1031A0001A4638213C20CDE90567F9F7F2FACDE956
:1031B00003484FF003090094CDE9014900231A4662
:1031C00038214420CDE90567F9F7E3FACDE9034852
:1031D00000940194002302941A4638215420CDE92A
:1031E0000567F9F7D6FA089907A8CDE904410690D2
:1031F000CDE900460394104B0622104900200296A8
:10320000FAF7BCFD0798E8600998A8602620687066
:103210000B48286185F800900A4868610BB0BDE84A
:10322000F083000000003042DC5500207B5F020884
:10323000775F0208260000206B5F0208655F0208C6
:10324000166E02081F6E02082DE9F0413F4905463F
:103250008AB03D480860F2F715F9002407940894F5
:10326000022009AE0994CDE90204CDE904463848AC
:10327000CDE900040423374A24212046F7F763FAF6
:10328000CDE904463448CDE90004002302940394B8
:103290001A4638214C20F7F756FA4FF00908CDE9C5
:1032A000034804200094CDE9014008AF0126002323
:1032B0001A4638213420CDE90567F9F76AFACDE9D5
:1032C000034800940194002302941A4638213C20BC
:1032D000CDE90567F9F75DFACDE90348009401945B
:1032E000002302941A4638214420CDE90567F9F7F6
:1032F00050FACDE9034800940194002302941A4641
:1033000038215420CDE90567F9F743FA089907A851
:10331000CDE904410690CDE9004603940F4B062207
:103320000F4900200296FAF729FD0798E8600998EE
:10333000A860262068700B482861032028700A487E
:1033400068610AB0BDE8F08100003042DC55002021
:103350007B5F0208775F0208260000206B5F02088F
:10336000655F02081C6E02082B6E02082DE9F04111
:103370003F4905468AB03D480860F2F783F80024CB
:1033800007940894022009AE0994CDE90204CDE91E
:1033900004463848CDE900040423374A2421204656
:1033A000F7F7D1F9CDE904463448CDE9000400230C
:1033B000029403941A4638214C20F7F7C4F94FF0D1
:1033C0000908CDE9034808AF0126009401940023C1
:1033D00002941A4638213420CDE90567F9F7D9F966
:1033E000CDE903480094CDE90567CDE90146002306
:1033F0001A4638213C20F9F7CCF9CDE9034800946E
:103400000194002302941A4638214420CDE905672F
:10341000F9F7BFF9CDE90348009401940023029421
:103420001A4638215420CDE90567F9F7B2F9089911
:1034300007A8CDE904410690CDE900460394104B5E
:103440000622104900200296FAF798FC0798E860D7
:103450000998A860262068700B482861032028700E
:103460000A4868610AB0BDE8F081000000003042FF
:10347000DC5500207B5F0208775F020826000020F1
:103480006B5F0208655F0208196E0208256E02086C
:103490002DE9F0413F4905468AB03D480860F1F703
:1034A000F1FF002407940894022009AE0994CDE9A5
:1034B0000204CDE904463848CDE900040423374A24
:1034C00024212046F7F73FF9CDE904463448CDE9F9
:1034D00000040023029403941A4638214C20F7F785
:1034E00032F94FF00908CDE9034808AF01260094EE
:1034F0000194002302941A4638213420CDE905674F
:10350000F9F747F9CDE9034805200094CDE90140DA
:1035100000231A4638213C20CDE90567F9F739F92F
:10352000CDE9034800940194002302941A463821FF
:103530004420CDE90567F9F72CF9CDE9034800945B
:103540000194002302941A4638215420CDE90567DE
:10355000F9F71FF9089907A8CDE904410690CDE9CC
:10356000004603940F4B06220F4900200296FAF7FB
:1035700005FC0798E8600998A860262068700B4849
:103580002861032028700A4868610AB0BDE8F0810C
:1035900000003042DC5500207B5F0208775F0208A4
:1035A000260000206B5F0208655F0208316E02088A
:1035B0003A6E02082DE9F0433F4905468BB03D487D
:1035C0000860F1F75FFF002409AE0994CDE90446D5
:1035D0003A48079408944FF00209CDE90004CDE978
:1035E00002940423364A24212046F7F7ACF8CDE9AB
:1035F00004463448CDE900040023029403941A469B
:1036000038214C20F7F79FF84FF00908CDE903481F
:103610000094CDE9014908AF012600231A4638215C
:103620003420CDE90567F9F7B4F8CDE903480094F3
:103630000194002302941A4638213C20CDE9056705
:10364000F9F7A7F8CDE90348009401940023029408
:103650001A4638214420CDE90567F9F79AF8CDE9F3
:10366000034800940194002302941A463821542000
:10367000CDE90567F9F78DF8089907A8CDE9044168
:103680000690CDE9004603940F4B06220F49002017
:103690000296FAF773FB0798E8600998A86026205D
:1036A00068700B4803212861297068610BB0BDE880
:1036B000F083000000003042DC5500207B5F0208F0
:1036C000775F0208260000206B5F0208655F020832
:1036D000346E0208F0B53049054689B04FF083409A
:1036E0000860F1F7CFFE00240894079408A803941B
:1036F0000494CDE905400126CDE90046274B32462A
:10370000274920460296FAF739FB07AFCDE904476F
:1037100024A0CDE90004CDE9026400231A468821E3
:103720001420F7F710F808F0D1F9CDE90447383044
:10373000CDE90004CDE9026400231A467821184639
:10374000F7F701F8CDE9044718A0CDE90004CDE969
:10375000026400231A4688216920F6F7F4FF08F076
:10376000B5F9CDE904473130CDE90004CDE9026473
:1037700000231A4678215620F6F7E5FF26206870C8
:103780000B482861022028700A4868610798A860E1
:103790000898E86009B0F0BDDC5500203C630208E1
:1037A0003B6302086D672F4C000000004E5455002B
:1037B000996D02089B6D0208F8B50C461049054644
:1037C0004FF080400860F1F75DFE00200090012C72
:1037D0000BD00A2C10D109F00BF806460CF056FC61
:1037E00001463046F2F7C6F801E008F06FF9027EB4
:1037F0006946284606F0D6FB0098E8606C70F8BD74
:10380000DC5500202DE9F04FDFF864A48BB00546AD
:103810004FF081412420CAF800100790F1F732FEE2
:103820000026089609960A9608F050F9044608F012
:103830004DF940794D287DD0E06E11F07BF80446BB
:103840000F4608F043F90DF1280BCDE9046B4FF05A
:1038500001092B30CDE90296CDE900060023B046E0
:103860001A4650200799F6F76EFF08A803960496AB
:10387000CDE9056000960196FE4B0422FE4900202A
:103880000296FAF77BFA4FF08341DAF8000011F064
:103890007DF80146F94811F079F811F0C3F9C0B28A
:1038A00007900FF095FDF64E0DF1240A00287DD00B
:1038B00008F00CF94079F34B5A3807284FF0000212
:1038C0002046394673D810F00BFE0022EE4B10F064
:1038D000F3FA10F041FD074642F2107097FBF0F04A
:1038E000CDE90389C0B2CDF80080CDE90180CDE9F2
:1038F000059A002344461A4648200799F8F749FFDD
:1039000042F2107097FBF0F100FB11714FF47A70E6
:1039100091FBF0F00921CDE90341C0B20094CDE95B
:103920000140CDE9059A00231A4650200799F8F77F
:1039300030FF00E042E04FF47A7097FBF0F100FBBB
:103940001171642091FBF0F00922CDE90342C0B26D
:103950000094CDE90140CDE9059A00231A4658208C
:103960000799F8F716FF642097FBF0F100FB11713F
:103970000A2091FBF0F00921CDE90341C0B2009487
:10398000CDE90140CDE9059A00231A466820079940
:10399000F8F7FFFE0A2097FBF0F10922CDE9034278
:1039A00000FB11700023C0B21A4601E065E00DE093
:1039B0000094CDE90140CDE9059AC8E0F4F708FE8E
:1039C00011F050F9E16E10F0E1FF36E710F088FDDC
:1039D00010F0C2FC074642F2107097FBF0F0CDE900
:1039E0000389C0B2CDF80080CDE90180CDE9059A08
:1039F000002344461A4650200799F8F7CAFE42F2BF
:103A0000107097FBF0F100FB11714FF47A7091FB8D
:103A1000F0F00922CDE90342C0B20094CDE90140A3
:103A2000CDE9059A00231A4658200799F8F7B1FE08
:103A30004FF47A7097FBF0F100FB1171642091FB59
:103A4000F0F00921CDE90341C0B20094CDE9014075
:103A5000CDE9059A00231A4660200799F8F799FEE8
:103A6000642097FBF0F100FB11710A2091FBF0F04C
:103A70000922CDE90342C0B2E8E008F027F8407916
:103A8000804B5A3807284FF00002204639467CD830
:103A900010F026FD00227C4B10F00EFA10F05CFCBA
:103AA00007464FF47A7097FBF0F04FF0090ACDE922
:103AB000038AC0B2CDF80080CDE9018009A9CDE923
:103AC0000591002344461A4650200799F8F761FEF5
:103AD0004FF47A7097FBF0F100FB1171642091FBB9
:103AE000F0F0CDE9034AC0B20094CDE9014009A944
:103AF000CDE9059100231A4658200799F8F749FEA9
:103B0000642097FBF0F100FB11710A20CDE9034A14
:103B100091FBF0F009AA0094CDE90592C0B2CDE97D
:103B2000014000231A4668200799F8F732FE0A2060
:103B300097FBF0F100FB1170CDE9034AC0B200948D
:103B4000CDE9014009A9CDE9059100231A4670206D
:103B50000799F8F71EFECDE9044BCDE90064029405
:103B6000002303941A4660200799F6F7ECFD0998A4
:103B700008AECDE90480042244464F46CDF80C80BF
:103B80000696424B4249012000E021E0CDF800803A
:103B9000CDE90189FAF7F2F803940494CDE90546DA
:103BA0000094CDE9014702223A4B3B491046FAF70F
:103BB000E5F80898E8600A98A860262068703748F9
:103BC000286102202870364868610BB0BDE8F08F8C
:103BD00010F086FC10F0C0FB07464FF47A7097FB9C
:103BE000F0F00923CDE90383C0B2CDF80080CDE920
:103BF0000180CDE9059A002344461A4658200799CA
:103C0000F8F7C7FD4FF47A7097FBF0F100FB1171E4
:103C1000642091FBF0F00923CDE90343C0B2009486
:103C2000CDE90140CDE9059A00231A4660200799A5
:103C3000F8F7AFFD642097FBF0F100FB11710A204B
:103C400091FBF0F00921CDE90341C0B20094CDE928
:103C50000140CDE9059A00231A4670200799F8F72C
:103C600098FDCDE9044B0023029403941A4619E011
:103C7000DC55002060620208D25E0208000010429B
:103C800026000020000059400000E03F6962020861
:103C9000D65E0208FC610208DE5E0208926D020830
:103CA000946D0208CDE90064682007995DE7000083
:103CB000F0B51949044689B04FF082400860F1F729
:103CC000E1FB002507AF079503950495CDE905575E
:103CD0000126CDE90056114B0722114928460296CC
:103CE000FAF74CF803950495CDE90557CDE9005650
:103CF0000C4B08220C4901200296FAF73FF82720C6
:103D000060700A482061042020700948A560606145
:103D10000798E06009B0F0BDDC5500200E71020884
:103D2000077102082171020819710208F470020873
:103D3000F8700208F0B51849044689B04FF0804089
:103D40000860F1F79FFB002507AF079503950495E1
:103D5000CDE905570126CDE90056104B0222104946
:103D600028460296FAF70AF803950495CDE9055717
:103D7000CDE900560B4B02220B4901200296F9F7C0
:103D8000FDFF6670094820610420207008486061CA
:103D90000798E06009B0F0BDDC550020056202081C
:103DA000DA5E020801620208DC5E0208E36E0208C5
:103DB000E76E02082DE9F04F984905468BB096480A
:103DC0000860F1F75FFB00240DF1240A0994CDE9A6
:103DD000044A0794089402219148CDE90214CDE9E0
:103DE000000404238F4A24212046F6F7ACFC07F098
:103DF0006DFE40798C4F01260DF120084FF0090926
:103E000060282BD007F062FE40794D2857D004A8D7
:103E10004746039480E8D0000023009401941A469A
:103E2000382134200294F8F7B4FC04A8039480E805
:103E3000D0000023009401941A4638213C200294BB
:103E4000F8F7A7FC04A8039480E8D00000233821E9
:103E5000009401941A4644200294C8E0CDE9044A33
:103E6000CDE900740023029403941A4638214C20B3
:103E7000F6F769FC04A84746039480E8D0000023C5
:103E8000009401941A46382134200294F8F781FCFA
:103E900004A8039480E8D0000023009401941A46FB
:103EA00038213C200294F8F774FCCDE90349002343
:103EB0003821009401941A46442002943BE00FF00C
:103EC00023FA4FF0440B002869D00FF01DFA0A289E
:103ED00065D0CDE9044ACDE900740023029403942F
:103EE0001A4638214420F6F72EFC04AA47465846C5
:103EF0000094019482E8C1004321CDE902B100237E
:103F00001A4638213420F8F744FCCDE903490094DF
:103F10000194002302941A4638213C20CDE905671C
:103F2000F8F737FCCDE903490023382100940194C8
:103F30001A464C200294CDE90567F8F72AFCCDE932
:103F4000034900233821009401941A465420029416
:103F5000CDE90567F8F71DFC0798E8600998A860A7
:103F6000089907A8CDE904410690CDE900460394DD
:103F70002E4B06222E4900200296F9F7FFFE07F08D
:103F8000A5FD40794D283ED026206870294828613B
:103F900002202870284868610BB0BDE8F08F04AAA1
:103FA000474658460094019482E8C1004321CDE978
:103FB00002B100231A4638213420F8F7EAFBCDE994
:103FC000034900940194002302941A4638213C20AE
:103FD000CDE90567F8F7DDFBCDE9034900940194CD
:103FE000002302941A4638214420CDE90567F8F7EA
:103FF000D0FBCDE9034900233821009401941A46EF
:104000004C200294A4E7272068700C482861042003
:1040100028700B48BFE7000000003042DC5500204C
:104020007B5F0208775F0208260000206B5F0208B2
:10403000655F0208996D02089B6D0208B77102085E
:10404000BB7102082DE9F04FDFF8B8B105468BB01F
:104050004FF081404FF02409CBF80000F1F712FA3D
:10406000002407940894099407F030FDD0F88400E8
:1040700010F060FC0646884607F028FD09A9CDE946
:1040800004414F300127CDE90004CDE9027400233B
:104090001A4649465820F6F756FB0DF11C0A0394C0
:1040A0000494CDE9054A00940194574B04225749E2
:1040B00000200294F9F762FE4FF08341DBF8000024
:1040C00010F064FC0146524810F060FC10F0AAFDAC
:1040D00000F0FF0B00224F4B3046414610F000FA33
:1040E00010F03AF9064642F210704FF0090996FBBB
:1040F000F0F0CDE903490DF120080094CDE90578F1
:10410000C0B2CDE9014000231A4659465820F8F7BD
:1041100040FB4FF47A7096FBF0F100FB11616420D4
:1041200091FBF0F0CDE90349C0B20094CDE9014024
:10413000CDE9057800231A4659466820F8F729FB8F
:10414000642096FBF0F100FB11610A2091FBF0F076
:10415000CDE90349C0B20094CDE90140CDE905782D
:1041600000231A4659467020F8F713FB0A2096FBE5
:10417000F0F100FB1160CDE90349C0B20094CDE934
:104180000140CDE9057800231A4659467820F8F712
:1041900000FB09A8CDE904401F48CDE90004002335
:1041A000029403941A4659466020F6F7CCFA08990F
:1041B000CDF818A0CDE9044103940094CDE901475E
:1041C000164B042216490120F9F7D8FD03940494F4
:1041D000CDE9054A0094CDE901470222114B12496D
:1041E0001046F9F7CBFD0798E8600998A8602720EA
:1041F00068700E482861082028700D4868610BB06F
:10420000BDE8F08FDC55002060620208D25E020833
:104210000000104200408F4026000020E45E0208AB
:10422000E05E0208FC610208DE5E02084B700208D4
:10423000537002082DE9F04FDFF890B105468BB0BE
:104240004FF081404FF02409CBF80000F1F71AF944
:10425000002407940894099407F038FCD0F88000F3
:1042600010F068FB0646884607F030FC09A9CDE946
:10427000044147300127CDE90004CDE90274002351
:104280001A4649465820F6F75EFA0DF11C0A0394C7
:104290000494CDE9054A009401944D4B04224D4904
:1042A00000200294F9F76AFD4FF08341DBF800002B
:1042B00010F06CFB0146484810F068FB10F0B2FCAF
:1042C00000F0FF0B0022454B3046414610F008F944
:1042D0000022434B0FF0F0FD10F03EF8064664203C
:1042E0004FF0090996FBF0F0CDE903490DF12008E4
:1042F0000094CDE90578C0B2CDE9014000231A460B
:1043000059465820F8F745FA642096FBF0F100FB77
:1043100011610A2091FBF0F0CDE90349C0B200948D
:10432000CDE90140CDE9057800231A4659466820B9
:10433000F8F72FFA0A2096FBF0F100FB1160CDE9A7
:104340000349C0B20094CDE90140CDE905780023CE
:104350001A4659467020F8F71CFA09A8CDE904401E
:104360002048CDE900040023029403941A465946DC
:104370006020F6F7E8F90899CDF818A0CDE90441D6
:1043800003940094CDE90147174B042217490120FB
:10439000F9F7F4FC03940494CDE9054A0094CDE9BF
:1043A00001470222124B13491046F9F7E7FC079820
:1043B000E8600998A860272068700F4828610620E7
:1043C00028700E4868610BB0BDE8F08FDC55002006
:1043D00060620208D25E02080000104200005940EC
:1043E0000000E03F26000020E45E0208E05E0208D4
:1043F000FC610208DE5E0208607002086670020856
:1044000010B51249044688B04FF083400860F1F7B8
:1044100039F8002007A9079003900490CDE9050121
:104420000121CDE900010A460291094B0949F9F73A
:10443000A5FC072060700848206104202070074810
:1044400060610798E06008B010BD0000DC550020F6
:104450003C6302083B6302089E5E0208CF610208CB
:104460002DE9F04F87B0002482460694F1F70AF850
:10447000FE4DE86B10F05EFACDE90001FCA20721C9
:10448000FD48ECF739F82846006C10F053FACDE9F6
:104490000001F948F6A20721C01DECF72DF806AE81
:1044A000CDE90446F5484FF00209CDE90004CDE915
:1044B00002940323F24A20210020F6F744F9CDE9C3
:1044C00004464FF001082846CDE90004CDE90284F6
:1044D000002347461A4620213020F6F734F9CDE96B
:1044E0000446E848CDE90004CDE9027400231A46E9
:1044F00030211846F6F727F9CDE9044605F10D00FD
:10450000CDE90004CDE9027400231A4630211820B9
:10451000F6F719F9CDE90446DB48CDE90004CDE909
:10452000027400231A4640211846F6F70CF9CDE92B
:104530000446A5F10E00CDE90004CDE90274002384
:104540001A4640211820F6F7FEF82846806B10F036
:10455000F1F9CDE90001C848C5A207210E30EBF7FB
:10456000CBFFCA48DFF810B3032700780BF11C0B10
:104570000E287DD2DFE800F007FBFAF9F8F7F6F530
:10458000F4F3F2F1F0EFA86C10F0D4F9CDE90001EA
:10459000B948B7A207211530EBF7AEFFBC49686CEC
:1045A000884209DB10F03EFB0346B348B9A207215D
:1045B0001C30EBF7A1FF09E010F0BCF9CDE90001D8
:1045C000AD48ABA207211C30EBF796FFCDE90446BE
:1045D000B148CDE90004CDE902940223AF4A50214D
:1045E0000020F6F7B0F80EF0D9FD08B1202000E069
:1045F00040200DF10C0C4546082100948CE8620027
:10460000CDE9014700231A465021F6F79CF8CDE981
:1046100004469948CDE90004CDE9025400231A4626
:1046200050217020F6F78FF8CDE904469C48CDE97B
:104630000004CDE90294C84602239A4A6021002072
:10464000F6F781F80EF0AAFD08B1202000E0402026
:104650000DF10C090A21009489E86200CDE90147B7
:1046600000231A466021F6F76EF8CDE9025400E007
:104670009AE38148CDE90446C01DCDE9000400233A
:104680001A4660217020F6F75EF8CDE904468648A8
:10469000CDE90004CDE902840223844A7021002080
:1046A000F6F751F80DF10409009489E89001CDE97D
:1046B000045600231A4670212020F6F744F86E486D
:1046C000CDE904460E30CDE90004CDE902540023C3
:1046D00070211A460846F6F736F8CDE90446DFF8A9
:1046E000D091CDE90284CDE900940323714A802161
:1046F0000020F6F728F80EF051FD08B1302000E058
:1047000010200094CDE90275CDE9045600231A4625
:1047100080210194F6F717F85748CDE90446153083
:10472000CDE90004CDE9025400231A46802170200F
:10473000F6F709F8CDE90446CDE90284CDE9009405
:1047400003235C4A90210020F5F7FDFF0EF026FDC3
:1047500070B130200DE0FAE3FAE3FAE3A5E331E3C8
:1047600023E314E34EE223E2D0E0CDE05BE009E096
:10477000102004210DF10C08009488E86200002349
:104780001A46FCE24249E86C884209DB10F04AFA1A
:10479000034639483FA207211C30EBF7ADFE09E084
:1047A00010F0C8F8CDE90001334831A207211C30D0
:1047B000EBF7A2FECDE904463B48CDE90004CDE984
:1047C00002940223394A70210020F5F7BCFF0DF155
:1047D000040C00948CE89002CDE904860023454641
:1047E0001A4670212020F5F7AEFF2348CDE9044694
:1047F0000E30CDE90004CDE90254002370211A46A1
:104800000846F5F7A0FFCDE904462B48CDE90004A2
:10481000CDE902940123294A80210020F5F793FF76
:10482000CDE9025438E31A49686E884209DB10F07A
:10483000F9F90346104817A207211C30EBF75CFE7C
:1048400009E010F077F8CDE900010B4808A2072134
:104850001C30EBF751FECDE90294CDE9044602236A
:104860004D461748174A90212EE00000585B002063
:1048700025362E32660000000856002073600208BC
:10488000706002087E6002087A60020825550020E8
:1048900000401C4625640000846002088260020813
:1048A0008F6002088D600208946D0208926D020804
:1048B000EE6D0208EB6D0208DF6F0208DE6F020882
:1048C000A9700208A7700208CDE900040020F5F7DE
:1048D0003AFF0EF063FC08B1302000E01020FF49E1
:1048E000CDE90014CDE90254CDE904864746022300
:1048F000FB4A9021F5F727FFCDE90274CDE9044684
:1049000000231A469021CCE2686F41E2A86D10F1B5
:10491000FF4F0ED2F34988420BDA10F00BF8AFF2DA
:10492000B002CDE900010721EF48EBF7E5FDE86DA6
:104930003AE0EC4949420144B1F1D97F0AD20FF083
:10494000F9FFCDE90001E9A20721E748EBF7D4FD23
:10495000E86D45E0E749E84A014491420CD210F085
:1049600061F90346E5A20721DF48EBF7C5FDE86DD5
:1049700010F058F903464FE0E149E24A0144914200
:1049800017D2DC49494210F06FF80FF0D3FFAFF2B5
:104990002012CDE900010721D348EBF7ADFDD54941
:1049A000E86D494210F060F80FF0C4FFAFF240121A
:1049B00019E0D549D54A014491421CD2CD4949421A
:1049C00010F052F80FF0B6FFCDE90001C7A20721A1
:1049D000C548EBF791FDC749E86D494210F044F82E
:1049E0000FF0A8FFC1A2CDE90001BF480721C01FF9
:1049F000EBF782FD16E0C649884213DB4FF47A7369
:104A0000BEA20721B848EBF777FDE86D10F00AF970
:104A10004FF47A71B0FBF1F3B348B8A20721C01F7D
:104A2000EBF76AFD0EF082FC052804D1B949286E27
:104A300010F01AF82866B848006E10F1FF4F07D240
:104A4000A849884204DA0FF075FFAFF2DC1208E0E3
:104A5000A44949420144B1F1D97F0AD20FF06AFF5B
:104A6000A2A2CDE90001A04807212330EBF744FDC5
:104A70000CE0A0494942884208DB10F0D3F8034615
:104A800099489EA207212330EBF736FDCDE9044675
:104A9000A248CDE90004CDE902944D460223A04A84
:104AA00050210020F5F74FFE0596CDE90354009400
:104AB000CDE9014700231A4650212020F5F743FE97
:104AC0008948CDE904460E38CDE90004CDE90284D9
:104AD00000231A4650217020F5F735FECDE9044633
:104AE0009048CDE90004CDE9025403238E4A6021A9
:104AF0000020F5F728FE88488149806D49428842A8
:104B000013DB0EF04BFB08B1302000E0182003AAA5
:104B10000F2182E852000094CDE9014700231A4694
:104B20006021F5F710FE112012E00EF037FB08B1FE
:104B3000302000E0182003AA052182E852000094EA
:104B4000CDE9014700231A466021F5F7FCFD04205A
:104B500003A9002381E851000094CDE901471A46DA
:104B600070212020F5F7EFFDCDE90446CDE9028460
:104B7000CDE900B4002345461A4660217020F5F7C0
:104B8000E2FDCDE904466948CDE90004CDE902948F
:104B90000223674A70210020F5F7D5FD5248CDE980
:104BA0000254CDE904460023C01F1A4670214DE38C
:104BB0005349686D494210F019F803465DA2072178
:104BC0004948EBF799FCCDE904465B48CDE9000480
:104BD000CDE902940223594A90210020F5F7B3FD54
:104BE0000EF0DCFA03A9072081E851000094CDE91A
:104BF000014700231A4690213020F5F7A4FDCDE9A6
:104C000002847BE6E86C0FF095FEAFF29C32CDE9B2
:104C1000000135480721C01FEBF76EFC3849A86E2C
:104C20004942884209DB0FF0FDFF0346AFF29C3298
:104C300007212D48EBF760FC09E00FF07BFEAFF297
:104C4000D032CDE9000107212748EBF755FCCDE92B
:104C500004463248CDE90004CDE902944D460223D2
:104C60002F4A70210020F5F76EFD05960094CDE9DE
:104C70000147CDE9035800231A4670212020F5F79B
:104C800062FD1948CDE904460E38CDE90004CDE9AE
:104C90000284002370211A460846F5F754FDCDE939
:104CA00004462748CDE90004CDE902540123254AF2
:104CB00080210020F5F747FD0B48CDE90446C01FD1
:104CC000CDE90004CDE9028400231A46802170203A
:104CD000F5F739FDCDE902541B4837E0BD6D0208F8
:104CE000BB6D02080000C8422456002025362E3134
:104CF00066000000000086BB0040A201253664006B
:104D000000C0E3B90010A70100B03CB800D4B00166
:104D10000024744900002041585B0020946D020873
:104D2000926D020848700208457002083F70020840
:104D30003D70020825356400AF700208AD700208AE
:104D4000DF6F0208DE6F0208C36F0208CDE9044678
:104D5000CDE900040223FD4A90210020F5F7F3FC81
:104D60000EF01CFA08B1302000E0102004210DF1F3
:104D70000C094546009489E8620000231A469021F8
:104D8000CDE90147F5F7DFFCCDE90254B6E5E86E61
:104D9000EF4988420BDB0FF045FF0346AFF20C52A0
:104DA0000721EC48EBF7A8FBCAE2286FF0E70FF009
:104DB000C1FDAFF24452CDE900010721E548EBF710
:104DC0009BFBBDE2A86F10F1FF4F02D2E24988427F
:104DD00005DBE14949420144B1F1D47F0AD20FF029
:104DE000A9FDAFF2F802CDE900010721D948EBF7A0
:104DF00083FB0DE0D949DA4A0144914208D20FF011
:104E000011FF0346AFF20C120721D248EBF774FBF7
:104E1000CDE90446D348CDE90004CDE902944D46DE
:104E20000223D14A70210020F5F78DFC05960094ED
:104E3000CDE90147CDE9035800231A46702120200F
:104E4000F5F781FCC348CDE904460E38CDE90004EE
:104E5000CDE90284002370211A460846F5F773FC59
:104E6000CDE90446C148CDE90004CDE9025403234D
:104E7000BF4A80210020F5F766FCCDE90446BD4815
:104E8000CDE90004CDE902540223BB4A8021382039
:104E9000F5F759FCCDE90284CDE9044600231A4612
:104EA0008021CDE900B4702048E2B448A849C06F21
:104EB000884235DBB14D0FF03DFD0022B04B0FF0C5
:104EC000B7F80022AF4B0FF0CFFAE86F06D20FF021
:104ED00031FD0022AA4B0FF0ABF82FE00FF02AFDB6
:104EE0000022A74B0FF0A4F80022A74B0FF0BCFA4A
:104EF00009D2E86F0FF01EFD0022A14B0FF098F8C9
:104F00000FF05AFA28E0E86F0FF014FD00229C4BD6
:104F10000FF08EF800229A4B0FF0A6FA23D2E8E7A2
:104F20008D49884204DA0FF005FDAFF2BC6207E05C
:104F30008A49494288420DDA0FF0FCFCAFF2542254
:104F4000CDE9000107218348EBF7D6FA0BE009E22F
:104F50007DE154E00FF066FE0346AFF260220721C8
:104F60007C48EBF7C9FACDE904467E48CDE9000458
:104F7000CDE9029402237C4A70210020F5F7E3FB7F
:104F80000DF1040C00948CE89002CDE90486002316
:104F900045461A4670212020F5F7D5FB6D48CDE92E
:104FA00004460E38CDE90004CDE9025400237021F7
:104FB0001A460846F5F7C7FBCDE904467348CDE924
:104FC0000004CDE902940223714A80210020F5F704
:104FD000BAFB6A48C16F5E48814203DB0EF0DEF81F
:104FE0000E2002E00EF0DAF80D200DF10C0800940E
:104FF000002388E861001A4690211846C0E6686ED2
:105000000FF098FCAFF29872CDE9000151480721EA
:10501000C01FEBF771FA4E49D5F88000884209DBD2
:105020000FF000FE0346AFF22C3207214948EBF7A0
:1050300063FA09E00FF07EFCAFF25032CDE90001D7
:1050400007214448EBF758FA4149D5F884008842D3
:105050000ADB0FF0E7FD0346AFF260323D4807215F
:105060002330EBF749FA0AE00FF064FCAFF2843228
:10507000CDE90001374807212330EBF73DFA06F070
:1050800025FD40790A2804D006F020FD40794A2801
:1050900002D10EF08FF860B3CDE904463D48CDE96A
:1050A0000004CDE9029402233B4A90210020F5F749
:1050B0004AFB0EF073F808B1302000E0102003AA7C
:1050C000454682E87000354902238DE81202344AD1
:1050D0009021F5F738FB1F48CDE90446C01FCDE904
:1050E0000004CDE9025400231A4690217020F5F700
:1050F0002AFBCDE904461B48CDE90004CDE9029422
:105100004D460223184A60210020F5F71CFB059646
:105110000094CDE90147CDE9035800231A466021E8
:105120002020F5F710FB0B48CDE904460E38CDE9F9
:105130000004CDE9028400231A4660217020F5F7AF
:1051400002FBCDE9025417482EE00000C16F0208AF
:1051500000401C462456002000002041000038BDBD
:1051600000A04403946D0208926D0208D5700208F5
:10517000D2700208DB700208D9700208585B002068
:1051800000408F4000002440000059404271020856
:1051900040710208A9700208A7700208BD6D0208DC
:1051A000BB6D02084E6E0208CDE90446CDE900044D
:1051B0000223B04A70210020F5F7C5FA0DF0EEFF8A
:1051C00008B1302000E0102045460DF1040C4FF0EE
:1051D000040800948CE89001CDE9045600231A4697
:1051E0007021F5F7B0FACDE90446CDE90254CDE9D6
:1051F00000B4002370211A460846F5F7A4FACDE959
:1052000004469D48CDE90004CDE9029402239B4A5F
:1052100080210020F5F797FA0DF0C0FF08B130208B
:1052200000E010200DF10409009489E89001CDE917
:10523000045600231A468021F5F785FACDE9025479
:10524000CDE9044600238E481A4680210DE10EF078
:105250005BF8E8B30EF058F80A283AD0D5F88C007D
:105260000FF068FB0022874B0EF0E2FECDE9000153
:1052700085A208218248EBF73FF9CDE9044684482E
:10528000CDE90004CDE902940423824A5021002094
:10529000F5F759FACDE904467948CDE90004CDE99E
:1052A0000284002345461A4650216820F5F74BFA40
:1052B0000EF02AF8C0B10EF027F805281CD00EF029
:1052C00023F80A2823D00EF01FF8142827D037E03F
:1052D000FFE7D5F88C000FF089FC03466EA2082189
:1052E0006748EBF709F9C8E70DF058FF08B140200F
:1052F00000E02820042106E00DF050FF08B1402016
:1053000000E02820092103AA82E8520010E00DF0F5
:1053100045FF08B1402000E028201021F3E70DF000
:105320003DFF08B1402000E028200596CDE9035458
:105330000094CDE9014700231A465021F5F703FAFE
:105340000699CAF808101B218AF801105349CAF8B7
:10535000101004218AF800105149CAF8141007B03F
:10536000BDE8F08FA86B0FF0E5FAAFF28062CDE9EF
:105370000001434807213138EBF7BEF84949D5F819
:105380009000884203DB0FF0D5FA47A209E04849B4
:10539000884203DB0FF0CEFA3BA202E00FF0CAFA1C
:1053A00044A2CDE9000108213548EBF7A5F8CDE985
:1053B00004464248CDE90004CDE902940323404A63
:1053C00060210020F5F7BFF9CDE904462C48CDE96E
:1053D0000004CDE90284002345461A466021682076
:1053E000F5F7B1F906F072FB40791D2804D00DF0F5
:1053F000D5FE48B1402008E00DF0D0FE08B14020B5
:1054000000E02820102101E02820122103AA002317
:1054100082E852000094CDE901471A466021F5F771
:1054200092F9CDE904462748CDE90004CDE902947C
:10543000C8460223244A50210020F5F784F90DF1D3
:10544000040B00948BE89001CDE9045600231A4622
:1054500050212020F5F777F90948CDE90254CDE92C
:105460000446002331381A465021CDE9000470204B
:1054700064E700004C6E0208546E0208526E020887
:10548000475600200000594025372E3266000000A4
:105490008D71020889710208253764009A5E02083E
:1054A000C56102080000C84225372E3166000000A1
:1054B0000000204125372E3366000000EB71020802
:1054C000E8710208946D0208926D02082DE9F0411E
:1054D00088B0002405460694EFF7D4FF06AECDE968
:1054E00004462F484FF00208CDE90004CDE90284BC
:1054F00003232C4A20210020F5F725F9CDE90446A5
:1055000029480127CDE90004CDE9027400231A4699
:1055100030211846F5F717F92348CDE90446801CD9
:10552000CDE90004CDE9027400231A463021182089
:10553000F5F709F9CDE904461C48CDE90004CDE9A9
:10554000028403231A4A40210020F5F7FCF816488C
:10555000CDE90446801ECDE90004CDE902740023A4
:105560001A4650211846F5F7EEF80F48CDE90446E3
:105570000E30CDE90004CDE9027400231A46502113
:105580001820F5F7E0F80698A8601B206870094815
:105590002861042028700848686108B0BDE8F081DF
:1055A000A9600208A6600208745B00209B600208E4
:1055B000986002089A5E0208C561020810B5124997
:1055C000044688B04FF083400860EFF75BFF00208F
:1055D00007A9079003900490CDE905010121CDE9C9
:1055E00000010291094B02220949F8F7C7FB082084
:1055F00060700848206104202070074860610798A7
:10560000E06008B010BD0000DC550020FC6102081D
:10561000DE5E0208965E0208BA6102082DE9F043D8
:1056200089B088460024974907460794944808940F
:105630000860EFF727FF07AD9348CDE90445022640
:10564000CDE90004CDE902640323904A2021002023
:10565000F5F779F88E48CDE90445CDE90004CDE9A8
:10566000026405238B4A30210020F5F76CF88A4844
:10567000CDE90445CDE90004CDE902640523874A5C
:1056800040210020F5F75FF88548CDE90445CDE9D4
:105690000004CDE902640523824A50210020F5F779
:1056A00052F8404607F0F6FDDFF8FC9199F800004B
:1056B00008F0CCFE034673487CA20521001DEAF7E2
:1056C0001BFF99F800000E281DD2DFE800F0070F3D
:1056D000641C6C747C848C949CA4ACB4CDE902648E
:1056E0007348CDE904450323724A06E0CDE902641C
:1056F0007148724ACDE904450123CDE90004202117
:105700003020F5F720F86E48CDE904450126CDE9B3
:105710000004CDE9026400231A4630215020F5F739
:1057200012F85848CDE90445001DCDE90004CDE943
:10573000026400231A4640215820F5F704F807F0C8
:105740002BF8CDE90445CDE90004CDE9026400233E
:105750001A4650215820F4F7F6FF08ADB8F1000FB3
:1057600072D0A8F1010081B299F80020554808F0E4
:1057700093FE414653480EF01BFACDE90346232021
:10578000504BCDE90006143B00220296114610460C
:10579000CDE9054563E0CDE902644B48CDE9044518
:1057A00002234A4AA9E7CDE902644948CDE9044504
:1057B0000323484AA1E7CDE902644748CDE90445FF
:1057C0000223464A99E7CDE902644548CDE90445FC
:1057D0000223444A91E7CDE902644348CDE90445F8
:1057E0000123424A89E7CDE902644148CDE90445F5
:1057F0000223404A81E7CDE902643F48CDE90445F0
:1058000003233E4A79E7CDE902643D48CDE90445EA
:1058100002233C4A71E7CDE902643B48CDE90445E7
:1058200002233A4A69E7CDE902643948CDE90445E3
:105830000423384A61E7CDE902643748CDE90445DD
:105840000323364A59E7FFE703940494CDE905455D
:10585000CDE90046324B0322324900200294F8F78A
:105860008DFA0898F8600798B860062078702E487E
:105870003861042038702D48786109B0BDE8F083A4
:105880000000A042DC55002073600208706002082E
:105890003F6002083A600208556002085060020842
:1058A0006560020860600208255500202534640008
:1058B000EE6D0208EB6D0208DF6F0208DE6F020872
:1058C0004A600208585B0020A9700208A77002080D
:1058D0004870020845700208AF700208AD700208F7
:1058E000C36F0208C16F0208B4700208B3700208E7
:1058F000B9700208B7700208E3700208E07002088D
:1059000042710208407102084E6E02084C6E020895
:105910008D71020889710208EB710208E8710208B2
:10592000326002082F6002089A5E0208C561020810
:10593000F0B52549044689B04FF080400860EFF784
:10594000A1FD0027079706F0C1F84079012507AEB1
:105950004A2805D106F0BAF8B0F8C400012826D0CC
:1059600003970497CDE90576CDE900753846174BC6
:10597000042217490295F8F701FA3921CDE90015FB
:10598000039704970295CDE905762846114B04222A
:105990001149F8F7F3F905206070104820610420E0
:1059A00020700F4860610798E06009B0F0BD3821B1
:1059B000CDE90015039704970295CDE905763846A1
:1059C000024B04220249D6E7DC5500204A71020846
:1059D000467102086B710208677102085A71020869
:1059E0005E71020800487047585B00202DE9F041C5
:1059F0004A4904468AB04FF080400860EFF742FD04
:105A000000250895079507AF03950495CDE905573F
:105A10004FF00108CDE900584646414B022241496A
:105A20002846CDF80880F8F7A9F903950495CDE943
:105A30000557CDE900563C4B02223C490120029615
:105A4000F8F79CF90DF0B0FB002858D006F00EFADC
:105A5000007808AED0B1CDE9045635480227CDE92B
:105A60000005CDE902750323324A7E210020F4F7B8
:105A70006AFECDE904563048CDE90005CDE902754E
:105A800003232E4A4E210020F4F75DFE06F07CFA37
:105A9000CDE90456CDE90005CDE90285002347464E
:105AA0001A465E211846F4F74EFE06F0DFF9CDE9FE
:105AB0000456CDE90005CDE9027500231A465E21A2
:105AC0001820F4F740FE06F05BFACDE90456CDE964
:105AD0000005CDE9027500231A468E211846F4F719
:105AE00032FE06F0CFF9CDE90456CDE90005CDE947
:105AF000027500231A468E211820F4F724FE052093
:105B000060700F482061042020700E486061089882
:105B1000A0600798E0600AB0BDE8F081DC55002085
:105B200005620208DA5E020801620208DC5E020811
:105B30009B60020898600208A9600208A66002083B
:105B40008E5E02089E610208F0B51A49044689B0CB
:105B50004FF080400860EFF795FC012600250620F5
:105B6000CDE90006079507AF039504950296CDE9A8
:105B70000557114B042211493046F8F7FFF807206A
:105B8000CDE90006039504950296CDE905570C4B27
:105B900004220C490220F8F7F1F80798E06002208F
:105BA000607009482061042020700848606109B0D5
:105BB000F0BD0000DC550020C56102089A5E0208B5
:105BC000CF6102089E5E02086E5E02083D61020817
:105BD0002DE9F04FAA49824689B04FF08040002459
:105BE0000860EFF74FFC00252846079508F02EFCCB
:105BF000A44F0DF11C0801264FF01C0970B13D7037
:105C0000CDE90096039504950296CDE905582846FE
:105C100001249D4B03229D49F8F7B0F8012008F0BC
:105C200015FC88B138780E2800D13E70CDE9009679
:105C3000039504950296CDE905582046641C944BC3
:105C400001229449F8F79AF8022008F0FFFB90B17E
:105C500038780E2801D102203870CDE900960395DE
:105C600004950296CDE905582046641C8A4B022211
:105C70008A49F8F783F8032008F0E8FB20B1387868
:105C80000E2801D103203870042008F0DFFB90B10A
:105C900038780E2801D104203870CDE9009603959C
:105CA00004950296CDE905582046641C7C4B0322DE
:105CB0007C49F8F763F8052008F0C8FB90B1387804
:105CC0000E2801D105203870CDE900960395049582
:105CD0000296CDE905582046641C734B0222734995
:105CE000F8F74CF8062008F0B1FB90B138780E2890
:105CF00001D106203870CDE90096039504950296EF
:105D0000CDE905582046641C694B02226949F8F721
:105D100035F8072008F09AFB90B138780E2801D1A9
:105D200007203870CDE90096039504950296CDE9D9
:105D300005582046641C604B01226049F8F71EF8A4
:105D4000082008F083FB4FF0080B90B138780E283C
:105D500001D187F800B0CDE900960395049502962D
:105D6000CDE905582046641C554B02225549F8F7E9
:105D700005F8092008F06AFB98B138780E2801D19F
:105D800009203870CDE900960395049502962046C7
:105D9000CDE90558641CE4B24B4B03224B49F7F79D
:105DA000EDFF0A2008F052FB98B138780E2801D197
:105DB0000A203870CDE90096039504950296204696
:105DC000CDE90558641CE4B2414B02224149F7F782
:105DD000D5FF0B2008F03AFB98B138780E2801D196
:105DE0000B203870CDE90096039504950296204665
:105DF000CDE90558641CE4B2374B02223749F7F766
:105E0000BDFF0C2008F022FB98B138780E2801D194
:105E10000C203870CDE90096039504950296204633
:105E2000CDE90558641CE4B22D4B04222D49F7F747
:105E3000A5FF0D2008F00AFB88B138780E2801D1A3
:105E40000D203870CDE90096039504950296CDE9B2
:105E500005582046244B03222449F7F78FFF079962
:105E6000CAF80C108AF801B02149CAF810100420B1
:105E70008AF800001F49CAF8141009B0BDE8F08F75
:105E8000DC55002025550020EE6D0208EB6D020860
:105E9000DF6F0208DE6F0208A9700208A77002080F
:105EA0004870020845700208AF700208AD70020821
:105EB000C36F0208C16F0208B4700208B370020811
:105EC000B9700208B7700208E3700208E0700208B7
:105ED00042710208407102084E6E02084C6E0208C0
:105EE0008D71020889710208EB710208E8710208DD
:105EF0006E5E02083D6102082DE9F04FAB49824613
:105F000089B04FF0804000240860EFF7BBFAA84D3D
:105F100000260E2007962870304608F097FA0DF1FB
:105F20001C0801274FF01B0970B12E70CDE90097B6
:105F3000039604960297CDE90568304601249D4BEF
:105F400003229D49F7F71AFF012008F07FFA88B174
:105F500028780E2800D12F70CDE90097039604967B
:105F60000297CDE905682046641C944B01229449B0
:105F7000F7F704FF022008F069FA90B128780E289C
:105F800001D102202870CDE900970396049602976C
:105F9000CDE905682046641C8A4B02228A49F7F73E
:105FA000EDFE032008F052FA20B128780E2801D126
:105FB00003202870042008F049FA90B128780E28B0
:105FC00001D104202870CDE900970396049602972A
:105FD000CDE905682046641C7C4B03227C49F7F719
:105FE000CDFE052008F032FA90B128780E2801D1B4
:105FF00005202870CDE90097039604960297CDE915
:1060000005682046641C734B02227349F7F7B6FEFD
:10601000062008F01BFA90B128780E2801D106203E
:106020002870CDE90097039604960297CDE905689C
:106030002046641C694B02226949F7F79FFE07203E
:1060400008F004FA90B128780E2801D107202870B2
:10605000CDE90097039604960297CDE9056820469E
:10606000641C604B01226049F7F788FE082008F0A5
:10607000EDF94FF0080B90B128780E2801D185F882
:1060800000B0CDE90097039604960297CDE9056824
:106090002046641C554B02225549F7F76FFE092034
:1060A00008F0D4F998B128780E2801D10920287079
:1060B000CDE900970396049602972046CDE905683E
:1060C000641CE4B24B4B03224B49F7F757FE0A20FE
:1060D00008F0BCF998B128780E2801D10A20287060
:1060E000CDE900970396049602972046CDE905680E
:1060F000641CE4B2414B02224149F7F73FFE0B20FA
:1061000008F0A4F998B128780E2801D10B20287046
:10611000CDE900970396049602972046CDE90568DD
:10612000641CE4B2374B02223749F7F727FE0C20F4
:1061300008F08CF998B128780E2801D10C2028702D
:10614000CDE900970396049602972046CDE90568AD
:10615000641CE4B22D4B04222D49F7F70FFE0D20ED
:1061600008F074F988B128780E2801D10D20287024
:10617000CDE90097039604960297CDE9056820467D
:10618000244B03222449F7F7F9FD0799CAF80C10AC
:106190008AF801B02149CAF8101004208AF80000DA
:1061A0001F49CAF8141009B0BDE8F08FDC55002073
:1061B00025550020EE6D0208EB6D0208DF6F020826
:1061C000DE6F0208A9700208A77002084870020872
:1061D00045700208AF700208AD700208C36F020874
:1061E000C16F0208B4700208B3700208B9700208E7
:1061F000B7700208E3700208E070020842710208FA
:10620000407102084E6E02084C6E02088D71020841
:1062100089710208EB710208E87102086E5E0208DB
:106220003D610208F0B51A49044689B04FF080403C
:106230000860EFF727F9002501265520CDE9000673
:10624000079507AF039504950296CDE90557114BC5
:10625000042211492846F7F791FD5620CDE90006A2
:10626000039504950296CDE905570C4B04220C4981
:106270003046F7F783FD372060700A48206104201C
:106280002070094860610798E06009B0F0BD000027
:10629000DC5500205C6E0208586E0208776E02081A
:1062A000736E0208467102084A7102082DE9F04F28
:1062B0006D4F05468BB04FF0814091460E46DFF89A
:1062C000AC813860EFF7DEF8002407940894099455
:1062D0004FF0834138680EF059FB014640460EF0FE
:1062E00055FB0EF09FFC0921012700F0FF084FF439
:1062F000616308AAB9F1000F44D09B46CDE9034180
:10630000B6FBFBF00094CDE90572C0B2CDE90140C7
:10631000914600231A4641463420F6F73AFA0DF129
:10632000240ACDE9044A02215148CDE90214CDE9FD
:10633000000401234F4A41463C20F4F704FAB6FB1F
:10634000FBF10BFB11613C203B22B1FBF0F0CDE9EE
:106350000342CDE90549C0B20094CDE901400023D4
:106360001A4641464C20F6F714FACDE9044A0221B8
:106370004148CDE90214CDE9000401233F4A4146DA
:106380005C2043E09A46CDE90341B6FBFAF0009465
:10639000CDE90572C0B2CDE9014000231A4641465D
:1063A0003820F6F7F6F90DF1240BCDE9044B30480F
:1063B0004FF00209CDE90004CDE9029401232D4AF2
:1063C00041464020F4F7BFF9B6FBFAF10AFB116130
:1063D0003C20B1FBF0F03B22CDE9034208A9CDE916
:1063E0000541C0B20094CDE9014000231A46414660
:1063F0004820F6F7CEF9CDE9044B1F48CDE900045B
:10640000CDE9029401231D4A41465820F4F79BF937
:10641000089807AECDE90440069603940094CDE9B0
:106420000147174B052217490020F7F7A7FC0394F3
:106430000494CDE905460094CDE901470222124BB0
:1064400012491046F7F79AFC0798E8600998A86087
:106450000F2068700E482861042028700D4868617C
:106460000BB0BDE8F08F0000DC55002000001042AA
:10647000445F0208435F0208475F0208465F020864
:10648000345F02082F5F0208FC610208DE5E02082A
:106490001D5F0208215F0208F0B51949044689B062
:1064A0004FF080400860EEF7EDFF002507AF07953D
:1064B00003950495CDE905570126CDE90056114B0A
:1064C0000222114928460296F7F758FC03950495D5
:1064D000CDE90557CDE900560C4B02220C490120AD
:1064E0000296F7F74BFC0C2060700A4820610320ED
:1064F0002070094860610798E06009B0F0BD0000B5
:10650000DC55002005620208DA5E0208016202081A
:10651000DC5E0208FD60020800610208F0B5224955
:10652000044689B04FF082400860EEF7ABFF0025CB
:1065300007950CF033FE0126CDE9036507AFCDE9E1
:106540000557CDE900562B46029678B10822174927
:106550000020F7F713FCCDE90365CDE90557CDE938
:10656000005600230822124902960EE00722114924
:106570000020F7F703FCCDE90365CDE90557CDE928
:10658000005600230C49072202960120F7F7F6FB7C
:10659000052060700948206104202070084860616F
:1065A0000798E06009B0F0BDDC550020D763020811
:1065B000ED630208DF630208E6630208765E020804
:1065C00057610208F0B51949044689B04FF0804080
:1065D0000860EEF757FF002507AF07950395049570
:1065E000CDE905570126CDE90056114B022211498C
:1065F00028460296F7F7C2FB03950495CDE90557A7
:10660000CDE900560C4B02220C4901200296F7F707
:10661000B5FB0F2060700A482061042020700948F3
:1066200060610798E06009B0F0BD0000DC55002013
:1066300005620208DA5E020801620208DC5E0208F6
:106640000F5F0208135F02082DE9F34F9B490546CF
:106650008BB099480860EEF715FF002407940C985A
:10666000974F0894099408AE4FF0090809A94FF014
:1066700001094FF0020B0C2802D00D2867D1B9E0B8
:10668000CDE904418F48CDE90004CDE902B48A4642
:1066900002238D4A24210020F4F755F80CF034FE33
:1066A000002866D00CF030FE0A2862D0CDE9044AFA
:1066B000CDE900740023029403941A4638214C203B
:1066C000F4F741F803A84746069680E890020023B5
:1066D000009401941A4638213C200294F6F759F8A8
:1066E00003A8069680E890020023009401941A46BD
:1066F000382144200294F6F74CF803A8069680E867
:1067000090020023009401941A46382154200294E8
:10671000F6F73FF803A8069680E89002002300945D
:1067200001941A4638215C200294F6F732F8089951
:1067300007A803940494CDE90510CDE90049CDF8EC
:106740000890624B062262490020F7F717FB079872
:10675000E8600998A860262068700C980D287CD005
:1067600059482861574885F800B068610DB0BDE808
:10677000F08FCDE90348009401940294CDE9059689
:1067800000234F461A4638213C20F6F702F8CDE99F
:106790000348009401940294CDE9057600231A463B
:1067A00038214420F5F7F5FFCDE903480094019422
:1067B0000294CDE9057600231A4638214C20F5F7DE
:1067C000E8FFCDE90348009401940294CDE90576F1
:1067D00000231A4638215420F5F7DBFFCDE90348A2
:1067E0000094019402940023CDE9057638211A46DD
:1067F0005C209AE7CDE904413248CDE90004CDE9B7
:1068000002B40223304A24210020F3F79CFFCDE993
:106810000348B246009401940294CDE9059A0023FE
:106820004E461A4638213420F5F7B3FFCDE9034828
:10683000009401940294CDE9056A00231A46382198
:106840004420F5F7A6FFCDE9034800233821009442
:1068500001941A464C20029400E027E0CDE9056A35
:10686000F5F797FFCDE90348009401940294CDE930
:10687000056A00231A4638215420F5F78AFF09A833
:10688000CDE90440CDE900740023029403941A4634
:1068900038213C20F3F757FF089907A8CDE90441B8
:1068A0000690CDE90046039402964AE7094828611C
:1068B00004202870084858E700003042DC550020CA
:1068C0002600002035620208CA5E02086B5F0208DB
:1068D000655F0208C8720208CC720208F0B5204950
:1068E000054689B04FF080400860EEF7CBFD0024EC
:1068F00001260420CDE90006079407AF0394049411
:106900000296CDE90547174B052217492046F7F7B0
:1069100035FA0520CDE90006039404940296CDE9EA
:106920000547124B042212490120F7F727FA0820E5
:10693000CDE90006039404940296CDE905470D4B7A
:1069400004220D490220F7F719FA0798E8606E70E3
:106950000A482861022028700948686109B0F0BD22
:10696000DC5500202E610208655E020836610208CF
:106970006A5E02083D6102086E5E0208BE5E0208A1
:106980007B62020810B5114C01220528A0716270CB
:10699000A1701AD2DFE800F00310101910000B48A4
:1069A000983040684069E061017841F00101017070
:1069B0000748A062074807E00CF094FA2078012805
:1069C00003D00548A0620548E06210BD20550020B4
:1069D0006D130108710E0108751101088902010883
:1069E000F0B587B00546EEF74DFD002406AECDE9C3
:1069F0000446069422480227CDE90004CDE902743A
:106A00000523204A28212046F3F79DFECDE90446C0
:106A10001D48CDE90004CDE9027405231B4A40213D
:106A20000020F3F790FE05F0CBFE19490127002363
:106A300051F82000CDE90446CDE90004CDE9027407
:106A40001A4628216020F3F77EFE05F0D7FECDE937
:106A50000446CDE90004CDE9027400231A46402122
:106A60006020F3F770FE052068700A482861042052
:106A70002870094868610698A86007B0F0BD00005A
:106A80001D6202084B5F020829620208505F02087B
:106A90000C550020925E0208AA6102082DE9F0411F
:106AA0001A49044688B04FF080400860EEF7EAFCCF
:106AB00000254FF002080795CDE9035807AFCDE94F
:106AC00005570126CDE90056114B4246114928468B
:106AD0000296F7F753F9CDE90358CDE90557CDE90B
:106AE00000560D4B02220D4930460296F7F746F943
:106AF000372060700A4820610420207009486061D6
:106B00000798E06008B0BDE8F0810000DC55002087
:106B100084710208827102087D7102087B7102088B
:106B20005A7102085E7102082DE9F0413F4905469D
:106B30008AB03D480860EEF7A5FC0024079408944D
:106B4000022009AE0994CDE90204CDE90446384893
:106B5000CDE900040423374A24212046F3F7F3FD4E
:106B6000CDE904463448CDE900040023029403949F
:106B70001A4638214C20F3F7E6FD4FF00908CDE91D
:106B8000034808AF012600940194002302941A469A
:106B900038213420CDE90567F5F7FBFDCDE9034841
:106BA0000094CDE90567CDE9014600231A46382156
:106BB0003C20F5F7EEFDCDE9034800940194002355
:106BC00002941A4638214420CDE90567F5F7E1FD26
:106BD000CDE9034800940194002302941A46382119
:106BE0005420CDE90567F5F7D4FD089907A8CDE94C
:106BF00004410690CDE900460394104B062210494B
:106C000000200296F7F7BAF80798E8600998A8609C
:106C1000262068700B482861032028700A486861A4
:106C20000AB0BDE8F081000000003042DC550020D1
:106C30007B5F0208775F0208260000206B5F020876
:106C4000655F0208AD6F0208B36F02082DE9F041DD
:106C50003F4905468AB03D480860EEF713FC002422
:106C600007940894022009AE0994CDE90204CDE905
:106C700004463848CDE900040423374A242120463D
:106C8000F3F761FDCDE904463448CDE90004002363
:106C9000029403941A4638214C20F3F754FD4FF028
:106CA0000908CDE9034808AF01260094CDE905673E
:106CB000CDE9014600231A4638213420F5F769FD55
:106CC000CDE9034800940194002302941A46382128
:106CD0003C20CDE90567F5F75CFDCDE9034800945C
:106CE0000194002302941A4638214420CDE9056717
:106CF000F5F74FFDCDE90348009401940023029479
:106D00001A4638215420CDE90567F5F742FD089968
:106D100007A8CDE904410690CDE900460394104B45
:106D20000622104900200296F7F728F80798E86035
:106D30000998A860262068700B48286103202870F5
:106D40000A4868610AB0BDE8F081000000003042E6
:106D5000DC5500207B5F0208775F020826000020D8
:106D60006B5F0208655F0208B06F0208BA6F020825
:106D70002DE9F0478C4904468AB08A480860EEF74E
:106D800081FB002507950895022009AE0995CDE9FC
:106D90000205CDE904568548CDE900050423844A5F
:106DA00024212846F3F7CFFCCDE904568148CDE9EC
:106DB00000050023029503951A4638214420F3F775
:106DC000C2FC0CF043FA042601274FF0030A4FF0EF
:106DD00009090DF12008002858D004F077FE407909
:106DE0000395012804A82B4680E8A0010095019591
:106DF0001A464FF038014FF0340002957ED0F5F777
:106E0000C8FC04A8009580E8C0010DF1040C002323
:106E10008CE860041A4638213C20F5F7BAFCCDE92D
:106E20000359009501950295CDE9057800231A468E
:106E300038214A20F5F7ADFC039704970095CDE97A
:106E40000578CDE9015700231A4638215420F5F77B
:106E5000A0FC59482061594826706061089907A82C
:106E6000CDE904510690CDE900570395544B062215
:106E7000544900200297F6F781FF0798E0600998CF
:106E8000A060262060700AB0BDE8F08704F01EFE06
:106E900040790395012804A84FF0000380E8A00181
:106EA000009501951A464FF038014FF034000295D5
:106EB00030D0F5F76EFC04A8009580E8C0010DF114
:106EC000040C00238CE860041A4638213C20F5F7B6
:106ED00060FCCDE90359009501950295CDE905784F
:106EE00000231A4638214A20F5F753FCCDE903590F
:106EF0000023009501951A46382100E032E0029502
:106F0000CDE905785420F5F744FC2F482061267020
:106F10002E48A2E7F5F73DFC04A80396009580E80B
:106F2000C001CDE9015600231A4638213C20F5F76F
:106F300030FC04A8039580E8A0010023009501958A
:106F40001A4638214A200295F5F723FC04A8039538
:106F500080E8A00100233821009501951A465420AD
:106F60000295D0E7F5F715FC04A80396009580E894
:106F7000C001CDE9015600231A4638213C20F5F71F
:106F800008FC04A8039580E8A00100230095019562
:106F90001A4638214A200295F5F7FBFBCDE9035943
:106FA0004CE7000000003042DC5500207B5F020807
:106FB000775F020826000020876F0208946F02089E
:106FC0006B5F0208655F0208636F02086F6F02085B
:106FD0002DE9F047984904468AB096480860EEF7D4
:106FE00051FA002507950895022009AE0995CDE9CB
:106FF0000205CDE904569148CDE900050423904AE5
:1070000024212846F3F79FFBCDE904568D48CDE9AE
:1070100000050023029503951A4638214420F3F712
:1070200092FB0CF013F901264FF0090908AF002874
:1070300056D004F04BFD407901287DD0CDE90356B0
:107040000095CDE90567CDE9015600231A463821A0
:107050003420F5F79EFBCDE90356009501950023FA
:1070600002951A4638213C20CDE90567F5F791FBDA
:10707000CDE9035900950195002302951A46382160
:107080004A20CDE90567F5F784FBCDE90359009562
:10709000CDE90567CDE9015600231A463821542071
:1070A000F5F777FB6848206105202070674860612C
:1070B000089907A8CDE904510690CDE9005603953B
:1070C000634B0622634900200296F6F757FE0798A5
:1070D000E0600998A060262060700AB0BDE8F087E3
:1070E00004F0F4FC40794FF0080A012840D004A8CD
:1070F000B846039580E860010023009501951A4683
:10710000382134200295F5F744FB4F460095CDE930
:1071100004760DF1040CD146CDF818808CE8A0025D
:1071200000231A4638213C20F5F733FBCDE90357FD
:107130000095CDE9056800E051E0CDE90156002356
:107140001A4638214A20F5F724FBCDE9035700956C
:10715000CDE90159CDE9056800231A4638215420AC
:10716000F5F717FB3C482061042020703B489EE760
:1071700004A8039580E8E0000023009501951A46D5
:10718000382134200295F5F704FB04A94846CDF8D0
:107190000C90009581E8C100CDE9015900231A4601
:1071A00038213C20F5F7F5FA039604960095CDE9D1
:1071B0000567CDE9015600231A4638214A20F5F724
:1071C000E8FA04A95046CDF80CA0009581E8C1006A
:1071D0000023CDE9015A38211A465420C0E703960E
:1071E00004960095CDE90567CDE9015600231A46BE
:1071F00038213420F5F7CDFA04A8039580E8E000A3
:107200000023009501951A4638213C200295F5F798
:10721000C0FA04A8039580E8E000002300950195DA
:107220001A4638214A200295F5F7B3FA03960496D8
:107230002DE7000000003042DC5500207B5F020893
:10724000775F0208260000208F6F0208A46F0208F3
:107250006B5F0208655F02086B6F02087F6F0208B0
:107260002DE9F04F9D4904468BB09B480860EEF72E
:1072700009F9002507950895022009AE0995CDE981
:107280000205CDE904569648CDE900050423954A48
:1072900024212846F3F757FACDE904569248CDE960
:1072A00000050023029503951A4638214420F3F780
:1072B0004AFA0BF0CBFF01264FF006094FF0070802
:1072C0004FF0090A08AF00285BD004F0FFFB4079BB
:1072D0000395012804A82B4680E8E000009501955D
:1072E0001A464FF038014FF0340002957ED0F5F782
:1072F00050FA04A94046CDF80C90009581E8C100F1
:10730000CDE9015800231A4638213C20F5F741FA0F
:10731000CDE9035A0095019500230295D0461A46FF
:1073200038214A20CDE90567F5F733FACDE903584E
:1073300000950195002302951A4638215420CDE985
:107340000567F5F726FA694820610420207068482F
:107350006061089907A8CDE904510690CDE900566F
:107360000395644B0622644900200296F6F706FD59
:107370000798E0600998A060262060700BB0BDE817
:10738000F08F04F0A3FB40794FF0080B01283FD0A9
:1073900004A8039580E8E0000023009501951A46B3
:1073A000382134200295F5F7F4F9404604A9CDF8C8
:1073B0000C9081E8C1000095CDE901590023C84631
:1073C0001A4638213C20F5F7E4F9CDE9035A009537
:1073D000CDE9015B0023D1461A4638214A20CDE988
:1073E0000567F5F7D6F9CDE9035900E04AE00095C5
:1073F000CDE9015800231A4638215420CDE905670C
:10740000F5F7C7F93D482061042020703C489FE70C
:1074100004A8B846039580E8600100230095019513
:107420001A46382134200295F5F7B3F90095CDE9D5
:107430000496CDF80C90CDF81880CDE901590023C1
:107440004F461A4638213C20F5F7A3F904A95846BF
:10745000CDF80CB0009581E84101CDE9015B002336
:107460001A4638214A20F5F794F90095CDE90476BB
:10747000CDF8188003970023CDE9015738211A462B
:107480005420BDE7F5F785F904A94046CDF80C80F6
:10749000009581E8C100CDE9015800231A46382142
:1074A0003C20F5F776F904A8039580E8E000002376
:1074B000009501951A4638214A200295F5F769F999
:1074C00004A8039580E8E000002338210095019589
:1074D0001A465420029534E700003042DC55002063
:1074E0007B5F0208775F0208260000208B6F02088E
:1074F0009C6F02086B5F0208655F0208676F0208F5
:10750000776F02082DE9F04F574905468BB0554873
:107510000860EDF7B7FF00240DF1240A0994CDE9C6
:10752000044A0794089402215048CDE90214CDE999
:10753000000404234E4A24212046F3F704F904F002
:10754000C5FA40794B4E01270DF120084FF0090B89
:107550001D2805D004F0BAFA40794E2828D05BE007
:10756000CDE9034BC146009401940294CDE905791D
:107570000023D8461A4638213420F5F70AF9CDE918
:107580000348009401940294CDE9057900231A463A
:1075900038213C20F5F7FDF8CDE90348009401942B
:1075A00002940023CDE9057938211A464C2025E0C4
:1075B000CDE9034B009401940294CDE905780023B2
:1075C000D9461A4638213420F5F7E3F8CDE90349C6
:1075D000009401940294CDE9057800231A463821DD
:1075E0003C20F5F7D6F8CDE90349009401940294C4
:1075F000CDE9057800231A4638214C20F5F7C9F863
:10760000CDE9044ACDE900640023029403941A46AC
:1076100038214420F3F797F8089907A8CDE90441E9
:107620000690CDE900470394134B0622134900202E
:107630000297F6F7A3FB0798E8600998A860262050
:10764000687004F043FA40791D2801D04E2805D116
:107650000B482861042028700A4868610BB0BDE817
:10766000F08F000000003042DC5500207B5F0208F4
:10767000775F0208260000206B5F0208655F020842
:10768000AC720208B07202082DE9F04F88469A49A0
:1076900004468BB097480860EDF7F4FE0025974E3E
:1076A0000127079508950DF120094FF0090B4FF0C0
:1076B000020A09A80995B8F1000F03D0B8F10C0F20
:1076C0006DD17BE0CDE9045080468D48CDE90005C1
:1076D000CDE902A504238B4A24210020F3F733F8D7
:1076E0008648CDE904583030CDE9000500230295E5
:1076F00003951A4638216420F3F725F8CDE904589C
:10770000CDE900650023029503951A4638214C20E7
:10771000F3F719F8CDE9035B0095CDE90579CDE9DB
:10772000015700234E46D8461A4638213420F5F733
:1077300030F8CDE90358009501950295CDE905761D
:1077400000231A4638213C20F5F723F8CDE90358E9
:10775000009501950295CDE9057600231A4638215A
:107760004420F5F716F8CDE90358009501950295E8
:10777000CDE9057600231A4638215420F5F709F89B
:10778000089907A8CDE904510690CDE90057039563
:107790005D4B06225D4900200297F6F7EFFA079845
:1077A000E0600998A060262060705948206184F844
:1077B00000A0584860610BB0BDE8F08FCDE902A58C
:1077C000CDE90450DFF850A1CDE900A5804604239F
:1077D000524A24210020F2F7B6FF0BF095FD002855
:1077E00061D00BF091FD0A285DD0CDE90458CDE9B8
:1077F00000650023029503951A4638214C20F2F7C4
:10780000A2FFCDE9035B009501950295CDE90579CD
:1078100000234E46D8461A4638213C20F4F7B9FFDB
:10782000CDE9035800233821009501951A464420DC
:107830000295CDE90576F4F7ACFFCDE90358009544
:1078400001950295CDE9057600231A46382154208A
:10785000F4F79FFFCDE90358009501950295CDE916
:10786000057600231A4638215C20F4F792FF089928
:1078700007A8CDE904510690CDE900570395224BA6
:107880000622224900200297F6F778FA0798E0606E
:107890000998A06026206070204820610420207094
:1078A000C4F814A087E7CDE9035B00950195029524
:1078B000CDE9057900234E46D8461A4638213C20AA
:1078C000F4F767FFCDE90358009501950295CDE9DE
:1078D000057600231A4638214420F4F75AFFCDE9F3
:1078E000035800233821009501951A464C20029533
:1078F0009FE7000000003042DC55002026000020F9
:107900007B5F0208775F02086B5F0208655F020811
:10791000CC5E020840620208D75F0208D35F02080B
:107920002DE9F04F89B00546002704F061FFCD49ED
:107930004FF080400860EDF7A5FD0024079408F0A3
:10794000C7FB01264FF002094FF0030B0DF11C0895
:107950000E2878D2DFE800F00777777723777777FC
:107960007745775384BD1220CDE900060394049433
:107970000296CDE905484746BB4B0422BB49204649
:10798000F6F7FCF91120CDE9000603940494029661
:10799000CDE905470227B64B0422B6491FE004F0A3
:1079A00095F8407934284ED11720CDE9000603948C
:1079B00004940296CDE905484746AF4B0822AF49EB
:1079C0002046F6F7DBF91820CDE90006039404946D
:1079D0000296CDE905470227A94BAA49062230465F
:1079E00004E103940494CDE905483121CDE9001662
:1079F00001272046A44B0422A4490296F6E004F095
:107A000065F840794A2802D05F28CCD11CE03420A8
:107A1000CDE90006039404940296CDE90548474653
:107A20009B4B06229B492046F6F7A8F93520CDE965
:107A30000006039404940296CDE905470227964B6D
:107A400008229649CBE7C4E03221CDE90016012790
:107A5000204603940494924B052292490296C3E077
:107A60002820CDE90006039404940296CDE9054848
:107A700047468D4B06228D492046F6F77FF929208F
:107A8000CDE90006039404940296CDE90547884B9E
:107A9000062288493046F6F771F95F20CDE90006E5
:107AA000039404940296CDE90547834B042283494D
:107AB0004846F6F763F95E20CDE900060394049486
:107AC0000296CDE9054704277D4B3A467D49584645
:107AD0008CE003F0FBFF40794FF02E0A1D2802D006
:107AE0004E2876D176E02C20CDE90006039404944C
:107AF0000296CDE90548744B082274492046F6F7F2
:107B00003DF92A20CDE90006039404940296CDE9BC
:107B100005484F466E4B06226E493046F6F72EF961
:107B2000CDE903472D20CDE900060296CDE90548B1
:107B3000694B062269493846F6F720F92B20CDE932
:107B40000006039404940296CDE905480427644B8B
:107B5000062264495846F6F711F9CDE900A60394C8
:107B600004940296CDE905484FF005095E4B0622C4
:107B70005E493846F6F702F95820CDE9000603942D
:107B800004940296CDE905480627594B0522594928
:107B90004846F6F7F3F85920CDE90006039404941B
:107BA0000296CDE905484FF00709534B052253498A
:107BB0003846F6F7E3F85A20CDE90006039404941A
:107BC0000296CDE9054808274D4B05224D49484608
:107BD0000CE00DE0CDE900A60127434B43492046C8
:107BE0000394049406220296CDE90508F6F7C6F838
:107BF0002120CDE90006039404940296CDE90548BE
:107C000038467F1C404B04224049F6F7B7F82F2036
:107C1000CDE90006039404940296CDE90548384660
:107C20007F1C3B4B04223B49F6F7A8F82220CDE904
:107C30000006039404940296CDE90548364B0422CD
:107C400036493846F6F79AF80798E8600A206870CF
:107C500033482861042028703248686109B0BDE8C3
:107C6000F08F0000DC550020956102088A5E020852
:107C700088610208865E0208537002084B70020891
:107C80006670020860700208F8700208F47002085A
:107C9000F56E0208EF6E02080A6F0208026F020812
:107CA000A76E0208A26E020898710208927102087B
:107CB000AB710208A5710208BB710208B771020816
:107CC000C8710208C4710208F7710208EF71020856
:107CD0000F72020809720208287202082272020852
:107CE0003E72020838720208527202084C72020890
:107CF000DA720208D5720208EB720208E672020814
:107D0000FC720208F772020882610208825E0208B1
:107D1000476D0208436D0208106102080C610208F9
:107D2000A75E0208E761020830B51149044689B030
:107D30004FF083400860EDF7A5FB002007A90790EE
:107D4000039004900125CDE90501CDE90005094B1B
:107D50002A4609490295F6F711F86570074820612F
:107D600006202070064860610798E06009B030BDC9
:107D7000DC5500203C6302083B630208555F0208A3
:107D80005B5F02082DE9F0412049044688B04FF0BE
:107D900082400860EDF776FB00254FF0020807955A
:107DA000CDE9035807AFCDE905570126CDE90056C7
:107DB000174B4246174928460296F5F7DFFFCDE9F3
:107DC0000358CDE90557CDE900560122124B13495E
:107DD00010460296F5F7D2FFCDE90557CDE90368C5
:107DE000CDE900560E4B01220E4902200296F5F70E
:107DF000C5FF272060700C482061062020700B48CA
:107E000060610798E06008B0BDE8F081DC550020B3
:107E100088700208867002088D7002088C70020853
:107E2000907002088F70020873700208797002085F
:107E30002DE9F04F8BB0064604F0DAFCDFF8C08184
:107E400005464FF08140DFF8BCB14FF0240AC8F876
:107E50000000EDF717FB002407940894099408F03C
:107E600015F901462846EDF785FD0DF12409CDE908
:107E70000449054656300127CDE90004CDE90274D6
:107E800000231A4651462020F2F75DFC4FF0834153
:107E9000D8F800000CF07AFD014658460CF076FD4B
:107EA0000CF0C0FE00F0FF0BCDE9044905F11E0007
:107EB000CDE90004CDE9027400231A46594660203A
:107EC000F2F741FC4FF08341D8F800000CF05EFD62
:107ED000824658460CF0DEFE51460CF057FD0CF081
:107EE000A1FE00F0FF0ACDE9044905F11900CDE932
:107EF0000004CDE9027400231A4651466020F2F7CF
:107F000022FC4FF08341D8F800000CF03FFD804682
:107F100050460CF0BFFE41460CF038FD0CF082FEDE
:107F2000697900F0FF094FF00A084FF0090BB1FB27
:107F3000F8F0CDE9034B0DF1200A0094CDE9057A64
:107F4000CDE9014000231A4649466020F4F721FCA0
:107F50006979CDE9034BB1FBF8F208FB12100094EC
:107F6000CDE90140CDE9057A00231A46494668204B
:107F7000F4F70FFCCDE9034707ADCDE90545002235
:107F800000940194204B114610460294F5F7F6FE3A
:107F900003940494CDE90545009401941B4B0522FC
:107FA0001B4901200294F5F7E9FE03940494CDE9FE
:107FB000054500940194174B0522174902200294AD
:107FC000F5F7DCFE0898CDE903470094019402948C
:107FD000CDE905050022114B11460320F5F7CEFE31
:107FE0000798F0600998B06086F801800C4830610D
:107FF000052030700B4870610BB0BDE8F08F0000B9
:10800000DC55002000001042196202081D620208BF
:108010004B5F020829620208505F02082A610208C9
:10802000AB5E0208F06102082DE9F04389B0044616
:1080300008F026F82C494FF0804000250860EDF745
:1080400021FA0026079603F035FD0DF11C080127E3
:108050004FF00A0980B103F02DFDCDE90367CDE9AA
:1080600000970297CDE9056800F12303002230460E
:1080700001251146F5F782FE03F022FD78B103F0E9
:108080001FFDCDE90367CDE900970297CDE90568AB
:1080900000F12303002228461146F5F76FFE03F096
:1080A00009FD022598B903F00BFD80B906A8CDE9BA
:1080B000046006960D48CDE90006CDE9025604237A
:1080C0000B4A50213220F2F73EFB0698A060079839
:1080D000E0606570074820610520207006486061F7
:1080E00009B0BDE8F0830000DC550020886D02086F
:1080F000846D0208655E02082E61020810B5084909
:1081000004464FF080400860EDF7BCF90420607031
:1081100004482061062020700348606110BD000003
:10812000DC55002092620208986202082DE9F04FA7
:1081300089B0064604F05CFBDFF8C09305464FF0BB
:1081400081412420C9F80010DFF8B4B30690EDF7A0
:1081500099F900240794089407F098FF01462846EF
:10816000EDF708FC05464079DFF898A308AF4FF01B
:1081700001081D2802D04E287ED0AFE155F8780FB7
:108180000CF0D8FBCDE90001DC48DFA20721093063
:10819000E8F7B2F968680CF0CDFBCDE90001D748EB
:1081A000D9A207211030E8F7A7F9A8680CF0C2FBA4
:1081B000CDE90001D148D4A207211730E8F79CF996
:1081C000E8680CF0B7FBCDE90001CC48CEA207214E
:1081D0001E30E8F791F96869783D0CF0ABFBCDE90A
:1081E0000001C648C8A207212530E8F785F9CDE986
:1081F0000447C748CDE90004CDE9028400231A46AC
:1082000038200699F2F79FFABC48CDE9044725309B
:10821000CDE90004CDE9028400231A4666200699C0
:10822000F2F791FA4FF08341D9F800000CF0AEFB61
:10823000014658460CF0AAFB0CF0F4FC00F0FF0BD2
:10824000CDE90447AF48CDE90004CDE9028400231D
:108250001A4659463820F2F776FAA848CDE904477D
:108260000930CDE90004CDE9028400231A465946BD
:108270006620F2F768FA00E0D3E04FF08341D9F8C6
:1082800000000CF083FB824658460CF003FD51467B
:108290000CF07CFB0CF0C6FC00F0FF0B9748CDE91E
:1082A00004471730CDE90004CDE9028400231A46C3
:1082B00059466620F2F747FA4FF08341D9F800009B
:1082C0000CF064FB824658460CF0E4FC51460CF07E
:1082D0005DFB0CF0A7FC00F0FF0B8848CDE90447DC
:1082E0001E30CDE90004CDE9028400231A46594628
:1082F0006620F2F728FA4FF08341D9F800000CF01D
:1083000045FB824658460CF0C5FC51460CF03EFB3E
:108310000CF088FC00F0FF0ACDE904477948CDE96C
:108320000004CDE9028400231A4651463820F2F7B2
:108330000AFA7248CDE904471030CDE90004CDE9CE
:10834000028400231A4651466620F2F7FCF94FF0EA
:108350008341D9F800000CF019FB814650460CF01F
:1083600099FC49460CF012FB0CF05CFCCDE904478B
:108370003F35CDE90284CDE90054C1B200231A464D
:108380006620F2F7E0F907AD03940494CDE90545C2
:10839000009401945F4B03225F4900200294F5F79B
:1083A000EDFC03940494CDE9054500940194594BE8
:1083B0000322594901200294F5F7E0FC0394049448
:1083C000CDE9054500940194544B04225449022000
:1083D0000294F5F7D3FC03940494CDE90545009489
:1083E0000194504B0422504903200294F5F7C6FC37
:1083F00003940494CDE90545009401944B4B02226B
:108400004B4904200294F5F7B9FC03940494CDE998
:108410000545052200940194464B474910460294B5
:108420005AE0CDE904473A48CDE90004CDE9028499
:1084300000231A4638200699F2F785F9CDE904475A
:1084400005F14F00CDE90004CDE9028400231A466E
:1084500066200699F2F777F94FF08341D9F80000CA
:108460000CF094FA014658460CF090FA0CF0DAFB46
:10847000CDE9044700F0FF09CDE90284CDE900A46D
:1084800000231A4649463820F2F75DF9CDE9044742
:108490004735CDE90284CDE9005400231A46494608
:1084A0006620F2F750F907AD03940494CDE9054531
:1084B00000940194174B0322174900200294F5F70A
:1084C0005DFC03940494CDE9054500940194114B9F
:1084D0000322114901200294F5F750FC0798F0603F
:1084E0000898B06027207070144830610620307002
:1084F0001348706109B0BDE8F08F0000DC55002022
:1085000000001042A972020825362E3166000000D4
:10851000A6720208EB710208E87102088C72020868
:10852000887202089572020891720208946D02081E
:10853000926D0208A07202089B7202084C72020837
:10854000527202082DE9F04F89B0054604F050F947
:108550004B494FF080400860ECF794FF00240794EB
:1085600007F0B6FD4FF0260B4FF027094FF0020A37
:1085700007AF4FF00108052804D007F0A9FD0B282C
:108580001AD024E0CDE900B803940494CDF8088013
:10859000CDE905473B4B05223B492046F5F7EEFB6D
:1085A000CDE90098022603940494384B04223849FC
:1085B0004046CDF808803FE003F088FA40794A2829
:1085C00005D103F083FAB0F8C40002280DD0CDE93C
:1085D00000B803940494CDF80880CDE905474646D9
:1085E000284B0522284920460CE003940494CDE949
:1085F0000547CDE900484646224B05222249204640
:10860000CDF80880F5F7BAFBCDE900960394049401
:108610000296CDE905471D4B04221D493046F5F76A
:10862000ADFB2520CDE9000602960326194B1A4919
:108630000394049405225046CDE90547F5F79EFBC7
:1086400007F046FD01280ED13021CDE90018039432
:108650000494CDF80880CDE9054730460F4B05223C
:108660000F49F5F78BFB0798E860042068702C61D0
:108670002C7004F0BDF8686109B0BDE8F08F00000F
:10868000DC550020DB610208A25E0208E7610208F7
:10869000A75E0208F0610208AB5E0208E76F0208FD
:1086A000E26F0208F0B51949044689B04FF08140E5
:1086B0000860ECF7E7FE002507AF079503950495E2
:1086C000CDE905570126CDE90056114B022211498B
:1086D00028460296F5F752FB03950495CDE9055718
:1086E000CDE900560C4B02220C4901200296F5F709
:1086F00045FB272060700A48206106202070094849
:1087000060610798E06009B0F0BD0000DC55002012
:108710004A620208CE5E020854620208D05E020875
:10872000A5710208AB7102082DE9F0412749054601
:1087300088B04FF081400860ECF7A4FE00244FF0B1
:1087400002080794CDE9034807AFCDE905470126A4
:10875000CDE900461E4B42461E4920460296F5F7DB
:108760000DFBCDE90348CDE90547CDE900461A4B9D
:1087700002221A4901200296F5F700FBCDE90348D1
:10878000CDE90547CDE900460222154B15491046B3
:108790000296F5F7F3FACDE90348CDE90547CDE9AF
:1087A0000046114B0122114903200296F5F7E6FA23
:1087B000272068700E482861062028700D486861DF
:1087C0000798E86008B0BDE8F0810000DC550020A3
:1087D000D9710208D2710208DE710208D471020850
:1087E000E2710208D6710208E6710208D871020827
:1087F00092710208987102082DE9F04F8BB006467D
:108800000AF088FB0CF096F804460D46F7F706FBD5
:1088100022462B460BF050FB00228E4B0BF060FEE5
:1088200000228D4B0BF048FB0BF096FDDFF82C82FD
:1088300005464FF08140DFF828B24FF02409C8F810
:108840000000ECF71FFE002408940994079409A87F
:108850000A9403940494CDE905400127CDE900472B
:1088600023462246494660200294F3F792FF099975
:108870000DF11C0ACDE90441CDF818A00394009431
:108880000194784B0422784900200294F5F776FA97
:108890004FF08341D8F800000CF078F801465846B4
:1088A0000CF074F80CF0BEF900F0FF0903F0EEFADA
:1088B0000AA9CDE90441CDE90004CDE90274002301
:1088C0001A4649465020F1F73EFF03940494CDE93F
:1088D000054A00940194654B0422654901200294E5
:1088E000F5F74CFA4FF08341D8F800000CF04EF841
:1088F000804648460CF0CEF941460CF047F80CF0A3
:1089000091F900F0FF0B42F210704FF0090995FB4E
:10891000F0F0CDE903490DF120080094CDE9057888
:10892000C0B2CDE9014000231A4659465020F3F762
:1089300030FF42F2107095FBF0F100FB11514FF443
:108940007A7091FBF0F0CDE90349C0B20094CDE913
:108950000140CDE9057800231A4659465820F3F71F
:1089600018FF4FF47A7095FBF0F100FB1151642071
:1089700091FBF0F0CDE90349C0B20094CDE901408C
:10898000CDE9057800231A4659466020F3F701FF28
:10899000642095FBF0F100FB11510A2091FBF0F0EF
:1089A000CDE90349C0B20094CDE90140CDE9057895
:1089B00000231A4659467020F3F7EBFE0A2095FB78
:1089C000F0F100FB1150CDE90349C0B20094CDE9AC
:1089D0000140CDE9057800231A4659467820F3F77F
:1089E000D8FE0AA8CDE904402248CDE900040023BE
:1089F000029403941A4659466820F1F7A4FE089998
:108A0000CDF818A0CDE9044103940094CDE90147C5
:108A1000194B042219490220F5F7B0F90394049484
:108A2000CDE9054A0094CDE90147154B02221549CD
:108A30000320F5F7A3F90798F0600A98B0602720A3
:108A400070701148306104203070104870610BB0B4
:108A5000BDE8F08F000059400000E03FDC550020E9
:108A6000000010428C620208C65E020860620208C2
:108A7000D25E02082600002069620208D65E020863
:108A8000FC610208DE5E0208865E02088861020858
:108A90002DE9F04F8BB005460AF04EFC044685499F
:108AA0000CF040F90BF046FF0022834B0BF004FA68
:108AB0000BF052FC064620460AF0E2F9DFF8FC8192
:108AC0004FF08140DFF8F8B14FF02409C8F80000FA
:108AD000ECF7D8FC002408940994079409A80A9498
:108AE00003940494CDE905400127CDE900472346CE
:108AF0002246494650200294F3F74BFE09990DF1A6
:108B00001C0ACDE90441CDF818A003940094019407
:108B10006C4B04226C4900200294F5F72FF94FF0BA
:108B20008341D8F800000BF031FF014658460BF0A6
:108B30002DFF0CF077F800F0FF0903F0B9F90AA94E
:108B4000CDE90441CDE90004CDE9027400231A46C1
:108B500049465020F1F7F7FD03940494CDE9054A06
:108B600000940194594B0422594901200294F5F7CD
:108B700005F94FF08341D8F800000BF007FF80465D
:108B800048460CF087F841460BF000FF0CF04AF81D
:108B900000F0FF0B0AA8CDE904404E48CDE90004DF
:108BA0000023029403941A4659466820F1F7CBFD3E
:108BB0004FF47A704FF0090996FBF0F0CDE90349C4
:108BC0000DF120080094CDE90578C0B2CDE901404F
:108BD00000231A4659465020F3F7DBFD4FF47A7014
:108BE00096FBF0F100FB1161642091FBF0F0CDE900
:108BF0000349C0B20094CDE90140CDE905780023D6
:108C00001A4659465820F3F7C4FD642096FBF0F14C
:108C100000FB11610A2091FBF0F0CDE90349C0B2DD
:108C20000094CDE90140CDE9057800231A46594664
:108C30006020F3F7AEFD0A2096FBF0F100FB116017
:108C4000CDE90349C0B20094CDE90140CDE90578F2
:108C500000231A4659467020F3F79BFD0899CDF87A
:108C600018A0CDE9044103940094CDE901471A4BC3
:108C700004221A490220F5F781F803940494CDE9FF
:108C8000054A0094CDE90147154B022215490320FE
:108C9000F5F774F8272068701348286104202870BD
:108CA000124868610798E8600A98A8600BB0BDE8B0
:108CB000F08F0000000020410000E03FDC55002064
:108CC000000010428C620208C65E02086062020860
:108CD000D25E02082600002069620208D65E020801
:108CE000FC610208DE5E02088A5E020895610208E5
:108CF0002DE9F04788463449044688B04FF081405A
:108D00000860ECF7BFFB0025012607AF4FF0020912
:108D10004FF0060A0795B8F12A0F27D0CDE903597D
:108D2000CDE90557CDE90056C846284B022228490F
:108D300000200296F5F722F8CDE90358CDE9055752
:108D4000CDE90056234B0222234901200296F5F774
:108D500015F822482061224884F800A0606127208D
:108D600060700798E06008B0BDE8F087039504954F
:108D7000CDE90557CDE900561A4B02221A490020C9
:108D80000296F4F7FBFFCDE90359CDE90557CDE98C
:108D90000056C846154B0322154901200296F4F7E8
:108DA000EDFFCDE90358CDE90557CDE90056114B4C
:108DB0000322114902200296F4F7E0FF0F482061D8
:108DC00084F800A00E48C9E7DC5500207E72020836
:108DD0007C720208847202088272020838720208E9
:108DE0003E72020864720208627202086C72020823
:108DF000697202087572020872720208097202082A
:108E0000987102082DE9F04FDFF8ECA105468BB010
:108E10004FF08140DFF8E4B14FF02409CAF80000B8
:108E2000ECF730FB00240794089409940A94F5F7B2
:108E30007DF96321CDE9034108AFCDE905470094F1
:108E4000CDE9014000231A4649463820F3F7A1FC3A
:108E5000F5F74EF9012604AA0C21039682E8920048
:108E60000094CDE9014000231A4649465020F3F70B
:108E700090FCF5F72BF904AA1F21039682E89200D3
:108E80000094CDE9014000231A4649466820F3F7D3
:108E900080FC0AAFCDE90447DFF86481CDE90084A6
:108EA0000023029403941A4649466020F1F74BFCD4
:108EB000CDE90447CDE900840023029403941A46C7
:108EC00049464820F1F73FFC08990DF11C09CDE90E
:108ED0000441CDF8189003940094CDE90146494B24
:108EE000032249490020F4F749FF4FF08341DAF8A3
:108EF00000000BF04BFD014658460BF047FD0BF010
:108F000091FE00F0FF0AF5F7E7F81722CDE90342DA
:108F10000DF12408CDE905480094CDE90140002376
:108F20001A4651463820F3F734FCF5F7DBF84FF0DA
:108F30003B0BCDE9034BCDE905480094CDE9014059
:108F400000231A4651465020F3F723FCF5F7D6F8D4
:108F5000CDE9034BCDE905480094CDE9014000235C
:108F60001A4651466820F3F714FCDFF89480CDE9E7
:108F70000447A8F11008CDE900840023029403946B
:108F80001A4651464820F1F7DEFBCDE90447CDE90A
:108F900000840023029403941A4651466020F1F79E
:108FA000D2FB0999CDF81890CDE9044103940094BF
:108FB000CDE90146154B032215490120F4F7DEFEE9
:108FC00003940494CDE905490094CDE901460222B9
:108FD000104B11491046F4F7D1FE0798E8600A9843
:108FE000A860052068700D482861042028700C488E
:108FF00068610BB0BDE8F08FDC5500200000104226
:109000004600002080620208C05E020886620208F4
:10901000C35E0208FC610208DE5E0208725E02089E
:109020004D6102082DE9F04EDFF8649105468AB0E3
:109030004FF08140DFF85CB12427C9F80000ECF75D
:1090400021FA002407940894099402F03FFD02F0ED
:109050003DFD09A9CDE90441C8300126CDE9000450
:10906000CDE9026400231A4639465020F1F76BFB24
:109070000DF11C0A03940494CDE9054A009401946F
:10908000454B0422454900200294F4F777FE4FF047
:109090008341D9F800000BF079FC014658460BF0EB
:1090A00075FC0BF0BFFD00F0FF0B42F2107098FB57
:1090B000F0F100FB11814FF47A7091FBF0F04FF06A
:1090C0000909CDE90349C0B20094CDE9014008AFD8
:1090D00000231A4659465020CDE90567F3F759FB9E
:1090E0004FF47A7098FBF0F100FB1181642091FB42
:1090F000F0F0CDE90349C0B20094CDE9014000236E
:109100001A4659465820CDE90567F3F742FB64201B
:1091100098FBF0F100FB11800A2190FBF1F0CDE902
:109120000349C0B20094CDE9014000231A465946D4
:109130006020CDE90567F3F72CFB0899CDF818A05E
:10914000CDE9044103940094CDE90146144B042277
:1091500014490120F4F712FE03940494CDE9054A62
:109160000094CDE9014602220F4B10491046F4F756
:1091700005FE0798E8600998A860272068700C48E9
:109180002861082028700B4868610AB0BDE8F08E9D
:10919000DC5500200000104260620208D25E020826
:1091A000E45E0208E05E0208FC610208DE5E02087E
:1091B000026F02080A6F0208F0B51949044689B027
:1091C0004FF080400860ECF75DF9002507AF079588
:1091D00003950495CDE905570126CDE90056114BBD
:1091E0000622114928460296F4F7C8FD0395049516
:1091F000CDE90557CDE900560C4B06220C4901205C
:109200000296F4F7BBFD272060700A482061062013
:109210002070094860610798E06009B0F0BD000067
:10922000DC5500203A6F0208346F0208246F0208F0
:109230001E6F0208EF6E0208F56E0208F0B51949BC
:10924000044689B04FF080400860ECF71BF9002518
:1092500001263D20CDE90006079507AF039504954B
:109260000296CDE90557104B022210492846F4F723
:1092700085FD03950495CDE90557CDE900560C4BC6
:1092800002220C4901200296F4F778FD2720607035
:109290000948206104202070084860610798E06058
:1092A00009B0F0BDDC55002005620208DA5E020854
:1092B00001620208DC5E0208436D0208476D020885
:1092C0002DE9F04F0F46374905468BB04FF08240ED
:1092D0004FF028080860ECF7D5F8002407940894AC
:1092E0004FF0040B09944FF00A0ACDE9034BB7FB8A
:1092F000FAF00DF1200901260094CDE90569CDE9C8
:1093000001402346224641465820F3F742FAB7FB74
:10931000FAF10922CDE903420AFB11700094CDE96C
:109320000140CDE9056900231A4641466020F3F764
:1093300030FA09A8CDE904401B48CDE90004CDE985
:10934000026400231A4641467020F1F7FCF90898A0
:1093500007AFCDE90440069703940094CDE9014698
:10936000124B032212490020F4F708FD03940494E1
:10937000CDE905470094CDE901460E4B02220E4986
:109380000120F4F7FBFC0998A8602F2068700B48B7
:10939000286185F800B00A4868610798E8600BB05A
:1093A000BDE8F08FDC550020686D02085D6D020895
:1093B0005A6D0208FC610208DE5E0208436D020875
:1093C000476D0208F0B589B04F49074600244FF0B9
:1093D000824007940860ECF755F806F057FE0068E5
:1093E000012507AE00287DD006F072FE01462F2031
:1093F0000C296ED2DFE801F0060F186D212A333CEC
:10940000454E5760CDE90005039404943F4B032279
:109410003F49029558E0CDE90005039404943D4B83
:1094200001223D4902954FE0CDE9000503940494E3
:109430003A4B02223A49029546E0CDE900050394F1
:109440000494384B0322384902953DE0CDE90005EC
:1094500003940494354B02223549029534E0CDE95A
:10946000000503940494334B0222334902952BE008
:10947000CDE9000503940494304B01223049029554
:1094800022E0CDE90005039404942E4B02222E49DC
:10949000029519E0CDE90005039404942B4B0322B7
:1094A0002B49029510E0CDE9000503940494294B63
:1094B00002222949029507E0CDE90005254B2749FD
:1094C0000394049402220295CDE905462046F4F760
:1094D00055FC0520787022483861042038702148F6
:1094E000786100E003E00798F86009B0F0BD0394EC
:1094F0000494CDE905462046CDE900451A4B0422E7
:109500001A490294E3E70000DC550020EE6D0208E2
:10951000EB6D0208DF6F0208DE6F0208A970020817
:10952000A77002084870020845700208AF70020870
:10953000AD700208C36F0208C16F0208B470020860
:10954000B3700208B9700208B7700208E37002082D
:10955000E07002084E6E0208407102084C6E02086C
:10956000436D0208476D0208886D0208846D020889
:1095700003F004B92DE9F0435549064689B04FF090
:1095800080404FF000080860EBF77CFF0024079450
:1095900009F072FD07AF012578B11321CDE900155F
:1095A000039404940295CDE9054720464FF0010845
:1095B000484B04224849F4F7E1FB0E20CDE90005B1
:1095C000039404940295CDE9054708F10109434B42
:1095D000042243494046F4F7D1FB0F20CDE90005B2
:1095E000039404940295CDE9054709F10108484622
:1095F0003C4B04223C49F4F7C1FB0C20CDE90005AB
:10960000039404940295CDE90547404608F101080A
:10961000364B05223649F4F7B1FB0B20CDE90005A6
:10962000039404940295CDE90547404608F10108EA
:10963000304B04223049F4F7A1FB0D20CDE90005A1
:10964000039404940295CDE90547404608F10108CA
:109650002A4B04222A49F4F791FB1420CDE9000596
:10966000039404940295CDE90547404608F10108AA
:10967000244B04222449F4F781FB1520CDE9000591
:10968000039404940295CDE90547404608F101088A
:109690001E4B04221E49F4F771FB1620CDE900058C
:1096A000039404940295CDE905474046194B0422E2
:1096B0001949F4F763FB0798F060022070701748AF
:1096C0003061042030701648706109B0BDE8F08345
:1096D000DC5500209E6102088E5E0208606102086F
:1096E0007A5E0208736102087E5E0208E360020887
:1096F000DE6002084D610208725E020857610208CE
:10970000765E0208F25E0208EE5E0208AA610208B6
:10971000925E0208D8600208D46002086A5E0208FD
:10972000366102082DE9F04FDFF8B0820E468BB0AB
:109730004FF081410446DFF8A8A24FF0240BC8F88F
:109740000010EBF79FFE00250127079508950DF106
:10975000240909952D2E7DD002F0B8F9CDE90275C6
:10976000CDE9045900231A4659464F30CDE900058A
:109770005020F0F7E8FF07A803950495CDE90550C0
:1097800000950195974B0422974900200295F4F724
:10979000F5FA4FF08341D8F800000BF0F7F80146D6
:1097A00050460BF0F3F80BF03DFA00F0FF0A42F2DE
:1097B000107B0DF120082D2E7ED002F087F94F305E
:1097C000F6F702F90022894B0AF08AFE0022884B44
:1097D0000AF072FB0AF0C0FD064604A94420009579
:1097E000019581E881014322CDE9020200231A4656
:1097F00051465820F2F7CDFF96FBFBF10BFB1161B0
:109800004FF47A7B91FBFBF0CDE90357C0B2009592
:10981000CDE90150CDE9057800231A465146602074
:10982000F2F7B7FF96FBFBF10BFB11614FF0640BF6
:1098300091FBFBF00922CDE90352C0B20095CDE9BE
:109840000150CDE9057800231A4651466820F2F709
:10985000A0FF00E04FE096FBFBF10BFB11610A203B
:1098600091FBF0F00922CDE90352C0B20095CDE999
:109870000150CDE9057800231A4651467820F2F7C9
:1098800088FFCDE904595B48CDE900050023029526
:1098900003951A4651467020F0F755FF564820614F
:1098A0000820207055486061089807AECDE9045043
:1098B00006960395524B00E028E00095CDE901574C
:1098C000042250490120F4F759FA03950495CDE993
:1098D00005560095CDE9015702224B4B4B491046E6
:1098E000F4F74CFA0798E0600998A06027206070B0
:1098F0000BB0BDE8F08F02F0E9F8CDE90275CDE9D3
:10990000045900231A46594647302FE7EEF74EFE1A
:109910000AF07FFD0022364B0AF0CEFA0AF01CFD59
:1099200090FBFBF106460BFB11614FF47A7991FB3A
:10993000F9F0CDE90357C0B20095CDE90150CDE96A
:10994000057800231A4651465020F2F722FF96FB75
:10995000F9F109FB11614FF0640991FBF9F0032261
:10996000CDE90352C0B20095CDE90150CDE90578AB
:1099700000231A4651465820F2F70BFF96FBF9F1E7
:1099800009FB11614FF00A0B91FBFBF04FF0090945
:10999000CDE90359C0B20095CDE90150CDE9057874
:1099A00000231A4651466020F2F7F3FE96FBFBF1C6
:1099B0000BFB1160CDE90359C0B20095CDE9015010
:1099C000CDE9057800231A4651466820F2F7E1FEFA
:1099D0000F482061062020700E4864E7DC55002007
:1099E0000000104260620208D25E02080000594086
:1099F0000000E03F26000020EF710208F771020826
:109A0000E45E0208E05E0208FC610208DE5E020815
:109A100022720208287202082DE9F04F88469A49FE
:109A200004468BB097480860EBF72CFD0025974E55
:109A30000127079508950DF120094FF0090B4FF00C
:109A4000020A09A80995B8F1000F03D0B8F10C0F6C
:109A50006DD17BE0CDE9045080468D48CDE900050D
:109A6000CDE902A504238B4A24210020F0F76BFEE8
:109A70008648CDE904583030CDE900050023029531
:109A800003951A4638216420F0F75DFECDE90458AD
:109A9000CDE900650023029503951A4638214C2034
:109AA000F0F751FECDE9035B009501950295CDE9F4
:109AB000057900234E46D8461A4638213420F2F75D
:109AC00068FECDE90358009501950295CDE905762C
:109AD00000231A4638213C20F2F75BFECDE90358FB
:109AE000009501950295CDE9057600231A463821A7
:109AF0004420F2F74EFECDE90358009501950295FA
:109B0000CDE9057600231A4638215420F2F741FEAC
:109B1000089907A8CDE904510690CDE900570395AF
:109B20005D4B06225D4900200297F4F727F907985C
:109B3000E0600998A060262060705948206184F890
:109B400000A0584860610BB0BDE8F08FCDE902A5D8
:109B5000CDE90450DFF850A1CDE900A580460423EB
:109B6000524A24210020F0F7EEFD09F0CDFB002839
:109B700061D009F0C9FB0A285DD0CDE90458CDE9D0
:109B800000650023029503951A4638214C20F0F712
:109B9000DAFDCDE9035B009501950295CDE90579E4
:109BA00000234E46D8461A4638213C20F2F7F1FDF4
:109BB000CDE9035800233821009501951A46442029
:109BC0000295CDE90576F2F7E4FDCDE9035800955D
:109BD00001950295CDE9057600231A4638215420D7
:109BE000F2F7D7FDCDE90358009501950295CDE92F
:109BF000057600231A4638215C20F2F7CAFD089941
:109C000007A8CDE904510690CDE900570395224BF2
:109C10000622224900200297F4F7B0F80798E06086
:109C20000998A060262060702048206104202070E0
:109C3000C4F814A087E7CDE9035B00950195029570
:109C4000CDE9057900234E46D8461A4638213C20F6
:109C5000F2F79FFDCDE90358009501950295CDE9F6
:109C6000057600231A4638214420F2F792FDCDE90B
:109C7000035800233821009501951A464C2002957F
:109C80009FE7000000003042DC5500202600002045
:109C9000D75F0208D35F02086B5F0208655F0208A6
:109CA000CE5E02084A620208E85F0208E45F02082A
:109CB0002DE9F04F0F46864905468BB08348086072
:109CC000EBF7E0FB00248348834E079408940DF1E2
:109CD00024080DF120094FF0020B099417B10C2F45
:109CE0007ED168E0CDE90448CDE90004CDE902B4B5
:109CF000C2460423794A24210020F0F724FD764847
:109D0000CDE9044A3030CDE90004002302940394E5
:109D10001A4638216420F0F716FDC8464FF00909AD
:109D2000CDE903490127009401940294CDE9057817
:109D300000231A4638213420F2F72BFDCDE90349E0
:109D4000009401940294CDE9057800231A46382145
:109D50003C20F2F71EFDCDE90349009401940294E2
:109D6000CDE9057800231A4638214420F2F711FD89
:109D7000CDE9044ACDE900640023029403941A4615
:109D800038214C20F0F7DFFCCDE903490094019421
:109D90000294CDE9057800231A4638215420F2F7C1
:109DA000F8FC089907A8CDE904410690CDE90047E1
:109DB0000394029774E0CDE90448CDE90004CDE9AD
:109DC00002B40423454A24210020F0F7BCFCCDE96D
:109DD000044800233821029403941A46542000E0DA
:109DE00064E0CDE90064F0F7AEFC4FF00908CDE97E
:109DF000034801260094CDE90569CDE90146002319
:109E00004F461A4638212C20F2F7C3FCCDE903480F
:109E100000940194002302941A4638213420CDE99D
:109E20000567F2F7B6FCCDE90348009401940023DE
:109E300002941A4638213C20CDE90567F2F7A9FCC7
:109E4000CDE9034800940194002302941A46382176
:109E50004420CDE90567F2F79CFCCDE90348009466
:109E60000194002302941A4638214C20CDE905675D
:109E7000F2F78FFCCDE9034800940194002302948B
:109E80001A4638215C20CDE90567F2F782FC089973
:109E900007A8CDE904410690CDE900460394029657
:109EA0000F4B06220F490020F3F768FF0798E86080
:109EB0000998A860262068700B48286185F800B0D2
:109EC0000A4868610BB0BDE8F08F00000000304226
:109ED000DC550020E85F020826000020E45F02084D
:109EE0006B5F0208655F0208CE5E02084A620208E4
:109EF0002DE9F0418846234905468AB04FF082405B
:109F000028270860EBF7BEFA00240126079408947E
:109F1000CDE903460321CDE9004108A8CDF808802A
:109F2000CDE905603346184A39465820F2F731FC2E
:109F3000089807AFCDE90440069703940094CDE953
:109F40000146124B042212490020F3F717FF039435
:109F50000494CDE905470094CDE901460D4B02225A
:109F60000D490120F3F70AFF0520AC6068700B482B
:109F70002861042028700A4868610798E8600AB0E0
:109F8000BDE8F081DC5500200D5F0208025F020889
:109F9000FE5E0208FC610208DE5E0208EE5E020858
:109FA000F25E02082DE9F74F88B00C4605464FF0E7
:109FB000000A06F08DF8002601274FF03E094FF009
:109FC00002084FF0050B0E287ED2DFE800F0073DB7
:109FD000A67DD6F1F07D7DEFEEEDECEB0A98012841
:109FE0000ED1CDE90097039604960297CDE905645A
:109FF00030464FF0010AFC4B0222FC49F3F7BEFE4B
:10A000003F20CDE90007039604960297CDE9056449
:10A0100050460AF10108F64B0222F649F3F7AEFE6C
:10A020004020CDE90007039604960297CDE9056428
:10A03000F14B0222F1494046F3F7A0FEF0482861B7
:10A0400085F800B0EF4844E0CDE900970396049608
:10A050000297CDE905643046E34B0222E349F3F76A
:10A060008DFE09F0F3F800284FF04700CDE9000716
:10A070000396049602972ED0CDE90564E24B0422A4
:10A08000E2493846F3F77AFE4820CDE90007039607
:10A0900004960297CDE905644FF00309DC4B0422D6
:10A0A000DC494046F3F76AFE4920CDE90007DA4B68
:10A0B000DA490396049605220297CDE905644846DD
:10A0C000F3F75CFED64800E0AEE02861032028707C
:10A0D000D4486861A8E0CDE90564D34B0422D34994
:10A0E0003846F3F74BFE4820CDE900070396049667
:10A0F0000297CDE905644FF00309CD4B0422CD4909
:10A100004046F3F73BFE4920CDE90007039604964D
:10A11000C94B0422C9490297CFE75820CDE900076F
:10A12000039604960297CDE90564C54B0322C54901
:10A130003046F3F723FE5920CDE900070396049635
:10A140000297CDE90564C04B0322C0493846F3F7B6
:10A1500015FE5A20CDE90007039604960297CDE933
:10A160000564BB4B0322BB494046F3F707FEBA48E0
:10A17000286104202870B948ABE7CDE90097039621
:10A1800004960297CDE905643046974B0222974921
:10A19000F3F7F4FD01F09AFC4079342809D05D28EA
:10A1A0002ED11FE096E25AE202E1D2E0A2E044E0C2
:10A1B0002CE05F20CDE90007039604960297CDE9D5
:10A1C0000564A74B0222A7493846F3F7D7FD5B2069
:10A1D000CDE9000703960496854B02228549404647
:10A1E000029709E05B21CDE900179F4B9F49039639
:10A1F0003846049603220297CDE90564F3F7BEFDC5
:10A200009B48286185F800B09A4862E75E21CDE955
:10A210000017039604960297CDE905643046744B07
:10A2200002227449F3F7AAFD9348286185F800B02B
:10A23000924868610BB0BDE8F08FCDE900970396B6
:10A2400004960297CDE90564674B022267493046C0
:10A25000F3F794FD4520CDE9000703960496029795
:10A26000CDE90564864B032286493846F3F786FD1F
:10A270004620CDE90007039604960297CDE90564D0
:10A280004FF00309804B4A4680494046F3F776FD7C
:10A290004720CDE90007039604960297CDE90564AF
:10A2A0004FF00408604B424660494846F3F766FDAC
:10A2B0004820CDE90007039604960297CDE905648E
:10A2C0005B4B04225B494046F3F758FD4920CDE93A
:10A2D0000007039604960297CDE90564564B0422C5
:10A2E00056495846F3F74AFD6948286185F80080C9
:10A2F0006848EEE6CDE90097039604960297CDE90B
:10A300000564394B022239493046F3F737FD5F20A7
:10A31000CDE90007039604960297CDE90564504BFA
:10A32000022250493846F3F729FD5B20CDE90007AA
:10A33000039604960297CDE90564574B02225749CC
:10A340004046F3F71BFD5648286185F800B0554894
:10A35000BFE6CDE90097039604960297CDE9056420
:10A36000214B022221493046F3F708FD5C20CDE95C
:10A370000007039604960297CDE905644A4B032231
:10A380004A493846F3F7FAFC5D20CDE90007039609
:10A3900004960297CDE90564454B032245494046A2
:10A3A000F3F7ECFC4448286185F80080434890E6C8
:10A3B00001F08CFB40790A2804D04A2802D05F289B
:10A3C0007ED1D8E0CDE90097029703960496CDE9B7
:10A3D0000564BA4630460127034B02220349F3F7CE
:10A3E000CDFC08F0E7FE6CE0946D0208926D020867
:10A3F00040620208CC5E02084A620208CE5E020891
:10A40000D76D0208DC6D0208946F0208876F02089E
:10A410009C6F02088B6F0208A46F02088F6F0208FE
:10A42000CC6F0208CF6F02086F6F0208636F0208DB
:10A43000776F0208676F02087F6F02086B6F020870
:10A440003A6E0208316E0208406E0208346E02084D
:10A45000466E0208376E0208937002089770020871
:10A460009B6D0208996D0208487002084570020849
:10A47000277002082C700208A25E0208DB61020845
:10A48000B36F0208AD6F0208BA6F0208B06F02081E
:10A490004E6F0208526F0208E9700208E770020866
:10A4A000BD700208C2700208317102082E710208E4
:10A4B0003A710208377102084071020842710208BD
:10A4C00053E0F0B15020CDE9000A03960496CDF890
:10A4D00008A0CDE905645746A84B0422A849384690
:10A4E000F3F74CFC5120CDE9000702970396049640
:10A4F000CDE905640327A34B0422A3494046F3F7A3
:10A500003DFC5221CDE9001A03960496CDF808A02F
:10A51000CDE905643846D0467F1C9C4B04229C49FB
:10A52000F3F72CFC5321CDE90018CDF808800396F1
:10A530000496CDE9056407F10108964B042296497B
:10A540003846F3F71BFC08F035FE70B15421CDE915
:10A55000001A924B92490396049640460422CDF885
:10A5600008A0CDE90564F3F709FC8E4828610420B2
:10A5700028708D48ADE5CDE90097039604960297C3
:10A58000CDE90564894B022289493046F3F7F6FB91
:10A590004A20CDE90007039604960297CDE90564A9
:10A5A000844B022284493846F3F7E8FB4B20CDE97F
:10A5B0000007039604960297CDE905644FF003095E
:10A5C0007E4B4A467E494046F3F7D8FB4C20CDE906
:10A5D0000007039604960297CDE905644FF004083E
:10A5E000784B032278494846F3F7C8FB4D20CDE964
:10A5F0000007039604960297CDE90564734B032286
:10A6000073494046F3F7BAFB4E20CDE900070396A5
:10A6100004960297CDE905644FF006086D4B0322BE
:10A620006D495846F3F7AAFB4F20CDE90007039682
:10A6300004960297CDE905644FF00709674B0322A2
:10A6400067494046F3F79AFB5720CDE90007039688
:10A650000496644B022264494846029781E74220EF
:10A66000CDE90007039604960297CDE90564B0464C
:10A670005E4B02225E493046F3F780FB3F20CDE976
:10A680000007039604960297CDE905640226594B0C
:10A69000042259493846F3F771FB01F017FAD0F854
:10A6A0008400564988420FD1CDF80C80CDF8108037
:10A6B000CDE905844020CDE900073046504B042207
:10A6C00050490297F3F75AFB4F482861042028703D
:10A6D0004E48FEE401F0FAF940794FF043091D2895
:10A6E00019D04E2843D15E20CDE900070396049689
:10A6F0000297CDE90564464B042246493046F3F7FC
:10A700003DFBCDE9009703960496434B0422434951
:10A710003846029727E0424802F0BCF84220CDE9D3
:10A720000007039604960297CDE905643D4B042289
:10A730003D493046F3F722FB5E20CDE90007039642
:10A7400004960297CDE90564314B0422314938461D
:10A75000F3F714FBCDE900972F4B3049039604968D
:10A76000042240460297CDE90564F3F707FB2F4822
:10A770002861032028702A48ABE400005C6E0208C0
:10A78000586E0208696E0208656E0208776E02084C
:10A79000736E0208846E0208806E0208926E0208D0
:10A7A0008E6E0208026E0208066E0208946D0208A0
:10A7B000926D02089B6D0208996D02083A6E0208BC
:10A7C000316E0208406E0208346E02081F6E0208E5
:10A7D000166E0208256E0208196E02082B6E02081A
:10A7E0001C6E0208A26D0208A06D02083562020804
:10A7F000CA5E0208D75F0208D35F0208000040402B
:10A80000E85F0208E45F0208897102088D7102089E
:10A81000BE720208BA720208B0720208AC72020874
:10A82000EB710208CC720208C8720208E8710208D3
:10A830002DE9F041284905468AB04FF08140086073
:10A84000EAF720FE00240894079407AF03940494C9
:10A85000CDE905470126CDE90046204B05222049D8
:10A8600020460296F3F78AFA0DF12008CDE9044854
:10A870001C48CDE90004CDE9026400231A463821C2
:10A880002820EFF760FF03940494CDE90547CDE954
:10A890000046154B0522154902200296F3F76EFA81
:10A8A000CDE904481248CDE90004CDE90264002353
:10A8B0001A4660212820EFF746FF0A2068700D48ED
:10A8C0002861052028700C4868610898A8600798DE
:10A8D000E8600AB0BDE8F081DC550020FC6F02089A
:10A8E000F76F02080870020804700208FF6F020880
:10A8F00017700208E26F0208E76F020810B51249EC
:10A90000044688B04FF083400860EAF7BBFD0020A2
:10A9100007A9079003900490CDE905010121CDE935
:10A9200000010291094B06220949F3F727FA052095
:10A930006070084820610420207007486061079813
:10A94000E06008B010BD0000DC550020C7600208C0
:10A95000C1600208D4600208D86002082DE9F04303
:10A96000584905468BB056480860EAF78BFD00242D
:10A970000DF124090994CDE90449079408940221B2
:10A980005148CDE90214CDE9000404234F4A2421A3
:10A990002046EFF7D8FE01F099F8407901266128AA
:10A9A0006AD14FF00908CDE9034808AF009401943B
:10A9B000002302941A4638212C20CDE90567F1F7CF
:10A9C000E8FECDE9034800940194002302941A465E
:10A9D00038213420CDE90567F1F7DBFECDE90348E6
:10A9E00000940194002302941A4638213C20CDE9BA
:10A9F0000567F1F7CEFECDE90348009401940023EA
:10AA000002941A4638214420CDE90567F1F7C1FECA
:10AA1000CDE9034800940194002302941A4638219A
:10AA20004C20CDE90567F1F7B4FECDE90348009469
:10AA30000194002302941A4638215420CDE9056779
:10AA4000F1F7A7FECDE904492148CDE90004002330
:10AA5000029403941A4638215C20EFF774FECDE986
:10AA6000034800940194002302941A46382164207C
:10AA7000CDE90567F1F78DFE089907A8CDE90441F6
:10AA80000690CDE900460394124B0622124900209D
:10AA90000296F3F773F90798E8600998A8602620F2
:10AAA000687001F013F84079612805D10B482861DE
:10AAB000032028700A4868610BB0BDE8F0830000ED
:10AAC00000003042DC5500207B5F0208775F0208FF
:10AAD000260000206B5F0208655F02082E710208E5
:10AAE000317102082DE9F043584905468BB05648AC
:10AAF0000860EAF7C7FC00240DF124090994CDE9A8
:10AB000004490794089402215148CDE90214CDE983
:10AB1000000404234F4A24212046EFF714FE00F0DE
:10AB2000D5FF4079012661286AD14FF00908CDE9A7
:10AB3000034808AF00940194002302941A46382178
:10AB40002C20CDE90567F1F724FECDE903480094F8
:10AB50000194002302941A4638213420CDE9056778
:10AB6000F1F717FECDE90348009401940023029405
:10AB70001A4638213C20CDE90567F1F70AFECDE9F8
:10AB8000034800940194002302941A46382144207B
:10AB9000CDE90567F1F7FDFDCDE903480094019487
:10ABA000002302941A4638214C20CDE90567F1F7BD
:10ABB000F0FDCDE9034800940194002302941A4665
:10ABC00038215420CDE90567F1F7E3FDCDE90449CB
:10ABD0002148CDE900040023029403941A46382149
:10ABE0005C20EFF7B0FDCDE9034800940194002309
:10ABF00002941A4638216420CDE90567F1F7C9FDB2
:10AC0000089907A8CDE904410690CDE900460394D0
:10AC1000124B0622124900200296F3F7AFF807986C
:10AC2000E8600998A8602620687000F04FFF40791E
:10AC3000612805D10B482861032028700A48686103
:10AC40000BB0BDE8F083000000003042DC5500206E
:10AC50007B5F0208775F0208260000206B5F020816
:10AC6000655F0208377102083A7102082DE9F04F5A
:10AC700087B00646EAF706FC00F028FF806F09F06F
:10AC800059FECDE9000170A207217148E5F734FCB7
:10AC900000F01CFFC06F09F04DFECDE900016C48CB
:10ACA00069A20721C01DE5F727FC00F00FFFD0F8CF
:10ACB000800009F03FFECDE90001654862A207214E
:10ACC0000E30E5F719FC00F001FFD0F8840009F020
:10ACD00031FECDE900015E485BA207211530E5F7A2
:10ACE0000BFC002406AD02270694DFF86891CDE93D
:10ACF0000445CDE90274CDE900943B46564A24212F
:10AD00002046EFF720FDDFF854A1CDE90445CDE959
:10AD10000274CDE900A40423514A24212020EFF736
:10AD200012FD4B48CDE904450E304FF00108CDE946
:10AD30000004CDE9028400231A4624216020EFF7A5
:10AD400002FDDFF820B1CDE90445CDE90274CDE97B
:10AD500000B40223444A38210020EFF7F4FCCDE987
:10AD60000445CDE90274CDE900A404233C4A38210E
:10AD70002020EFF7E8FC3648CDE904451530CDE951
:10AD80000004CDE9028400231A4638216020EFF741
:10AD9000DAFCCDE90445CDE90274CDE90094022343
:10ADA0002D4A4C210020EFF7CEFCDFF8C090CDE912
:10ADB0000445CDE90274CDE9009403232C4A4C21CB
:10ADC0002020EFF7C0FC2248CDE90445CDE900047E
:10ADD000CDE9028400231A464C216020EFF7B3FC32
:10ADE000CDE90445CDE90274CDE900B402231E4A41
:10ADF00060210020EFF7A7FCCDE90445CDE90274FE
:10AE0000CDE9009403231A4A60212020EFF79BFC30
:10AE10000F48CDE90445C01DCDE90004CDE9028409
:10AE2000002360211A460846EFF78DFC0698B060B3
:10AE3000272070700F483061052030700E48706117
:10AE400007B0BDE8F08F000025322E346600000008
:10AE50002B560020D96E0208D76E0208BE6E02087B
:10AE6000BA6E0208DF6E0208DD6E0208CC6E0208C0
:10AE7000C96E0208A26E0208A76E02082DE9F04F03
:10AE8000FF4904468BB0FD480860EAF7FBFA00254D
:10AE90000DF1240A0995CDE9045A07950895022178
:10AEA000F848CDE90215CDE900050423F64A24212E
:10AEB0002846EFF748FC00F009FE4079F34E0127E1
:10AEC0000DF120094FF009084FF0040B60287BD0EA
:10AED00000F0FCFD4079092877D000F0F7FD4079BB
:10AEE000612873D000F0F2FD40794D286FD000F05A
:10AEF000EDFD40791D286BD000F0E8FD40794E282B
:10AF000067D003A8464680E8E0020095CDE90157E6
:10AF100000231A4638213420F1F73BFC03A8002314
:10AF200080E8E0020095CDE9015B1A4638213C201B
:10AF3000F1F72FFC03A8002380E8E0020095CDE99B
:10AF400001571A4638214420F1F723FC03A90320B6
:10AF500081E8E0020095CDE9015000231A4638212E
:10AF60004C20F1F716FC089907A8CDE9045106908A
:10AF7000CDE900570395C64B0622C649002002972B
:10AF8000F2F7FCFE00F0A2FD40794D280798E06042
:10AF90000998A0607ED02620607000F097FD40796F
:10AFA0004E2878D078DC092877D01D28F9D03428AD
:10AFB000FAD04D2805D1B8482061B84884F800B0CF
:10AFC00060610BB0BDE8F08F04E084E0C9E02EE1E1
:10AFD00070E1C9E1CDE9045ACDE90065002302958D
:10AFE00003951A4638214C20EFF7ADFB00F06EFDBB
:10AFF000B0F86800B0F5807F38D000F067FDB0F899
:10B000006800A0F57061FF39ADD1CDE90358009516
:10B01000CDE9015BCDE9057900234E461A4638217A
:10B020003420F1F7B6FBCDE9035800950195029560
:10B03000CDE9057600231A4638213C20F1F7A9FB1B
:10B04000CDE90358009501950295CDE905760023D9
:10B050001A4638214420F1F79CFBCDE90358002320
:10B06000009501951A463821029576E003A84646D8
:10B0700080E8E0020023009501951A46382134202B
:10B080000295F1F786FB03A8002380E8E0021A4648
:10B09000382103E0C5E1D9E1C5E1D1E10095CDE971
:10B0A000015B3C20F1F775FB03A8002380E8E00278
:10B0B000009501951A46382144200295F1F769FB65
:10B0C00003A8002380E8E0023821009501951A4684
:10B0D0005420029545E7442043210095CDE9031013
:10B0E000CDE90150CDE9057900234E461A463821B5
:10B0F0003420F1F74EFBCDE90358009501950295F8
:10B10000CDE9057600231A4638213C20F1F741FBB2
:10B11000CDE9035802200095CDE90150CDE905762F
:10B1200000231A4638214420F1F733FBCDE90358B8
:10B1300005200095CDE90150CDE9057600231A469A
:10B1400038214C20F1F725FBCDE903580620009566
:10B150000023CDE901501A463821CDE90576542067
:10B16000FFE6CDE90358009501950295CDE90579F3
:10B1700000231A4638212C20F1F70BFBCDE90358A8
:10B18000009501950295CDE9057900231A463821ED
:10B190003420F1F7FEFACDE90358009501950295A8
:10B1A000CDE9057900231A4638213C20F1F7F1FA60
:10B1B000CDE90358009501950295CDE90579002365
:10B1C0001A4638214420F1F7E4FACDE903580095F6
:10B1D00001950295CDE9057900231A4638214C20C6
:10B1E000F1F7D7FACDE90358009501950295CDE91D
:10B1F000057900231A4638215420F1F7CAFACDE91F
:10B20000045ACDE900650023029503951A463821BA
:10B210005C20EFF798FACDE9035800950195029567
:10B220000023CDE9057938211A46642099E6CDE955
:10B23000045ACDE900650023029503951A4638218A
:10B240004C20EFF780FA03A8464680E8E00200238E
:10B25000009501951A46382144200295F1F799FA94
:10B2600003A8002380E8E002009501951A463821E2
:10B2700054200295F1F78DFA03A811E00000304246
:10B28000DC5500207B5F0208775F02082600002063
:10B290006B5F0208655F0208C4710208C87102088A
:10B2A00080E8E00200950023CDE9015738211A46D5
:10B2B0005C2056E604AA44200095019582E88102AC
:10B2C0004321CDE9020100231A4638213420F1F749
:10B2D00060FACDE90358009501950295CDE905790D
:10B2E00000231A4638213C20F1F753FACDE90358E0
:10B2F000009501950295CDE9057900231A4638217C
:10B300004420F1F746FACDE90358009501950295DE
:10B31000CDE9057900231A4638214C20F1F739FA96
:10B32000CDE90358009501950295CDE905790023F3
:10B330001A4638215C20F1F72CFACDE90358009524
:10B3400001950295CDE9057900231A46382164203C
:10B35000F1F71FFACDE90358002338210095019534
:10B360001A466C2002954BE004A9442000950195F3
:10B3700081E881024322CDE9020200231A463821E6
:10B380003420F1F706FACDE90358009501950295AE
:10B39000CDE9057900231A4638213C20F1F7F9F967
:10B3A000CDE90358009501950295CDE90579002373
:10B3B0001A4638214420F1F7ECF9CDE903580095FD
:10B3C00001950295CDE9057900231A4638214C20D4
:10B3D000F1F7DFF9CDE90358009501950295CDE924
:10B3E000057900231A4638215C20F1F7D2F9CDE91E
:10B3F000035800233821009501951A4664200295D0
:10B40000CDE90579F1F7C5F9CDE9045ACDE9006533
:10B410000023029503951A4638215420EFF793F93B
:10B42000A1E52720B8E55D2816D060281AD061284C
:10B430007FF4C7AD0E482061032020700D48BFE5A2
:10B440000D482061022020700C48B9E50C482061AD
:10B4500084F800B00B48B3E50B482061032020704E
:10B460000A48ADE50A482061022020700948A7E596
:10B470002E71020831710208CC5E02084062020897
:10B48000BA720208BE7202084570020848700208CB
:10B49000E7700208E97002082DE9F0477349054694
:10B4A0008AB071480860E9F7EDFF0024079408941A
:10B4B000022009AF0994CDE90204CDE904476C48A4
:10B4C000CDE9000404236B4A24212046EFF73BF921
:10B4D00000F0FCFA4179CDE904476748CDE9000462
:10B4E0001D29234608AE4FF0090A4FF001090294C6
:10B4F00003941A464FF038014FF04C005BD0EFF741
:10B5000022F903A9C8465746069681E89001002310
:10B51000009401941A46382134200294F1F739F945
:10B5200003A9069681E890010023009401941A462D
:10B5300038213C200294F1F72CF903A9069681E802
:10B5400090010023009401941A463821442002946B
:10B55000F1F71FF903A9069681E8900100230094F2
:10B5600001941A46382154200294F1F712F90899EF
:10B5700007A803940494CDE90510CDE900493F4B99
:10B5800006223F490020CDF80890F2F7F7FB079814
:10B59000E8600998A86000F099FA40791D285BD00E
:10B5A0002620687037482861032028703648686173
:10B5B0000AB0BDE8F087EFF7C6F8CDE9034A00947A
:10B5C00001940294CDE9059600234F46D0461A46D1
:10B5D00038213420F1F7DDF8CDE9034800940194D7
:10B5E0000294CDE9057600231A4638213C20F1F774
:10B5F000D0F8CDE90348009401940294CDE9057692
:10B6000000231A4638214420F1F7C3F8CDE9034856
:10B61000009401940294CDE9057600231A4638215E
:10B620005420F1F7B6F8CDE9034800940194029450
:10B63000CDE9057600231A4638215C20F1F7A9F8F8
:10B64000CDE903480094019402940023CDE90576E6
:10B6500038211A46642088E7272068700B48286143
:10B66000052028700A48A2E700003042DC5500207F
:10B670007B5F0208775F0208260000206B5F0208EC
:10B68000655F0208316E02083A6E0208D572020840
:10B69000DA7202082DE9F047744905468AB072480B
:10B6A0000860E9F7EFFE002407940894022009AF30
:10B6B0000994CDE90204CDE904476D48CDE90004C1
:10B6C00004236C4A24212046EFF73DF800F0FEF9F0
:10B6D0004179CDE904476848CDE900041D29234696
:10B6E00008AE4FF0090A4FF00109029403941A467C
:10B6F0004FF038014FF04C005CD0EFF724F803A96D
:10B70000C8465746069681E8900108200094CDE986
:10B71000014000231A4638213420F1F73AF803A9F2
:10B72000069681E890010023009401941A4638217E
:10B730003C200294F1F72DF803A9069681E89001C8
:10B740000023009401941A46382144200294F1F712
:10B7500020F803A9069681E8900100230094019443
:10B760001A46382154200294F1F713F8089907A8D3
:10B7700003940494CDE90510CDE900493F4B06221E
:10B780003F490020CDF80890F2F7F8FA0798E860F2
:10B790000998A86000F09AF940791D285BD026200E
:10B7A00068703848286103202870374868610AB0FB
:10B7B000BDE8F087EEF7C7FFCDE9034A0094019496
:10B7C0000294CDE9059600234F46D0461A4638210B
:10B7D0003420F0F7DEFFCDE9034800940194029491
:10B7E000CDE9057600231A4638213C20F0F7D1FF39
:10B7F000CDE90348009401940294CDE90576002335
:10B800001A4638214420F0F7C4FFCDE903480094DC
:10B8100001940294CDE9057600231A46382154207C
:10B82000F0F7B7FFCDE90348009401940294CDE905
:10B83000057600231A4638215C20F0F7AAFFCDE9EF
:10B8400003480094019402940023CDE90576382141
:10B850001A46642088E7272068700C482861052074
:10B8600028700B48A2E7000000003042DC550020A1
:10B870007B5F0208775F0208260000206B5F0208EA
:10B88000655F0208376E0208466E0208F77202080A
:10B89000FC7202082DE9F047744905468AB07248E7
:10B8A0000860E9F7EFFD002407940894022009AF2F
:10B8B0000994CDE90204CDE904476D48CDE90004BF
:10B8C00004236C4A24212046EEF73DFF00F0FEF8E9
:10B8D0004179CDE904476848CDE900041D29234694
:10B8E00008AE4FF0090A4FF00109029403941A467A
:10B8F0004FF038014FF04C005CD0EEF724FF03A965
:10B90000C8465746069681E8900104200094CDE988
:10B91000014000231A4638213420F0F73AFF03A9EA
:10B92000069681E890010023009401941A4638217C
:10B930003C200294F0F72DFF03A9069681E89001C0
:10B940000023009401941A46382144200294F0F711
:10B9500020FF03A9069681E890010023009401943A
:10B960001A46382154200294F0F713FF089907A8CB
:10B9700003940494CDE90510CDE900493F4B06221C
:10B980003F490020CDF80890F2F7F8F90798E860F1
:10B990000998A86000F09AF840791D285BD026200D
:10B9A00068703848286103202870374868610AB0F9
:10B9B000BDE8F087EEF7C7FECDE9034A0094019495
:10B9C0000294CDE9059600234F46D0461A46382109
:10B9D0003420F0F7DEFECDE9034800940194029490
:10B9E000CDE9057600231A4638213C20F0F7D1FE38
:10B9F000CDE90348009401940294CDE90576002333
:10BA00001A4638214420F0F7C4FECDE903480094DB
:10BA100001940294CDE9057600231A46382154207A
:10BA2000F0F7B7FECDE90348009401940294CDE904
:10BA3000057600231A4638215C20F0F7AAFECDE9EE
:10BA400003480094019402940023CDE9057638213F
:10BA50001A46642088E7272068700C482861052072
:10BA600028700B48A2E7000000003042DC5500209F
:10BA70007B5F0208775F0208260000206B5F0208E8
:10BA8000655F0208346E0208406E0208E672020822
:10BA9000EB72020802480078C0F3C0007047000053
:10BAA0003357002002480078C0F380007047000040
:10BAB0003357002001484068704700005458002068
:10BAC00001484068704700005C5800200148406809
:10BAD000704700004C58002002480078C0F3001066
:10BAE00070470000335700202DE9F04F87B0002049
:10BAF0005F4E029003900546049006F12800DFF89F
:10BB00006CA105900FE075B1471C5AA13846E4F7C7
:10BB10000DFE04007ED0072D1DD2DFE805F0990B45
:10BB20000F20535A910053A10598E4F7FFFD002818
:10BB300070D092E0E21B3946701D87E0E21B394667
:10BB400006A8E4F705FE9DF818004128307803D0D8
:10BB500020F0040030707BE040F00400FAE7307819
:10BB6000400775D5E21B394602A8E4F7F1FD002134
:10BB700002A807F0D3FF0022534608F059FA0746FF
:10BB8000884608F0E9FB0246E9F766FC104608F033
:10BB900040FC8B4681463A46434608F0D5FD0022DC
:10BBA000534608F09DFC0022334B08F041FA4A4608
:10BBB0005B4608F081F9CDE900012D480C212FA248
:10BBC00010303AE03178490742D5E21B3946F01C83
:10BBD0003CE0307840073BD5E21B394602A8E4F749
:10BBE000B7FD002102A807F099FF0022534608F094
:10BBF0001FFA0746884608F0AFFB0246E9F73AFC11
:10BC0000104608F006FC8B46814643463A4608F04B
:10BC10009BFD00E026E00022534608F061FC002274
:10BC2000154B08F005FA4A465B4608F045F9CDE9A0
:10BC300000010F4811A20C211C30E4F75DFC07E065
:10BC40003178490704D5E21B3946701CE4F780FDC2
:10BC50003178204641F0020131706D1CEDB2062DA5
:10BC60007FF651AF07B0BDE8F08F000000005940EB
:10BC7000585700202C00000000004E40252E37664B
:10BC80000000000002480078C0F340107047000038
:10BC90003357002002480078C0F3001070470000BE
:10BCA0003757002002480078C0F3001070470000AA
:10BCB0003557002002480078C0F30010704700009C
:10BCC0002F57002002480078C0F380107047000012
:10BCD0003757002002480078C0F3801070470000FA
:10BCE0003557002002480078C0F3801070470000EC
:10BCF0002F5700200248407800F0010070470000F4
:10BD00002F57002002484078C0F300107047000011
:10BD10002F57002001480078C00970472F57002096
:10BD200002480078C0F340007047000037570020F9
:10BD300002480078C0F340007047000035570020EB
:10BD400002480078C0F34000704700002F570020E1
:10BD500002480078C0F3C000704700003757002049
:10BD600002480078C0F3C00070470000355700203B
:10BD700002480078C0F3C000704700002F57002031
:10BD800002480078C0F34010704700003757002089
:10BD900002480078C0F3401070470000355700207B
:10BDA00002480078C0F34010704700002F57002071
:10BDB00002484078C0F380007047000037570020E9
:10BDC00002484078C0F380007047000035570020DB
:10BDD00002484078C0F38000704700002F570020D1
:10BDE00002484078C0F3C000704700002F57002081
:10BDF00002480078C0F380007047000037570020E9
:10BE00000148C0887047000084780020024800780C
:10BE1000C0F38000704700003557002002480078CA
:10BE2000C0F38000704700002F5700200248407880
:10BE3000C0F34000704700002F57002002480078F0
:10BE400000F00100704700003757002002480078DA
:10BE500000F00100704700003557002002480078CC
:10BE600000F00100704700002F5700200048704785
:10BE7000685700200248007800F001007047000079
:10BE8000335700200048704774570020004870471F
:10BE90008D5500200148006870470000DC550020E7
:10BEA00002480078C0F3400070470000335700207C
:10BEB00000487047875500200148008970470000FE
:10BEC000325700200248007800F00100704700005F
:10BED0005057002001480078C009704733570020B0
:10BEE00002480078C0F380107047000033570020EC
:10BEF00070B5E6F7B3FB08F0A3FA144CD4E90423B9
:10BF000007F0DAFFC4E90401054620780E460A2846
:10BF100016D308F095FA02460B462846314608F03B
:10BF200087F86FF00A0209F0B1F8094A094B08F0E6
:10BF3000D7FA0246012020700020C4E9040003E083
:10BF400000220549401C2070104670BD105800208A
:10BF5000E17A14AE47E109400000F0BF10B5E6F702
:10BF600097FB6FF00A0209F091F8BDE81040024A11
:10BF7000024B08F0B5BA0000E17A14AE47E109407F
:10BF80000048704759570020004870475B57002011
:10BF90002DE9F041FFF71CFF08B1F5F7F3FCFFF7BF
:10BFA0001FFF7C4D4FF4004818B3F5F7F3FC002257
:10BFB00041462846ECF789FF0020EBF7CDFF00242F
:10BFC000ECF73AFA641CE4B2C82CF9D31021724899
:10BFD000ECF76EFF28B1012280217048ECF775FF65
:10BFE000FEE780212846ECF763FF012801D0EDF73A
:10BFF00041F8FFF713FF0026694C0127B0B1207804
:10C00000012813D1FFF762FDB0F8C40002280DD15A
:10C01000FFF75CFD40794A2808D1624806806248F3
:10C020000770FFF753FD0021E7F7ECF9FFF7B8FEC3
:10C0300038B1F5F779FDF5F787FC0021022000F013
:10C040002FFCFFF737FE28B1F5F7E8FB41462846FD
:10C05000ECF733FFFFF746FEB0B1F5F7FDFB2078B4
:10C06000012811D104F00CF870B1FFF72FFDB0F8E2
:10C07000C400022804D1FFF729FD40794A280AD0DC
:10C080000021262000F00CFCFFF734FE40B320789E
:10C0900001280DD013E042484449803001604449F2
:10C0A00041600721017201210420FAF76BFCEBE7E4
:10C0B00003F0E6FF18B10021032000F0F1FB207827
:10C0C00026280DD1FFF702FD40790A2804D0FFF79A
:10C0D000FDFC40794A2803D10021332000F0E0FB29
:10C0E000FFF710FE30B12078052803D1002137205A
:10C0F00000F0D6FBFFF79AFE98B12078012811D105
:10C10000FFF7E4FC58B1207960B9277103F0E0FF34
:10C1100002F016FA01460120FAF734FC02E0002191
:10C12000F9E72671FFF7F6FD38B1F5F7ADFB06F03C
:10C13000CDFD06F08FFFF1F7FFFF2078012827D112
:10C14000FFF78CFE1B4C70B1F5F76AFC1A4D606866
:10C150006968884207D004F077FA00F0FDFA686851
:10C16000606028782070FFF7EBFD002810D0F5F70D
:10C17000ABFB124D686800280AD06168814207D085
:10C1800004F062FA00F0E8FA6868606028782070CD
:10C19000BDE8F081000002400008024000100240AB
:10C1A000205500203A57002054570020C16D020846
:10C1B000C86D02084C580020545800205C580020DC
:10C1C00038B5044601680B48814211D108684868B7
:10C1D00000902046EDF7EBFDE9F746F9F5F772FC24
:10C1E0002046BDE838404FF461720349EEF736B897
:10C1F00038BD0000004400408E78002070470000E9
:10C2000070B50446E9F700F9E9F706F90A4D45F873
:10C21000904F2068C16841F01001C1604FF4617215
:10C2200006492868EEF71AF82868BDE87040C82368
:10C230000E220349EEF734B8585700208E780020BC
:10C240001973020870B50A4E0FE000EB800400235A
:10C2500006EB84050AB1FF2400E00024EC545B1CCB
:10C26000DBB2142BF6D3401CC0B28842EDD370BDB4
:10C27000045C002010B51C21084C002201EB810356
:10C28000012004EB83031A54401CC0B20328FAD3E4
:10C29000491CC9B22C29F1D310BD0000045C002058
:10C2A00010B51A21084C002201EB8103102004EB89
:10C2B00083031A54401CC0B21328FAD3491CC9B2D4
:10C2C0002A29F1D310BD0000045C002010B53821EC
:10C2D000084C002201EB8103022004EB83031A5473
:10C2E000401CC0B21228FAD3491CC9B27829F1D334
:10C2F00010BD0000045C0020F0B510B106240E2330
:10C3000001E005240F230026094F01F110050CE080
:10C3100001EB8102204607EB820202E01654401C2A
:10C32000C0B29842FAD3491CC9B2A942F0D3F0BDB9
:10C33000045C002010B58E21084C002201EB810323
:10C34000092004EB83031A54401CC0B20B28FAD313
:10C35000491CC9B29E29F1D310BD0000045C002025
:10C3600010B58421084C002201EB8103002004EB6E
:10C3700083031A54401CC0B20428FAD3491CC9B222
:10C380009E29F1D310BD0000045C002030B5094C9B
:10C390001C2202EB8203012104EB830310F8015BF2
:10C3A0005D54491CC9B20329F8D3521CD2B22C2ABD
:10C3B000EFD330BD045C00202DE9F05F00249246ED
:10C3C0008B468046274623E05CB908F00F005646AE
:10C3D00040F06000F3F7CEF9702141EA1810F3F74E
:10C3E000C9F900254FF0140916F8010BF3F784F989
:10C3F000641CA4B2B4FBF9F109FB114010B9002090
:10C40000F3F7EAF96D1CADB2142DEDD37F1CFFB22A
:10C410005F45D9D3BDE8F09F30B5094C1A2202EB35
:10C420008203102104EB830310F8015B5D54491C67
:10C43000C9B21329F8D3521CD2B22A2AEFD330BD85
:10C44000045C002010B5104C382202EB820102205F
:10C4500004EB81030021022802D0112802D002E05F
:10C46000802100E00121382A0BD0772A09D0195405
:10C47000401CC0B21228EDD3521CD2B2782AE4D3A9
:10C4800010BDFF21F3E70000045C00200020054AF6
:10C49000FF211318401CC0B283F8E0111428F8D310
:10C4A00070470000045C002030B5094C8E2202EB7E
:10C4B0008203092104EB830310F8015B5D54491CDE
:10C4C000C9B20B29F8D3521CD2B29E2AEFD330BD89
:10C4D000045C002030B5094C842202EB8203002169
:10C4E00004EB830310F8015B5D54491CC9B20429B5
:10C4F000F8D3521CD2B29E2AEFD330BD045C002088
:10C500000148007870470000705600200149002063
:10C51000087070477056002001490120087070476C
:10C52000705600201A4910B509686FF001000861C3
:10C530001748EDF7F7FA17480068016841F0400125
:10C540000160EEF7B7FEEFF7CFF8EFF7B1F8EFF7CE
:10C5500093F81148D0F88810104888471048D0F850
:10C560008C10104888471048816910488847104847
:10C57000416808488847F3F711FE582802D10D4951
:10C5800001200870EDF794FFBDE8104001F0F8BEFF
:10C5900058590020005900207C560020205A0020C5
:10C5A00058570020DC590020EC57002098590020F3
:10C5B00058560020305800201CB501221102684650
:10C5C000F2F788FF9DF8000000B10120614C0122C4
:10C5D0004FF4A06120706846F2F77CFF9DF80000E0
:10C5E00000B10120A07001224FF4C0616846F2F74B
:10C5F00071FF9DF8000000B10120207101224FF46D
:10C60000E0616846F2F766FF9DF8000000B1012086
:10C6100060710122D1026846F2F75CFF9DF80000CC
:10C6200000B1012084F8B4000122910201A8F2F7C0
:10C6300051FF9DF80430002001210222002B7CD004
:10C64000012B7BD0032B7AD0E270A171E1714423DE
:10C6500084F8B63084F8B53020726072A072E0724F
:10C6600020736073A073E07320746074E0742075AD
:10C670006075A075E07520766076A076E07620770C
:10C6800084F82A0084F82B0004F82C0F6070A07046
:10C69000E07020716071A071E0716272A272E2724A
:10C6A00022736273A273E27322746274A27404F838
:10C6B0000E0C04F80D0C04F80C0C04F80B0C04F828
:10C6C0000A0C04F8090C04F8080C04F8070C04F828
:10C6D000060C04F8050C6175A1752175E1752176CC
:10C6E0006176A176E17621776177A177E1770A21FA
:10C6F00004F8031C20626062A062E0622063606351
:10C70000A063E06320646064A064E0642065606509
:10C71000A065E06520666066A066E066A067E067E9
:10C72000A4F8820084F8800084F8840084F88500EE
:10C7300084F8860084F88B0002E004E005E006E05F
:10C7400084F88C001CBDE0707FE7E1707DE7032377
:10C75000E3707AE7147C00200148EEF705B800008A
:10C76000C055002001490020C870704720550020A6
:10C7700001490020887270472055002010B50446FA
:10C780000C30F1F71DFB04F10800EDF7EDFF002080
:10C790002061606110BD0000004870477C5500209A
:10C7A000014880797047000020550020014800783A
:10C7B000704700002055002000487047B855002001
:10C7C0000148807C704700002055002001484078D7
:10C7D00070470000205500200148C07870470000D5
:10C7E000205500200148807A704700002055002025
:10C7F0000148806D704700002055002000487047B8
:10C800000A7302080148007C704700002055002090
:10C810002DE9F04188B000244FF009080794CDE9D4
:10C82000034802271048CDE90007012607AD02940E
:10C83000CDE9056533460D4A60212020EFF7A9FFB9
:10C84000CDE903480A48CDE900070294CDE9056522
:10C850000123084A60216820EFF79BFF06490798EB
:10C86000486008B0BDE8F0813C6302083B63020801
:10C870004163020840630208B855002001498874EA
:10C88000704700002055002001490120C870704702
:10C890002055002001498865704700002055002080
:10C8A0002DE9F04107460D46002006F0C3FA0020AE
:10C8B00006F0BAFADFF8E48300210C22F84EA8F162
:10C8C0009804602F3AD2DFE807F039303A404F44FD
:10C8D000646C5A74707E828697A139A5F1F590FF39
:10C8E000EDECEBEAE9E8E739E6E5E4E3E2E1E0DF95
:10C8F000DEDDDCDBDAD9D8D7D6D5D4D3D2D1D0CFD0
:10C90000CECDCCCBCAC9C8C7C6C5C4C3C2C139C045
:10C91000BFBEBDBCBBBAB9B8B7B6B5B4B3B2B1B59A
:10C92000B3B0AFAEADACABAAACA9DC48FCF720FE0F
:10C93000DC48A062DC48E06203F086FE7DE3D74875
:10C94000F9F7CCFF1EE0607A54E1D448FBF7ECF92C
:10C950000AE2D248FCF70EFED448A062D448E06256
:10C96000002D15D0207A91E1CC48FBF75DFBCF4834
:10C97000A062CF48E062002DF3D0207A3AE1C748A8
:10C98000F9F7E2F8C948A062C948E062002DDAD19F
:10C9900092E1C248F9F7B0FAE6E1A062C448E06269
:10C9A0008AE1BE48F9F714F9DEE1BC48FBF7CAFD9D
:10C9B000DAE1BA48FBF7A2FBBA48A062BC48E062E1
:10C9C00003F03AFE39E3B548FCF71CFACCE1B34872
:10C9D000F6F73AF8C8E1B148F9F7A0FDB348A0620C
:10C9E000B348E06206F0DAFB25E306F0F1FC01460D
:10C9F000AA48FDF77DFAFFE3A848F5F7C1FFAB4869
:10CA0000A062AB48E06206F025FB8FE0A348F5F793
:10CA100073FFF1E3A148FBF7EFFEEDE3F6E3F6E386
:10CA2000F6E3F6E3F6E3F6E3E8E3DEE3D5E3CCE3AF
:10CA3000C2E3B9E3AFE3A6E39DE394E38BE382E3D0
:10CA400079E370E367E35EE355E34CE3F4E3CCE1C1
:10CA50000FE2F5E1B3E125E2FCE26DE2ABE184E156
:10CA60009FE196E199E175E170E15BE187E155E1D4
:10CA700042E136E1A3E2E1E0E6E0E3E0D3E0C6E054
:10CA8000E8E0BAE0F9E0A5E019E126E11BE116E2F1
:10CA900063E058E04DE08EE233E025E020E03CE04A
:10CAA00037E032E018E00FE004E0FFE77B48FBF7F7
:10CAB000EFFFA1E37948F8F799FF7D48E0627B48F2
:10CAC000A06206F071FBB6E27448F9F789FF784876
:10CAD000E0627448A062EFE07048FDF70FFFFAE0F3
:10CAE0006E48F8F76BFDF6E02078062803D16079F0
:10CAF00001F0ACFCA082A18A6848F8F78FFD6D4870
:10CB00004BE76648F7F77CFCE5E06448F7F79AFAEC
:10CB10008FE16248F7F78EFB8BE16048FBF732F953
:10CB20006248A0626248E06206F000FCE5F7E6FDBC
:10CB300083E25A48F5F77AF95C48A0625C48E06203
:10CB400006F0EEF977E25548F9F7A6FC5748A062DF
:10CB50005748E06206F080FB6DE25048F5F724F993
:10CB60005248A0625248E06230780E28E0D2DFE8F6
:10CB700000F0070A0D101316191C1F2225282B2E52
:10CB800006F0DAFA57E206F003FB54E206F0FAFA8E
:10CB900051E206F0DEFA4EE206F0D4FA4BE206F07D
:10CBA000EBFA48E206F0DCFA45E206F0D1FA42E29E
:10CBB00006F0B4FA3FE206F0B9FA3CE206F0A8FA51
:10CBC00039E206F0ADFA36E206F0C4FA33E206F0D6
:10CBD000CDFA30E22078012801D00A2800D1207453
:10CBE000217C2E48F6F7E8FD3048A0623048E0622C
:10CBF0007DB3E079F1F7A4F91FE22848FBF794FD33
:10CC00002A48A0622A48E06206F07EFB8EE72A21CD
:10CC10002248FCF76DF82548A0622548E062EBF752
:10CC2000CBFCC0B282E72B211C48FCF761F81F48FF
:10CC3000A0621F48E062EBF7C5FC1CE01748FBF759
:10CC400075FAD9E22C2100E02D211448FCF76AFD89
:10CC5000EFE031E01148FBF725FD1448A0621448CD
:10CC6000E062FEF733FFD0F884004FF0804108F017
:10CC700061F907F0D7FFC0B2BCE70848FAF750FEE9
:10CC80000A48A0620A48E062B5B1E079F1F758F9C4
:10CC9000D8F80C10A06903F0FFF8CEE1B8550020D9
:10CCA0004C580020B9130108710F010875110108D3
:10CCB00089020108C5120108E8F7EAFBBDE1F8485E
:10CCC000FBF7B6F898E2F648F7F7CAFB06F0D4F996
:10CCD00008B1F44861E6F4485FE6F148F8F7F6FB7E
:10CCE000F7E7EF48FDF7A4FDF048A062F048E062E6
:10CCF00006F0ACFA70B10FE0E948F6F7D9FFEB485F
:10CD0000A062EB48E062FEF7E1FEB0F86800B0F523
:10CD1000807F01D101208EE100208CE1E048FDF709
:10CD2000A5FF69E2DE48FCF747FAE048A062E04868
:10CD3000E062FEF7CBFEB0F8C4000128EAD0FEF7AF
:10CD4000C5FEB0F8C4000228E6D076E1D448FCF76E
:10CD500069F96EE006F022FA054606F0E7F80146AA
:10CD60002A46CF48F9F7A2FA46E2CD48F9F72AFC5D
:10CD7000CE48A062CE48E06206F074FA5BE1C84893
:10CD8000F6F7D8FFC948A062C948E06206F012FA77
:10CD900051E1C348F9F746FA2EE2C148F8F7C8FD59
:10CDA0002AE2BF48F9F77AFEC048A062C048E062B4
:10CDB00006F014FB3FE1BA48F5F77AF81CE2307848
:10CDC0006074207C0A2802D0012806D008E0A06DFB
:10CDD0000078442804D1617402E003F079F96074AA
:10CDE000617CAF48FAF750FC23E030786074207C17
:10CDF0000A2802D0012806D008E0A06D0078442857
:10CE000004D1617402E003F063F96074617CA448AA
:10CE1000F9F71AFCA06D01784F290AD141786929E8
:10CE200007D18078572804D1A048A062A048E062CA
:10CE300070E7A048A062A048E062EFF7A3FDFCE025
:10CE4000207C0A2802D001280BD00DE0A06D0078CC
:10CE5000442802D04D2802D006E0617404E06274D8
:10CE600002E003F035F96074617C8D48FCF7D4FD75
:10CE7000DFE7207C0A2802D001280BD00DE0A06D4E
:10CE80000078442802D04D2802D006E0617404E006
:10CE9000627402E003F01CF96074617C8048FCF766
:10CEA00007FFC6E7207C0A2801D0012802D103F041
:10CEB0000FF96074617C7A48F6F7A4FCB9E778480A
:10CEC000F5F774FC7948A0627948E06230780E2862
:10CED00070D2DFE800F0070A0D101316191C1F228C
:10CEE00025282B2E06F082F862E006F0ADF85FE010
:10CEF00006F0A4F85CE006F086F859E006F07CF84D
:10CF000056E006F095F853E006F086F850E006F09B
:10CF100079F84DE006F05CF84AE006F061F847E089
:10CF200006F050F844E006F055F841E006F06EF8DF
:10CF30003EE006F077F83BE05948F5F78BFC5B489C
:10CF4000A0625B48E06230780E2876D2DFE800F01D
:10CF5000070A0D101316191C1F2225282B2E05F069
:10CF6000FFFF25E006F028F822E006F01FF81FE09A
:10CF700006F003F81CE005F0F9FF19E006F010F8E0
:10CF800016E006F001F813E005F0F6FF10E005F0FA
:10CF9000D9FF0DE005F0DEFF0AE005F0CDFF07E068
:10CFA00005F0D2FF04E005F0E9FF01E005F0F2FF33
:10CFB000E5F78EFB41E03A48FCF704FA1CE13848FB
:10CFC000FCF73CF93948A0623948E06230780E2815
:10CFD00033D2DFE800F0070A0D101316191C1F22C8
:10CFE00025282B2E06F000F925E006F029F922E08D
:10CFF00006F020F91FE006F004F91CE006F0FAF84C
:10D0000019E006F011F916E006F002F913E006F057
:10D01000F7F810E006F0DAF80DE006F0DFF80AE0C5
:10D0200006F0CEF807E006F0D3F804E006F0EAF8E0
:10D0300001E006F0F3F8E5F789FF0022A0211020B7
:10D04000FFF700F9FFF722FA102005F02BFF2770F9
:10D05000BDE8F08130780E2811D2DFE800F0070A31
:10D060001114171A1D2F3235383B3E4106F07EF958
:10D0700001E006F0A7F901460948FCF721F9BBE0F9
:10D0800006F09AF9F7E706F07EF9F4E706F074F98E
:10D09000F1E706F08BF9EEE706F07CF9EBE700002C
:10D0A000B855002045120108B9130108751101088F
:10D0B00089020108C5120108A501010806F062F9FC
:10D0C000D9E706F045F9D6E706F04AF9D3E706F0C6
:10D0D00039F9D0E706F03EF9CDE706F055F9CAE791
:10D0E00006F05EF9C7E702F0F3FF60740146674897
:10D0F000F9F71AFD9DE602F0EBFF60740146634804
:10D10000F9F7A4FD95E602F0E3FF607401465F487D
:10D11000F9F72EFE8DE602F0DBFF607401465B48F6
:10D12000FAF79EF885E602F0D3FF6074014657488F
:10D13000F9F74EFF7DE602F0CBFF607401465348DD
:10D14000F6F7C8FA58E002F0C3FF607401464F4892
:10D15000F6F79EF96DE602F0BBFF607401464B489E
:10D16000F6F728FA65E602F0B3FF60740146474817
:10D17000F5F7D6FF5DE602F0ABFF60740146434869
:10D18000F6F7F4F855E602F0A3FF607401463F4855
:10D19000F6F75AF84DE602F09BFF607401463A46F6
:10D1A0003A48F5F78DFE44E602F092FF60740146BE
:10D1B0003648F5F7F3FD3CE602F08AFF607401465D
:10D1C0003A463248F5F714FF33E602F081FF607407
:10D1D00001462E48F5F750FD2BE602F079FF60740A
:10D1E00001462A48F5F7A4FC23E602F071FF6074BB
:10D1F00001462648F5F76AFC254881E402F068FFFD
:10D20000607401462148FEF747F912E635E02CE04C
:10D2100023E012E008E0FFE702F05AFF60740146E5
:10D220001A48FEF737FB04E602F052FF607401462D
:10D230001648FEF72FFAFCE507E002F049FF60749C
:10D2400001461248FDF71AFEF3E502F041FF607453
:10D2500001460E48FAF756F9EBE502F039FF607423
:10D2600001460A48FDF77AFBE3E502F031FF6074FE
:10D2700001460648FDF736FCDBE502F029FF607445
:10D2800001460248F6F796FDD3E50000B8550020A8
:10D2900075110108034602A205210248E3F72CB9E3
:10D2A000253464007C5500202DE9F04F89B0002022
:10D2B0000690F1F797F9F8484FF0100B4FF0000A7D
:10D2C00000780A280FD005F069FF60B1CDF800B0F2
:10D2D000F148CDE901BA983010210378026908209D
:10D2E000EAF7A0FF09E0EC48CDE900BA983008233E
:10D2F000426910211846EAF7F9FF02F0C1FE022642
:10D3000001250028E44800787ED001287DD1FEF771
:10D31000DDFB002879D002F0BDFE002876D002F0B7
:10D32000FBFDFFF719FA002282211A20FEF78AFF7F
:10D330005746CDF81CA002F0CBFEDFF86093D84929
:10D3400003240DF11C080E287ED2DFE800F00788C8
:10D35000A27DCAFDFC7D7DFBFAF9F8F7FEF7B6FB6E
:10D360004079CDE902675A2805D0CDE90478CD4847
:10D370000323CD4A04E0CDE90478CC48CC4A03230A
:10D38000CDE9000730210020EDF7DDF9FEF79EFB27
:10D390003130CDE90006CDE90257CDE9047800230C
:10D3A0001A4624213020EDF7CEF9CDE90478C148A2
:10D3B000CDE90007CDE902670223BF4A54210020CE
:10D3C000EDF7C1F9FEF782FB3830CDE90006CDE973
:10D3D0000257CDE9047800231A4648212020EDF7B2
:10D3E000B2F9CDE90478CDE90097CDE902670223CF
:10D3F000B24A70210020EDF7A6F9FEF767FBCDE9F0
:10D40000025700231A4602E0F2E3F2E3D8E32B309E
:10D41000CDE90005CDE9047870213E20EDF793F9C0
:10D4200002A8002380E8B00100971A463221982014
:10D430000197EDF788F903A8042180E88201002311
:10D440001A4656210097FDE3C3E0CDE90174FAE2E4
:10D450000023722100971A4678200197ABE3CDE9AB
:10D460000478CDE90017CDE902670123944A4221EF
:10D470000020EDF768F9FEF729FB3830CDE900060A
:10D48000CDE902570023CDE9047836211A46202041
:10D49000BEE2CDE904788B48CDE900074446CDE9EA
:10D4A00002670223884A52210020EDF74CF9FEF76B
:10D4B0000DFB3830CDE90006CDE90257CDE9047403
:10D4C00000231A4646212020EDF73DF9CDE90474EA
:10D4D0007E48CDE900070223CDE902677C4A54214A
:10D4E00062E3FEF7F3FA41797A48342902D05D29E4
:10D4F0006FD185E0CDE90478CDE90007CDE9026779
:10D500000223754A30210020EDF71DF9FEF7DEFAFF
:10D510003830CDE90006CDE90257CDE90478002383
:10D520001A4624212020EDF70EF9CDE904780223D4
:10D53000CDE9026769486A4A542106E063E304E3DF
:10D54000F5E196E152E1F9E0CEE0CDE900070020F7
:10D55000EDF7F9F8FEF7BAFA3130CDE90006CDE97A
:10D560000257CDE9047800231A4648212020EDF720
:10D57000EAF8CDE90478CDE90097CDE90267022306
:10D580004E4A70210020EDF7DEF8FEF79FFA2B30AF
:10D59000CDE90005CDE90257CDE9047800231A460C
:10D5A00070213E20EDF7CFF8FEF790FA416F4D481D
:10D5B00081420FDB03A80F2180E882010097CDE9AB
:10D5C000017400231A4632217820EDF7BCF81121AE
:10D5D0000EE00AE103A8052180E882010097CDE969
:10D5E000017400231A4632217820EDF7ACF80421AB
:10D5F00003A8002380E882011A465621009748E0DC
:10D60000CDE90478CDE90007CDE902670223324A6B
:10D6100042210020EDF797F8FEF758FA3830CDE9AF
:10D620000006CDE90257CDE9047800231A463621D9
:10D630002020EDF788F8CDE90478CDE90097CDE911
:10D64000026702231D4A70210020EDF77CF8FEF7E7
:10D650003DFA2B30CDE90005CDE90257CDE904783C
:10D6600000231A4670213E20EDF76DF8FEF72EFAE2
:10D67000416F1C48814204DB03A80F2180E882012E
:10D6800003E003A9052081E8810100231A46442113
:10D6900000977820D9E6000020550020946D0208FC
:10D6A000DF6F0208FE6D0208FB6D0208F96D0208CB
:10D6B000F66D0208F36D0208F16D0208926D020822
:10D6C000DE6F0208A9700208A7700208BD6D02088B
:10D6D000BB6D020848700208437002083F700208E0
:10D6E0003D70020800401C46FEF7F0F94079092819
:10D6F0007BD1CDE90478FE48CDE90007CDE902678A
:10D700000223FC4A54210020EDF71DF8FEF7DEF954
:10D710003830CDE90006CDE90257CDE90478002381
:10D720001A4648212020EDF70EF803A8072180E8CB
:10D73000820100231A465621009739E2CDE9047888
:10D74000CDE90017CDE902670123EB4A3021002023
:10D75000ECF7F9FFFEF7BAF93130CDE90006CDE973
:10D760000257CDE9047800231A4624212020ECF743
:10D77000EAFFCDE90478E148CDE90007CDE9026789
:10D780000223DF4A54210020ECF7DDFFFEF79EF96B
:10D790003830CDE90006CDE90257CDE90478002301
:10D7A0001A4648212020ECF7CEFFCDE90478CDE9D8
:10D7B0000097CDE902670223D24A70210020ECF7DE
:10D7C000C2FFFEF783F92B30CDE90005CDE9025702
:10D7D000CDE9047800231A4670213E20ECF7B3FF10
:10D7E00003AA042082E8810129E6E6E1CDE9047874
:10D7F000C548CDE90007CDE902670323C34A4221AA
:10D800000020ECF7A0FFFEF761F93830CDE9000603
:10D81000CDE90257CDE9047800231A4636212020AD
:10D82000ECF791FFCDE90478CDE90097CDE90267E7
:10D830000223B44A70210020ECF785FFFEF746F979
:10D840002B30CDE90005CDE90257CDE9047800235E
:10D850001A4670213E20ECF776FFCDE90478AC48FB
:10D86000CDE9000702234421CDE90267A94A7820C7
:10D87000E9E0CDE90478A848CDE90007CDE90267E1
:10D880000223A64A42210020ECF75DFFFEF71EF9B5
:10D890003830CDE90006CDE90257CDE90478002300
:10D8A0001A4636212020ECF74EFFCDE90478CDE969
:10D8B0000097CDE902670223924A70210020ECF71D
:10D8C00042FFFEF703F92B30CDE90005CDE9025701
:10D8D000CDE9047800231A4670212620ECF733FFA7
:10D8E000FEF7F4F8416F8E48814209DB03A80E2150
:10D8F00080E88201002344211A465820009708E05E
:10D9000003A80D2180E88201002344211A466020EB
:10D910000097CDE90174ECF716FF02A8002380E818
:10D92000D001722100971A466020019743E1FEF76B
:10D93000CDF840794A2805D1FEF7C8F8B0F8C40000
:10D9400002280CD0FEF7ACFCFEF7C0F840790A289C
:10D9500009D0FEF7BBF840794A2804D006E07148A8
:10D96000FEF75AFDF0E705F025FCE8B3CDE90478B1
:10D970006D48CDE90007CDE9026702236B4A3021EB
:10D980000020ECF7E0FEFEF7A1F83130CDE900060B
:10D99000CDE90257CDE9047800231A46242120203E
:10D9A000ECF7D1FECDE904786148CDE90007CDE977
:10D9B000026702235F4A54210020ECF7C4FEFEF701
:10D9C00085F83830CDE90006CDE90257CDE9047875
:10D9D00000231A4648212020ECF7B5FECDE9047853
:10D9E000CDE90267544800E038E0CDE900070223A2
:10D9F000524A32218020ECF7A6FE03A9042081E8D8
:10DA000081010097CDE9017400231A465621802038
:10DA1000ECF799FECDE90478CDE90097CDE90267EE
:10DA20000223384A70210020ECF78DFEFEF74EF8F5
:10DA30002B30CDE90005CDE90257CDE9047800236C
:10DA40001A4670213E20ECF77EFE05F0C1FC00284E
:10DA50007AD003A8029480E89001F9E4CDE9047833
:10DA60003348CDE90007CDE902670223314A30216E
:10DA70000020ECF768FEFEF729F83830CDE9000603
:10DA8000CDE90257CDE9047800231A46242120204D
:10DA9000ECF759FE03A8042180E882010097CDE944
:10DAA000017400231A4632218020ECF74CFECDE9A8
:10DAB00004782348CDE90007CDE902670223214A13
:10DAC00054210020ECF73FFEFEF700F84F30CDE97F
:10DAD0000006CDE90257CDE9047800231A46482113
:10DAE0002020ECF730FE03A8042180E8820188E7BB
:10DAF000AF700208AD700208DE6F0208EE6D02081A
:10DB0000C16F0208926D0208D5700208D270020837
:10DB1000DB700208D97002084271020840710208E5
:10DB200000401C46B36C0208A9700208A7700208E6
:10DB30004E6E02084C6E0208BD6D0208BB6D0208F5
:10DB4000546E0208526E0208AAE0CDE90478FF483C
:10DB5000CDE90007CDE902670423FD4A3C210020FE
:10DB6000ECF7F1FDFDF7B2FF3F30CDE90006CDE95E
:10DB70000257CDE9047800231A464C212020ECF707
:10DB8000E2FD05F0C1FB88B105F0BEFB0A282AD0F2
:10DB900005F0BAFB05282DD002A8002380E8B001CB
:10DBA00000971A465A210197802004E0042122E0C0
:10DBB000CDE901748020ECF7C6FDE6480799816045
:10DBC000FDF784FFE7F7DFFE002878D002F080FA47
:10DBD0000E2875D2DFE800F06875A6B1BCC7D2DDAB
:10DBE000E8F9F6F5F4F3CDE90478CDF80CB005E0EA
:10DBF0005BE15CE1092103A880E8820100231A4669
:10DC00005A210097D4E7CDE90478D348CDE900073D
:10DC1000CDE902670323D14A42210020ECF793FDAE
:10DC2000FDF754FF3830CDE90006CDE90257CDE9C4
:10DC3000047800231A4636212020ECF784FDCDE934
:10DC4000026700E025E0CDE90478CDE900970223E2
:10DC5000C34A70210020ECF776FDFDF737FF2B302B
:10DC6000CDE90005CDE90257CDE9047800231A4635
:10DC700070213E20ECF767FDFDF728FF40791D2855
:10DC800009D003A8122180E8820100231A4644210A
:10DC900000978020FEE4CDE90478CDF80CB0F4E7DD
:10DCA00002A880E8D001D8E605F046FA069005F013
:10DCB000FDF9F3F7AFFF074605F0F4FA0BE0D3E008
:10DCC0000CE005F065FA069005F01CFAF3F7A2FFE8
:10DCD000074605F013FBF3F79DFF0446DFF8748257
:10DCE000A8F1980898F80A9088F80AA006980028E1
:10DCF0006AD017F0FF4F07D0FDF7E8FEE7F741FEC7
:10DD0000394607F0DBF80AD914F0FF4F73D0FDF75E
:10DD1000DDFEE7F736FE214606F0D0FF6BD888F827
:10DD20000A508CE005F02EFA069005F0E5F9F3F7BD
:10DD300071FF074605F0DCFACDE705F00AFA069018
:10DD400005F0C1F9F3F766FF074605F0B8FAC2E738
:10DD500005F0F8F9069005F0AFF9F3F75BFF074619
:10DD600005F0A6FAB7E705F007FA069005F0BEF948
:10DD7000F3F750FF074605F0B5FAACE705F0F0F908
:10DD8000069005F0A7F9F3F745FF074605F09EFA60
:10DD9000A1E705F0DDF9069005F094F9F3F73AFFF5
:10DDA000074605F08BFA96E705F0B8F9069005F0FE
:10DDB0006FF9F3F72FFF074605F066FA8BE731E0BE
:10DDC00025E019E00CE000E04CE005F0AFF906902A
:10DDD00005F066F9F3F71EFF074605F05DFA7AE7EE
:10DDE00005F096F9069005F04DF9F3F713FF074695
:10DDF00005F044FA6FE720E005F092F9069005F08F
:10DE000049F9F3F707FF074605F040FA63E705F025
:10DE1000A1F9069005F058F9F3F7FCFE074605F066
:10DE20004FFA58E705F0A2F9069005F059F9F3F713
:10DE3000F1FE074605F050FA4DE788F80AA0B9F15F
:10DE4000000F03D0B9F1010F06D00DE098F80A00D9
:10DE500050B104F035FF07E098F80A0020B9FEF74A
:10DE60007FFA01E088F80AA0FDF730FEE7F792FD9F
:10DE700018B13C48FEF78AFA01E0FEF7FBF9FDF71E
:10DE800019FE78B1FDF71CFE60B1FDF71FFE0446D8
:10DE9000FDF710FE844201D1334800E03348FEF71D
:10DEA00003FB04E0FEF746FA01E0012808D0DFF8A2
:10DEB000A480A8F1980898F80000132803D085E002
:10DEC000FEF7D8F9EEE705F06FF9E8B3FDF7CEFFFE
:10DED0000078D0B398F80F10B1B3544688F80FA06B
:10DEE000002278215420FEF7ADF91A4F2048083758
:10DEF000CDE90447CDE90004CDE9026403231D4ABE
:10DF00007E210020ECF71FFCCDE904471A48CDE93B
:10DF10000004CDE902640323184A4E210020ECF7E7
:10DF200012FCFEF731F8CDE90447CDE90004CDE954
:10DF3000025400231A465E211846ECF704FCFDF754
:10DF400095FFCDE902541BE040E059E08D710208D5
:10DF500089710208B8550020EB710208E8710208C7
:10DF6000926D0208E36C0208236D0208036D02083B
:10DF70009B60020898600208A9600208A660020877
:10DF8000CDE90447CDE9000400231A465E2118209C
:10DF9000ECF7D9FBFDF7F4FFCDE90447CDE9000428
:10DFA000CDE9025400231A468E211846ECF7CBFB2C
:10DFB000FDF768FFCDE90447CDE90004CDE902543F
:10DFC00000231A468E211820ECF7BDFB05F0E6F879
:10DFD000194C0146A068ECF7F7FBFDF75BFF05461F
:10DFE00005F0DCF801462A46E068EFF707FF98F8ED
:10DFF000010000281DD009B0BDE8F04F05F092BC2B
:10E0000088F80F5005F0CAF850B1CDF800B0CDE94E
:10E0100001BA0623094A68211020EAF703F9D5E777
:10E02000CDE900BA0823064A68211020EAF75EF914
:10E03000CCE709B0BDE8F08FB855002004600208B5
:10E040000A60020810B5774C4FF480612046EAF769
:10E050002FFF01282FD0FDF7F1FE18B104F0DCFEF0
:10E0600004F06AFEF3F7C4FCF3F7D2FCF3F7C8FC44
:10E070004FF400612046EAF71BFF012822D0FDF78C
:10E080004FFE18B104F068FE04F056FEF3F704FCEE
:10E09000F3F712FCF3F708FC4FF480512046EAF73F
:10E0A00007FF012815D0FDF7A3FE10B3FEF77EFB96
:10E0B000012814D019E0FDF7C9FE0028D8D104F0DA
:10E0C000A3FED5E7FDF734FE0028E5D104F03CFEC1
:10E0D000E2E7FDF79BFEA0B904F07EFE11E0FDF73C
:10E0E0008FFE40F6B831884201D204F07DFE04F084
:10E0F00023FEF3F775FCF3F755FCF3F761FCF3F738
:10E1000059FC4FF400712046EAF7D2FE012863D093
:10E11000FDF7C0FD18B104F0E7FD04F00DFEF3F7C4
:10E1200065FBF3F773FBF3F769FB4FF400512046EF
:10E13000EAF7BEFE012856D0FDF7C4FD18B104F081
:10E14000E3FD04F0F9FDF3F78FFBF3F795FBF3F72D
:10E150006DFBF3F779FBF3F771FB4FF48041204639
:10E16000EAF7A6FE012845D0FDF7F2FD18B104F04C
:10E1700003FE04F0E1FDF3F7AFFBF3F7BDFBF3F7AC
:10E18000B3FB4FF400412046EAF792FE012838D055
:10E19000FDF7F6FD18B104F0FFFD04F0CDFDF3F737
:10E1A000BBFBF3F7C9FBF3F7BFFB80211E48EAF77F
:10E1B0007FFE01282CD0FDF7FBFD18B104F0FCFD1B
:10E1C00004F0BAFDF3F7E6FBF3F7C6FBF3F7D2FB77
:10E1D000BDE81040F3F7C8BBFDF764FD0028A4D1EB
:10E1E00004F07AFDA1E7FDF775FD0028B5D104F034
:10E1F00083FDB2E7FDF7B4FD0028C2D104F0B4FD01
:10E20000BFE7FDF7C5FD0028CFD104F0BDFDCCE789
:10E21000FDF7D6FD08B904F0C7FD044901200870D8
:10E2200010BD000000100240000002402E570020E8
:10E230002DE9F047504F3878504CC00707F10205E0
:10E240000DD021782078491C61F30300207000F084
:10E250000F000A2803D3287840F00100287038788E
:10E260004FF0010880074FF00A090DD5217820787A
:10E2700008EB111161F307102070B9EB101F03D8E0
:10E28000287840F002002870387840F6B836400709
:10E290000ED5E088401C80B2E0800A2808D3287898
:10E2A00040F004002870E088B04201D304F0A4FDDF
:10E2B000387800070DD561786078491C61F3030058
:10E2C000607000F00F000A2803D3287840F008009F
:10E2D00028703878400616D5A088401C80B2A080EF
:10E2E0000A2810D3287840F040002870A08841F216
:10E2F0007071884202D304F017FD04E0A088B04298
:10E3000001D304F009FD387880060DD5A178A078F6
:10E31000491C61F30300A07000F00F000A2803D32A
:10E32000287840F0200028703878C0060DD5617834
:10E33000607808EB111161F307106070B9EB101FE2
:10E3400003D8287840F0100028707878400710D55E
:10E350002089401C80B220810A280AD3687840F0C6
:10E36000040068702089B04203D3BDE8F04704F090
:10E370002BBDBDE8F08700003557002084780020D1
:10E3800008B5012200216846F1F7A4F89DF80000C5
:10E39000672802D0F3F71AFC03E0E9F7D5FD00F097
:10E3A000C7F804F001FF0B4B4FF4006108B10122E4
:10E3B00000E000221846EAF788FD04F057FEE9F76E
:10E3C000D3FD00210120EAF731F8002004F06AFDB6
:10E3D00008BD0000000002402DE9F04106460C4651
:10E3E00040F2FF75174635EA14502BD00022134631
:10E3F000304605F075FF25D03A463046214606F0F6
:10E4000045FE06460C4635EA145010D0002213464D
:10E41000304605F065FF15D10220E2F78AFAF1F7E0
:10E4200039FA0A46214662F31E01BDE8F081022056
:10E43000E2F77FFAF1F726FA0A46214662F31E0157
:10E44000BDE8F08130462146BDE8F081014931F850
:10E4500010007047D07C00200E4801884288C38895
:10E46000114482881A44114402891144428911449A
:10E4700082891144C2891144028A1144428A11449A
:10E48000828A1144C28A1144028B408B1144084491
:10E4900080B27047D07C00200B4630B400210E2A99
:10E4A0000DD2DFE802F0070910121416181A1C1E0C
:10E4B00020222426104900E0104901EB032130BC42
:10E4C0009422F1F707B80E49F7E70E49F5E70E4930
:10E4D000F3E70E49F1E70E49EFE70E49EDE70E4984
:10E4E000EBE70E49E9E70E49E7E70E49E5E70E4994
:10E4F000E3E70E49E1E7000000B03C00404553006F
:10E5000080DA6900C06F800000059700409AAD0076
:10E51000802FC400C0C4DA00005AF10040EF0701A8
:10E5200080841E01C01935014044620180D9780100
:10E530001C224FF400710148F0F7CCBFD07C0020C2
:10E540002DE9F14F0024D34800F0ECFAD148DDF872
:10E5500000C000234F2643224C271C38CD4D42F2E9
:10E5600010714FF0440A4FF0480B4FF04609BCF1D0
:10E570000E0F48D2DFE80CF007949FB1C1D1E2FE44
:10E58000FDFCFBFAF9F804888C427DD285F800A0E6
:10E590006E70AB7004F0D0FE286404F0BBFC06F093
:10E5A000C9F906460F46F1F739FC32463B4605F0FD
:10E5B00083FC05F04FFCE863FDF788FA3830F1F78B
:10E5C00003FA05F047FC6864FDF780FA3130F1F793
:10E5D000FBF905F03FFCA86456E1FDF777FAC06E41
:10E5E0004FF0844106F0A6FC06F0A4F9AA4AAB4B12
:10E5F00005F01EFD04E0FDF769FA2B30F1F7E4F9B0
:10E6000005F028FCA863EFF761FD6872EFF764FD81
:10E610002872EFF767FDE871EFF76AFDE872EFF730
:10E620006DFDA871EFF77CFDA872EFF77FFD2873F1
:10E63000FDF74CFA00F1560196480D220D30E2F735
:10E6400087F8FDF713FC934D01681C3DC5F83A109F
:10E650004168C5F83E108068C5F842003635FDF7C0
:10E6600011FC01682961416869618068A861FDF752
:10E6700087FC00882880FDF787FC0088688001F00F
:10E6800027FD0246214600E075E0824800F0FEF9D1
:10E69000641CA0B2009900F0EDF90120BDE8F88FEC
:10E6A00044888C4267D27020287085F801B0FDF74D
:10E6B0000DFA383057E084888C42F3D25420287009
:10E6C000752068707220A870FDF700FA3830F1F7F5
:10E6D0007BF905F0BFFB686695E7C4888C42E1D200
:10E6E00085F800906A70AF70FDF7F0F93830F1F7F7
:10E6F0006BF905F0AFFB6867C6E004898C42D1D2A4
:10E70000452028706A70AB70FDF7E0F9406FA8658E
:10E71000FDF7DCF9006FE865B6E044898C422AD247
:10E720002E70522068705020A870FDF7CFF9383055
:10E73000F1F74AF905F08EFB686564E784898C423D
:10E7400019D24E20287085F801B03321A970E870E5
:10E75000FDF7BCF93830F1F737F905F07BFBA86617
:10E76000FDF7B4F9313007E07BE06BE048E039E0D9
:10E7700027E017E006E077E0F1F726F905F06AFBFD
:10E78000E86481E0C4898C426ED285F800906B7099
:10E79000AB70FDF79BF93830F1F716F905F05AFB2D
:10E7A000E86671E0048A8C425ED22A706F70AB70AA
:10E7B000FDF78CF93830F1F707F905F04BFB2867C6
:10E7C00062E0448A8C424FD22A70682068706C20C4
:10E7D000A870FDF77BF93830F1F7F6F805F03AFB51
:10E7E000A86751E0848A8C423ED24220287067207C
:10E7F00068706120A870FDF769F9406FE86743E031
:10E80000C48A8C4230D22A706E7085F802A0FDF75F
:10E810005DF93830F1F7D8F805F01CFBC5F8800039
:10E82000FDF754F93130F1F7CFF805F013FB6866C6
:10E83000FDF74CF94F30F1F7C7F805F00BFBC5F8C1
:10E84000840021E0048B8C420ED24D2028706F7022
:10E850005320A870E870FDF739F9406FC5F88C00B7
:10E86000D1E6448B8C4201D3002017E72E7069203B
:10E8700068705720A870FDF729F93830F1F7A4F82F
:10E8800005F0E8FAC5F8900004F0A2FD00283FF476
:10E89000B2AEA2E6EC7C0020CDCCCCCCCCCCFC3F04
:10E8A00010B5A8B0FF208DF8000003208DF80100FE
:10E8B00002205C4A5C4C8DF80200D38AE18A6846EB
:10E8C0008B4207D90B22001DFFF7E6FDE08A401CB2
:10E8D000E0829AE0938AA18A8B4207D90A22001D1E
:10E8E000FFF7DAFDA08A401CA0828EE0538A618A7D
:10E8F0008B4207D90922001DFFF7CEFD608A401C1C
:10E90000608282E0D388E1888B4207D90322001D10
:10E91000FFF7C2FDE088401CE08076E0138A218A80
:10E920008B4207D90822001DFFF7B6FD208A401C44
:10E9300020826AE0D389E1898B4207D90722001D32
:10E94000FFF7AAFDE089401CE0815EE09389A18980
:10E950008B4207D90622001DFFF79EFDA089401CAF
:10E96000A08152E0538961898B4207D90522001D9D
:10E97000FFF792FD6089401C608146E01389218980
:10E980008B4207D90422001DFFF786FD2089401C19
:10E9900020813AE09388A1888B4207D90222001D8A
:10E9A000FFF77AFDA088401CA0802EE05388618884
:10E9B0008B4207D90122001DFFF76EFD6088401CC5
:10E9C000608022E0138821888B4207D90022001D35
:10E9D000FFF762FD2088401C208016E0138B218BFE
:10E9E0008B4207D90C22001DFFF756FD208B401CDF
:10E9F00020830AE0528B618B8A4206D90D22001DCA
:10EA0000FFF74AFD608B401C60839C216846EFF74E
:10EA1000CDFD0648C8239C22C0696946EBF740FC3F
:10EA200028B010BDD07C002064580020EC57002096
:10EA30001CB5FF208DF8000003208DF80100012097
:10EA40008DF80200FFF708FD000A8DF80300FFF7BC
:10EA500003FD8DF8040007216846EFF7A7FD044881
:10EA6000C8230722C0696946EBF71AFC1CBD0000E9
:10EA7000EC570020044A22F811001C224FF40071C8
:10EA80000148F0F787BD0000D07C00200B4630B471
:10EA900000210E2A0DD2DFE802F007091012141629
:10EAA000181A1C1E20222426104900E0104901EBF0
:10EAB000032130BC9422F0F76DBD0E49F7E70E49F3
:10EAC000F5E70E49F3E70E49F1E70E49EFE70E4986
:10EAD000EDE70E49EBE70E49E9E70E49E7E70E4996
:10EAE000E5E70E49E3E70E49E1E7000000B03C002E
:10EAF0004045530080DA6900C06F80000005970030
:10EB0000409AAD00802FC400C0C4DA00005AF10062
:10EB100040EF070180841E01C019350140446201A5
:10EB200080D9780170B50446002544F8025B0D21B8
:10EB3000658025836583E56125626562A562E5627E
:10EB400044F8305FA4F12500323CE1F74EFE44F872
:10EB5000385F6560A560E56025616561A561E56177
:10EB600025626562A562E56225636563A563E56369
:10EB700025646564A564E56425656565A56570BD66
:10EB800010B50B4CFDF7B4F900220A4BC4E904019F
:10EB900005F0A6FB03D0D4E90401C4E90201D4E9DD
:10EBA000020105F057F9BDE81040F0F723BF00005F
:10EBB000305800200000F0BF10B50B4CFDF798F95D
:10EBC00000220A4BC4E9040105F08AFB03D0D4E912
:10EBD0000401C4E90201D4E9020105F03BF9BDE8F2
:10EBE0001040F1F78DB80000305800200000F0BF51
:10EBF00070B501F045FA08B101F032FAFDF7F2FD07
:10EC000008B1FDF7B5FDFCF761FF484D407995F877
:10EC1000451088425CD1FDF7C9FD4F2836D019DC7C
:10EC2000472833D012DC412830D008DC01281ED020
:10EC3000032826D0252824D03F2849D126E0422881
:10EC400024D0452822D0462842D11FE04838062843
:10EC50003ED81BE0503810283AD2DFE800F01717F2
:10EC60001717171717121717171717171717FDF773
:10EC700073FD0022A0211620FDF7E4FA01F0E4FC68
:10EC800026E000210220F7F77DFE21E001F026FAC0
:10EC90000B281DD1FDF790FD806825490069816032
:10ECA000FDF78AFD806823490069C160FDF784FD96
:10ECB000806804210069417100210220F7F762FE9B
:10ECC000FDF7A0FD01281ED00424FDF775FD44705A
:10ECD000FCF7F0FE407995F84510174C174D884227
:10ECE0001CD1FCF7EDFE80B101F0AEFCFDF734FD68
:10ECF0001349486860606860087820702870BDE833
:10ED00007040E6F721BE0124DFE7E6F715FEE6F7DF
:10ED100029FEBDE870400E2001F0B4BC01F094FC67
:10ED2000FDF71AFD606868602078E7E77C560020F0
:10ED3000CF5F0208CA5F0208545800204C580020D8
:10ED40005C580020064810B50078002807D0F1F77D
:10ED5000B5F8F1F763F8BDE8104004F071B810BDE4
:10ED60003058002010B5FDF7CBFB00280ED1084924
:10ED700040F2DC52888B401C80B28883904205D3DD
:10ED800000208883BDE81040FDF7C6BB10BD000021
:10ED900032570020EAF7DEF8EFF7D2FCECF7B0FAD2
:10EDA000ECF756FAECF716FCECF732FCECF7FCFB50
:10EDB000FDF7B8FBF0F7EAFA00F002F8FCE7000014
:10EDC00070B5FDF76DF838B1F2F74EFE04214D48ED
:10EDD000EAF773F8EBF700FBFCF764FE4A4CE0B18E
:10EDE000F2F7B0FCFFF7AEFFFDF7E0FC00250128CD
:10EDF00012D104F09BF878B1FCF768FE60B104F022
:10EE000095F8A188491C89B2A180B1EB500F04D3B9
:10EE1000A580EFF729FA00E0A580FCF75DFE18B1A8
:10EE2000F2F7A0FCFCF760FEFCF734FE18B1F2F735
:10EE300081FCFFF7A5FEFFF705F9FDF74BF898B148
:10EE4000F2F728FEFDF7B2FC01280DD101F018F908
:10EE500010B3FDF7B1FC80682C498068884203D16B
:10EE6000FDF77AFCF2F7ECFDFCF70CFF18B1F2F7B6
:10EE700081FCFEF719FAF2F7B5FAFDF7ADFCB0B177
:10EE8000FDF770FCFDF78CFC88B1F2F74DFEFDF745
:10EE90008DFC012803D00AE000F000F9E4E7FDF75B
:10EEA000A1FC20B1607810B11948FDF713FBFDF704
:10EEB00017F818B1F2F7F6FD04F018FFFCF7DAFFC7
:10EEC00018B1F2F7B5FDE9F7B7FAF2F79BFA01F0DE
:10EED00047F801F0E5F818B101F024F8FFF788FED3
:10EEE0000C48007818B901F0D1F8E6F71FFF01F0DF
:10EEF000DFF818B101F01EF801F07CFBBDE87040AE
:10EF0000EFF7A8B80000024030580020B3600208B4
:10EF10004B6C02084C58002010B5414C04F1010123
:10EF20002078401C10F0FF0222704FF0000004D047
:10EF300020700A7842F001020A70E28940F2EF2361
:10EF4000521C92B2E2819A4204D3E0810A7842F0E4
:10EF500002020A70228A40F2D273521C92B22282BA
:10EF60009A4204D320820A7842F004020A70628A2C
:10EF700040F6CB13521C92B262829A4204D3608252
:10EF80000A7842F080020A70A28A41F29813521C59
:10EF900092B2A2829A4204D3A0820A7842F010026E
:10EFA0000A70E28A521C92B2E282B2F5BD6F04D9B5
:10EFB000E0820A7842F008020A70228B521C92B258
:10EFC0002283FA2A04D320830A7842F020020A70AE
:10EFD000628940F21A53521C92B262819A420AD359
:10EFE00060810A7842F040020A700E4A11880A29AC
:10EFF00001D8491C1180618B491C89B26183B1F52C
:10F000007A7F0BD360832089401C80B22081B0F5C9
:10F01000807F03D104F0E8F9401D208110BD00007D
:10F020003257002036550020024640210148E9F7BA
:10F030004CBF000000040240024680210148E9F76D
:10F0400044BF00000004024080210148E9F730BFBE
:10F050000004024000B585B080200090002001909F
:10F06000012002900220039069460248E9F73EFE23
:10F0700005B000BD0004024000B585B080200090BE
:10F08000012001900020029002200390694602486E
:10F09000E9F72CFE05B000BD000402402DE9F04365
:10F0A000314D0227DFF8C490E88A87B005F1A0044B
:10F0B0004FF00008092812D1FDF74EFB04F06EF85E
:10F0C00008B1302000E02C20CDE90484CDE902789D
:10F0D000CDE900980423264A2421EBF734FB224E85
:10F0E0009836B068B8B1F2F7ABFC02220021A6F165
:10F0F0008A0004F0DBFDA87B00EB400101EB00106F
:10F10000242101EB4000B168087107B00020BDE880
:10F11000F04303F0C7BE85F80E80E88A46460A2809
:10F1200010D204F03BF808B1362000E02C20CDE9E5
:10F1300004641049CDE90016CDE9027603230E4A96
:10F1400024210EE004F02AF808B1302000E02C2041
:10F15000CDE90464CDE90276CDE900960423044AA2
:10F160002421EBF7F0FAD0E720550020B760020821
:10F17000B3600208A8620208A562020870B500F038
:10F18000ADFF714C0B2804F1080570D01FDC02287C
:10F1900053D0042871D008286BD1A079032868D1F6
:10F1A000F2F788FCFCF786FC407901285CD0FCF77C
:10F1B00087FC0021E4F76EFAFCF77CFC407901281B
:10F1C00058D0FCF77DFCBDE87040E6F73EBD0C284A
:10F1D00018D0122871D013284BD1A079062848D115
:10F1E000E079082845D1207A332842D1F2F762FC31
:10F1F000FDF7DCFA03283CD1BDE870400121022074
:10F20000F7F7C0BBA079032833D10120E6F788F9CE
:10F2100000F01EFFFCF74EFC407901280AD0FCF7F5
:10F220004FFC294600F0B0F8FCF744FCBDE8704004
:10F2300000F04EBAFCF73EFCF3E7A079032871D149
:10F24000F2F738FCFCF736FC4079012809D0FCF7CE
:10F2500037FC00F07FF8FCF72DFCBDE8704000F0B3
:10F2600015BAFCF727FCF4E7FCF724FCA1E728E03B
:10F2700003E057E0FCF71EFCA5E7A079032851D175
:10F28000E07906284ED1F2F715FCFCF713FC407923
:10F2900001280FD0FCF714FC294600F075F8FCF7A4
:10F2A00009FC4079012809D0FCF70AFCBDE8704050
:10F2B000E6F7C4BCFCF7FEFBEEE734E0FCF7FAFB34
:10F2C000F4E7A07906282DD1E07908282AD1207A00
:10F2D000082827D1F2F7EEFBFDF768FA032805D0DE
:10F2E000472803D0482801D049281BD101210220FA
:10F2F000F7F748FBFDF760FA806814490069006978
:10F3000000698160FDF758FA806811490069006959
:10F310000069C160FDF750FA806804210069006946
:10F320000069417170BDA0790628FBD1E0790828F9
:10F33000F8D1207A0B28F5D1F2F7BCFBFDF736FAAD
:10F340003E283FF459AF70BD7C560020BB5F0208D9
:10F35000BF5F0208002815D04C2100F8561F482135
:10F3600041702D2282704422C2707022027141715C
:10F37000302383713723C3715F230372427281721A
:10F380002021C172704700002DE9FE4F040078D0A3
:10F390004A7862F307000A7862F30F20CA7880B2D5
:10F3A00062F307058A7862F30F254A79097962F3D7
:10F3B000070661F30F2605F06DFC7A4905F054FB52
:10F3C0006067A8B205F066FC774D294605F04CFB56
:10F3D000E06630B205F046FC294605F045FB002505
:10F3E0002567E06705F0A6FACDE900016FA20821C4
:10F3F00004F13F00E1F780F803F0EAFFA8B1E06E06
:10F4000005F098FA6B4A6C4B05F06AF800226B4BDA
:10F4100004F052FD04F01EFD6949E066884203DCF9
:10F420004FF08441884200DAE166207804F12B082D
:10F43000420704F1310704F1380624D520F0040016
:10F440002070606F6061E06E05F074FACDE9000134
:10F450005CA206214046E1F74FF8206F05F06AFAFA
:10F46000CDE9000159A207213846E1F745F8606F60
:10F4700005F060FACDE900014CA207213046E1F722
:10F480003BF8BDE8FE8F616FA06805F07FFAA060D1
:10F49000216FE06805F07AFAE060E16E206905F01E
:10F4A00075FA20612046E5F7DFF9606F6061E07969
:10F4B000401CC0B2E0710328E3D305F0EBFB8146AA
:10F4C0004946206905F0D0FA02904946E06805F007
:10F4D000CBFA83464946A06805F0C6FA824603F097
:10F4E000AFFEDFF8F09088B303F06CFF02282ED354
:10F4F00099F8001004F1A00001904A460C3804F17C
:10F50000AC09009049B115700098F2F71BFB019807
:10F51000F2F718FB4846F2F715FB51460098F2F750
:10F5200044FB59460198F2F740FB48460299F2F72E
:10F530003CFB4846F2F71CFB02900098F2F718FBE0
:10F5400082460198F2F714FB834603E0FFE70121AE
:10F5500089F800102046E6F71DFAE8B9029805F090
:10F56000E9F9CDE9000117A206214046E0F7C4FF02
:10F57000584605F0DFF9CDE9000114A2072138460D
:10F58000E0F7BAFF504605F0D5F9CDE9000107A232
:10F5900007213046E0F7B0FFE571A560E560256121
:10F5A0006FE700000000C8420000204125352E32E0
:10F5B00066000000CDCCCCCCCCCCFC3F0000404061
:10F5C00000000C4325352E316600000025362E3212
:10F5D000660000004858002010B5002819D00D48DA
:10F5E00001220B0A00F8452F062242700822827081
:10F5F000C2700371417100F8422C06481146453033
:10F60000EEF7D4FF01F018F8BDE810400B2001F030
:10F610003FB810BD7C56002010B5002819D00D4809
:10F620000122062100F8452F332341700821817003
:10F63000C37000230371427100F8421C0548453035
:10F64000EEF7B4FF00F0F8FFBDE81040132001F022
:10F650001FB810BD7C5600200B4810B5012100F8E2
:10F66000451F03234370082181700022C27002717C
:10F67000437100F8421C04484530EEF797FFBDE89F
:10F6800010400C2001F004B87C56002010B5002872
:10F690001AD00E4801217C2200F8451F0321417039
:10F6A00008218170C270002202710222427100F8AA
:10F6B000421C06484530EEF779FF00F0BDFFBDE87B
:10F6C0001040082000F0E4BF10BD00007C56002070
:10F6D00010B5002818D00D480121032300F8451F5C
:10F6E0000821437081700022C2700271437100F8DA
:10F6F000421C06484530EEF759FF00F09DFFBDE87B
:10F700001040022000F0C4BF10BD00007C56002055
:10F7100010B5002816D00C480121032300F8451F1E
:10F720000821437081700022C2700271437100F899
:10F73000421C05484530EEF739FFBDE81040042073
:10F7400000F0A6BF10BD00007C56002010B50028B8
:10F750001AD00E4801220B2300F8452F06224270D2
:10F7600008228270C3700B0A0371417100F8422CA9
:10F77000064811464530EEF719FF00F05DFFBDE881
:10F780001040122000F084BF10BD00007C56002005
:10F7900070B500F0A3FC6D4C0B2804F108056FD088
:10F7A0001FDC022850D0042873D008286AD1A07921
:10F7B000042867D1F2F77EF9FCF77CF940795C28E0
:10F7C00061D0FCF77DF9294604F078F8FCF772F96E
:10F7D00040795C285AD0FCF773F9BDE87040E6F731
:10F7E00034BA0C2815D0122873D013284AD1E079E6
:10F7F0009C2847D1207A512844D1F2F75BF9FCF7D5
:10F80000D5FF03283ED1BDE8704001210220F7F763
:10F81000B9B8A079042835D15C20E5F781FE00F065
:10F8200017FCFCF747F940795C280AD0FCF748F947
:10F83000294600F091F8FCF73DF9BDE8704000F072
:10F8400047BAFCF737F9F3E7A079042871D1E079DA
:10F850000C286ED1F2F72EF9FCF72CF940795C28D0
:10F860000BD0FCF72DF90C22294604F03CF8FCF7EC
:10F8700021F9BDE8704000F009BAFCF71BF9F2E786
:10F880002BE006E055E0FCF715F99CE7FCF712F9D0
:10F89000A3E7A07904284CD1E079102849D1F2F7E8
:10F8A00009F9FCF707F940795C280FD0FCF708F953
:10F8B000294600F051F8FCF7FDF840795C2809D0A2
:10F8C000FCF7FEF8BDE87040E6F7B8B9FCF7F2F8CF
:10F8D000EEE72FE0FCF7EEF8F4E7A079102828D146
:10F8E000E0799C2825D1F2F7E5F8FCF75FFF47287F
:10F8F00003D0482801D049281BD101210220F7F765
:10F9000041F8FCF759FF80681149006900690069F6
:10F910008160FCF751FF80680E4900690069006949
:10F92000C160FCF749FF8068042100690069006933
:10F93000417170BDE0799C28FBD1F2F7BBF8FCF770
:10F9400035FF3E283FF45FAF70BD00007C560020BD
:10F95000BB5F0208BF5F02082DE9FE4F040078D0AC
:10F96000487884F87400087884F87500C87884F8BA
:10F970007600887884F87700487984F86C000879F4
:10F9800084F86D00C87984F86E00887984F86F0077
:10F99000487B84F87C00087B84F87D00C87B84F871
:10F9A0007E00887B84F87F00002525677149E06F21
:10F9B00005F0B8F904F0BEFFCDE900016EA2082100
:10F9C00004F13F00E0F798FD03F002FDA8B1E06EFE
:10F9D00004F0B0FF6A4A6B4B04F082FD00226A4BD0
:10F9E00004F06AFA04F036FA6849E066884203DCFB
:10F9F0004FF08441884200DAE166207804F12B0858
:10FA0000420704F1310704F1380624D520F0040040
:10FA10002070606F6061E06E04F08CFFCDE9000142
:10FA200055A206214046E0F767FD206F04F082FFF3
:10FA3000CDE9000156A207213846E0F75DFD606F71
:10FA400004F078FFCDE900014BA207213046E0F732
:10FA500053FDBDE8FE8F616FA06804F097FFA060C2
:10FA6000216FE06804F092FFE060E16E206904F02D
:10FA70008DFF20612046E4F7F7FE606F6061E0795A
:10FA8000401CC0B2E0710328E3D305F003F98146BE
:10FA90004946206904F0E8FF02904946E06804F016
:10FAA000E3FF83464946A06804F0DEFF824603F088
:10FAB000C7FBDFF8E49088B303F084FC02282ED360
:10FAC00099F8001004F1A00001904A460C3804F1A6
:10FAD000AC09009049B115700098F2F733F801981D
:10FAE000F2F730F84846F2F72DF851460098F2F751
:10FAF0005CF859460198F2F758F848460299F2F72F
:10FB000054F84846F2F734F802900098F2F730F8CB
:10FB100082460198F2F72CF8834603E0FFE70121C3
:10FB200089F800102046E5F735FFE8B9029804F09F
:10FB300001FFCDE9000110A206214046E0F7DCFC00
:10FB4000584604F0F7FECDE9000111A2072138461E
:10FB5000E0F7D2FC504604F0EDFECDE9000106A22C
:10FB600007213046E0F7C8FCE571A560E560256136
:10FB70006FE7000000007A4425352E326600000051
:10FB8000CDCCCCCCCCCCFC3F0000404000000C43A2
:10FB900025362E32660000004858002010B5002897
:10FBA0001BD00E485C2100F8451F062141709C21A6
:10FBB00081705121C1700021017101214171082121
:10FBC00000F8421C05484530EEF7F0FC00F034FD2B
:10FBD000BDE81040132000F05BBD10BD7C56002036
:10FBE0001CB50C46002832D06846EEF78DFADDE9E8
:10FBF0000001F2F73FF8164A5C2102F8451F102178
:10FC000051709C2191706221D170002111710421E9
:10FC1000517108219171010AD1711072010E517256
:10FC2000000C9072200AD0721473200E5073200CB6
:10FC300090730748112102F8421C4530EEF7B6FCDC
:10FC400000F0FAFCBDE81C400B2000F021BD1CBDFB
:10FC50007C5600200C4810B55C2100F8451F04219B
:10FC60004170752181706921C170002101710821E5
:10FC7000417100F8421C04484530EEF797FCBDE89E
:10FC800010400C2000F004BD7C56002010B5002868
:10FC90001BD00E485C2100F8451F042141707521DE
:10FCA00081704521C170002101710121417108213C
:10FCB00000F8421C05484530EEF778FC00F0BCFC2B
:10FCC000BDE81040082000F0E3BC10BD7C560020C9
:10FCD00010B500281BD00E485C2100F8451F0421F8
:10FCE0004170752181703021C170002101710621A0
:10FCF0004171082100F8421C05484530EEF756FCDA
:10FD000000F09AFCBDE81040022000F0C1BC10BD1C
:10FD10007C56002010B5002818D00D485C2100F852
:10FD2000451F04214170752181706921C170002136
:10FD300001710821417100F8421C05484530EEF779
:10FD400035FCBDE81040042000F0A2BC10BD00004E
:10FD50007C5600201CB50C46002832D06846EEF7D1
:10FD6000D3F9DDE90001F1F785FF164A5C2102F8BD
:10FD7000451F102151709C2191706621D170002186
:10FD800011710421517108219171010AD171107210
:10FD9000010E5172000C9072200AD0721473200E62
:10FDA0005073200C90730748112102F8421C453013
:10FDB000EEF7FCFB00F040FCBDE81C400B2000F01F
:10FDC00067BC1CBD7C56002010B5002827D0144A03
:10FDD00040F86C1F5C2102F8451F102151709C21D6
:10FDE00091707A21D1700021117102215171042189
:10FDF00091714178D17101781172C1785172807816
:10FE0000907207480D2102F8421C4530EEF7CEFBF8
:10FE100000F012FCBDE81040122000F039BC10BD0B
:10FE20007C5600201CB50C46002832D06846EEF700
:10FE30006BF9DDE90001F1F71DFF164A5C2102F8BC
:10FE4000451F102151709C2191706A21D1700021B1
:10FE500011710421517108219171010AD17110723F
:10FE6000010E5172000C9072200AD0721473200E91
:10FE70005073200C90730748112102F8421C453042
:10FE8000EEF794FB00F0D8FBBDE81C400B2000F01F
:10FE9000FFBB1CBD7C56002010B5C47801220F4B5F
:10FEA000072C0CD2196059605868006958600069C5
:10FEB000884203D0521CD2B2072AF5D310BD586035
:10FEC0001860496918684069186040698842F5D02F
:10FED000521CD2B2072AF5D310BD0000D055002025
:10FEE00010B5014608224FF6FF7407E004EA41010D
:10FEF00000F00103521E1943D2B240080028F5D188
:10FF00009140C8B210BD00000248017821F0040100
:10FF1000017070477C56002001490020087070472E
:10FF2000785600200248017821F0100101707047D6
:10FF30007C5600200248017821F0080101707047CA
:10FF40007C56002001490020887070477C560020B4
:10FF50000248017821F00201017070477C560020B0
:10FF600010B500F0ADF800286FD0FFF7F1FF374C67
:10FF70002179052969D3601DE4F75EFC002864D06F
:10FF80006079512821D017DC222822D008DC0128F2
:10FF900047D009284DD00A281FD01D2855D107E089
:10FFA00034283AD04A281CD04D284AD04E284CD16B
:10FFB000BDE81040ECF702BD5A38082845D2DFE80A
:10FFC00000F014242028181C343CBDE81040E5F74C
:10FFD000E5BCBDE81040EBF7A5BBBDE81040E3F77A
:10FFE00055BABDE81040E2F7C9BFBDE81040E6F7DA
:10FFF000DDB9BDE81040EBF799BFBDE81040E3F76D
:020000040802F0
:1000000089BFBDE81040FFF7C3BBBDE81040EEF765
:1000100055BCBDE81040E7F751BCBDE81040E6F71D
:1000200055BEBDE81040FFF7A9B8BDE81040E4F7A1
:10003000A1BDBDE81040ECF7BFBEBDE81040E2F73F
:1000400085BBBDE81040EAF785BD10BD7C56002099
:1000500002484178491C4170704700007C560020DE
:1000600002484178491E4170704700007C560020CC
:1000700002480078C0F38000704700007C560020E2
:1000800001484078704700007C56002000487047C7
:100090005058002001480078704700007856002032
:1000A00002480078C0F30010704700007C56002022
:1000B00002480078C0F3C000704700007C56002062
:1000C00002480078C0F34000704700007C560020D2
:1000D00001480078704700004C580020014890F813
:1000E000850070477C56002038B5044601680D48ED
:1000F000814215D10868486800902046E9F757FE0C
:10010000094800684068094BC0F14000187100F0D0
:10011000B1FA4022591D2046BDE83840EAF79EB8A2
:1001200038BD000000480040EC5A00207C560020FA
:10013000704700002DE9F0410024FBF7BBFC0126CD
:10014000FE4F0025B0B3FBF7BBFC98B303F046F9B4
:1001500000286AD0787BC8B10020787358B3FBF7C9
:10016000A9FC4079512860D020DC22287CD00FDC0B
:1001700001287BD009287AD00A282CD01D2877D1D5
:10018000FBF7A4FCBDE8F041EDF73AB90120E4E744
:1001900034286ED04A2822D04D286BD04E2867D103
:1001A000FBF794FCBDE8F041EDF734BD5A38082860
:1001B0005ED201E03BE022E0DFE800F004938D999D
:1001C0007F8518B8387B78B33D73FBF77FFCBDE8BB
:1001D000F041E6F751BCFBF779FC0A2102E0FBF79E
:1001E00075FC4A21BDE8F041E3F7ECBD387BE0B394
:1001F0003D73FBF76BFCBDE8F041E5F729B8FBF771
:100200005FFC407951284CD003DC22284FD0BFDC62
:10021000AEE7A0F15A0008282AD2DFE800F0076212
:100220005C684E540487E1E734E03AE0CAE7FBF744
:1002300041FC10B1FBF744FC20B103F0CFF80028DB
:100240007DD05BE103F0CAF858B3787B98B1002009
:100250007873E8B3FBF72EFC4079512821D00DDCF0
:10026000222824D094DC83E721E052E04BE057E0E1
:1002700086E042E060E04FF00100E9E7A0F15A00BB
:1002800008287DD2DFE800F0052D2733191F04521E
:10029000ACE797E73E73FBF719FCBDE8F041E6F7E2
:1002A00049BBFBF713FCBDE8F041E5F763BFFBF783
:1002B0000DFCBDE8F041EBF7BFBDFBF707FCBDE867
:1002C000F041ECF7DBB9FBF701FCBDE8F04100E0E1
:1002D0003AE0E4F799B9FBF7F9FBBDE8F041FFF725
:1002E00019BDFBF7F3FBBDE8F041EEF799BDFBF755
:1002F000EDFBBDE8F041E7F7D7BDFBF7E7FBBDE855
:10030000F041E7F71FBAFBF7E1FBBDE8F041FFF76B
:10031000FFB93E73FBF7DAFBBDE8F041E4F7B8BF85
:10032000FBF7D4FBBDE8F041ECF79ABEFBF7CEFB40
:10033000BDE8F041E2F734BDFBF7C8FB00E0D9E0CF
:10034000BDE8F041EAF73EBEF87A401CC0B2F87250
:10035000012807D1FBF7AEFB4079512802D00124D8
:10036000E5F786FEF87A022807D1FBF7A3FB407970
:100370005A2802D00124E6F7FDFAF87A032800E0B3
:10038000B6E007D1FBF796FB4079222802D0012482
:10039000EBF7F2FCF87A042807D1FBF78BFB4079E6
:1003A0005E2802D00124ECF707F9F87A052808D175
:1003B000FBF780FB40790A2803D001240A20E3F7E9
:1003C0008FFCF87A062807D1FBF774FB40795F2889
:1003D00002D00124E4F7B4F8F87A072807D1FBF734
:1003E00069FB40795C2802D00124FFF733FCF87ADE
:1003F000082807D1FBF75EFB40795B2802D0012477
:10040000EEF7AEFCF87A092807D1FBF753FB4079E9
:100410005D2802D00124E7F7E7FCF87A0A2807D123
:10042000FBF748FB4079342802D00124E7F72AF98A
:10043000F87A0B2807D1FBF73DFB4079012802D061
:100440000124FFF709F9F87A0C2807D1FBF732FBF2
:100450004079602802D00124E4F79AFEF87A0D284A
:1004600007D1FBF727FB4079092802D00124ECF7DC
:10047000DBFDF87A0E2807D1FBF71CFB40796128D9
:1004800002D00124E2F72CFCF87A0F2808D1FBF700
:1004900011FB40794A2803D001244A20E3F720FCCD
:1004A000F87A102807D1FBF705FB40794D2802D0D8
:1004B0000124EAF769FDF87A112807D1FBF7FAFA67
:1004C00040791D2802D00124ECF7EAFDF87A1228C1
:1004D00007D1FBF7EFFA40794E2802D00124EDF75F
:1004E00039FBF87A132800D1FD72002C3FF42CAFB1
:1004F000BDE8F081BDE8F041E5F7BABDF87A401CEF
:10050000C0B2F872012802D10124E5F7B1FDF87AF2
:10051000022802D10124E6F72DFAF87A032802D145
:100520000124EBF729FCF87A042802D10124ECF726
:1005300043F8F87A052806D1012401E0205500206F
:100540000A20E3F7CDFBF87A062802D10124E3F76D
:10055000F7FFF87A072802D10124FFF77BFBF87A2E
:10056000082802D10124EEF7FBFBF87A092802D112
:100570000124E7F739FCF87A0A2802D10124E7F7C9
:1005800081F8F87A0B2802D10124FFF765F8F87A90
:100590000C2802D10124E4F7FBFDF87A0D2802D1E2
:1005A0000124ECF741FDF87A0E2802D10124E2F78C
:1005B00097FBF87A0F2803D101244A20E3F790FB38
:1005C000F87A102802D10124EAF7DEFCF87A112823
:1005D00002D10124ECF764FDF87A122802D101243B
:1005E000EDF7B8FAF87A132800D1FD72002C85D007
:1005F0007EE700000F4A10B592F885000C280DD058
:100600009078401CC0B29070042807D3FFF77CFCA0
:1006100000209070BDE8104000F01CB8FFF728FDE6
:1006200020B99078012801D1FFF784FDBDE8104082
:1006300000F054B87C5600200248017841F00401D3
:10064000017070477C5600200149012008707047F6
:10065000785600200248017841F01001017070477F
:100660007C5600200248017841F008010170704773
:100670007C5600200248017841F002010170704769
:100680007C56002001490870704700004C5800203B
:10069000014981F8850070477C560020064948884A
:1006A000401C80B24880B0F5487F03D300204880CA
:1006B000FFF7D8BF7047000078560020064941F880
:1006C0008C0F0068C26842F01002C26051F88709BE
:1006D0004022E9F7C3BD00007C5600202DE9F0411F
:1006E0000122124F160331463846E8F7EEFB4FF46D
:1006F0007A7425466D1E2D042D0CFBD10C4DC8239C
:1007000005F14501EA78D5F88C00E9F7C9FD2878AC
:1007100040F001002870641E2404240CFBD13146F3
:100720003846BDE8F0410022E8F7CFBB00080240A0
:100730007C5600202DE9FE4FFA4FDFF8ECB307F1AD
:10074000980597F800C03B469BF80010F74EEA6802
:100750009B69ACF1030C4FF0640A4FF0040905F1FA
:100760000C00BCF15D0F78D2DFE81CF05D00770073
:10077000770077007700770077007700E700770051
:100780001F0152017700770067019E013801D301F4
:100790007700E80101022102280177007700FC01BF
:1007A00077007700480240027F02E102770077007D
:1007B000C20277007700540469049E06BF06D8067B
:1007C00003077700650B06043804770030045002F5
:1007D0005E020E04770077007C04280492048303F1
:1007E000CF0B1B074909130AA20AE8081212770067
:1007F0003E0D760DAC0DF10D370EE0007B0EA40E14
:10080000CD0EF60E1F0F710FB30FF40F6010B80866
:10081000480F3610A310BE10F3102D119E11621157
:1008200062119E114A12F1F77FF9FBF74FF94079F7
:1008300051282AD020DC4FF07E5422282AD00EDC0A
:1008400001285AD0092862D00A2828D01D2804D1AE
:10085000FBF73CF92146ECF7D7FFBDE8FE8F3428C3
:1008600045D04A281FD04D285BD04E28F5D1FBF744
:100870002DF9002202F088B95A380828EDD2DFE8B5
:1008800000F0182C27311D22414BFBF71FF9E5F72B
:1008900063F8E2E7FBF71AF9EBF71CFADDE7FBF781
:1008A00015F90A2102E0FBF711F94A21E3F7D6F91D
:1008B000D3E7FBF70BF9E5F7E9FFCEE7FBF706F91E
:1008C000EBF71EFEC9E7FBF701F9E3F7DDFDC4E72F
:1008D000FBF7FCF8FFF762F9BFE7FBF7F7F8EEF775
:1008E000E3F9BAE7FBF7F2F8E7F722FAB5E7FBF727
:1008F000EDF83021E6F768FFAFE7FBF7E7F8FEF722
:100900008BFEAAE7FBF7E2F8E4F7B2FBA5E7FBF7FB
:10091000DDF8ECF767FBA0E7FBF7D8F8E2F7BEF9E4
:100920009BE7FBF7D3F8EAF70BFA96E7F1F7FCF849
:10093000FBF7CCF8E3F736FF8FE701208DF80400D2
:1009400064219069EBF755FF42F21076B0FBF6F1A7
:100950008DF80610B0FBF6F106FB11015446B1FB11
:10096000F4F18DF80510B0FBF4F10AFB11008DF8DD
:100970000300E868642100698069EBF73AFFB0FB87
:10098000F6F18DF80210B0FBF6F106FB1101B1FB98
:10099000F4F18DF80110B0FBF4F104FB11008DF8B7
:1009A00000006846E9F7D5FC57E79A4201D10120DB
:1009B00000E0002002F050FE01F0EEBA9A4201D1B0
:1009C000002008E01069984201D1052003E0006989
:1009D0009842F1D10A2002F001FFEDE79A4201D1DD
:1009E000012000E0002002F089FEEDF7EDFD02F0AD
:1009F000DBFB4F4B08B1012200E000224FF4006105
:100A00001846E8F762FA00211320FBF749FF24E7B4
:100A10009A4201D100200DE01069984201D10520D1
:100A200008E00069984201D10A2003E05069984229
:100A3000C2D1142002F07CFDBEE710690A210069D2
:100A40008069EBF7D6FE03F0FBFC0022394B03F084
:100A5000EFFAC7E91E01EFF7E1F9D7E91E2303F02A
:100A600073FE03F0F7F902F0C5FCEDF7ADFDFBF7FF
:100A70002DF8407951280CD05A2895D1D7E91E017C
:100A800003F0E8F90446FBF721F82146E6F714F8ED
:100A9000E3E6D7E91E0103F0DDF90446FBF716F89B
:100AA0002146E5F7F9FBD8E610690A21006980695B
:100AB000EBF79FFE03F0C4FC00221F4B03F0B8FAD3
:100AC000C7E91E0103F0C6F902F08EFEEDF77CFDCA
:100AD00002F032FC02F0D4F9FAF7F8FF407951281D
:100AE0000CD05A2893D1D7E91E0103F0B3F904467C
:100AF000FAF7ECFF2146E6F70DF8AEE6D7E91E015E
:100B000003F0A8F90446FAF7E1FF2146E5F7F2FB06
:100B1000A3E600219069EBF76CFEC0B202F0B0FED4
:100B20004AE70000205500204C580020CA5F020808
:100B30000000024000005940000024409A42A7D122
:100B4000F0F720FE02F0AEFE8DE1FAF7BFFFE4F70A
:100B500021FF00289CD0F0F7FDFDFAF7B7FFE5F77D
:100B6000E0F87AE679790020FDF784FF75E6F0F782
:100B7000DBFFE8680A2100698069EBF73AFE03F0C1
:100B80005FFC0022F94B03F053FAC7E91E01FAF7A4
:100B90009DFF50B1D7E91E0103F05CF90446FAF756
:100BA00095FF2146E6F7EAF957E60021FEE3F0F764
:100BB000BBFFE8680A2100698069EBF71AFE03F0C1
:100BC0003FFC0022EA4B03F033FAC7E91E01FAF7B3
:100BD0007DFF0028E9D0D7E91E0103F03BF9044668
:100BE000FAF774FF2146E6F7F5F936E69A4201D1A5
:100BF000012000E0002002F087FDDDE69A4201D1ED
:100C0000012000E0002002F0FBFBD5E6F0F78CFFAE
:100C1000FAF75CFFE968BA69914201D1012100E06D
:100C20000021E2F7EFFB18E6F0F77EFFE8680A2103
:100C300000698069EBF7DDFD0446C0B202F02CFECE
:100C4000601FFA2805D8FAF741FFA1B2E2F7FCFBD2
:100C500003E6A868C74900698160A8680069C660A2
:100C6000A868016981F805909FE70E29C5D2DFE8E1
:100C700001F0070B0F13171B1F23272B2F33373BB5
:100C8000002002F0B7FC97E6002002F0DFFC93E6BC
:100C9000002002F0D5FC8FE6002002F0B8FC8BE6C5
:100CA000002002F0ADFC87E6002002F0C3FC83E6E2
:100CB000002002F0B3FC7FE6002002F0A7FC7BE6F8
:100CC000002002F089FC77E6002002F08DFC73E63C
:100CD000002002F07BFC6FE6002002F07FFC6BE658
:100CE000002002F095FC67E6002002F09DFC63E620
:100CF000F0F71AFFFFF7CAF90146B86DE4F73AFEBC
:100D00000446E86864210069006900698069EBF7BE
:100D100070FD5146B0FBF1F20AFB1202B0FBFAF093
:100D200042EA0010C1B22046E5F744FA95E50E29E3
:100D300012D2DFE801F007121D5A2E39444F5A60D3
:100D40006B76818C9A4201D1002003E05069984271
:100D500002D1022002F0BAFB83E09A4201D10020C6
:100D600003E0506998427CD1022002F0DBFB78E07E
:100D70009A4201D1002003E05069984271D10220CB
:100D800002F0CAFB6DE0002000E0022002F090FBC0
:100D900067E09A4201D1002003E05069984260D197
:100DA000022002F099FB5CE09A4201D1002003E0AE
:100DB0005069984255D1022002F0A8FB51E09A42B6
:100DC00001D1002003E0506998424AD1022002F08C
:100DD00091FB46E09A4201D1002003E0506998421D
:100DE0003FD1022002F07EFB3BE09A42CBD050691B
:100DF0009842CAD035E09A4201D1002003E0506900
:100E000098422ED1022002F05BFB2AE09A4201D1E7
:100E1000002003E05069984223D1022002F042FBF7
:100E20001FE09A4201D1002003E05069984218D196
:100E3000022002F03FFB14E09A4201D1002003E0BF
:100E4000506998420DD1022002F04EFB09E09A420F
:100E500001D1002003E05069984202D1022002F043
:100E60004FFBEDF7B1FBFAF731FE00287FF46DAED2
:100E7000F3E40E2970D2DFE801F0070F171F272FC8
:100E8000373F474F575F6770012002F01FFBB8697B
:100E9000C07802F0D5FA8FE5012002F043FBB86973
:100EA000C07802F0F9FA87E5012002F035FBB86955
:100EB000C07802F0EBFA7FE5012002F014FBB8697C
:100EC000C07802F0CAFA77E5012002F005FBB869A4
:100ED000C07802F0BBFA6FE5012002F017FBB86999
:100EE000C07802F0CDFA67E5012002F003FBB86993
:100EF000C07802F0B9FA5FE5012002F0F3FAB869B0
:100F0000C07802F0A9FA57E5012002F0D1FAB869D9
:100F1000C07802F087FA4FE5012002F0D1FAB869F3
:100F2000C07802F087FA47E5012002F0BBFAB86901
:100F3000C07802F071FA3FE5012002F0BBFAB8690F
:100F4000C07802F071FA37E5012002F0CDFAB869F5
:100F5000C07802F083FA2FE53AE2012002F0D0FADD
:100F6000B869C07802F086FA26E5000000408F409C
:100F70000088C340CF5F02089A4201D0012000E000
:100F8000002002F0B5FB17E564219069EBF731FC16
:100F90005146B0FBF1F24FF461635A43B0FBFAF3F0
:100FA0000AFB1300C0EB001002EB800080B202F0DD
:100FB0002DFAEDF709FBF0F75FFD4EE49A4201D1FF
:100FC000012000E0002002F0ABFBF5E49A4201D1E1
:100FD000012000E0002002F09DFBEDE4FAF776FD31
:100FE00000283FF441AEFAF771FDE968BA69914211
:100FF00002D14FF4807101E040F6FF71A0F8681053
:10100000FAF764FDB0F86840FAF760FD2146E4F7AE
:101010005FF922E49A4201D100200DE01069984264
:1010200001D1052008E00069984201D10A2003E0BF
:101030005069984287D1142002F0BEFBBCE4F0F75F
:1010400073FDE868B969884203D1FAF73FFD0221D0
:1010500005E000698842B0D1FAF738FD0321EAF7CC
:1010600021F816E49A4201D1012000E0002002F0AC
:101070000DFCE868B969884201D1012000E0002038
:101080008DF808000122D10202A8EEF783FA93E45A
:101090000E299AD2DFE801F007294B6D8FB1F1EFED
:1010A000EEEDECEBEAE9012002F0A4FAF0F71EFB0A
:1010B00000288AD0E8680A218069EBF79AFB03F0E0
:1010C000E9FDF74C214603F0CFFC02F043FBE86852
:1010D0000A2100698069EBF78CFB03F0DBFD2146F8
:1010E00003F0C2FC02F040FA66E4012002F0AEFA1E
:1010F000F0F7FCFA0028A1D0E8680A218069EBF734
:1011000078FB03F0C7FDE64C214603F0ADFC02F08E
:101110004DFBE8680A2100698069EBF76AFB03F080
:10112000B9FD214603F0A0FC02F04AFA44E4012094
:1011300002F086FAF0F7DAFA0028A8D0E8680A2167
:101140008069EBF756FB03F0A5FDD54C214603F073
:101150008BFC02F025FBE8680A2100698069EBF747
:1011600048FB03F097FD214603F07EFC02F022FAD3
:1011700022E4012002F04BFAF0F7B8FA002886D0FA
:10118000E8680A218069EBF734FB03F083FDC44C67
:10119000214603F069FC02F0EAFAE8680A210069D6
:1011A0008069EBF726FB03F075FD214603F05CFC3C
:1011B00002F0E7F911E4012002F022FAF0F796FAC2
:1011C000002891D0E8680A218069EBF712FB03F050
:1011D00061FDB34C214603F047FC02F0C1FAE86818
:1011E0000A2100698069EBF704FB03F053FD2146F7
:1011F00003F03AFC02F0BEF91EE4012002F01AFAF4
:10120000F0F774FA002891D0E8680A218069EBF7BA
:10121000FDFAA44C00B294F90010442902D04329ED
:1012200015D003E003F01EFD02F0B4FA207802F0BE
:10123000CFFAE8680A2100698069EBF7E7FA94F9C8
:10124000001000B2442905D043290BD006E04042EB
:1012500000B2E7E703F006FD02F0A6F9207802F0FD
:10126000B1FA5DE4404200B2F4E7F6E0D3E0B0E06A
:101270008BE068E045E022E0FFE7012002F0CEF9D4
:10128000F0F734FA002895D0E8680A218069EBF776
:10129000B0FA03F0FFFC824C214603F0E5FB02F0BC
:1012A0006DFAE8680A2100698069EBF7A2FA03F099
:1012B000F1FC214603F0D8FB02F06AF930E401208A
:1012C00002F0A4F9F0F712FA002895D0E8680A2194
:1012D0008069EBF78EFA03F0DDFC714C214603F0D8
:1012E000C3FB02F043FAE8680A2100698069EBF762
:1012F00080FA03F0CFFC214603F0B6FB02F040F980
:101300000EE4012002F068F9F0F7F0F90028A8D007
:10131000E8680A218069EBF76CFA03F0BBFC604CCB
:10132000214603F0A1FB02F007FAE8680A210069F0
:101330008069EBF75EFA03F0ADFC214603F094FB05
:1013400002F004F959E4012002F04EF9F0F7CEF969
:10135000002886D0E8680A218069EBF74AFA03F092
:1013600099FC4F4C214603F07FFB02F0EDF9E86851
:101370000A2100698069EBF73CFA03F08BFC2146F7
:1013800003F072FB02F0EAF837E4012002F01EF9E4
:10139000F0F7ACF9002891D0E8680A218069EBF7F2
:1013A00028FA03F077FC3E4C214600E092E203F07D
:1013B0005BFB02F0BBF9E8680A2100698069EBF782
:1013C00018FA03F067FC214603F04EFB02F0B8F870
:1013D000F0E3012002F002F9F0F788F900288FD03D
:1013E000E8680A218069EBF704FA03F053FC2C4CFF
:1013F000214603F039FB02F0A1F9E8680A210069EF
:101400008069EBF7F6F903F045FC214603F02CFB6D
:1014100002F09EF8CEE3012002F0FAF8F0F766F948
:1014200000288FD0E8680A218069EBF7E2F903F021
:1014300031FC1B4C214603F017FB02F099F9E868D8
:101440000A2100698069EBF7D4F903F023FC2146F7
:1014500003F00AFB02F096F8ACE3012002F0E4F896
:10146000F0F744F900288FD0E8680A218069EBF78B
:10147000C0F903F00FFC0A4C214603F0F5FA02F024
:1014800083F9E8680A2100698069EBF7B2F903F093
:1014900001FC214603F0E8FA02F080F88AE300003C
:1014A00000002041D8550020F0F73EFBFEF710FE6B
:1014B0000D287FF4D6ADFAF709FB40791D28F8D145
:1014C000E868B969884203D1FAF700FB002109E016
:1014D0000069884203D1FAF7F9FA022102E0FAF72B
:1014E000F5FA0321ECF7F2F820E4F0F71DFBFEF724
:1014F000EFFD0D28F8D1FAF7E9FA40791D28F3D16C
:10150000E868B969884203D1FAF7E0FA002102E0FD
:10151000FAF7DCFA0121ECF7A1F907E4F0F704FB94
:10152000E8680A2100698069EBF770F904B2FD48A8
:1015300090F90000442803D0432801D1604204B24E
:10154000FEF7C6FD0D28CFD1FAF7C0FA40791D2865
:10155000CAD1204602F05DFF0022F34B02F068FD85
:1015600002F078FC0446FAF7B1FA2146ECF796F956
:101570007EE4F0F7D9FAE8680A2100698069EBF7A0
:1015800038F90446FEF7A4FD0D28F1D1FAF79EFACA
:1015900040791D28ECD1FAF799FAA1B2ECF754F88A
:1015A00066E4F0F7C1FAE8680A2100698069EBF7A0
:1015B00020F9044601F00CFFDC4DDD4E80B1FAF756
:1015C00085FA40795A3806281AD8A4F5486002F0FE
:1015D00037FF2A46334602F02BFD02F0EDFE0446AB
:1015E000FEF776FD4FF084470D28C1D2DFE800F00A
:1015F0000B3207074F077607079DB2C7F60037E49F
:10160000A4F5A070E3E7FAF761FA4079512811D008
:101610005A28ADD1204602F013FF0022C54B02F03C
:1016200007FD02F017FC0446FAF750FA2146E5F7E9
:101630009FFA1DE4204602F003FF0022BA4B02F09D
:10164000F7FC02F007FC0446FAF740FA2146E4F7FB
:101650007FFE0DE4FAF73AFA4079012811D05C28B0
:1016600086D1204602F0ECFE0022B24B02F0E0FCF4
:1016700002F0F0FB0446FAF729FA2146FEF7A4FB34
:101680009BE4FAF723FAA1B2FEF760F895E4FAF7C3
:101690001DFA4079342811D05D28F1D1204602F09E
:1016A000CFFE0022A34B02F0C3FC02F0D3FB0446A2
:1016B000FAF70CFA2146E6F717FC7EE4204602F022
:1016C000BFFE0022984B02F0B3FC02F0C3FB0446BD
:1016D000FAF7FCF92146E6F797F86EE4FAF7F6F91F
:1016E0004079222811D05E28CAD1204602F0A8FEF7
:1016F0000022904B02F09CFC02F0ACFB0446FAF78F
:10170000E5F92146EBF714F857E4204602F098FE7D
:101710000022854B02F08CFC02F09CFB0446FAF799
:10172000D5F92146EAF7D4FB47E4FAF7CFF9407937
:101730006028A5D1204602F083FE00227D4B02F0F6
:1017400077FC02F087FB0446FAF7C0F92146E3F77D
:101750002DFE32E4FAF7BAF94079612890D120469B
:1017600002F06EFE0022734B02F062FC02F072FB8C
:101770000446FAF7ABF92146E1F732FB1DE4FAF72C
:10178000A5F940790A2813D04A2845D05F2894D17A
:10179000204602F055FE0022664B02F049FC02F0A2
:1017A00059FB0446FAF792F92146E2F787FF04E471
:1017B00001F00EFE98B1FAF789F9C06E394603F0D0
:1017C000B9FB03F0B7F82A46334602F031FC002299
:1017D000554B02F085FE02F0BFFD08E052E0FAF73B
:1017E00075F9C06E544903F09DFA03F0FFF9201A11
:1017F00004B2FAF76BF9D0F8885004EB840040008B
:1018000003F030FA294603F0C1F803F0EFF904B20F
:10181000FAF75CF90A2231E001F0DAFD90B1FAF74B
:1018200055F9C06E394603F085FB03F083F82A466C
:10183000334602F0FDFB00223B4B02F051FE02F06A
:101840008BFD07E0FAF742F9C06E3B4903F06AFAF4
:1018500003F0CCF9201A04B2FAF738F9D0F888501E
:1018600004EB8400400003F0FDF9294603F08EF8F4
:1018700003F0BCF904B2FAF729F94A222146E2F74B
:10188000DDFA31E601F0A4FD90B1FAF71FF9C06E60
:10189000394603F04FFB03F04DF82A46334602F079
:1018A000C7FB0022204B02F01BFE02F055FD07E0B3
:1018B000FAF70CF9C06E204903F034FA03F096F9F8
:1018C000201A00B203F0CEF91B4903F0CDF8ECF773
:1018D00083FE01210220F5F755F805E6F0F724F91B
:1018E000E8680A218069EAF784FF0446FAF7EEF80F
:1018F000A0F86840FAF7EAF840790A2805D1FAF723
:10190000E5F8A1B20A22E2F7CBF9FAF7DFF840795D
:101910004A28B6D1FAF7DAF8A1B24A22E2F7C0F9BA
:10192000E2E50000D855002000002440CDCCCCCC0E
:10193000CCCCFC3F000059400000204179740C29B8
:101940000ED00D299DD1ECF73BFA002285217320A2
:10195000FAF778FC387C012830D00A2831D037E0FB
:10196000ECF72EFA002285217320FAF76BFC387C05
:10197000012802D00A2803D009E0FAF7A7F805E009
:10198000FEF784FB0146B86DE3F7F4FF0446F0F779
:10199000CBF8FAF79BF800286FD02046396AE4F7B5
:1019A00043FB002899D060794D2896D1FAF78EF83C
:1019B00049F61452216FE9F7FFFB95E5FAF786F82F
:1019C00005E0FEF763FB0146B86DE3F7D3FF04467D
:1019D000F0F7AAF8FAF77AF80028DDD02046396A3D
:1019E000E4F722FB00289BD060791D2898D1FAF7F4
:1019F0006DF80121EBF74AFE76E5687074E57974BD
:101A000091B149F616580C2977D00D2988D1ECF7F9
:101A1000D7F9002285217320FAF714FC387C0128BD
:101A200078D00A2877D0A0E0ECF7CAF90022852107
:101A30007320FAF707FC387C012802D00A2803D06B
:101A400009E0FAF743F805E0FEF720FB0146B86D20
:101A5000E3F790FF0446F0F767F82046396AE4F7A9
:101A6000E3FA0028A9D0FAF731F8002894D0607979
:101A7000512803D05A28A0D13AE09CE02046E3F751
:101A80007EFF02F057FF80468A46386A02F052FF16
:101A90000022F84B02F0CCFA4246534602F0C8FA54
:101AA00080468A462046E3F772FF02F043FF424633
:101AB000534602F015FD02F0CDF93863FAF706F847
:101AC000007E01280DD0386B02F034FF0022EA4B73
:101AD00002F046FE21F000410022E84B02F0C4FC77
:101AE00069D8F9F7F3FF396BE4F79AFBFCE404E0FB
:101AF000F9F7ECFFE4F7ECFEF6E4ECF761F900220D
:101B000085217320FAF79EFB387C012804D00A282F
:101B100005D00BE01FE021E0F9F7D8FF05E0FEF764
:101B2000B5FA0146B86DE3F725FF0446EFF7FCFF71
:101B3000F9F7CCFF002899D02046396AE4F774FA07
:101B40000028D3D060794D28D0D101F0DDFBD8B189
:101B500001F0DAFB18E0F9F7B9FF05E0FEF796FAB5
:101B60000146B86DE3F706FF0446EFF7DDFFF9F72E
:101B7000ADFF0028DFD02046396AE4F755FA002887
:101B8000B4D060791D28B1D1F9F7A0FF4346216F89
:101B90008AE0797481B10C29A8D1ECF711F90022FF
:101BA00085217320FAF74EFB387C012858D00A288B
:101BB00059D05FE0F0E1E1E0387C012802D00A284A
:101BC00003D009E0F9F782FF05E0FEF75FFA01466E
:101BD000B86DE3F7CFFE0446EFF7A6FF2046396A5B
:101BE000E4F722FA002887D06079512802D05A28D9
:101BF00028D117E0A249386A02F036FFB8632046C0
:101C0000E3F7C5FE06462046E3F7B6FE0546204646
:101C1000E3F7B5FE294603F08DF9314602F024FFC3
:101C200038640FE09749386A884204DBF9F74EFFC1
:101C3000E4F74EFE06E09449884203DCF9F746FFDC
:101C4000E4F7C4FFB869914981600321817090492C
:101C5000C160412101718F48B8628F48F86243E446
:101C6000F9F734FF05E0FEF711FA0146B86DE3F726
:101C700081FE0446EFF758FFF9F728FF00287DD0D2
:101C80002046396AE4F7D0F90028E8D060794D2879
:101C9000E5D101F039FB49F61A5508B101F034FBE2
:101CA000F9F714FF216F2B463A6AE9F753FA1BE460
:101CB000797471B10C29D2D1ECF782F80022852118
:101CC0007320FAF7BFFA387C01287DD00A287CD02F
:101CD00091E0ECF775F8002285217320FAF7B2FA4B
:101CE000387C012802D00A2803D009E0F9F7EEFE7B
:101CF00005E0FEF7CBF90146B86DE3F73BFE04467D
:101D0000EFF712FF2046396AE4F78EF90028A6D0D3
:101D10005B49386A02F0A8FEF8632046E3F737FE15
:101D200082462046E3F728FE80462046E3F727FE5A
:101D3000414603F0FFF8514602F096FE8046786473
:101D40004146386C03F0F6F8F96B82468B46B86B67
:101D500003F0F0F8514602F087FE4146386302F086
:101D6000E1FF594603F0DBF87863F9F7AFFE00288E
:101D700085D06079512810D05A2800E05AE096D1D9
:101D80004049386A8842BFF677AE3F4988428EDCC8
:101D9000F9F79CFEE4F71AFF4BE4F9F797FE007E93
:101DA000012817D0386B02F0C5FD0022324B02F03B
:101DB000D7FC21F000410022304B02F055FB39D80E
:101DC000786B20F0004001E00BE00DE0334902F0B9
:101DD00075FF2FD2F9F77AFED7E90C12E4F724FA4F
:101DE00027E4F9F773FE05E0FEF750F90146B86DF8
:101DF000E3F7C0FD0446EFF797FE2046396AE4F7A3
:101E000013F90028C8D0F9F761FE406FF864B96C87
:101E10000C4603F08FF80146386A02F025FE38655B
:101E200080F00040214602F07DFF7865F9F74EFE14
:101E30000028B1D17AE20E2955D2DFE801F0070B74
:101E40000F13173135393D4145494D51002001F0FF
:101E50001DFC48E0002001F045FC44E0002001F0BA
:101E60003BFC40E0002001F01EFC3CE0002001F0C3
:101E700013FC38E0000059400000F03F0000E03F54
:101E80000000C8420000BE420000A040F65F020809
:101E9000F95F020875110108890201089A99193E33
:101EA000002001F013FC1EE0002001F003FC1AE00A
:101EB000002001F0F7FB16E0002001F0D9FB12E052
:101EC000002001F0DDFB0EE0002001F0CBFB0AE07A
:101ED000002001F0CFFB06E0002001F0E5FB02E06E
:101EE000002001F0EDFBFEF7D1F80468002C89D04A
:101EF00004F19400EFF731FE04F1A000EFF72DFE9E
:101F000004F1AC00EFF729FE46E00A219069EAF7F8
:101F100070FC0546FEF7BAF80468002CE7D09BF881
:101F200000000E2838D2DFE800F0071E3A51687F23
:101F300096ADC4DBF6F4F3F2E8B201F06FFC0120D9
:101F400001F0A4FB01F012FA014604F19400EFF74E
:101F500019FE01F00BFA014604F1A000EFF712FEA2
:101F600001F004FA3CE1E8B201F084FC012001F048
:101F7000B9FB01F027FA014604F19400EFF702FEE5
:101F800001F020FA014604F1A000EFF7FBFD01F09B
:101F900019FA25E1EFF7F6FDECF716FB07E4E8B2D6
:101FA00001F062FC012001F097FB01F005FA014607
:101FB00004F19400EFF7E6FD01F0FEF9014604F1AB
:101FC000A000EFF7DFFD01F0F7F909E1E8B201F059
:101FD00032FC012001F067FB01F0D5F9014604F164
:101FE0009400EFF7CFFD01F0CEF9014604F1A00017
:101FF000EFF7C8FD01F0C7F9F2E0E8B201F014FC18
:10200000012001F049FB01F0B7F9014604F1940009
:10201000EFF7B8FD01F0B0F9014604F1A000EFF7C9
:10202000B1FD01F0A9F9DBE0E8B201F017FC0120F5
:1020300001F04CFB01F0BAF9014604F19400EFF70E
:10204000A1FD01F0B3F9014604F1A000EFF79AFDFC
:1020500001F0ACF9C4E0E8B201F0F4FB012001F0BA
:1020600029FB01F097F9014604F19400EFF78AFD8E
:1020700001F090F9014604F1A000EFF783FD01F0B3
:1020800089F9ADE0E8B201F0D5FB012001F00AFBCF
:1020900001F078F9014604F19400EFF773FD01F0C7
:1020A00071F9014604F1A000EFF76CFD01F06AF947
:1020B00096E0E8B201F0A4FB012001F0D9FA01F0AA
:1020C00047F9014604F19400EFF75CFD01F040F997
:1020D000014604F1A000EFF755FD01F039F97FE06A
:1020E000E8B201F095FB012001F0CAFA01F038F9DD
:1020F000014604F19400EFF745FD01F031F9014686
:1021000004F1A000EFF73EFD01F02AF968E051E08C
:1021100039E017E0FFE7E8B201F06CFB012001F0C5
:10212000A1FA01F00FF9014604F19400EFF72AFD3E
:1021300001F008F9014604F1A000EFF723FD01F0DA
:1021400001F94DE0E8B201F05DFB012001F092FAE7
:1021500001F000F9014604F19400EFF713FD01F0DE
:10216000F9F8014604F1A000EFF70CFD01F0F2F8D8
:10217000014604F1AC00EFF705FD01F0EBF8014674
:1021800004F1B80006E7E8B201F056FB012001F0C7
:102190008BFA01F0F9F8014604F19400EFF7F2FC34
:1021A00001F0F2F8014604F1A000EFF7EBFC01F0BA
:1021B000EBF815E0E8B201F04BFB012001F080FAEA
:1021C00001F0EEF8014604F19400EFF7DBFC01F0BA
:1021D000E7F8014604F1A000EFF7D4FC01F0E0F8C5
:1021E000014604F1AC00D5E6EBF7EAFD00228521BB
:1021F0007320FAF727F8387C012802D00A2803D088
:1022000009E0F9F763FC05E0FDF740FF0146B86D12
:10221000E3F7B0FB0446EFF787FC2046396AE3F7A3
:1022200003FF00283FF4BAAEF9F750FC00287DD038
:10223000F9F74CFC4079222808D05E287FF4AEAE36
:10224000F9F744FC396AEAF77DF94FE4F9F73EFC07
:10225000396AE9F765FD49E4EBF7B2FD0022852113
:102260007320F9F7EFFF387C012802D00A2803D049
:1022700009E0F9F72BFC05E0FDF708FF0146B86D12
:10228000E3F778FB0446EFF74FFC2046396AE3F7A3
:10229000CBFE0028D9D0F9F719FC0028C7D0F9F7F0
:1022A00015FC4079222807D05E28CED1F9F70EFC24
:1022B000396AEAF703FA19E4F9F708FC396AE9F729
:1022C000DBFD13E4EBF77CFD002285217320F9F799
:1022D000B9FF387C012802D00A2803D009E0F9F7B9
:1022E000F5FB05E0FDF7D2FE0146B86DE3F742FBD2
:1022F0000446EFF719FC2046396AE3F795FE0028FB
:10230000A3D0F9F7E3FB002891D0F9F7DFFB407980
:10231000012818D022280AD05C280ED05E2894D13B
:10232000F9F7D4FB396AEAF73DF898E422E2F9F7C5
:10233000CDFB396AE9F750FC91E4F9F7C7FB396A3C
:10234000FDF74EFC8BE4F9F7C1FB122142E0EBF7FD
:1023500037FD002285217320F9F774FF387C0128AE
:1023600002D00A2803D009E0F9F7B0FB05E0FDF739
:102370008DFE0146B86DE3F7FDFA0446EFF7D4FB96
:102380002046396AE3F750FE0028CED0F9F79EFBCD
:102390000028B9D0F9F79AFB4079012817D02228F4
:1023A00009D05C280DD05E28BFD1F9F78FFB396AC0
:1023B000EAF732F853E4F9F789FB396AE9F736FCB2
:1023C0004DE4F9F783FB396AFDF7C4FC47E4F9F7FC
:1023D0007DFB1121FDF700F941E4EBF7F1FC002250
:1023E00085217320F9F72EFF387C012802D00A28B6
:1023F00003D009E0F9F76AFB05E0FDF747FE014667
:10240000B86DE3F7B7FA0446EFF78EFB2046396A5A
:10241000E3F70AFE002888D0F9F758FB0028B8D067
:10242000F9F754FB4079012817D0222809D05C28FD
:102430000DD05E2886D1F9F749FB396AEAF726F80C
:102440000DE4F9F743FB396AE9F71AFC07E4F9F7F9
:102450003DFB396AFDF7E6FC29E4F9F737FB132168
:10246000B8E7EBF7ADFC002285217320F9F7EAFE0F
:10247000387C012802D00A2803D009E0F9F726FBAE
:1024800005E0FDF703FE0146B86DE3F773FA044675
:10249000EFF74AFB2046396AE3F7C6FD0028DBD098
:1024A000F9F714FB0028BAD0F9F710FB396AE1F705
:1024B00023FE71E4EBF784FC002285217320F9F7F9
:1024C000C1FE387C012802D00A2803D009E0F9F7C0
:1024D000FDFA05E0FDF7DAFD0146B86DE3F74AFACB
:1024E0000446EFF721FB2046396AE3F79DFD0028FB
:1024F000DFD0F9F7EBFA002891D0F9F7E7FA396A5B
:10250000E1F734FE48E4EBF75BFC00228521732001
:10251000F9F798FE387C012802D00A2803D009E098
:10252000F9F7D4FA05E0FDF7B1FD0146B86DE3F720
:1025300021FA0446EFF7F8FA2046396AE3F774FD0A
:102540000028B6D0F9F7C2FA0028ACD0F9F7BEFAE5
:10255000396AE1F7BBFF1FE4EBF732FC002285216B
:102560007320F9F76FFE387C012802D00A2803D0C7
:1025700009E0F9F7ABFA05E0FDF788FD0146B86D13
:10258000E3F7F8F90446EFF7CFFA2046396AE3F7A4
:102590004BFD00288DD0F9F799FA0028ACD0F9F757
:1025A00095FA396AE2F750F81AE4EBF709FC0022D1
:1025B00085217320F9F746FE387C012802D00A28CD
:1025C00003D009E0F9F782FA05E0FDF75FFD014667
:1025D000B86DE3F7CFF90446EFF7A6FA2046396A5B
:1025E000E3F722FD0028DFD0F9F770FA0028ACD01D
:1025F000F9F76CFA396AE2F79BF8CFE4EBF7E0FB06
:10260000002285217320F9F71DFE387C012802D0B5
:102610000A2803D009E0F9F759FA05E0FDF736FD7D
:102620000146B86DE3F7A6F90446EFF77DFA2046B8
:10263000396AE3F7F9FC0028DFD0F9F747FA0028F8
:10264000ACD0F9F743FA396AE0F7B0FEA6E4EBF74D
:10265000B7FB002285217320F9F7F4FD387C0128AF
:1026600002D00A2803D009E0F9F730FA05E0FDF7B7
:102670000DFD0146B86DE3F77DF90446EFF754FA16
:102680002046396AE3F7D0FC0028B6D0F9F71EFAE5
:1026900000286FD0F9F71AFA40790A2809D1386A68
:1026A00002F0C0FA84B2F9F711FA0A222146E1F7E2
:1026B00071F8F9F70BFA40794A289ED1386A02F08E
:1026C000B1FA84B2F9F702FA4A222146E1F762F838
:1026D00064E4EBF775FB002285217320F9F7B2FD66
:1026E000387C012802D00A2803D009E0F9F7EEF976
:1026F00005E0FDF7CBFC0146B86DE3F73BF9044676
:10270000EFF712FA2046396AE3F78EFC00289DD0D5
:10271000F9F7DCF970B3F9F7D9F940790A2809D14A
:10272000386A02F07FFA84B2F9F7D0F90A2221461A
:10273000E1F70AF8F9F7CAF940794A2886D1386AE8
:1027400002F070FA84B2F9F7C1F94A222146E0F7A3
:10275000FBFF23E4EBF734FB002285217320F9F71C
:1027600071FD387C012802D00A2804D00AE0F9F76C
:10277000ADF906E050E0FDF789FC0146B86DE3F7DE
:10278000F9F80446EFF7D0F92046396AE3F74CFC34
:1027900000289DD0F9F79AF9F0B3F9F797F9407945
:1027A0000A2809D1386A02F03DFA84B2F9F78EF9A5
:1027B0000A222146E1F788FBF9F788F940794A288F
:1027C00086D1386A02F02EFA84B2F9F77FF94A22EC
:1027D0002146E1F779FB38E5EBF7F2FA0022852193
:1027E0007320F9F72FFD387C012802D00A2803D086
:1027F00009E0F9F76BF905E0FDF748FC0146B86D13
:10280000E3F7B8F80446EFF78FF92046396AE3F7A3
:102810000BFC0028DFD000E040E0F9F757F9E8B3FF
:10282000F9F754F9396AE0F795FD0EE5EBF7C8FAC8
:10283000002285217320F9F705FD387C012802D09C
:102840000A2803D009E0F9F741F905E0FDF71EFC7D
:102850000146B86DE3F78EF80446EFF765F92046B8
:10286000396AE3F7E1FB0028B5D0F9F72FF9A8B1F1
:10287000F9F72CF940790A2809D1386A02F0D2F91F
:1028800084B2F9F723F90A222146E1F7F7FAF9F7BA
:102890001DF940794A289ED1386A00E083E002F0B1
:1028A000C1F984B2F9F712F94A222146E1F7E6FAB2
:1028B000CBE4EFF739F9F9F709F940790A2808D09C
:1028C0004A280AD05F2886D1F9F700F9E1F7BAFD66
:1028D000BBE4F9F7FBF80A2202E0F9F7F7F84A221D
:1028E0000121E1F79BF9B0E4EBF76AFA00228521B8
:1028F0007320F9F7A7FC387C012803D00A2804D0FC
:1029000018B109E0F9F7E2F805E0FDF7BFFB014671
:10291000B86DE3F72FF80446EFF706F92046396A59
:10292000E3F782FB0028C3D0ECB360791D2807D001
:102930005B28BDD1F9F7CAF8396AECF7D7F984E416
:10294000DC49386A02F090F80446F9F7BFF8012232
:1029500035E0EBF735FA002285217320F9F772FC98
:10296000387C012803D00A2804D018B109E0F9F70F
:10297000ADF805E0FDF78AFB0146B86DE2F7FAFF16
:102980000446EFF7D1F82046396AE3F74DFB0028FB
:102990008ED044B160791D2809D05B2888D1F9F721
:1029A00095F8396A00E06DE0ECF77CFA4DE4C14936
:1029B000386A02F059F80446F9F788F802222146ED
:1029C000EAF7A8FC41E4EBF7FBF90022852173202C
:1029D000F9F738FC387C012803D00A2804D018B154
:1029E00009E0F9F773F805E0FDF750FB0146B86D13
:1029F000E2F7C0FF0446EFF797F82046396AE3F79D
:102A000013FB00289BD0ECB360791D2807D05B280E
:102A100095D1F9F75BF8396AECF77EFA15E4A54928
:102A2000386A02F021F80446F9F750F80322C6E7A5
:102A3000EBF7C6F9002285217320F9F703FCEFF7C5
:102A400073F8387C012802D00A2803D009E0F9F78E
:102A50003DF805E0FDF71AFB0146B86DE2F78AFF85
:102A60000446EFF761F82046396AE3F7DDFA0028FB
:102A70009CD0F9F72BF828B1F9F728F840796128AC
:102A800094D100E068E038785C2807D05D288DD1CB
:102A9000F9F71CF8396AE0F7C7F80CE4F9F716F80B
:102AA000396AE0F787F806E4EBF78AF90022852116
:102AB0007320F9F7C7FB387C012802D00A2803D01D
:102AC00009E0F9F703F805E0FDF7E0FA0146B86D13
:102AD000E2F750FF0446EFF727F82046396AE3F79C
:102AE000A3FA0028D9D0F8F7F1FFA8B3F8F7EEFF62
:102AF00040794D2825D00BDC09281BD01D282CD06F
:102B00003428CAD1F8F7E2FF396AE4F78FFD0CE404
:102B10004E282DD05D2807D06028F8D1F8F7D6FFD1
:102B2000396AE2F7F7FB07E4F8F7D0FF396AE5F70F
:102B300021F907E4F8F7CAFFB98C09B2EAF730FACD
:102B400038E45D49386A01F08FFF0446F8F7BEFFAC
:102B50002146E8F7D3FA2DE47AE05649386A01F0C5
:102B600083FF0446F8F7B2FF2146EAF7CFFD21E4E0
:102B70005149386A01F078FF0546F8F7A7FFD0F809
:102B80008840F8F7A3FF2A462146EBF7C5F811E481
:102B9000EBF716F9002285217320F9F753FB387CF7
:102BA000012802D00A2803D009E0F8F78FFF05E0DA
:102BB000FDF76CFA0146B86DE2F7DCFE0446EEF76D
:102BC000B3FF2046396AE3F72FFA0028B8D0F8F7A8
:102BD0007DFFE8B3F8F77AFF40791D280AD04E2828
:102BE000AED1F8F773FFD0F88C40F8F76FFF2246AC
:102BF000396ACAE7F8F76AFF396AEAF7DBFD1FE4CA
:102C0000EBF7DEF8002285217320F9F71BFB387CF7
:102C1000012802D00A2803D009E0F8F757FF05E0A1
:102C2000FDF734FA0146B86DE2F7A4FE0446EEF76C
:102C30007BFF2046396AE3F7F7F90028DFD0F8F781
:102C400045FF28B1F8F742FF407934280BD000E067
:102C50001AE04D280DD06028D1D1F8F737FF396A36
:102C6000E2F728FA25E4F8F731FF396AE4F7FAFDCC
:102C70001FE400F049FB08B100F046FBF8F726FF1F
:102C8000396AE8F7E3F914E4A8680C49006981603F
:102C9000A8680069C660A8680169022081F80590EB
:102CA0000021F3F76FFE387C01283EF4A6AE042025
:102CB000FEF7A3BE00007A440000C842CF5F0208BE
:102CC00001490120887070472858002001490120DF
:102CD00048707047285800200248017841F01001E0
:102CE00001707047355700200248017841F010010B
:102CF000017070472F5700200248017841F04001D1
:102D000001707047355700200248017841F04001BA
:102D1000017070472F5700200248417841F00101AF
:102D2000417070472F5700200248417841F0100150
:102D3000417070472F5700200248017841F0800110
:102D4000017070472F5700200248017841F00201BE
:102D500001707047355700200248017841F00201A8
:102D6000017070472F5700200248017841F0080198
:102D700001707047355700200248017841F0080182
:102D8000017070472F5700200248017841F0200160
:102D900001707047355700200248017841F020014A
:102DA000017070472F5700200248417841F004011C
:102DB00041707047355700200248417841F00401C6
:102DC000417070472F5700200248417841F00801B8
:102DD000417070472F5700200248017841F00401EC
:102DE00001707047355700200248017841F0040116
:102DF000017070472F5700200248417841F00201CE
:102E0000417070472F5700200248017841F00101BE
:102E100001707047355700200248017841F00101E8
:102E2000017070472F57002001494860704700002B
:102E3000D05500200149086070470000D05500209F
:102E40007CB504460D4600F065F801F073FD22469E
:102E50002B4601F031F8CDE9000103A20721044817
:102E6000DDF74AFB7CBD000025352E3266000000F0
:102E70008D5500200149086070470000DC55002096
:102E80001CB501F057FDCDE9000103A2062104485D
:102E9000DDF732FB1CBD000025352E316600000039
:102EA0008755002070B5044600EB8400850004F0CF
:102EB0000F0040F06000ECF75DFC702040EA141059
:102EC000ECF758FC0520ECF755FC1220ECF752FC0F
:102ED00002480349284448604D8070BD045C0020CE
:102EE000705600200248017841F0010101707047DE
:102EF0005057002070B504460E460846FCF7F0FF18
:102F0000C04305063046FCF7EBFF45EA0020A06110
:102F100070BD00000148D0F8A4007047147C002068
:102F20000148C07970470000147C00200148B0F8C7
:102F3000AE007047147C00200148807E704700007E
:102F4000147C0020704700000148C07E70470000DC
:102F5000147C00200148407E70470000147C002053
:102F60000148007D70470000147C00200148407D2E
:102F700070470000147C0020704770470148007FB4
:102F800070470000147C00200148007E704700005C
:102F9000147C00200148407F70470000147C002012
:102FA0000148C07D70470000147C00200148807DEE
:102FB00070470000147C00200148C07C704700006E
:102FC000147C00200148C07B70470000147C002066
:102FD000704700000148007C70470000147C00200E
:102FE0000148807B70470000147C00200148407A33
:102FF00070470000147C00200148807A7047000070
:10300000147C002070470120704700000148407C7C
:1030100070470000147C00200148407B704700008E
:10302000147C00200148807C70470000147C002044
:103030000148007B70470000147C00200148C07AE2
:1030400070470000147C00200148007A704700009F
:10305000147C0020014890F829007047147C00205F
:103060000148407970470000147C00200148007935
:1030700070470000147C00200148807870470000F1
:10308000147C00200148D0F888007047147C002090
:10309000704700000148D0F890007047147C002071
:1030A0000148D0F880007047147C00200148806DF2
:1030B00070470000147C00200148006E704700003B
:1030C000147C0020704770470148D0F89800704782
:1030D000147C00200148806F70470000147C0020A1
:1030E0000148D0F8A0007047147C00200148006F10
:1030F00070470000147C00200148806E704700007B
:10310000147C00200148006D70470000147C0020F2
:10311000014890F825007047147C0020704700009B
:10312000014890F826007047147C0020014890F870
:1031300024007047147C00200148C07F70470000C5
:10314000147C0020014890F820007047147C002077
:1031500070477047014890F827007047147C0020A2
:10316000014890F823007047147C0020014890F833
:1031700028007047147C0020014890F82200704716
:10318000147C0020014890F821007047147C002036
:103190000148807F70470000147C002001480078BF
:1031A00070470000147C0020014890F8B000704780
:1031B000147C0020014890F8B2007047147C002075
:1031C000014890F831007047147C002070470000DF
:1031D000014890F832007047147C0020014890F8B4
:1031E00030007047147C0020014890F82B00704795
:1031F000147C0020014890F82C007047147C0020BB
:1032000070477047014890F833007047147C0020E5
:10321000014890F82F007047147C0020014890F876
:1032200034007047147C0020014890F82E0070474D
:10323000147C0020014890F82D007047147C002079
:10324000014890F82A007047147C0020014840781B
:1032500070470000147C002001488079704700000E
:10326000147C0020014890F8AC007047147C0020CA
:103270000148C07870470000147C00200148D0F855
:1032800084007047147C0020704700000148D0F88B
:103290008C007047147C00200148C06F704700000C
:1032A000147C00200148406D70470000147C002011
:1032B0000148C06D70470000147C002070477047C3
:1032C0000148D0F894007047147C00200148406FFA
:1032D00070470000147C00200148D0F89C00704723
:1032E000147C00200148C06E70470000147C002050
:1032F0000148406E70470000147C00200148C06CFB
:1033000070470000147C0020014890F8B800704716
:10331000147C0020014890F8B6007047147C00200F
:10332000014890F8B5007047147C0020014890F8DF
:10333000B7007047147C00200148D0F8A8007047FF
:10334000147C0020014890F83C007047147C002059
:1033500070470000014890F83D007047147C002041
:10336000014890F83B007047147C0020014890F819
:1033700036007047147C0020014890F837007047F1
:10338000147C002070477047014890F83E00704759
:10339000147C0020014890F83A007047147C00200B
:1033A000014890F83F007047147C0020014890F8D5
:1033B00039007047147C0020014890F838007047AD
:1033C000147C0020014890F835007047147C0020E0
:1033D000014890F8B1007047147C0020014890F833
:1033E000B4007047147C0020014890F8B300704787
:1033F000147C00200149C1F8A4007047147C00200F
:103400000149C87170470000147C00200149A1F8EF
:10341000AE007047147C0020014988767047000098
:10342000147C0020704700000149C87670470000F6
:10343000147C00200149487670470000147C00206D
:103440000149087570470000147C00200149487547
:1034500070470000147C00207047704701490877CE
:1034600070470000147C0020014908767047000076
:10347000147C00200149487770470000147C00202C
:103480000149C87570470000147C00200149887507
:1034900070470000147C00200149C8747047000088
:1034A000147C00200149C87370470000147C002080
:1034B000704700000149087470470000147C002028
:1034C0000149887370470000147C0020014948724C
:1034D00070470000147C002001498872704700008A
:1034E000147C002070477047014948747047000001
:1034F000147C00200149487370470000147C0020B0
:103500000149887470470000147C00200149087349
:1035100070470000147C00200149C8727047000009
:10352000147C00200149087270470000147C0020C0
:10353000024981F82900EAF7FFBD0000147C002051
:103540000149C1F888007047147C002070470000D2
:103550000149C1F890007047147C00200149C1F86E
:1035600080007047147C0020014988657047000086
:10357000147C00200149086670470000147C00207C
:10358000704770470149C1F898007047147C0020CB
:103590000149886770470000147C00200149C1F888
:1035A000A0007047147C00200149086770470000A4
:1035B000147C00200149886670470000147C0020BC
:1035C0000149086570470000147C0020014981F81A
:1035D00025007047147C002070470000014981F8E5
:1035E00026007047147C0020014981F824007047B0
:1035F000147C00200149C87770470000147C00202B
:10360000014981F820007047147C00207047704702
:10361000014981F827007047147C0020014981F896
:1036200023007047147C0020014981F8280070476E
:10363000147C0020014981F822007047147C00208E
:10364000014981F821007047147C002001498877E6
:1036500070470000147C002001490870704700008A
:10366000147C0020014981F831007047147C00204F
:1036700070470000014981F832007047147C002037
:10368000014981F830007047147C0020014981F81D
:103690002B007047147C0020014981F82C007047F2
:1036A000147C002070477047014981F8330070474F
:1036B000147C0020014981F82F007047147C002001
:1036C000014981F834007047147C0020014981F8D9
:1036D0002E007047147C0020014981F82D007047AE
:1036E000147C0020014981F82A007047147C0020D6
:1036F0000149487070470000147C0020014981F89E
:10370000B0007047147C00200149887170470000A8
:10371000147C0020014981F8B2007047147C00201D
:10372000014981F8AC007047147C00200149C1F8C0
:1037300084007047147C0020704700000149C1F8E4
:103740008C007047147C00200149C8677047000056
:10375000147C00200149486570470000147C00205B
:103760000149C86570470000147C0020704770470D
:103770000149C1F894007047147C00200149486752
:1037800070470000147C00200149C1F89C0070477C
:10379000147C00200149C86670470000147C00209A
:1037A0000149486670470000147C00200149C86444
:1037B00070470000147C0020014981F8B800704770
:1037C000147C0020014981F8B6007047147C002069
:1037D000014981F8B5007047147C0020014981F847
:1037E000B7007047147C00200149C1F8A800704759
:1037F000147C0020014981F83C007047147C0020B3
:1038000070470000014981F83D007047147C00209A
:10381000014981F83B007047147C0020014981F880
:1038200036007047147C0020014981F8370070474A
:10383000147C002070477047014981F83E007047B2
:10384000147C0020014981F83A007047147C002064
:10385000014981F83F007047147C0020014981F83C
:1038600039007047147C0020014981F83800704706
:10387000147C0020014981F835007047147C002039
:10388000014981F8B1007047147C0020014981F89A
:10389000B4007047147C0020014981F8B3007047E0
:1038A000147C002010B5F8F787FEEAF78DFE14208F
:1038B000E5F70AFABDE81040E4F746BB10B500286A
:1038C00010D0312282772E23C377302280F8202037
:1038D000002280F821200C78C4768376497800F89D
:1038E000191FC27010BD00281BD04A7800F8562F4F
:1038F0000A784270CA7882708A78C2704A790271F6
:103900000A794271CA7982718A79C2714A7A0272DD
:103910000A7A4272CA7A8272897AC172012100F8E7
:103920003E1C7047FEB5F8F78DFD3F48002510247A
:10393000817900F1800605293CD2DFE801F00343DC
:10394000233B6200FFF72AFC48B10094CDE9014512
:10395000337A402118203268E4F764FC07E0CDE9AF
:1039600000450823402114207268E4F7BFFCFFF7EC
:1039700015FC01462C489830406803B0BDE8F04083
:10398000E8F75CBF807848B1FFF708FC18B1042362
:10399000264A009408E00823254A0CE0FFF7FEFBC6
:1039A00060B3244A0423009450211820CDE9014536
:1039B000E4F738FCFEBD50211820CDE90045E4F7BE
:1039C00095FCFEBD807890B1FFF7E8FB18B10623A7
:1039D000194A0094E8E70823184A48211820CDE93D
:1039E0000045E4F783FC0823154A5821E4E7FFF774
:1039F000D5FB18B10423134A0094D5E70823124AD3
:103A0000D9E7FFF7CBFB38B10094CDE90145502150
:103A1000337A18203268CBE7CDE9004508235021DE
:103A200018207268CBE700002055002029630208A7
:103A3000BF5F02082D6302083163020817600208A5
:103A40002260020837630208CA5F020870B5F8F7FF
:103A5000DFFE00210120F8F723FFFFF7FBFAEAF76A
:103A60006BFB00F069F8FFF703FC274C4FF40045AF
:103A700038B3012802D0032815D133E001222946AA
:103A80002046E5F722FA214A24213E20F8F794FC4B
:103A9000F8F73CFDF8F734FD0028FBD0002229465A
:103AA0002046E5F712FA1920F8F758FA184AC2E941
:103AB0000201E6F791FCFBF763F8BDE87040EAF716
:103AC00091BD012229462046E5F7FFF9114A56210A
:103AD0002520F8F771FCF8F719FDF8F711FD00281B
:103AE000FBD0DBE7012229462046E5F7EEF90A4A3A
:103AF0002D213E20F8F760FCF8F708FDF8F700FDEF
:103B00000028FBD0CAE70000000002404D51020827
:103B100030580020AD5702081D54020800B583B08C
:103B20000A460021CDE9001101466846DDF7B4F9E7
:103B3000DDE9000103B000BD70B5114D00244FF464
:103B400080512846E5F7B4F900B101244FF4005143
:103B50002846E5F7ADF900B1A41C54B1012C0AD0F8
:103B6000022C0AD0032C0AD10320BDE87040F8F7DC
:103B700085BE0020F9E70120F7E70220F5E770BDD8
:103B80000004024010B5F1F72DFF084CA18A6279BC
:103B9000491E89B2FAF780FCF1F724FFA18A00F0F0
:103BA00007F8A08ABDE81040F9F774BB2055002043
:103BB00070B586B0C27A01ABC679057A447A83E8DB
:103BC0007400007B0B46009003A213210948DCF728
:103BD00093FC06B070BD00002530356420253032DE
:103BE00064253032642530326420253032643A2531
:103BF00030326400445B002030B5174BD8688169CF
:103C0000A3F19800C06981420BD1827909254AB19C
:103C10000024042A13D04869C471D86880694069B7
:103C2000057230BD49690222CA71D968896949693A
:103C30000D72406981790229F3D2827130BD4969E0
:103C4000CC71D968896949690C7240698179002908
:103C5000F4D0847130BD0000B855002030B4124C4F
:103C6000A4F10D01E0688269A4F19800C069824264
:103C70000DD1837901F101059B0701D01C2300E0E0
:103C80001D236B705269937952695B5C1372E26811
:103C900092695269824203D182794069515C017212
:103CA00030BCEDF70DBD0000B855002003785B1C5B
:103CB0005BB2934200DD4BB20370704703885B1C1C
:103CC0001BB2934200DD0BB20380704703785B1E8A
:103CD0005BB28B4200DA53B20370704703885B1EFD
:103CE0001BB28B4200DA13B20380704710B5F8F7AD
:103CF00079FD234CA8B1F8F759FD012811D1F8F747
:103D000065FD70B9607818B11E48F8F7E3FB01E073
:103D1000F8F726FB6078E0B1002060700020FFF724
:103D2000C1F8F8F743FD012828D1F7F7CFFE407915
:103D30004A2823D1F7F7CAFEB0F8C40002281DD1E3
:103D400011480078012806D0BDE810400F48F8F768
:103D500063BB0120E1E7A07810B1F8F7A1FA02E017
:103D60000A48F8F759FBA07830B10020A070BDE8F0
:103D700010400020FFF796B80120F7E710BD0000C3
:103D8000305800204B6C020854570020B36C0208D6
:103D900030B5194C012263681B69834212D18842F5
:103DA00004D025682D69C4E900530BE021606160EF
:103DB00063681B6963601B698B4203D0521CD2B2DB
:103DC000072AF5D323685B69834206D1496981429A
:103DD00004D0236060684069606030BD616021602C
:103DE00020684069206040698842F6D0521CD2B2F7
:103DF000072AF5D330BD0000D055002010B50029AA
:103E00000AD00878002807D005487844DDF7D8FCA8
:103E1000002801D0002010BD0248784410BD0000E9
:103E200002360000FA35000010B500290AD00878E3
:103E3000002807D005487844DDF7C2FC002801D0EF
:103E4000002010BD0248784410BD0000F23500008B
:103E5000EA35000021F00042A2F16052B2F5801F65
:103E600001F0004328BFD2F17F6C0BD95FEA001C40
:103E700043EAC20242EB507018BF704728BF20F0DF
:103E800001007047B2F5801FBCBF184670474FEA6B
:103E9000410C1CF5001F02D2084601F00AB870B5AB
:103EA00000F0C8FB00000089FFF7F6BF4FF00040AC
:103EB000A0F580007047000010B591EA030F48BFDD
:103EC00083F0004300F15484841A71EB030C05D293
:103ED000121943EB0C03001B61EB0C01DFF824E12A
:103EE0004FEA1154A4EB135C1EEA430F18BF9EEA7D
:103EF000445F73D023EA0E03DCF1200E21EA045163
:103F000043F4801332D322FA0CFE10EB0E0023FA96
:103F10000CFE41EB0E01CCF1200E03FA0EFE10EB6D
:103F20000E0051F10001B1F5801FCCF1200E32D20C
:103F300001EB045112FA0EF2BDE8104058BF704771
:103F4000401C38BF5FEA420218BF7047002814BF08
:103F500020F0010041F100014FEA410313F5001F79
:103F600038BF7047A1F1C04100F0B2BB012A43EB5A
:103F70000302ACF1200CDCF11F0E32BF4FF0000E3B
:103F800023FA0CF310EB030041EB0451B4EB115F87
:103F9000D0D0A1EB045101F5801149085FEA30004F
:103FA00001EB04510ED350F1000038BF12FA0EFE9F
:103FB00008D1BDE81040C9E7401C38BF5FEA4202A3
:103FC000CAD1C3E7BDE810404FEA410313F5001F13
:103FD00038BF7047A1F1C04100F07ABB9EEA445F50
:103FE00008D011EA5E0FBDE8104004BF01F00041A7
:103FF00000207047BDE8104070B500F01BFB00BF0B
:1040000064FBBE3E0000E0FF02494FF0000001F0FB
:104010000BB800BF0000F87F491058BFC1F1404104
:104020005B1058BFC3F140438B42EFF300807047F1
:104030002DE9C04130B4DFF8A0C23CEA111418BF2A
:104040003CEA131400F0EC8081EA03051CEA111429
:1040500044EAD57418BF1CEA131500F0C780A4EB1E
:1040600005044FF0004545EAC12145EAC32341EA72
:10407000505143EA525304F17F74994204F50034DD
:104080004FEAC0204FEAC22208BF904200F09C8055
:104090004FEA13650FF24016765D4FEA134506FBB3
:1040A00005F7C7F1807706FB07F74FEAD737A7FB7D
:1040B00003687642C8F58038A7FB06CE38BFA8F162
:1040C000010807FB08E64FF0000EA6FB028CE6FB9A
:1040D00003CEDCF1000CCEF1004E38BFAEF1010E84
:1040E000A6FB0C584FF000074FF00005E6FB0E87CB
:1040F000A1FB08C6A0FB07CE16EB0E0645F1000596
:10410000E1FB076515F1E04E7EBFA4F580345FEA60
:1041100046066D4116F1800745F100054FEA172765
:104120004FEA066647EA0567A6F1DE46B6F1805F0C
:104130004FEA15251FD9384624F0010C05EBC47150
:10414000BCF1FE6F01EB0C1102D8F0BCBDE80081A0
:1041500024425CBF01F5801E9EEAC47F02D4F0BCFD
:10416000BDE80081244238D4F0BCA1F1C041BDE8D3
:10417000004100F0ADBA4FEAD22242EA43524FEA80
:10418000D323A7FB02864FEAD02040EA415007FB29
:1041900003661EEA0E0F4FEAD12105FB026658BFE7
:1041A000A6EB0056B6EB00564FEA520E4EEAC37E1F
:1041B00018EB0E0E56EB530EBDD518EB02085E4100
:1041C0007F1C55F10005B6E74FF480154FF000074E
:1041D0004FF000064FF00008ADE7F0BC4FF00000D4
:1041E00001F1C04101F00041BDE8008111EA0C1F5E
:1041F0000CEA131500D00CE013EA0C1F00F0258028
:104200004FF00000F0BC81EA030101F00041BDE87D
:104210000081F0BCBDE8004181EA030100F058BA1A
:10422000F0BCBDE8004170B500F004FA097EFC3E28
:1042300000F007B881EA03014FF0000001F00041EF
:10424000704781EA030100F043BAF0BCBDE80041C9
:104250004FF0000021497047FFFDFBF9F7F5F4F23C
:10426000F0EEEDEBE9E8E6E4E3E1E0DEDDDBDAD811
:10427000D7D5D4D3D1D0CFCDCCCBCAC8C7C6C5C46F
:10428000C2C1C0BFBEBDBCBBBAB9B8B7B6B5B4B386
:10429000B2B1B0AFAEADACABAAA9A8A8A7A6A5A471
:1042A000A3A3A2A1A09F9F9E9D9C9C9B9A99999835
:1042B0009797969595949393929191908F8F8E8ED8
:1042C0008D8C8C8B8B8A8989888887878685858465
:1042D00084838382828181800000FF070000F87F51
:1042E00051EA030C17D41CF5801F58BFBCF5801F82
:1042F00000F10680994218BF704708BF904270478E
:1043000007D711F5801F58BF13F5801F19D49942A4
:104310007047894270471CF5801F08D5BCF5801F87
:10432000F7D58B4218BF704708BF824270474FF4E1
:10433000001C1CEB410F38BF1CEB430F01D28B421A
:10434000704770B500F076F9922449004FF00051A3
:104350004FF08053FFF760BE4FEA41034FEA5353DB
:10436000A3F58063D3F11E03C8BFD3F1210C0CDD8C
:104370004FF0004242EAC12242EA505232FA03FCB4
:104380008CEAE17CACEBE1707047102BC4BF0020DD
:10439000704703F5787CBCF1FF3F04D06FF000421A
:1043A00082EA2100704770B500F044F949922480F8
:1043B00000207047F2E700004FEA1153A3F5806335
:1043C000D3F11E03A8BFD3F1200C08DB4FF000424D
:1043D00042EAC12252EA505232FA03F070470942CF
:1043E0000BD4102BC4BF0020704703F5787CBCF1C0
:1043F000FF3F05D04FF0FF3070474FF0000070478F
:1044000070B500F017F900BF499224800020704772
:10441000F0E710F0004248BF4042B0FA80F310FAD3
:1044200003F10AD0C3F11D0303F580634FEA415045
:1044300002EB035202EBD12170474FF000007047AE
:10444000B0FA80F310FA03F10AD0C3F11D0303F5AB
:1044500080634FEA41504FEA035202EBD12170478B
:104460004FF000007047000051EA030C17D41CF510
:10447000801F58BFBCF5801F00F10680994218BF0D
:10448000704708BF9042704707D711F5801F58BF8B
:1044900013F5801F19D499427047894270471CF563
:1044A000801F08D5BCF5801FF7D58B4218BF704719
:1044B00008BF824270474FF4001C1CEB410F38BF0D
:1044C0001CEB430F01D28B42704770B500F0B2F87D
:1044D000922449004FF000514FF08053FFF79CBDEC
:1044E000DFF848C170B51CEA111E1EBF1CEA131587
:1044F0009EEA0C0F95EA0C0F00F06F8081EA03042E
:1045000023EA4C134EEAD47E21EA4C1141F4801187
:1045100043F48013AE44A1FB024CA0FB0365AEF153
:104520007F7E361955EB0C05A1FB034C4CF10003C3
:10453000A0FB021C16EB0C06654153F10003094277
:1045400018BF46F0010613F4007F0BD14FEA033188
:104550004FEA0530340341EA155140EA16506FF036
:1045600003020AE04FEAC3214FEAC520F40241EA00
:10457000555140EA56506FF0020202EB2E4201EB19
:10458000025585EACE710AD05FEA440C18BF24F0C8
:10459000004450F1000041F1000120EAD47040F2E3
:1045A000FE7C624500D270BDA84214BF4FF080442B
:1045B0004FF04044002E08BF0024BEF1806FA8BF1A
:1045C000A1F1C041BDE8704080F282804FF0000050
:1045D00001F1C04101F0004170479EEA0C0F0CEA66
:1045E000131518BF95EA0C0F06D04FF0000081EAB2
:1045F000030E0EF0004170BD00F01CF88900013E72
:1046000000F007B800F009B84FEA430C5FEA5C5CC1
:1046100008D081EA030100F05BB84FEA410C5FEA81
:104620005C5CF6D14FF00000014970470000FF07C5
:104630000000F87F0EF1020E2EF0030E5EF8046B00
:10464000364205D4012A43EB030515F5001F12D8A5
:10465000012841EB010C1CF5001F0CD80ED14FEACC
:10466000D17C15F5001F0CEB4C0C0CF1020C08BFB3
:104670004CEBD37C04E04FF0080C01E04FEAD37C14
:104680000CEB4C0526FA05F606F00706B6F1040C0D
:1046900006D20EEB860CBDE870404CF0010C604772
:1046A000DFE80CF0090B02024FF000414FF0000070
:1046B000A1F5002170BD19461046012851EB0104F7
:1046C00018BFD4F5001484BF002001F0004170BD74
:1046D0000808A0F500114FEA3101704753EA010CB8
:1046E00017D41CF5801F58BFBCF5801F00F1068051
:1046F0008B4218BF704708BF8242704707D713F537
:10470000801F58BF11F5801F19D48B4270479B4200
:1047100070471CF5801F08D5BCF5801FF7D599425E
:1047200018BF704708BF904270474FF4001C1CEB45
:10473000430F38BF1CEB410F01D2994270470FB4B1
:104740000CBC03BCFFF7C1BE91EA030F10B581F0AA
:1047500000413FF5B9AB83F0004300F009B8000019
:1047600010B591EA030F48BF83F000433FF5ACABAF
:10477000841A71EB030C07D212198CF0004C43EB36
:104780000C03001B61EB0C01DFF8A4E14FEA1154AC
:10479000A4EB135C1EEA430F18BF9EEA445F00F0CF
:1047A000B08023EA6E03524221EA0451C3EB6E0348
:1047B00038BF5B1EDCF1200E25D322FA0CFE10EB75
:1047C0000E0043FA0CFE41EB0E01CCF1200E03FA71
:1047D0000EFE10EB0E0051F10001CCF1200E29D499
:1047E00012FA0EF201EB0451BDE8104058BF7047B9
:1047F000401C1CBFB2F1004F704700280CBF491C81
:1048000020F00100704712EB020E43EB030218BFC9
:104810004FF0010E4EEA4202ACF1200CDCF11E0E0C
:1048200054D943FA0CFE10EB0E0051F1FF31CCF1DC
:104830001E0ED5D50EF1010E12FA0EFE404141EBCF
:10484000010101EB445C5FEA5C5C10D910EBDE70A7
:1048500001EB045138BFBEF1004FBDE8104018BF56
:10486000704700280CBF491C20F00100704730D26F
:104870004FEAD42C11F5001124F400641BD0B1FAD6
:1048800081F20B3AA41AA41ED2F12003914030FA0F
:1048900003F31943904001EBCC71002C01EB045160
:1048A000BDE81040A8BF704701F1C0414FF00000C3
:1048B00001F000417047B0FA80F310FA03F100D123
:1048C00010BDE41A173C4805C90AE4E701EB04519E
:1048D00010BD491001EB0451BDE810404FEA300013
:1048E00002E04FF0000170474A0008BF0042F8D0D4
:1048F000B2F5001F28BF704701F000414FF00000E3
:1049000070479EEA445F07D011EA5E0FBDE8104091
:1049100004BF002100207047BDE8104070B5FFF7CC
:1049200089FE00BF40DFF63E83F00041104670472D
:104930000000E0FF43004FEAD30C4FEA3C0C434039
:104940001FBF40070CF1605113F0FE4F70471CF081
:10495000006F03D100200CF0004170470CF00043C1
:1049600043EA507010B540EACC0000F05CFA00BF9A
:10497000000000924FEA0001FFF7AABE4FF000418D
:104980004FF00000A1F500217047000090EA010FF0
:1049900048BF81F0004100F1D482421A3CBF801A26
:1049A00089184FEAD0524FF07F4C1CEA410FA2EB1E
:1049B000D15318BF9CEA026F00F03B804FF0004CCF
:1049C0004CEA00204CEA012121FA03FC10EB0C0C0C
:1049D0001ED202F1FF325FEA1C2040EBC25038BF0A
:1049E00070471CF07F0F4FEA400C18BFBCF17F4F9F
:1049F00038BF7047C3F12003994008BF20F0010081
:104A0000BCF17F4F38BF7047A0F1C04000F051BAF1
:104A10004FEA3C00000A40EBC25028BF1CF0FF0FD9
:104A20004FEA400CE6D018BFBCF17F4F38BF70474B
:104A3000EAE79CEA026F05D010EA5C0F08BF00F0BD
:104A40000040704710B500F0EEF900BF64FBBE3EB9
:104A5000401058BFC0F14040491058BFC1F140411B
:104A60008142EFF3008070474FF47F0C1CEAD012B4
:104A70001EBF1CEAD11392EA0C0F93EA0C0F00F050
:104A8000858090EA010F48BF42F4807240F4000C28
:104A900041F400002CF07F4120F07F4000B58142BE
:104AA000A2EB03020FF2081CACEB504EC0F1000069
:104AB0009EF800E04FEA4E0E00FB0EFC38BF4900A6
:104AC0004FEA2C1C02F5FA020CFB0EF34FEACE1E45
:104AD0004FEA112C4FEAC1210EEB635E42EB2242FA
:104AE0000EFB0CFC4FEA1C5300FB03114FEA112C88
:104AF0004FEA01310EFB0CFC4FEADC4C00FB0C11C1
:104B0000C14228BF09184CEB03335DF804EB10EBEE
:104B1000410143EBC250B2F57C0F38BF704729D535
:104B200012F0F00F1CBF00F1C04000F000407047D1
:104B3000008182838485868788898B8C8D8E8F9176
:104B40009293959697999A9C9D9FA0A2A3A5A7A89A
:104B5000AAACAEB0B2B3B5B7B9BCBEC0C2C5C7C9C6
:104B6000CCCED1D4D7D9DCDFE2E6E9ECF0F3F7FA2A
:104B7000FE0000004FEA400C0CF1807CBCF17E4F3F
:104B800028BF7047B0F1C04000F093B990EA010F20
:104B90000CEAD11348BF42F48072624538BF6345C6
:104BA00007D213F47F0F16D080EA010000F0004016
:104BB000704710B500F037F9097EFC3E00F005B8EB
:104BC00080EA010000F00040704780EA010000F038
:104BD000004000F06EB912F47F0F04BF0248704726
:104BE00080EA010000F065B90000C07F41000B0EB3
:104BF000D3F19E0208D950F400034FEA032323FAAD
:104C000002F048BF4042704710B500F00CF900BFF9
:104C100049922480002070476FF0004282EA200011
:104C200070470000C10DD1F19E0206DB4FEA002360
:104C300043F0004323FA02F07047004207D54FEAE1
:104C40004001B1F1FE4F02D24FF00000704710B5A5
:104C500000F0E9F849922480002070476FEA2000B4
:104C60007047000010F0004148BF4042B0FA80F3A6
:104C700010FA03F2C3F19D030BD051EAC35101EBCB
:104C80001220530638BF704700F1010008BF20F022
:104C900001007047B0FA80F310FA03F2C3F19D03EC
:104CA0000AD0D90501EB1220530638BF704700F136
:104CB000010008BF20F001007047000050EA010C1D
:104CC00000F113801CF5000F58BFBCF5000F01D494
:104CD0008842704707D710F5000F58BF11F5000F35
:104CE00015D488427047894270471CF5000F04D5DF
:104CF000BCF5000FF7D5814270474FF0807C1CEB6C
:104D0000400F38BF1CEB410F01D28142704710B5F4
:104D100000F089F8922449004FF000504FF0805184
:104D2000FFF796BE4FF47F0C1CEAD0121EBF1CEAA0
:104D3000D11392EA0C0F93EA0C0F00F0478090EA2F
:104D4000010F48BF42F480724FF0004C4CEA002043
:104D50004CEA012102EB0302A0FB0113A2F50002C1
:104D6000002918BF43F001035B0028BF4FEA33035B
:104D700042EB22425FEA132C4CEBC2502EBFBCEB3D
:104D8000436FB2F57C0F70474FEA036CBCF1004FE4
:104D900008BF20F00100B2F57C0F38BF70470BD57B
:104DA00082F0FF0212F5803FC8BF704700F1C0409B
:104DB000D8BF00F00040704700F5000C5FEA4C0CD3
:104DC00048BF7047B0F1C04000F073B890EA010FDF
:104DD0000CEAD11348BF42F48072624538BF634584
:104DE00004D280EA010000F00040704710B500F0E6
:104DF0001AF800BF8900013E00F007B800F009B8BA
:104E00005FEA410C5FEA1C6C08D080EA010000F008
:104E100050B85FEA400C5FEA1C6CF6D14FF00040DE
:104E2000A0F5800070470EF1020E2EF0030E5EF822
:104E3000044B244204D44FEA4102B2F17F4F11D80F
:104E40004FEA4003B3F17F4F0CD80ED14FEAD07C2C
:104E5000B2F17F4F0CEB4C0C0CF1020C08BF4CEB89
:104E6000D17C04E04FF0080C01E04FEAD17C0CEB60
:104E70004C0324FA03F404F00704B4F1040C06D242
:104E80000EEB840CBDE810404CF0010C6047DFE8ED
:104E90000CF0070802024FF00040A0F5800010BDA2
:104EA0000846420018BFD2F1807288BF00F000406F
:104EB00010BDFF2141EAD050C005704751EA000CF7
:104EC00000F113801CF5000F58BFBCF5000F01D492
:104ED0008142704707D711F5000F58BF10F5000F3A
:104EE00015D481427047894270471CF5000F04D5E4
:104EF000BCF5000FF7D5884270474FF0807C1CEB63
:104F0000410F38BF1CEB400F01D28842704780EA46
:104F1000010081EA000180EA0100FFF7F8BE80F09D
:104F2000004090EA010F7FF538AD81F0004100F0BC
:104F300008B8000090EA010F48BF81F000413FF53A
:104F40002CAD421A04D882F00042A0EB02001144BA
:104F50004FEAD0524FF07F4C1CEA410FA2EBD153E5
:104F600018BF9CEA026F4AD04FF0004C4CEA002078
:104F70004CEA012121FA03FCB0EB0C0C0FD412F027
:104F8000FE0F36D05FEA4C001DD5001240EBC25038
:104F900038BF70471CF03F0F18BF70470BE0A2F1FD
:104FA00001025FEA1C2040EBC25038BF70471CF082
:104FB0007F0F18BF7047C3F12003994014BF401EF4
:104FC00020F00100704780084FEA122308BF7047A5
:104FD000B0FA80FCA2EB0C02CCF1280C60FA0CF0C9
:104FE00093EA122F04BF00EBC25070474FEAC37020
:104FF0007047130A5FEADC1008BF7047F6E79CEAC7
:10500000026F04D010EA5C0F08BF0020704710B593
:10501000FFF709FF40DFF63E81F0004070474FF098
:1050200000007047DBF7BDBD0CF00F03092B08BF74
:10503000082000F05F800A2B0BD0082B18BF7047A8
:1050400008BF1CF0400F0AD04FF000004FF00001E5
:1050500070471CF0400F18BF4FF0004070471CF025
:10506000100F08D020F0704300F07F4242EAD301D5
:105070004FEA4370704700F0604021F07F4242EAFF
:10508000000201F07F4040EA727070474FF0FF0C61
:105090004CF4E06C1CEA11531CBF9CEA030C9445D1
:1050A000C2BFDA4201EB02517047002B0DD0BCF1B8
:1050B000000F0FD0002A01F00041A4BF41F0E041F1
:1050C00041F07F614FF00000704701F000414FF068
:1050D0000000704750EA01334FF09B0C18BF4CF0B2
:1050E000806C7EF491AF7047DCF7DEB9DCF7CEBBA5
:1050F000DCF75CBD1CF4801F11D01CF4E02F03D042
:105100006FEACC31490070474FF04050EFF3008216
:1051100022F0704242EA000282F3008870474FF0AA
:1051200000007047030406080C101820300000002F
:105130000000000000010203040607080900000047
:105140000001020304804020100804020100000056
:1051500000007E00000000007E0001F8000000005A
:105160000000000000007E3FFFFFF8007F0001F814
:10517000000000000000000000007E3FFFFFF81F5D
:10518000FFFFFFFFE000000000000000001C7E00A9
:105190000000001FFFFFFFFFE00000000000000014
:1051A000001C7E00000000007F0001F800000000ED
:1051B00000000000001C7E00000000003F0001F81D
:1051C0000000000000000000001C7E0FFFFFE00058
:1051D000000000000000000000000000001C7E0F26
:1051E000FFFFE000000000000000000000000000E1
:1051F000001C7FCFC007E007E7E03F000000000091
:1052000000000000001C7FCFC007E007E3E03F0084
:105210000000000000000000001C7FCFC007E00776
:10522000E3E07FFFC000000000000000001C7E0FD4
:10523000C007E007E3E07FFF8000000000000000FF
:10524000001C7E0FC007E007E3E07EFC00000000CA
:1052500000000000001C7E0FC007E007E3E0FC7EBA
:105260000000000000000000001C7E0FC007E007E7
:10527000C3E0FC3E0000000000000000001C7E0FA8
:10528000FFC7E0060381FC3F0000000000000000B3
:10529000001C7E0FFFC7E0000201F81F8000000025
:1052A00000000000001C7E0FC007E00000000000AE
:1052B0000000000000000000001C7E0FC007E0009E
:1052C000000000000000000000000000001C7E0F35
:1052D000C007E007FFFFFFFE000000000000000025
:1052E000001C7E0FC007E007FFFFFFFE000000006C
:1052F00000000000001C7E0FC007E007E07F1FBF1A
:105300000000000000000000001C7E0FC007E00746
:10531000E07E1F1F8000000000000000001C7E0FC8
:10532000C007E007E07E3F1FC00000000000000053
:10533000001C7E0FC007E007E07C3F0FC0000000AC
:1053400000000000001C7E0FC007E007E0FC7E0F9D
:10535000C000000000000000001C7E0FC007E00736
:10536000E0FC7E0FC000000000000000001C7E0F6B
:10537000C007E007E0F87E0FC0000000000000005A
:10538000001C7E0FFFFFE007E1F8FC0FC0000000EB
:1053900000000000001C7E0FFFFFE007E1F8FC0F9B
:1053A000C00000000000000000007E0000000007B8
:1053B000E3F0FC0FC00000000000000000007E00D1
:1053C00000000007E3F1F80FC0000000000000003B
:1053D00000007E0000000007E3F1F80FC0000000AD
:1053E0000000000000007E3FFFFFE00FE7F3F81F22
:1053F000C00000000000000000007E3FFFFFF01F23
:10540000FFFFFFFFE00000000000000000007E3F03
:10541000FFFFF81FFFFFFFFFF0000000000000008B
:10542000000000000000000000000000000000007C
:10543000000000000000000000000000000000006C
:10544000000000000000000000000000000000005C
:10545000000000000000000000000000000000004C
:10546000000000000000000000003FE0000000001D
:105470000000000000000000000000000001FFF834
:10548000000000000000000000000000000000001C
:105490000007FFFE00000000000000000000000008
:1054A00000000000001FFFFF0000000000000000DF
:1054B0000000000000000000003FFFFF800000002F
:1054C00000000000000000000000000000FFFFFFDF
:1054D000800001FF000FF9FF80FF9FFFFC7FFFE0CE
:1054E00001FFC1FFC00003FE000FF9FF01FF9FFF96
:1054F000FCFFFFF803FF80FFC00003FE001FF9FF61
:1055000001FF3FFFF8FFFFFC07FF00FFE00003FE85
:10551000001FF1FE01FF3FFFF8FFFFFC0FFE007FC1
:10552000E00007FC001FF3FE03FE3FFFF1FF1FFE3C
:105530001FFC007FE00007FC003FF3FE03FE7FC07E
:1055400001FF07FE1FF8007FE00007FC003FE7FEB9
:1055500003FE7FC001FE03FE3FF8007FE0000FF86E
:10556000003FE7FC07FE7FC003FE03FE7FF0007FE5
:10557000E0000FF8003FE7FC07FCFFC003FE03FE5E
:105580007FF0007FE0000FF8007FC7FC07FCFF8082
:1055900003FE03FEFFE0007FE0001FF0007FCFF876
:1055A0000FF8FF8007FC07FCFFE0007FE0001FF022
:1055B000007FCFF80FF9FF0007FC07FDFFC000FFD9
:1055C000E0001FF000FF9FFFFFF9FFFF87FC0FF9CE
:1055D000FFC000FFE0003FE000FF9FFFFFF9FFFF7B
:1055E0008FF83FF3FF8000FFE0003FE001FF9FFFE7
:1055F000FFF3FFFF8FFFFFE3FF8000FFC0003FE0EE
:1056000001FF1FFFFFF3FFFF0FFFFFC3FF8000FF3E
:10561000C0007FC001FF3FFFFFE3FFFF1FF7FF0355
:10562000FF8001FFC0007FC001FF3FE03FE7FE00B9
:105630001FF7FC07FF0001FF80007FC003FE7FC053
:105640003FE7FC001FF7FC07FF0001FF8000FF8021
:1056500003FE7FC07FE7FC003FE7FC07FF0003FF7E
:105660008000FF8003FE7FC07FCFFC003FE7FC0788
:10567000FF0003FF0000FF8007FC7FC07FCFF80022
:105680003FE7FC07FF0007FF0001FF0007FCFF806A
:10569000FFCFF8007FC7FE07FF0007FE0001FF00F5
:1056A00007FCFF80FF8FF8007FC7FE07FE000FFE9C
:1056B0000001FF000FF8FF80FF9FF0007FC7FE078B
:1056C000FE001FFC0003FFFF8FF9FF01FF9FFFFC9F
:1056D000FF83FE07FF001FF80003FFFF8FF9FF01A4
:1056E000FF3FFFFCFF83FE07FF003FF00003FFFFCB
:1056F0009FF1FF01FF3FFFFCFF83FF03FF007FF0EF
:105700000007FFFF9FF3FE03FF3FFFF9FF03FF03C7
:10571000FF01FFE00007FFFF1FF3FE03FE3FFFF95D
:10572000FF03FF03FF87FFC0000000000000000030
:105730000000000000000001FFFFFF00000000006B
:10574000000000000000000000000000FFFFFE005D
:105750000000000000000000000000000000000049
:105760007FFFFC00000000000000000000000000BF
:10577000000000003FFFF0000000000000000000FB
:1057800000000000000000001FFF8000000000007B
:1057900000000000000000000000000007FE000004
:1057A00000000000000000000000000000000000F9
:1057B00000000000F0000000FFFFF8000000000003
:1057C0000000000000000003F0000000FFFFFC00EC
:1057D000000000000000000000000007F0000000D2
:1057E000FFFFFC0000000000000000000000000FB0
:1057F000F00000007FFFFE0000000000000000003D
:105800000000000FF00000007FFFFE00000000001D
:10581000000000000000001FF00000003FFFFE003D
:1058200000000000000000000000003FF000000049
:105830003FFFFE0000000000000000000000003FED
:10584000F00000001FFFFE0000000000000000004C
:105850000000007FF00000001FFFFE0000000000BD
:10586000000000000000007FF00001800FFFFE003C
:1058700000000000000000000000007FF000018038
:105880000FFFFE0000000000000000000000007F8D
:10589000F00003C007FFFE00000000000000000051
:1058A0000000007FF00003C007FFFE0000000000C2
:1058B000000000000000007FF00007C007FFFE00AE
:1058C00000000000000000000000007FF00007E082
:1058D00003FFFE0000000000000000000000007F49
:1058E000F00007E003FFFE000000000000000000E1
:1058F0000000007FF0000FF001FFFE00000000003C
:10590000000000000000007FF0000FF001FFFE002B
:1059100000000000000000000000007FF0001FF801
:1059200000FFFE0000000000000000000000007FFB
:10593000F0001FF800FFFE00000000000000000063
:105940000000007FF0001FF8007FFE000000000054
:10595000000000000000007FF0003FFC007FFE0020
:1059600000000000000000000000007FF0003FFF8A
:10597000FFFFFE0000000000000000000000007FAC
:10598000F0007FFFFFFFFE000000000000000000AD
:105990000000007FF0007FFFFFFFFE00000000001E
:1059A000000000000000007FF000FFFFFFFFFE008E
:1059B00000000000000000000000007FF000FFFF7A
:1059C000FFFFFE0000000000000000000000007F5C
:1059D000F000FFFFFFFFFE000000000000000000DD
:1059E0000000007FF001FFFFFFFFFE00000000004D
:1059F000000000000000007FF001FFFFFFFFFE003D
:105A000000000000000000000000007FF001FFFB2C
:105A1000FFFFFE0000000000000000000000007F0B
:105A2000F001FFF1FFFFFE00000000000000000099
:105A30000000007FF001FFF1FFFFFE00000000000A
:105A4000000000000000007FF001FFF3800FFE0067
:105A500000000000000000000000007FF001FFE3F4
:105A6000800FFE0000000000000000000000007F2A
:105A7000F001FFC7800FFE000000000000000000E2
:105A80000000007FF800FE0F000FFE000000000085
:105A9000000000000000007FF800FE1E000FFE0066
:105AA00000000000000000000000007FF8007E7E83
:105AB000000FFE0000000000000000000000007F5A
:105AC000FC003FF8000FFE00000000000000000096
:105AD0000000007FFC000FF0000FFE00000000003F
:105AE000000000000000007FFE000000000FFE002C
:105AF00000000000000000000000007FFE00000029
:105B0000000FFE0000000000000000000000007F09
:105B1000FF000000000FFE00000000000000000079
:105B20000000007FFF800000000FFE00000000006A
:105B3000000000000000007FFFC00000000FFE001A
:105B400000000000000000000000007FFFE00000F7
:105B5000000FFE0000000000000000000000007FB9
:105B6000FFF00000000FFE00000000000000000039
:105B70000000007FFFF80000000FFE0000000000A2
:105B8000000000000000007FFFFE0000000FFE008C
:105B900000000000000000000000007FFFFF800008
:105BA000000FFE0000000000000000000000007F69
:105BB000FFFFF000000FFE000000000000000000EA
:105BC0000000007FFFFFFFFE000FFE00000000004E
:105BD000000000000000007FFFFFFFFE000FFE003E
:105BE00000000000000000000000007FFFFFFFFC3D
:105BF000000FFC0000000000000000000000007F1B
:105C0000FFFFFFF8000FFC00000000000000000094
:105C10000000007FFFFFFFF0000FF8000000000011
:105C2000000000000000007FFFFFFFE0000FF00019
:105C300000000000000000000000007FFFFFFFC028
:105C4000000FE00000000000000000000000007FE6
:105C5000FFFFFF80000FC0000000000000000000F8
:105C60000000003FFFFFFF00000F80000000000069
:105C7000000000000000003FFFFFFE00000F0000DA
:105C800000000000000000000000000FFFFFFC000B
:105C9000000E0000000000000000000000000000F6
:105CA00000000000000000000000000000000000F4
:105CB00000000000000000000000000000000000E4
:105CC00000000000000000000000000000000000D4
:105CD00000000000000000000000000000000000C4
:105CE00000000000000000000000000000000000B4
:105CF00000000000000000000000000000000000A4
:105D00000000000000000000000000000000000093
:105D10000000000000000000000000000000000083
:105D20000000000000000000000000000000000073
:105D30000000000000000000000000000000000063
:105D40000000000000000000000000000000000053
:105D50000000000000000000000000000000000043
:105D60000000000000000000000000000000000033
:105D70000000000000000000000000000000000023
:105D80000000000000000000000000000000000013
:105D90000000000000000000000000000000000003
:105DA0000060003FC0E0380FC0781C3FFC000000DE
:105DB000000000000060007FE0E0380FC07C1C3F66
:105DC000FE00000000000000006000E070E0381CF1
:105DD000E07E1C000E00000000000000006000C01B
:105DE00030E0381CE0771C000E00000000000000CE
:105DF000006000C030E7F81870739C380E00000097
:105E000000000000006000C030E7F8387071DC3836
:105E10000E00000000000000007000C030E03830CC
:105E20003070FC380E00000000000000007800E038
:105E300070E0387038707C381E00000000000000F0
:105E4000003FF07FE0E03873F8703C3FFE00000058
:105E500000000000001FF83FC0E038E3FC701C3F6A
:105E6000FC0000000010203B232E534E45672F47B7
:105E70004A2C46274567625C45676C1B22266C1BD3
:105E80000311042B45673C5A45675B1C45676D0849
:105E90000C595E0957524A2C03114A2C54484A2C7B
:105EA000440F10203B566A0B4A456710203B57525F
:105EB0001635556E642135556E643E3F566A0A1399
:105EC000403900462700136F4F003218131830185E
:105ED0004318143D6400566A64002D3A22070311EA
:105EE000456764005365742056616C756500134FF7
:105EF0004567756E69747320736574757000501C06
:105F0000134F54656D7020556E69737400A5F1A62A
:105F10001A03114C6F636B20536176650027F00301
:105F200011496E74657276616C2053617665000369
:105F30001127F0005361766520496E7465727661B1
:105F40006C3A004668001D6D696E0061290206000A
:105F50004229020600251F566A534A52657365742A
:105F60002043616C008182566A8384436C69636B51
:105F700020456E74657200086A64005374616E6433
:105F80006172642056616C75653A002D002B0085A6
:105F90008682086A4187496E205374616E6461721B
:105FA0006420536F6C7574696F6E008889688A8B82
:105FB00057616974696E672E2E2E00566A7E7F5374
:105FC00075636365737366756C004661696C005632
:105FD0006A8C8D8E8F1800466972737420506F69B9
:105FE0006E743A008E9018005365636F6E64205093
:105FF0006F696E743A00918F184E65787420506FF7
:10600000696E740092934B4C8A8B5365617263681E
:10601000696E672E2E2E004461746120736176656F
:1060200064007375636365737366756C6C79009B4C
:106030004A2C4E6F20446174610097989496004DED
:1060400061782053697A653A200031303030300071
:10605000143D9596005573652053697A653A200082
:10606000143D999A0053656C65637465643A200029
:106070009C9D00547970653A200044543A00534E78
:106080003A003C5A5072657373757265005B1C531D
:10609000616C696E69747900A01C004C6F6E676951
:1060A000747564653A00A11C004C61746974756470
:1060B000653A009B10203B4E6F2050726F62652145
:1060C00000251F0E0D45675265736574204D65747C
:1060D000657220000E0D45675265736574004D486A
:1060E0005F456750726F6D707420546F6E65000469
:1060F0002B5F416C61726D20546F6E650001285FEB
:106100004B657970616420546F6E6500A84AA61AC9
:106110004175746F204C6F636B00A71B4D616E75EA
:10612000616C006C1B4175746F0049443A00536503
:106130006E736F72730053797374656D0048697381
:10614000746F726963616C204461746100446174AE
:10615000652F54696D65004C616E677561676500F8
:106160004175746F6D617469632053687574646FF1
:10617000776E004175746F6D617469632053617649
:106180006500416C61726D004169722050726573E7
:10619000737572650053616C696E6974790047505C
:1061A00053205175657269657300496E7374727519
:1061B0006D656E7420496E666F0044617461205392
:1061C000746F72650044617461205669657700449C
:1061D0006174612044656C6574650043616C69623B
:1061E000726174696F6E0053657474696E677300D1
:1061F00053656E736F7220496E666F0053617665EA
:10620000004F4646004F4E004C6F772054483A00EE
:10621000486967682054483A00534E3A004857206E
:1062200056657273696F6E3A0053572056657273E4
:10623000696F6E3A005A65726F20506F696E740014
:106240004F6E6520506F696E740054776F20506FE9
:10625000696E7400546872656520506F696E7400D1
:1062600043757272656E743A005374616E64617244
:10627000643A00436F6E6669726D004D656E75001D
:10628000446174653A0054696D653A00556E6974ED
:106290003A006C1B4B4C4505536561726368205096
:1062A000726F6265004B4C685365617263680020D1
:1062B000707074006D672F4C0020202025005665FB
:1062C000722E41005665722E42005665722E4300B2
:1062D0005665722E44006B506100491E03114567DC
:1062E0007B536176652073657474696E6700491E1F
:1062F000A2A34A2C7B5769706520646174610049D0
:106300001E3E3F566A7B43616C6962726174696FBD
:106310006E00491E251F0E0D7B466163746F7279F6
:1063200020726573746F7265007C7D7E7F7C7D8CCE
:106330008D4A2C03117E7F03118C8D4959657300A2
:106340001E4E6F00701D69711D69721D6935202018
:106350006D696E75746573003130206D696E75748A
:106360006573003230206D696E757465730020208E
:10637000444F2020002020704820200020547572B7
:106380002000002046434C200000202045432020D0
:1063900000204F5250200000204E48334E20002055
:1063A00020462D20200020434C2D20000020436853
:1063B0006C2000002042676120000020434F4420F1
:1063C0000000204D4C53532000204F6957200000FF
:1063D0002020202020200068516F6F7778797A770D
:1063E00078797A6F6851737475766F605160516F08
:1063F0006F7374757600000000000000000000005C
:10640000000000000000000000000000000000008C
:10641000000000000000FFFFF080001080001C80E2
:106420000014800014800014800014800014800088
:106430001C800010FFFFF0FFFFF0800010BC001C6C
:10644000BC0014BC0014BC0014BC0014BC0014BC80
:10645000001C800010FFFFF0FFFFF0800010BCF078
:106460001CBCF014BCF014BCF014BCF014BCF01450
:10647000BCF01C800010FFFFF0FFFFF0800010BC9C
:10648000F3DCBCF3D4BCF3D4BCF3D4BCF3D4BCF382
:10649000D4BCF3DC800010FFFFF0000C00003E00D5
:1064A000004C00308010790018FFFFFC7820183075
:1064B00010100009C00007C00001C01FFFFFFFFF50
:1064C000FFFFFFFFFF007FFFFFFFFFFFFFFFFFFF5B
:1064D000C07FFFFFFFFFFFFFFFFFFFE0F8000000AE
:1064E000000000000001E0F00000000000000000DB
:1064F00000F0E0000000000000000000F0E00000FC
:1065000000000000000000F0E000000000000000BB
:106510000000F0E0000000000000000000F0E000DB
:106520000000000000000000F0E00000000000009B
:10653000000000F0E0000000000000000000F0E0BB
:10654000000000000000000000F0E000000000007B
:1065500000000000FCE0000000000000000000FF60
:10656000E0000000000000000000FFE0000000006C
:106570000000000000FFE00000000000000000003C
:10658000FFE0000000000000000000FFE00000004D
:10659000000000000000FFE000000000000000001C
:1065A00000FFE0000000000000000000FFE000002D
:1065B00000000000000000FFE000000000000000FC
:1065C0000000FFE0000000000000000000FFE0000D
:1065D0000000000000000000FFE0000000000000DC
:1065E000000000FFE0000000000000000000FFE0ED
:1065F000000000000000000000FFE00000000000BC
:1066000000000000FFE0000000000000000000FCAF
:10661000E0000000000000000000F0E000000000CA
:106620000000000000F0E00000000000000000009A
:10663000F0E0000000000000000000F0E0000000BA
:10664000000000000000F0E000000000000000007A
:1066500000F0E0000000000000000000F0E000009A
:1066600000000000000000F0F0000000000000004A
:106670000000F0F8000000000000000001E07FFFD3
:10668000FFFFFFFFFFFFFFFFE07FFFFFFFFFFFFFB9
:10669000FFFFFFC01FFFFFFFFFFFFFFFFFFF001F08
:1066A000FFFFFFFFFFFFFFFFFF007FFFFFFFFFFF79
:1066B000FFFFFFFFC07FFFFFFFFFFFFFFFFFFFE0C8
:1066C000F8000000000000000001E0F00000000001
:1066D0000000000000F0E0000000000000000000EA
:1066E000F0E3FFFFF0000000000000F0E3FFFFF028
:1066F000000000000000F0E3FFFFF00000000000D9
:1067000000F0E3FFFFF0000000000000F0E3FFFFF7
:10671000F0000000000000F0E3FFFFF000000000C8
:106720000000F0E3FFFFF0000000000000F0E3FFD6
:10673000FFF0000000000000FCE3FFFFF00000009D
:10674000000000FFE3FFFFF0000000000000FFE397
:10675000FFFFF0000000000000FFE3FFFFF000007B
:1067600000000000FFE3FFFFF0000000000000FF5A
:10677000E3FFFFF0000000000000FFE3FFFFF00078
:106780000000000000FFE3FFFFF000000000000039
:10679000FFE3FFFFF0000000000000FFE3FFFFF059
:1067A000000000000000FFE3FFFFF0000000000019
:1067B00000FFE3FFFFF0000000000000FFE3FFFF29
:1067C000F0000000000000FFE3FFFFF00000000009
:1067D0000000FFE3FFFFF0000000000000FFE3FF08
:1067E000FFF0000000000000FFE3FFFFF0000000EA
:1067F000000000FCE3FFFFF0000000000000F0E3F9
:10680000FFFFF0000000000000F0E3FFFFF00000D9
:1068100000000000F0E3FFFFF0000000000000F0C7
:10682000E3FFFFF0000000000000F0E3FFFFF000D6
:106830000000000000F0E3FFFFF000000000000097
:10684000F0E0000000000000000000F0F000000098
:10685000000000000000F0F8000000000000000050
:1068600001E07FFFFFFFFFFFFFFFFFFFE07FFFFF74
:10687000FFFFFFFFFFFFFFC01FFFFFFFFFFFFFFF47
:10688000FFFF001FFFFFFFFFFFFFFFFFFF007FFF76
:10689000FFFFFFFFFFFFFFFFC07FFFFFFFFFFFFFC7
:1068A000FFFFFFE0F8000000000000000001E0F042
:1068B000000000000000000000F0E0000000000008
:1068C00000000000F0E3FFFFF1FFFFF8000000F020
:1068D000E3FFFFF1FFFFF8000000F0E3FFFFF1FF2F
:1068E000FFF8000000F0E3FFFFF1FFFFF8000000F9
:1068F000F0E3FFFFF1FFFFF8000000F0E3FFFFF11E
:10690000FFFFF8000000F0E3FFFFF1FFFFF80000D9
:1069100000F0E3FFFFF1FFFFF8000000FCE3FFFFE2
:10692000F1FFFFF8000000FFE3FFFFF1FFFFF800B9
:106930000000FFE3FFFFF1FFFFF8000000FFE3FFAF
:10694000FFF1FFFFF8000000FFE3FFFFF1FFFFF89A
:10695000000000FFE3FFFFF1FFFFF8000000FFE38E
:10696000FFFFF1FFFFF8000000FFE3FFFFF1FFFF73
:10697000F8000000FFE3FFFFF1FFFFF8000000FF59
:10698000E3FFFFF1FFFFF8000000FFE3FFFFF1FF6F
:10699000FFF8000000FFE3FFFFF1FFFFF800000039
:1069A000FFE3FFFFF1FFFFF8000000FFE3FFFFF14F
:1069B000FFFFF8000000FFE3FFFFF1FFFFF800001A
:1069C00000FFE3FFFFF1FFFFF8000000FFE3FFFF20
:1069D000F1FFFFF8000000FCE3FFFFF1FFFFF8000C
:1069E0000000F0E3FFFFF1FFFFF8000000F0E3FF1D
:1069F000FFF1FFFFF8000000F0E3FFFFF1FFFFF8F9
:106A0000000000F0E3FFFFF1FFFFF8000000F0E3FB
:106A1000FFFFF1FFFFF8000000F0E3FFFFF1FFFFD1
:106A2000F8000000F0E0000000000000000000F0AE
:106A3000F0000000000000000000F0F8000000007E
:106A40000000000001E07FFFFFFFFFFFFFFFFFFFEF
:106A5000E07FFFFFFFFFFFFFFFFFFFC01FFFFFFF04
:106A6000FFFFFFFFFFFF001FFFFFFFFFFFFFFFFF15
:106A7000FF007FFFFFFFFFFFFFFFFFFFC07FFFFF64
:106A8000FFFFFFFFFFFFFFE0F80000000000000035
:106A90000001E0F0000000000000000000F0E00055
:106AA0000000000000000000F0E3FFFFF1FFFFF82E
:106AB000FFFFF8F0E3FFFFF1FFFFF8FFFFF8F0E35F
:106AC000FFFFF1FFFFF8FFFFF8F0E3FFFFF1FFFF2B
:106AD000F8FFFFF8F0E3FFFFF1FFFFF8FFFFF8F02A
:106AE000E3FFFFF1FFFFF8FFFFF8F0E3FFFFF1FF27
:106AF000FFF8FFFFF8F0E3FFFFF1FFFFF8FFFFF8FB
:106B0000FCE3FFFFF1FFFFF8FFFFF8FFE3FFFFF1FA
:106B1000FFFFF8FFFFF8FFE3FFFFF1FFFFF8FFFFC4
:106B2000F8FFE3FFFFF1FFFFF8FFFFF8FFE3FFFFD0
:106B3000F1FFFFF8FFFFF8FFE3FFFFF1FFFFF8FFB2
:106B4000FFF8FFE3FFFFF1FFFFF8FFFFF8FFE3FFB0
:106B5000FFF1FFFFF8FFFFF8FFE3FFFFF1FFFFF892
:106B6000FFFFF8FFE3FFFFF1FFFFF8FFFFF8FFE390
:106B7000FFFFF1FFFFF8FFFFF8FFE3FFFFF1FFFF6B
:106B8000F8FFFFF8FFE3FFFFF1FFFFF8FFFFF8FF5B
:106B9000E3FFFFF1FFFFF8FFFFF8FFE3FFFFF1FF67
:106BA000FFF8FFFFF8FFE3FFFFF1FFFFF8FFFFF83B
:106BB000FFE3FFFFF1FFFFF8FFFFF8FCE3FFFFF14A
:106BC000FFFFF8FFFFF8F0E3FFFFF1FFFFF8FFFF23
:106BD000F8F0E3FFFFF1FFFFF8FFFFF8F0E3FFFF3E
:106BE000F1FFFFF8FFFFF8F0E3FFFFF1FFFFF8FF11
:106BF000FFF8F0E3FFFFF1FFFFF8FFFFF8F0E3FF1E
:106C0000FFF1FFFFF8FFFFF8F0E0000000000000D8
:106C1000000000F0F0000000000000000000F0F8AC
:106C2000000000000000000001E07FFFFFFFFFFF09
:106C3000FFFFFFFFE07FFFFFFFFFFFFFFFFFFFC042
:106C40001FFFFFFFFFFFFFFFFFFF000003C000006B
:106C500007E000000FF000000FF000001FF8000038
:106C60001FF800003E7C00007C3E00007C3E0000DF
:106C7000FC3F0000FC3F0001FC3F8003FC3FC003E1
:106C8000FC3FC007FC3FE007FC3FE00FFE7FF01F2A
:106C9000FFFFF81FFFFFF83FFE7FFC3FFC3FFC7F3C
:106CA000FC3FFEFFFE7FFFFFFFFFFFFFFFFFFF7FB9
:106CB000FFFFFE0000000000000000003E3CE0423C
:106CC0004440424440408040208040188040048E30
:106CD000400284404244404244427C38FE0000006E
:106CE00000000003C00E7008101818181818181F9C
:106CF000F83FFC3FFC3E7C3FFC3E7C3E7C3E7C3FC4
:106D0000FC1FF80000000000000000018003C00725
:106D1000E00FF01FF83FFC7FFE7FFE000000000048
:106D2000000000000000000000000000007FFE7F67
:106D3000FE3FFC1FF80FF007E003C00180000000D9
:106D4000000000A9AA456746696C746572696E67A0
:106D50002073657474696E677300AB4A005061728A
:106D6000616D657465723A0028322D34302900ACAB
:106D7000466173740068884E6F726D616C00AD532C
:106D80006C6F7700CF10203B4E4F2053656E736FB2
:106D90007200501C54656D700032185A65726F0095
:106DA000A2B8436C65616E696E6700491E3E3F562E
:106DB000A2B8436C65616E696E6700BBBC4E5455EA
:106DC0000085999AF4F5F2E353656C65637420438A
:106DD0006F6E204D657300412A5D566A444F2D4306
:106DE000616C6962726174696F6E00412A5D444F23
:106DF00000415D444F00DCDD332500DCDD1C444FE9
:106E00002500B9BA566A434F442D43616C696272DA
:106E10006174696F6E00B9BAB6B9BAB7B9BABD4391
:106E20004F44203100434F44203200434F4420332D
:106E3000006B1CB66B1CB76B1CBD54757220310007
:106E4000547572203200547572203300B9BA434F22
:106E50004400F7F8544F43006B1C321854757220ED
:106E60005A65726F006B1CBF3354757220536C6F80
:106E7000706500B9BA3218434F44205A65726F00EA
:106E8000B9BABF33434F4420536C6F706500C0C123
:106E9000534A434F4420436F656666696369656E74
:106EA0007400143DEAEB1C43757272656E742061C8
:106EB00062736F7262616E636500EAEB1C0041628F
:106EC000736F7262616E636500195A004162736F7D
:106ED0007262616E636500ECED32353400EEEF33C3
:106EE0003635006B1C54485475722053657400F29B
:106EF000E3838445674D6573204D6F64652053655A
:106F0000740013F3F2E34627456753696E676C65B7
:106F1000204D65732054696D65205365740013F32B
:106F2000F2E3838453696E676C65204D6573204D71
:106F30006F646500F4F5F2E38384436F6E74696EE9
:106F4000756F7573204D6573204D6F646500AEAF2E
:106F5000566A4E48334E2D43616C696272617469A2
:106F60006F6E00806FB0D8806FB2B3806FB4B570B1
:106F70004820342E303000704820362E38360070CD
:106F80004820392E313800806FB0B1806FD9D88059
:106F90006FDADBC9704820342E303100704820375A
:106FA0002E30300070482031302E303100AEAFB678
:106FB000AEAFB74E48334E2031004E48334E2032EC
:106FC00000AEAF4E48334E006D563A0080566A70A0
:106FD000482D43616C6962726174696F6E008070E4
:106FE00048000887D4232E5374616E646172642054
:106FF0006C697175696400D56F0887D4474200D603
:10700000D70887D455534100342E30302F362E38D0
:10701000362F392E313800342E30312F372E303084
:107020002F31302E303100191533566A436F6E649C
:107030002D43616C6962726174696F6E00F9FA5474
:107040004453001915191533454300F9FAFBFC5355
:107050004A4567436F6E76436F6566667365740075
:10706000501C534A456754656D70436F656666737F
:107070006574005B1C134F456753616C2053657446
:107080002055696E74000405505054000625000711
:107090002525006B1C566A5475722D43616C69621C
:1070A000726174696F6E006B1C54757200C4C54FB9
:1070B000525000C6462D00C7CE434C2D00E0E1E201
:1070C000566A43686C2D43616C6962726174696FC2
:1070D0006E00E0E1E243686C00DEDF75672F4C0074
:1070E000E0E1E243686C0021184869676820706F2E
:1070F000696E7400E3E445674D65617375726520E0
:107100005377697463680016E3E4E5E7E8E94C6FD8
:107110007720353075672F4C0021E3E4E5D8DEDFBA
:10712000E6486967682035303075672F4C00CACB58
:10713000B6426761203100CACBB742676120320096
:10714000CACB42676100F632566A496E736964655C
:10715000205A65726F2043616C000E0D8384466176
:1071600063746F727479009D24999A4D6F64656C95
:107170002073656C656374696F6E0000014437307D
:107180003200020342353830003134371C4D4C5345
:107190005300F2E3134F45674D657320556E6974D4
:1071A0002053657400081A184A456743616C204EE5
:1071B000756D2053657400321845675A65726F20EB
:1071C00053657400BF334567536C6F70652053651A
:1071D000740008090A090B0C0D6D672F4C00672F0E
:1071E0004C0070706D002500CD68FE4F695700504F
:1071F0001CC0C1534A456754656D7020436F6D7064
:10720000656E736174696F6E00F2E3584F45674DA8
:107210006573204765617220506F72736974696F7E
:107220006E000E0F10111213436C65616E204379CE
:10723000636C652053657400501C838445675465F6
:107240006D70204D6F64652053657400566A534A13
:107250000C5943616C20436F656666696369656EAE
:1072600074006C1B4175746F00160B0C313070701C
:107270006D0016171831303070706D00191A4154B6
:1072800043001B1A4D5443003218534A5A65726F1B
:1072900000BF33534A536C6F706500A3A4194F6449
:1072A000426C616E6B004B3A00423A00BF33566A43
:1072B000536C6F70652043616C001318566A4F6EF3
:1072C0006520506F696E74003218566A5A65726F85
:1072D0002043616C000887566A8F4F6957204361CD
:1072E0006C204F6E65000887566A904F695720439F
:1072F000616C2054776F000887566A434F695720A6
:1073000043616C2054687265650056322E312E350B
:1073100000804020100804020124504341533130C2
:107320002C332A31460D0A00CDCCCC3D9A99993E9A
:107330000000003F04000008000000000000000200
:10734000000100001000000002400000000000A04A
:107350000000000005400000000000C80000000020
:107360000C4000000000409C00000000194000009C
:107370000020BCBE0000000034400000BFC91B8ECE
:1073800000000004B5400000504BCFD06607E2CFAC
:10739000010000006C4100003E8251AADFEEA734DC
:1073A00001000000D9420000DCB5A0E23A301F978E
:1073B000FFFFFFFFB4450000FD25A0C8E9A3C14FB2
:1073C000FFFFFFFFFF3F0000000000800000000003
:1073D000FF3F000000000080000000003875020838
:1073E00000000020A058000060010008E49102089D
:1073F000A058002040450000C40100080000000023
:107400000000F07FFFFFFFFFFFFFEF7F1C00000089
:1074100043000000F8FFFFFF0C0000000E0000001A
:107420000F0000002E0000001001000043000000CB
:10743000F8FFFFFF00404040404040404040414195
:107440004141414040404040404040404040404039
:1074500040404040400502020202020202020202D3
:1074600002020202022020202020202020202002D0
:107470000202020202029090909090901010101060
:1074800010101010101010101010101010101010FC
:107490000202020202028888888888880808080890
:1074A000080808080808080808080808080808085C
:1074B0000202020240000000000000000000000084
:1074C00000000000000000000000000000000000BC
:1074D00000000000000000000000000000000000AC
:1074E000000000000000000000000000000000009C
:1074F000000000000000000000000000000000008C
:10750000000000000000000000000000000000007B
:10751000000000000000000000000000000000006B
:10752000000000000000000000000000000000005B
:1075300000000000000000001200011210044301CE
:10754000000100051C68FF1F00016360600A8318CA
:107550001806200E02040404080810101020204011
:107560004027400C44A4A8A8B0541A2A2A4A442D03
:107570004324420132243050050008380801323ECD
:1075800057123C1B60080204081020427E1030098C
:10759000020418040242423C30400B040C0C142438
:1075A00024447F0404A1500C7E40404078440202F1
:1075B00042443860100540405C626043221C205207
:1075C000429173101060322485415013384490501A
:1075D00005463A02029010081010182828243C167C
:1075E00032E7402006F844444478243344F8F72036
:1075F000053E42428001617053F844D05120B00CE6
:10760000FC424848784848404242FC104004404010
:10761000E0801344444050048E84444022E73C22DE
:107620007E054170637C1001427C70651F10050867
:107630000888F070300CEE4448507050484844447C
:10764000EE4053E040013342FE9023EE6C011254B1
:107650000132D620500CC7626252524A4A4A46460C
:10766000E2F042820151C022FC80737C40A0612084
:107670006005B24C380620227C6F6742E300374039
:10768000209041A063FE92B091D035E2623CE0547C
:10769000074424242828188022D69B1004546C28E0
:1076A000015130540824241818182424709006EE30
:1076B00044442828502B7E84506720205045B448ED
:1076C000060C34444C36AA1006C040405864C473BB
:1076D000645820171C22155900140500060202B434
:1076E00015E47A3BBB19045B7E40509406000C12F3
:1076F000107C7035E4159D53403CC25AC05055A0D3
:1077000094063030000070A0130C0C70320401534A
:10771000447890164EA35648A0C71070D035342236
:10772000490172ED1092DC6069A469F0212042D811
:10773000E055A2100500001A261F5005261A020760
:10774000501004EE32200182F8C0540542403C0241
:10775000A029D231E073120C50D6C6105574719026
:107760007008DB894A5A542424303676A2726E306F
:1077700045B46F101002041F7E44F2038F227E1C5A
:1077800004910B1DE203180408087FC5857C1E6266
:1077900091035E0830045A00EF21093D3F045DACBF
:1077A00003200A1008080402000040200A2D1E04CD
:1077B0001D5204C240C000052D7B40400001100452
:1077C0001C003E0202131C1C200803E007300E3888
:1077D0001C010004100C380E02231C0C1C0C071397
:1077E0000E38073003E011051005C001C01F040169
:1077F0001E0200051203E01FFC9C300A07F00C3C3F
:10780000181C300E306E13000EAD10081C0038002E
:107810007000E034000F1480030006060C06180602
:10782000300E3FFC3F402008E01C703838381C0206
:10783000613C11AA127848120C4E41C6120CE103A9
:10784000143807C012706C1005F000F0010210042B
:1078500003700602120C02300B1870387030706022
:10786000707FFE203102071203FE5C80070FFE0FBF
:10787000FE18000214041BF01E4E32187C618000BA
:107880000417301C3080340501F0071C65313E942C
:107890000A38003BF03F383C1C3C8C211F0C07127F
:1078A0000E1C0F3803F090061C0B1FFE1FFE180C59
:1078B00038183018A30330043000600216C0964216
:1078C000800292030205148025FE45FA14093C0E3D
:1078D0003C0C1F1C0FB054400AF8387C383C701E1A
:1078E000700E0205184015801406303818381C3503
:1078F000512C540B700E781E383E1C7E0FCECE16C7
:1079000018A00007657038E00FC00001033A7FFF40
:107910003E25F1B562C008003180318060C002218F
:1079200014CD2C08100406001E04011202E31F806F
:1079300050414425A619E219A9100418003060B678
:107940007F2224083E006300618061C42406000F8A
:10795000000180D62186CC0461803FC2031300075A
:1079600002120F0210041B003302100663007FC0D6
:1079700003161136B1502B3FC021292530043F009A
:10798000394E01145020040F0019F0194770047F7C
:107990000071F8E330C0F0327F8C416A21E6920C2E
:1079A000020114F02142854AE150211C56616834DD
:1079B0000661C033C01E20140431803358093F12C1
:1079C00009257C252261061DC506101840102010CF
:1079D0002013FEFA02144410401BFE3088D0881198
:1079E0000810D0161C0550508823A2071013481CFD
:1079F00049E0490049007DFC41444144794449281B
:107A00000210111049104A284A448C8208000BF8D1
:107A10000A081202101333F83040504097FC10E06F
:107A200011501248144418425C103440100011FCEC
:107A300011041104FD141108110015FC19443144FE
:107A4000D12811281110112851442182040004006A
:107A50000FF01820644003801C70E00E1FF01A62C3
:107A600010064005101001000240137FFC03800542
:107A70004005400920111021084FE4810218101818
:107A8000200017FC0004408440845FF4408441845B
:107A9000428444844884500820074104401440082C
:107AA000801E10000B1013FC0013FE3020382055F0
:107AB000285524922412221422E24004A010405C93
:107AC0002106233FF8681019FFFE050008881850AA
:107AD0002820C9180A060C0008200820FFFE0820EC
:107AE000432008F83F00111008208C21881008312D
:107AF00018C1060100027D100608201FF002161CA6
:107B000012082010902308CC46018006101820008F
:107B1000C007A30541BC613021D2610412006C3959
:107B2000B4000412FE2000021240023280FC432105
:107B3000080211A22208B043410402127FFA1C1865
:107B40000040784048A05110520865F65040484027
:107B50004FFC48406A5052450A2009484441404081
:107B600080084002100D13F81040308037FE50801E
:107B700091000C2004081110FC25FA258011E02347
:107B80000008181404103020C236FEB81102240573
:107B9000114010803C180613FE1020FC26300A10FD
:107BA00020142018203020D00C1C07102050A020BA
:107BB00040C50740062004403FF8A051A63548655F
:107BC000BA2408210811080910093812F867116B46
:107BD000523F0831102004003FF04D11061C0404F0
:107BE0002004400711FB2570110D1C062000A00089
:107BF000403E0C10093C0BE012201220320210070C
:107C000053FE9220121002400A12120A128A132600
:107C100012128A14181120112CFD34116413A411AE
:107C200024113411281D22E1224102006032020297
:107C30002303FC06416A216C480B0000248822447F
:107C4000424480045E41BA61C231CA10050A010291
:107C500001422602C05807FE40028004002210059F
:107C6000110011F8041C0600290047FEF50415A7B1
:107C7000127C04200801FC0044FE442002198018F4
:107C80000A4484FD044504022804C0200B00803F00
:107C9000FE222022203FFC061C0F23E020002FF0B4
:107CA0002410422041C086300E08180540044004CC
:107CB000641D570D20060840049FE2F82110194C5E
:107CC000172021C01DEA051C05FC00800180041C52
:107CD00008056009183104C13B0929422D470B31C1
:107CE00008199958081FFC20005FF0905ACD5003E6
:107CF00018050028002462201A202FA420242FA871
:107D0000289828924FAA4046808201004884481251
:107D100087F2E02988230FE0741E0FCA0C140F7F2E
:107D2000FC40044FE4482448244FE4400CE019F49C
:107D300061FC45D81702800F19F6440D3018C006B3
:107D400020403F7E489085082650089FE410201F61
:107D5000E010A249E681AE29F22208B01AF0552DB2
:107D6000950315E0496A1C1B13FE1880549050902F
:107D70005112915211541290122814281044108458
:107D80001102C0033D120412FD0410063110391017
:107D9000550218069110111211031C04120E140042
:107DA00004140413FC1043300447C4440181083E0A
:107DB00040000425F0101A3B7C211441FE7A14A2E5
:107DC0007C2710F97C251025FE22102A103500286A
:107DD000F821F61D540428042011FC6048075420A3
:107DE000902017FE5451021C2B0010FC3C2424242C
:107DF0004854BE882A102A503E7C2A902A103EFE03
:107E00002A104A10421086102420FF20247E7EC4AF
:107E100082287A120534047AC6054E19E219541ADA
:107E20002050340A200023FC22042204FBFE2413E9
:107E30002BFE3220E22022FC228422842484A4FC13
:107E40004884702184410229FA410A2D60031D698A
:107E50000F157A180501FCFD24D61AFCDA38042423
:107E60007DFCEE11068C061C20E02043400422809D
:107E700002100A2FFC20842084210421703C082257
:107E80000444044828906604151F150D477FFC2202
:107E900044094AA44A9451144204202405000023B2
:107EA000F88B1A80CE600A40801080110021F8E023
:107EB0008F2C0450002016052C107FFE41029D746B
:107EC00001001D7002800C6032C8041C06E0002016
:107ED0000640B0073E4020031D5E03AC0D44442F16
:107EE00088111022484FE40020FE031160741DFC2D
:107EF00012041204820443FC4A000A40124412484D
:107F0000E270224024422442283E10C00113021D88
:107F1000C0051208EA1D21043C11A810A4FCA211FE
:107F20002231203A24542454289088102C0410C064
:107F300013480C19401C1217FC84844888414011D6
:107F40004413482530E9202124061E215E065F01E6
:107F5000002003151E1C0540801FF8D00411E415F5
:107F6000A262800210082200227C7F442202333E5B
:107F70007C06134422081404FF4404A21C04411488
:107F8000827005100400801FA221023E1F4A061EB7
:107F90001072061404240424601C0487FC041604D4
:107FA000513824087C01200110FFFE222D180361A6
:107FB00016255C1E3FA0031C044FF080800459F876
:107FC0002102120A024C04060002600329345009FF
:107FD0003E08224822483E48062C080822082A2843
:107FE000241060041FFC7C0A031C0C0822FE3C9237
:107FF000649264FEA492C106110C44072512210A62
:108000000204002E102D062F40F04C0322A0021C6B
:10801000071510191012081F119D2E047D3204B18E
:108020000E11401DFE075C111202849441084A643F
:10803000089011081204E5FA72061D70064DA0039F
:10804000280AFE7C2084288849207EA63C0E500EFB
:1080500050F8504888088809040A028C0A7DC00F2D
:108060008E3FAA0E5DDE06500800027BC24A424ADD
:108070000163FFEA0A1C084A425A42854A08000383
:108080003E21EC071C060110020EF484061D260892
:10809000100710109014A018CA2C0503180C0628FD
:1080A0000610087C08440845FE4406110A1E88D9BB
:1080B0000632480A1E08DC040E1010C0052DA20569
:1080C0001E09A60A2C04058018000591944D9406FB
:1080D000116E1C09082104410281020514068DAAB3
:1080E000046DA2046DE2051C06290045008390037F
:1080F0001C1449202A20083EFF442A44494488A4ED
:108100001028FE2822FA032C0D642818283444C2B3
:108110008210A0112C9A032FFDACA0035C0B15FC60
:10812000182031FCD088105040098E065A081C07D0
:108130007FFE42028424480E1D1E082DCA077C07BC
:1081400011202510420820093D260911402C050068
:1081500033FED090042C083C112052A0247EA009AC
:108160003C1E202023FE4840F888110423FE409244
:10817000F890409000901912E112420E040008E2BB
:108180000729941D1B0D1C0508520892DC073102BB
:108190001D40042F1FFE790F2F23F89E091C078313
:1081A000F842084208FC0730070027FCE4A4240238
:1081B0003E2F20074DF6083D990F1D88041E04EB45
:1081C000062DE2056DE005560124A1041C070100FF
:1081D000088448923E062DB6121D160911861C050C
:1081E0002010403FA6061DF8081E084E094E04A6A2
:1081F000091D0207D70000624C0D0440444424448A
:10820000144814500440000910047BF84AB81004C4
:1082100053F862065C124BF84A444A486A305220CE
:1082200042104288430642A00A441111FEFC00108D
:108230008831043A02548850889050601C05108898
:108240001306E00813200BE81404100031023C046C
:10825000500091EE094D740A21061D2E051C0424C0
:1082600010A43E045C0DA8102033FC3804540450C4
:108270000491D0032D7A041E003A0515F02EFCDE81
:10828000143008F3E4122412241306180617E41815
:10829000041060AD60053D62052D6A051C09902043
:1082A00088208840805F00082D200A3C0A7F200833
:1082B0002808240F22F0B0051F3FF83B0731025673
:1082C000FF605DE809A2F8062D490331061D1E0472
:1082D000180440009F7A1E7F080314130A107FD0F1
:1082E00004103F900412FFEA040A04060402E02C82
:1082F00004480A48600B1E3100072C04511090E01E
:10830000033DE8031E11E2032F140680052D6E06BF
:108310002D86092D4604C56E45D42D50092D2C0BF4
:108320004D560B3E11A60465E01D60062EFEDC09CD
:108330001C1811FC21243D2465FC6524A52425FC82
:1083400025203CA0244020B00340031347FCD73C29
:10835000094003F80088E08827AC0A1F23F89C0432
:108360001C0708320823F80240061D56051D230885
:10837000C31008082D29042805402880109E2F0FBF
:10838000FC4404140433F832E61A92843212042BAB
:108390001208A07DC0093B20FDF4410218081D20F1
:1083A000E120412007A08D76084D4A0321122F08B5
:1083B00088BC0849802DD6062DC00B2104E9A8727F
:1083C000FF408D22048D26044D400C2DC80A1E3C12
:1083D00063132C0441FCBD66073F24FD6A074DEA88
:1083E0000A1610F91C06014041202180032C0802C6
:1083F0002016201BFC12C2091EFCC20721088C0596
:10840000FE22000280063D77081F14441C061C0B48
:1084100044E040204820442FFE247E053D220CCD20
:10842000B209AE10C0093D900435967C0829282574
:108430002445448130044D98093DE00C2C068440CD
:10844000A44094E00C2C0E4EA44AA44EA440C44672
:108450005458B441C4070E240C1C0E3E7E4E0C1E14
:108460004033123E44100B124208AE38C9131C04AC
:108470001838241F04A1028C04243E18A80F3C04C1
:108480003C1842DD171004024204261DBD0A1D6A75
:1084900017927E2012FC521248023C0878DC486297
:1084A00048424036178EFCF6142D81182E70F209C2
:1084B0001E3ED5091C04441038B106BC083C1042CD
:1084C0007C42003C940E1D7F151E3E5B05211D1253
:1084D000021FBE7C831331C010045C0062BC4102E9
:1084E000A15F1C073E0042C04240E3072C075C80AE
:1084F00062804280D417EC044238E7F40E11601C0D
:1085000004DC1062BD0531020F107CE7FA182E3C26
:1085100050162C05407E3C40951802117C20317A83
:10852000254E81BC1E0E0C0C1E21C40F3E31E810DE
:1085300041025200062D7E052DCA071C1C23F8F8A7
:108540000027BC24A42CA437BCE0402FFE216022CD
:10855000502448B846404009AC063C0E090011FEC4
:1085600012803280348050F890A2084F10FCAA0884
:108570001F1080D3041C04480040C20B1DE8082EC5
:10858000209E08100444222802440A122A32444A37
:1085900040868102D91FFE40140A5244021C0784FF
:1085A00010841E84F1240E2D800C6DD81545353CA9
:1085B00004D8426491181D54171C064258E7400025
:1085C000EF0B1C09902090109013FC0054061FF034
:1085D00090FC0A110E2D7C0F1E12FD041E47200B6D
:1085E0005E0422064DF60B2D38042DF00E3DB00C26
:1085F0002C061040088006A80F1C0517FC111060FF
:108600000F1DE0031C043BF856E4031E9010036D9D
:10861000A00419171244022D9C041D2A0D3E3E8E03
:108620000E1DFB041C07220F12780A2000091E00F1
:10863000E5183F27FC60044C0440E7FE5C042D6015
:1086400004122B4E1C04222802160D1408203C276D
:10865000C02040F8361C0820402940365CE4400623
:108660001004275C24062C04A7FC44C0051C1640FB
:1086700017FE11208120423C424416641294234884
:10868000E2482230720D9C0550228803A00C6D98A0
:108690000E1D13072E20740B1D680D2D600E2D3E30
:1086A000071F4023360F1208481E3055061D000FC5
:1086B0001D620E2D96032D66060D18241B8D261B9C
:1086C0000D13441B4E0043173D300E1D2E0E1D741E
:1086D000043F0041601065442DF20D1D80051D3ED4
:1086E0000E200C4440548054FE5508568854021FF6
:1086F00050543E086C092850248845048202600DBD
:108700003DFC0F2DBA041F0021500ADC0A030405AA
:10871000041928E11001A9160E13FFC015CD980900
:10872000E12A11925D260F10090240022002100278
:10873000080261123DDE096DCA0F6DFA0E61024D2D
:10874000E0066E0242101DE4055C06304057FC90C6
:108750003E104F104080081D60161DE7055E1FE6A5
:10876000043DD8111DF0093D000E1D600C7E001661
:108770000B5D06104DFE105E040E103D2C07FD9C97
:108780000F3DA40F1C0441084160068D52112D5E5F
:108790000E181022003EF822883E9022502F20F220
:1087A0005042006DE8056D440689C465801C0422B2
:1087B000401220111E04680B4FF7FC7E062D0008A6
:1087C0004F141C00031C04200027C2031C042110AA
:1087D000F0EC102C0921B0264E3040E3F88C032930
:1087E000B41EA08C1A2DC010654020057FFC0480AB
:1087F000021DB4071F80108A0D2F407CC0114E113E
:10880000FC103D3412680511106008045D80072CCF
:1088100004047F8476081C071224FFA412242A0E65
:10882000980514410881AC1D7E111EFC140B13F831
:10883000FD043C15110E17F8180837BCD0A412A47B
:108840001128129054A8284698125D9E081D2604EF
:108850002DA8082D2A041408222012280A3006CF39
:108860001D600A1C11200824104430F8481084238D
:10887000024000FDFCA6087D400E4D680E1E25BB83
:10888000102C05F82010FC720E1C04FDFE40150D86
:108890001C041C2AE001082D87121D60031DC0075F
:1088A0001C0683F8404047B0071E139C035EE3A4F8
:1088B000032DA0036D20112F8824C2102D6E0C856E
:1088C000722D180C4D00074DF0087DF408910C2511
:1088D000621409500050F0230C02040D41021DF9EE
:1088E000083C04030C0130092DC0092C083CA420CD
:1088F000A84020BD280B2DA0073DA8071C0414503C
:1089000018100B4F02029813BE0136076DDC072DBD
:10891000E00B1E00401B2D300F2C0B002003FEF03F
:108920000210941050600C1C0A13FE1428184410F6
:10893000820380041F207C400E201AFE8442447073
:1089400047C41444143C2420E410245425422942F2
:10895000294A1238402D20151C0D822242244A201B
:108960000BFC1284128860041C0550222024A203F0
:108970000F1E090600145DE0101007F8184854484F
:1089800050023D5E131DA20D3D64051DC0094DF052
:10899000041C0A3208ABF8A000A7FCA4960B1D0E1D
:1089A000051D3606AC09211020E023182C06200AEC
:1089B0001E041E0AC01140500810FFD01112320AC6
:1089C0000C0A1B066082201C0424900B3E0D4C0DEB
:1089D00060500412248A0B0A10866042B8173E04C5
:1089E000BA161004140024021E44F41615649F6085
:1089F0001FC004DC0518082438FF07900408183E3F
:108A0000201138CD8007DC0522601C6020085C083E
:108A1000404240245C186206209F223C8D1B1E3879
:108A200005064DB6073C0446003A820890042460CF
:108A300018807004083C38775E088A08AF3E3C6AAC
:108A40001C1D371AD20802FE3E99073E426D092DC1
:108A500063123E20A7072DA6204DE0031FFC841CB7
:108A6000153E402A061E215C0A1004212022016FB7
:108A7000241EBB1C1F3E383108738280021F4282B5
:108A8000281E9D210972F8C06D7E08AF4400530571
:108A90001008C7FE629262105202324A0212460267
:108AA00092E240D2E73E9E42400891C02D2B0A3E02
:108AB000187307D1215C173CC7426242620252041C
:108AC00052184A044A024A424642463CE2831D1F6B
:108AD000481412081C054108BE48860C1C0D287F4E
:108AE0000E08782A082908490888950C1D5D101D74
:108AF00070074C1200407E400240046008501A4843
:108B00002C444A440A860751022C050A480950029F
:108B1000033C083402380451F090E0101D0812198B
:108B20009E1E17BA115DE0091D1C2110084842481D
:108B300080788048021D69099005424044E0E05E6B
:108B4000E0600A8102AF42004B1C1738FC5F210233
:108B500010047C82480216445FCC044238E3400A89
:108B60004DD609727C42AD8B1B7D600A0005110059
:108B7000487E48202B3EE07E728002119F0C042824
:108B80004238FE200A5D9F0AB102AD7F0A2900210A
:108B9000021E784020213B1160F73CF8C549E810DF
:108BA000040C00342A4F4C00C5204D74064DF007CC
:108BB0002F2FE832182D52134D84102D200F5D9E5B
:108BC000061DDC073C0A7D9005A009400940113CC8
:108BD0000F4C04410681C004FDCA0BFDDC070D1BD0
:108BE000800685011D20031C0640C6204218C30BC9
:108BF0001DE3212C0446427BB7164DA3115D780579
:108C00001D9B172C041C1022AC0D2D42060F10408A
:108C10001C851F1EFE081A6102CEEDC91B31603C87
:108C20000EFE2049184904490249424942ED4622B4
:108C30001D80193D1C181C044908F9DC112DB607CC
:108C40001C04F9F841CA087C061908E108478408A1
:108C50002E3C8C231804448044611C04448E428CB6
:108C6000051E42A8219D4C123EE7E8211D620471B9
:108C7000C0CDA00B2D06171E18EB161DED161DA45A
:108C80000BFE44200C3D8622B1012DE720AD200DC6
:108C900066420269000C0428601060200D3D210529
:108CA000BD21041E60E1042D000C2D3610200C2186
:108CB000FC39044A0455F4811421021EF4A2153C27
:108CC00007282912310220600B1E0E26062DD9120C
:108CD0001EFFE1121C0418441C68121E2AE3123EF7
:108CE00088E112D608805804C63E42802804463CDB
:108CF0007BF3563CC03EE0540A3DCC0A55C01E42B0
:108D0000150C31811C040020788F0E2102434BFE8C
:108D10000821106D671A25A02DD5131C0449F8F8F9
:108D200089141D60121C0D20FA22417400A8192418
:108D3000E22240801949B02DD6072D280AEF0420E1
:108D4000C012AF00006E0F2DBE1B410441341D68E0
:108D50000B4C06001DFCF104E2121E10981D1C04B1
:108D600039FE5466173E91C8163E13A0123DB30556
:108D7000527EBA1E781F0E2D830A4806420844040C
:108D800038FE1E4024162D3115ADFB052DF01104C3
:108D900004102000407F76C6E0F80546187B00E10D
:108DA0005F3E08800E1DF40F753F11612EE0AB1C75
:108DB000AD15051DDC1752FE612C0507F87908F08A
:108DC0001C18054920493CDC1C08044A887A884A5A
:108DD000503E0C3F5008600A8DE01A6D6A17158AE4
:108DE0004D260F6E3E9D1E2F3C7EA0041008424073
:108DF0000278044408E01DF4249F447E40050D11D0
:108E0000A007AE008A1E4D60071DC4051D600759EE
:108E1000FFBD60070D1AE00F10197BFE480051FCE2
:108E20005104610451FC48004BFE4A8A6A5253FEC9
:108E30004222021F2A42C0161C0A03FC190C2504F8
:108E400025041984151D222221063D3E095D4C2171
:108E50002F04271609100554855445021215021CCB
:108E6000052554E55462181C068422442414ED237D
:108E70001D6F051D12132DF4131F080A71191C070D
:108E80001040E0A020A080172C0510220824801696
:108E90002D400A1EFEC80E3C05A00120F3BE185E40
:108EA0001062195C04282047800A1C0421FC243726
:108EB0001B17FBFE182C0F944050FD10409003FE32
:108EC0001C28E04440A0091D80122DEC0D1C080553
:108ED000F40444E444277A176C0D25F425142D146A
:108EE00035F4240404147C241C04FE3892CE09B109
:108EF00002BDC0074D9F047DF517FD001113FEF85C
:108F000040B24202BD80045D3F051DA81D8D9F0734
:108F10004DC5272D9F252F2020540B1C0650409314
:108F2000FEFC321D2C0811FC1C04F08850A2142DEC
:108F3000EC272DCE0F1DFA041C04FA1015C21914CB
:108F40000719243124D124102DC2141C0A8851047D
:108F500026020008301094033C0740488049003244
:108F6000BD082C0C130C249244928492049203D8D2
:108F7000255DE0173E87BE19158A15042D020F2DB9
:108F8000000F3E27801801FF0101FF0101FF0101D1
:108F9000FF0101FF01019D011FF87E4C2E3E043DA3
:108FA000175E085F068F10F8962B5C0400183C369D
:108FB0000F7D6117B0052442187E401D26141C0544
:108FC00044407878390D2E02C00B0C05104444F84B
:108FD00038A01711364109110BAE3CA0176EFCFEEC
:108FE0000A6F7C7C562E9EE0610DFC04FE00920010
:108FF0000DAD200710064400A400A8021008B00020
:1090000054001A002A024F4A00F52F0D1FC006CD4A
:10901000400C1F3E49461D7C0849384940493CEDFB
:10902000E40E0D1BC00ACDED0C3E3E4E161E38DA86
:10903000090E103C450F1D4F2D5C04D86464E016EA
:10904000C004645858E40D1BC00C0118E10D1D004C
:10905000132DC0161E209C161E00780E1C0447FC03
:1090600050881C1C0423F8E2F2174DF6172D201B24
:109070004D16254F2FE87A1A2C05200827C81C1CEE
:109080003C0427C840201B0D1E80200D1E201F0DF4
:109090001E001BDD200D2FC62427173D652DCFE7B1
:1090A0003B422D3DF40E6E3C1E190C052812420C5D
:1090B0003C201A7D800B1D61185D800BDC04641858
:1090C00058A50F25A02FFE641B0E1D1F0E8C0564D6
:1090D0004958EDE40F100810FE1092181028021ED7
:1090E000241A1A4D8B090E29E7C0094007EEFE6CC1
:1090F000926C10025254020004FFD638000101FFA6
:109100000101FF0101FF0101FF0101FF0101FF0159
:1091100001FF0101FF0101FF0101FF0101FF010149
:10912000FF0101FF0101FF0101FF0101FF0101FF3B
:109130000101FF0101FF0101FF0101FF0101FF0129
:1091400001FF0101FF0101FF0101FF0101FF010119
:10915000FF0101FF0101FF0101FF0101FF0101E228
:10916000011006AF620208B40412B90412BE041260
:10917000C40412CA0412D0186DA2311DCA4E9E003A
:109180002355011D52DD9D4C0D3D1C2612DA8C121B
:10919000E1A42DF35110051F1C1F1E0231050126ED
:1091A0008E057A5CFF35FEA33001930147BD06ECC6
:1091B0008D79531E1F83511E1FCE4E4104810A011B
:1091C000B40104041B01C2018883A11620091FE514
:1091D000021401222DCC477E0EF43EC108013A0153
:0491E000000000008B
:0400000508000125C9
:00000001FF
