:020000040800F2
:10000000F83E00200D0100088B4A000881410008DD
:10001000894A000849120008D9570008000000006A
:10002000000000000000000000000000C5510008B2
:100030002D1D000800000000814E00086D520008D0
:1000400027010008270100082701000827010008F0
:1000500027010008270100082701000827010008E0
:1000600027010008270100082701000827010008D0
:100070002701000851140008270100085D1400083A
:10008000691400082701000827010008270100085B
:1000900027010008270100082701000827010008A0
:1000A0002701000827010008270100082701000890
:1000B000F152000827010008270100082701000865
:1000C0002701000827010008270100082701000870
:1000D0002701000891570008A9570008C1570008D8
:1000E0002701000827010008270100082701000850
:1000F00027010008DFF810D000F0FCFC00480047A2
:10010000C9B80008AFF30080F83E002006488047D9
:1001100006480047FEE7FEE7FEE7FEE7FEE7FEE7EC
:10012000FEE7FEE7FEE7FEE7ED520008F5000008F7
:100130002DE9F05F0546002092469B46884606461C
:10014000814640241BE0284641464746224600F0AF
:10015000B4FB53465A46C01A914110D31146184673
:10016000224600F09BFB2D1A67EB01084F46224602
:100170000120002100F092FB17EB00094E41201EE8
:10018000A4F10104DFDC484631462A464346BDE877
:10019000F09F40EA01039B0703D009E008C9121F42
:1001A00008C0042AFAD203E011F8013B00F8013B31
:1001B000521EF9D27047D2B201E000F8012B491E5D
:1001C000FBD270470022F6E710B513460A460446F4
:1001D0001946FFF7F0FF204610BD30B505462A4608
:1001E0000B4612F8010B13F8014B08B1A042F8D0EE
:1001F0001CB1002802D06D1CF1E7284630BDF0B4D8
:1002000080EA0102D40F4200B2EB410F02D2024653
:10021000084611464A0042D0C30DDDB2C1F3C752B1
:10022000AD1A202D35DAC1F3160141F4000204B1F4
:100230005242C5F1200602FA06F12A411044B3EBFE
:10024000D05F23D0C4B1012DA0EBC35009DCF0BCBA
:100250004FF0004202EAC352DBB200F5000000F0AA
:10026000A6BB400000F1807000EBC350A0F180708D
:1002700040EAD170490009E0490841EAC071A0EBA9
:10028000C35000F50000400800EBC350F0BC00F084
:1002900085BB6142012202EB4101001BF6E7F0BC85
:1002A000704781F00041AAE780F00040A7E780EAAC
:1002B000010210B502F00043400022D04A001FD0D6
:1002C000010E01EB1261C0F35600C2F3560240F476
:1002D000000042F40002A0FB022000047F39140455
:1002E00000D0401C50EA124001D44000491EC2B266
:1002F0000C0604EBD010401C4008802A02D003E01A
:10030000002010BD20F00100002900DA0020184371
:1003100010BD30B480EA010202F0004530F0004226
:1003200021F0004013D090B1C30DD40DC2F31601DB
:10033000C0F31600E41A41F4000140F400027D34D9
:10034000914201D3641C00E04900002C02DA30BC69
:10035000002070474FF400000023914201D3891A16
:10036000034340084FEA4101F7D151B1914202D114
:100370004FF0004105E002D24FF0010101E06FF0C3
:10038000010103EBC450284430BC00F007BB2DE949
:10039000FE4F804681EA0300C00F0C46009021F01A
:1003A000004123F00045B8EB0200A94105D24046C8
:1003B000214690461C460B46024623F0004010435F
:1003C00047D0270DC7F30A00C3F30A510290401A21
:1003D000019040286BDAC3F3130040F4801B0098AF
:1003E000924620B10023D2EB030A63EB0B0B01987A
:1003F0005946C0F14002504600F050FA06460D46FC
:1004000050465946019A00F068FA10EB0800614125
:10041000002487EA115284EAE7731A4340D0009A15
:1004200062B3019A012A4FEA075215DC001B61EB07
:1004300002014FF0004202EA0752CDE90042001CDF
:1004400041F5801132462B4600F0EEFA03B0BDE8CC
:10045000F08F40462146F9E7001B61EB0201001CCA
:1004600041F5801300185B412018A2F5001747EBF7
:10047000030140EAD570B6196D4111E06D084FEAED
:10048000360645EAC0754FEA0752001B61EB0201D0
:10049000001C41F5801149084FEA30000019514114
:1004A00032462B4603B0BDE8F04F00F0AEBA0098DC
:1004B000012240000023D0EB020263EBE0730098BE
:1004C00021464FEAE074B8EB000061EB0401E9E774
:1004D00083F000435BE781F0004158E72DE9FE4FD0
:1004E00081EA030404F0004421F0004100944FF03D
:1004F000000B23F0004350EA01045ED052EA0304EB
:100500005BD0C3F30A54C1F30A552C44A4F2F3346C
:100510000194A0FB0254C1F3130141F48011C3F311
:10052000130343F4801301FB024400FB034E840ACF
:10053000970A44EA815447EA8357A4FB0768029567
:100540008D0A05FB07854FEA932C04FB0C54270505
:10055000029D4FEA065847EA1637B5EB08056EEBE1
:10056000070C870E920E47EA811742EA8312A7FB17
:100570000201B6EB0B0164EB00042B0D43EA0C33D4
:100580005E1844EB1C50DA465146E7FB0201C5F306
:1005900013044FEA0B3343EA14534FEA0432019C2D
:1005A00043EA0603A4F10C040294009CCDE900B4D4
:1005B00000F03AFA03B0BDE8F08F00200146F9E7F9
:1005C0002DE9F04D81EA030404F0004B21F00045D1
:1005D00014464FF0000A23F0004150EA050220D0F3
:1005E00054EA01021DD0C5F30A570246C5F31303AE
:1005F000C1F31300C1F30A5640F4801543F480138D
:10060000A7EB0608101BD64608F2FD3873EB050071
:1006100002D308F1010801E092185B41B8F1000F24
:1006200003DA00200146BDE8F08D00204FF4801170
:10063000064684460EE0171B73EB050705D3121B15
:1006400063EB050306434CEA010C49084FEA30000E
:1006500092185B4150EA0107EDD152EA030012D033
:1006600082EA040083EA0501084305D0101BAB4170
:1006700006D20122002306E000224FF0004302E0F0
:100680006FF0010253101AEB06004CEB085110EB0F
:100690000A0041EB0B01BDE8F04D00F0B6B970B5B2
:1006A00021F0004303430CD0C1F30A550024D5EBDD
:1006B000040564EB0403D617AD1AB34102DB002036
:1006C000014670BD201841EB025170BDC10F80EA98
:1006D000E0700844CA079623002100F068B9962309
:1006E0000022114600F063B90EB5C10F80EAE07038
:1006F0000844CA07002140F233438DE80E000A4641
:100700000B4600F091F903B000BD0EB540F2334145
:1007100002910021CDE900110A460B4600F084F950
:1007200003B000BD20F00040C10DC0F3160040F43E
:1007300000007F2901DA00207047962903DCC1F10F
:100740009601C840704796398840704770B5C1F32C
:100750000A5201F000450024C1F3130140F2FF33B7
:1007600041F480119A4201DA002070BD40F2334317
:100770009A42A2F2334203DC524200F09EF800E0BB
:1007800090402C43F1D0404270BD00F0004230F068
:1007900000400AD0C10D01F56071C0F3160042EAB5
:1007A0000151C208400711437047002001467047BD
:1007B00030B5041E71F1000404DB4FF000444042E8
:1007C00064EB0101141E73F1000405DB1C464FF0BD
:1007D0000043524263EB04038B4208BF824230BDA8
:1007E00030B5041E71F1000404DB4FF000444042B8
:1007F00064EB0101141E73F1000405DB1C464FF08D
:100800000043524263EB0403994208BF904230BD5B
:1008100001F0004330B421F0004150EA010206D05B
:100820000A0DA2F56072C1F31301002A02DC30BC8C
:1008300000207047440F44EAC104C100E01830BCF6
:1008400000EBC25000F0AAB8002801DBC0F1004064
:10085000002901DBC1F1004181427047002801DB22
:10086000C0F10040002901DBC1F10041884270471E
:1008700030B50B46014600202022012409E021FA70
:1008800002F59D4205D303FA02F5491B04FA02F56D
:100890002844151EA2F10102F1DC30BD202A04DB40
:1008A000203A00FA02F1002070479140C2F1200383
:1008B00020FA03F3194390407047202A04DB203AC2
:1008C00021FA02F00021704721FA02F3D040C2F170
:1008D00020029140084319467047202A06DBCB17B7
:1008E000203A41FA02F043EAE07306E041FA02F3EB
:1008F000D040C2F1200291400843194670470000E1
:100900000FB4002300B589B00CA900910B996FF0CA
:100910000042CB601E4B06931E4B07930423CDE988
:1009200001321D4A089202466B46002000F08EF903
:1009300009B05DF814FB70B586B006464FF0FF3085
:100940000091CDE90101002015460C460490324685
:10095000694604A8FFF7D4FF02460498211825B180
:1009600008B1084600E020462860049800280DD011
:10097000002A02DD0098884208D0081B0094CDE9C7
:1009800001043246694604A8FFF7BAFF06B070BDFD
:10099000850E0008A30E0008190B00080029A8BF47
:1009A0007047401C490008BF20F00100704710B498
:1009B000B0FA80FC00FA0CF050EA010404BF10BC4D
:1009C000704749B1CCF1200421FA04F411FA0CF17A
:1009D00018BF012121430843A3EB0C01CB1D4FEAB3
:1009E00000614FEA102042BF002010BC704700EBAE
:1009F000C35010440029A4BF10BC7047401C4900DC
:100A000008BF20F0010010BC704710B5141E73F130
:100A1000000408DA401C41F1000192185B411A43BE
:100A200001D120F0010010BD2DE9F04D92469B460A
:100A300011B1B1FA81F202E0B0FA80F220329046B0
:100A4000FFF72CFF04460F4640EA0A0041EA0B017B
:100A500053465A46084313D0114653EA010019D0B1
:100A6000C8F140025046FFF728FF05460E465046A3
:100A700059464246FFF712FF084305D0012004E023
:100A800020463946BDE8F08D0020054346EAE07671
:100A90002C4337430A986305E40AA0EB08000022C0
:100AA000FD0A44EA47540A3002D500200146E9E72E
:100AB000010510196941DDE9084500196941BDE8E2
:100AC000F04DA2E7C1F30A52C1F3130140F2FF3324
:100AD00041F480119A4202DA00200146704740F248
:100AE00033439A42A2F2334202DC5242FFF7E5BEA0
:100AF000FFF7D4BE064C074D06E0E06840F0010366
:100B000094E8070098471034AC42F6D3FFF7F6FAA2
:100B100008FF000828FF0008C0B24FF4F05100F0B1
:100B2000D1B900002DE9FF4F087883B09946FF281E
:100B300005D0491C2D2804D00024002008E0002006
:100B40000BE00124F9E700EB800003EB4000491CB7
:100B50000B78FF2BF7D104B14042002302931478A5
:100B600019461D462D2C01D02B2C04D1521C2D2CA6
:100B700013D000240294AA461478FF2C0FD00A2523
:100B8000A3FB057801FB05814FF0000C03FB0C1162
:100B9000521CE3194AEB0101EEE70124EAE7814424
:100BA00053EA010002D019F5C87F06DA0398002144
:100BB000C0E9001107B0BDE8F08F0025AE4E2F460A
:100BC000DFF8B882184600F091F9CDE90001B9F1DB
:100BD000000002DAC9F1000400E004460023A74A3D
:100BE0001AEB030B42EB045A12E0E00707D02A4647
:100BF000334638464146FFF771FC074688462A4689
:100C0000334610461946FFF769FC05460E46641048
:100C1000002CEAD1DDE90001B9F1000F5A46534634
:100C200006DAFFF7CDFC3A464346FFF7C9FC05E07C
:100C3000FFF754FC3A464346FFF750FC029A0AB1CC
:100C400081F00041039AC2E90001B3E72DE9FF4FAB
:100C50001F468DB0D7E901464FF0FF382E2045469C
:100C60004FF000090B90B9696D1C0E988847396ADE
:100C7000824688470028F6D1BAF1FF3F0AD024F413
:100C8000D064002E11DDBAF12B0F08D0BAF12D0F70
:100C90000BD102E0404611B08DE744F48064B9699D
:100CA0006D1C0E9888478246761E6946600501D500
:100CB0002D2000E02B208DF8000001F1010B0DF13B
:100CC000200809E0B9696D1C0E98884782460F9884
:100CD00044F40074761E0560002E02DDBAF1300F78
:100CE000F0D00B998A453ED144F0800406E00F997C
:100CF000681CA9F1010944F400740860B9696D1C0D
:100D0000761E0E98884782463028F0D02BE00B994B
:100D10008A4505D1200603D444F08004761E18E0ED
:100D2000504605F057F808B30DF11301761E44F450
:100D300000748B4508D2AAF130000BF8010B200695
:100D400007D5A9F1010003E0200602D409F1010052
:100D50008146A00502D50F99681C0860B9696D1C11
:100D60000E9888478246002ED1DC53E0002E51DDDC
:100D7000BAF1650F02D0BAF1450F4BD1A00549D5A4
:100D8000B9696D1C24F44074761E0E98884782461B
:100D9000002E0CDD2B2804D0BAF12D0F07D144F41E
:100DA0008074B9696D1C0E9888478246761EE005EE
:100DB00001D52D2100E02B2108F8011BCDF82C8056
:100DC00021E00DF12901761E44F4007488450CD20F
:100DD000AAF1300010F0FF0088F8000002D10B9952
:100DE000884509D908F1010806E0E00501D5244845
:100DF00001E042F20F708146B9696D1C0E98884778
:100E000082460F980560002E04DD504604F0E2FF94
:100E10000028D6D1F9690E988847FF208BF800008A
:100E200088F800000020069007904B466A4608A903
:100E300006A8FFF777FEA00502D46FF001002AE7AD
:100E400014F0240F0AD0E00714D1DDE90612386847
:100E5000031D3B600068C0E900120BE0DDE90601FC
:100E6000FFF7D6FC0146E00704D13868021D3A605E
:100E70000068016028460EE7000014400000F03FC3
:100E8000F1D8FFFF426842B1016811F8013B23B17C
:100E9000521EC0E90012184670470121C160881E29
:100EA000704742685AB1C368016843B983688B428E
:100EB00005D0491E521CC0E90012002070474FF0B7
:100EC000FF3070477F2801D9002208E0064A02EB74
:100ED0005002C007127800D1120902F00F0201205F
:100EE0009040084070470000C5FE00080EB540F273
:100EF000334202920022CDE900221346FFF794FD0F
:100F000003B000BD70B58C1810F8015B15F0070335
:100F100001D110F8013B2A1106D110F8012B03E092
:100F200010F8016B01F8016B5B1EF9D12B0705D49A
:100F30000023521E0DD401F8013BFAE710F8013BE3
:100F4000CB1A921C03E013F8015B01F8015B521EFF
:100F5000F9D5A142D8D3002070BD70B50446006811
:100F60000168C943490620D4816821F001018160EC
:100F700001F00CFE054613E001F008FE401B0228BC
:100F80000ED920680068C043400609D4E06C40F0E8
:100F90001000E064206D40F001002065012070BD6C
:100FA00020680068C0434006E6D5002070BD000000
:100FB000F8B500260446009600680168C943490652
:100FC0002ED5816841F001018160164816490068FC
:100FD000B0FBF1F000EB400000E0401E0090002864
:100FE000FBD101F0D3FD054615E001F0CFFD401B1C
:100FF000022810D920680068C04340060BD5E06C79
:1010000040F01000E064206D40F00100206584F89D
:1010100048600120F8BD20680068C0434006E4D461
:101020000020F8BD0C00002040420F0010B50A4817
:1010300001F04EFB6421084801F0F2FA064801F085
:10104000F5F9064C6060044801F07DFB052001F0D5
:10105000A5FC606810BD0000C802002068020020E6
:101060002DE9F041002507462E462C460BE0FFF700
:10107000DDFFFFF74AFB2A463346FFF788F9641C79
:1010800005460E46E4B2BC42F1D33846FFF73DFBBD
:1010900002460B4628463146BDE8F041FFF790BABC
:1010A0000949094A803AC9685161002104E053693D
:1010B000491CC9B2DB6853618142F8D35069017899
:1010C00041F0010101707047B00000200E490E4A46
:1010D000803AC968516170B1052811D00A2811D031
:1010E000142807D1C868C068C0685061017841F011
:1010F000010101707047087840F0010008707047E6
:10110000C868F2E7C868EFE7B000002010B50446F1
:10111000F32000F037F8204000D0012010BD00007F
:1011200010B5F92000F02EF80A4C2070F82000F0DD
:1011300029F86070F72000F025F8A07061780003AE
:1011400040EA01102178BDE8104040EA111005F096
:1011500015BB00000801002070B5FC2000F012F85B
:101160000446FB2000F00EF80546FA2000F00AF8CD
:10117000000340EA051040EA1410BDE8704005F095
:10118000F3BB000070B50B4D06464FF4807400228F
:101190002146284601F0F5FC304605F0C3FA05F07B
:1011A000BDFA064601222146284601F0EAFC3046F7
:1011B00070BD000000040240017842784901807847
:1011C00041EA82010143C9B2F52000F00BB8417831
:1011D00002784901807841EA82010143C9B2F420D2
:1011E000AFF300802DE9F0410B4D0F4606464FF45A
:1011F000807400222146284601F0C3FC304605F0E9
:1012000091FA384605F08EFA21462846BDE8F041AD
:10121000012201F0B6BC0000000402400949094A5D
:10122000C968803A0029516104D020B1087840F0A3
:10123000010008707047C8685061017841F00101F1
:1012400001707047B0000020FEE730B503464FF64E
:10125000FF704AF201040CE013F8012B5040002209
:10126000C50702D084EA500000E04008521C082A5A
:10127000F6D3491E89B2EFD230BD30B505460C46D3
:10128000881E81B22846FFF7E0FF2919C3B211F882
:10129000022C9A4206D111F8011CB1EB102F01D19A
:1012A000012030BD002030BD2DE9F04707460BF08E
:1012B00093FBDFF8CC90DFF8CCA0334E4FF0000862
:1012C000012848D1F86BB169FEF7EBFFFFF75DFA33
:1012D000002204460D461346FFF782FA20D886F80E
:1012E0000580F07825F00041012820464A46534603
:1012F00008D0FFF75DFA02D2B078401CB070012030
:10130000F0701FE0FFF76CFA05D93079401CC0B2CD
:1013100030710328F3D386F8028086F80480EEE764
:1013200086F80480F07825F00041002820464A46DF
:10133000534612D0FFF73CFA02D2B078401CB0708E
:1013400086F80380B078082805D386F802803878BC
:1013500040F008003870BDE8F087FFF741FA04D884
:1013600086F8028086F80580EAE77079401CC0B2F2
:1013700070710328E4D3404686F80580DFE700005B
:101380001904560E2DB28D3F980200204FF4617162
:101390000148FEF717BF00007C22002010B50E4C5C
:1013A0006421207820F00700207004F12800FEF767
:1013B00009FF0020C4F80500C4F80900A4F80D00D6
:1013C000E07320616061A061A4F80300E061206225
:1013D0006062A4F8010010BDB401002002480021A1
:1013E0000161416181617047B401002064210148BD
:1013F000FEF7E8BEDC01002002480021C161016265
:1014000041627047B4010020014809F03FBB000071
:10141000B00000200D48A0F18002C1685161002990
:1014200005D00878430703D540F0010008707047E5
:101430005069C068506103785B0704D5017841F0BA
:101440000101017070478142F2D17047B000002065
:10145000014801F0E0B9000014050020014801F046
:10146000DAB900008C040020014801F0D4B9000072
:10147000D004002030B590F8404004F01C05012451
:10148000AC40C56B6C60046863604368102B0368F4
:1014900003D099600068C26030BD9A600068C16086
:1014A00030BD00002DE9F04107460E4660200AF0ED
:1014B00019FB040030D019483B4619A2C46106212B
:1014C00004F10B0004F07EFB002584F830502078F6
:1014D00020F00B0040F004002070677003F02BFD3B
:1014E000206503F028FD606503F025FDE563A56335
:1014F0006563A065204600F001FC204600F00AFC70
:10150000202060743020A0742E21E1742075607555
:10151000A5753068E0653460BDE8F0819802002070
:10152000444F2D253032580001490020C8617047D2
:101530009802002070B50C680D460646002C2CD091
:101540006078B04210D1E06D286004F1500003F0E3
:10155000A5FC04F1540003F0A1FC04F1580003F0D1
:101560009DFC204606F0B4F9E06D4078B04214D1FD
:101570002868C16DC96DC165E06D503003F08EFC07
:10158000E06D543003F08AFCE06D583003F086FCC7
:10159000E06DBDE8704006F09BB970BD024608687A
:1015A000002807D000E0C06D002803D000F10B0137
:1015B0009142F8D17047406C7047806B7047C06BA8
:1015C00070470078C0F340007047007800F00100D9
:1015D0007047006C70470078C0F3C000704700008F
:1015E00010B50AF0F3FC002810D1094C207B082824
:1015F00005D008F087FDBDE8104000F08DBA0AF074
:10160000F3FC0146206CFFF7C9FFF4E710BD0000B2
:1016100030000020002803D0017841F00201017061
:101620007047002803D0017841F001010170704734
:1016300010B5002812D0002284188B5C521CD2B244
:1016400084F84030042AF7D30022091D84188B5CEB
:10165000521CD2B284F84430042AF7D310BD0028BB
:1016600008D00A7800F84C2F4A7842708A78827045
:10167000C978C170704710B5002811D00A782E249F
:101680003032C27104724A78303242720022827261
:101690008B783033C3700471C978303141718271F5
:1016A00010BD30B5002809D0002305E0CC5CC5187A
:1016B0005B1C85F82440DBB29342F7D330BD002891
:1016C00008D00A7800F8482F4A7842708A788270E9
:1016D000C978C170704700000149886070470000F8
:1016E00098020020034800214170C16001614161FE
:1016F0007047000098020020017841F00801017055
:101700007047017821F00801017070472DE9F0471A
:10171000054604680BF054F9FFF737F806460F4604
:1017200004F0C4FF32463B46FEF731FEFFF770F887
:1017300007460BF08DF906462868194D00282DD074
:10174000DFF86080DFF86090002C27D03846E16C2D
:10175000FEF7A7FD20F000404146FFF77FF802D8D2
:101760000AF034FC70B13046A16CFEF79AFD20F00F
:1017700000404946FFF772F802D80AF027FC38B15A
:10178000E46DE1E73946E869BDE8F04700F05ABA90
:101790003146E869BDE8F04700F082BABDE8F0875D
:1017A000980200209A99993EBD3786352DE9F04F71
:1017B00085B04FF0000604000496029603964FD0C1
:1017C00000202318401C11F8012BC0B283F83420EC
:1017D0000428F6D300202318401C11F8012BC0B2B6
:1017E00083F838200428F6D300202318401C11F871
:1017F000012BC0B283F83C200428F6D32078684F30
:10180000684D420704F1110804F1170B04F11E0A98
:1018100029D520F004002070E06BA861606BFEF712
:10182000B4FFCDE9000160A20621404604F0CAF9E8
:10183000A06BFEF7AAFF00223B46FEF74FFECDE964
:1018400000015BA20721584604F0BCF9E06BFEF7EB
:101850009CFFCDE9000154A20621504604F0B2F9E4
:1018600005B0BDE8F08FE16BE868FEF7C8FCE86002
:10187000A06BFEF78AFF00223B46FEF72FFE0746CD
:1018800089462869FEF781FF3A464B46FEF77FFD01
:10189000FEF7BEFF2861616B6869FEF7B0FC686106
:1018A0002046FFF701FDE06BA8616878401CC0B2DC
:1018B00068700328D4D3FEF712FF074639466869DB
:1018C000FEF727FD049039462869FEF722FD0290B5
:1018D0003946E868FEF71DFD03900BF0A1F888B3C8
:1018E0000BF0BCF802282ED3287848B12E70206D5A
:1018F00003F0C7FA606D03F0C4FAA06D03F0C1FAFB
:101900000BF0ACF80246206D039903F01FFB0BF0BF
:10191000A5F80246606D029903F018FB0BF09EF8E3
:101920000246A06D049903F011FB04A9A06D03F019
:10193000C6FA02A9606D03F0C2FA03A9206D03F094
:10194000BEFA02E0FFE701202870A9680498FEF7BC
:1019500056FC04902178C1F3C001E1B9FEF715FFF0
:10196000CDE9000110A20621404604F02BF90298AF
:10197000FEF70BFFCDE900010DA20721584604F048
:1019800021F90398FEF701FFCDE9000106A2062127
:10199000504604F017F96E70EE602E616E615FE7DD
:1019A000000059409802002025352E3266000000C4
:1019B00025362E32660000000120704710B5002841
:1019C00017D041780B484176032181761121C176E9
:1019D000002101774177042181770821C1701930F6
:1019E00003F0F1FB0AF06EFBBDE810400A200AF09C
:1019F00095BB10BD3C0100200A48FF214176032120
:101A000081763021C17600210177417701218177EC
:101A10009E21C177D42180F820100821C1700C20AC
:101A20000AF07CBB3C01002010B5002817D041789B
:101A30000B484176032181762421C176002101776C
:101A40004177022181770821C170193003F0BBFB77
:101A50000AF038FBBDE8104010200AF05FBB10BD53
:101A60003C01002010B5002817D041780B48417682
:101A7000032181760721C176002101774177022178
:101A800081770821C170193003F09DFB0AF01AFB21
:101A9000BDE8104008200AF041BB10BD3C01002009
:101AA00010B5002817D041780B4841760321817684
:101AB0000921C1760021017741770721817708212B
:101AC000C170193003F07FFB0AF0FCFABDE810404A
:101AD00002200AF023BB10BD3C01002010B50028F5
:101AE00017D041780B484176032181761521C176C4
:101AF000002101774177022181770821C1701930D7
:101B000003F061FB0AF0DEFABDE810400E200AF097
:101B100005BB10BD3C01002010B5002817D041784E
:101B20000B484176032181762621C1760021017779
:101B30004177062181770821C170193003F043FBFA
:101B40000AF0C0FABDE8104004200AF0E7BA10BD60
:101B50003C01002070B50D4604002CD028090A284D
:101B600001D3373000E03030A07305F00F000A28B1
:101B700001D3373000E030300F4AE07360785076A0
:101B8000102090763020D0760020107750770121F9
:101B900091770221D17782F8205082F821000B2121
:101BA000D17002F1190003F00EFB0AF08BFA01204C
:101BB0000AF0B4FAA57070BD3C010020016400F089
:101BC00005B8C0E9101200F001B8000010B50028F7
:101BD00034D01B4A10F8011F002302F8191F1021EE
:101BE000517011219170D370137104235371082324
:101BF000937190F83F30D37190F84030137290F8A1
:101C00004130537290F84230937290F84330D3725F
:101C100090F84430137390F84530537390F84600B1
:101C20009073074802F8161C193003F0CCFA0AF03A
:101C300049FABDE810400B200AF070BA10BD000050
:101C40003C01002010B5002827D040F84C1F134A53
:101C500010F84B1C02F8191F1021517024219170AB
:101C60000021D1701171022151710421917101780B
:101C7000D1714178117281785172C07890720748A1
:101C80000D2102F8161C193003F09DFA0AF01AFA19
:101C9000BDE8104011200AF041BA10BD3C010020FF
:101CA00010B5002827D040F8481F134A10F8471CE9
:101CB00002F8191F10215170152191700021D17067
:101CC000117102215171042191710178D171417812
:101CD000117281785172C078907207480D2102F814
:101CE000161C193003F06FFA0AF0ECF9BDE8104049
:101CF0000F200AF013BA10BD3C010020202100F88B
:101D00001E1F302141702E228270C170017100218E
:101D1000417170472021C1750176302141762E2214
:101D20008276C176017700214177704770470000C5
:101D300001488068704700009802002072B6FEE7F4
:101D400080224FF44071014803F088BD0026002036
:101D500002464FF448610148FEF72DBAFC05002009
:101D600010B5094C0020207002F0D2FA0020FFF7D5
:101D7000EFFF01202070002400F0FAF9641CE4B2A7
:101D8000C82CF9D310BD0000280100202DE9FF5F09
:101D90009B46DDF8388015460646A0281FD20198DC
:101DA000A0281CD20024DFF85890DFF858A022E0C9
:101DB000600701D115F8017B134804F00701405C6E
:101DC000384210D1B8F1000F10D09AF800203046F8
:101DD000019900F03BF8761CF6B2A02E09D3002042
:101DE00004B0BDE8F09FB8F1000FEED099F80020E4
:101DF000EDE7641CE4B25C45DAD30120F0E70000B3
:101E000011000020100000202DCF00082DE9F84F10
:101E100000251F4614460E468246A946DDF8288056
:101E200010E03B46224631465046CDF80090FFF781
:101E3000ADFF761CF6B204EBD704780700D0641C23
:101E40006D1CEDB24545ECD3BDE8F88F30B5A02848
:101E500001D2A02901D3002030BD0A4BD50701EBE8
:101E6000810100F00702084C03EB810101EBD00077
:101E7000A25C017801D0114300E091430170012080
:101E800030BD0000FC050020AFFE00082DE9FC4736
:101E90008046DDE90A541E4691460F4610462B2A1D
:101EA00065D00ADCA2F120000A2812D2DFE800F097
:101EB00039651111114D11116C732F283FD004DCBD
:101EC0002D2849D02E2A04D12DE03A2831D03F2A9E
:101ED00047D0364AA9F1610002EB091A192807D840
:101EE000CDE90054AAF560723946404600F062F828
:101EF000A9F13000092808D8CDE90054AAF52C72C0
:101F000033463946404600F055F8A9F141001928FA
:101F100049D8AAF548723346CDE9005439464046BF
:101F20003FE0224AF8E7214ACDE90054103240460A
:101F300037E01E4ACDE900542032404631E01B4ACA
:101F4000CDE90054303240462BE0184ACDE9005428
:101F500040323946404624E0CDE90054144A404618
:101F60001FE0134ACDE900541032404619E0104AF0
:101F7000CDE900542032404613E00D4ACDE900542B
:101F80003032394640460CE0094ACDE9005440322F
:101F90003946404605E0064ACDE9005450323946FC
:101FA000404600F007F8BDE8FC87000035CF000888
:101FB00065D300082DE9F84F1F46DDE90A9814465D
:101FC0000E468246002510E03B46224631465046EA
:101FD000CDF80080FFF7DAFE761CF6B204EBD704EA
:101FE000780700D0641C6D1CEDB24D45ECD3BDE804
:101FF000F88F00002DE9FF4F83B01E46DDE91198F0
:10200000DDF840B01500074613D00024DFF828A003
:102010000DE0CDE90098295D07EB04100AEB4112B1
:10202000C0B25B460499FFF7C5FF641CE4B2B4423A
:10203000EFD307B0BDE8F08F0DD900082DE9FC47BC
:102040009846DDE90A761400894605460DD009E078
:10205000CDE90076434649462846FFF717FF083585
:10206000EDB2641C2278002AF2D1BDE8FC870000A2
:102070007CB5202ADDE9065411D02E2A0BD0A2F11E
:102080003006092E10D8CDE90054084C04EB82121A
:10209000A2F53C6206E0CDE90054044A02E0CDE935
:1020A0000054034AFFF786FF7CBD0000C5D300083B
:1020B00085D600082DE9FC479846DDE90A7614002C
:1020C000894605460DD009E0CDE9007643464946EC
:1020D0002846FFF7CDFF1035EDB2641C2278002AA8
:1020E000F2D1BDE8FC8700007CB5202ADDE906546A
:1020F00013D02E2A0DD0A2F13006092E12D8CDE928
:102100000054094C02EB820204EBC202A2F5EB621E
:1021100006E0CDE90054044A02E0CDE90054034A48
:10212000FFF748FF7CBD000005D70008BDD80008B8
:102130002DE9FC479846DDE90A76140089460546F4
:102140000DD009E0CDE90076434649462846FFF721
:10215000CBFF0B35EDB2641C2278002AF2D1BDE82A
:10216000FC870000014A1070517070471000002079
:102170002DE9F0411A4D287800282ED0688868B9DA
:1021800018486860602003F0B9FC702003F0B6FCCA
:10219000052003F0B3FC122003F0B0FC0024142649
:1021A0004FF448682746696811F8010B696003F02D
:1021B00067FC6888401C80B2B0FBF6F1688006FBC3
:1021C000110010B9002003F0CBFC6888404500D115
:1021D0006F80641CA4B2142CE5D3BDE8F08100002C
:1021E00028010020FC05002070B58820FEF7CAFFFA
:1021F00004468920FEF7C6FF04EB0020384C2080FF
:102200008A20FEF7BFFF05468B20FEF7BBFF05EBDC
:10221000002060808C20FEF7B5FF05468D20FEF77C
:10222000B1FF05EB0020A0808E20FEF7ABFF054636
:102230008F20FEF7A7FF05EB0020E0809020FEF73F
:10224000A1FF05469120FEF79DFF05EB00202081B0
:102250009220FEF797FF05469320FEF793FF05EBCC
:10226000002060819420FEF78DFF05469520FEF743
:1022700089FF05EB0020A0819620FEF783FF05462D
:102280009720FEF77FFF05EB0020E0819820FEF706
:1022900079FF05469920FEF775FF05EB00202082A7
:1022A0009A20FEF76FFF05469B20FEF76BFF05EBBC
:1022B000002060829C20FEF765FF05469D20FEF70A
:1022C00061FF05EB0020A0829E20FEF75BFF054624
:1022D0009F20FEF757FF05EB0020E08270BD000055
:1022E000E4050020F8B50024009490F84820254625
:1022F000012A12D0012280F848204A681F23072AA9
:102300000DD20668376C521E02EB820293409F4347
:102310000B6893401F43376435E00220F8BD0D2A57
:102320000BD20668F76BD21F02EB820293409F43E9
:102330000B6893401F43F76325E0132A0BD206680E
:10234000B76B0D3A02EB820293409F430B689340B8
:102350001F43B76317E00668192A0AD2776B133A4E
:1023600002EB820293409F430B6893401F437763C5
:1023700009E0376B193A02EB820293409F430B68E6
:1023800093401F4337630A6807260A2A0AD2036864
:102390005F6902EB42029640B7438E68964037432E
:1023A0005F611CE0142A0BD203681F690A3A02EB32
:1023B00042029640B7438E68964037431F610EE055
:1023C0001A2A0BD80368DF68143A02EB42029640DF
:1023D000B7438E6896403743DF6000E000BF0A686D
:1023E000102A01D0112A17D10D4A13681B0213D4E9
:1023F000136843F400031360096810290CD10949DC
:10240000094A0968B1FBF2F101EB8101490000E0E2
:10241000491E00910029FBD180F848502046F8BDA4
:10242000042701400C00002040420F000068806D2E
:1024300070470000F8B504004FF0000503D0E06CD1
:10244000002610B110E00120F8BD2665564884F83A
:102450004860016841F001010160006800F001007E
:102460000090204600F0AAF8E06CC00671D4E06C41
:1024700020F4885040F00200E0644C480168626833
:1024800021F44031114301606169E0684FF4007349
:10249000084394F83C2093FAA3F3B3FA83F3216A38
:1024A0009A4011430843022194F824C091FAA1F103
:1024B000B1FA81F10CFA01F10843616B102902D0E5
:1024C000A26B11430843226811684FF4807EC94310
:1024D000490620D5A169E3690843A1682769194322
:1024E00073469F4202D0012F00D00023194394F875
:1024F0002C30012B0AD1BCF1000F2BD0E36C43F040
:102500002003E364236D43F0010323655368284FE0
:102510003B400B43536021688A68264B1A400243B4
:102520008A602169714522D0012920D021680A6B77
:1025300022F0F8720A63216889681F4A11408142BB
:1025400025D12665E06C20F0020040F00100E06437
:1025500028E026E04FF46047236B97FAA7F7B7FA15
:1025600087F75B1EBB400B4343F40061CEE7216855
:102570000A6B4FF0F87722F0F873A26A97FAA7F780
:10258000B7FA87F7521EBA4013430B63D3E7E06CE8
:1025900020F0020040F01000E064206D40F00100E7
:1025A000206501252846F8BD203802400427014057
:1025B000FF16FCFC8DF1FFC0FEFF80BF10B586B09A
:1025C000044614216846FDF7FDFD12492068884243
:1025D0001DD11148016841F400710160006800F4E8
:1025E000007005900C48001F016841F01001016067
:1025F0000068694600F0100005904FF4807000906C
:102600000320019000200290044800F0D9F906B0A0
:1026100010BD00000024014020380240001002409C
:102620002DE9F041044600680D4681684FF000072F
:1026300049050BD58068C00508D5E06C40F0200046
:10264000E06484F848700120BDE8F08100F09EFA53
:10265000064613E0681C11D025B100F097FA801BE4
:10266000A8420BD920680068800707D4E06C40F0CE
:102670000400E06484F848700320E5E720680068FF
:102680008007E7D5A06918B921686FF012000860CB
:10269000E06C40F40070E0642068816811F0405FF5
:1026A00014D194F8241089B9016B11F0F87F02D08D
:1026B000806840050AD4E06C20F48070E064E06C2F
:1026C000C00403D4E06C40F00100E0640020BBE7EC
:1026D00010B5044690F84800012822D0012084F863
:1026E00048002046FEF764FC00281BD1E16C40F254
:1026F0000162914341F48071E16421684A685205A6
:1027000005D5E26C22F4005242F48052E264E26C9D
:10271000D3044FF0000206D5236D23F00603236592
:1027200002E0022010BD226584F848206FF02202EA
:102730000A6021688A6812F0405FF3D18A6842F02B
:1027400080428A6010BD10B5044690F84800012808
:1027500007D0012084F848002046FEF7FEFB10B1A8
:1027600007E0022010BDE16C21F4885141F0010125
:10277000E164002184F8481010BD10B590F82110D4
:102780000022022905D00421816380F82020012045
:1027900010BD01680B6823F00E030B6001680B6825
:1027A00023F001030B6090F84010012401F01C039A
:1027B00004FA03F1C36B596080F8214080F82020AF
:1027C000104610BD10B590F821100024022903D046
:1027D0000421816301241AE001680A6822F00E02D4
:1027E0000A6001680A6822F001020A6090F840104D
:1027F000012301F01C0203FA02F1C26B516080F860
:102800002130002180F82010416B01B1884720461B
:1028100010BD806B7047F0B4C16B0B6801680A682B
:1028200090F84040042504F01C0405FA04F61E420A
:1028300011D056070FD50A68920603D40A6822F011
:1028400004020A6090F8401001F01C018D40C16B39
:102850004D60C16A1DE0022606FA04F71F424FF0E0
:10286000000C4FF0010518D0970716D50A6892069C
:1028700005D40A6822F00A020A6080F8215090F814
:10288000401001F01C018E40C16B4E6080F820C0EA
:10289000816A00291AD0F0BC08470826A6401E42CB
:1028A00014D0120712D50A6822F00E020A6090F8BE
:1028B0004010C26B01F01C0105FA01F15160856303
:1028C00080F8215080F820C0016BE2E7F0BC70472F
:1028D00030B528B302C8134A14230A44B2FBF3F2FA
:1028E0009200C263104A8263022242770B6847F665
:1028F000F0729343D0E900242243D0E902452C43EF
:1029000022430469224344692243846922431A43CF
:102910000A6000214163012242770177084630BDF9
:10292000012030BDF89FFDBF0060024070B5044635
:1029300090F82000002501280CD0012084F8200008
:1029400094F821600020012E06D084F82000022592
:10295000284670BD022070BD022684F82160A06365
:102960002068066826F0010606602046FEF782FD14
:10297000E06A00282068016802D041F00E0106E0FC
:1029800021F0040101602068016841F00A01016042
:102990002068016841F001010160D9E770B5044683
:1029A00000F0F4F80546601C02D004484068044476
:1029B00000F0ECF8401BA042FAD370BD00000020EC
:1029C0002DE9F84FDFF88091002209F1040A0AF19D
:1029D000040B03274FF00F0C0BF1040EACE00125A4
:1029E00095402B4073D00C7904F00304012C01D0E6
:1029F000022C15D18668540007FA04F826EA080666
:102A0000D1F80C8008FA04F848EA0608C0F80880F3
:102A10004468AC430D79C5F30015954025434560E6
:102A20000C79E443A40708D0C568540007FA04F6FB
:102A3000B5438E68A6402E43C6600C7904F00304AB
:102A4000022C11D1D40800EB8406356A5407E40E39
:102A50000CFA04F825EA0805D1F8108008FA04F801
:102A600048EA0508C6F820800568540007FA04F60D
:102A7000B5430E7906F00306A6402E4306604C6867
:102A800014F4403F57D0314C256845F001052560CE
:102A9000246822F0030504F0010400942C4C05EB9B
:102AA0000408D8F808509407260F0CFA06F4A5433A
:102AB000284CA04201D1002415E0274CA04201D1AE
:102AC000012410E0254CA04202D102240BE032E0A8
:102AD000234CA04201D1032405E0224CA04201D1A5
:102AE000042400E00524B4402C43C8F80840D9F879
:102AF00000404D464E689C43F60300D51C432C60B5
:102B0000DAF8004055464E689C43B60300D51C4396
:102B10002C60DBF800405D464E689C43F60200D511
:102B20001C432C60DEF8004075464E689C43B6029C
:102B300000D51C432C60521C0B6833FA02F47FF45E
:102B40004EAFBDE8F88F000000040140203802407D
:102B50000000014000000240000402400008024062
:102B6000000C0240001002400069084000D0012023
:102B70007047426921EA02030A4043EA0241816147
:102B800070470AB1816170470904FBE7014880681A
:102B9000704700000000002070B5040011D02168CB
:102BA0004CF6CC400860216845F255500860D4E9E5
:102BB000000141602168A0688860FFF7E7FF0546D3
:102BC0000CE0012070BDFFF7E1FF401B2A2805D96A
:102BD0002068C068800701D0032070BD2068C068ED
:102BE0008007F0D121684AF6AA200860002070BD55
:102BF00000684AF6AA2101600020704702488168F7
:102C000042681144816070470000002010B5002424
:102C1000032000F079F80F2000F008F808B1012433
:102C200001E000F025F8204610BD000070B50E4E02
:102C300005460024706898B14FF47A71B1FBF0F04A
:102C40000A490968B1FBF0F000F021FD40B9102DF0
:102C500006D200222946501E00F036F8356000E00A
:102C60000124204670BD0000000000200C00002060
:102C70000D4808B5016841F000410160016801F0AC
:102C800000410091011F0A6842F001020A600968D0
:102C900001F001010091016841F08051016000687C
:102CA00000F08050009008BD24380240002809DB65
:102CB00000F01F02012191404009800000F1E02056
:102CC000C0F8001170470000F0B40E4B1B68C3F34E
:102CD0000223C3F10704042C00D904241D1D072D71
:102CE00001D2002300E0DB1E012606FA04F56D1E6A
:102CF0000D409D409E40761E164045EA0601F0BC00
:102D000002F07ABF0CED00E0064A00F007011068FF
:102D10004FF6FF03184040EA0120034908431060C2
:102D2000704700000CED00E00000FA05704700005D
:102D30002DE9F0470E46040076D0DFF88081D8F800
:102D4000000000F00100B04214D2012E05D1D8F8E5
:102D5000001041F00401C8F80010D8F8001021F06C
:102D600001013143C8F80010D8F8000000F001005C
:102D7000B0427DD12078524F800705D53868A168D0
:102D800020F0F000084338602078C00759D04C4943
:102D90006068083902281AD003281BD00968012866
:102DA0001BD08905002963DA396821F0030101434A
:102DB0003960FFF7EBFE0546606841F28831022872
:102DC00013D003281ED00128894627D035E0096892
:102DD0008903E7E709688901E4E78907E2E7FFF784
:102DE000D5FE411B494501D924E089463868C0F326
:102DF00081000228F3D124E0FFF7C8FE411B4945BA
:102E000001D917E089463868C0F381000328F3D15F
:102E100017E0FFF7BBFE411B49450BD83868C0F3EC
:102E200081000128F5D10CE022E0FFF7AFFE411B45
:102E3000494502D90320BDE8F087386810F00C0F2F
:102E4000F3D1D8F80010404601F00101B14211D988
:102E5000012E03D1016841F004010160016821F0F5
:102E6000010131430160006800F00100B04201D06F
:102E70000120E0E72078400705D53868E16820F4B4
:102E8000E060084338602078000706D5386821697B
:102E900020F4605040EAC100386000F03FF8396823
:102EA000084AC1F30311515CC8400749086007484C
:102EB0000068BDE8F047FFF7B9BE0000003C0240E3
:102EC0000838024015CF00080C0000200000002048
:102ED000014901200867704700004742044805493E
:102EE00000680968044AC1F30221515CC840704778
:102EF0000C0000200838024025CF0008044805498E
:102F000000680968044AC1F3C221515CC840704797
:102F10000C0000200838024025CF000870B5154D80
:102F20002968154801F00C02042A0CD04410082A24
:102F30000AD00C2A0AD0281F0068C0F342314FF48F
:102F40000040491C884070BD204670BD0B4AC1F34B
:102F50008343D35CC1F381522968521CC90302D553
:102F6000A3FB040101E0A3FB00010023FDF7E0F84F
:102F700070BD0000083802400024F4000CCF0008A7
:102F8000054810B50068000605D5FFF7CFFE0249D9
:102F90008020891C087010BD0C3802402DE9F84FC4
:102FA00004007BD0F6480168006801F00C0600F4CC
:102FB000803B2078F34DC0073FD0082E12D00C2E56
:102FC00002D1BBF5803F0DD06068012811D008B157
:102FD000052818D0286820F480302860286820F45C
:102FE000802009E02868800327D560680028D8D0B1
:102FF00023E0286840F480302860606888B1FFF7DB
:10300000C5FD074609E0286840F480202860F0E705
:10301000FFF7BCFDC01B642879D828688003F7D56A
:103020000BE0FFF7B3FD074604E0FFF7AFFDC01B61
:103030006428F1D828688003F7D42078DFF8488323
:1030400080074FF001094FF0000A36D5042E0CD04E
:103050000C2E02D1BBF1000F07D0E068F8B1C8F820
:103060000090FFF793FD07460BE0286880070BD51B
:10307000E068012812D107E0FFF788FDC01B022895
:10308000CAD828688007F7D5BD48001F01682269A3
:1030900021F4F85141EA022101600EE06CE1C8F828
:1030A00000A0FFF773FD074604E0FFF76FFDC01BAC
:1030B0000228B1D828688007F7D42078C00672D5D6
:1030C0003EB1A069F0B3C8F82090FFF75FFD074656
:1030D0004AE02868800502D5A069002887D0A84F5B
:1030E000206A3F1F396801F46041884210D901F01D
:1030F00051FF0028BED13868216A20F4604008439F
:103100003860217F386861F31F6038600FE0A4E009
:10311000396821F4604101433960217F386861F3E7
:103120001F603860206A01F035FF0028A2D1216AB3
:103130004FF4004009EB5131884091490968C1F3CF
:10314000031100E021E0914A515CC84090490860B9
:1031500090480068FFF76AFD00287DD123E0FFF763
:1031600015FDC01B022878D828688005F7D584484B
:10317000001F0168226A21F4604111430160227F2F
:10318000016862F31F6101600DE0C8F820A0FFF73D
:10319000FDFC074604E0FFF7F9FCC01B02285CD8E1
:1031A00028688005F7D420787B4F000721D57B481D
:1031B000616979B1C0F80090FFF7E8FC834605E04B
:1031C000FFF7E4FCA0EB0B00022846D83868800724
:1031D000F6D50EE0C0F800A0FFF7D8FC834605E066
:1031E000FFF7D4FCA0EB0B00022836D83868800724
:1031F000F6D4207840076AD5002000906648103841
:103200000068C0000AD464481038016841F0805159
:103210000160006800F08050012000906048016863
:10322000C90511D4016841F480710160FFF7AEFC5B
:10323000834605E0FFF7AAFCA0EB0B0064280CD83E
:1032400057480068C005F5D5A06801280DD008B121
:10325000052814D0386801E075E073E020F4807030
:103260003860386820F4806002E0386840F480708C
:103270003860A068A0B1FFF789FC83460CE038688D
:1032800040F480603860F0E7FFF780FCA0EB0B01B2
:1032900041F28830814255D838688005F4D50EE077
:1032A000FFF774FC834607E0FFF770FCA0EB0B010F
:1032B00041F28830814245D838688005F4D40098BE
:1032C00028B135481038016821F080510160606AEA
:1032D00090B30C2E3DD00228504605D0C8F86000AF
:1032E000FFF754FC044630E04746C8F86000FFF79B
:1032F0004DFC064604E0FFF749FC801B022821D85C
:1033000028688001F7D4D4E90A1001431C48226BD5
:10331000036823F47D031A4311430160C7F86090EA
:10332000FFF734FC044604E0FFF730FC001B0228E2
:1033300008D828688001F7D520E0FFF727FC001B9C
:10334000022802D90320BDE8F88F28688001F4D450
:1033500014E00128F7D00A480068A26A00F480311E
:10336000914209D1E26A00F47011914204D1216BBB
:1033700000F44000884201D00120E4E70020E2E7A9
:1033800008380240003802400000474215CF0008CC
:103390000C00002000000020343802408006474224
:1033A0000070004070B5040009D0606A002540B18B
:1033B00025616561A56294F8510040B10CE00120DF
:1033C00070BD6068B0F5827FF4D0E561F2E784F803
:1033D0005050204600F03AF8022084F8510020684E
:1033E000016821F040010160A088218900F4827009
:1033F00001F404410843A18901F400610843217CE0
:1034000001F002010843217D01F001010843218BF5
:1034100001F400710843217F01F03801084394F85A
:10342000201001F080010843218D01F40051084370
:1034300021680860A069042101EA10402168486001
:103440006565012084F85100002070BD10B586B07C
:10345000044614216846FCF7B5FE134920688842EB
:1034600020D11248016841F480510160006800F4E5
:10347000805005900D48001F016841F00201016075
:103480000068694600F00200059038200090022094
:10349000019000200290032003900520049004482E
:1034A000FFF78EFA06B010BD003001402038024010
:1034B000000402402DE9F84F044690F85000012521
:1034C0000A9E1F4692468B464FF0000801280ED0F8
:1034D000012084F85000FFF759FB814694F8510011
:1034E000616801280CD0B1F5827F07D102E002208B
:1034F000BDE8F88FA16809B9042801D00220B6E020
:10350000BBF1000F27D0BAF1000F24D01FB394F8FD
:103510005100042802D0052084F851000020606585
:10352000C4F838A0E787A787C4F830B0E786A78635
:103530002064606420680168490603D4016841F092
:1035400040010160E068B0F5006F606805D0E8B345
:10355000012F43D079E0012089E008B1012F34D157
:10356000206B21680088C860206B801C2063E08E7F
:10357000401EE08629E02068816889070DD5E18E2C
:1035800059B1012D09D1216B0988C160206B801CC4
:103590002063E08E401EE086002520688168C90710
:1035A0000BD0E18F49B1C068A16B0880A06B801C73
:1035B000A063E08F401EE0870125FFF7E7FAA0EB4C
:1035C0000900B04201D3701C50D100E006E0E08E4B
:1035D0000028D0D1E08F0028CDD13CE0206B2168BD
:1035E00000780873206B401C2063E08E401EE0864C
:1035F0002BE02068816889070DD5E18E59B1012D36
:1036000009D1216B09780173206B401C2063E08E87
:10361000401EE086002520688168C9070BD0E18F35
:1036200049B1C068A16B0870A06B401CA063E08F1B
:10363000401EE0870125FFF7A9FAA0EB0900B04280
:1036400002D3701C01D011E086B1E08E0028D0D1E9
:10365000E08F0028CDD14A463146204601F02AFDB0
:1036600038B120204FF00108606508E00320804653
:1036700005E0A06818B92068C16880680090012042
:1036800084F85100002084F85000404630E710B51F
:10369000401EB0F1807F01D3012010BD4FF0E02427
:1036A00060610F21601702F0A7FA0020A0610720D7
:1036B0002061002010BD000070B590F83820012A6C
:1036C00026D0012580F83850022280F8392002687F
:1036D0005368946823F070060B68334353600268A4
:1036E000B2F1804F08D00B4B9A4205D00A4B9A4258
:1036F00002D00A4B9A4204D1496824F0800319434E
:10370000916080F83950002180F83810084670BD6B
:10371000022070BD00040040000800400008014085
:1037200010B5040003D094F8390010B107E001206F
:1037300010BD002084F83800204600F017F8022061
:1037400084F83900211D206801F0D8FD012084F89B
:103750003E0084F83A0084F83B0084F83C0084F88A
:103760003D0084F83900002010BD000008B5006855
:10377000B0F1804F12D10A48016841F001010160A7
:103780000068002200F00100009005211C20FFF7D6
:103790009BFABDE808401C20FFF788BA08BD00006E
:1037A0002438024090F83910012901D001207047D7
:1037B000022180F839100168CA6842F00102CA602B
:1037C0000068B0F1804F08D00949884205D0094906
:1037D000884202D00849884204D1816801F007017B
:1037E000062903D0016841F0010101600020704703
:1037F00000040040000800400008014070B5044685
:1038000090F83800012817D0012584F8385002209C
:1038100084F839002068826822F0770222F47F421F
:1038200082600868502830D00DDC20284DD005DC9F
:1038300098B310283BD148E0022070BD302844D016
:10384000402834D139E0602828D0702806D0B0F55F
:10385000805F2CD0B0F5005F29D10AE0CB68D1E9B8
:103860000121206801F084FD2068816841F0770122
:1038700009E0CB68D1E90121206801F079FD2068D9
:10388000816841F48041816011E0CA68496820681C
:1038900001F080FD5021206807E016E0CA68496801
:1038A000206801F088FD6021206801F06BFD84F83C
:1038B0003950002084F8380070BDCA684968206813
:1038C00001F068FD40212068EFE7226801461046BC
:1038D000EBE7704770B50446006801694FF00005DA
:1038E000C943890715D4C168C943890711D4E91EA2
:1038F000016101202076206880698007204602D07F
:10390000FFF7E7FF04E000F078F8204600F076F8D3
:10391000257620680169C943490717D4C168C9439E
:10392000490713D46FF0040101610220207620685A
:10393000806910F4407F204602D0FFF7CAFF04E000
:1039400000F05BF8204600F059F825762068016900
:10395000C943090716D4C168C943090712D46FF0D7
:1039600008010161042020762068C0698007204694
:1039700002D0FFF7AEFF04E000F03FF8204600F071
:103980003DF8257620680169C943C90617D4C16886
:10399000C943C90613D46FF01001016108202076D5
:1039A0002068C06910F4407F204602D0FFF791FFE5
:1039B00004E000F022F8204600F020F82576206888
:1039C0000169C943C90708D1C168C943C90704D1FE
:1039D000891E0161204600F012F820680169C94380
:1039E000490609D4C168C943490605D46FF04001AE
:1039F0000161204600F019F870BD7047704710B59E
:103A00000068B0F1804F0FD103F026FF07F0FEFFF2
:103A100007F0F4FC02F008FE03F082FF07F03CFF21
:103A2000BDE8104008F080BB10BD7047704770B50E
:103A300004460068C16821F49071C1602068416942
:103A400021F001014161206B012804D12068C16887
:103A500021F01001C160206841694FF0000549065E
:103A60000FD5416921F040014161A06B48B1456328
:103A7000A06BFEF782FE20B1A06BFEF7CAFE2028E5
:103A800006D0E585202084F83E002563002070BD27
:103A900010202064032070BD704710B504460068F4
:103AA0000068C043C0060AD4204608F0CBFA20467E
:103AB00006F0C0FD2046BDE8104003F0ADBC10BDCF
:103AC000F8B5026804461068D168536910F00F0F0A
:103AD0004FF0000553D003F0010601F4907737430F
:103AE0005FD0C20705D0CA0503D5226C42F001029F
:103AF0002264420705D5DA0703D0226C42F00202A5
:103B00002264820705D5DA0703D0226C42F0040252
:103B10002264020707D501F02002324303D0226C51
:103B200042F008022264226C002A34D0800604D5B8
:103B3000880602D5204601F0D8FC20684069216C37
:103B4000C0F38010090700D430B3204601F0ACFC6C
:103B50002068416949061BD5416921F04001416156
:103B6000A06BA8B158494163A06BFEF72BFE00285B
:103B700011D0A06B416B01B0BDE8F040084783064F
:103B80000FD58B060DD52046BDE8F84001F0ADBC41
:103B90002046FFF781FFF8BD2046FFF77DFF256433
:103BA000F8BD266B2023012E52D1C60650D5CE0675
:103BB0004ED5106850680090506940062AD5A16B18
:103BC000086840680004000CEAD0A68D8642E7D958
:103BD000E0858869202818D0D06820F48070D060F3
:103BE0002068416921F0010141612068416921F0AB
:103BF0004001416184F83E3025632068C16821F0AE
:103C00001001C160A06BFEF7B8FDA08DE18D401AD8
:103C100081B219E0A08DE18D401A81B2E08D0028BB
:103C2000BED00029BCD0D06820F49070D06020684D
:103C3000426922F00102426184F83E302563206827
:103C4000C26822F01002C2602046FFF7EFFEF8BD06
:103C500005062BD50D0629D594F83D002128F6D16F
:103C6000A068B0F5805F01D12069B0B1206A411C25
:103C70002162216800784860E08C401E0004000C3E
:103C8000E084E4D12068C16821F08001C16020682F
:103C9000C16841F04001C160F8BD206A0088C0F3EE
:103CA00008005060206A801C2062E5E74006F3D5DA
:103CB0004806F1D5D168204621F04001D16084F852
:103CC0003D3000F085F9F8BDDB53000870B5040005
:103CD00004D094F83D00002510B106E0012070BD2D
:103CE00084F83C50204600F023F8242084F83D005E
:103CF0002068C16821F40051C160204601F050FCE9
:103D00002068016921F4904101612068416921F036
:103D10002A0141612068C16841F40051C1602564F5
:103D2000202084F83D0084F83E00002070BD000093
:103D30002DE9F04387B0044614216846FCF742FAA7
:103D40005D4D206800265D490322072380274FF040
:103D5000020C4FF40059A84233D1081D056845F400
:103D600080450560006800F480400590086840F0D8
:103D7000010008600868029600F0010005905002FA
:103D8000CDE9000C69464E48CDE90323FEF718FE45
:103D90004D4D4C48C5E90006C5E902672E616E61CC
:103DA000C5E906692846FEF793FD08B1FDF7C6FF91
:103DB000A5630022022125206C62FEF785FF2520E5
:103DC0003BE03E4DDFF80481083540453AD1286894
:103DD00040F400302860286800F40030059008683E
:103DE00040F0080008600868029600F0080005909E
:103DF0006020CDE9000C69463548CDE90323FEF784
:103E0000DFFD314D2F4844351430C5E90006C5E9C2
:103E100002672E614FF440506E61C5E90660284686
:103E2000FEF756FD08B1FDF789FFA56300220421C6
:103E300026206C62FEF748FF2620FEF737FF07B00A
:103E4000BDE8F083DFF88C804045F8D1286840F465
:103E500080202860286800F480200590086840F0E1
:103E6000040008600868029600F0040005904FF412
:103E70004060CDE9000C69461748CDE90323FEF701
:103E80009FFD114D0F4888352838C5E90006C5E962
:103E900002672E616E61C5E906692846FEF718FDC6
:103EA00008B1FDF74BFFA5630022032127206C62B8
:103EB000FEF70AFF2720C0E7003801401C38024007
:103EC00000000240586002408C0400200044004082
:103ED000000C0240004800400008024090F83E30CC
:103EE000202B0ED159B152B190F83C30012B08D0A3
:103EF000012380F83C300023036301F0DDBB012087
:103F000070470220704710B5044608F0BFF82046FD
:103F100006F0AEFB2046BDE8104003F09FBA7047A4
:103F20002DE9F843044690F83D001F4615460E461D
:103F300020284BD1C6B1BDB194F83C00012845D032
:103F4000012084F83C004FF00008C4F84080212094
:103F500084F83D00FEF71AFEA5848146E584A0683A
:103F6000B0F5805F03D004E00120BDE8F88320694C
:103F700020B13546002684F83C800EE00025FAE7A3
:103F80008021204601F0D2FBA0B9ADB115F8010B9C
:103F900021684860E08C401EE084E08C4B464FF086
:103FA000000200970028EBD14FF04001204601F0BD
:103FB000BDFB30B10320D8E736F8020BC0F3080090
:103FC000E6E7202084F83D000020CEE70220CCE781
:103FD000704710B5044600F04CF9A22000F024F917
:103FE00000F075F9022000F01FF900F070F9207858
:103FF00003F014FC00F018F900F069F9607803F0A0
:104000000DFC00F011F900F062F9A07803F006FC55
:1040100000F00AF900F05BF9E07803F0FFFB00F034
:1040200003F900F054F9207903F0F8FB00F0FCF8F4
:1040300000F04DF9607903F0F1FB00F0F5F800F0C5
:1040400046F9A07903F0EAFB00F0EEF800F03FF942
:10405000BDE8104000F024B910B500F00AF9A22024
:1040600000F0E2F800F033F9022000F0DDF800F093
:104070002EF900F0FEF8A32000F0D6F800F027F9A2
:10408000012000F0ACF800F07F0002F0C3FA1B4CF6
:104090002070012000F0A3F800F07F0002F0BAFACF
:1040A0006070012000F09BF800F03F0002F0B2FACF
:1040B000A070012000F093F800F03F0002F0AAFA8F
:1040C000E070012000F08BF800F0070002F0A2FA87
:1040D0002071012000F083F800F00F0002F09AFA3E
:1040E0006071002000F07BF802F094FAA07100F0FB
:1040F000D7F8BDE8104000F08DBF00008901002016
:1041000070B50D46044600F0B4F8A22000F08CF81B
:1041100000F0DDF8204600F087F800F0D8F82846D7
:1041200000F082F800F0D3F8BDE8704000F0B8B8B5
:1041300010B507F035FD00210846FFF7E1FF1F210C
:104140000120FFF7DDFF82210D20FFF7D9FF0021BD
:104150000E20FFF7D5FFFFF77FFF0848417911B127
:10416000C178002909D101214171C1700348FFF7CD
:1041700030FFBDE81040FFF76FBF10BD8901002080
:10418000FEE710B5002007F0E3FC07F009FD002072
:1041900007F0E6FC022003F04CFB012007F0D8FCFE
:1041A000022003F046FBBDE81040002007F0D0BC21
:1041B00010B5002007F0CCFC07F0F2FC012007F05E
:1041C000CFFC022003F035FB012007F0C1FC0220E8
:1041D00003F02FFBBDE81040002007F0B9BC70B51C
:1041E0000646002407F0CAFC0025002007F0B0FCBA
:1041F000022003F01EFB012007F0AAFC6006040E5B
:1042000007F0B6FC08B1641CE4B2012003F011FB16
:104210006D1CEDB2082DE8D31EB1FFF7B2FF2046AA
:1042200070BDFFF7C5FFFAE770B5054607F0B8FCAB
:10423000002007F08DFC0024280601D5012000E0B5
:10424000002007F08DFC6806050E022003F0F1FA4D
:10425000012007F07DFC022003F0EBFA002007F0BC
:1042600077FC022003F0E5FA641CE4B2082CE3D3E7
:1042700070BD10B507F094FC012007F071FC01201F
:1042800007F066FC042003F0D4FA002007F068FC75
:10429000042003F0CEFABDE81040002007F058BC1F
:1042A00010B507F07DFC002007F052FC002007F05D
:1042B00057FC042003F0BDFA012007F049FC01205F
:1042C00007F04EFCBDE81040042003F0B2BA10B570
:1042D000002407F053FC012007F042FC012003F00A
:1042E000A8FA012007F034FC012003F0A2FA07E04D
:1042F000641CE4B2FA2C03D9FFF7D2FF012010BDF1
:1043000007F036FC0028F3D107F022FC002010BD96
:1043100010B5E22001F0F2FB6420FEF73FFB242001
:1043200001F0ECFB2B2001F0E9FB812001F0E6FB22
:10433000B22001F0E3FB842001F0E0FB892001F0D2
:10434000DDFBA32001F0DAFBC52001F0D7FBC8207C
:1043500001F0D4FB102001F0D1FBD12001F0CEFB05
:10436000D52001F0CBFBDA2001F0C8FBE92001F0F9
:10437000C5FBF42001F0C2FB252001F0BFFBF620B5
:1043800001F0BCFB5A2001F0B9FBF52001F0B6FBAF
:10439000002001F0B3FBF72001F0B0FB9F2001F0FB
:1043A000ADFBF82001F0AAFBF12001F0A7FB9F2054
:1043B00001F0A4FBBDE81040AD2001F09FBBF0B5BB
:1043C00085B0DDE90EE4DDE90C7CDDE90A568DE817
:1043D000E05000F012F821680161206005B0F0BDE6
:1043E00010B50146006800220A6003E0046903F08A
:1043F0006FFA20460028F9D110BD2DE9F05F07467D
:104400000AA81C4690E8000D15460E461420DDF85B
:10441000349007F067FB00280FD0C77006718560E5
:104420004471C0F80C8080F806A080F801B080F8D4
:1044300002900E99017000210161BDE8F09F00001B
:104440002DE9FE43884604007ED0002610276078C0
:1044500030B101280DD0022825D0032877D138E0CB
:10446000CDE900762179E0780823E268FDF7A2FD26
:104470006DE0A07920B301280BD0022867D120205D
:10448000CDE900062179E0781023E268FDF712FEFD
:104490005DE01420CDE900062179E0780B23E26885
:1044A000FDF746FE53E0B8F1000F09D00097CDE9C3
:1044B000017663792179E078A268FDF79BFD46E0FB
:1044C000CDE900762179E0780823E268FDF7B6FDB2
:1044D0003DE02078E578C00709D0CDE90076217964
:1044E000082328222846FDF7D1FC0835EDB2A07834
:1044F0000A2816D2DFE800F015050B311515155501
:10450000156FCDE900760823217925227CE0CDE9DD
:104510000076217910233F4A2846FDF74BFD1035E0
:10452000EDB22078C00712D0CDE9007621790823BA
:1045300029222846FDF7AAFCCDE900760835082394
:10454000E8B221793A2200E005E0FDF79FFC2469FA
:10455000002C7FF47CAFBDE8FE83CDE900762179A5
:1045600008236D222846FDF791FCCDE90076083539
:10457000EDB22179082367222846FDF787FCCDE9B3
:1045800000760835EDB2217908232F222846FDF761
:104590007DFCCDE9007608350823EDB221794C2267
:1045A00032E0CDE90076217908236B222846FDF719
:1045B0006DFCCDE900760835EDB221790823502253
:1045C0002846FDF763FCCDE9007608350823EDB2F7
:1045D0002179612218E0CDE9007621790823702243
:1045E0002846FDF753FCCDE900760835EDB2217978
:1045F000082370222846FDF749FCCDE900760835EE
:1046000021790823EDB274222846FDF73FFC0835D6
:1046100086E70000ADED00083EB500241648009482
:10462000019414490294C0E900148460C4600461D8
:1046300044618461C461046280F82440012585627C
:1046400080F82C401021C0E90D1480F83C40FDF7A3
:10465000F1FE08B1FDF772FB1720CDE900056946B0
:1046600002940548FDF73EFE002801D0FDF766FBE9
:104670003EBD000000240140C8020020114808B5DA
:10468000016841F0807101600068002200F08070D4
:10469000009003210D20FEF717FB0D20FEF706FB0F
:1046A000002202210F20FEF70FFB0F20FEF7FEFA7B
:1046B000002204211020FEF707FBBDE8084010206F
:1046C000FEF7F4BA1C3802402DE9F04F87B01421F0
:1046D0006846FBF777FD8748016841F010010160EB
:1046E000016801F010010591016841F004010160C9
:1046F000016801F004010591016841F020010160A9
:10470000016801F020010591016841F0010101609B
:10471000016801F001010591016841F002010160A9
:10472000016801F002010591016841F00801016092
:104730000068012200F0080005904FF482716E4875
:10474000FEF71FFA002248F240016B48FEF719FA03
:10475000DFF8A8B1002281215846FEF712FA4FF483
:104760007F4A002251466648FEF70BFA4FF4E07488
:10477000012221466348FEF704FA00224FF49051CB
:104780006048FEF7FEF9012280215D48FEF7F9F945
:10479000012221465C48FEF7F4F97E200326CDE98C
:1047A00000060025694602955846FEF709F94EF2C3
:1047B0003F00CDE90006694602955248FEF700F930
:1047C00041F6BB00CDE90006694602954A48FEF76E
:1047D000F7F84FF0040801244FF00209CDE90084F6
:1047E000CDE9029669464448FEF7EAF8402701AA57
:1047F000009782E8700069463F48FEF7E1F84CF602
:104800000760CDE90006694602953F48FEF7D8F8F3
:1048100081208DE83100694658460395FEF7D0F8AF
:104820004FF47E40CDE90005694658460295FEF7F3
:10483000C7F83003CDE90005694633480295FEF715
:10484000BFF8CDE900A4CDE9024669462C48FEF741
:10485000B7F8CDE9007469462A48CDE90245FEF76C
:10486000AFF84FF49C50CDE90004CDE9024669460B
:104870002448FEF7A5F82702CDE90074CDE90246E9
:1048800069461D48FEF79CF8CDF80080CDE901652A
:1048900069461E48FEF794F8E003CDE9000402944F
:1048A000694615480394FEF78BF81F20CDE90006F2
:1048B000694602951248FEF783F880208DE8710062
:1048C00069460F48FEF77CF8C020009001AA11202D
:1048D00082E8510069460C48FEF772F8CDE9007491
:1048E000CDE9024969460848FEF76AF807B0BDE815
:1048F000F08F00001C38024000000240001002400F
:10490000000C024000080240000402400014024073
:10491000094810B5074901600021416040F6FF7168
:104920008160FEF739F9002803D0BDE81040FDF79B
:1049300005BA10BD003000401C0300200D4810B522
:104940000B4901604FF482714160002181604FF496
:104950000072C160C0E9062181620A21C162FEF7CE
:1049600021FD002803D0BDE81040FDF7E7B910BDD8
:10497000003001402803002010B586B000241748FD
:10498000009401940294039404944FF080410594A0
:1049900001601F21C0E9011440F2E731C0E90314AE
:1049A00080214161FEF7BCFE08B1FDF7C7F94FF465
:1049B0008050009069460948FEF720FF08B1FDF7D6
:1049C000BDF9049404A905480594FEF775FE002876
:1049D00001D0FDF7B3F906B010BD00008003002040
:1049E0000C4810B50A4901604FF4E13141600021E3
:1049F00081600C22C160C0E904128161C161FFF7CE
:104A000065F9002803D0BDE81040FDF797B910BD47
:104A100000380140C00300200C4810B50A4901606D
:104A20004FF416514160002181600C22C160C0E941
:104A300004128161C161FFF749F9002803D0BDE884
:104A40001040FDF77BB910BD004400400404002075
:104A50000C4810B50A4901604FF41651416000211D
:104A600081600C22C160C0E904128161C161FFF75D
:104A70002DF9002803D0BDE81040FDF75FB910BD47
:104A80000048004048040020FEE7FEF779FAFEE700
:104A90002DE9F04387B00DF1380E81469EE8E01114
:104AA000DDE91304CDE904C08DE8E001484600F0DB
:104AB0009BF8216859B18969816121684161216848
:104AC000896948612168886107B0BDE8F08320608A
:104AD000FAE770B504460068002808D0456902F07E
:104AE000F7FE216828468142F8D10020206070BD81
:104AF00010B5002808D0827983694069834284799F
:104B000002FB0142F9D1104610BD00002DE9FE4321
:104B10008846074604005FD0304E10256078B8B153
:104B2000012837D0022854D12078B8F1000F00F0C6
:104B3000010009D00095CDE901506379E178A078B2
:104B4000E268FDF757FA44E0CDE9005022693BE006
:104B50002078800712D5A0790A2801D2303000E0F1
:104B600037303070002070702078082300F001008A
:104B7000CDE90050E178A078184A28E0A1790A2010
:104B8000B1FBF0F230323270B1FBF0F200FB1210E8
:104B90003030E8E705F098FF0E2802D00F2818D132
:104BA00009E02078082300F00100CDE90050E17809
:104BB000A0780B4A0BE020780A4900F00100CDE90B
:104BC0000050A07951F82020E178A0780823FDF763
:104BD00035FA6469BC42A1D1BDE8FE83D000002053
:104BE00020FC0008140000202DE9F05F0746DDE9F5
:104BF0000E8A1C4615460E462020DDF830B0DDF842
:104C0000289006F06FFF002813D040618061877004
:104C1000C670C560447180F806B00D99C17180F806
:104C20000880C0F8109002786AF3410202700B9974
:104C30004170BDE8F09F00000C48A0F18002C168FF
:104C40005161002906D0486928B19061017841F08E
:104C50000101017070475069C068506143690BB130
:104C60001846F2E78142F6D170470000B0000020FC
:104C70002DE9F04387B00DF1380E81469EE8E01132
:104C8000DDE91304CDE904C08DE8E001484600F0F9
:104C9000CFF8216859B1096901612168C1602168B3
:104CA0000969C8602168086107B0BDE8F083206029
:104CB000FAE700002DE9F041054604680B4800279B
:104CC00007604760286800280ED0E668606918B160
:104CD00004F11400FFF7FDFE204602F0F9FD2868FC
:104CE0003446A042F1D12F60BDE8F081C800002019
:104CF0002DE9FE4F1546020088464FF0010073D0A3
:104D00003A4B196809B1596859B91A605A6059681B
:104D1000C9685960C968914203D0401CC0B20728D5
:104D2000F5D31C6899464FF08341A7782846FBF7D6
:104D300066FA83464FF084412846FBF760FA8246C4
:104D40001026A0785D46C01BFBF7C0FC2946FBF788
:104D5000AEFA01465046FBF752FAFBF7E3FCC5B248
:104D6000207881070BD500F0010205F11100C1B2D6
:104D7000681EC0B205F0B6FC102007F0E9FD2078EF
:104D800001070AD500F001000096CDE901606378C3
:104D9000294600206268FDF72DF92078C1060ED45F
:104DA000B8F1000F0BD000F001000096CDE90160D2
:104DB0006378294600206268FDF71CF909E000F0DD
:104DC0000100CDE90060082329460020A268FDF714
:104DD00035F9606910B14146FFF798FED9F8040033
:104DE000E468C068A042ACD1BDE8FE8FC8000020D6
:104DF0000E4910B5A1F18003CA685A61002A06D095
:104E00009178814204D1107840F00100107010BDFB
:104E10005969C96859618C78844204D1087840F096
:104E20000100087010BD8A42F2D110BDB000002010
:104E30002DE9F05F0746DDE90D8ADDE90A9B1C4696
:104E400015460E46182006F04DFE002816D0C0600C
:104E50000061877080F8039001780C9A21F00101BD
:104E60006BF3410162F3820168F3C3016AF3041139
:104E700001704660457084600F994161BDE8F09F04
:104E8000704710B5040008D00020207002E02046D2
:104E900000F03BF8A0680028F9D110BD10B5044619
:104EA000006800280AD001E000F02FF8206881682F
:104EB0000029F9D102F00CFD0020206010BD2DE981
:104EC000F0410F4605460026446800F015F800281A
:104ED00010D105E030462168FBF791F96468064679
:104EE000002CF7D12878FBF7FAFB01463046FBF798
:104EF00010FA3860BDE8F08128B1416819B18068C6
:104F000008B1002070470120704710B50246436881
:104F1000FFF7F2FF00280DD1D2E90101884202D14A
:104F20000020906000E040685060BDE810401846E6
:104F300002F0CEBC10BD10B50C2006F0D3FD002849
:104F400003D0002101708160416010BD70B515462D
:104F50000E46040011D0082006F0C4FD00280CD035
:104F60000021C0E90061A16841B14860A0602078DB
:104F7000401CC0B22070A84208D870BDA06060601C
:104F8000F5E7401E20702046FFF7BFFF2078A842BB
:104F9000F7D870BD38B51C4A002112681B4C12F0BE
:104FA000F00F23D1184A1C321368DD00184B03D5CB
:104FB0001A6802F4C0530EE0156845F0805515607C
:104FC000156805F0805500951B68156803F4C053FB
:104FD00025F080551560B3F5C05F07D1B0F5404F9F
:104FE00004D12068012140F004002060206820F0F6
:104FF000010008432060206800F00100884201D0D1
:10500000012038BD002038BD08380240003C024075
:105010000070004010B507F0E5FC00280DD00749EE
:105020000648491E40780978884206D10122BDE829
:10503000104080210248FDF7A4BD10BD8901002069
:10504000001002400148C07870470000890100202C
:1050500001488078704700008901002001484078AD
:105060007047000089010020014840797047000026
:105070008901002001480078704700008901002064
:1050800001480079704700008901002001488079BB
:105090007047000089010020054949780844C0B2E2
:1050A0003C2800D33C380249491E08707047000074
:1050B0008901002038B504461248134D4FF47A7325
:1050C0000068B0FBF5F0584300906068B0F5827F4F
:1050D0000DD10B46009200228021204600F016F8E8
:1050E00070B1606D40F020006065032038BD00980D
:1050F00030B1401E009020688068C0430006F6D59D
:10510000002038BD0C00002000366E012DE9F84368
:105110001E46914688460446089DFDF737FD401B14
:10512000351AFDF733FD074625480068C0F3CB303C
:10513000684338E0701C37D0FDF728FDC01BA8423B
:1051400003D215B1009860B32CE02068416821F0CB
:10515000E00141606068B0F5827F0BD1A068B0F5D6
:10516000004F02D0B0F5806F04D12068016821F0B3
:1051700040010160A06AB0F5005F09D120680168B4
:1051800021F4005101602068016841F40051016080
:10519000012084F85100002084F850000320BDE86D
:1051A000F8830025401E00902068816838EA0100DD
:1051B00004D000204845BDD10020F0E70120F9E7E8
:1051C0000C000020704730B505460C46881E81B2A1
:1051D0002846FCF73AF8291901F8020D000A487030
:1051E00030BD000080224FF44071014800F096BBB2
:1051F000002600207CB5002510240823164A2946E5
:105200002846CDE90045FCF719FFFFF727FF0646C2
:10521000FFF71EFF034611A206210F48009600F07B
:10522000D1FC06F003FF40B10C2810D10823002167
:105230000D4A3C20CDE9004507E00120CDE90040C2
:10524000094A0823483A00213C20FCF7F7FEBDE854
:105250007C4005F029BB000074000020253032643A
:105260003A2530326400000000FD0008FDF7C6BC9E
:1052700000B593B034216846FAF7A4FF14210DA8B5
:10528000FAF7A0FF1848016821F4C05141F4006109
:1052900001600B200090012010210190CDE9030155
:1052A000059002200990C0030A904FF440200B9013
:1052B00088040C906846FDF771FE08B172B6FEE7EF
:1052C0000F200D9003200E9000200F901090119051
:1052D00001210DA8FDF72CFD08B172B6FEE7FDF720
:1052E000F7FD13B000BD00000070004070470000E3
:1052F0000148FEF7EFBA00008003002070B5026895
:105300004FF08046154C164DB04203D0A04201D05C
:10531000A84205D122F070034A681A43B0420CD06B
:10532000A0420AD0A84208D00E4B984205D00E4B9E
:10533000984202D00D4B984203D122F44073CA68C0
:105340001A430B6922F080021A4302608A68C26223
:10535000096881620121416170BD000000040040C4
:105360000008004000080140000C0140001001400E
:1053700010B5846842EA032224F47F440A4322439E
:10538000826010BD826822F070020A4342F0070179
:105390008160704710B5046A036A23F00103036259
:1053A000836923F0F00343EA021324F00A020A435C
:1053B0008361026210BD10B5036A23F0100303621B
:1053C0008469036A24F4704444EA023223F0A0039F
:1053D00043EA01118261016210BD10B5406A0021EB
:1053E000C185C184FEF758FB10BD70B5446A2068C2
:1053F000406994F83D10C0F3C0100025212904D164
:1054000018B1E584204600F067F82068406994F8F8
:105410003E10C0F38010222904D118B1E585204642
:1054200000F042F8206C40F0100020642046FEF7A7
:1054300033FB70BD10B50146406A096809688906EA
:105440001BD40021C1850168CA6822F48072CA6039
:1054500001684A6922F001024A6101684A6922F042
:1054600040024A61202180F83E10016B012904D1DD
:105470000168CA6822F01002CA60016B012902D0DB
:10548000FEF741FD10BD818DFEF7D0FA10BD10B5BD
:10549000406A016B012902D0FEF741FD10BD818DEC
:1054A0004908FEF7C3FA10BD0168CA6822F4907279
:1054B000CA6001684A6922F001024A61016B012950
:1054C00004D10168CA6822F01002CA60202180F865
:1054D0003E100021016370470168CA6822F0C002D3
:1054E000CA60202180F83D10704708B590F83E1042
:1054F000222901D0022008BD81684FF480539942CF
:1055000001D1026922B1826A99421BD049B10AE0F5
:105510000268816A5268C2F308020A80816A891CA3
:1055200008E0016971B10168496801F07F011170FB
:10553000816A491C8162C18D491E0904090CC1851B
:1055400003D019E001684968F1E70168CA6822F0F0
:105550002002CA600168CA6822F48072CA600168C9
:105560004A6922F001024A61202180F83E10016B55
:10557000012903D0FEF7C7FC002008BD002101630C
:105580000168CA6822F01002CA6001680A68D2067F
:1055900002D50A6849680091818DFEF747FAEBE76A
:1055A0002DE9F041044600680169E26821F44051A8
:1055B00011430161A1682069E269014360691043F8
:1055C00001432068C26849F20C639A430A43C260EF
:1055D00020684169A26921F4407111434161354954
:1055E0002068884202D1FDF789FC01E0FDF776FCD6
:1055F000E16964223223B1F5004F00EBC00101EBF9
:10560000001160682BD08000B1FBF0F5B5FBF2F51E
:10561000B1FBF0F66FF018077D4306EB8505B1FB93
:10562000F0F603EB0515B5FBF2F5B6FBF2F605F067
:10563000F00505EB0615B1FBF0F6B1FBF0F0B0FBA1
:10564000F2F0784306EB800003EB0010B0FBF2F0C1
:1056500000F00F00216828448860BDE8F081400018
:10566000B1FBF0F6B6FBF2F6B1FBF0F7B1FBF0F5EB
:105670006FF0180C06FB0CF607EB860603EBC6066C
:10568000B5FBF2F5B6FBF2F62D0106F0F80605EBD8
:105690004605B1FBF0F6B1FBF0F0B0FBF2F000FB19
:1056A0000CF006EB800003EBC000B0FBF2F000F062
:1056B0000700CFE70038014037B582B01346039AA0
:1056C00082628385002504460564222084F83E001A
:1056D000A16B13488862A16B1248C862A16B124883
:1056E0000863A06B45632168A06B091DFDF71EF9D7
:1056F000206801684168009184F83C50C16841F419
:105700008071C1602068416941F0010141612068F8
:10571000416941F04001416105B0002030BD000009
:10572000355400088F540008EB5300082DE9F04170
:105730001E46174688460446069D1CE0681C1AD083
:1057400025B1FDF723FA801BA84214D92068C1684F
:1057500021F4D071C1602068416921F001014161EB
:10576000202084F83D0084F83E00002084F83C00AE
:105770000320BDE8F0812068016838EA010004D008
:105780000020B842DAD00020F3E70120F9E700005A
:1057900010B50448FEF794F9BDE810400148FEF743
:1057A0007CB90000C003002010B50448FEF788F95A
:1057B000BDE810400148FEF770B900000404002065
:1057C00010B50448FEF77CF9BDE810400148FEF72B
:1057D00064B9000048040020FEE7000010B500F0A6
:1057E000EBF800F095F8094C002280212046FDF7E7
:1057F000C8F9C72000F076F8012280212046FDF785
:10580000C0F9BDE8104000F083B80000000C024071
:1058100070B5040300F0D0F800F07AF80E4D0022C5
:1058200080212846FDF7ADF9202000F05BF8C4F395
:10583000074000F057F8C4F3072000F053F8E0B237
:1058400000F050F8012280212846FDF79AF9BDE8C2
:10585000704000F05DB80000000C02402DE9F041FE
:10586000134F15460C460646002280213846FDF7A8
:1058700088F9032000F036F8C4F3074000F032F84E
:10588000C4F3072000F02EF8E0B200F02BF800245B
:1058900005E0FF2000F026F83055641CA4B2AC42AD
:1058A000F7D33846BDE8F04101228021FDF769B900
:1058B000000C024070B50A4C002280212046FDF702
:1058C00060F9052000F00EF8FF2000F00BF8054607
:1058D000012280212046FDF754F9284670BD0000C2
:1058E000000C024001B582B000208DF804000A20AF
:1058F0000090012301AA02A90448FDF7DBFD10B1C5
:10590000FF208DF804009DF804000EBD2803002040
:1059100010B5FFF7CFFFC007FBD110BD2DE9F05F39
:10592000C1F30B06DFF88C800F0BC6F580548A4656
:1059300081461546A24200D8144639038B464FF4DF
:1059400080524046FFF78AFF002006E0321818F820
:105950000210FF2903D1401C80B2A042F6D3A0421E
:1059600021D23846FFF754FF002006E019F8002046
:105970008319401C08F8032080B2A042F6D3594690
:105980004FF48052404600F02BF8A5420FD0281B60
:10599000A144A244002685B24FF480547F1CA54246
:1059A000CBD82C46C9E7224651464846EBE7BDE82E
:1059B000F09F00007C12002010B5084C00228021CE
:1059C0002046FDF7DEF80620FFF78CFF2046012277
:1059D000BDE810408021FDF7D4B80000000C024063
:1059E0002DE9F0410746C8B2C0F580740E46154651
:1059F000A24200D814464FF48078224631463846F9
:105A000000F00EF8A54208D0281B2744264485B292
:105A10004446A542F1D82C46EFE7BDE8F0810000EE
:105A20002DE9F04115460C460646FFF7C5FF134F1A
:105A3000002280213846FDF7A4F80220FFF752FF2C
:105A4000C4F30740FFF74EFFC4F30720FFF74AFFF8
:105A5000E0B2FFF747FF002404E0305DFFF742FFAC
:105A6000641CA4B2AC42F8D3012280213846FDF771
:105A700088F8BDE8F041FFF74BBF0000000C024082
:105A8000810901F0010201F00201C2EB0212C1EB37
:105A9000011102EB0111CBB2010901F0010270B555
:105AA00001F00201C2EB0212C1EB011102EB011184
:105AB000CCB2810801F0010201F00201C2EB021236
:105AC000C1EB011102EB0111CDB200F0010100F0B8
:105AD0000200C1EB0111C0EB001001EB0010C6B2D7
:105AE000184600F03DF8204600F03AF8284600F04D
:105AF00037F83046BDE8704000F032B82DE9F0418B
:105B0000144D07464FF48074002221462846FDF7C5
:105B100038F8114E002261003046FDF732F80122BC
:105B200021463046FDF72DF8002280213046FDF752
:105B300028F83946094806F033FF0022214630464E
:105B4000FDF71FF821462846BDE8F0410122FDF788
:105B500018B800000000024000080240000C02409B
:105B60002DE9F041144D07464FF480740022214680
:105B70002846FDF706F8114E012251023046FDF786
:105B800000F8012221463046FCF7FBFF002280216D
:105B90003046FCF7F6FF3946094806F001FF0022BF
:105BA00021463046FCF7EDFF21462846BDE8F0418E
:105BB0000122FCF7E6BF000000000240000802409E
:105BC000000C02400FB47CB50C0009AD01D0611E81
:105BD00000E00021CDE90001064B6A4629460898FD
:105BE00000F000F9002C02D0009A002111707CBC5A
:105BF0005DF814FBEB6400080907090E002804DBBC
:105C000000F1E02080F80014704700F00F0000F170
:105C1000E02080F8141D70470148006870470000BC
:105C2000C402002002E008C8121F08C1002AFAD1ED
:105C300070477047002001E001C1121F002AFBD10C
:105C4000704700000149086070470000C40200204E
:105C50002DE9FF5F82B00021DDE90430020DDDF89F
:105C600040B0034318D044F61050A2F2FF32424332
:105C70001514119801281FD0A5EB0B00401C5FEAFA
:105C8000000A4FF000064E4FDFF83891B0465046FC
:105C900015D5CAF1000413E0119801244AA3012884
:105CA00001D16FEA0B010298119AC0E90031C0E9F5
:105CB000024206B0BDE8F09FCBF10000DFE70446EA
:105CC0000021404A491842EB0450CDE9001012E08F
:105CD000E00707D032463B4640464946FAF7FEFB0E
:105CE0008046894632463B4610461946FAF7F6FB8F
:105CF00006460F466410002CEAD1DDE90401DDE917
:105D00000023BAF1000F06DAFAF7E8FB42464B46E9
:105D1000FAF7E4FB05E0FAF753FC42464B46FAF784
:105D20004FFC04460E460022284BFAF759FD03D8D3
:105D30004FF0FF30014607E00022254B2046314658
:105D4000FAF725FBFAF7BEFE102409E0002C0ADB67
:105D50000A220023FAF7ECF9039B30321A55641E2D
:105D600050EA0102F2D1641C039AC4F111031444F5
:105D7000119A012A03D0012208430DD10AE00843F9
:105D800004D000204FF0110B119072E7A3EB0B052C
:105D90006D1E0DE05B4504DD4FF0000205F10105CD
:105DA00004E003DA4FF00002A5F10105002AECD06F
:105DB00002981199C0E90231C0E9004579E7000075
:105DC000000014400000F03F300000000000F043ED
:105DD0000000E03F30380A2801D20120704700203F
:105DE000704700002DE9FF4F95B09A468846064659
:105DF0000025EEE1252877D100242746F94A012124
:105E0000039400E0044316F8013F203B01FA03F03D
:105E10001042F7D130782A2811D06FF02F03307854
:105E2000A0F13002092A16D8039A44F0020402EBCA
:105E3000820203EB42021044761C0390EFE758F80D
:105E4000042B0392002A03DA504244F400540390D6
:105E500044F00204761C30782E2816D116F8010F73
:105E600044F004042A280DD06FF02F023078A0F1FE
:105E70003003092B09D807EB870302EB4303C7184C
:105E8000761CF3E758F8047B761C30786C280FD02A
:105E900006DC4C2817D068280DD06A2814D104E0FD
:105EA000742810D07A280FD10DE044F400140AE0D1
:105EB00044F4801401E044F440147278824202D128
:105EC00004F58014761C761C307866280BD013DC21
:105ED000582877D009DC002875D04528F6D0462808
:105EE000F4D047281AD193E118E0632835D064280C
:105EF00079D0652812D18BE1702873D008DC67282F
:105F0000F1D069286FD06E280DD06F2806D1ACE093
:105F100073282CD0752874D0782853D052461799FE
:105F200090476D1C54E1C4F30250022809D00328A5
:105F30000DD0D8F8001004280DD00D6008F1040829
:105F400046E1D8F80010EA17C1E90052F6E7D8F8A0
:105F500000100D80F2E70D70F0E718F8041B8DF8C3
:105F6000001000208DF80100EB46012003E058F8F6
:105F700004BB4FF0FF3061074FF0000102D40DE089
:105F800009F101018946B9420FDA8145F8DB1BF8B6
:105F900009100029F4D108E009F101018946814284
:105FA000FADB1BF809100029F6D103985346A0EB41
:105FB000090721463846179A00F080FA284400EB7A
:105FC000090507E044E008E10DE01BF8010B52462B
:105FD00017999047B9F10109F7D25346214638463F
:105FE000179AF2E039E00A21C4F302524FF0000B95
:105FF0000091022A06D058F8040BC117032A09D0D1
:106000000AE023E008F1070020F00702F2E80201AD
:10601000904605E000B2C117042A01D140B2C11771
:10602000002906DA0A460021404261EB02012D22D6
:1060300002E0220504D52B228DF80420012203E082
:10604000E20701D02022F7E7914657E00A2100E05D
:1060500010214FF0000B00910BE010214FF0000BCE
:1060600044F004040827009103E008204FF0000BDF
:106070000090C4F30252022A05D058F8040B002104
:10608000032A08D008E008F1070020F00702F2E830
:106090000201904603E080B2042A00D1C0B24FF062
:1060A000000922072AD53278702A07D0DDF800C00F
:1060B0008CF0100C5CEA0B0C05D00EE040228DF841
:1060C0000420012208E050EA010306D030238DF8B5
:1060D00004308DF8052002229146009B83F00803CE
:1060E00053EA0B030AD150EA010201D1620705D538
:1060F00030228DF804204FF001097F1E3278582A93
:1061000004D039A20C920CAA02920BE03BA2F9E750
:106110005B46009AFAF70CF80C9B9B5C029A521EA5
:106120000292137050EA0102F2D1029804A9081AEF
:1061300000F1200B600702D524F4803400E0012731
:106140005F4502DDA7EB0B0000E0002000EB0B0138
:10615000009003984944401A0390E00306D4534644
:106160002146179A039800F0A9F90544002706E094
:1061700001A85246C05D179990476D1C7F1C4F4582
:10618000F6DBE0030CD553462146179A039800F03E
:1061900095F9054404E030205246179990476D1C4C
:1061A0000099481E00900029F5DC08E00298029949
:1061B00052460078491C0291179990476D1CBBF11B
:1061C0000001ABF1010BF1DC5BE100F065F9054486
:1061D000761C307800287FF40DAE19B02846BDE853
:1061E000F08F000009280100303132333435363762
:1061F0003839616263646566000000003031323313
:1062000034353637383941424344454600000000B2
:10621000600700D4062708F1070020F00700F0E827
:106220000223804603F0004C5FEA0C0001D097A0E7
:1062300009E0200501D596A005E0E00701D095A072
:1062400001E0AFF24C001390307823F00043652852
:106250000CD006DC452809D046281DD047287FD120
:106260003BE0662818D067287AD136E00021112F4C
:1062700001DB112000E0781CCDE9000104A90CA885
:10628000FFF7E6FCDDE90D010C9A4FF0000B07F17A
:106290000109109200914EE04FF000400097CDE9C7
:1062A000011004A90CA8FFF7D3FCDDE90D020C9B3B
:1062B0000F994FF0000B91461093009211B9791C81
:1062C00000EB0109B7EB090003D4C0F1FF3B07F174
:1062D0000109A9EB0700019042E0012F00DA012734
:1062E0000021112F01DD112000E03846CDE9000129
:1062F00004A90CA8FFF7ACFCDDE90D010C9A009194
:106300004FF0000BB946109221070FD4009A4A456E
:1063100003DA914601E0A9F10109B9F1010F05DDA8
:10632000109AA9F10101515C3029F4D0B84202DA87
:1063300010F1040F03DA0121CDE9011010E000286B
:1063400003DC8344A9EB000102E0411C494500DD68
:106350008946A0EB0B00401C01904FF000400290DA
:10636000200705D40198484502DB4FF0FF3001902B
:1063700000208DF84B0002980DF14B07B0F1004F53
:1063800025D002200C902B200D90029800280CDACA
:10639000404202902D200D9007E00A210298FAF762
:1063A00067FA3031029007F8011D0C99481E0C90D5
:1063B0000029F2DC02980028EFD1791E0D980870B0
:1063C000307800F0200040F0450007F8020D11A8D9
:1063D000C01BC01D02901398007800B1012000EB93
:1063E0000901019801EBE071029801440398401AF9
:1063F000401E0390E00306D453462146179A0398A3
:1064000000F05CF805441398007818B152461799CB
:1064100090476D1CE00323D553462146179A0398F5
:1064200000F04CF805441BE0BBF1000F07DB0098BF
:10643000584504DD1098179910F80B0001E01799E2
:1064400030205246904701980BF1010B401E05F198
:106450000105019004D12E205246179990476D1CDA
:10646000B9F10001A9F10109DEDC05E017F8010B23
:106470005246179990476D1C0299481E02900029B8
:10648000F4DC53462146179A03989EE62D0000003F
:106490002B000000200000002DE9F04104460025FB
:1064A0001E461746880404D405E039462020B0472C
:1064B0006D1C641EF9D52846BDE8F0812DE9F04138
:1064C000044600251E469046C80301D5302700E04B
:1064D0002027880404D505E041463846B0476D1CA6
:1064E000641EF9D52846BDE8F0814A68002A06D026
:1064F0000A68531C0B6010704868401E4860704763
:1065000030B583B00446FFF787FB05460020CDE990
:106510000000024621466846FAF70DFA2846FFF7C2
:1065200091FBDDE9000103B030BD0000F8B5324E4B
:106530000446304930780B258C4207DD000731D402
:10654000162304212D4A8220009520E02C49214465
:10655000B1F5801F0BD240F008003070400721D405
:10656000264A1623213A0421822000950FE025496E
:10657000254A214491420DD840F004003070800734
:1065800010D41E4A1623423A042182200095FBF7BC
:106590003DFC07E01D491E4A2144914202D840F0CB
:1065A000030030703078C00714D01349891E487832
:1065B000E8B100204870114A00284FF01603A2F1FC
:1065C00084024FF004014FF08200009500D0213288
:1065D000FBF71CFC0D484042844207DA074A1623A9
:1065E0002132042182200095FBF710FCF8BD012028
:1065F000E0E70000333393406A020020A8FD000862
:10660000CCCC7CBF999999BFCCCC1C006666E6C007
:10661000CCCC4C0100F00F01000900EB800001EB35
:106620004000C0B27047000070B506F0FFF91D4E83
:106630001D4C002578B1607868B1012240213046B8
:10664000FCF79FFA2078401CC1B22170322920D378
:10665000257065701EE006F0B9F9D8B1A078C8B110
:106660002079C00701D0002200E0012240213046FD
:10667000FCF787FAE078401CC0B2E070322808D3FB
:10668000E5702079401CC0B22071042801D3257127
:10669000A57070BD3046BDE8704000224021FCF777
:1066A00070BA000000000240780200200349002276
:1066B000034BD1E90201F9F783BF0000100100206C
:1066C00000408F401CB514490860FBF78DFDB621D2
:1066D000E020FAF787FD1420FCF760F903208DF81D
:1066E000000001248DF801408DF802006846FAF799
:1066F0006EFD00208DF8040004208DF805008DF853
:10670000064001A8FAF758FDFF217420FAF76AFD48
:106710000A20FCF743F91CBD10010020FF2000F007
:1067200001B80000084B196809688A68D2439207CB
:10673000FBD4C860186800688168C943C907FBD1E9
:10674000C068C0B2704700001001002010B50120E1
:10675000FAF7DCFC0028FAD10820FAF7D7FC002869
:10676000FAD1FAF7F9FC044CC4E90401FAF7D8FCB1
:10677000C4E9020110BD0000100100202DE9F14F15
:106780007448734E4068F9F7AFFF4FF0FF32F9F7E6
:1067900086FF0022704BF9F79BFE04460D46B34678
:1067A000B6F91000F9F7A0FF0746884622462B46A7
:1067B00010461946F9F792FE43463A46F9F78EFE1F
:1067C0006FF00E02F9F76BFF80460F46B6F90E0028
:1067D000F9F78AFF22462B46F9F780FE0122F9F7E6
:1067E0005EFF42463B46F9F7D2FD81468A46B6F93E
:1067F0000C00F9F779FF1022F9F751FF0746884698
:106800006FF0010248465146F9F749FF3A464346C0
:10681000F9F7BDFD80468946B6F90800F9F764FF2F
:1068200022462B46F9F75AFE07468A46B6F90A0071
:10683000F9F75AFF22462B46F9F750FE22462B461F
:10684000F9F74CFE6FF012042246F9F728FF534681
:106850003A46F9F79CFD2246F9F721FF05460F4617
:10686000F088F9F752FF04460E466FF00E022846F4
:106870003946F9F714FF0022384BF9F788FD224614
:106880003346F9F72BFE002204460D461346F9F76E
:106890008FFF03D100200146BDE8F88F0098F9F77B
:1068A00023FF00222E4BF9F716FE06460F466FF027
:1068B0000B0240464946F9F7F2FE32463B46F9F7ED
:1068C0000AFE0022274BF9F709FE22462B46F9F76C
:1068D00077FE04460D465E46BBF91600F9F704FF45
:1068E00022462B46F9F7FAFD22462B46F9F7F6FD2C
:1068F0006FF01E02F9F7D3FE82468B46B6F91400FC
:10690000F9F7F2FE22462B46F9F7E8FD6FF00E028A
:10691000F9F7C5FE07468946B6F91200F9F7E4FE15
:10692000064688463A464B4650465946F9F72FFDEB
:1069300043463246F9F72BFD6FF00302F9F7AFFE3D
:1069400001B022462B46BDE8F04FF9F720BD00000C
:10695000E4050020080100200040EF400000F03F67
:1069600000003041006AB8402DE9F84F2C4C054634
:10697000B4F90200F9F7B8FE824688462088F9F794
:10698000C4FE06466FF009020091F9F788FE8146C1
:106990000F462846F9F7A8FE8B4605466FF00D0214
:1069A000F9F77DFE4A463B46F9F792FD52464346CB
:1069B000F9F794FD81468A46B4F90400F9F794FE8C
:1069C0000446884630466FF00C020099F9F767FEDE
:1069D00006460F46284659466FF01002F9F75FFE4B
:1069E00032463B46F9F774FD02460B46F9F776FD51
:1069F00043462246F9F772FD4A465346F9F7C7FC6B
:106A00000D460446F9F7A2FE06490022064B4860EF
:106A100001B020462946BDE8F04FF9F7D1BD00008E
:106A2000E4050020080100200000B440D020FAF75F
:106A3000A9BB00002DE9F04103F0E4FC5F4E0925FD
:106A40004FF002080024A6F18007E8B300F05AFED8
:106A50003878092802D0212826D116E0F068B969D3
:106A60004069884220D18979544A8907A2F10C02F1
:106A700001D01C2100E01D21517040694F498279ED
:106A80000D394069515C01720EE0F0684169B869E6
:106A9000814209D1827972B3042A3BD04869C4711A
:106AA000F068406940690572B869017821F0010118
:106AB00001704069B861017841F0010101707A69A3
:106AC000526982420DD100E00BE021F0010101701A
:106AD0007869017841F0010101703948386239481C
:106AE000786203F059FC00284BD000F0CDFD3878D7
:106AF00021282AD11AE0FFE74969424681F8078038
:106B0000F168496949690D72406981790229CBD2DE
:106B10008271C9E74969CC71F168496949690C72A8
:106B2000406981790029BFD08471BDE7F06841696F
:106B3000B869814209D182792AB3042A31D04869DF
:106B4000C471F068406940690572B869017821F044
:106B5000010101708069B861017841F001010170A3
:106B60007A695269926982420BD121F00101017068
:106B70007869017841F001010170114838621148CB
:106B80007862BDE8F0814969424681F80780F16882
:106B9000496949690D72406981790229D5D28271AA
:106BA000D3E74969CC71F168496949690C72406958
:106BB00081790029C9D08471C7E70000B0000020A6
:106BC00019700008C96B00082DE9F04788B003F080
:106BD000E3FBB44FA7F1800460B100F055FD787875
:106BE00040B12078072801D105F05EF878780121BE
:106BF00003F0DEFFF86810B3606900B30078C007E7
:106C00001DD003F0FFFB00287DD000F07BFD606904
:106C100000250722C17801264FF0020881B32178B0
:106C2000042911D00D2914D002294FD0042903D3EF
:106C3000062901D88278E27108294AD04BE008B0D1
:106C4000BDE8F04700F05EBD8268002AF2D0226401
:106C5000F0E783681978462927D008DC422910D04C
:106C6000432910D044291CD0452934D11BE04E299A
:106C700022D04F2922D0542925D070292BD120E0B1
:106C800030E00A211BE059784C2904D04F2906D066
:106C9000682920D101E0082111E009210FE00B2132
:106CA0000DE0A57317E0042109E05978432901D0CC
:106CB000A27310E0032102E0062100E00521A17388
:106CC00009E0A67307E084F80E8004E08178217261
:106CD00001E08178A171C07808B00021BDE8F047DB
:106CE00003F066BF416900297DD02278252A15D09E
:106CF000262A13D0272A11D0027822F0010202702E
:106D0000A161087800E006E040F0010008706648E4
:106D100020626648606208B0BDE8F087607B0028AA
:106D2000F9D1F8680A214069FDF7E2FE8146F9F7DA
:106D3000ECFC00225E4BF9F743FC07468A465948B3
:106D4000CDE9007A5BA208212338FEF73BFFB9F1B9
:106D5000000F5DD038465146F9F75AFD514FE061BA
:106D60000C373846FDF7A6FF00225D214B2003F0CB
:106D7000B9FC3C1FCDE90454A4F12B00CDE900057A
:106D8000CDE9026500231A4638213420FDF717FBB0
:106D9000CDE904544A48CDE90005CDE90285072331
:106DA000484A4C210020FDF70AFBCDE9045446482F
:106DB000CDE90005CDE902850523444A6021002084
:106DC000FDF7FDFA03F09EF9CDE904541730CDE943
:106DD0000005CDE9026500231A4688213820FDF719
:106DE000EEFA3B4800E016E005F09AFD03950495A5
:106DF000CDE90557CDE90056364B0422364900202F
:106E00000296FDF735FF08B0BDE8F047FAF702BB80
:106E100032483349A0E7234920781839242835D04F
:106E200008DC12282ED014280ED0162826D02328AD
:106E300006D12BE0252829D0262827D0272825D0A1
:106E400028480860284824E005F0C8F800283FF4E6
:106E500062AF05F0EBF800287FF45DAF03F052F964
:106E60000028F4D003F04EF9FAF7AFFB0028EED07B
:106E7000002004F06BFB014601200EE01B48086077
:106E80001B4806E01B4808601B4802E01B480860DE
:106E90001B4848600A720121002008B0BDE8F04795
:106EA00001F0A0BEB00000202D710008356A000876
:106EB000000024402530352E303166202525000085
:106EC000EDF80008E6F8000807F9000802F90008E4
:106ED0000000A842CDFB00086AF80008FCA9F1D226
:106EE0004D62503F24FC00082BFC000838FC0008D1
:106EF0003FFC00085CFC000863FC000849FC00083B
:106F000050FC000810B503F07DFA244C50B300F09B
:106F1000F9FBA069017821F00101017004F1800101
:106F2000496881421FD105F053F92078252820D0E7
:106F300008DC03281DD01E281BD022280CD02428B2
:106F400008D116E0262814D0272812D0282810D0DF
:106F500029280ED0012102E000F0A8FA0146022003
:106F600001F040FE05E00E4820620E48606200F02D
:106F70006BFC03F011FA00280ED000F085FBA0692D
:106F8000017821F001010170054820620548606226
:106F9000BDE8104000F058BC10BD000030000020DB
:106FA00019700008C96B000810B503F02BFA10B374
:106FB00000F0A8FB1748007801281CD105F036F82E
:106FC000C8B903F09FF8B0B105F006FD022804D15E
:106FD00003F098F8FAF7FFFAA8B105F0FDFC50B1FC
:106FE00003F090F8FAF7F7FA28B100F089FA03F005
:106FF00089F8FAF786FB03F0CFF9002808D0BDE83E
:10700000104000F041BB03F07DF8FAF775FBF2E7A2
:1070100010BD00003000002070B5234D6C69E4B352
:1070200005F18006F068C0B32078C00735D003F0C2
:1070300009FAA0B100F08EFB68692469844202D08D
:1070400021784907F9D5844209D0207840F0010021
:1070500020706869017821F0010101706C6103F012
:1070600083F9A0B100F0F0FA6869E468844202D0C4
:1070700021784907F9D5844209D0207840F00100F1
:1070800020706869017821F0010101706C61F1687C
:107090006869BDE8704005F003BF00F05BFBBDE828
:1070A000704000F0D1BA00003000002070B503F04D
:1070B000C9F91D251C4C1C26B8B100F04BFB2078EB
:1070C0001C2802D01D2810D105E0174825708030FB
:1070D00001F062FA04E014482670803001F0AAF84A
:1070E0000022A021202003F0FDFA03F03DF9002842
:1070F00018D000F0A9FA20781C280DD01D2811D135
:1071000009482670803001F095F8BDE870400022F3
:10711000A021202003F0E6BA03482570803001F05A
:107120003BFAF2E770BD00003000002010B503F01C
:1071300089F92A4C60B100F00DFB2078092829D08C
:10714000152818D0A069027AC179801D05F062FE69
:1071500003F00AF9002840D000F076FA20780928D8
:1071600031D015281FD0A069027AC179BDE810403E
:10717000801D05F05FBE04F0CBF90028E8D004F0D4
:10718000C7F9024615480121103005F04BFE05F005
:10719000DFFDDDE7A069027AC179801D05F03AFEC6
:1071A00005F010FED4E704F0B3F9002815D004F080
:1071B000AFF9024609480121103005F043FEBDE851
:1071C000104005F0C5BDA069027AC179801D05F0A7
:1071D00031FEBDE8104005F0F5BD10BD30000020C7
:1071E00010B503F02FF9104C60B100F0B3FAA069AC
:1071F000017821F0010101708069A061017841F0FE
:107200000101017003F0B0F800280CD000F01CFA66
:10721000A069017821F0010101704069A061017845
:1072200041F00101017010BD3000002010B503F0E5
:1072300009F908B100F08EFA03F096F8002803D09F
:10724000BDE8104000F000BA10BD000010B503F01A
:107250008BF9054C206A00B18047606A002802D093
:10726000BDE81040004710BD300000202DE9F0417E
:1072700086B000278DF8107000F0C6F8002819D0ED
:10728000604CA01C27706178F9F7F7FF002811D037
:10729000A078FE280ED1E17802290ED0032909D169
:1072A000217901297DD0022904D1B4F8050040BA22
:1072B00004F0DAF906B0BDE8F08120790225FF2656
:1072C000C01E4FF0010805287DD2DFE800F003144E
:1072D0004F6B8700012217023946601DFEF71EFB27
:1072E00005F00AFC8DF800608DF8015003204AE09B
:1072F0008DF8030067E060798DF80E00A0798DF8B5
:107300000D00E0798DF80B00207A8DF80A00607A84
:107310008DF80900A07A8DF8080002A8FCF759FE44
:107320008DF800608DF8015004208DF80200FDF703
:10733000ADFE6179884216D1FDF796FEA1798842AB
:1073400011D1FDF77FFEE17988420CD1FDF780FE77
:10735000217A884207D1FDF781FE617A884202D105
:107360008DF803802FE08DF803702CE00122970246
:107370003946601DFEF7D2FA05F0BEFB8DF80060BD
:107380008DF8015005208DF802000122394604A82D
:10739000FEF764FA60799DF8101088422DD1012023
:1073A000A6E72CE08DF800608DF8015006208DF8DE
:1073B0000200FEF713FA4FF49670FBF7EFFA8DF820
:1073C000038000F04FFA06216846FDF7FCFEC82353
:1073D00006226946E069FCF7A3FD6BE74FF4A0675E
:1073E00001223946601DFEF799FA05F085FB8DF8FC
:1073F00000608DF801500720C5E7002078E704F011
:1074000051F957E7480200200248007800F00100D7
:10741000704700004802002008B50D4A01689142FB
:1074200015D10A6849680091FCF701FB094800681A
:1074300040680949C0F114004870012001F81C0B94
:10744000142251F81A09BDE80840FCF747BD08BDF1
:10745000003801408C0400204802002070470000E2
:10746000064941F81C0F0068C26842F01002C26071
:1074700051F81A091422FCF731BD0000480200201F
:10748000094909488039C0684A6990420AD140696F
:10749000896940694069884204D08279017A8A42C8
:1074A00000D9817170470000B000002070B50B4D0D
:1074B0000A21E8684069FDF71BFB84B2E8680A21ED
:1074C000C0684069FDF714FB0004000C04D01CB137
:1074D000844201D3002070BD012070BDB0000020A7
:1074E0000248017821F008010170704792010020E4
:1074F0000248017821F004010170704792010020D8
:1075000001490020887070479802002002480178E5
:1075100021F01001017070479201002002480178AB
:1075200021F020010170704792010020124801787B
:1075300021F010010170017821F0400101704178C3
:1075400021F001014170017821F080010170017882
:1075500021F002010170017821F008010170017829
:1075600021F020010170017821F0040101700178FF
:1075700021F001010170704790010020024801785C
:1075800021F01001017070479601002002484178F7
:1075900021F0F00141707047AC01002002480178F1
:1075A00021F0100101707047940100200248017819
:1075B00021F010010170704790010020024801780D
:1075C00021F0400101707047960100200149002020
:1075D00088807047AC0100200248017821F040010A
:1075E00001707047940100200248017821F04001A9
:1075F00001707047900100200248417821F001019C
:1076000041707047900100200248017821F080010C
:1076100001707047900100200248017821F00201BA
:1076200001707047960100200248017821F0F001B6
:1076300001707047AC0100200248017821F002017E
:1076400001707047940100200248017821F0020186
:1076500001707047900100200248017821F0080174
:1076600001707047960100200248417821F00F0117
:1076700041707047AC0100200248017821F00801F8
:1076800001707047940100200248017821F0080140
:1076900001707047900100200248017821F020011C
:1076A00001707047960100200248817821F00F0197
:1076B00081707047AC0100200248017821F0200160
:1076C00001707047940100200248017821F02001E8
:1076D00001707047900100200248017821F00401F8
:1076E000017070479601002001490020C880704752
:1076F000AC0100200248017821F0040101707047BC
:10770000940100200248017821F0040101707047C3
:10771000900100200248417821F002014170704739
:10772000900100200248017821F0010101707047AA
:10773000960100200248017821F00F010170704786
:10774000AC0100200248017821F00101017070476E
:10775000940100200248017821F001010170704776
:10776000900100200248017821F00101017070476A
:107770009201002010B505F04DF905492022897AC3
:10778000BDE8104002EBC101C9B202F0EFBF00003A
:10779000300000200248017821F00201017070479A
:1077A000920100200248017821F001010170704728
:1077B000A80100200248017821F080010170704783
:1077C000920100200248017821F0400101707047C9
:1077D0009201002010B504F067FABDE8104004F0F3
:1077E00081BA000010B508A10948F8F7F6FC044674
:1077F00008A1401CF8F7F1FC021B2146BDE810402F
:107800000548F8F7C6BC000024474E524D4300001F
:107810007C22002024000000DC0100200A21B0FBB3
:10782000F1F201FB1202B0FBF1F042EA0010C0B22B
:107830007047002204E00A21491EC9B2FCD2521C42
:107840008242F8D37047000002490020487002F0DD
:1078500077BF0000300000200148FBF7C9B90000E5
:107860001C0300201CB50020009066208DF8040049
:1078700003F0A0F80122002101A8FEF74FF8022230
:1078800011026846FEF74AF8FDF7ACFC0520FBF74D
:1078900085F8FAF755FA1CBD10B50A49F8F707FD47
:1078A000F8F773FF0022084BF8F771FDF8F74EFF69
:1078B000F8F71AFF0022054BF8F782FEBDE81040EA
:1078C000F8F7A6BF0000C8420000E03F00005940A2
:1078D00010B5002821D0114B0022001F196803E0C9
:1078E000814203D80A4649680029F9D152B1136888
:1078F000841A9C4204D1006818441060104602E0CB
:10790000506000E0186039B102680B1A934203D14D
:107910000B681A4402604968416010BDBC02002037
:1079200010B502F0BDFD002813D00A494888401C5C
:1079300080B2488040F2DC5290420AD302F05AFDF5
:10794000002806D14880FFF72DFFBDE8104003F066
:1079500029B910BDA8010020F0B51949044689B025
:107960004FF082400860F9F74FFD002501262220E4
:10797000CDE90006079507AF039504950296CDE97A
:107980000557104B022210492846FDF771F903955F
:107990000495CDE90557CDE900560C4B02220C4960
:1079A00001200296FDF764F90D20607009482061FE
:1079B00004202070084860610798E06009B0F0BDBD
:1079C000D40000206BFB000886F8000867FB000865
:1079D00088F800082EF80008E8FA0008F0B5194900
:1079E000044689B04FF082400860F9F70DFD00258C
:1079F00007AF079503950495CDE905570126CDE915
:107A00000056114B0222114928460296FDF730F923
:107A100003950495CDE90557CDE900560C4B02229C
:107A20000C4901200296FDF723F90A2060700A48EC
:107A3000206103202070094860610798E06009B068
:107A4000F0BD0000D40000206BFB000886F80008A1
:107A500067FB000888F8000864FA000867FA000865
:107A600030B589B01449044600254FF0824007958F
:107A70000860F9F7C9FC04F0B7FA006878B107A903
:107A800003950495CDE9055101211B22CDE9002183
:107A900002912846094B03220949FDF7E9F8052020
:107AA00060700848206104202070074860610798D2
:107AB000E06009B030BD0000D4000020F5F90008F6
:107AC000EFF900082EF80008E8FA00082DE9F04F59
:107AD00005469A488FB04FF08141016024200B90F9
:107AE000F9F792FC00240794089409940A9402F090
:107AF000DBFF002805D804F0A5FF834604F07EFFD5
:107B00000C905846F8F70EFE1FFA80FA0A27BAFBC7
:107B1000F7F04FF00908CDE90348C0B20094CDE971
:107B200001400DF124090126CDE9056900231A461B
:107B300060200B99FCF7ACFFBAFBF7F1CDE90348E5
:107B400007FB11A00094CDE90140CDE905690023B0
:107B50001A4668200B99FCF79BFF79495846F8F7BD
:107B6000A6FB8246F8F7DEFD80B2B0FBF7F1CDE967
:107B7000034807FB11000094CDE90140CDE90569F8
:107B800000231A4678200B99FCF782FF6C49504677
:107B9000F8F78DFBF8F7C6FD80B2B0FBF7F1CDE941
:107BA000034807FB11000094CDE90140CDE90569C8
:107BB00000231A4680200B99FCF76AFF0AA8CDE93A
:107BC0000440DFF880B1CDE900B4002302940394AF
:107BD0001A4670200B99FCF7F2FB09990DF11C0A6B
:107BE000CDE90441CDF818A003940094CDE90146F5
:107BF000554B052255490020FDF73AF84F484FF004
:107C000083410068F8F7FBFA01465148F8F7F7FAA4
:107C1000F8F788FDC0B20B900C98F8F783FD80B29E
:107C20000D90B0FBF7F0CDE903480DF12009009469
:107C3000CDE90569C0B2CDE9014000231A466020B4
:107C40000B99FCF725FF0D98CDE90348B0FBF7F140
:107C500007FB11000094CDE90140CDE9056900233F
:107C60001A4668200B99FCF713FF35490C98F8F772
:107C70001EFB0C90F8F756FD80B2B0FBF7F1CDE992
:107C8000034807FB11000094CDE90140CDE90569E7
:107C900000231A4678200B99FCF7FAFE28490C9825
:107CA000F8F705FBF8F73EFD80B2B0FBF7F1CDE940
:107CB000034807FB11000094CDE90140CDE90569B7
:107CC00000231A4680200B99FCF7E2FE0AA8CDE9B2
:107CD0000440CDE900B40023029403941A467020B6
:107CE0000B99FCF76CFB0899CDF818A0CDE904417D
:107CF00003940094CDE90146164B05221649012054
:107D0000FCF7B6FF03940494CDE9054A0094CDE94D
:107D100001460222114B12491046FCF7A9FF1B2015
:107D2000687010482861042028700F48686107981F
:107D3000E8600A98A8600FB0BDE8F08FD40000207A
:107D40000000204145CF00086EFB00085CF80008E9
:107D50000000104276FB000861F8000862FB000892
:107D60008AF800082EF80008E8FA0008F0B51F4964
:107D7000054689B04FF081400860F9F745FB0024C3
:107D800007AF079403940494CDE905470126CDE994
:107D90000046174B0222174920460296FCF768FF5F
:107DA00003940494CDE90547CDE90046124B022225
:107DB000124901200296FCF75BFF03940494CDE97D
:107DC0000547CDE9004602220D4B0E4910460296AA
:107DD000FCF74EFF052068700B48286104202870CE
:107DE0000A4868610798E86009B0F0BDD400002037
:107DF00067FB000888F800089AFA000898FA00085B
:107E000091FA00088FFA000881FA000885FA000844
:107E1000F0B52649054689B04FF081400860F9F772
:107E2000F3FA002407AF079403940494CDE90547BF
:107E30000126CDE900461E4B02221E49204602962D
:107E4000FCF716FF03940494CDE90547CDE90046FD
:107E5000194B0322194901200296FCF709FF0394EC
:107E60000494CDE90547CDE90046154B0322154999
:107E700002200296FCF7FCFE03940494CDE905472A
:107E8000CDE900460322104B104910460296FCF73C
:107E9000EFFE052068700E482861042028700D4808
:107EA00068610798E86009B0F0BD0000D4000020C8
:107EB00067FB000888F8000897FC00088EFC0008A3
:107EC000A2FC000891FC0008ADFC000894FC00082E
:107ED0002AF80008D5FA0008F0B51949044689B017
:107EE0004FF082400860F9F78FFA002501261A202A
:107EF000CDE90006079507AF039504950296CDE9F5
:107F00000557104B032210492846FCF7B1FE1920F3
:107F1000CDE90006039504950296CDE905570B4B74
:107F200003220B490120FCF7A3FE052060700949DC
:107F300021612070084860610798E06009B0F0BDD9
:107F4000D400002075FA000872FA000867FA0008E9
:107F500064FA000853FA000858FA000838B50C46CD
:107F60000F4905464FF080400860F9F74DFA0020B0
:107F70000090012C08D0082C0DD102F0C7FD50B1A3
:107F80000078442803D006E004F050F818B9694698
:107F9000284602F02FF80098E8606C7038BD0000A9
:107FA000D40000202DE9F04FDFF8F4810F468BB0AC
:107FB0004FF081410546DFF8EC914FF0240AC8F8F4
:107FC0000010F9F721FA0024079408940994002F6F
:107FD0007ED102F0A5FD012804D002F0A1FD082801
:107FE00003D00BE002F08EF807E003F0FDFF064639
:107FF00002F08CFD3146F9F7D1FA0646F9F798FE02
:10800000716BF8F7FCF8F8F7C0FB0022664BF8F745
:1080100065FA0022654BF8F7BAF9F8F797FB0646C0
:1080200002F070F809A9CDE9044111300127CDE92A
:108030000004CDE9027400231A4651465020FCF793
:10804000BEF90DF11C0A03940494CDE9054A00948D
:108050000194574B0422574900200294FCF708FE74
:108060004FF08341D8F80000F8F7C9F801464846B8
:10807000F8F7C5F8F8F756FB00F0FF0B4FF47A70ED
:108080004FF0090996FBF0F0CDE903490DF1200806
:108090000094CDE90578C0B2CDE9014000231A462D
:1080A00059465020FCF7F4FC4FF47A7096FBF0F13F
:1080B00000FB1161642091FBF0F0CDE90349C0B2EF
:1080C0000094CDE9014000231A465946582000E0AB
:1080D00056E0CDE90578FCF7DBFC642096FBF0F177
:1080E00000FB11610A2091FBF0F0CDE90349C0B219
:1080F0000094CDE90140CDE9057800231A465946A0
:108100006820FCF7C5FC0A2096FBF0F100FB11602B
:10811000CDE90349C0B20094CDE90140CDE905782D
:1081200000231A4659467020FCF7B2FC09A8CDE995
:1081300004402148CDE900040023029403941A4628
:1081400059466020FCF73BF90899CDF818A0CDE915
:10815000044103940094CDE90147184B04221849C7
:108160000120FCF785FD03940494CDE9054A0094B1
:10817000CDE901470222134B13491046FCF778FD65
:108180000798E8600998A8601F2068700F48286168
:10819000022028700E4868610BB0BDE8F08F000027
:1081A000D400002000001042000059400000E03FD1
:1081B000AFFB00087EF8000845CF0008B8FB0008B8
:1081C00082F8000862FB00088AF8000806FA000836
:1081D0009EFE000810B51249044688B04FF0834057
:1081E0000860F9F711F9002007A90790039004909F
:1081F000CDE905010121CDE900010A460291094BB3
:108200000949FCF735FD062060700848206104200C
:108210002070074860610798E06008B010BD00005A
:10822000D400002086FC000885FC00084AF80008FD
:1082300035FB00082DE9F04F87B000250446069570
:10824000F9F7E2F8DFF80883D8F83C00F8F79DFA70
:10825000CDE90001BFA20721C048FDF7B3FCD8F863
:108260004000F8F792FACDE90001BC48B9A2072115
:10827000C01DFDF7A7FC06AECDE904564FF0020A7B
:10828000B748CDE90005CDE902A5D1460323B54A9B
:1082900020210020FCF793F8CDE904560127CDE911
:1082A0000275CDE9008500231A4620213020FCF715
:1082B00086F8CDE90456AC48CDE90005CDE9027554
:1082C00000231A4630211846FCF779F8CDE9045608
:1082D00008F10D00CDE90005CDE9027500231A462D
:1082E00030211820FCF76BF8CDE904569F48CDE902
:1082F0000005CDE9027500231A4640211846FCF717
:108300005EF8CDE90456A8F10E00CDE90005CDE9EF
:10831000027500231A4640211820FCF750F8CDE9D9
:1083200004569348CDE90005CDE902950223914A10
:1083300050210020FCF743F804F06CFB08B120202A
:1083400000E04020059607220095CDE903274FF075
:108350000309CDE901590023B8461A465021FCF71C
:108360002EF8CDE904567D48CDE90005CDE902752A
:1083700000231A4650217020FCF721F8CDE904565D
:108380007D48CDE90005CDE902A5574602237B4A89
:1083900060210020FCF713F804F03CFB08B120201A
:1083A00000E04020B34603A946460923009581E832
:1083B0004808CDE901590023AA461A466021FBF777
:1083C000FEFF6648CDE9045BC01DCDE90005CDE99F
:1083D000026500231A4660217020FBF7F0FF5C4D18
:1083E000287844287ED1A86BF8F7CFF9CDE90001B1
:1083F0005A4858A207210E30FDF7E4FBE86CF8F765
:10840000C4F9CDE90001554852A207211530FDF706
:10841000D9FBA86CF8F7B9F9CDE900014F484DA296
:1084200007211C30FDF7CEFB5546CDE9045B5448CF
:10843000CDE90005CDE902755E46BA460223514AF0
:1084400070210020FBF7BBFF03970095CDE9015990
:10845000CDE9048600231A4670212020FBF7AFFFE8
:108460003E48CDE904560E30CDE90005CDE9028540
:10847000002370211A460846FBF7A1FFCDE90456F8
:10848000DFF804B1CDE90275CDE900B503233F4A19
:1084900080210020FBF793FF04F0BCFA08B13020E4
:1084A00000E0102047460095CDE90297CDE904761B
:1084B0000023C8461A4680210195FBF780FF274814
:1084C000CDE904561530CDE90005CDE9027500234C
:1084D0001A4680217020FBF772FFCDE902A5CDE995
:1084E000045600E026E0CDE900B50323274A902199
:1084F0000020FBF764FF04F08DFA08B1302000E0A3
:1085000010200095CDE901580596CDE90387002399
:108510001A469021FBF753FF1048CDE904561C3052
:10852000CDE90005CDE9027500231A46902170209F
:10853000FBF745FF0698A060152060701448206185
:10854000042020701348606107B0BDE8F08F000080
:108550006C05002025362E3266000000DE0000206B
:10856000CAF90008C7F90008D5F90008D1F90008D0
:10857000DBF90008D9F90008E6F90008E4F9000879
:1085800008FA000806FA0008F2F90008EFF90008F6
:1085900046F800082BFB00082DE9F04188B00024C4
:1085A00005460694F8F730FF06AECDE904462F489D
:1085B0004FF00208CDE90004CDE9028403232C4AE0
:1085C00020210020FBF7FBFECDE9044629480127C6
:1085D000CDE90004CDE9027400231A463021184683
:1085E000FBF7EDFE2348CDE90446801CCDE90004ED
:1085F000CDE9027400231A4630211820FBF7DFFE74
:10860000CDE904461C48CDE90004CDE902840323EA
:108610001A4A40210020FBF7D2FE1648CDE9044655
:10862000801ECDE90004CDE9027400231A465021D2
:108630001846FBF7C4FE0F48CDE904460E30CDE9DD
:108640000004CDE9027400231A4650211820FBF7DC
:10865000B6FE0698A86015206870094828610420B5
:1086600028700848686108B0BDE8F0811EFA00086B
:108670001BFA00088805002010FA00080DFA00080F
:1086800046F800082BFB000810B51249044688B0D4
:108690004FF083400860F8F7B7FE002007A9079065
:1086A00003900490CDE905010121CDE9000102917B
:1086B000094B02220949FCF7DBFA062060700848E2
:1086C000206104202070074860610798E06008B0CE
:1086D00010BD0000D400002062FB00088AF80008EA
:1086E00042F8000820FB00082DE9F0418AB00F464F
:1086F00000245049054607944FF0854008940860CF
:10870000F8F782FE07AECDE904464B484FF0020869
:10871000CDE90004CDE902840523484A2021002048
:10872000FBF74DFECDE904464548CDE90004CDE90F
:1087300002840523434A30210020FBF740FECDE9A7
:1087400004464148CDE90004CDE9028405233F4AAF
:1087500040210020FBF733FE384602F0FDFB02F01B
:10876000D7FE034633483AA20621001DFDF72AFA38
:10877000CDE9044637484FF00108CDE90004CDE9C2
:10878000028400231A4620215020FBF718FE2948B6
:10879000CDE90446001DCDE90004CDE902840023A3
:1087A0001A4630215020FBF70AFE02F083F9CDE98A
:1087B0000446CDE90004CDE9028400231A46402195
:1087C0005020FBF7FCFD08AEBFB1781E81B22248F5
:1087D00002F0A4FEF9B2204804F0D0FACDE9034833
:1087E0001C21CDE900181C4BCDF80880143B002259
:1087F000CDE90546114610460AE003940494CDE9FC
:108800000546CDE90048154B032215490020029486
:10881000FCF72EFA0898E8600798A86006206870B0
:1088200010482861042028700F4868610AB0BDE82C
:10883000F0810000D400002096F9000891F90008AA
:10884000ACF90008A7F90008BCF90008B7F900085E
:1088500025356400A1F900086C05002089F900089D
:1088600086F9000846F800082BFB0008004870470E
:108870006C050020F0B587B00446F8F7C5FD00256B
:10888000069501F0E7FD007806AED0B1CDE90456BB
:108890002E480227CDE90005CDE9027503232C4AB5
:1088A00060210020FBF78BFDCDE904562948CDE976
:1088B0000005CDE902750323274A30210020FBF78C
:1088C0007EFD01F04DFECDE904560127CDE90005FE
:1088D000CDE9027500231A4640211846FBF76FFDCB
:1088E00001F0B8FDCDE90456CDE90005CDE90275EA
:1088F00000231A4640211820FBF761FD01F02CFEF1
:10890000CDE90456CDE90005CDE9027500231A46EC
:1089100070211846FBF753FD01F0A8FDCDE9045680
:10892000CDE90005CDE9027500231A467021182013
:10893000FBF745FD05206070084820610420207089
:10894000074860610698A06007B0F0BD10FA000803
:108950000DFA00081EFA00081BFA00083AF8000891
:1089600004FB0008F0B52149054689B04FF080406E
:108970000860F8F749FD002401261420CDE900061F
:10898000079407AF039404940296CDE90547184B6A
:10899000042218492046FCF76BF91520CDE90006A2
:1089A000039404940296CDE90547134B042213491E
:1089B0000120FCF75DF91620CDE90006039404942C
:1089C0000296CDE905470E4B04220E490220FCF722
:1089D0004FF90798E860022068700B48286104206E
:1089E00028700A48686109B0F0BD0000D40000207A
:1089F00020FB000842F800082BFB000846F800089E
:108A000035FB00084AF800081EF80008B2FA000812
:108A1000F0B51949044689B04FF082400860F8F774
:108A2000F3FC002507AF079503950495CDE905579D
:108A30000126CDE90056114B022211492846029623
:108A4000FCF716F903950495CDE90557CDE90056D5
:108A50000C4B02220C4901200296FCF709F90A206E
:108A600060700A48206103202070094860610798FF
:108A7000E06009B0F0BD0000D40000206BFB0008EE
:108A800086F8000867FB000888F8000872FA0008FA
:108A900075FA0008F0B52249044689B04FF08240CB
:108AA0000860F8F7B1FC0025079503F0B3FF012635
:108AB000CDE9036507AFCDE90557CDE900562B4653
:108AC000029678B1082217490020FCF7D1F8CDE9C9
:108AD0000365CDE90557CDE9005600230822124968
:108AE00002960EE0072211490020FCF7C1F8CDE9FB
:108AF0000365CDE90557CDE9005600230C4907224F
:108B000002960120FCF7B4F8052060700948206146
:108B100004202070084860610798E06009B0F0BD4B
:108B2000D400002006FD00081CFD00080EFD000812
:108B300015FD000826F80008CCFA0008F0B5204919
:108B4000054689B04FF080400860F8F75DFC0024CE
:108B500001260420CDE90006079407AF039404948E
:108B60000296CDE90547174B052217492046FCF729
:108B70007FF80520CDE90006039404940296CDE920
:108B80000547124B042212490120FCF771F8062018
:108B9000CDE90006039404940296CDE905470D4BF8
:108BA00004220D490220FCF763F80798E8606E7014
:108BB0000A482861022028700948686109B0F0BDA0
:108BC000D4000020A3FA000815F80008ABFA00084A
:108BD0001AF80008B2FA00081EF800086EF800083B
:108BE000D5FB000810B5104C012260716270A170B5
:108BF00060B1012801D0022815D103F0C9FE207808
:108C0000012810D00948206209480BE0064880304E
:108C100040684069A061017841F001010170054898
:108C200020620548606210BD300000201970000805
:108C3000C96B0008E1710008056F0008F0B587B046
:108C40000546F8F7E1FB002406AECDE9044606949C
:108C500022480227CDE90004CDE902740523204A09
:108C600028212046FBF7ABFBCDE904461D48CDE9A2
:108C70000004CDE9027405231B4A40210020FBF7C4
:108C80009EFB01F02BFF19490127002351F820001A
:108C9000CDE90446CDE90004CDE902741A46282145
:108CA0006020FBF78CFB01F037FFCDE90446CDE9EE
:108CB0000004CDE9027400231A4640216020FBF72E
:108CC0007EFB052068700A48286104202870094846
:108CD00068610698A86007B0F0BD000083FB00083B
:108CE000A6F800088FFB0008ABF800082000002061
:108CF0003EF8000810FB00082DE9F0430E464849F5
:108D000005468BB045480860F8F77EFB00240794C1
:108D100008944FF002090994002E6FD109AECDE9F5
:108D200004464048CDE90004CDE9029404233E4ABC
:108D300024210020FBF743FBCDE904463B48CDE965
:108D400000040023029403941A4638216420FBF7A0
:108D500036FB3648CDE904463038CDE9000400231F
:108D6000029403941A4638214C20FBF728FB4FF05D
:108D70000908CDE9034808AF01260094CDE905674D
:108D8000CDE9014600231A4638213420FBF780FE46
:108D9000CDE9034800940194002302941A46382137
:108DA0003C20CDE90567FBF773FECDE9034800944D
:108DB0000194002302941A4638214420CDE9056726
:108DC000FBF766FECDE9034800940194002302946A
:108DD0001A4638215420CDE90567FBF759FE08995A
:108DE00007A8CDE904410690CDE900460394104B55
:108DF0000622104900200296FBF73AFF0798E86028
:108E00000998A8601F2068700B48286185F80090B9
:108E10000A4868610BB0BDE8F083000000003042F2
:108E2000D4000020D6F80008D2F8000875CF00085A
:108E3000C6F80008C0F800087AF800089BFB000894
:108E400030B589B0044601F061FE144905464FF083
:108E500080400860F8F7D8FA002007902978442964
:108E60000FD107A903900490CDE905010120292124
:108E7000CDE9001002900A4B04220A490020FBF7BA
:108E8000F7FE0798E0600820607007482061042022
:108E900020700648606109B030BD0000D400002099
:108EA000C2FB000866F8000853F800084DFB0008F4
:108EB00030B51149044689B04FF083400860F8F797
:108EC000A3FA002007A90790039004900125CDE99B
:108ED0000501CDE90005094B2A4609490295FBF732
:108EE000C7FE657007482061062020700648606153
:108EF0000798E06009B030BDD400002086FC00086F
:108F000085FC0008B0F80008B6F800082DE9F04F1D
:108F10008BB0064601F0FAFDDFF8D4814FF08141B5
:108F20000546DFF8D0A14FF0240BC8F80010F8F781
:108F30006BFA0024079408940994287801274428A0
:108F40007ED103F051F801462846F8F727FB0DF1D2
:108F50002409CDE9044905462430CDE90004CDE9D2
:108F6000027400231A4659462020FBF728FA4FF0D6
:108F70008341D8F80000F7F742F901465046F7F769
:108F80003EF9F7F7CFFB00F0FF0BCDE90449E81DF0
:108F9000CDE90004CDE9027400231A465946602049
:108FA000FBF70DFA4FF08341D8F80000F7F727F9E7
:108FB00082465846F7F793FB5146F7F720F9F7F743
:108FC000B1FB00F0FF0ACDE90449E81CCDE900043B
:108FD000CDE9027400231A4651466020FBF7EFF9F1
:108FE0004FF08341D8F80000F7F709F98046504662
:108FF000F7F775FB4146F7F702F9F7F793FB0DF129
:109000002009CDE905794FF00F0ACDE9034A00F0B8
:10901000FF08687800940009CDE9014000231A4652
:1090200041466020FBF734FDCDE9034ACDE90579DF
:109030006878002300F00F001A464146009400E0D3
:1090400004E0CDE901406820FBF722FDCDE90347AC
:1090500007ADCDE90545002200940194264B114649
:1090600010460294FBF704FE03940494CDE90545F1
:1090700000940194214B0522214901200294FBF721
:10908000F7FD03940494CDE90545009401941D4B2C
:1090900005221D4902200294FBF7EAFD0898CDE95C
:1090A00003470094CDE90505CDE901470022174BA0
:1090B00011460320FBF7DCFD03940494CDE905453C
:1090C0000094CDE90147124B022212490420FBF71C
:1090D000CFFD0798F0600998B060082070700E48C6
:1090E0003061052030700D4870610BB0BDE8F08F25
:1090F000D4000020000010427FFB000883FB000822
:10910000A6F800088FFB0008ABF800089FFA0008DB
:1091100062FB00088AF8000857F8000856FB0008B0
:109120002DE9F04788B0064602F058FF02F05CFFD8
:10913000184904684FF0804000250860F8F764F98A
:1091400000270797CCB10DF11C094FF001084FF033
:10915000080ACDE90378CDE900A8CDF808802846B3
:10916000CDE905796D1C0022EDB204F10B03114627
:10917000FBF77EFDE46D002CEBD10798F060022038
:10918000707005483061052030700448706108B087
:10919000BDE8F087D400002015F80008A3FA000805
:1091A00010B5084904464FF080400860F8F72CF9E4
:1091B000042060700448206106202070034860612C
:1091C00010BD0000D40000208CF80008ECFB000863
:1091D0002DE9F04389B0044601F098FC234981460B
:1091E0004FF080400860F8F70FF9002501261F2096
:1091F000CDE900060DF11C0807950395049502962C
:10920000CDE9055847461A4B05221A492846FBF76F
:109210002FFD1E20CDE90006039504950296CDE9A9
:1092200005570227144B052214493046FBF720FD51
:1092300099F8000044280DD02020CDE900060395C0
:1092400004950296CDE9055838460D4B04220D4988
:10925000FBF70EFD0798E060042060702561257023
:1092600001F054FC606109B0BDE8F083D400002037
:1092700041FB00084EF8000856FB000857F80008AC
:109280004DFB000853F800082DE9F04F8BB006465F
:1092900003F096FBF7F779FA04460D46FDF706FA58
:1092A00022462B46F7F773F800228E4BF7F716F994
:1092B00000228D4BF7F76BF8F7F748FADFF82C82AE
:1092C00005464FF08140DFF828B24FF02409C8F876
:1092D0000000F8F799F8002408940994079409A865
:1092E0000A9403940494CDE905400127CDE9004791
:1092F00023462246494660200294FBF7C9FB0999A0
:109300000DF11C0ACDE90441CDF818A00394009496
:109310000194784B0422784900200294FBF7A8FCC2
:109320004FF08341D8F80000F6F769FF0146584630
:10933000F6F765FFF7F7F6F900F0FF0901F09AF884
:109340000AA9CDE90441CDE90004CDE90274002366
:109350001A4649465020FBF732F803940494CDE9AD
:10936000054A00940194654B04226549012002944A
:10937000FBF77EFC4FF08341D8F80000F6F73FFF83
:1093800080464846F7F7ABF94146F6F738FFF7F75E
:10939000C9F900F0FF0B42F210704FF0090995FB7C
:1093A000F0F0CDE903490DF120080094CDE90578EE
:1093B000C0B2CDE9014000231A4659465020FBF7C0
:1093C00067FB42F2107095FBF0F100FB11514FF476
:1093D0007A7091FBF0F0CDE90349C0B20094CDE979
:1093E0000140CDE9057800231A4659465820FBF77D
:1093F0004FFB4FF47A7095FBF0F100FB11516420A4
:1094000091FBF0F0CDE90349C0B20094CDE90140F1
:10941000CDE9057800231A4659466020FBF738FB52
:10942000642095FBF0F100FB11510A2091FBF0F054
:10943000CDE90349C0B20094CDE90140CDE90578FA
:1094400000231A4659467020FBF722FB0A2095FBA1
:10945000F0F100FB1150CDE90349C0B20094CDE911
:109460000140CDE9057800231A4659467820FBF7DC
:109470000FFB0AA8CDE904402248CDE900040023EF
:10948000029403941A4659466820FAF798FF0899FF
:10949000CDF818A0CDE9044103940094CDE901472B
:1094A000194B042219490220FBF7E2FB03940494B0
:1094B000CDE9054A0094CDE90147154B0222154933
:1094C0000320FBF7D5FB0798F0600A98B0600520F1
:1094D00070701148306104203070104870610BB01A
:1094E000BDE8F08F000059400000E03FD4000020AC
:1094F00000001042E6FB000876F80008AFFB000809
:109500007EF8000845CF0008B8FB000882F8000884
:1095100062FB00088AF8000832F80008EEFA00083A
:109520002DE9F04F8BB0054603F092FA04468549C9
:10953000F6F7BDFEF7F729F90022834BF6F727FF70
:10954000F7F704F90646204603F0F0F9DFF8FC814E
:109550004FF08140DFF8F8B14FF02409C8F800005F
:10956000F7F752FF002408940994079409A80A9475
:1095700003940494CDE905400127CDE90047234633
:109580002246494650200294FBF782FA09990DF1D0
:109590001C0ACDE90441CDF818A00394009401946D
:1095A0006C4B04226C4900200294FBF761FB4FF0E6
:1095B0008341D8F80000F6F722FE01465846F6F738
:1095C0001EFEF7F7AFF800F0FF0900F065FF0AA9EB
:1095D000CDE90441CDE90004CDE9027400231A4627
:1095E00049465020FAF7EBFE03940494CDE9054A6E
:1095F00000940194594B0422594901200294FBF72D
:1096000037FB4FF08341D8F80000F6F7F8FD8046AD
:109610004846F7F764F84146F6F7F1FDF7F782F8A8
:1096200000F0FF0B0AA8CDE904404E48CDE9000444
:109630000023029403941A4659466820FAF7BFFEA5
:109640004FF47A704FF0090996FBF0F0CDE9034929
:109650000DF120080094CDE90578C0B2CDE90140B4
:1096600000231A4659465020FBF712FA4FF47A703D
:1096700096FBF0F100FB1161642091FBF0F0CDE965
:109680000349C0B20094CDE90140CDE9057800233B
:109690001A4659465820FBF7FBF9642096FBF0F177
:1096A00000FB11610A2091FBF0F0CDE90349C0B243
:1096B0000094CDE90140CDE9057800231A465946CA
:1096C0006020FBF7E5F90A2096FBF0F100FB116042
:1096D000CDE90349C0B20094CDE90140CDE9057858
:1096E00000231A4659467020FBF7D2F90899CDF8A5
:1096F00018A0CDE9044103940094CDE901471A4B29
:1097000004221A490220FBF7B3FA03940494CDE92A
:10971000054A0094CDE90147154B02221549032063
:10972000FBF7A6FA0520687013482861042028700A
:10973000124868610798E8600A98A8600BB0BDE815
:10974000F08F0000000020410000E03FD400002026
:1097500000001042E6FB000876F80008AFFB0008A6
:109760007EF8000845CF0008B8FB000882F8000822
:1097700062FB00088AF8000836F80008FBFA0008C7
:109780002DE9F04FDFF8ECA105468BB04FF081409A
:10979000DFF8E4B14FF02409CAF80000F7F734FE0F
:1097A00000240794089409940A94FBF76FFC632142
:1097B000CDE9034108AFCDE905470094CDE901406B
:1097C00000231A4649463820FBF762F9FBF74CFCA8
:1097D000012604AA0C21039682E892000094CDE9A8
:1097E000014000231A4649465020FBF751F9FBF788
:1097F00029FC04AA1F21039682E892000094CDE977
:10980000014000231A4649466820FBF741F90AAF98
:10981000CDE90447DFF86481CDE900840023029498
:1098200003941A4649466020FAF7C9FDCDE904477A
:10983000CDE900840023029403941A464946482047
:10984000FAF7BDFD08990DF11C09CDE90441CDF8E9
:10985000189003940094CDE90146494B03224949ED
:109860000020FBF705FA4FF08341DAF80000F6F725
:10987000C6FC01465846F6F7C2FCF6F753FF00F067
:10988000FF0AFBF7E5FB1722CDE903420DF124089F
:10989000CDE905480094CDE9014000231A46514620
:1098A0003820FBF7F5F8FBF7D9FB4FF03B0BCDE980
:1098B000034BCDE905480094CDE9014000231A4649
:1098C00051465020FBF7E4F8FBF7D4FBCDE9034BFE
:1098D000CDE905480094CDE9014000231A465146E0
:1098E0006820FBF7D5F8DFF89480CDE90447A8F1AC
:1098F0001008CDE900840023029403941A465146CF
:109900004820FAF75CFDCDE90447CDE90084002347
:10991000029403941A4651466020FAF750FD0999C3
:10992000CDF81890CDE9044103940094CDE90146A7
:10993000154B032215490120FBF79AF9039404946F
:10994000CDE905490094CDE901460222104B1149A9
:109950001046FBF78DF90798E8600A98A860052083
:1099600068700D482861042028700C4868610BB0AD
:10997000BDE8F08FD40000200000104265CF000841
:10998000DAFB000870F80008E0FB000873F8000834
:1099900062FB00088AF8000822F80008C2FA0008F2
:1099A000F0B51949044689B04FF082400860F7F7D6
:1099B0002BFD002501262120CDE90006079507AFE4
:1099C000039504950296CDE90557104B02221049E4
:1099D0002846FBF74DF903950495CDE90557CDE9E8
:1099E00000560C4B02220C4901200296FBF740F96D
:1099F00005206070094820610420207008486061DB
:109A00000798E06009B0F0BDD40000206BFB0008AF
:109A100086F8000867FB000888F8000872FE000856
:109A200076FE00082DE9F04F384905468BB04FF01F
:109A300082404FF02808086003F010F80746F7F757
:109A4000E3FC0024079408944FF0040B09944FF0B2
:109A50000A0ACDE9034BB7FBFAF00DF12009012604
:109A60000094CDE90569CDE90140234622464146EF
:109A70005820FBF70DF8B7FBFAF20AFB1270092227
:109A8000CDE903420094CDE90140CDE90569002309
:109A90001A4641466020FAF7FBFF09A8CDE90440C9
:109AA0001B48CDE90004CDE9026400231A46414673
:109AB0007020FAF784FC089807AFCDE904400697B8
:109AC00003940094CDE90146124B03221249002071
:109AD000FBF7CEF803940494CDE905470094CDE953
:109AE00001460E4B02220E490120FBF7C1F80998EE
:109AF000A860182068700B48286185F800B00A48F3
:109B000068610798E8600BB0BDE8F08FD4000020D2
:109B100097FE00088CFE000889FE000862FB000822
:109B20008AF8000872FE000876FE000800F0AEBF5A
:109B30002DE9F0437049074689B04FF080404FF05F
:109B400000080860F7F760FC0024079402F050FF5B
:109B500007AE012578B11021CDE9001503940494D6
:109B60000295CDE9054620464FF00108634B0422DB
:109B70006349FBF77DF80F20CDE9000503940494B9
:109B80000295CDE90546404608F101085D4B0422E7
:109B90005D49FBF76DF80E20CDE9000503940494B0
:109BA0000295CDE90546404608F10108574B0422CD
:109BB0005749FBF75DF80C20CDE9000503940494A8
:109BC0000295CDE90546404608F10108514B0422B3
:109BD0005149FBF74DF80D20CDE90005039404949D
:109BE0000295CDE90546404608F101084B4B042299
:109BF0004B49FBF73DF80A20CDE900050394049496
:109C00000295CDE90546404608F10108454B05227D
:109C10004549FBF72DF80920CDE90005039404948C
:109C20000295CDE90546404608F101083F4B042264
:109C30003F49FBF71DF81820CDE900050394049473
:109C40000295CDE90546404608F10108394B04224A
:109C50003949FBF70DF81320CDE90005039404946E
:109C60000295C44608F10100CDE9054600F0FF0861
:109C7000324B042232496046FAF7FAFF0B20CDE955
:109C8000000503940494029508F10100CDE905460E
:109C900000F0FF092B4B04222B494046FAF7E8FF5E
:109CA0001120CDE900050394049448460295411C17
:109CB000CDE9054601F0FF08244B04222449FAF7B8
:109CC000D7FF1220CDE90005039404940295CDE955
:109CD0000546204B042220494046FAF7C9FF079861
:109CE000F860022078701D483861042038701C48E4
:109CF000786109B0BDE8F083D400002004FB0008BF
:109D00003AF80008FBFA000836F80008EEFA0008F6
:109D100032F80008D5FA00082AF80008E8FA000826
:109D20002EF8000858FA000853FA0008C2FA000892
:109D300022F8000876FE000872FE000885FA000886
:109D400081FA0008CCFA000826F8000810FB000889
:109D50003EF800084DFA000849FA00081AF8000811
:109D6000ABFA00082DE9F0430E46484905468BB092
:109D700045480860F7F748FB0024079408944FF023
:109D800002090994002E6FD109AECDE9044640487E
:109D9000CDE90004CDE9029404233E4A24210020A9
:109DA000FAF70DFBCDE904463B48CDE9000400235A
:109DB000029403941A4638216420FAF700FB3648CF
:109DC000CDE904463038CDE9000400230294039421
:109DD0001A4638214C20FAF7F2FA4FF00908CDE97B
:109DE000034808AF012600940194002302941A4608
:109DF00038213420CDE90567FAF74AFECDE903485A
:109E000000940194002302941A4638213C20CDE9A5
:109E10000567FAF73DFECDE903480094019400235D
:109E200002941A4638214420CDE90567FAF730FE3E
:109E3000CDE9034800940194002302941A46382186
:109E40005420CDE90567FAF723FE089907A8CDE964
:109E500004410690CDE900460394104B06221049B8
:109E600000200296FAF704FF0798E8600998A860B6
:109E70001F2068700B48286185F800900A486861C7
:109E80000BB0BDE8F083000000003042D400002099
:109E90002EF900082AF9000875CF0008C6F8000856
:109EA000C0F800087CF80008A5FB00082DE9F04781
:109EB0000E46484905468AB045480860F7F7A4FAB7
:109EC0000024079408944FF0020A0994002E70D1E0
:109ED0000DF12409CDE904493F48CDE90004CDE95D
:109EE00002A404233D4A24210020FAF768FACDE9B0
:109EF00004493B48CDE900040023029403941A4628
:109F000038216420FAF75BFA4FF00908CDE90348DD
:109F100008AF012600940194002302941A463821C8
:109F20003420CDE90567FAF7B3FDCDE90348009485
:109F30000194002302941A4638213C20CDE905679C
:109F4000FAF7A6FDCDE9034800940194002302949A
:109F50001A4638214420CDE90567FAF799FD2048D3
:109F6000CDE904493038CDE900040023029403947C
:109F70001A4638214C20FAF722FACDE9034800941A
:109F80000194002302941A4638215420CDE9056734
:109F9000FAF77EFD089907A8CDE904410690CDE9BE
:109FA000004603940F4B06220F4900200296FAF751
:109FB0005FFE0798E8600998A8601F2068700B484A
:109FC000286185F800A00A4868610AB0BDE8F087FA
:109FD00000003042D40000203FF900083BF900089F
:109FE00075CF0008C6F80008C0F800087CF8000823
:109FF000A5FB0008F0B587B0074601252320002403
:10A00000CDE900050E46039404940295CDE905467A
:10A01000144B022214492046FAF72AFE2520CDE9E6
:10A020000005039404940295CDE905460F4B0222E6
:10A030000F490120FAF71CFE2620CDE90005039404
:10A0400004940295CDE9054602220A4B0A491046BE
:10A05000FAF70EFE09483861052038700848786123
:10A0600007B0F0BD9EFE000806FA00089BFB000842
:10A070007AF80008A5FB00087CF8000892F80008B0
:10A0800097F8000810B51249044688B04FF0834095
:10A090000860F7F7B9F9002007A90790039004902A
:10A0A000CDE905010121CDE900010291094B06220C
:10A0B0000949FAF7DDFD0520607008482061042099
:10A0C0002070074860610798E06008B010BD00008C
:10A0D000D40000203CFA000836FA000849FA0008CB
:10A0E0004DFA000802480078C0F3C0007047000035
:10A0F0009201002002480078C0F380007047000001
:10A10000920100200148C0697047000098020020B9
:10A1100002480078C0F30010704700009201002050
:10A120002DE9F04F87B000205F4E02900390054666
:10A13000049006F12800DFF86CA105900FE075B1DE
:10A14000471C5AA13846F6F748F804007ED0072D80
:10A150001DD2DFE805F0990B0F20535A910053A14F
:10A160000598F6F73AF8002870D092E0E21B3946DD
:10A17000701D87E0E21B394606A8F6F70AF89DF83D
:10A1800018004128307803D020F0040030707BE0C4
:10A1900040F00400FAE73078400775D5E21B3946F5
:10A1A00002A8F5F7F6FF002102A802F09DFD0022AB
:10A1B0005346F6F705FA07468846F6F7C7FA024609
:10A1C000F7F70CF91046F6F78FFA8B4681463A46B8
:10A1D0004346F6F780F900225346F6F77FF900224E
:10A1E000334BF6F7EDF94A465B46F6F7D0F8CDE982
:10A1F00000012D480C212FA210303AE03178490798
:10A2000042D5E21B3946F01C3CE0307840073BD594
:10A21000E21B394602A8F5F7BCFF002102A802F0B4
:10A2200063FD00225346F6F7CBF907468846F6F75A
:10A230008DFA0246F7F7E0F81046F6F755FA8B4626
:10A24000814643463A46F6F746F900E026E000220A
:10A250005346F6F743F90022154BF6F7B1F94A4693
:10A260005B46F6F794F8CDE900010F4811A20C21E6
:10A270001C30FBF7A7FC07E03178490704D5E21B47
:10A280003946701CF5F785FF3178204641F0020110
:10A2900031706D1CEDB2062D7FF651AF07B0BDE8F1
:10A2A000F08F000000005940B40100202C00000095
:10A2B00000004E40252E376600000000024800785E
:10A2C000C0F340107047000092010020024800785F
:10A2D000C0F300107047000096010020024800788B
:10A2E000C0F300107047000094010020024800787D
:10A2F000C0F3001070470000900100200248007871
:10A30000C0F38010704700009601002002480078DA
:10A31000C0F38010704700009401002002480078CC
:10A32000C0F3801070470000900100200248407880
:10A3300000F0010070470000900100200148007803
:10A34000C00970479001002002480078C0F3400027
:10A35000704700009601002002480078C0F34000DA
:10A36000704700009401002002480078C0F34000CC
:10A37000704700009001002002480078C0F3C00040
:10A38000704700009601002002480078C0F3C0002A
:10A39000704700009401002002480078C0F3C0001C
:10A3A000704700009001002002480078C0F3401080
:10A3B000704700009601002002480078C0F340106A
:10A3C000704700009401002002480078C0F340105C
:10A3D000704700009001002002480078C0F3800020
:10A3E00070470000960100200148C08870470000B7
:10A3F000AC01002002480078C0F3800070470000E4
:10A400009401002002480078C0F3800070470000EB
:10A410009001002002484078C0F3400070470000DF
:10A42000900100200248007800F001007047000011
:10A43000960100200248007800F0010070470000FB
:10A44000940100200248007800F0010070470000ED
:10A450009001002000487047C401002002480078A5
:10A4600000F0010070470000920100200048704792
:10A47000D001002000487047860000200148006895
:10A4800070470000D400002002480078C0F340006C
:10A490007047000092010020004870477A000020B9
:10A4A0000248007800F0010070470000A801002079
:10A4B00001480078C00970479201002002480078E6
:10A4C000C0F38010704700009201002070B5F6F7CD
:10A4D000ADFDF6F71AF9154CD4E90223F5F757FF4D
:10A4E000C4E90201054620780E460A2817D3F6F77C
:10A4F0000CF902460B4628463146F6F761F86FF034
:10A500000A02F6F7CCF84FF06632094BF5F7E6FF92
:10A510000246012020700020C4E9020003E000226E
:10A520000449401C2070104670BD000068020020E5
:10A5300066660A400000F0BF10B5F6F791FD6FF0B7
:10A540000A02F6F7ACF8BDE810404FF06632014B56
:10A55000F5F7C4BF66660A4000487047B5010020A1
:10A5600000487047B701002010B5FFF72DFF28B154
:10A57000FDF7AAF80021022000F01AFBFFF7B6FE53
:10A5800030B1FDF713F84FF400412848F8F7F1FA1D
:10A59000FFF7C4FE264C58B1FDF726F820780128B5
:10A5A00006D101F01BFD18B100211F2000F000FBB7
:10A5B000FFF7BCFE48B12078012806D101F00EFD5E
:10A5C00018B10021032000F0F3FAFFF723FFE0B1F8
:10A5D000207801281BD101F001FDC0B101F026FD5A
:10A5E000A8B9FFF78FFD90B1FFF78CFDF6F7EDFFEF
:10A5F00068B1207958B901202071002000F0A6FF31
:10A6000001460120FEF7EEFA01E000202071FFF77D
:10A6100095FE002809D0FCF7F7FF02F0CDF802F014
:10A62000E1F9BDE81040FAF737BD10BD0000024067
:10A630003000002038B5044601680B48814211D132
:10A640000868486800902046F9F7F1F9F6F7CEFE61
:10A65000FDF7C8F82046BDE838404FF46172034961
:10A66000F9F73CBC38BD0000004400407C220020CB
:10A670007047000070B50446F6F788FEF6F78EFEC8
:10A680000A4D45F8904F2068C16841F01001C16043
:10A690004FF4617206492868F9F720FC2868BDE884
:10A6A0007040C8230E220349F9F73ABCB4010020D8
:10A6B0007C220020B7FE000810B51021084C0022B3
:10A6C00001EB8103012004EB83031A54401CC0B248
:10A6D0000928FAD3491CC9B22029F1D310BD0000C2
:10A6E000FC05002070B50A4E0FE000EB800400234B
:10A6F00006EB84050AB1FF2400E00024EC545B1C47
:10A70000DBB2142BF6D3401CC0B28842EDD370BD2F
:10A71000FC05002010B52021084C002201EB81032C
:10A72000002004EB83031A54401CC0B20228FAD361
:10A73000491CC9B23029F1D310BD0000FC0500202E
:10A7400010B53821084C002201EB8103022004EBF4
:10A7500083031A54401CC0B21228FAD3491CC9B250
:10A760007829F1D310BD0000FC050020F0B510B130
:10A7700006240E2301E005240F230026094F01F1D2
:10A7800010050CE001EB8102204607EB820202E09B
:10A790001654401CC0B29842FAD3491CC9B2A9420F
:10A7A000F0D3F0BDFC05002010B55321084C002269
:10A7B00001EB8103002004EB83031A54401CC0B258
:10A7C0000428FAD3491CC9B26D29F1D310BD000089
:10A7D000FC05002030B5094C202202EB8203002149
:10A7E00004EB830310F8015B5D54491CC9B20229D4
:10A7F000F8D3521CD2B2302AEFD330BDFC05002072
:10A800002DE9F05F002492468B468046274623E0E0
:10A810005CB908F00F00564640F06000FBF76EF997
:10A82000702141EA1810FBF769F900254FF014096F
:10A8300016F8010BFBF724F9641CA4B2B4FBF9F180
:10A8400009FB114010B90020FBF78AF96D1CADB26D
:10A85000142DEDD37F1CFFB25F45D9D3BDE8F09F27
:10A8600010B5104C382202EB8201022004EB810368
:10A870000021022802D0112802D002E0802100E04D
:10A880000121382A0BD0772A09D01954401CC0B2B4
:10A890001228EDD3521CD2B2782AE4D310BDFF2186
:10A8A000F3E70000FC0500200020054AFF211318F3
:10A8B000401CC0B283F8E0111428F8D370470000A0
:10A8C000FC05002030B5094C532202EB8203002125
:10A8D00004EB830310F8015B5D54491CC9B20429E1
:10A8E000F8D3521CD2B26D2AEFD330BDFC05002044
:10A8F000014800787047000028010020014900202D
:10A900000870704728010020014901200870704735
:10A91000280100201D4910B509686FF00100086189
:10A920001A48F8F73FFF1A480068016841F04001F3
:10A930000160F9F7A3FEFAF78BF8FAF76DF8FAF76A
:10A940004FF81448416C144888471448D0F88C10CC
:10A95000134888471348816913488847012002F04B
:10A96000B3F801F029FF1148416809488847FCF70E
:10A970005DF8582802D10E4901200870F7F7F0F968
:10A98000F9F7D6FBBDE8104002F042B98003002081
:10A99000280300203C01002048040020B4010020CE
:10A9A0000404002048020020C00300201001002001
:10A9B000800200201CB5012211026846FAF74EFF02
:10A9C0009DF8000000B10120264C01224FF4A06147
:10A9D00020706846FAF742FF9DF8000000B10120A0
:10A9E00060700122910201A8FAF738FF9DF8041067
:10A9F00000200122022381B3012931D0A370E2702B
:10AA000022716071E0742375A071E0712072607230
:10AA1000A072E07220736073A073E073207460749E
:10AA20000A21A174A061E06120626062A062E0621C
:10AA300020636063A063E06320646064A064E064FA
:10AA400020656065A065E06520666066A066E066DA
:10AA500020676067A067E0671CBDFFE7A070CEE7D6
:10AA6000A270CCE7002600200148F9F7B9BC00002D
:10AA7000B800002001490020C87070473000002055
:10AA800001490020487270473000002010B504468C
:10AA90000C30FAF70FF904F10800F9F7A1FC0020D7
:10AAA0002061606110BD00000148807B704700009C
:10AAB00030000020004870478000002001484079A5
:10AAC0007047000030000020014800787047000007
:10AAD0003000002000487047B00000200148C07BD3
:10AAE00070470000300000200148407870470000A7
:10AAF000300000200148C07870470000300000207E
:10AB00000148407A70470000300000200148006C86
:10AB1000704700003000002000487047AAFE00087F
:10AB20000148007B70470000300000202DE9F04113
:10AB300088B000244FF009080794CDE903480227A4
:10AB40001048CDE90007012607AD0294CDE905655F
:10AB500033460D4A60212020F9F79AFFCDE90348DA
:10AB60000A48CDE900070294CDE905650123084AAA
:10AB700060216820F9F78CFF06490798486008B003
:10AB8000BDE8F08186FC000885FC00088BFC00080D
:10AB90008AFC0008B00000200149C873704700001B
:10ABA0003000002001490120C870704730000020AB
:10ABB00070B506460D46002001F092FE002001F01F
:10ABC00089FE0021DC4C282E21D2DFE806F020147B
:10ABD000212C44314B6656737C818C999EA3A8AD81
:10ABE000B6BBD3D8F420C8F9F1F0EFEEEDECEBEA08
:10ABF000E9E820E7E6E5D0488030FEF797FFCF4848
:10AC00002062CF48606201F065FAF6F76BFD5DE106
:10AC1000C9488030FDF792FFCA482062CA48606286
:10AC200055B3207A33E0C4488030FEF741F91CE187
:10AC3000C1488030FEF77CFFC2482062C248606293
:10AC4000D5B1E079FAF7D4F8BB488030C1686069C3
:10AC500000F0F2FF3AE1B8488030FEF761FA05E013
:10AC6000E07914E0B4488030FDF77CFEB5482062FE
:10AC7000B5486062002DF3D10CE0AF488030FEF79C
:10AC8000A7FAB0482062B04860621DB1A079FAF717
:10AC9000AFF81BE1F6F7BEFB18E1A7488030FEF7DE
:10ACA0007FFAA6482062A8486062F6F7A5FE01F088
:10ACB00009FA0BE1A0488030FEF762FDD5E0206282
:10ACC000A1486062E6E79C488030FDF705F9CCE0DA
:10ACD00099488030FDF7DEFE9A4820629A4860620B
:10ACE00001F098FE8FE094488030FDF791F8954888
:10ACF00020629548606201F075FEF6F7E7F9E5E03D
:10AD00008D488030FCF7ACFEAFE08B488030FEF71A
:10AD1000BBFAAAE088488030FEF702FCA5E086482E
:10AD20008030FDF7A7FD03E083488030FDF786FF04
:10AD30008548606281482062ACE77F488030FFF739
:10AD4000A1F982E07C488030FDF710F87D48206250
:10AD50007D48606201F040FEF6F7A2F9B6E0764861
:10AD60008030FEF71DFE774820627748606201F070
:10AD700057FE48E070488030FDF786FC65E020789B
:10AD8000062802D100F0C4FB20826B48218A803063
:10AD9000FDF7AAFC6D4892E7A4E07DE067E0B6E02D
:10ADA0005FE059E03EE031E041E050E044E01DE08A
:10ADB00011E005E0FFE760488030FDF70BFA44E062
:10ADC0005D488030FCF70AFE5E4820625E486062A3
:10ADD00001F0FCFD17E058488030FDF719FE594896
:10ADE00020625948606201F021FE0CE05248803038
:10ADF000FCF7B2FD5348206253486062A07B0028F4
:10AE000064D801F001FEF6F709FA5FE02178012924
:10AE100001D0082900D121734748217B8030FDF7FC
:10AE20009DF822E044488030FEF70AF81DE04248D1
:10AE30008030FEF76BF818E03F488030FDF7FAF9F4
:10AE400001F0D6FD08B1424839E73C4837E73A48B7
:10AE50008030FDF7A1FBF6E737488030FEF7E2FDD2
:10AE600003E035488030FCF731FE364827E7207B89
:10AE7000082802D0012806D008E0206C0078442879
:10AE800004D1617302E001F0D1F860732A48617B5C
:10AE90008030FDF731FF13E0207B082802D0012825
:10AEA00006D008E0206C0078442804D1617302E0E9
:10AEB00001F0BCF860732048617B8030FEF752FFE0
:10AEC0002248206223486062F9F7B6FE0022A021E2
:10AED0001020FFF707FCFFF7E7FC102001F038FD1A
:10AEE000267070BD207B082802D0012806D008E01B
:10AEF000206C0078442804D1617302E001F096F8D8
:10AF000060730D48617B8030FEF7D0FFD8E7207B6F
:10AF1000082802D0012806D008E0206C00784428D8
:10AF200004D1617302E001F081F860730248617B33
:10AF30008030FDF737F8C3E7300000202D7200089D
:10AF4000A96F000819700008C96B00082D7100086E
:10AF5000AD700008356A0008034602A206210248C7
:10AF6000FAF730BE25356400800000202DE9F04F4F
:10AF700087B0FAF73FF9B048DFF8BC9210260078A6
:10AF8000002409F1800908280ED001F043FD58B1D2
:10AF90000096CDE9016499F8003010210820D9F815
:10AFA0001020F7F727F808E0CDE900640823102106
:10AFB0001846D9F81420F7F741F801F00FF84FF0D0
:10AFC000010A00287ED001F031F800287AD1F6F786
:10AFD00007FB994800780128F8D1FFF793F800287B
:10AFE000F0D0FFF78FF8F6F7F0FA0028EAD0FFF775
:10AFF00089F8806B10F1FF4F07D3FFF783F8F6F75E
:10B000007DFEFFF77FF8F6F785FE00F0F1FF0028E0
:10B0100060D000F051FE0694FFF774F84FF0020B79
:10B020001730CDE9000BCDE902A406AD0023574649
:10B030001A4624211020CDE90445F9F7C0F9FFF79D
:10B0400061F81E30CDE9000BCDE9027400231A46E9
:10B0500048212020CDE90445F9F7B1F9FFF752F86E
:10B060001130CDE90007CDE9027400231A467021A2
:10B070003E20CDE90445F9F7A2F9CDE904454FF0AA
:10B08000030803970094CDE9014800231A463221B2
:10B090007820F9F794F9CDE904450023CDF808802C
:10B0A000CDF80C8000941A46562178200194F9F7C7
:10B0B00086F9CDE90445002372211A46782001ADB6
:10B0C000009400E054E085E81009F9F778F9069952
:10B0D000C9F8081001F098FC78B3FFF713F8F6F7F9
:10B0E00070FA48B301F08AFCFCF7D6FB834601F006
:10B0F000A9FCFCF7D1FB504D80461BF0FF4F6F7A47
:10B100006C7209D0FEF7FEFFF6F759FA5946F5F7CB
:10B11000A5FB01D885F809A018F0FF4F09D0FEF76C
:10B12000F1FFF6F74CFA4146F5F78EFB01D885F8AA
:10B1300009A01FB1012F06D00CE009E0687A48B1E0
:10B1400001F034FB06E0687A20B9FFF72DFB01E03F
:10B150003948447201F046FC40B1FEF7D3FFF6F7E0
:10B160003AFA18B13548FFF735FB01E0FFF7D2FA9C
:10B17000314D2878102828D1FFF76CF90078E8B312
:10B18000E87A10B3EC72002264215420FFF7AAFA87
:10B1900005F18806CDE9044629480227CDE90004D7
:10B1A000CDE902740323274A60210020F9F707F94B
:10B1B000CDE904462448CDE90004CDE90274032317
:10B1C000224A30210020F9F7FAF801F023FC014669
:10B1D0004C46D9F80800F9F733F9FFF74FF906465E
:10B1E00001F018FC01463246E068F9F781FD687805
:10B1F00000281ED007B0BDE8F04F00E001E001F0EC
:10B2000087BC85F80BA001F005FC48B10096CDE99C
:10B21000016406230E4A54211020F6F7EBFED4E712
:10B22000CDE9006408230B4A54211020F6F706FFED
:10B23000CBE707B0BDE8F08F3000002052FE0008D9
:10B2400010FA00080DFA00081EFA00081BFA0008A0
:10B250005BF9000861F9000810B5674C4FF4806194
:10B260002046F7F781FC01282FD0FFF7DBF818B153
:10B2700001F028FB01F0CEFAFCF754FAFCF762FA71
:10B28000FCF758FA4FF400612046F7F76DFC0128EF
:10B2900022D0FFF759F818B101F0CCFA01F0BAFA50
:10B2A000FCF7BAF9FCF7C8F9FCF7BEF94FF4805186
:10B2B0002046F7F759FC012815D0FFF78DF808B3A1
:10B2C000FFF702FC012814D018E0FFF7B3F80028BC
:10B2D000D8D101F0EFFAD5E7FFF73EF80028E5D125
:10B2E00001F0A0FAE2E7FFF785F898B901F0CAFA91
:10B2F00010E0FFF779F8B0F5FA6F01D201F0CAFA61
:10B3000001F088FAFCF706FAFCF7E6F9FCF7F2F927
:10B31000FCF7EAF94FF400712046F7F725FC012805
:10B320004CD0FEF7D3FF18B101F054FA01F072FAD5
:10B33000FCF724F9FCF732F9FCF728F94FF4005137
:10B340002046F7F711FC01283FD0FEF7D7FF18B1D0
:10B3500001F050FA01F05EFAFCF74EF9FCF72EF915
:10B36000FCF73AF9FCF732F94FF480412046F7F741
:10B37000FBFB012830D0FEF7FFFF18B101F06AFA9D
:10B3800001F048FAFCF768F9FCF776F9FCF76CF97C
:10B390004FF400412046F7F7E7FB012823D0FFF7E1
:10B3A00003F818B101F066FA01F034FAFCF774F909
:10B3B000FCF782F9BDE81040FCF776B9FEF78EFF86
:10B3C0000028BBD101F0FEF9B8E7FEF79FFF002887
:10B3D000CAD101F007FAC7E7FEF7D6FF0028D7D198
:10B3E00001F030FAD4E7FEF7E7FF002803D1BDE80B
:10B3F000104001F037BA10BD001002402DE9F047AF
:10B40000424E307806F11804C007A4F116050DD09D
:10B4100021782078491C61F30300207000F00F00B0
:10B420000A2803D3287840F00100287030784FF0C4
:10B43000010780074FF00A080DD5207807EB10119F
:10B44000207861F307102070B8EB101F03D828781C
:10B4500040F00200287030784FF4FA6940070ED5AA
:10B46000E088401C80B2E0800A2808D3287840F0A9
:10B4700004002870E088484501D301F013FA3078C1
:10B4800000070DD561786078491C61F30300607096
:10B4900000F00F000A2803D3287840F00800287035
:10B4A000307840060ED5A088401C80B2A0800A28C3
:10B4B00008D3287840F040002870A088484501D380
:10B4C00001F0A0F9307880060DD5A178A078491C4C
:10B4D00061F30300A07000F00F000A2803D328785E
:10B4E00040F0200028703078C0060DD5607807EB5A
:10B4F0001011607861F307106070B8EB101F03D86B
:10B50000287840F010002870BDE8F08794010020F2
:10B510000148408870470000B8020020024A02EB50
:10B5200001217822FAF79AB900B03C0008B5002052
:10B530000222009011026846FAF790F9BDF8000067
:10B54000014940BA488008BDB80200202DE9F04109
:10B55000434D04464CF250306988814202D30020AA
:10B56000BDE8F0813F4800F0D9F8002C6CD13D4C8B
:10B57000442020704F2060700020A070F9F762FD19
:10B580006072F9F765FD2072F9F768FDE071F9F76F
:10B590006BFDE072F9F76EFDA071F9F771FDA07215
:10B5A000F9F774FD2073FEF7ADFD00F124010D22C3
:10B5B00004F10D00F4F7EDFDFEF74CFF0168C4F84F
:10B5C0001E104168C4F822108068C4F82600FEF7F7
:10B5D0004DFF0168C4F82A104168C4F82E10806835
:10B5E000C4F83200FEF7B8FF00886083FEF7B8FFAA
:10B5F0000088A08301F02CFA206401F0E1F9F5F74E
:10B60000C4F806460F46FBF751F832463B46F4F7BE
:10B61000BEFEF5F7FDF8E063FEF774FD1130FAF7B2
:10B620006FFFF5F7F5F8A063FEF76CFD1E30FAF733
:10B6300067FFF5F7EDF8A064FEF764FD1730FAF741
:10B640005FFFF5F7E5F8E0646988064800F05EF80A
:10B650006888401C80B200F047F8012080E70000B5
:10B66000B80200208026002000B5A1B0FF228DF88E
:10B67000002003228DF80120022201468DF80220CD
:10B6800001A8FFF74BFF80216846F9F79CFD0448AD
:10B69000C8238022C0696946F8F742FC21B000BD8A
:10B6A000480200201CB5FF208DF8000003208DF813
:10B6B000010001208DF80200094840888DF804003F
:10B6C000010A8DF8031007216846F9F77CFD05484B
:10B6D000C8230722C0696946F8F722FC1CBD000098
:10B6E000B80200204802002008B500210091010A9C
:10B6F0008DF8001004498DF80100022248801102E3
:10B700006846FAF70BF908BDB8020020024A02EBBE
:10B7100001217822FAF702B900B03C0070B5044666
:10B72000002544F8025B0D21658025836583E56172
:10B7300025626562A562E56244F8305FA4F12500E8
:10B74000323CF4F73FFDA563E56325646564A564B9
:10B75000E56425656565A565E56525666566A56697
:10B76000E5662567656770BD10B50B4CFEF7AEFE4C
:10B7700000220A4BC4E90401F5F71AF803D0D4E912
:10B780000401C4E90201D4E90201F5F741F8BDE87A
:10B790001040FAF7CBBE0000800200200000F0BF8E
:10B7A00010B500F01BFC08B100F008FCFFF7A8F989
:10B7B00008B1FFF765F9FFF787F91E2814D004DCFC
:10B7C000012807D0032836D10EE0252811D02728DC
:10B7D00031D10EE0FFF748F90022A0212020FEF72A
:10B7E00081FF00F077FC26E000210220FDF7FAF946
:10B7F00021E000F021FC0B281DD1FFF76BF98068D8
:10B800001B4900698160FFF765F980681949006983
:10B81000C160FFF75FF98068042100694171002170
:10B820000220FDF7DFF9FFF77BF9012807D0042498
:10B83000FFF750F9447000F0F9FB98B901E00124DA
:10B84000F6E700F0D1FB0446FEF75CFC40782146A9
:10B85000F5F770FEF5F768FEF5F744FFF6F7CCF85C
:10B8600000F030FCBDE810400C2000F051BC00009E
:10B8700026F9000821F90008064810B500780028CC
:10B8800007D0FAF763FFFAF711FFBDE8104001F0A7
:10B890002DB810BD8002002010B5FFF729F8002850
:10B8A0000ED1084940F2DC52888A401C80B288825E
:10B8B000904205D300208882BDE81040FFF724B8ED
:10B8C00010BD000092010020F7F7A0F9F9F7D0FCB5
:10B8D000F8F7FAFEF8F7A0FEF9F730F8F9F74CF8A8
:10B8E000F9F716F8FFF716F800F002F8FCE7000089
:10B8F00010B5FEF7C9FD38B1FBF74CFF04213F48F6
:10B90000F7F737F9F8F7A8FBFEF7F4FB18B1FBF7E8
:10B91000EFFDFFF7B1FFFEF7FBFB18B1FBF7F6FDFC
:10B92000FEF7FEFBFEF7DEFB18B1FBF7D9FDFFF7D4
:10B930001BFFFFF791FCFEF7BBFD98B1FBF73AFF49
:10B94000FFF7C2F801280DD100F048FB10B3FFF754
:10B95000C1F880682A498068884203D1FFF784F8DB
:10B96000FBF708FFFEF7AAFC18B1FBF7D7FDFFF7BE
:10B97000FDFAFBF76BFCFFF7BDF8B8B1FFF77AF8FB
:10B98000FFF79CF890B1FBF75FFFFFF79DF80128E8
:10B9900003D00BE000F016F9E4E7FFF7B1F828B1A7
:10B9A0001848407810B11848FEF78CFFFEF786FD66
:10B9B00018B1FBF707FF01F04DFAFEF74FFD18B184
:10B9C000FBF7D0FEF6F7D4FBFBF750FC00F098F93C
:10B9D00000F014FB18B100F075F9FFF7E1FE00F07C
:10B9E00003FBF5F793FE00F011FB18B100F072F9BC
:10B9F00000F04EFBBDE81040F9F70CBB0000024020
:10BA000028FA000880020020EAFD0008344B10B537
:10BA100058784FF00001401C10F0FF025A70184691
:10BA200004D05970027842F0010202701A8940F283
:10BA3000EF24521C92B21A81A24204D319810278D7
:10BA400042F0020202705A8940F2D274521C92B241
:10BA50005A81A24204D35981027842F00402027052
:10BA60009A8940F6CB14521C92B29A81A24204D316
:10BA70009981027842F080020270DA8941F29814CA
:10BA8000521C92B2DA81A24204D3D981027842F0E8
:10BA9000100202701A8A521C92B21A82B2F5BD6F5D
:10BAA00004D91982027842F0080202705A8A521CA4
:10BAB00092B25A82FA2A04D35982027842F02002C2
:10BAC0000270DA8840F21A54521C92B2DA80A24212
:10BAD00004D3D980017841F04001017010BD00000D
:10BAE00092010020F0B50B30154D20F00701002425
:10BAF000144A0FE003688B420BD38B4205D95E1AC0
:10BB000043184768C3E9006700E04368136002C058
:10BB100004E0021D10680028ECD12046002802D164
:10BB2000286808B10020F0BD064A07481060074A9F
:10BB3000121A22F00702C0E9002401202860D7E78A
:10BB4000C0020020BC020020FC260020F8360020A5
:10BB5000024640210148F7F714B8000000040240F3
:10BB6000024680210148F7F70CB8000000040240AB
:10BB700080210148F6F7F8BF0004024000B585B007
:10BB8000802000900020019001200290022003906C
:10BB900069460248F6F714FF05B000BD00040240F4
:10BBA00000B585B080200090012001900020029017
:10BBB0000220039069460248F6F702FF05B000BD77
:10BBC0000004024030B5194C87B0A4F18005A0688C
:10BBD00098B1FBF7CFFD0E220021A4F1760001F011
:10BBE00019F9A87A202101EBC000A168087107B0FB
:10BBF0000020BDE8304000F0ABBE0024AC7200F085
:10BC000009FF08B1302000E02C2008490222083149
:10BC1000CDE904410649CDE90224CDE9001404230D
:10BC2000044A2021F8F7CBFBE1E70000B000002038
:10BC30002CFA000828FA000810B5847801220F4B6E
:10BC4000072C0CD2196059605868C0685860C068E9
:10BC5000884203D0521CD2B2072AF5D310BD5860D7
:10BC60001860096918680069186000698842F5D091
:10BC7000521CD2B2072AF5D310BD0000C800002024
:10BC800010B5014608224FF6FF7407E004EA4101AF
:10BC900000F00103521E1943D2B240080028F5D12A
:10BCA0009140C8B210BD00000248017821F00401A3
:10BCB000017070473C010020014900200870704766
:10BCC000300100200248017821F010010170704716
:10BCD0003C0100200248017821F008010170704702
:10BCE0003C01002001490020887070473C01002081
:10BCF0000248017821F00201017070473C010020E8
:10BD000070B500F08BF900287DD0FFF7F1FFA34C50
:10BD1000601D2179F5F7B1FA002874D000F08CF994
:10BD200004F1080511286ED2DFE800F06DD4266D0D
:10BD3000EC6D6D6D4A6D6CEA096D906DB2006079C5
:10BD4000FF2860D1A07903285DD1FBF743FD207A5D
:10BD50009349F5F7A7FB002000F0DAF900F026F987
:10BD6000FEF7D0F9F5F731FC00284CD1FEF7CAF9FF
:10BD7000BDE87040F5F794BEFEF7C4F940786179EC
:10BD8000884240D1A07903283DD1E0790E283AD1EC
:10BD9000FBF720FDFEF7B6F980490C220931F5F7D3
:10BDA00080FC002000F0B4F9FEF7ACF9F5F70DFCCB
:10BDB000002828D1FEF7A6F9BDE87040F5F752BE7D
:10BDC000FEF7A0F94078617988421CD1A079032858
:10BDD00019D1E079042816D1FBF7FCFCFEF792F9A3
:10BDE0002946F5F748FC002000F092F9FEF78AF9A1
:10BDF000F5F7EBFB002806D1FEF784F9BDE87040AB
:10BE0000F5F7DCBD00E07AE0FEF77CF94078617977
:10BE1000884274D1A079032871D1E07908286ED1C5
:10BE2000FBF7D8FCFEF76EF92946F5F701FC002078
:10BE300000F06EF9FEF766F9F5F7C7FB00285ED152
:10BE4000FEF760F9BDE87040F5F748BEFEF75AF915
:10BE500040786179884252D1A07903284FD1E079A6
:10BE600004284CD1FBF7B6FCFEF74CF92946F5F750
:10BE700026FC002000F04CF9FEF744F9F5F7A5FB8D
:10BE800000283CD1FEF73EF9BDE87040F5F7CCBD87
:10BE9000FEF738F94078617988427DD1A07903288E
:10BEA0007AD1E079042877D1FBF794FCFEF72AF9E0
:10BEB0002946F5F7D4FB002000F02AF9FEF722F915
:10BEC000F5F783FB002867D1FEF71CF9BDE8704049
:10BED000F5F7A7BBFEF716F94078617988425BD188
:10BEE000E079302858D1FBF775FCFEF70BF9847820
:10BEF000FEF708F94470002000F00AF946E04BE034
:10BF00001CE0FFE7FEF7FEF840786179884243D1F4
:10BF1000A079032840D1E0790C283DD1FBF75AFCE9
:10BF2000FEF7F0F82946F5F741FCFEF7EBF8F5F7D8
:10BF300071FBBDE87040002000F0EAB8FEF7E2F8BF
:10BF400040786179884227D1A079102824D1E079FE
:10BF5000112821D1FBF73EFCFEF7B6FD032803D0E4
:10BF6000252801D0272817D1FEF7B4FD80680D4998
:10BF700000698160FEF7AEFD80680B490069C16011
:10BF8000FEF7A8FD8068042100694171BDE870409A
:10BF900001210220FCF726BE70BD00003C010020FC
:10BFA0003801002012F9000816F90008024841780B
:10BFB000491C4170704700003C0100200248417854
:10BFC000491E4170704700003C0100200248007883
:10BFD000C0F38000704700003C0100200148407819
:10BFE000704700003C0100200048704738010020E5
:10BFF00001480078704700003001002002480078B6
:10C00000C0F30010704700003C0100200248007897
:10C01000C0F3C000704700003C01002002480078D7
:10C02000C0F34000704700003C0100200148007848
:10C030007047000034010020014890F84300704729
:10C040003C01002038B5044601680D48814215D1F5
:10C050000868486800902046F7F7E9FC094800683E
:10C060004068094BC0F11400187100F049F814221F
:10C07000591D2046BDE83840F7F730BF38BD0000F5
:10C0800000480040140500203C01002070470000DB
:10C090000B4A10B592F843000C280DD09078401C44
:10C0A000C0B29070042807D3FFF7FEFD0020907007
:10C0B000BDE8104000F014B8BDE8104000F05CB8D6
:10C0C0003C0100200248017841F0040101707047F2
:10C0D0003C01002001490120087070473001002018
:10C0E0000248017841F01001017070473C010020C6
:10C0F0000248017841F00801017070473C010020BE
:10C100000248017841F00201017070473C010020B3
:10C11000014908707047000034010020014981F88E
:10C12000430070473C01002000B5FFF74FFF002897
:10C130000ED0084940F252324888401C80B24880F4
:10C14000904205D3002048805DF804EBFFF7D0BF94
:10C1500000BD000030010020064941F8480F00688A
:10C16000C26842F01002C26051F843091422F7F786
:10C17000B5BE00003C0100202DE9F0410122124F24
:10C18000160331463846F6F7FCFC4FF47A74254620
:10C190006D1E2D042D0CFBD10C4DC82305F119018A
:10C1A000EA78A86CF7F7BCFE287840F00100287008
:10C1B000641E2404240CFBD131463846BDE8F0410E
:10C1C0000022F6F7DEBC0000000802403C0100201F
:10C1D0002DE9FC5FFE4EDFF8FCB3334696F800C055
:10C1E00003F1800593F80E905A7B5969E8681B7B30
:10C1F000ACF1030C4FF0640A05F10C07BCF1250FFC
:10C2000057D2DFE80CF01356565656561F56586054
:10C2100056759A5656D6B75656F256F6EFFAED566A
:10C2200056EC5656EBEAE956E8E7E600FBF70CFB5E
:10C23000FFF7FCFE00283CD1FDF764FF00224FF021
:10C240007E5187E201218DF8041040696421F8F7DE
:10C250004FFC42F21076B0FBF6F18DF80610B0FB01
:10C26000F6F106FB11015446B1FBF4F18DF805100F
:10C27000B0FBF4F10AFB11008DF80300E8686421BB
:10C28000C0684069F8F734FCB0FBF6F18DF8021095
:10C29000B0FBF6F106FB1101B1FBF4F18DF80110D2
:10C2A000B0FBF4F104FB11008DF800006846F7F7CD
:10C2B00090FEBDE8FC9F884201D1012000E00020F3
:10C2C00000F0F6FBA8E0884201D100200DE0C26832
:10C2D0008A4201D1052008E0D2688A4201D10A20B1
:10C2E00003E00069884202D1142000F0CFFB93E004
:10C2F000C0680A21C0684069F8F7FAFBF4F705FA4C
:10C300000022B54BF4F75CF904460D46FAF7CEF976
:10C3100022462B46F4F7DFF8F4F77AFA00F0A4FB94
:10C32000F8F760FF20462946F4F772FA0446FDF755
:10C33000E9FE2146F5F786FCBBE7C0680A21C06824
:10C340004069F8F7D5FBF4F7E0F90022A34BF4F7C6
:10C3500037F9F4F75DFA044600F0C2FBF8F742FF44
:10C3600000F076FB00F0E2FAFDF7CCFE2146F5F78F
:10C3700097FC9EE7884201D1002008E0C2688A420B
:10C3800001D1012003E00069884202D1022000F0BF
:10C3900077FBF8F727FF17E0FDF7B4FEF5F71BF979
:10C3A000002886D0FBF7ACF8FDF7ACFEF5F7A9F94D
:10C3B0007FE78842C0D1FBF7B9F800F02BFB08B14A
:10C3C000FEF77AF900F098FBFDF79CFE0028E3D118
:10C3D0006FE753E114E1AAE078E052E045E025E0A0
:10C3E0001DE00AE011E004E0FFE70020FFF77CF920
:10C3F0005FE7002000F062FB0EE0884201D10120DF
:10C4000000E0002000F060FB06E0884201D101203E
:10C4100000E0002000F02EFBF8F7E4FE49E7B9F158
:10C42000000F89D8002000F03DFBF5E7FBF70CFA80
:10C43000FFF7DAFD0146306CF5F7B0F80446E8681E
:10C440006421C068C068C0684069F8F751FB514674
:10C45000B0FBF1F20AFB1202B0FBFAF042EA001064
:10C46000C1B22046F5F776FB23E7012000F026FB5A
:10C47000E8680A214069F8F73BFBC0B200F036FBE0
:10C48000CAE7B9F1000F93D8012000F00BFBFBF7CE
:10C490000DF800288CD0E8680A214069F8F728FBDD
:10C4A000F4F71DF94E4C2146F3F733FF00F012FB71
:10C4B000E8680A21C0684069F8F71AFBF4F70FF939
:10C4C0002146F3F726FF00F0E7FAA5E7002A8FD10F
:10C4D000012B02D0082B03D009E0FDF713FE05E085
:10C4E000FFF782FD0146306CF5F758F80446FBF77C
:10C4F000ABF9E8680A21C0684069F8F7F9FA06461E
:10C50000606BF4F742F904460D463046F4F7E7F85D
:10C51000F4F73BF90022304BF4F752F822462B4651
:10C52000F3F7D6FFF4F774F9F5F7D6F8C1E6002A69
:10C530009AD13846F8F7BEFB002285217320FEF71A
:10C54000D1F8307B012802D0082803D009E0FDF79C
:10C55000D9FD05E0FFF748FD0146306CF5F71EF800
:10C560000446FBF771F92046F169F5F725FA002832
:10C57000DCD02046F5F721F8F4F707F9074688469E
:10C58000F069F4F702F90022134BF4F719F83A4670
:10C590004346F4F715F8074688462046F5F719F89C
:10C5A000F4F7F3F83A464346F3F798FFF4F730F917
:10C5B000B062FDF7A7FD002870D0B06AF4F7E5F887
:10C5C0000022084BF3F784FF21F0004100220BE02A
:10C5D0003000002026F900080000594000002440E7
:10C5E0000000C8420000F03F674BF4F7E1F855D86F
:10C5F000FDF788FDB16AF5F7E1FA5AE6687058E68A
:10C60000002A93D1012B02D0082B03D009E0FDF7BB
:10C6100079FD05E0FFF7E8FC0146306CF4F7BEFF5A
:10C620000446FBF711F92046F169F5F7C5F9002832
:10C63000E3D05649F069F3F76CFE30632046F4F717
:10C64000C8FF07462046F4F7B6FF05462046F4F734
:10C65000B4FF2946F3F725FE3946F3F75AFEB063D7
:10C6600070694B494160032141704A49816027212B
:10C67000C17049483062494870621AE6002ABCD14C
:10C680003846F8F717FB002285217320FEF72AF8B9
:10C69000307B012803D0082804D00AE05DE0FDF7D4
:10C6A00031FD05E0FFF7A0FC0146306CF4F776FFA2
:10C6B0000446FBF7C9F82046F169F5F77DF9002833
:10C6C0009BD03249F069F3F724FE70632046F4F7FB
:10C6D00080FF80462046F4F76EFF07462046F4F7B9
:10C6E0006CFF3946F3F7DDFD4146F3F712FE0446D1
:10C6F000F0632146B06BF3F7D4FD716B07468846B3
:10C70000306BF3F7CEFD3946F3F703FE2146B062F6
:10C71000F3F7CDFD4146F3F7C7FDF062FDF7F2FCFC
:10C72000D8B1B06AF4F731F800221D4BF3F7D0FE10
:10C7300021F000410022144BF4F73AF80DD8F06ACA
:10C74000184920F00040F4F77FF806D2FDF7DAFC34
:10C75000D6E90A12F5F735FAABE5A8680169C1F820
:10C7600008B0A86801691048C860A8680169042079
:10C77000487100210220FCF735FA307B01283FF494
:10C780003DAF04203AE700000000E03F0000C8424F
:10C790004DF9000850F9000819700008C96B00082D
:10C7A0000000F03F9A99193E21F900080149012043
:10C7B0008870704778020020014901204870704756
:10C7C000780200200248017841F0100101707047A2
:10C7D000940100200248017841F010010170704777
:10C7E000900100200248017841F04001017070473B
:10C7F000940100200248017841F040010170704727
:10C80000900100200248417841F0010141707047D9
:10C81000900100200248017841F0800101707047CA
:10C82000900100200248017841F002010170704738
:10C83000940100200248017841F002010170704724
:10C84000900100200248017841F008010170704712
:10C85000940100200248017841F0080101707047FE
:10C86000900100200248017841F0200101707047DA
:10C87000940100200248017841F0200101707047C6
:10C88000900100200248017841F0040101707047D6
:10C89000940100200248017841F0040101707047C2
:10C8A000900100200248417841F002014170704738
:10C8B000900100200248017841F0010101707047A9
:10C8C000940100200248017841F001010170704795
:10C8D000900100200149486070470000C800002016
:10C8E0000149086070470000C80000207CB504467C
:10C8F0000D4600F065F8F3F748FF22462B46F3F7A4
:10C9000046FDCDE9000103A207210448F9F75AF9D1
:10C910007CBD000025352E32660000008600002018
:10C920000149086070470000D40000201CB5F3F7EF
:10C930002CFFCDE9000103A206210448F9F742F9D2
:10C940001CBD000025352E31660000007A00002055
:10C9500070B5044600EB8400850004F00F0040F041
:10C960006000F9F7CBF8702040EA1410F9F7C6F828
:10C970000520F9F7C3F81220F9F7C0F80248034977
:10C98000284448604D8070BDFC050020280100202F
:10C990000248017841F0010101707047A8010020B0
:10C9A00070B504460E460846FFF76AF9C04305060F
:10C9B0003046FFF765F945EA0020A06170BD000030
:10C9C0000148806F70470000002600200148007970
:10C9D00070470000002600200148407970470000A1
:10C9E000002600200148807C7047000000260020BF
:10C9F0000148407870470000002600200148406A46
:10CA000070470000002600200148C07970470000F0
:10CA10000026002001480078704700000026002012
:10CA20000148C07C70470000002600200148C07803
:10CA30007047000000260020014880787047000001
:10CA4000002600200148006A7047000000260020F0
:10CA50000148C06F70470000002600200148007D9B
:10CA600070470000002600200149886770470000D9
:10CA700000260020014908717047000000260020B0
:10CA80000149487170470000002600200149887460
:10CA9000F8F702BB002600200149486270470000F9
:10CAA000002600200149C8717047000000260020C0
:10CAB0000149087070470000002600200149C87431
:10CAC00070470000002600200149C8707047000030
:10CAD000002600200149086270470000002600205F
:10CAE0000149C86770470000002600200149087509
:10CAF000704700000026002010B5FDF75BFFF8F737
:10CB000071FB0520F5F74AFFBDE81040F5F718B9AD
:10CB10003EB5FDF7A5FE354900251024487960B1E2
:10CB2000012843D0022839D1887858B3FFF772FF23
:10CB300028B304232E4A00942AE0FFF76BFF2B4909
:10CB4000683148B10094CDE901450B7A0A6840216B
:10CB50001820F5F74FFA07E0CDE900454A680823A9
:10CB600040211420F5F76AFAFFF754FF01461F48E9
:10CB70008030406803B0BDE83040F7F7C7BF0823F6
:10CB80001C4A0CE0FFF746FF60B31B4A04230094E5
:10CB900050211820CDE90145F5F72CFA3EBD502172
:10CBA0001820CDE90045F5F749FA3EBD887890B1E7
:10CBB000FFF730FF18B10623104A0094E8E7082376
:10CBC0000F4A48211820CDE90045F5F737FA082328
:10CBD0000C4A5821E4E7FFF71DFF18B104230A4A65
:10CBE0000094D5E70823094AD9E700003000002067
:10CBF00073FC000816F9000877FC00087BFC0008AD
:10CC00006EF9000879F9000881FC000821F9000894
:10CC100038B500210120F5F7A5FA01220021684668
:10CC2000F8F71CFE9DF80000662802D0FAF71AFEFD
:10CC300003E0F5F785F8FEF779FCFDF777FF0021B3
:10CC40000120FDF7B5FFF4F7D7FEFFF73BFAFFF73A
:10CC5000C9FEF8F721FA00F055F8FFF7EDFE1E4C7B
:10CC60004FF4004530B3012814D101222946204653
:10CC7000F5F787FF194A24213E20FDF7C1FDFDF796
:10CC80003DFEFDF735FE0028FBD000222946204658
:10CC9000F5F777FF1920FDF74FFC114AC2E90201B1
:10CCA000F7F7DAF9FEF760FDF8F7A4FA0020FFF7CE
:10CCB0004FFE38BD012229462046F5F762FF094A9A
:10CCC00056212520FDF79CFDFDF718FEFDF710FE0F
:10CCD0000028FBD0D9E70000000002408DEE0008DC
:10CCE000800200205DF1000800B583B00A460021F3
:10CCF000CDE9001101466846F3F71DFEDDE90001AC
:10CD000003B000BD70B5114D00244FF4805128468A
:10CD1000F5F72AFF00B101244FF400512846F5F73A
:10CD200023FF00B1A41C54B1012C0AD0022C0AD05C
:10CD3000032C0AD10320BDE87040FDF72DBF002071
:10CD4000F9E70120F7E70220F5E770BD0004024093
:10CD500010B5FBF78BFD084C218A491E89B2FEF7FE
:10CD6000DDFBFBF783FD217C00F008F8208ABDE89D
:10CD70001040FEF7F1B800003000002070B586B01A
:10CD8000C27A01ABC679057A447A83E87400007BE5
:10CD90000B46009003A213210948F8F713FF06B0D1
:10CDA00070BD0000253035642025303264253032D6
:10CDB000642530326420253032643A2530326400F4
:10CDC0005805002030B4124CA4F10D01E06842690E
:10CDD000A4F18000806982420DD1837901F10105BF
:10CDE0009B0701D01C2300E01D236B7052699379CF
:10CDF00052695B5C1372E26852695269824203D1E4
:10CE000082794069515C017230BCFAF739BB00008D
:10CE1000B000002003785B1C5BB2934200DD4BB294
:10CE20000370704703885B1C1BB2934200DD0BB29A
:10CE30000380704703785B1E5BB28B4200DA53B20B
:10CE40000370704703885B1E1BB28B4200DA13B27B
:10CE50000380704710B5FDF753FE00281BD0FDF787
:10CE600033FE012817D1FDF73FFE002813D10A4CED
:10CE7000607818B10948FDF725FD01E0FDF794FC45
:10CE8000607830B100206070BDE810400020FFF7EE
:10CE90005FBD0120F7E710BD80020020EAFD000819
:10CEA00030B5194C01226368DB68834212D1884295
:10CEB00004D02568ED68C4E900530BE0216061608F
:10CEC0006368DB686360DB688B4203D0521CD2B2BC
:10CED000072AF5D323681B69834206D10969814279
:10CEE00004D0236060680069606030BD61602160CB
:10CEF00020680069206000698842F6D0521CD2B2D6
:10CF0000072AF5D330BD0000C8000020030406083E
:10CF10000C10182030000000000000000001020387
:10CF200004060708090000000001020304804020F5
:10CF300010080402010000000000000000000000D2
:10CF400000000000000000000000000000000000E1
:10CF500000606000000000000000001818000000E1
:10CF60000018180000000002040404080810101043
:10CF7000202040400000000044A4A8A8B0541A2A71
:10CF80002A4A440000000000182442424242424221
:10CF900042241800000000000838080808080808A3
:10CFA00008083E00000000003C4242420204081013
:10CFB00020427E00000000003C42420204180402AD
:10CFC00042423C0000000000040C0C142424447F66
:10CFD00004041F00000000007E404040784402022C
:10CFE0004244380000000000182440405C62424285
:10CFF00042221C00000000007E42040408081010B9
:10D0000010101000000000003C424242241824424C
:10D0100042423C00000000003844424242463A028C
:10D0200002241800000000001010182828243C4496
:10D030004242E70000000000F84444447844424281
:10D040004244F800000000003E4242808080808020
:10D050004244380000000000F8444242424242424A
:10D060004244F80000000000FC424848784848402C
:10D070004242FC0000000000FC424848784848401A
:10D080004040E000000000003C44448080808E84EA
:10D090004444380000000000E7424242427E4242DF
:10D0A0004242E700000000007C1010101010101029
:10D0B00010107C00000000003E080808080808085E
:10D0C00008080888F0000000EE44485070504848B6
:10D0D0004444EE0000000000E0404040404040403A
:10D0E0004042FE0000000000EE6C6C6C6C6C54540E
:10D0F0005454D60000000000C7626252524A4A4AA5
:10D100004646E20000000000384482828282828229
:10D110008244380000000000FC424242427C404011
:10D120004040E00000000000384482828282828217
:10D13000B24C380600000000FC4242427C484844A1
:10D140004442E300000000003E4242402018040236
:10D1500042427C0000000000FE92101010101010DF
:10D160001010380000000000E742424242424242B2
:10D1700042423C0000000000E742424424242828A8
:10D180001810100000000000D654545454546C2859
:10D190002828280000000000E7422424181818243A
:10D1A0002442E70000000000EE444428281010103C
:10D1B00010103800000000007E84040808102020B1
:10D1C0004242FC00000000000000000038440C3423
:10D1D000444C36000000000000C040405864424209
:10D1E0004264580000000000000000001C22404083
:10D1F00040221C0000000000000602023E424242A3
:10D2000042463B0000000000000000003C42427E1D
:10D2100040423C0000000000000C12107C10101076
:10D2200010107C0000000000000000003E44443864
:10D23000403C42423C00000000C040405C62424230
:10D240004242E70000000000303000007010101073
:10D2500010107C00000000000C0C00001C040404F2
:10D26000040404447800000000C040404E48507060
:10D270004844EE0000000000107010101010101054
:10D2800010107C000000000000000000FE49494929
:10D290004949ED000000000000000000DC6242424D
:10D2A0004242E70000000000000000003C42424211
:10D2B00042423C000000000000000000D8644242EE
:10D2C00042645840E0000000000000001A2642427C
:10D2D00042261A020700000000000000EE32202063
:10D2E0002020F80000000000000000003E42403C0A
:10D2F00002427C0000000000000010107C101010A2
:10D3000010120C000000000000000000C642424263
:10D3100042463B000000000000000000EE444428AC
:10D32000281010000000000000000000DB894A5AAD
:10D330005424240000000000000000007624181887
:10D3400018246E000000000000000000E7422424C2
:10D350001818101060000000000000007E44081043
:10D3600010227E000000000000000000007E00008F
:10D3700000000000000000003C424262040808086F
:10D38000001818000000000000000808087F0808C6
:10D390000800000000000000101010101010100015
:10D3A00000101000000002040808101010101010E7
:10D3B00008080402000040201010080808080808A7
:10D3C00010102040000000000000000000000000DD
:10D3D000000000000000000000000000000000004D
:10D3E000000000000000000000000000000000003D
:10D3F00000000000001C003E003E001C0000000079
:10D40000000000000000000000000000000000001C
:10D410000003E007300E381C1C1C1C1C0C380E3896
:10D420000E380E380E380E380E380E380E380E38CC
:10D430000E1C0C1C1C1C1C0E38073003E0000000E6
:10D4400000000000000000000000000000000000DC
:10D450000000C001C01FC001C001C001C001C00167
:10D46000C001C001C001C001C001C001C001C001B4
:10D47000C001C001C001C001C003E01FFC000000EA
:10D48000000000000000000000000000000000009C
:10D490000007F00C3C181C300E300E380E380E0011
:10D4A0000E001C001C0038007000E001C003800367
:10D4B0000006060C061806300E3FFC3FFC0000007C
:10D4C000000000000000000000000000000000005C
:10D4D0000007E01C703838381C381C381C001C0051
:10D4E0001C0038007003E00078001C000C000E00E7
:10D4F0000E380E380E380C381C1C3807E0000000BF
:10D50000000000000000000000000000000000001B
:10D51000000070007000F000F001F001F0037006F0
:10D520007006700C700C7018703870307060707FFE
:10D53000FE0070007000700070007003FE000000BC
:10D5400000000000000000000000000000000000DB
:10D55000000FFE0FFE180018001800180018001821
:10D56000001BF01E381C1C180C000E000E000E00D4
:10D570000E380E380E301C301C1C3807E00000003E
:10D58000000000000000000000000000000000009B
:10D590000001F0071C0E1C0C1C1C001800180038A1
:10D5A000003BF03F383C1C3C0C380E380E380E382F
:10D5B0000E380E1C0E1C0C0E1C0F3803F000000061
:10D5C000000000000000000000000000000000005B
:10D5D000001FFE1FFE180C381830183030003000C5
:10D5E000600060006000C000C00180018001800117
:10D5F0008003800380038003800380038000000099
:10D60000000000000000000000000000000000001A
:10D610000007F00E381C1C380E380E380E3C0E3C3D
:10D620000C1F1C0FB007E01CF8387C383C701E70D3
:10D630000E700E700E700E381C1C3807E0000000D3
:10D6400000000000000000000000000000000000DA
:10D650000007E01C303818381C700C700E700E700B
:10D660000E700E700E781E383E1C7E0FCE000E001F
:10D670001C001C00183838387038E00FC00000005B
:10D68000000000000000000000000000000000009A
:10D69000000000000000000000000000000000008A
:10D6A000000000000000000000000000000000007A
:10D6B000000000000000000000000000000000006A
:10D6C000000000000000000000000000000000005A
:10D6D000000000000000000000000000000000004A
:10D6E00000000000007FFF000000000000000000BC
:10D6F000000000000000000000000000000000002A
:10D700000000000000000000000000000000000019
:10D710000000000000000000000000000000000009
:10D720000000007000700000000000000000000019
:10D730000000001F003180318060C060C060C060A8
:10D74000C060C060C060C060C0318031801F000018
:10D75000000000000000000000000006001E00069F
:10D760000006000600060006000600060006000689
:10D7700000060006001F80000000000000000000FE
:10D780000000001F00318060C060C060C000C001A8
:10D7900080030006000C00180030C060C07FC0008D
:10D7A00000000000000000000000003E0063006177
:10D7B000806180018003000F00018000C000C06014
:10D7C000C060C061803F0000000000000000000059
:10D7D0000000000300070007000F000F001B0033CC
:10D7E00000330063007FC00300030003000FC0008C
:10D7F00000000000000000000000003FC0300030CA
:10D8000000300030003F00398000C000C000C06020
:10D81000C060C061803F0000000000000000000008
:10D820000000000F0019803180600060007F0071EF
:10D830008060C060C060C060C030C031801F000028
:10D8400000000000000000000000007FC060C06118
:10D8500080030003000300060006000C000C000C0F
:10D86000000C000C000C0000000000000000000094
:10D870000000001F00318060C060C060C031801FA8
:10D8800000318060C060C060C060C031801F000097
:10D8900000000000000000000000001F0031806157
:10D8A0008060C060C060C061C033C01EC000C001E5
:10D8B00080318033001E00000000000000000000E6
:10D8C0000000000000000000000000000000000058
:10D8D0000000000000000000000000000000000048
:10D8E0000000000000000000000000000000000038
:10D8F000000000000000007FC000000000000000E9
:10D900000000000000000000000000000000000017
:10D9100000000000000000000000000000000030D7
:10D920000030000000300030000000000010401007
:10D9300020102013FEFA02144410401BFE3088D041
:10D9400088110810D010201050508823040808486F
:10D950001C49E0490049007DFC4144414479444967
:10D96000284928491049104A284A448C8208000B4B
:10D97000F80A081208120833F83040504097FC109B
:10D98000E011501248144418421040104010001189
:10D99000FC11041104FD141108110015FC19443187
:10D9A00044D1281128111011285144218204000467
:10D9B000000FF01820644003801C70E00E1FF0116F
:10D9C0001011101FF0111011101FF01010010001A4
:10D9D00000010001007FFC03800540054009201183
:10D9E0001021084FE481020100010001002000170E
:10D9F000FC0004408440845FF440844184428444B9
:10DA0000844884508442844104401440081000112A
:10DA1000FC10001000FC0013FE3020382055285563
:10DA200024922412221422102010A0104001000180
:10DA3000007FFC010001003FF801000100FFFE052E
:10DA400000088818502820C9180A060C0008200869
:10DA500020FFFE0820001000F83F001110082001F0
:10DA6000007FFC054009203118C1060100020004B6
:10DA70004008201FF002007FFC082010902308CCF3
:10DA80004601800610182000C00700780001000140
:10DA9000007FFC054009203118C1061FF010101F3F
:10DAA000F010101FF010100000FFFE000000003FFB
:10DAB000FE20002000200020002000200020002068
:10DAC00000200020002000400040008000010001F4
:10DAD0000021082108210821083FF8010801000160
:10DAE0000041044104410441047FFC0004004078EB
:10DAF0004048A05110520865F6504048404FFC483D
:10DB0000406A5052484444484441404080084008DC
:10DB100040084013F81040308037FE5080910013C9
:10DB2000F81008111010A01040102010200400045C
:10DB300000FFFE0800080013F81010302050409736
:10DB4000FE10401040104010401140108010001096
:10DB50000013FE1020FC201020102014201820306C
:10DB600020D02010201020102050A020401010089D
:10DB70002004403FF8210821083FF8210821083FF0
:10DB8000F801000100FFFE01000100010001002179
:10DB90000811080910092001007FF800080008009A
:10DBA000083FF80008000800087FF8000800003F60
:10DBB000F0201020103FF0200420041FFC00200063
:10DBC00020FFFE08200420042000A00040080808D0
:10DBD0003C0BE0122012203220322053FE92201201
:10DBE0001012101212120A128A132612121020108A
:10DBF0002010201120112CFD34116413A4112411C4
:10DC00003411281D22E122410200FE000002000220
:10DC100000020003FC020002003FF0201020102050
:10DC2000103FF00000248822444244800401000197
:10DC30000001003FF82108210821083FF8210821B0
:10DC40000821083FF8210A0102010200FE0200013A
:10DC5000007FFE4002800400003FF8010001001137
:10DC60000011F811001100290047FE80000040005B
:10DC7000407C40004001FC0044FE442044204420FD
:10DC80008448844484FD04450402280410010000F3
:10DC9000803FFE222022203FFC2220222023E02061
:10DCA000002FF02410422041C08630380E0040047E
:10DCB00040042008201010200840049FE2042004A3
:10DCC0002004200820082010202140408000007FF0
:10DCD000FC008001000300056009183104C1020046
:10DCE000001FF01010101010101FF0101010001076
:10DCF000001FFC20005FF090101FF010101FF004B8
:10DD0000000FF01820644003801C70E00E00280013
:10DD1000243FFE20202FA420242FA8289828924FAB
:10DD2000AA4046808201004884481287F20200011E
:10DD300000FFFE00000FE0082008200FE000007F39
:10DD4000FC40044FE4482448244FE4400C101008E1
:10DD500010082000003FF8010001000100FFFE0153
:10DD60000002800280044008203018C00620403F96
:10DD70007E4890850801007FFE40029FE410201F2E
:10DD8000E010001FF0101010101FF0101000001F06
:10DD9000F01010101010101FF00000FFFE0800100F
:10DDA000001FF000100010001000A00040104010F4
:10DDB00040104013FE18805490509051129152110F
:10DDC00054129012281428104410841102100011CB
:10DDD000F011101110FD101110311039105510559F
:10DDE000109110111211121212120E1400200013B1
:10DDF000FC1004400447C444444444444447C444DD
:10DE0000444444444447C440044014400820102083
:10DE1000103B7C211441FE7A14A27C2710F97C254A
:10DE20001025FE22102A10350028FE0000082008C8
:10DE3000200920112011FC3220322054209020177C
:10DE4000FE10201020102010201020102010001094
:10DE5000FC3C2424244854BE882A102A503E7C2AA4
:10DE6000902A103EFE2A104A10421086102420FFED
:10DE700020247E7EC482287A104A287AC60500FFB4
:10DE8000FE00003FF800003FF820083FF820002384
:10DE9000FC22042204FBFC222022202BFE3220E262
:10DEA0002022FC228422842484A4FC488400007F55
:10DEB000FC08200820082008200820FFFE08200871
:10DEC00020082008201020102020204020000001E1
:10DED000FCFD24112411FC112411247DFC102010C0
:10DEE0002011FC10201C20E02043FE000000003F19
:10DEF000FE20002080208020802FFC208420842190
:10DF0000042104220422044404482890100000FF45
:10DF1000FE0440044004407FFC4444444444444ADA
:10DF2000A44A945114420440044014400800047F61
:10DF300084080408241F2411242124212452248A23
:10DF4000240424042408041004201440083FF80189
:10DF5000007FFE41029D7401001D7002800C603242
:10DF600018C1061FE00020064001800040020001A9
:10DF7000007FFC020044442F88111022484FE40027
:10DF8000200100FFFE01000100010001002000232C
:10DF9000FC2204FAF4AA04AAF4AA04A800A9F8A985
:10DFA00008A9F8B90821F8210821F8210820001350
:10DFB000FC10044004400440044004400440044079
:10DFC0000440044004400440044014400808201C5D
:10DFD00020F02010A810A4FCA2112231203A2454D1
:10DFE00024542890081010102010C01300008878C6
:10DFF000884BFE4888480079FC490449FC4904796B
:10E00000FC48204BFE4850488849049A02100010F2
:10E01000001FFC2080208040801FF810801080109E
:10E0200080FFFE00800080008000800080220022AF
:10E030007C7F44224422443E7C224422443E4422AB
:10E040007C2244FF4404842284411482080100009D
:10E05000801FFC1004100410041FFC10001000109E
:10E060000017FC24042404440487FC040400003E3C
:10E070007C224422443E7C01200110FFFE02800CE1
:10E08000603018C0063E7C224422443E7C100010C2
:10E09000003FFC20004FF080003FF0001000100017
:10E0A0001000100010000A000A00060002101008FC
:10E0B000100820FFFE00003E08224822483E482269
:10E0C0004822483E48220822082A282410004000FE
:10E0D00040FC7C1084110822FE3C92649264FEA4F1
:10E0E00092249224FE3C922512210A020400402030
:10E0F000401040104000400040F040104010A01080
:10E10000A010A01510191012080404080200001F26
:10E11000F0101010101010101010101FF010101030
:10E120001010101010101010101FF01010004020D0
:10E130002013FE1202849441084A640890110812C8
:10E1400004E5FA21082108210821F80108104010EF
:10E15000401040FE7C2084288849207E200820082A
:10E16000500E50F8504888088809040A0200000040
:10E17000007FFC00000000000000003FF8000000ED
:10E1800000000000000000FFFE0000000000027B15
:10E19000C24A424A4A4A4A4A4A4A4AFFEA4A4A4A1A
:10E1A0004A4A4A4A4A4A425A42854A088400002159
:10E1B000F0111011100110020EF40013F8110811E3
:10E1C00010109014A0184010A003180C06000800AE
:10E1D000087C08440845FE440844087C08448844F8
:10E1E00048444844087C0844080028001001000105
:10E1F0000001003FF82108210821083FF82108010B
:10E200000011000900060005801870E00E00003FB4
:10E21000F80000000000000000FFFE0100010011F6
:10E22000101108210441028102050002001FF010B4
:10E230001010101FF0101010101FF00000FFFE0152
:10E2400000110011F811002900450083FE08204943
:10E25000202A20083EFF442A44494488A41028FE6E
:10E260002822104210642818283444C28210A011B9
:10E270002C11241124FDAC1124112415FC1820317B
:10E28000FCD0881050102010505088230601000147
:10E29000003FF8010001007FFE420284241FC001FC
:10E2A0008006103FF80108112025104208100011C7
:10E2B000FC11041104FDFC1104110415FC180033B9
:10E2C000FED0201120113C112052A0247E104010BD
:10E2D00020202023FE4840F888110423FE4092F8B5
:10E2E00090409000901912E112420E04000880083C
:10E2F000400840100017FC30003008520892081106
:10E300001011101110112010201FFE10000000230A
:10E31000F81208120883F84208420813F810002780
:10E32000FCE4A424A424A424A42FFE0000020001E1
:10E33000000100FFFE101010100820082004400209
:10E340008001000280044008203018C0060100024D
:10E35000001FF010101FF010101FF010101FF01011
:10E3600010010008844892481287F0000000F83F2E
:10E37000000400082010403F800100061018087FAC
:10E38000FC01040920111021084504020000001FAF
:10E39000F0101010101FF0101010101FF004404467
:10E3A000442444144814500440FFFE000000007B45
:10E3B000F84A08520853F8620852084BF84A444A8F
:10E3C000486A3052204210428843064200104010F2
:10E3D00020102011FEFC00108831043A02548850AD
:10E3E00088905010501020105010881306084008D4
:10E3F000200BFE1000100031FC3000500091FC108A
:10E4000000100011FC1104110411FC1104010000A2
:10E41000803FFE200023F8201020A020402FFE2067
:10E420004220442040404040408140008000802005
:10E4300080110011FC02040404F3E41224122413DA
:10E44000E41224122417E418041028001000003FDE
:10E45000FE200020802080208020802FFC20802033
:10E460008020902088208840805FFE80000820085F
:10E47000207F20082808240F22F020402000003FA1
:10E48000F82448244824482448FFFE0000020001E4
:10E4900000FFFE000000003FF8000000003FF80011
:10E4A0000000003FF8200820083FF8200820003F27
:10E4B000FC40009FF000007FF011100A107FD00494
:10E4C000103F900412FFEA040A04060402088008C0
:10E4D000480A481208120831103110511090A0104B
:10E4E000A01040104010A0111012081406020001E4
:10E4F000003FF8000008200440FFFE00001FF0105D
:10E500001010101FF0101010101FF010100820082D
:10E5100020FFFE0820010001001FF0111011101152
:10E5200010FFFE0280044008203018C006000001E1
:10E53000FEFC20102011FC21243D2465FC6524A54F
:10E540002425FC25203CA0244020B0030E000047D9
:10E55000FC2040204003F80088E08827FE200020AF
:10E560000023F822082A08320823F8020800001FB6
:10E57000F81008100810081FF81008100810081FDD
:10E58000F8100810082008200840288010084008CB
:10E59000400FFC1040104033F8320853F892081333
:10E5A000F8120813F8120812081FFE1000102010AD
:10E5B00020102011201120FD20113C1120112011CC
:10E5C0002011201D20E120412007FE000001000154
:10E5D000000100FFFE0100010001003FF800000102
:10E5E00000088848844812481287F000007FFC44E5
:10E5F000447FFC01007FFC01001FF010101FF01091
:10E60000101FF010101FF01010FFFE00000100019D
:10E6100000010001003FF8210821082108210821FC
:10E62000083FF8210801000100010001001020103E
:10E63000203C20202041FCBD2411241124FD241164
:10E64000FC1124102014201820102000200140412B
:10E6500020212023FE022016201BFC122022202332
:10E66000FCE2202220222023FE2200020000402083
:10E6700040104017FC844444444444144417FC2490
:10E6800044E040204820442FFE2402000001000204
:10E690000004001FF01010101010101FF0101010C8
:10E6A000101FF01010101010101FF01010010011AA
:10E6B0001011101110111029282524454481000142
:10E6C000003FF8010001000100FFFE0000200017DC
:10E6D000FC008440A440945FF440844EA44AA44EBD
:10E6E000A440C4465458B441144204400C000000F5
:10E6F000000000000000000000000000000000001A
:10E700000000000000000000000000000000000009
:10E710000000007E004000400040007800440002FD
:10E720000002004200440038000000000000000029
:10E73000000000081838240842084208420842082D
:10E74000420842084208243E180000000000000071
:10E750000000003C18422442424242024204420865
:10E76000421042204242247E1800000000000000B7
:10E77000000000FC0042004800480078DC48624885
:10E7800042404242424242FCE700000000000000DA
:10E7900000000000100070001000103E10441044F3
:10E7A00010381040103C10427C42003C0000000039
:10E7B0000000003000300000000000703E104210E9
:10E7C00040103C100210427C7C0000000000000061
:10E7D0000000000000C000400040005C00620042F9
:10E7E00000420042004200E700000000000000007C
:10E7F0000000003E0042C042408040805C80628059
:10E800004280424242444238E700000000000000DB
:10E81000000000300030000000000070DC106210CA
:10E82000421042104210427CE7000000000000004D
:10E8300000000000000000000000003C3E42424298
:10E84000407E3C400242423C7C0000000000000050
:10E8500000000000000000000000003C00420042F8
:10E86000007E00400042003C000000000000000E5E
:10E87000001100218031803180030006000600066F
:10E880000006000000060006000000000023F82239
:10E8900008220823F8F80027BC24A42CA437BCE0E5
:10E8A000402FFE216022502448B84640400900090C
:10E8B00000090011FE12803280348050F8908010E0
:10E8C00080108010FC10801080108010800050009C
:10E8D0004800403FFE2040204020443E4422442245
:10E8E00028222822122A32444A408681020040000F
:10E8F000400040FE4011FC104410441044104410ED
:10E900008410841E84F104410402280410000000D5
:10E9100000000000E7004200420042D842647E420C
:10E920004242424242644258E74000E000009020E8
:10E9300090109013FC00900090F09017FE10901033
:10E9400090111011101210280047FE000004000260
:10E9500000010001000100028002800280044004E6
:10E9600040082008201010201040088006111011C7
:10E970001017FC1110FC0013F832083BF85608532E
:10E98000F8904017FC10A01110120814060048005F
:10E990004400440040FFFE004000403E4008400864
:10E9A00040082008220F12780A200600020040408A
:10E9B0004027FC204003F80040E7FE200023F82217
:10E9C0000823F822082BF8320822280210200820F9
:10E9D0003C27C02040F8402FFE20402940365CE410
:10E9E000442444275C24442444A7FC44040080209D
:10E9F0004017FE11208120423C42441664129423A9
:10EA000048E2482230222022502288030620403F3C
:10EA10007E4890850801003FF801000100FFFE00DC
:10EA20000000207FFC0820042004A00040084008CB
:10EA300040104023FC4840084017FE30105010970B
:10EA4000FE101012101110111010501020000000B4
:10EA500000000000000000000000000000000000B6
:10EA60000000000000606060600000000000000026
:10EA70000000000000000000000000000000000096
:10EA800000000000006000600000000000010011B4
:10EA900000110011003FF8210041000100FFFE02BB
:10EAA0008004400440082010102008C00600407C6C
:10EAB000404440548054FE55085688548854885425
:10EAC0005054501020285024884504820220403F92
:10EAD0007E489085083FF8010801083FF821002191
:10EAE000003FFC030405041928E1100100000000A8
:10EAF0000000000000000000000000FFFE00000019
:10EB00000000000000000000000000000000000005
:10EB10000000003FF80000000000000000000000BE
:10EB20000000000000FFFE0000000000000000FFE9
:10EB3000FE02000200020002000240022002100257
:10EB40000802080200020002000200020000007F2A
:10EB5000FC0100010001000100110011F811001179
:10EB6000001100110011001100FFFE000002000260
:10EB7000000400FFFE080008401040304057FC90A1
:10EB80004010401040104010401FFE100000007F59
:10EB9000FE001000101F1011101110111011101193
:10EBA000101F101110001000100050002000003F36
:10EBB000F0001000100010201020103FF020002066
:10EBC0000020002004200420041FFC000000003F5F
:10EBD000F82108210821083FF82108210821083FD1
:10EBE000F82108210821084108412880101FF01051
:10EBF000101FF010101FF00000FFFE22003EF82250
:10EC0000883E9022502F20F25042880306010001D6
:10EC100000010001000100FFFE010001000280026E
:10EC20008004400440082010102008C00600402244
:10EC300040124013F804400040F7FC11201120114D
:10EC40002012241224141C280047FE000020002754
:10EC5000F822082110F0A0204021B0264E3040E3D9
:10EC6000F82040204027FC2040A040404000003FCA
:10EC7000F002000200020002007FFC048004800415
:10EC8000800880088010842084407C80000100116E
:10EC900010092001007FFC054009201110600801C7
:10ECA00000FFFE0280044008203018C00600047FE8
:10ECB00084122412241224FFA412242204221441B8
:10ECC0000881003FF801000100FFFE000010001362
:10ECD000FC110811F8FD0811F8110E17F818083783
:10ECE000BCD0A412A41128129054A82846001000E9
:10ECF000F83F802080208020803FFE2080208020E0
:10ED000040204020222012280A3006200210001144
:10ED1000FC200824104430F848108423024000FDF1
:10ED2000FC402000201C20E02043FE0000102010AA
:10ED300020202025FE4420F82010FC20204020FD2B
:10ED4000FE402200221C2AE0244020002000402017
:10ED50004017FC104083F8404047FE100013F82293
:10ED600008E3F8220823F8220822280210020001F2
:10ED7000007FFE400288241010200800001FF001D0
:10ED80000001000100010001007FFC000000000004
:10ED900000000008400840084008400840084008BB
:10EDA000400CD00B200800080008000000000020E4
:10EDB00000500050F0230C0204060004000400047C
:10EDC0000004040604030C01F800000000102011E8
:10EDD000243CA420A84020BDFC11041124FD2411D2
:10EDE0002411241124145018881104020200100068
:10EDF000F83F00010001003FF8010001000100FFA1
:10EE0000FE010001000100010005000200002020B9
:10EE10002011FC1020002003FEF00210941050116D
:10EE200010109013FE142818441082030200402092
:10EE30007C104017FE8442447047C41444143C24A0
:10EE400020E410245425422942294A123800202067
:10EE500020102013FE822242244A200BFC1284122E
:10EE600088E2482250222024502488090602000407
:10EE70004008201FF002007FFC082010902308CCDF
:10EE80004601800610182000C0070078000000002E
:10EE900000007E00000000007E0001F8000000007D
:10EEA0000000000000007E3FFFFFF8007F0001F837
:10EEB000000000000000000000007E3FFFFFF81F80
:10EEC000FFFFFFFFE000000000000000001C7E00CC
:10EED0000000001FFFFFFFFFE00000000000000037
:10EEE000001C7E00000000007F0001F80000000010
:10EEF00000000000001C7E00000000003F0001F840
:10EF00000000000000000000001C7E0FFFFFE0007A
:10EF1000000000000000000000000000001C7E0F48
:10EF2000FFFFE00000000000000000000000000003
:10EF3000001C7FCFC007E007E7E03F0000000000B3
:10EF400000000000001C7FCFC007E007E3E03F00A7
:10EF50000000000000000000001C7FCFC007E00799
:10EF6000E3E07FFFC000000000000000001C7E0FF7
:10EF7000C007E007E3E07FFF800000000000000022
:10EF8000001C7E0FC007E007E3E07EFC00000000ED
:10EF900000000000001C7E0FC007E007E3E0FC7EDD
:10EFA0000000000000000000001C7E0FC007E0070A
:10EFB000C3E0FC3E0000000000000000001C7E0FCB
:10EFC000FFC7E0060381FC3F0000000000000000D6
:10EFD000001C7E0FFFC7E0000201F81F8000000048
:10EFE00000000000001C7E0FC007E00000000000D1
:10EFF0000000000000000000001C7E0FC007E000C1
:10F00000000000000000000000000000001C7E0F57
:10F01000C007E007FFFFFFFE000000000000000047
:10F02000001C7E0FC007E007FFFFFFFE000000008E
:10F0300000000000001C7E0FC007E007E07F1FBF3C
:10F040000000000000000000001C7E0FC007E00769
:10F05000E07E1F1F8000000000000000001C7E0FEB
:10F06000C007E007E07E3F1FC00000000000000076
:10F07000001C7E0FC007E007E07C3F0FC0000000CF
:10F0800000000000001C7E0FC007E007E0FC7E0FC0
:10F09000C000000000000000001C7E0FC007E00759
:10F0A000E0FC7E0FC000000000000000001C7E0F8E
:10F0B000C007E007E0F87E0FC0000000000000007D
:10F0C000001C7E0FFFFFE007E1F8FC0FC00000000E
:10F0D00000000000001C7E0FFFFFE007E1F8FC0FBE
:10F0E000C00000000000000000007E0000000007DB
:10F0F000E3F0FC0FC00000000000000000007E00F4
:10F1000000000007E3F1F80FC0000000000000005D
:10F1100000007E0000000007E3F1F80FC0000000CF
:10F120000000000000007E3FFFFFE00FE7F3F81F44
:10F13000C00000000000000000007E3FFFFFF01F45
:10F14000FFFFFFFFE00000000000000000007E3F26
:10F15000FFFFF81FFFFFFFFFF000000000000000AE
:10F1600000000000F0000000FFFFF80000000000B9
:10F170000000000000000003F0000000FFFFFC00A2
:10F18000000000000000000000000007F000000088
:10F19000FFFFFC0000000000000000000000000F66
:10F1A000F00000007FFFFE000000000000000000F3
:10F1B0000000000FF00000007FFFFE0000000000D4
:10F1C000000000000000001FF00000003FFFFE00F4
:10F1D00000000000000000000000003FF000000000
:10F1E0003FFFFE0000000000000000000000003FA4
:10F1F000F00000001FFFFE00000000000000000003
:10F200000000007FF00000001FFFFE000000000073
:10F21000000000000000007FF00001800FFFFE00F2
:10F2200000000000000000000000007FF0000180EE
:10F230000FFFFE0000000000000000000000007F43
:10F24000F00003C007FFFE00000000000000000007
:10F250000000007FF00003C007FFFE000000000078
:10F26000000000000000007FF00007C007FFFE0064
:10F2700000000000000000000000007FF00007E038
:10F2800003FFFE0000000000000000000000007FFF
:10F29000F00007E003FFFE00000000000000000097
:10F2A0000000007FF0000FF001FFFE0000000000F2
:10F2B000000000000000007FF0000FF001FFFE00E2
:10F2C00000000000000000000000007FF0001FF8B8
:10F2D00000FFFE0000000000000000000000007FB2
:10F2E000F0001FF800FFFE0000000000000000001A
:10F2F0000000007FF0001FF8007FFE00000000000B
:10F30000000000000000007FF0003FFC007FFE00D6
:10F3100000000000000000000000007FF0003FFF40
:10F32000FFFFFE0000000000000000000000007F62
:10F33000F0007FFFFFFFFE00000000000000000063
:10F340000000007FF0007FFFFFFFFE0000000000D4
:10F35000000000000000007FF000FFFFFFFFFE0044
:10F3600000000000000000000000007FF000FFFF30
:10F37000FFFFFE0000000000000000000000007F12
:10F38000F000FFFFFFFFFE00000000000000000093
:10F390000000007FF001FFFFFFFFFE000000000003
:10F3A000000000000000007FF001FFFFFFFFFE00F3
:10F3B00000000000000000000000007FF001FFFBE3
:10F3C000FFFFFE0000000000000000000000007FC2
:10F3D000F001FFF1FFFFFE00000000000000000050
:10F3E0000000007FF001FFF1FFFFFE0000000000C1
:10F3F000000000000000007FF001FFF3800FFE001E
:10F4000000000000000000000000007FF001FFE3AA
:10F41000800FFE0000000000000000000000007FE0
:10F42000F001FFC7800FFE00000000000000000098
:10F430000000007FF800FE0F000FFE00000000003B
:10F44000000000000000007FF800FE1E000FFE001C
:10F4500000000000000000000000007FF8007E7E39
:10F46000000FFE0000000000000000000000007F10
:10F47000FC003FF8000FFE0000000000000000004C
:10F480000000007FFC000FF0000FFE0000000000F5
:10F49000000000000000007FFE000000000FFE00E2
:10F4A00000000000000000000000007FFE000000DF
:10F4B000000FFE0000000000000000000000007FC0
:10F4C000FF000000000FFE00000000000000000030
:10F4D0000000007FFF800000000FFE000000000021
:10F4E000000000000000007FFFC00000000FFE00D1
:10F4F00000000000000000000000007FFFE00000AE
:10F50000000FFE0000000000000000000000007F6F
:10F51000FFF00000000FFE000000000000000000EF
:10F520000000007FFFF80000000FFE000000000058
:10F53000000000000000007FFFFE0000000FFE0042
:10F5400000000000000000000000007FFFFF8000BE
:10F55000000FFE0000000000000000000000007F1F
:10F56000FFFFF000000FFE000000000000000000A0
:10F570000000007FFFFFFFFE000FFE000000000004
:10F58000000000000000007FFFFFFFFE000FFE00F4
:10F5900000000000000000000000007FFFFFFFFCF3
:10F5A000000FFC0000000000000000000000007FD1
:10F5B000FFFFFFF8000FFC0000000000000000004B
:10F5C0000000007FFFFFFFF0000FF80000000000C8
:10F5D000000000000000007FFFFFFFE0000FF000D0
:10F5E00000000000000000000000007FFFFFFFC0DF
:10F5F000000FE00000000000000000000000007F9D
:10F60000FFFFFF80000FC0000000000000000000AE
:10F610000000003FFFFFFF00000F8000000000001F
:10F62000000000000000003FFFFFFE00000F000090
:10F6300000000000000000000000000FFFFFFC00C1
:10F64000000E0000000000000000000000000000AC
:10F6500000000000000000000000000000000000AA
:10F66000000000000000000000000000000000009A
:10F67000000000000000000000000000000000008A
:10F68000000000000000000000000000000000007A
:10F69000000000000000000000000000000000006A
:10F6A000000000000000000000000000000000005A
:10F6B000000000000000000000000000000000004A
:10F6C000000000000000000000000000000000003A
:10F6D000000000000000000000000000000000002A
:10F6E000000000000000000000000000000000001A
:10F6F000000000000000000000000000000000000A
:10F7000000000000000000000000000000000000F9
:10F7100000000000000000000000000000000000E9
:10F7200000000000000000000000000000000000D9
:10F7300000000000000000000000000000000000C9
:10F7400000000000000000000000000000000000B9
:10F750000060003FC0E0380FC0781C3FFC00000094
:10F76000000000000060007FE0E0380FC07C1C3F1C
:10F77000FE00000000000000006000E070E0381CA7
:10F78000E07E1C000E00000000000000006000C0D1
:10F7900030E0381CE0771C000E0000000000000084
:10F7A000006000C030E7F81870739C380E0000004D
:10F7B00000000000006000C030E7F8387071DC38ED
:10F7C0000E00000000000000007000C030E0383083
:10F7D0003070FC380E00000000000000007800E0EF
:10F7E00070E0387038707C381E00000000000000A7
:10F7F000003FF07FE0E03873F8703C3FFE0000000F
:10F8000000000000001FF83FC0E038E3FC701C3F20
:10F81000FC0000000010203B232E534E45672F476D
:10F820004A2C46274567625C45676C1B2226042BE1
:10F8300045673C5A45675B1C45676D080C595E0976
:10F8400057524A2C03114A2C54484A2C440F10207A
:10F850003B566A0B4A456710203B57521635556E8A
:10F86000642135556E643437566A3E3F566A0A1332
:10F87000403900462700136F4F0013183018143D0D
:10F880006400566A64002D3A220703116C1B4B4C2E
:10F890004505412A5D566A444F2D43616C69627289
:10F8A0006174696F6E006129020600422902060038
:10F8B000251F566A534A52657365742043616C0074
:10F8C0008182566A8384436C69636B20456E7465DC
:10F8D0007200086A64005374616E64617264205639
:10F8E000616C75653A00858682086A4187496E2099
:10F8F0005374616E6461726420536F6C7574696FC8
:10F900006E008889688A8B57616974696E672E2ECC
:10F910002E00566A7E7F5375636365737366756CDC
:10F92000004661696C00566A8C8D8E8F180046699E
:10F9300072737420506F696E743A008E9018005381
:10F9400065636F6E6420506F696E743A00918F1812
:10F950004E65787420506F696E740092934B4C8A98
:10F960008B536561726368696E672E2E2E00446149
:10F970007461207361766564007375636365737386
:10F9800066756C6C79009B4A2C4E6F2044617461E3
:10F990000097989496004D61782053697A653A20D3
:10F9A00000353030303000143D9596005573652099
:10F9B00053697A653A2000143D999A0053656C6545
:10F9C000637465643A20009C9D00547970653A2008
:10F9D0000044543A00534E3A003C5A5072657373D7
:10F9E000757265005B1C53616C696E6974790041C6
:10F9F0002A5D444F00446973736F6C766564204FD1
:10FA0000787967656E00501C54656D7000A01C000D
:10FA10004C6F6E6769747564653A00A11C004C6197
:10FA20007469747564653A009B10203B4E6F2050DA
:10FA3000726F62652100251F0E0D45675265736563
:10FA400074204D6574657220000E0D456752657314
:10FA50006574004D485F456750726F6D7074205437
:10FA60006F6E6500042B5F416C61726D20546F6E88
:10FA7000650001285F4B657970616420546F6E6585
:10FA800000A84AA61A4175746F204C6F636B00A7DB
:10FA90001B4D616E75616C006C1B4175746F004984
:10FAA000443A0053656E736F7273005379737465D3
:10FAB0006D00486973746F726963616C204461748E
:10FAC0006100446174652F54696D65004C616E6717
:10FAD00075616765004175746F6D6174696320536A
:10FAE000687574646F776E00416C61726D00416976
:10FAF000722050726573737572650053616C696E24
:10FB000069747900475053205175657269657300B7
:10FB1000496E737472756D656E7420496E666F0000
:10FB2000446174612053746F726500446174612094
:10FB30005669657700446174612044656C6574653D
:10FB40000043616C6962726174696F6E0053657421
:10FB500074696E67730053656E736F7220496E66C9
:10FB60006F0053617665004F4646004F4E004C6F64
:10FB7000772054483A00486967682054483A00534F
:10FB80004E3A0048572056657273696F6E3A0053BB
:10FB9000572056657273696F6E3A004F6E6520503C
:10FBA0006F696E740054776F20506F696E740043F4
:10FBB000757272656E743A005374616E646172643A
:10FBC0003A0053656E736F722043617000436F6E2D
:10FBD0006669726D004D656E7500446174653A002A
:10FBE00054696D653A00556E69743A0053656172E7
:10FBF00063682050726F62650020707074006D67DA
:10FC00002F4C0020202025005665722E410056659D
:10FC1000722E42005665722E43005665722E4400C5
:10FC20006B506100491E031145677B536176652067
:10FC300073657474696E6700491EA2A34A2C7B57D2
:10FC4000697065206461746100491E3E3F566A7B9D
:10FC500043616C6962726174696F6E00491E251F91
:10FC60000E0D7B466163746F727920726573746FD9
:10FC70007265007C7D7E7F7C7D8C8D4A2C03117E9D
:10FC80007F03118C8D49596573001E4E6F00701DE6
:10FC900069711D69721D693520206D696E75746505
:10FCA00073003130206D696E7574657300323020D9
:10FCB0006D696E757465730020444F2020002070BC
:10FCC000482020002054757220002046434C20001C
:10FCD000204543202000204F52502000204E483421
:10FCE0002B002020462D200020434C2D20002043B7
:10FCF000686C2000204267612000434F4475760005
:10FD000020202020200068516F6F7778797A7778EB
:10FD1000797A6F6851737475766F605160516F6F47
:10FD20007374757600000000000000000000000001
:10FD300000000000000000000000000000000000C3
:10FD40000000000000FFFFF080001080001C800019
:10FD50001480001480001480001480001480001CA3
:10FD6000800010FFFFF0FFFFF0800010BC001CBC03
:10FD70000014BC0014BC0014BC0014BC0014BC0073
:10FD80001C800010FFFFF0FFFFF0800010BCF01C93
:10FD9000BCF014BCF014BCF014BCF014BCF014BCE7
:10FDA000F01C800010FFFFF0FFFFF0800010BCF39C
:10FDB000DCBCF3D4BCF3D4BCF3D4BCF3D4BCF3D4D8
:10FDC000BCF3DC800010FFFFF0000C00003E0000E0
:10FDD0004C00308010790018FFFFFC78201830109C
:10FDE000100009C00007C00001C00003C0000007E8
:10FDF000E000000FF000000FF000001FF800001FEF
:10FE0000F800003E7C00007C3E00007C3E0000FCD0
:10FE10003F0000FC3F0001FC3F8003FC3FC003FCAF
:10FE20003FC007FC3FE007FC3FE00FFE7FF01FFFF5
:10FE3000FFF81FFFFFF83FFE7FFC3FFC3FFC7FFC0D
:10FE40003FFEFFFE7FFFFFFFFFFFFFFFFFFF7FFF84
:10FE5000FFFE03C00E7008101818181818181FF8A5
:10FE60003FFC3FFC3E7C3FFC3E7C3E7C3E7C3FFCBE
:10FE70001FF8A9AA456746696C746572696E6720A8
:10FE800073657474696E677300AB4A005061726188
:10FE90006D657465723A0028322D3430290054653E
:10FEA0006D70657261747572650076312E330080F5
:10FEB00040201008040201245043415331302C33B8
:10FEC0002A31460D0ADDDDDDDDDCBBBBDDDDDDDD40
:10FED000DDDDDDDDDD98888888888888887777771C
:10FEE000777788888885555556666666666666663D
:10FEF00066666888888333333222222222222222B5
:10FF0000222228888D00000028FF00080000002021
:10FF1000C8020000040F00088CFF0008C80200207F
:10FF2000303C0000345C0008321072015468FF1F3E
:10FF300013F9FB1B08FE041303FC1B0808041A0E2C
:10FF4000041A14041A1A047A012E0120033C803F7B
:10FF50001A246C1A2B0432071D1F1C1F1E023905A0
:10FF600009277F013B13C566021C08024B0C4B5945
:10FF7000C16C02B73C4B75A6C001184B61742002DE
:0CFF80001801091519191709173301148D
:04000005080000F5FA
:00000001FF
