:020000040800F2
:10000000F02E00200D010008974900088D400008DF
:100010009549000849120008D55500080000000065
:10002000000000000000000000000000C14F0008B8
:10003000451C0008000000008D4D000869500008B4
:1000400027010008270100082701000827010008F0
:1000500027010008270100082701000827010008E0
:1000600027010008270100082701000827010008D0
:100070002701000851140008270100085D1400083A
:10008000691400082701000827010008270100085B
:1000900027010008270100082701000827010008A0
:1000A0002701000827010008270100082701000890
:1000B000ED5000082701000827010008270100086B
:1000C0002701000827010008270100082701000870
:1000D000270100088D550008A5550008BD550008EA
:1000E0002701000827010008270100082701000850
:1000F00027010008DFF810D000F0FCFC00480047A2
:1001000005B10008AFF30080F02E002006488047BC
:1001100006480047FEE7FEE7FEE7FEE7FEE7FEE7EC
:10012000FEE7FEE7FEE7FEE7E9500008F5000008FD
:100130002DE9F05F0546002092469B46884606461C
:10014000814640241BE0284641464746224600F0AF
:10015000B4FB53465A46C01A914110D31146184673
:10016000224600F09BFB2D1A67EB01084F46224602
:100170000120002100F092FB17EB00094E41201EE8
:10018000A4F10104DFDC484631462A464346BDE877
:10019000F09F40EA01039B0703D009E008C9121F42
:1001A00008C0042AFAD203E011F8013B00F8013B31
:1001B000521EF9D27047D2B201E000F8012B491E5D
:1001C000FBD270470022F6E710B513460A460446F4
:1001D0001946FFF7F0FF204610BD30B505462A4608
:1001E0000B4612F8010B13F8014B08B1A042F8D0EE
:1001F0001CB1002802D06D1CF1E7284630BDF0B4D8
:1002000080EA0102D40F4200B2EB410F02D2024653
:10021000084611464A0042D0C30DDDB2C1F3C752B1
:10022000AD1A202D35DAC1F3160141F4000204B1F4
:100230005242C5F1200602FA06F12A411044B3EBFE
:10024000D05F23D0C4B1012DA0EBC35009DCF0BCBA
:100250004FF0004202EAC352DBB200F5000000F0AA
:10026000A6BB400000F1807000EBC350A0F180708D
:1002700040EAD170490009E0490841EAC071A0EBA9
:10028000C35000F50000400800EBC350F0BC00F084
:1002900085BB6142012202EB4101001BF6E7F0BC85
:1002A000704781F00041AAE780F00040A7E780EAAC
:1002B000010210B502F00043400022D04A001FD0D6
:1002C000010E01EB1261C0F35600C2F3560240F476
:1002D000000042F40002A0FB022000047F39140455
:1002E00000D0401C50EA124001D44000491EC2B266
:1002F0000C0604EBD010401C4008802A02D003E01A
:10030000002010BD20F00100002900DA0020184371
:1003100010BD30B480EA010202F0004530F0004226
:1003200021F0004013D090B1C30DD40DC2F31601DB
:10033000C0F31600E41A41F4000140F400027D34D9
:10034000914201D3641C00E04900002C02DA30BC69
:10035000002070474FF400000023914201D3891A16
:10036000034340084FEA4101F7D151B1914202D114
:100370004FF0004105E002D24FF0010101E06FF0C3
:10038000010103EBC450284430BC00F007BB2DE949
:10039000FE4F804681EA0300C00F0C46009021F01A
:1003A000004123F00045B8EB0200A94105D24046C8
:1003B000214690461C460B46024623F0004010435F
:1003C00047D0270DC7F30A00C3F30A510290401A21
:1003D000019040286BDAC3F3130040F4801B0098AF
:1003E000924620B10023D2EB030A63EB0B0B01987A
:1003F0005946C0F14002504600F050FA06460D46FC
:1004000050465946019A00F068FA10EB0800614125
:10041000002487EA115284EAE7731A4340D0009A15
:1004200062B3019A012A4FEA075215DC001B61EB07
:1004300002014FF0004202EA0752CDE90042001CDF
:1004400041F5801132462B4600F0EEFA03B0BDE8CC
:10045000F08F40462146F9E7001B61EB0201001CCA
:1004600041F5801300185B412018A2F5001747EBF7
:10047000030140EAD570B6196D4111E06D084FEAED
:10048000360645EAC0754FEA0752001B61EB0201D0
:10049000001C41F5801149084FEA30000019514114
:1004A00032462B4603B0BDE8F04F00F0AEBA0098DC
:1004B000012240000023D0EB020263EBE0730098BE
:1004C00021464FEAE074B8EB000061EB0401E9E774
:1004D00083F000435BE781F0004158E72DE9FE4FD0
:1004E00081EA030404F0004421F0004100944FF03D
:1004F000000B23F0004350EA01045ED052EA0304EB
:100500005BD0C3F30A54C1F30A552C44A4F2F3346C
:100510000194A0FB0254C1F3130141F48011C3F311
:10052000130343F4801301FB024400FB034E840ACF
:10053000970A44EA815447EA8357A4FB0768029567
:100540008D0A05FB07854FEA932C04FB0C54270505
:10055000029D4FEA065847EA1637B5EB08056EEBE1
:10056000070C870E920E47EA811742EA8312A7FB17
:100570000201B6EB0B0164EB00042B0D43EA0C33D4
:100580005E1844EB1C50DA465146E7FB0201C5F306
:1005900013044FEA0B3343EA14534FEA0432019C2D
:1005A00043EA0603A4F10C040294009CCDE900B4D4
:1005B00000F03AFA03B0BDE8F08F00200146F9E7F9
:1005C0002DE9F04D81EA030404F0004B21F00045D1
:1005D00014464FF0000A23F0004150EA050220D0F3
:1005E00054EA01021DD0C5F30A570246C5F31303AE
:1005F000C1F31300C1F30A5640F4801543F480138D
:10060000A7EB0608101BD64608F2FD3873EB050071
:1006100002D308F1010801E092185B41B8F1000F24
:1006200003DA00200146BDE8F08D00204FF4801170
:10063000064684460EE0171B73EB050705D3121B15
:1006400063EB050306434CEA010C49084FEA30000E
:1006500092185B4150EA0107EDD152EA030012D033
:1006600082EA040083EA0501084305D0101BAB4170
:1006700006D20122002306E000224FF0004302E0F0
:100680006FF0010253101AEB06004CEB085110EB0F
:100690000A0041EB0B01BDE8F04D00F0B6B970B5B2
:1006A00021F0004303430CD0C1F30A550024D5EBDD
:1006B000040564EB0403D617AD1AB34102DB002036
:1006C000014670BD201841EB025170BDC10F80EA98
:1006D000E0700844CA079623002100F068B9962309
:1006E0000022114600F063B90EB5C10F80EAE07038
:1006F0000844CA07002140F233438DE80E000A4641
:100700000B4600F091F903B000BD0EB540F2334145
:1007100002910021CDE900110A460B4600F084F950
:1007200003B000BD20F00040C10DC0F3160040F43E
:1007300000007F2901DA00207047962903DCC1F10F
:100740009601C840704796398840704770B5C1F32C
:100750000A5201F000450024C1F3130140F2FF33B7
:1007600041F480119A4201DA002070BD40F2334317
:100770009A42A2F2334203DC524200F09EF800E0BB
:1007800090402C43F1D0404270BD00F0004230F068
:1007900000400AD0C10D01F56071C0F3160042EAB5
:1007A0000151C208400711437047002001467047BD
:1007B00030B5041E71F1000404DB4FF000444042E8
:1007C00064EB0101141E73F1000405DB1C464FF0BD
:1007D0000043524263EB04038B4208BF824230BDA8
:1007E00030B5041E71F1000404DB4FF000444042B8
:1007F00064EB0101141E73F1000405DB1C464FF08D
:100800000043524263EB0403994208BF904230BD5B
:1008100001F0004330B421F0004150EA010206D05B
:100820000A0DA2F56072C1F31301002A02DC30BC8C
:1008300000207047440F44EAC104C100E01830BCF6
:1008400000EBC25000F0AAB8002801DBC0F1004064
:10085000002901DBC1F1004181427047002801DB22
:10086000C0F10040002901DBC1F10041884270471E
:1008700030B50B46014600202022012409E021FA70
:1008800002F59D4205D303FA02F5491B04FA02F56D
:100890002844151EA2F10102F1DC30BD202A04DB40
:1008A000203A00FA02F1002070479140C2F1200383
:1008B00020FA03F3194390407047202A04DB203AC2
:1008C00021FA02F00021704721FA02F3D040C2F170
:1008D00020029140084319467047202A06DBCB17B7
:1008E000203A41FA02F043EAE07306E041FA02F3EB
:1008F000D040C2F1200291400843194670470000E1
:100900000FB4002300B589B00CA900910B996FF0CA
:100910000042CB601E4B06931E4B07930423CDE988
:1009200001321D4A089202466B46002000F08EF903
:1009300009B05DF814FB70B586B006464FF0FF3085
:100940000091CDE90101002015460C460490324685
:10095000694604A8FFF7D4FF02460498211825B180
:1009600008B1084600E020462860049800280DD011
:10097000002A02DD0098884208D0081B0094CDE9C7
:1009800001043246694604A8FFF7BAFF06B070BDFD
:10099000850E0008A30E0008190B00080029A8BF47
:1009A0007047401C490008BF20F00100704710B498
:1009B000B0FA80FC00FA0CF050EA010404BF10BC4D
:1009C000704749B1CCF1200421FA04F411FA0CF17A
:1009D00018BF012121430843A3EB0C01CB1D4FEAB3
:1009E00000614FEA102042BF002010BC704700EBAE
:1009F000C35010440029A4BF10BC7047401C4900DC
:100A000008BF20F0010010BC704710B5141E73F130
:100A1000000408DA401C41F1000192185B411A43BE
:100A200001D120F0010010BD2DE9F04D92469B460A
:100A300011B1B1FA81F202E0B0FA80F220329046B0
:100A4000FFF72CFF04460F4640EA0A0041EA0B017B
:100A500053465A46084313D0114653EA010019D0B1
:100A6000C8F140025046FFF728FF05460E465046A3
:100A700059464246FFF712FF084305D0012004E023
:100A800020463946BDE8F08D0020054346EAE07671
:100A90002C4337430A986305E40AA0EB08000022C0
:100AA000FD0A44EA47540A3002D500200146E9E72E
:100AB000010510196941DDE9084500196941BDE8E2
:100AC000F04DA2E7C1F30A52C1F3130140F2FF3324
:100AD00041F480119A4202DA00200146704740F248
:100AE00033439A42A2F2334202DC5242FFF7E5BEA0
:100AF000FFF7D4BE064C074D06E0E06840F0010366
:100B000094E8070098471034AC42F6D3FFF7F6FAA2
:100B1000E4F5000804F60008C0B24FF4F05100F00C
:100B2000D1B900002DE9FF4F087883B09946FF281E
:100B300005D0491C2D2804D00024002008E0002006
:100B40000BE00124F9E700EB800003EB4000491CB7
:100B50000B78FF2BF7D104B14042002302931478A5
:100B600019461D462D2C01D02B2C04D1521C2D2CA6
:100B700013D000240294AA461478FF2C0FD00A2523
:100B8000A3FB057801FB05814FF0000C03FB0C1162
:100B9000521CE3194AEB0101EEE70124EAE7814424
:100BA00053EA010002D019F5C87F06DA0398002144
:100BB000C0E9001107B0BDE8F08F0025AE4E2F460A
:100BC000DFF8B882184600F091F9CDE90001B9F1DB
:100BD000000002DAC9F1000400E004460023A74A3D
:100BE0001AEB030B42EB045A12E0E00707D02A4647
:100BF000334638464146FFF771FC074688462A4689
:100C0000334610461946FFF769FC05460E46641048
:100C1000002CEAD1DDE90001B9F1000F5A46534634
:100C200006DAFFF7CDFC3A464346FFF7C9FC05E07C
:100C3000FFF754FC3A464346FFF750FC029A0AB1CC
:100C400081F00041039AC2E90001B3E72DE9FF4FAB
:100C50001F468DB0D7E901464FF0FF382E2045469C
:100C60004FF000090B90B9696D1C0E988847396ADE
:100C7000824688470028F6D1BAF1FF3F0AD024F413
:100C8000D064002E11DDBAF12B0F08D0BAF12D0F70
:100C90000BD102E0404611B08DE744F48064B9699D
:100CA0006D1C0E9888478246761E6946600501D500
:100CB0002D2000E02B208DF8000001F1010B0DF13B
:100CC000200809E0B9696D1C0E98884782460F9884
:100CD00044F40074761E0560002E02DDBAF1300F78
:100CE000F0D00B998A453ED144F0800406E00F997C
:100CF000681CA9F1010944F400740860B9696D1C0D
:100D0000761E0E98884782463028F0D02BE00B994B
:100D10008A4505D1200603D444F08004761E18E0ED
:100D2000504604F055FF08B30DF11301761E44F44C
:100D300000748B4508D2AAF130000BF8010B200695
:100D400007D5A9F1010003E0200602D409F1010052
:100D50008146A00502D50F99681C0860B9696D1C11
:100D60000E9888478246002ED1DC53E0002E51DDDC
:100D7000BAF1650F02D0BAF1450F4BD1A00549D5A4
:100D8000B9696D1C24F44074761E0E98884782461B
:100D9000002E0CDD2B2804D0BAF12D0F07D144F41E
:100DA0008074B9696D1C0E9888478246761EE005EE
:100DB00001D52D2100E02B2108F8011BCDF82C8056
:100DC00021E00DF12901761E44F4007488450CD20F
:100DD000AAF1300010F0FF0088F8000002D10B9952
:100DE000884509D908F1010806E0E00501D5244845
:100DF00001E042F20F708146B9696D1C0E98884778
:100E000082460F980560002E04DD504604F0E0FE97
:100E10000028D6D1F9690E988847FF208BF800008A
:100E200088F800000020069007904B466A4608A903
:100E300006A8FFF777FEA00502D46FF001002AE7AD
:100E400014F0240F0AD0E00714D1DDE90612386847
:100E5000031D3B600068C0E900120BE0DDE90601FC
:100E6000FFF7D6FC0146E00704D13868021D3A605E
:100E70000068016028460EE7000014400000F03FC3
:100E8000F1D8FFFF426842B1016811F8013B23B17C
:100E9000521EC0E90012184670470121C160881E29
:100EA000704742685AB1C368016843B983688B428E
:100EB00005D0491E521CC0E90012002070474FF0B7
:100EC000FF3070477F2801D9002208E0064A02EB74
:100ED0005002C007127800D1120902F00F0201205F
:100EE0009040084070470000A4F500080EB540F29D
:100EF000334202920022CDE900221346FFF794FD0F
:100F000003B000BD70B58C1810F8015B15F0070335
:100F100001D110F8013B2A1106D110F8012B03E092
:100F200010F8016B01F8016B5B1EF9D12B0705D49A
:100F30000023521E0DD401F8013BFAE710F8013BE3
:100F4000CB1A921C03E013F8015B01F8015B521EFF
:100F5000F9D5A142D8D3002070BD70B50446006811
:100F60000168C943490620D4816821F001018160EC
:100F700001F092FD054613E001F08EFD401B0228B2
:100F80000ED920680068C043400609D4E06C40F0E8
:100F90001000E064206D40F001002065012070BD6C
:100FA00020680068C0434006E6D5002070BD000000
:100FB000F8B500260446009600680168C943490652
:100FC0002ED5816841F001018160164816490068FC
:100FD000B0FBF1F000EB400000E0401E0090002864
:100FE000FBD101F059FD054615E001F055FD401B10
:100FF000022810D920680068C04340060BD5E06C79
:1010000040F01000E064206D40F00100206584F89D
:1010100048600120F8BD20680068C0434006E4D461
:101020000020F8BD0C00002040420F0010B50A4817
:1010300001F0D4FA6421084801F078FA064801F07A
:101040007BF9064C6060044801F003FB052001F0C9
:101050002BFC606810BD0000C40200206802002064
:101060002DE9F041002507462E462C460BE0FFF700
:10107000DDFFFFF74AFB2A463346FFF788F9641C79
:1010800005460E46E4B2BC42F1D33846FFF73DFBBD
:1010900002460B4628463146BDE8F041FFF790BABC
:1010A0000949094A803AC9685161002104E053693D
:1010B000491CC9B2DB6853618142F8D35069017899
:1010C00041F0010101707047B00000200E490E4A46
:1010D000803AC968516170B1052811D00A2811D031
:1010E000142807D1C868C068C0685061017841F011
:1010F000010101707047087840F0010008707047E6
:10110000C868F2E7C868EFE7B000002010B50446F1
:10111000F32000F037F8204000D0012010BD00007F
:1011200010B5F92000F02EF80A4C2070F82000F0DD
:1011300029F86070F72000F025F8A07061780003AE
:1011400040EA01102178BDE8104040EA111005F096
:1011500013BA00000801002070B5FC2000F012F85E
:101160000446FB2000F00EF80546FA2000F00AF8CD
:10117000000340EA051040EA1410BDE8704005F095
:10118000F1BA000070B50B4D06464FF48074002292
:101190002146284601F07BFC304605F0C1F905F0F8
:1011A000BBF9064601222146284601F070FC304674
:1011B00070BD000000040240017842784901807847
:1011C00041EA82010143C9B2F52000F00BB8417831
:1011D00002784901807841EA82010143C9B2F420D2
:1011E000AFF300802DE9F0410B4D0F4606464FF45A
:1011F000807400222146284601F049FC304605F063
:101200008FF9384605F08CF921462846BDE8F041B3
:10121000012201F03CBC0000000402400949094AD7
:10122000C968803A0029516104D020B1087840F0A3
:10123000010008707047C8685061017841F00101F1
:1012400001707047B0000020FEE730B503464FF64E
:10125000FF704AF201040CE013F8012B5040002209
:10126000C50702D084EA500000E04008521C082A5A
:10127000F6D3491E89B2EFD230BD30B505460C46D3
:10128000881E81B22846FFF7E0FF2919C3B211F882
:10129000022C9A4206D111F8011CB1EB102F01D19A
:1012A000012030BD002030BD2DE9F04707460AF08F
:1012B00079FFDFF8CC90DFF8CCA0334E4FF0000878
:1012C000012848D1F86B7169FEF7EBFFFFF75DFA73
:1012D000002204460D461346FFF782FA20D886F80E
:1012E0000480B07825F00041012820464A46534644
:1012F00008D0FFF75DFA02D27078401C70700120B0
:10130000B0701FE0FFF76CFA05D9F078401CC0B24E
:10131000F0700328F3D386F8018086F80380EEE7A7
:1013200086F80380B07825F00041002820464A4620
:10133000534612D0FFF73CFA02D27078401C70700E
:1013400086F802807078082805D386F801803878FE
:1013500040F008003870BDE8F087FFF741FA04D884
:1013600086F8018086F80480EAE73079401CC0B234
:1013700030710328E4D3404686F80480DFE700009C
:101380001904560E2DB28D3F980200204FF4617162
:101390000148FEF717BF00007822002010B50E4C60
:1013A0006421207820F00700207004F12800FEF767
:1013B00009FF0020C4F80500C4F80900A4F80D00D6
:1013C000E07320616061A061A4F80300E061206225
:1013D0006062A4F8010010BDB401002002480021A1
:1013E0000161416181617047B401002064210148BD
:1013F000FEF7E8BEDC01002002480021C161016265
:1014000041627047B4010020014808F099BF000014
:10141000B00000200D48A0F18002C1685161002990
:1014200005D00878430703D540F0010008707047E5
:101430005069C068506103785B0704D5017841F0BA
:101440000101017070478142F2D17047B000002065
:10145000014801F066B9000010050020014801F0C4
:1014600060B9000088040020014801F05AB900006A
:10147000CC04002030B590F8404004F01C05012455
:10148000AC40C56B6C60046863604368102B0368F4
:1014900003D099600068C26030BD9A600068C16086
:1014A00030BD000070B506460D46542009F038FFE7
:1014B000040032D01948334619A28461062104F190
:1014C0000B0004F07DFA002284F8302020782021DF
:1014D00020F00B0040F0040020706670E263A2630D
:1014E00062633020A177E0772E2384F8203084F8DF
:1014F000210084F8220084F82320E17521766076AB
:10150000A376E076207762776174A074E374207527
:101510006075A275286820652C6070BD9802002057
:10152000444F2D2530325800014900208861704712
:101530009802002070B50C680D460646002C14D0A9
:101540006078B04204D1206D2860204606F04AF849
:10155000206D4078B04208D12868016D096D0165A1
:10156000206DBDE8704006F03DB870BD02460868C9
:10157000002807D000E0006D002803D000F10B0127
:101580009142F8D17047406C7047806B7047C06BD8
:1015900070470078C0F340007047007800F0010009
:1015A0007047006C70470078C0F3C00070470000BF
:1015B00010B50AF029F9002810D1094C207B082821
:1015C00005D008F005FABDE8104000F049BA0AF06D
:1015D00029F90146206CFFF7C9FFF4E710BD0000B0
:1015E00030000020002803D0017841F00201017092
:1015F0007047002803D0017841F001010170704765
:1016000010B5002812D0002284188B5C521CD2B274
:1016100084F84030042AF7D30022091D84188B5C1B
:10162000521CD2B284F84430042AF7D310BD0028EB
:1016300008D00A7800F84C2F4A7842708A78827075
:10164000C978C170704710B5002811D00A782E24CF
:101650003032C27104724A78303242720022827291
:101660008B783033C3700471C97830314171827125
:1016700010BD30B5002809D0002305E0CC5CC518AA
:101680005B1C85F82440DBB29342F7D330BD0028C1
:1016900008D00A7800F8482F4A7842708A78827019
:1016A000C978C17070470000034800210170816053
:1016B000C16001617047000098020020017841F08C
:1016C000080101707047017821F00801017070472E
:1016D0002DE9F047054604680AF058FDFFF755F874
:1016E00006460F4604F0E0FE32463B46FEF74FFE4C
:1016F000FFF78EF807460AF085FD06462868194D63
:1017000000282DD0DFF86080DFF86090002C27D013
:101710003846E16CFEF7C5FD20F000404146FFF77A
:101720009DF802D80AF070F870B13046A16CFEF74F
:10173000B8FD20F000404946FFF790F802D80AF0C3
:1017400063F838B1246DE1E73946A869BDE8F04790
:1017500000F01CBA3146A869BDE8F04700F044BA71
:10176000BDE8F087980200209A99993EBD378635EA
:101770002DE9FC5F040053D000202318401C11F811
:10178000012BC0B283F834200428F6D3002023189C
:10179000401C11F8012BC0B283F838200428F6D37E
:1017A00000202318401C11F8012BC0B283F83C2004
:1017B0000428F6D3A06B4C4F20F00046A663207897
:1017C0004A4D420704F1110A04F1170904F11E08F9
:1017D00028D520F004002070E06B6861606BFEF794
:1017E000D4FFCDE9000142A20621504604F0E8F8FA
:1017F000A06BFEF7CAFF00223B46FEF76FFECDE965
:1018000000013DA20721484604F0DAF8E06BFEF73C
:10181000BCFFCDE9000136A20621404604F0D0F815
:10182000BDE8FC9FE16BA868FEF7E9FCA8603046C4
:10183000FEF7ABFF00223B46FEF750FE06460F4682
:10184000E868FEF7A2FF32463B46FEF7A0FDFEF732
:10185000DFFFE860616B2869FEF7D1FC2861204654
:10186000FFF722FDE06B68612878401CC0B2287049
:101870000328D5D3FEF733FF064631462869FEF725
:1018800048FD07463146E868FEF743FD834631468A
:10189000A868FEF73EFD06462078C0F3C000E8B910
:1018A0003846FEF772FFCDE9000111A2062150462D
:1018B00004F086F85846FEF768FFCDE900010EA255
:1018C0000721484604F07CF83046FEF75EFFCDE97C
:1018D000000107A20621404604F072F8002028709B
:1018E000A860E86028619BE700005940980200204A
:1018F00025352E326600000025362E3266000000A7
:101900000120704710B5002817D041780B48417668
:10191000032181761121C1760021017741770421CD
:1019200081770821C170193003F04BFB09F0E8FF03
:10193000BDE810400A200AF00FB810BD3C0100209D
:101940000A48FF214176032181763021C1760021AA
:1019500001774177012181779E21C177D42180F8D9
:1019600020100821C1700C2009F0F6BF3C010020B6
:1019700010B5002817D041780B48417603218176B5
:101980002421C17600210177417702218177082146
:10199000C170193003F015FB09F0B2FFBDE810402B
:1019A000102009F0D9BF10BD3C01002010B500285F
:1019B00017D041780B484176032181760721C17603
:1019C000002101774177022181770821C170193008
:1019D00003F0F7FA09F094FFBDE81040082009F081
:1019E000BBBF10BD3C01002010B5002817D04178C6
:1019F0000B484176032181760921C17600210177C8
:101A00004177072181770821C170193003F0D9FA95
:101A100009F076FFBDE81040022009F09DBF10BD1F
:101A20003C01002010B5002817D041780B484176C2
:101A3000032181761521C1760021017741770221AA
:101A400081770821C170193003F0BBFA09F058FF03
:101A5000BDE810400E2009F07FBF10BD3C01002002
:101A600010B5002817D041780B48417603218176C4
:101A70002621C1760021017741770621817708214F
:101A8000C170193003F09DFA09F03AFFBDE810402B
:101A9000042009F061BF10BD3C01002070B50D4667
:101AA00004002CD028090A2801D3373000E0303058
:101AB000A07305F00F000A2801D3373000E0303062
:101AC0000F4AE07360785076102090763020D07600
:101AD000002010775077012191770221D17782F889
:101AE000205082F821000B21D17002F1190003F07F
:101AF00068FA09F005FF012009F02EFFA57070BDFE
:101B00003C010020016400F005B8C0E9101200F0AB
:101B100001B8000010B5002834D01B4A10F8011F8E
:101B2000002302F8191F1021517011219170D370F8
:101B30001371042353710823937190F83F30D371CC
:101B400090F84030137290F84130537290F8423060
:101B5000937290F84330D37290F84430137390F836
:101B60004530537390F846009073074802F8161CEE
:101B7000193003F026FA09F0C3FEBDE810400B202F
:101B800009F0EABE10BD00003C01002010B500289D
:101B900027D040F84C1F134A10F84B1C02F8191FAD
:101BA00010215170242191700021D17011710221F6
:101BB0005171042191710178D1714178117281784C
:101BC0005172C078907207480D2102F8161C193026
:101BD00003F0F7F909F094FEBDE81040112009F078
:101BE000BBBE10BD3C01002010B5002827D040F836
:101BF000481F134A10F8471C02F8191F1021517092
:101C0000152191700021D1701171022151710421AF
:101C100091710178D1714178117281785172C078D7
:101C2000907207480D2102F8161C193003F0C9F90B
:101C300009F066FEBDE810400F2009F08DBE10BD12
:101C40003C010020704772B6FEE700007C224FF492
:101C50004071014803F000BDFC25002002464FF40E
:101C600048610148FEF7A7BAF805002010B5094CF5
:101C70000020207002F0D2FA0020FFF7EFFF0120D1
:101C80002070002400F0FAF9641CE4B2C82CF9D3E7
:101C900010BD0000280100202DE9FF5F9B46DDF804
:101CA000388015460646A0281FD20198A0281CD2CD
:101CB0000024DFF85890DFF858A022E0600701D137
:101CC00015F8017B134804F00701405C384210D13D
:101CD000B8F1000F10D09AF800203046019900F0BA
:101CE0003BF8761CF6B2A02E09D3002004B0BDE864
:101CF000F09FB8F1000FEED099F80020EDE7641CDA
:101D0000E4B25C45DAD30120F0E7000011000020C6
:101D100010000020C5C600082DE9F84F00251F4619
:101D200014460E468246A946DDF8288010E03B4660
:101D3000224631465046CDF80090FFF7ADFF761CA5
:101D4000F6B204EBD704780700D0641C6D1CEDB22A
:101D50004545ECD3BDE8F88F30B5A02801D2A029C5
:101D600001D3002030BD0A4BD50701EB810100F003
:101D70000702084C03EB810101EBD000A25C017863
:101D800001D0114300E091430170012030BD0000FB
:101D9000F80500208EF500082DE9FC478046DDE9B6
:101DA0000A541E4691460F4610462B2A65D00ADC7F
:101DB000A2F120000A2812D2DFE800F039651111E3
:101DC000114D11116C732F283FD004DC2D2849D000
:101DD0002E2A04D12DE03A2831D03F2A47D0364A66
:101DE000A9F1610002EB091A192807D8CDE90054BE
:101DF000AAF560723946404600F062F8A9F1300059
:101E0000092808D8CDE90054AAF52C723346394682
:101E1000404600F055F8A9F14100192849D8AAF523
:101E200048723346CDE90054394640463FE0224AE5
:101E3000F8E7214ACDE900541032404637E01E4A07
:101E4000CDE900542032404631E01B4ACDE9005430
:101E5000303240462BE0184ACDE900544032394632
:101E6000404624E0CDE90054144A40461FE0134A9E
:101E7000CDE900541032404619E0104ACDE9005433
:101E80002032404613E00D4ACDE900543032394645
:101E900040460CE0094ACDE90054403239464046FC
:101EA00005E0064ACDE9005450323946404600F07C
:101EB00007F8BDE8FC870000CDC60008FDCA000891
:101EC0002DE9F84F1F46DDE90A9814460E46824672
:101ED000002510E03B46224631465046CDF80080B2
:101EE000FFF7DAFE761CF6B204EBD704780700D0D1
:101EF000641C6D1CEDB24D45ECD3BDE8F88F0000BD
:101F00002DE9FF4F83B01E46DDE91198DDF840B0A2
:101F10001500074613D00024DFF828A00DE0CDE916
:101F20000098295D07EB04100AEB4112C0B25B4632
:101F30000499FFF7C5FF641CE4B2B442EFD307B0C5
:101F4000BDE8F08FA5D000082DE9FC479846DDE9F3
:101F50000A761400894605460DD009E0CDE90076E1
:101F6000434649462846FFF717FF0835EDB2641C83
:101F70002278002AF2D1BDE8FC8700007CB5202A37
:101F8000DDE9065411D02E2A0BD0A2F13006092E1D
:101F900010D8CDE90054084C04EB8212A2F53C6243
:101FA00006E0CDE90054044A02E0CDE90054034ABA
:101FB000FFF786FF7CBD00005DCB00081DCE00084A
:101FC0002DE9FC479846DDE90A7614008946054666
:101FD0000DD009E0CDE90076434649462846FFF793
:101FE000CDFF1035EDB2641C2278002AF2D1BDE895
:101FF000FC8700007CB5202ADDE9065413D02E2A88
:102000000DD0A2F13006092E12D8CDE90054094CAA
:1020100002EB820204EBC202A2F5EB6206E0CDE91C
:102020000054044A02E0CDE90054034AFFF748FF98
:102030007CBD00009DCE000855D000082DE9FC476E
:102040009846DDE90A761400894605460DD009E078
:10205000CDE90076434649462846FFF7CBFF0B35CE
:10206000EDB2641C2278002AF2D1BDE8FC870000A2
:10207000014A107051707047100000202DE9F041A6
:102080001A4D287800282ED0688868B918486860EA
:10209000602003F031FC702003F02EFC052003F0DB
:1020A0002BFC122003F028FC002414264FF448686F
:1020B0002746696811F8010B696003F0DFFB688847
:1020C000401C80B2B0FBF6F1688006FB110010B92D
:1020D000002003F043FC6888404500D16F80641CF9
:1020E000A4B2142CE5D3BDE8F08100002801002043
:1020F000F805002070B58820FFF744F804468920D1
:10210000FFF740F804EB0020384C20808A20FFF7CE
:1021100039F805468B20FFF735F805EB0020608085
:102120008C20FFF72FF805468D20FFF72BF805EBE5
:102130000020A0808E20FFF725F805468F20FFF7AE
:1021400021F805EB0020E0809020FFF71BF8054602
:102150009120FFF717F805EB002020819220FFF770
:1021600011F805469320FFF70DF805EB002060817C
:102170009420FFF707F805469520FFF703F805EBD5
:102180000020A0819620FEF7FDFF05469720FEF770
:10219000F9FF05EB0020E0819820FEF7F3FF0546EC
:1021A0009920FEF7EFFF05EB002020829A20FEF732
:1021B000E9FF05469B20FEF7E5FF05EB0020608266
:1021C0009C20FEF7DFFF05469D20FEF7DBFF05EBB9
:1021D0000020A0829E20FEF7D5FF05469F20FEF737
:1021E000D1FF05EB0020E08270BD0000E00500207B
:1021F000F8B50024009490F848202546012A12D012
:10220000012280F848204A681F23072A0DD2066859
:10221000376C521E02EB820293409F430B6893403F
:102220001F43376435E00220F8BD0D2A0BD2066843
:10223000F76BD21F02EB820293409F430B689340DF
:102240001F43F76325E0132A0BD20668B76B0D3ADC
:1022500002EB820293409F430B6893401F43B76396
:1022600017E00668192A0AD2776B133A02EB82024A
:1022700093409F430B6893401F43776309E0376B9C
:10228000193A02EB820293409F430B6893401F432D
:1022900037630A6807260A2A0AD203685F6902EBD5
:1022A00042029640B7438E68964037435F611CE018
:1022B000142A0BD203681F690A3A02EB42029640C5
:1022C000B7438E68964037431F610EE01A2A0BD839
:1022D0000368DF68143A02EB42029640B7438E6807
:1022E00096403743DF6000E000BF0A68102A01D043
:1022F000112A17D10D4A13681B0213D4136843F433
:1023000000031360096810290CD10949094A0968BA
:10231000B1FBF2F101EB8101490000E0491E00919F
:102320000029FBD180F848502046F8BD0427014021
:102330000C00002040420F000068806D70470000D4
:10234000F8B504004FF0000503D0E06C002610B192
:1023500010E00120F8BD2665564884F84860016801
:1023600041F001010160006800F00100009020468A
:1023700000F0AAF8E06CC00671D4E06C20F488503C
:1023800040F00200E0644C480168626821F440318A
:10239000114301606169E0684FF40073084394F8E9
:1023A0003C2093FAA3F3B3FA83F3216A9A401143D2
:1023B0000843022194F824C091FAA1F1B1FA81F105
:1023C0000CFA01F10843616B102902D0A26B114392
:1023D0000843226811684FF4807EC943490620D51E
:1023E000A169E3690843A1682769194373469F42BD
:1023F00002D0012F00D00023194394F82C30012B78
:102400000AD1BCF1000F2BD0E36C43F02003E3644E
:10241000236D43F0010323655368284F3B400B4372
:10242000536021688A68264B1A4002438A602169FA
:10243000714522D0012920D021680A6B22F0F87260
:102440000A63216889681F4A1140814225D12665A7
:10245000E06C20F0020040F00100E06428E026E09B
:102460004FF46047236B97FAA7F7B7FA87F75B1E1D
:10247000BB400B4343F40061CEE721680A6B4FF089
:10248000F87722F0F873A26A97FAA7F7B7FA87F7F6
:10249000521EBA4013430B63D3E7E06C20F00200F6
:1024A00040F01000E064206D40F00100206501253F
:1024B0002846F8BD2038024004270140FF16FCFCE6
:1024C0008DF1FFC0FEFF80BF10B586B00446142119
:1024D0006846FDF777FE1249206888421DD11148F1
:1024E000016841F400710160006800F4007005901B
:1024F0000C48001F016841F0100101600068694646
:1025000000F0100005904FF48070009003200190BF
:1025100000200290044800F0D9F906B010BD000078
:102520000024014020380240001002402DE9F04113
:10253000044600680D4681684FF0000749050BD539
:102540008068C00508D5E06C40F02000E06484F8A5
:1025500048700120BDE8F08100F09EFA064613E0C5
:10256000681C11D025B100F097FA801BA8420BD946
:1025700020680068800707D4E06C40F00400E06445
:1025800084F848700320E5E7206800688007E7D5F5
:10259000A06918B921686FF012000860E06C40F47F
:1025A0000070E0642068816811F0405F14D194F8F5
:1025B000241089B9016B11F0F87F02D080684005C2
:1025C0000AD4E06C20F48070E064E06CC00403D4B2
:1025D000E06C40F00100E0640020BBE710B5044669
:1025E00090F84800012822D0012084F848002046B5
:1025F000FEF7DEFC00281BD1E16C40F20162914342
:1026000041F48071E16421684A68520505D5E26CA5
:1026100022F4005242F48052E264E26CD3044FF0A0
:10262000000206D5236D23F00603236502E0022095
:1026300010BD226584F848206FF022020A602168EC
:102640008A6812F0405FF3D18A6842F080428A6063
:1026500010BD10B5044690F84800012807D00120AD
:1026600084F848002046FEF778FC10B107E002200D
:1026700010BDE16C21F4885141F00101E1640021B9
:1026800084F8481010BD10B590F8211000220229DE
:1026900005D00421816380F82020012010BD01684D
:1026A0000B6823F00E030B6001680B6823F0010335
:1026B0000B6090F84010012401F01C0304FA03F1B0
:1026C000C36B596080F8214080F82020104610BD6F
:1026D00010B590F821100024022903D00421816351
:1026E00001241AE001680A6822F00E020A600168FB
:1026F0000A6822F001020A6090F84010012301F0FC
:102700001C0203FA02F1C26B516080F821300021F3
:1027100080F82010416B01B18847204610BD806BC6
:102720007047F0B4C16B0B6801680A6890F84040CC
:10273000042504F01C0405FA04F61E4211D05607C5
:102740000FD50A68920603D40A6822F004020A60D0
:1027500090F8401001F01C018D40C16B4D60C16AC2
:102760001DE0022606FA04F71F424FF0000C4FF05E
:10277000010518D0970716D50A68920605D40A688D
:1027800022F00A020A6080F8215090F8401001F00F
:102790001C018E40C16B4E6080F820C0816A002908
:1027A0001AD0F0BC08470826A6401E4214D01207D3
:1027B00012D50A6822F00E020A6090F84010C26B2F
:1027C00001F01C0105FA01F15160856380F8215088
:1027D00080F820C0016BE2E7F0BC704730B528B349
:1027E00002C8134A14230A44B2FBF3F29200C263F4
:1027F000104A8263022242770B6847F6F0729343D5
:10280000D0E900242243D0E902452C432243046945
:10281000224344692243846922431A430A60002107
:102820004163012242770177084630BD012030BD67
:10283000F89FFDBF0060024070B5044690F820008C
:10284000002501280CD0012084F8200094F8216094
:102850000020012E06D084F820000225284670BDF5
:10286000022070BD022684F82160A06320680668FB
:1028700026F0010606602046FEF7FCFDE06A00280F
:102880002068016802D041F00E0106E021F0040149
:1028900001602068016841F00A0101602068016858
:1028A00041F001010160D9E770B5044600F0F4F889
:1028B0000546601C02D004484068044400F0ECF86F
:1028C000401BA042FAD370BD000000202DE9F84F54
:1028D000DFF88091002209F1040A0AF1040B0327B2
:1028E0004FF00F0C0BF1040EACE0012595402B408E
:1028F00073D00C7904F00304012C01D0022C15D103
:102900008668540007FA04F826EA0806D1F80C8015
:1029100008FA04F848EA0608C0F808804468AC439E
:102920000D79C5F300159540254345600C79E443C6
:10293000A40708D0C568540007FA04F6B5438E68AA
:10294000A6402E43C6600C7904F00304022C11D17A
:10295000D40800EB8406356A5407E40E0CFA04F838
:1029600025EA0805D1F8108008FA04F848EA0508B5
:10297000C6F820800568540007FA04F6B5430E79BE
:1029800006F00306A6402E4306604C6814F4403F50
:1029900057D0314C256845F001052560246822F0A8
:1029A000030504F0010400942C4C05EB0408D8F84E
:1029B00008509407260F0CFA06F4A543284CA042B1
:1029C00001D1002415E0274CA04201D1012410E0E0
:1029D000254CA04202D102240BE032E0234CA0425D
:1029E00001D1032405E0224CA04201D1042400E0DF
:1029F0000524B4402C43C8F80840D9F800404D469F
:102A00004E689C43F60300D51C432C60DAF8004066
:102A100055464E689C43B60300D51C432C60DBF83A
:102A200000405D464E689C43F60200D51C432C6076
:102A3000DEF8004075464E689C43B60200D51C4344
:102A40002C60521C0B6833FA02F47FF44EAFBDE8E1
:102A5000F88F0000000401402038024000000140CF
:102A6000000002400004024000080240000C024046
:102A7000001002400069084000D001207047426900
:102A800021EA02030A4043EA0241816170470AB128
:102A9000816170470904FBE70148806870470000C6
:102AA0000000002070B5040011D021684CF6CC4025
:102AB0000860216845F255500860D4E90001416082
:102AC0002168A0688860FFF7E7FF05460CE0012059
:102AD00070BDFFF7E1FF401B2A2805D92068C068B8
:102AE000800701D0032070BD2068C0688007F0D146
:102AF00021684AF6AA200860002070BD00684AF6E6
:102B0000AA21016000207047024881684268114490
:102B1000816070470000002010B50024032000F001
:102B200079F80F2000F008F808B1012401E000F066
:102B300025F8204610BD000070B50E4E0546002455
:102B4000706898B14FF47A71B1FBF0F00A490968E6
:102B5000B1FBF0F000F021FD40B9102D06D20022AB
:102B60002946501E00F036F8356000E0012420466A
:102B700070BD0000000000200C0000200D4808B5CA
:102B8000016841F000410160016801F000410091DD
:102B9000011F0A6842F001020A60096801F00101A0
:102BA0000091016841F080510160006800F08050A0
:102BB000009008BD24380240002809DB00F01F0205
:102BC000012191404009800000F1E020C0F800118F
:102BD00070470000F0B40E4B1B68C3F30223C3F12F
:102BE0000704042C00D904241D1D072D01D2002345
:102BF00000E0DB1E012606FA04F56D1E0D409D4027
:102C00009E40761E164045EA0601F0BC02F0F2BE78
:102C10000CED00E0064A00F0070110684FF6FF03D4
:102C2000184040EA01200349084310607047000043
:102C30000CED00E00000FA05704700002DE9F047B8
:102C40000E46040076D0DFF88081D8F8000000F04E
:102C50000100B04214D2012E05D1D8F8001041F085
:102C60000401C8F80010D8F8001021F00101314328
:102C7000C8F80010D8F8000000F00100B0427DD183
:102C80002078524F800705D53868A16820F0F00001
:102C9000084338602078C00759D04C49606808392B
:102CA00002281AD003281BD0096801281BD08905E7
:102CB000002963DA396821F0030101433960FFF725
:102CC000EBFE0546606841F28831022813D00328E4
:102CD0001ED00128894627D035E009688903E7E737
:102CE00009688901E4E78907E2E7FFF7D5FE411BA0
:102CF000494501D924E089463868C0F3810002289B
:102D0000F3D124E0FFF7C8FE411B494501D917E084
:102D100089463868C0F381000328F3D117E0FFF734
:102D2000BBFE411B49450BD83868C0F38100012820
:102D3000F5D10CE022E0FFF7AFFE411B494502D977
:102D40000320BDE8F087386810F00C0FF3D1D8F8F5
:102D50000010404601F00101B14211D9012E03D10A
:102D6000016841F004010160016821F00101314373
:102D70000160006800F00100B04201D00120E0E7EE
:102D80002078400705D53868E16820F4E060084302
:102D900038602078000706D53868216920F4605033
:102DA00040EAC100386000F03FF83968084AC1F3D2
:102DB0000311515CC8400749086007480068BDE836
:102DC000F047FFF7B9BE0000003C0240083802405F
:102DD000ADC600080C0000200000002001490120C1
:102DE00008677047000047420448054900680968C1
:102DF000044AC1F30221515CC84070470C00002016
:102E000008380240BDC60008044805490068096842
:102E1000044AC1F3C221515CC84070470C00002035
:102E200008380240BDC6000870B5154D2968154820
:102E300001F00C02042A0CD04410082A0AD00C2AF3
:102E40000AD0281F0068C0F342314FF40040491CEB
:102E5000884070BD204670BD0B4AC1F38343D35CEC
:102E6000C1F381522968521CC90302D5A3FB040196
:102E700001E0A3FB00010023FDF75AF970BD00003B
:102E8000083802400024F400A4C60008054810B524
:102E90000068000605D5FFF7CFFE02498020891C97
:102EA000087010BD0C3802402DE9F84F04007BD0AB
:102EB000F6480168006801F00C0600F4803B2078B9
:102EC000F34DC0073FD0082E12D00C2E02D1BBF517
:102ED000803F0DD06068012811D008B1052818D0B6
:102EE000286820F480302860286820F4802009E0D9
:102EF0002868800327D560680028D8D023E0286898
:102F000040F480302860606888B1FFF7C5FD07464F
:102F100009E0286840F480202860F0E7FFF7BCFD56
:102F2000C01B642879D828688003F7D50BE0FFF729
:102F3000B3FD074604E0FFF7AFFDC01B6428F1D8DE
:102F400028688003F7D42078DFF8488380074FF0A3
:102F500001094FF0000A36D5042E0CD00C2E02D1F8
:102F6000BBF1000F07D0E068F8B1C8F80090FFF798
:102F700093FD07460BE0286880070BD5E068012821
:102F800012D107E0FFF788FDC01B0228CAD82868C5
:102F90008007F7D5BD48001F0168226921F4F85168
:102FA00041EA022101600EE06CE1C8F800A0FFF7E1
:102FB00073FD074604E0FFF76FFDC01B0228B1D880
:102FC00028688007F7D42078C00672D53EB1A06982
:102FD000F0B3C8F82090FFF75FFD07464AE0286885
:102FE000800502D5A069002887D0A84F206A3F1F1E
:102FF000396801F46041884210D901F0C9FE002807
:10300000BED13868216A20F4604008433860217FCF
:10301000386861F31F6038600FE0A4E0396821F47C
:10302000604101433960217F386861F31F60386077
:10303000206A01F0ADFE0028A2D1216A4FF40040C1
:1030400009EB5131884091490968C1F3031100E04F
:1030500021E0914A515CC84090490860904800685E
:10306000FFF76AFD00287DD123E0FFF715FDC01BA7
:10307000022878D828688005F7D58448001F0168A1
:10308000226A21F4604111430160227F016862F3EA
:103090001F6101600DE0C8F820A0FFF7FDFC0746A6
:1030A00004E0FFF7F9FCC01B02285CD82868800503
:1030B000F7D420787B4F000721D57B48616979B12F
:1030C000C0F80090FFF7E8FC834605E0FFF7E4FC5A
:1030D000A0EB0B00022846D838688007F6D50EE032
:1030E000C0F800A0FFF7D8FC834605E0FFF7D4FC4A
:1030F000A0EB0B00022836D838688007F6D4207879
:1031000040076AD500200090664810380068C0006B
:103110000AD464481038016841F0805101600068A9
:1031200000F080500120009060480168C90511D46A
:10313000016841F480710160FFF7AEFC834605E051
:10314000FFF7AAFCA0EB0B0064280CD857480068D6
:10315000C005F5D5A06801280DD008B1052814D008
:10316000386801E075E073E020F4807038603868FA
:1031700020F4806002E0386840F480703860A06815
:10318000A0B1FFF789FC83460CE0386840F480600A
:103190003860F0E7FFF780FCA0EB0B0141F28830CC
:1031A000814255D838688005F4D50EE0FFF774FCED
:1031B000834607E0FFF770FCA0EB0B0141F288307B
:1031C000814245D838688005F4D4009828B1354844
:1031D0001038016821F080510160606A90B30C2EB4
:1031E0003DD00228504605D0C8F86000FFF754FCD7
:1031F000044630E04746C8F86000FFF74DFC06463D
:1032000004E0FFF749FC801B022821D828688001D0
:10321000F7D4D4E90A1001431C48226B036823F455
:103220007D031A4311430160C7F86090FFF734FC37
:10323000044604E0FFF730FC001B022808D8286889
:103240008001F7D520E0FFF727FC001B022802D9F8
:103250000320BDE8F88F28688001F4D414E0012829
:10326000F7D00A480068A26A00F48031914209D17F
:10327000E26A00F47011914204D1216B00F4400025
:10328000884201D00120E4E70020E2E7083802404C
:103290000038024000004742ADC600080C00002084
:1032A0000000002034380240800647420070004091
:1032B00070B5040009D0606A002540B125616561E0
:1032C000A56294F8510040B10CE0012070BD606827
:1032D000B0F5827FF4D0E561F2E784F850502046E3
:1032E00000F03AF8022084F851002068016821F0CB
:1032F00040010160A088218900F4827001F404413A
:103300000843A18901F400610843217C01F0020116
:103310000843217D01F001010843218B01F4007174
:103320000843217F01F03801084394F8201001F090
:1033300080010843218D01F4005108432168086091
:10334000A069042101EA10402168486065650120F8
:1033500084F85100002070BD10B586B004461421D9
:103360006846FCF72FFF13492068884220D1124895
:10337000016841F480510160006800F480500590BC
:103380000D48001F016841F00201016000686946B4
:1033900000F00200059038200090022001900020EB
:1033A000029003200390052004900448FFF78EFA52
:1033B00006B010BD00300140203802400004024039
:1033C0002DE9F84F044690F8500001250A9E1F464B
:1033D00092468B464FF0000801280ED0012084F859
:1033E0005000FFF759FB814694F8510061680128AD
:1033F0000CD0B1F5827F07D102E00220BDE8F88F42
:10340000A16809B9042801D00220B6E0BBF1000F81
:1034100027D0BAF1000F24D01FB394F8510004282C
:1034200002D0052084F8510000206065C4F838A05F
:10343000E787A787C4F830B0E786A7862064606472
:1034400020680168490603D4016841F04001016029
:10345000E068B0F5006F606805D0E8B3012F43D095
:1034600079E0012089E008B1012F34D1206B216877
:103470000088C860206B801C2063E08E401EE086C0
:1034800029E02068816889070DD5E18E59B1012DA9
:1034900009D1216B0988C160206B801C2063E08EFC
:1034A000401EE086002520688168C9070BD0E18FA7
:1034B00049B1C068A16B0880A06B801CA063E08F3D
:1034C000401EE0870125FFF7E7FAA0EB0900B042B4
:1034D00001D3701C50D100E006E0E08E0028D0D16E
:1034E000E08F0028CDD13CE0206B21680078087384
:1034F000206B401C2063E08E401EE0862BE020689D
:10350000816889070DD5E18E59B1012D09D1216B53
:1035100009780173206B401C2063E08E401EE0861A
:10352000002520688168C9070BD0E18F49B1C068C8
:10353000A16B0870A06B401CA063E08F401EE08769
:103540000125FFF7A9FAA0EB0900B04202D3701CD5
:1035500001D011E086B1E08E0028D0D1E08F0028A4
:10356000CDD14A463146204601F0A2FC38B1202098
:103570004FF00108606508E00320804605E0A06880
:1035800018B92068C16880680090012084F8510053
:10359000002084F85000404630E710B5401EB0F1DE
:1035A000807F01D3012010BD4FF0E02460610F2126
:1035B000601702F01FFA0020A061072020610020A0
:1035C00010BD000070B590F83820012A26D00125E2
:1035D00080F83850022280F83920026853689468D5
:1035E00023F070060B68334353600268B2F1804FDA
:1035F00008D00B4B9A4205D00A4B9A4202D00A4B94
:103600009A4204D1496824F080031943916080F8FC
:103610003950002180F83810084670BD022070BD76
:1036200000040040000800400008014010B50400FC
:1036300003D094F8390010B107E0012010BD00203C
:1036400084F83800204600F017F8022084F839008A
:10365000211D206801F050FD012084F83E0084F80F
:103660003A0084F83B0084F83C0084F83D0084F87C
:103670003900002010BD000008B50068B0F1804F8F
:1036800012D10A48016841F001010160006800227E
:1036900000F00100009005211C20FFF79BFABDE817
:1036A00008401C20FFF788BA08BD000024380240FB
:1036B00090F83910012901D001207047022180F8CB
:1036C00039100168CA6842F00102CA600068B0F1AE
:1036D000804F08D00949884205D00949884202D064
:1036E0000849884204D1816801F00701062903D006
:1036F000016841F0010101600020704700040040B2
:10370000000800400008014070B5044690F83800F9
:10371000012817D0012584F83850022084F8390098
:103720002068826822F0770222F47F428260086873
:10373000502830D00DDC20284DD005DC98B310285F
:103740003BD148E0022070BD302844D0402834D11D
:1037500039E0602828D0702806D0B0F5805F2CD0E2
:10376000B0F5005F29D10AE0CB68D1E901212068DA
:1037700001F0FCFC2068816841F0770109E0CB682A
:10378000D1E90121206801F0F1FC2068816841F451
:103790008041816011E0CA684968206801F0F8FC46
:1037A0005021206807E016E0CA684968206801F0E7
:1037B00000FD6021206801F0E3FC84F8395000200E
:1037C00084F8380070BDCA684968206801F0E0FCE0
:1037D00040212068EFE7226801461046EBE770477A
:1037E00070B50446006801694FF00005C9438907B8
:1037F00015D4C168C943890711D4E91E01610120AC
:103800002076206880698007204602D0FFF7E7FF16
:1038100004E000F078F8204600F076F8257620687D
:103820000169C943490717D4C168C943490713D47B
:103830006FF004010161022020762068806910F495
:10384000407F204602D0FFF7CAFF04E000F05BF89B
:10385000204600F059F8257620680169C943090718
:1038600016D4C168C943090712D46FF00801016179
:10387000042020762068C0698007204602D0FFF728
:10388000AEFF04E000F03FF8204600F03DF825765A
:1038900020680169C943C90617D4C168C943C9066C
:1038A00013D46FF010010161082020762068C069F0
:1038B00010F4407F204602D0FFF791FF04E000F0B3
:1038C00022F8204600F020F8257620680169C943D7
:1038D000C90708D1C168C943C90704D1891E01615C
:1038E000204600F012F820680169C943490609D44E
:1038F000C168C943490605D46FF040010161204603
:1039000000F019F870BD7047704710B50068B0F14D
:10391000804F0FD103F02AFE07F096FC07F08CF9D8
:1039200002F080FD03F086FE07F0D4FBBDE81040F6
:1039300008F018B810BD7047704770B504460068AD
:10394000C16821F49071C1602068416921F00101D2
:103950004161206B012804D12068C16821F0100169
:10396000C160206841694FF0000549060FD54169E3
:1039700021F040014161A06B48B14563A06BFEF7A7
:1039800082FE20B1A06BFEF7CAFE202806D0E58596
:10399000202084F83E002563002070BD10202064A4
:1039A000032070BD704710B5044600680068C0432E
:1039B000C0060AD4204607F063FF204606F0A0FAAE
:1039C0002046BDE8104003F0B1BB10BDF8B5026859
:1039D00004461068D168536910F00F0F4FF00005CE
:1039E00053D003F0010601F4907737435FD0C2074C
:1039F00005D0CA0503D5226C42F0010222644207B9
:103A000005D5DA0703D0226C42F002022264820755
:103A100005D5DA0703D0226C42F0040222640207C3
:103A200007D501F02002324303D0226C42F0080295
:103A30002264226C002A34D0800604D5880602D580
:103A4000204601F050FC20684069216CC0F38010D2
:103A5000090700D430B3204601F024FC20684169F6
:103A600049061BD5416921F040014161A06BA8B115
:103A700058494163A06BFEF72BFE002811D0A06BC4
:103A8000416B01B0BDE8F040084783060FD58B06B7
:103A90000DD52046BDE8F84001F025BC2046FFF7D3
:103AA00081FFF8BD2046FFF77DFF2564F8BD266B3A
:103AB0002023012E52D1C60650D5CE064ED5106811
:103AC00050680090506940062AD5A16B086840688C
:103AD0000004000CEAD0A68D8642E7D9E08588690B
:103AE000202818D0D06820F48070D0602068416908
:103AF00021F0010141612068416921F040014161EB
:103B000084F83E3025632068C16821F01001C1604F
:103B1000A06BFEF7B8FDA08DE18D401A81B219E0CF
:103B2000A08DE18D401A81B2E08D0028BED0002921
:103B3000BCD0D06820F49070D0602068426922F038
:103B40000102426184F83E3025632068C26822F099
:103B50001002C2602046FFF7EFFEF8BD05062BD528
:103B60000D0629D594F83D002128F6D1A068B0F5BE
:103B7000805F01D12069B0B1206A411C21622168B7
:103B800000784860E08C401E0004000CE084E4D122
:103B90002068C16821F08001C1602068C16841F0DF
:103BA0004001C160F8BD206A0088C0F30800506081
:103BB000206A801C2062E5E74006F3D54806F1D56F
:103BC000D168204621F04001D16084F83D3000F0FA
:103BD00085F9F8BDD751000870B5040004D094F8F9
:103BE0003D00002510B106E0012070BD84F83C5076
:103BF000204600F023F8242084F83D002068C168A6
:103C000021F40051C160204601F0C8FB2068016921
:103C100021F4904101612068416921F02A0141614C
:103C20002068C16841F40051C1602564202084F8F7
:103C30003D0084F83E00002070BD00002DE9F043F7
:103C400087B0044614216846FCF7BCFA5D4D206835
:103C500000265D490322072380274FF0020C4FF412
:103C60000059A84233D1081D056845F48045056018
:103C7000006800F480400590086840F0010008608A
:103C80000868029600F0010005905002CDE9000C92
:103C900069464E48CDE90323FEF718FE4D4D4C48CA
:103CA000C5E90006C5E902672E616E61C5E90669CE
:103CB0002846FEF793FD08B1FDF7C5FFA563002276
:103CC000022125206C62FEF785FF25203BE03E4D5A
:103CD000DFF80481083540453AD1286840F40030C7
:103CE0002860286800F400300590086840F008005B
:103CF00008600868029600F0080005906020CDE991
:103D0000000C69463548CDE90323FEF7DFFD314D50
:103D10002F4844351430C5E90006C5E902672E6115
:103D20004FF440506E61C5E906602846FEF756FD27
:103D300008B1FDF788FFA5630022042126206C62EC
:103D4000FEF748FF2620FEF737FF07B0BDE8F083F7
:103D5000DFF88C804045F8D1286840F48020286046
:103D6000286800F480200590086840F0040008608E
:103D70000868029600F0040005904FF44060CDE919
:103D8000000C69461748CDE90323FEF79FFD114D4E
:103D90000F4888352838C5E90006C5E902672E6155
:103DA0006E61C5E906692846FEF718FD08B1FDF702
:103DB0004AFFA5630022032127206C62FEF70AFF59
:103DC0002720C0E7003801401C38024000000240B4
:103DD000586002408804002000440040000C02406B
:103DE000004800400008024090F83E30202B0ED1E1
:103DF00059B152B190F83C30012B08D0012380F822
:103E00003C300023036301F055BB012070470220C2
:103E1000704710B5044607F057FD204606F08EF8AF
:103E20002046BDE8104003F0A3B970472DE9F843E0
:103E3000044690F83D001F4615460E4620284BD1FB
:103E4000C6B1BDB194F83C00012845D0012084F8EA
:103E50003C004FF00008C4F84080212084F83D0069
:103E6000FEF71AFEA5848146E584A068B0F5805F60
:103E700003D004E00120BDE8F883206920B1354675
:103E8000002684F83C800EE00025FAE780212046D9
:103E900001F04AFBA0B9ADB115F8010B21684860EB
:103EA000E08C401EE084E08C4B464FF0000200970F
:103EB0000028EBD14FF04001204601F035FB30B136
:103EC0000320D8E736F8020BC0F30800E6E720200D
:103ED00084F83D000020CEE70220CCE7704710B503
:103EE000044600F04CF9A22000F024F900F075F926
:103EF000022000F01FF900F070F9207803F018FBA1
:103F000000F018F900F069F9607803F011FB00F097
:103F100011F900F062F9A07803F00AFB00F00AF949
:103F200000F05BF9E07803F003FB00F003F900F028
:103F300054F9207903F0FCFA00F0FCF800F04DF998
:103F4000607903F0F5FA00F0F5F800F046F9A07991
:103F500003F0EEFA00F0EEF800F03FF9BDE8104093
:103F600000F024B910B500F00AF9A22000F0E2F840
:103F700000F033F9022000F0DDF800F02EF900F037
:103F8000FEF8A32000F0D6F800F027F9012000F099
:103F9000ACF800F07F0002F03BFA1B4C20700120CF
:103FA00000F0A3F800F07F0002F032FA6070012008
:103FB00000F09BF800F03F0002F02AFAA070012008
:103FC00000F093F800F03F0002F022FAE0700120C8
:103FD00000F08BF800F0070002F01AFA20710120BF
:103FE00000F083F800F00F0002F012FA6071002078
:103FF00000F07BF802F00CFAA07100F0D7F8BDE8F1
:10400000104000F005BF00008901002070B50D468A
:10401000044600F0B4F8A22000F08CF800F0DDF8BF
:10402000204600F087F800F0D8F8284600F082F823
:1040300000F0D3F8BDE8704000F0B8B810B507F054
:10404000CDF900210846FFF7E1FF1F210120FFF70E
:10405000DDFF82210D20FFF7D9FF00210E20FFF7A1
:10406000D5FFFFF77FFF0848417911B1C1780029DA
:1040700009D101214171C1700348FFF730FFBDE84C
:104080001040FFF76FBF10BD89010020FEE710B59B
:10409000002007F07BF907F0A1F9002007F07EF976
:1040A000022003F050FA012007F070F9022003F01B
:1040B0004AFABDE81040002007F068B910B50020AA
:1040C00007F064F907F08AF9012007F067F9022088
:1040D00003F039FA012007F059F9022003F033FA0E
:1040E000BDE81040002007F051B970B50646002425
:1040F00007F062F90025002007F048F9022003F0DC
:1041000022FA012007F042F96006040E07F04EF98A
:1041100008B1641CE4B2012003F015FA6D1CEDB285
:10412000082DE8D31EB1FFF7B2FF204670BDFFF7A0
:10413000C5FFFAE770B5054607F050F9002007F013
:1041400025F90024280601D5012000E0002007F011
:1041500025F96806050E022003F0F5F9012007F0A5
:1041600015F9022003F0EFF9002007F00FF9022003
:1041700003F0E9F9641CE4B2082CE3D370BD10B578
:1041800007F02CF9012007F009F9012007F0FEF8EB
:10419000042003F0D8F9002007F000F9042003F010
:1041A000D2F9BDE81040002007F0F0B810B507F0D4
:1041B00015F9002007F0EAF8002007F0EFF80420D6
:1041C00003F0C1F9012007F0E1F8012007F0E6F85B
:1041D000BDE81040042003F0B6B910B5002407F084
:1041E000EBF8012007F0DAF8012003F0ACF9012028
:1041F00007F0CCF8012003F0A6F907E0641CE4B254
:10420000FA2C03D9FFF7D2FF012010BD07F0CEF83A
:104210000028F3D107F0BAF8002010BD10B5E22055
:1042200001F06AFB6420FEF73FFB242001F064FBF1
:104230002B2001F061FB812001F05EFBB22001F038
:104240005BFB842001F058FB892001F055FBA32083
:1042500001F052FBC52001F04FFBC82001F04CFBE0
:10426000102001F049FBD12001F046FBD52001F0E0
:1042700043FBDA2001F040FBE92001F03DFBF42094
:1042800001F03AFB252001F037FBF62001F034FB6A
:104290005A2001F031FBF52001F02EFB002001F047
:1042A0002BFBF72001F028FB9F2001F025FBF820D5
:1042B00001F022FBF12001F01FFB9F2001F01CFB0D
:1042C000BDE81040AD2001F017BBF0B585B0DDE9C9
:1042D0000EE4DDE90C7CDDE90A568DE8E05000F0E3
:1042E00012F821680161206005B0F0BD10B50146EB
:1042F000006800220A6003E0046903F073F92046B5
:104300000028F9D110BD2DE9F05F07460AA81C4628
:1043100090E8000D15460E461420DDF8349006F0A6
:10432000FFFF00280FD0C770067185604471C0F888
:104330000C8080F806A080F801B080F802900E99F9
:10434000017000210161BDE8F09F00002DE9FE43EE
:10435000884604007ED000261027607830B10128FE
:104360000DD0022825D0032877D138E0CDE900769A
:104370002179E0780823E268FDF7A2FD6DE0A079DD
:1043800020B301280BD0022867D12020CDE90006F8
:104390002179E0781023E268FDF712FE5DE0142039
:1043A000CDE900062179E0780B23E268FDF746FEAF
:1043B00053E0B8F1000F09D00097CDE90176637999
:1043C0002179E078A268FDF79BFD46E0CDE9007613
:1043D0002179E0780823E268FDF7B6FD3DE020781A
:1043E000E578C00709D0CDE9007621790823282295
:1043F0002846FDF7D1FC0835EDB2A0780A2816D280
:10440000DFE800F015050B3115151555156FCDE9D1
:1044100000760823217925227CE0CDE900762179F8
:1044200010233F4A2846FDF74BFD1035EDB22078AA
:10443000C00712D0CDE90076217908232922284629
:10444000FDF7AAFCCDE9007608350823E8B221790A
:104450003A2200E005E0FDF79FFC2469002C7FF480
:104460007CAFBDE8FE83CDE90076217908236D227B
:104470002846FDF791FCCDE900760835EDB22179AB
:10448000082367222846FDF787FCCDE9007608352A
:10449000EDB2217908232F222846FDF77DFCCDE9D6
:1044A000007608350823EDB221794C2232E0CDE9BF
:1044B0000076217908236B222846FDF76DFCCDE9B3
:1044C00000760835EDB22179082350222846FDF701
:1044D00063FCCDE9007608350823EDB2217961222D
:1044E00018E0CDE900762179082370222846FDF7EF
:1044F00053FCCDE900760835EDB22179082370220E
:104500002846FDF749FCCDE90076083521790823D6
:10451000EDB274222846FDF73FFC083586E700001F
:1045200045E500083EB5002416480094019414495E
:104530000294C0E900148460C46004614461846131
:10454000C461046280F824400125856280F82C4013
:104550001021C0E90D1480F83C40FDF7F1FE08B1D0
:10456000FDF771FB1720CDE9000569460294054867
:10457000FDF73EFE002801D0FDF765FB3EBD0000C3
:1045800000240140C4020020114808B5016841F030
:10459000807101600068002200F0807000900321AB
:1045A0000D20FEF717FB0D20FEF706FB002202216F
:1045B0000F20FEF70FFB0F20FEF7FEFA002204216A
:1045C0001020FEF707FBBDE808401020FEF7F4BA04
:1045D0001C3802402DE9F04F87B014216846FBF7E4
:1045E000F1FD8748016841F010010160016801F0A8
:1045F00010010591016841F004010160016801F0BA
:1046000004010591016841F020010160016801F099
:1046100020010591016841F001010160016801F08C
:1046200001010591016841F002010160016801F09A
:1046300002010591016841F0080101600068012252
:1046400000F0080005904FF482716E48FEF71FFAE3
:10465000002248F240016B48FEF719FADFF8A8B1D2
:10466000002281215846FEF712FA4FF47F4A0022B9
:1046700051466648FEF70BFA4FF4E07401222146DA
:104680006348FEF704FA00224FF490516048FEF7A9
:10469000FEF9012280215D48FEF7F9F90122214649
:1046A0005C48FEF7F4F97E200326CDE900060025DC
:1046B000694602955846FEF709F94EF23F00CDE9EA
:1046C0000006694602955248FEF700F941F6BB0024
:1046D000CDE90006694602954A48FEF7F7F84FF023
:1046E000040801244FF00209CDE90084CDE90296C7
:1046F00069464448FEF7EAF8402701AA009782E895
:10470000700069463F48FEF7E1F84CF60760CDE9D6
:104710000006694602953F48FEF7D8F881208DE8EB
:104720003100694658460395FEF7D0F84FF47E40B5
:10473000CDE90005694658460295FEF7C7F83003F3
:10474000CDE90005694633480295FEF7BFF8CDE98B
:1047500000A4CDE9024669462C48FEF7B7F8CDE93A
:10476000007469462A48CDE90245FEF7AFF84FF4D8
:104770009C50CDE90004CDE9024669462448FEF785
:10478000A5F82702CDE90074CDE9024669461D4827
:10479000FEF79CF8CDF80080CDE9016569461E481A
:1047A000FEF794F8E003CDE9000402946946154849
:1047B0000394FEF78BF81F20CDE9000669460295A9
:1047C0001248FEF783F880208DE8710069460F4893
:1047D000FEF77CF8C020009001AA112082E8510069
:1047E00069460C48FEF772F8CDE90074CDE902493C
:1047F00069460848FEF76AF807B0BDE8F08F000088
:104800001C3802400000024000100240000C024030
:10481000000802400004024000140240094810B59C
:10482000074901600021416040F6FF718160FEF799
:1048300039F9002803D0BDE81040FDF704BA10BDD7
:1048400000300040180300200D4810B50B490160EE
:104850004FF482714160002181604FF40072C160A9
:10486000C0E9062181620A21C162FEF721FD00280C
:1048700003D0BDE81040FDF7E6B910BD003001409F
:104880002403002010B586B000241748009401943A
:104890000294039404944FF08041059401601F2119
:1048A000C0E9011440F2E731C0E9031480214161FD
:1048B000FEF7BCFE08B1FDF7C6F94FF4805000903A
:1048C00069460948FEF720FF08B1FDF7BCF90494DA
:1048D00004A905480594FEF775FE002801D0FDF7F0
:1048E000B2F906B010BD00007C0300200C4810B5E2
:1048F0000A4901604FF4E1314160002181600C22DE
:10490000C160C0E904128161C161FFF765F9002847
:1049100003D0BDE81040FDF796B910BD0038014046
:10492000BC0300200C4810B50A4901604FF4165131
:104930004160002181600C22C160C0E904128161E4
:10494000C161FFF749F9002803D0BDE81040FDF729
:104950007AB910BD00440040000400200C4810B596
:104960000A4901604FF416514160002181600C2218
:10497000C160C0E904128161C161FFF72DF900280F
:1049800003D0BDE81040FDF75EB910BD00480040FF
:1049900044040020FEE7FEF779FAFEE72DE9F04334
:1049A00087B00DF1380E81469EE8E011DDE9130471
:1049B000CDE904C08DE8E001484600F09BF821688D
:1049C00059B18969816121684161216889694861BA
:1049D0002168886107B0BDE8F0832060FAE770B510
:1049E00004460068002808D0456902F0FBFD2168F4
:1049F00028468142F8D10020206070BD10B5002803
:104A000008D08279836940698342847902FB01423C
:104A1000F9D1104610BD00002DE9FE438846074637
:104A200004005FD0304E10256078B8B1012837D02F
:104A3000022854D12078B8F1000F00F0010009D00D
:104A40000095CDE901506379E178A078E268FDF73F
:104A500057FA44E0CDE9005022693BE02078800716
:104A600012D5A0790A2801D2303000E037303070FA
:104A7000002070702078082300F00100CDE900507C
:104A8000E178A078184A28E0A1790A20B1FBF0F279
:104A900030323270B1FBF0F200FB12103030E8E738
:104AA00005F06CFC0E2802D00F2818D109E0207800
:104AB000082300F00100CDE90050E178A0780B4A0E
:104AC0000BE020780A4900F00100CDE90050A07900
:104AD00051F82020E178A0780823FDF735FA6469C1
:104AE000BC42A1D1BDE8FE83D000002037F300080E
:104AF000140000202DE9F05F0746DDE90E8A1C4610
:104B000015460E462020DDF830B0DDF8289006F07E
:104B100007FC002813D0406180618770C670C560B3
:104B2000447180F806B00D99C17180F80880C0F812
:104B3000109002786AF3410202700B994170BDE84F
:104B4000F09F00000C48A0F18002C168516100296B
:104B500006D0486928B19061017841F001010170E7
:104B600070475069C068506143690BB11846F2E75D
:104B70008142F6D170470000B00000202DE9F043DB
:104B800087B00DF1380E81469EE8E011DDE913048F
:104B9000CDE904C08DE8E001484600F0CFF8216877
:104BA00059B1096901612168C16021680969C8605A
:104BB0002168086107B0BDE8F0832060FAE70000D3
:104BC0002DE9F041054604680B480027076047605F
:104BD000286800280ED0E668606918B104F1140056
:104BE000FFF7FDFE204602F0FDFC28683446A04297
:104BF000F1D12F60BDE8F081C80000202DE9FE4F03
:104C00001546020088464FF0010073D03A4B1968F0
:104C100009B1596859B91A605A605968C968596028
:104C2000C968914203D0401CC0B20728F5D31C6864
:104C300099464FF08341A7782846FBF7E0FA834670
:104C40004FF084412846FBF7DAFA82461026A07816
:104C50005D46C01BFBF73AFD2946FBF728FB0146E2
:104C60005046FBF7CCFAFBF75DFDC5B22078810713
:104C70000BD500F0010205F11100C1B2681EC0B2EF
:104C800005F096F9102007F049FA207801070AD5B7
:104C900000F001000096CDE901606378294600200C
:104CA0006268FDF72DF92078C1060ED4B8F1000F27
:104CB0000BD000F001000096CDE901606378294631
:104CC00000206268FDF71CF909E000F00100CDE961
:104CD0000060082329460020A268FDF735F96069C5
:104CE00010B14146FFF798FED9F80400E468C068A7
:104CF000A042ACD1BDE8FE8FC80000200E4910B51F
:104D0000A1F18003CA685A61002A06D091788142D5
:104D100004D1107840F00100107010BD5969C968C5
:104D200059618C78844204D1087840F00100087001
:104D300010BD8A42F2D110BDB00000202DE9F05F15
:104D40000746DDE90D8ADDE90A9B1C4615460E463D
:104D5000182006F0E5FA002816D0C06000618770C0
:104D600080F8039001780C9A21F001016BF3410166
:104D700062F3820168F3C3016AF3041101704660B3
:104D8000457084600F994161BDE8F09F7047000055
:104D900038B51C4A002112681B4C12F0F00F23D1C9
:104DA000184A1C321368DD00184B03D51A6802F448
:104DB000C0530EE0156845F080551560156805F084
:104DC000805500951B68156803F4C05325F0805585
:104DD0001560B3F5C05F07D1B0F5404F04D120682E
:104DE000012140F004002060206820F00100084309
:104DF0002060206800F00100884201D0012038BD09
:104E0000002038BD08380240003C024000700040DD
:104E100010B507F0CDF900280DD007490648491E06
:104E200040780978884206D10122BDE810408021EF
:104E30000248FDF72CBE10BD890100200010024081
:104E40000148C0787047000089010020014880783F
:104E50007047000089010020014840787047000039
:104E60008901002001484079704700008901002035
:104E7000014800787047000089010020014800794E
:104E800070470000890100200148807970470000C8
:104E900089010020054949780844C0B23C2800D364
:104EA0003C380249491E0870704700008901002003
:104EB00038B504461248134D4FF47A730068B0FBBE
:104EC000F5F0584300906068B0F5827F0DD10B4635
:104ED000009200228021204600F016F870B1606D2B
:104EE00040F020006065032038BD009830B1401EBE
:104EF000009020688068C0430006F6D5002038BDC9
:104F00000C00002000366E012DE9F8431E46914644
:104F100088460446089DFDF7BFFD401B351AFDF786
:104F2000BBFD074625480068C0F3CB30684338E036
:104F3000701C37D0FDF7B0FDC01BA84203D215B1DD
:104F4000009860B32CE02068416821F0E0014160E6
:104F50006068B0F5827F0BD1A068B0F5004F02D039
:104F6000B0F5806F04D12068016821F04001016034
:104F7000A06AB0F5005F09D12068016821F40051F2
:104F800001602068016841F400510160012084F84B
:104F90005100002084F850000320BDE8F88300256C
:104FA000401E00902068816838EA010004D000208B
:104FB0004845BDD10020F0E70120F9E70C000020B2
:104FC000704730B505460C46881E81B22846FCF76E
:104FD0003CF9291901F8020D000A487030BD0000A3
:104FE0007C224FF44071014800F096BBFC25002064
:104FF0007CB5002510240823164A29462846CDE909
:105000000045FCF7A1FFFFF727FF0646FFF71EFF4D
:10501000034611A206210F48009600F0D1FC06F0CD
:1050200023FC40B10C2810D1082300210D4A3C205C
:10503000CDE9004507E00120CDE90040094A0823F9
:10504000483A00213C20FCF77FFFBDE87C4005F09A
:1050500091B8000074000020253032643A253032C7
:105060006400000017F40008FDF74EBD00B593B0D2
:1050700034216846FBF7A6F814210DA8FBF7A2F827
:105080001848016821F4C05141F4006101600B200F
:105090000090012010210190CDE90301059002202C
:1050A0000990C0030A904FF440200B9088040C90A4
:1050B0006846FDF7F9FE08B172B6FEE70F200D90C5
:1050C00003200E9000200F901090119001210DA848
:1050D000FDF7B4FD08B172B6FEE7FDF77FFE13B031
:1050E00000BD000000700040704700000148FEF75E
:1050F00077BB00007C03002070B502684FF080464B
:10510000154C164DB04203D0A04201D0A84205D1A3
:1051100022F070034A681A43B0420CD0A0420AD071
:10512000A84208D00E4B984205D00E4B984202D0B0
:105130000D4B984203D122F44073CA681A430B699D
:1051400022F080021A4302608A68C26209688162A2
:105150000121416170BD00000004004000080040D2
:1051600000080140000C01400010014010B58468A7
:1051700042EA032224F47F440A432243826010BDA2
:10518000826822F070020A4342F007018160704792
:1051900010B5046A036A23F001030362836923F0F4
:1051A000F00343EA021324F00A020A438361026215
:1051B00010BD10B5036A23F0100303628469036A0B
:1051C00024F4704444EA023223F0A00343EA0111BC
:1051D0008261016210BD10B5406A0021C185C184A1
:1051E000FEF7E0FB10BD70B5446A2068406994F892
:1051F0003D10C0F3C0100025212904D118B1E58469
:10520000204600F067F82068406994F83E10C0F32B
:105210008010222904D118B1E585204600F042F81B
:10522000206C40F0100020642046FEF7BBFB70BDF0
:1052300010B50146406A0968096889061BD4002137
:10524000C1850168CA6822F48072CA6001684A692F
:1052500022F001024A6101684A6922F040024A6173
:10526000202180F83E10016B012904D10168CA6831
:1052700022F01002CA60016B012902D0FEF7C9FDBD
:1052800010BD818DFEF758FB10BD10B5406A016B53
:10529000012902D0FEF7C9FD10BD818D4908FEF736
:1052A0004BFB10BD0168CA6822F49072CA600168A5
:1052B0004A6922F001024A61016B012904D10168A7
:1052C000CA6822F01002CA60202180F83E10002136
:1052D000016370470168CA6822F0C002CA602021D9
:1052E00080F83D10704708B590F83E10222901D093
:1052F000022008BD81684FF48053994201D10269B0
:1053000022B1826A99421BD049B10AE00268816ADF
:105310005268C2F308020A80816A891C08E00169A8
:1053200071B10168496801F07F011170816A491CFF
:105330008162C18D491E0904090CC18503D019E0A1
:1053400001684968F1E70168CA6822F02002CA6072
:105350000168CA6822F48072CA6001684A6922F052
:1053600001024A61202180F83E10016B012903D01F
:10537000FEF74FFD002008BD002101630168CA68E7
:1053800022F01002CA6001680A68D20602D50A68D3
:1053900049680091818DFEF7CFFAEBE72DE9F041E6
:1053A000044600680169E26821F44051114301613B
:1053B000A1682069E26901436069104301432068E4
:1053C000C26849F20C639A430A43C260206841698B
:1053D000A26921F440711143416135492068884236
:1053E00002D1FDF711FD01E0FDF7FEFCE169642249
:1053F0003223B1F5004F00EBC00101EB00116068F2
:105400002BD08000B1FBF0F5B5FBF2F5B1FBF0F667
:105410006FF018077D4306EB8505B1FBF0F603EB53
:105420000515B5FBF2F5B6FBF2F605F0F00505EB58
:105430000615B1FBF0F6B1FBF0F0B0FBF2F07843EB
:1054400006EB800003EB0010B0FBF2F000F00F0061
:10545000216828448860BDE8F0814000B1FBF0F687
:10546000B6FBF2F6B1FBF0F7B1FBF0F56FF0180CFC
:1054700006FB0CF607EB860603EBC606B5FBF2F55A
:10548000B6FBF2F62D0106F0F80605EB4605B1FB7A
:10549000F0F6B1FBF0F0B0FBF2F000FB0CF006EB25
:1054A000800003EBC000B0FBF2F000F00700CFE794
:1054B0000038014037B582B01346039A8262838573
:1054C000002504460564222084F83E00A16B1348A1
:1054D0008862A16B1248C862A16B12480863A06B76
:1054E00045632168A06B091DFDF7A6F920680168D6
:1054F0004168009184F83C50C16841F48071C160FA
:105500002068416941F0010141612068416941F031
:105510004001416105B0002030BD0000315200085B
:105520008B520008E75100082DE9F0411E4617464E
:1055300088460446069D1CE0681C1AD025B1FDF77C
:10554000ABFA801BA84214D92068C16821F4D0713D
:10555000C1602068416921F001014161202084F887
:105560003D0084F83E00002084F83C000320BDE8A4
:10557000F0812068016838EA010004D00020B842B8
:10558000DAD00020F3E70120F9E7000010B5044865
:10559000FEF71CFABDE810400148FEF704BA00000F
:1055A000BC03002010B50448FEF710FABDE8104017
:1055B0000148FEF7F8B900000004002010B50448C7
:1055C000FEF704FABDE810400148FEF7ECB9000010
:1055D00044040020FEE7000010B500F0EBF800F0F6
:1055E00095F8094C002280212046FDF750FAC7208B
:1055F00000F076F8012280212046FDF748FABDE848
:10560000104000F083B80000000C024070B50403A5
:1056100000F0D0F800F07AF80E4D002280212846E4
:10562000FDF735FA202000F05BF8C4F3074000F0E6
:1056300057F8C4F3072000F053F8E0B200F050F838
:10564000012280212846FDF722FABDE8704000F0D3
:105650005DB80000000C02402DE9F041134F1546E3
:105660000C460646002280213846FDF710FA03203A
:1056700000F036F8C4F3074000F032F8C4F3072016
:1056800000F02EF8E0B200F02BF8002405E0FF2037
:1056900000F026F83055641CA4B2AC42F7D338466B
:1056A000BDE8F04101228021FDF7F1B9000C024074
:1056B00070B50A4C002280212046FDF7E8F905204C
:1056C00000F00EF8FF2000F00BF8054601228021C3
:1056D0002046FDF7DCF9284670BD0000000C0240B2
:1056E00001B582B000208DF804000A20009001234B
:1056F00001AA02A90448FDF763FE10B1FF208DF84E
:1057000004009DF804000EBD2403002010B5FFF72F
:10571000CFFFC007FBD110BD2DE9F05FC1F30B0631
:10572000DFF88C800F0BC6F580548A4681461546FB
:10573000A24200D8144639038B464FF480524046AB
:10574000FFF78AFF002006E0321818F80210FF2940
:1057500003D1401C80B2A042F6D3A04221D23846E9
:10576000FFF754FF002006E019F800208319401CC1
:1057700008F8032080B2A042F6D359464FF4805275
:10578000404600F02BF8A5420FD0281BA144A244AC
:10579000002685B24FF480547F1CA542CBD82C46FE
:1057A000C9E7224651464846EBE7BDE8F09F0000B6
:1057B0007812002010B5084C002280212046FDF709
:1057C00066F90620FFF78CFF20460122BDE8104055
:1057D0008021FDF75CB90000000C02402DE9F0418A
:1057E0000746C8B2C0F580740E461546A24200D8DE
:1057F00014464FF4807822463146384600F00EF8C1
:10580000A54208D0281B2744264485B24446A54219
:10581000F1D82C46EFE7BDE8F08100002DE9F0411A
:1058200015460C460646FFF7C5FF134F00228021A0
:105830003846FDF72CF90220FFF752FFC4F307406A
:10584000FFF74EFFC4F30720FFF74AFFE0B2FFF770
:1058500047FF002404E0305DFFF742FF641CA4B260
:10586000AC42F8D3012280213846FDF710F9BDE89B
:10587000F041FFF74BBF0000000C0240810901F02E
:10588000010201F00201C2EB0212C1EB011102EBB5
:105890000111CBB2010901F0010270B501F0020162
:1058A000C2EB0212C1EB011102EB0111CCB2810873
:1058B00001F0010201F00201C2EB0212C1EB011181
:1058C00002EB0111CDB200F0010100F00200C1EBCA
:1058D0000111C0EB001001EB0010C6B2184600F039
:1058E0003DF8204600F03AF8284600F037F83046F8
:1058F000BDE8704000F032B82DE9F041144D074684
:105900004FF48074002221462846FDF7C0F8114E5E
:10591000002261003046FDF7BAF8012221463046E8
:10592000FDF7B5F8002280213046FDF7B0F8394682
:10593000094806F01BFC002221463046FDF7A7F877
:1059400021462846BDE8F0410122FDF7A0B800003D
:105950000000024000080240000C02402DE9F04126
:10596000144D07464FF48074002221462846FDF767
:105970008EF8114E012251023046FDF788F80122BF
:1059800021463046FDF783F8002280213046FDF79E
:105990007EF83946094806F0E9FB002221463046E8
:1059A000FDF775F821462846BDE8F0410122FDF7D4
:1059B0006EB800000000024000080240000C0240E7
:1059C0000FB47CB50C0009AD01D0611E00E00021D0
:1059D000CDE90001064B6A462946089800F000F917
:1059E000002C02D0009A002111707CBC5DF814FBE1
:1059F000E76200080907090E002804DB00F1E02037
:105A000080F80014704700F00F0000F1E02080F8EB
:105A1000141D70470148006870470000C002002054
:105A200002E008C8121F08C1002AFAD17047704767
:105A3000002001E001C1121F002AFBD170470000C5
:105A40000149086070470000C00200202DE9FF5F97
:105A500082B00021DDE90430020DDDF840B00343DF
:105A600018D044F61050A2F2FF3242431514119898
:105A700001281FD0A5EB0B00401C5FEA000A4FF085
:105A800000064E4FDFF83891B046504615D5CAF1A2
:105A9000000413E0119801244AA3012801D16FEA00
:105AA0000B010298119AC0E90031C0E9024206B028
:105AB000BDE8F09FCBF10000DFE704460021404A3B
:105AC000491842EB0450CDE9001012E0E00707D07E
:105AD00032463B4640464946FAF700FD8046894635
:105AE00032463B4610461946FAF7F8FC06460F4682
:105AF0006410002CEAD1DDE90401DDE90023BAF1EC
:105B0000000F06DAFAF7EAFC42464B46FAF7E6FCE3
:105B100005E0FAF755FD42464B46FAF751FD0446BB
:105B20000E460022284BFAF75BFE03D84FF0FF30F9
:105B3000014607E00022254B20463146FAF727FCB4
:105B4000FAF7C0FF102409E0002C0ADB0A22002328
:105B5000FAF7EEFA039B30321A55641E50EA01023E
:105B6000F2D1641C039AC4F111031444119A012A5E
:105B700003D0012208430DD10AE0084304D00020DD
:105B80004FF0110B119072E7A3EB0B056D1E0DE0AA
:105B90005B4504DD4FF0000205F1010504E003DA86
:105BA0004FF00002A5F10105002AECD002981199EE
:105BB000C0E90231C0E9004579E700000000144067
:105BC0000000F03F300000000000F0430000E03F24
:105BD00030380A2801D201207047002070470000A9
:105BE0002DE9FF4F95B09A46884606460025EEE11E
:105BF000252877D100242746F94A0121039400E0A3
:105C0000044316F8013F203B01FA03F01042F7D19C
:105C100030782A2811D06FF02F033078A0F13002AD
:105C2000092A16D8039A44F0020402EB820203EB1D
:105C300042021044761C0390EFE758F8042B0392BD
:105C4000002A03DA504244F40054039044F0020462
:105C5000761C30782E2816D116F8010F44F0040473
:105C60002A280DD06FF02F023078A0F13003092BD5
:105C700009D807EB870302EB4303C718761CF3E749
:105C800058F8047B761C30786C280FD006DC4C2842
:105C900017D068280DD06A2814D104E0742810D0D9
:105CA0007A280FD10DE044F400140AE044F4801483
:105CB00001E044F440147278824202D104F5801469
:105CC000761C761C307866280BD013DC582877D0E9
:105CD00009DC002875D04528F6D04628F4D047289E
:105CE0001AD193E118E0632835D0642879D065286B
:105CF00012D18BE1702873D008DC6728F1D06928B5
:105D00006FD06E280DD06F2806D1ACE073282CD050
:105D1000752874D0782853D05246179990476D1C37
:105D200054E1C4F30250022809D003280DD0D8F85A
:105D3000001004280DD00D6008F1040846E1D8F8E1
:105D40000010EA17C1E90052F6E7D8F800100D80FC
:105D5000F2E70D70F0E718F8041B8DF80010002032
:105D60008DF80100EB46012003E058F804BB4FF02A
:105D7000FF3061074FF0000102D40DE009F101018D
:105D80008946B9420FDA8145F8DB1BF80910002972
:105D9000F4D108E009F1010189468142FADB1BF8E0
:105DA00009100029F6D103985346A0EB09072146B4
:105DB0003846179A00F080FA284400EB090507E0FE
:105DC00044E008E10DE01BF8010B5246179990479B
:105DD000B9F10109F7D2534621463846179AF2E045
:105DE00039E00A21C4F302524FF0000B0091022A5D
:105DF00006D058F8040BC117032A09D00AE023E0A3
:105E000008F1070020F00702F2E80201904605E0E1
:105E100000B2C117042A01D140B2C117002906DA25
:105E20000A460021404261EB02012D2202E02205D8
:105E300004D52B228DF80420012203E0E20701D0D3
:105E40002022F7E7914657E00A2100E010214FF0A9
:105E5000000B00910BE010214FF0000B44F0040404
:105E60000827009103E008204FF0000B0090C4F3D6
:105E70000252022A05D058F8040B0021032A08D048
:105E800008E008F1070020F00702F2E8020190465E
:105E900003E080B2042A00D1C0B24FF0000922070B
:105EA0002AD53278702A07D0DDF800C08CF0100CAB
:105EB0005CEA0B0C05D00EE040228DF80420012294
:105EC00008E050EA010306D030238DF804308DF845
:105ED000052002229146009B83F0080353EA0B033E
:105EE0000AD150EA010201D1620705D530228DF8AE
:105EF00004204FF001097F1E3278582A04D039A2BD
:105F00000C920CAA02920BE03BA2F9E75B46009AC6
:105F1000FAF70EF90C9B9B5C029A521E02921370C8
:105F200050EA0102F2D1029804A9081A00F1200BEC
:105F3000600702D524F4803400E001275F4502DDCC
:105F4000A7EB0B0000E0002000EB0B010090039892
:105F50004944401A0390E00306D453462146179A59
:105F6000039800F0A9F90544002706E001A852466D
:105F7000C05D179990476D1C7F1C4F45F6DBE00311
:105F80000CD553462146179A039800F095F905441D
:105F900004E030205246179990476D1C0099481E26
:105FA00000900029F5DC08E002980299524600783A
:105FB000491C0291179990476D1CBBF10001ABF190
:105FC000010BF1DC5BE100F065F90544761C3078EB
:105FD00000287FF40DAE19B02846BDE8F08F000010
:105FE00009280100303132333435363738396162AF
:105FF0006364656600000000303132333435363773
:10600000383941424344454600000000600700D44F
:10601000062708F1070020F00700F0E80223804679
:1060200003F0004C5FEA0C0001D097A009E02005C6
:1060300001D596A005E0E00701D095A001E0AFF200
:106040004C001390307823F0004365280CD006DC18
:10605000452809D046281DD047287FD13BE0662837
:1060600018D067287AD136E00021112F01DB1120EA
:1060700000E0781CCDE9000104A90CA8FFF7E6FCBC
:10608000DDE90D010C9A4FF0000B07F101091092A8
:1060900000914EE04FF000400097CDE9011004A9B7
:1060A0000CA8FFF7D3FCDDE90D020C9B0F994FF014
:1060B000000B91461093009211B9791C00EB010975
:1060C000B7EB090003D4C0F1FF3B07F10109A9EBCD
:1060D0000700019042E0012F00DA01270021112F73
:1060E00001DD112000E03846CDE9000104A90CA82B
:1060F000FFF7ACFCDDE90D010C9A00914FF0000BAD
:10610000B946109221070FD4009A4A4503DA914606
:1061100001E0A9F10109B9F1010F05DD109AA9F11A
:106120000101515C3029F4D0B84202DA10F1040FB9
:1061300003DA0121CDE9011010E0002803DC8344DB
:10614000A9EB000102E0411C494500DD8946A0EBB6
:106150000B00401C01904FF000400290200705D436
:106160000198484502DB4FF0FF30019000208DF888
:106170004B0002980DF14B07B0F1004F25D00220E3
:106180000C902B200D90029800280CDA40420290CF
:106190002D200D9007E00A210298FAF769FB3031B3
:1061A000029007F8011D0C99481E0C900029F2DCA2
:1061B00002980028EFD1791E0D980870307800F011
:1061C000200040F0450007F8020D11A8C01BC01DBB
:1061D00002901398007800B1012000EB09010198AA
:1061E00001EBE071029801440398401A401E0390AD
:1061F000E00306D453462146179A039800F05CF852
:1062000005441398007818B15246179990476D1CB1
:10621000E00323D553462146179A039800F04CF823
:1062200005441BE0BBF1000F07DB0098584504DD77
:106230001098179910F80B0001E01799302052467A
:10624000904701980BF1010B401E05F101050190EB
:1062500004D12E205246179990476D1CB9F10001C8
:10626000A9F10109DEDC05E017F8010B5246179988
:1062700090476D1C0299481E02900029F4DC534699
:106280002146179A03989EE62D0000002B0000007F
:10629000200000002DE9F041044600251E46174667
:1062A000880404D405E039462020B0476D1C641EE4
:1062B000F9D52846BDE8F0812DE9F04104460025D6
:1062C0001E469046C80301D5302700E020278804E9
:1062D00004D505E041463846B0476D1C641EF9D52B
:1062E0002846BDE8F0814A68002A06D00A68531C97
:1062F0000B6010704868401E4860704730B583B02E
:106300000446FFF787FB05460020CDE90000024662
:1063100021466846FAF70FFB2846FFF791FBDDE9B7
:10632000000103B030BD0000F8B5324E04463049DC
:1063300030780B258C4207DD000731D41623042169
:106340002D4A8220009520E02C492144B1F5801F80
:106350000BD240F008003070400721D4264A1623A3
:10636000213A0421822000950FE02549254A214445
:1063700091420DD840F004003070800710D41E4ABE
:106380001623423A042182200095FBF7C5FC07E062
:106390001D491E4A2144914202D840F0030030704A
:1063A0003078C00714D01349891E4878E8B100201E
:1063B0004870114A00284FF01603A2F184024FF0F2
:1063C00004014FF08200009500D02132FBF7A4FCBD
:1063D0000D484042844207DA074A1623213204213D
:1063E00082200095FBF798FCF8BD0120E0E7000053
:1063F000333393406A020020BFF40008CCCC7CBF4A
:10640000999999BFCCCC1C006666E6C0CCCC4C01F7
:1064100000F00F01000900EB800001EB4000C0B26A
:106420007047000070B505F0DBFE1D4E1D4C0025C9
:1064300078B1607868B1012240213046FCF727FB33
:106440002078401CC1B22170322920D3257065709C
:106450001EE005F0A1FED8B1A078C8B12079C00730
:1064600001D0002200E0012240213046FCF70FFB62
:10647000E078401CC0B2E070322808D3E570207983
:10648000401CC0B22071042801D32571A57070BDD5
:106490003046BDE8704000224021FCF7F8BA000009
:1064A000000002407802002003490022034BD1E99A
:1064B0000201FAF785B800001001002000408F406B
:1064C0001CB514490860FBF715FEB621E020FAF769
:1064D00089FE1420FCF7E8F903208DF80000012460
:1064E0008DF801408DF802006846FAF770FE002032
:1064F0008DF8040004208DF805008DF8064001A8F1
:10650000FAF75AFEFF217420FAF76CFE0A20FCF716
:10651000CBF91CBD10010020FF2000F001B80000E5
:10652000084B196809688A68D2439207FBD4C8608F
:10653000186800688168C943C907FBD1C068C0B248
:10654000704700001001002010B50120FAF7DEFDB1
:106550000028FAD10820FAF7D9FD0028FAD1FAF775
:10656000FBFD044CC4E90401FAF7DAFDC4E90201B9
:1065700010BD0000100100202DE9F14F7448734E4A
:106580004068FAF7B1F84FF0FF32FAF788F80022C6
:10659000704BF9F79DFF04460D46B346B6F910005F
:1065A000FAF7A2F80746884622462B4610461946B7
:1065B000F9F794FF43463A46F9F790FF6FF00E0261
:1065C000FAF76DF880460F46B6F90E00FAF78CF828
:1065D00022462B46F9F782FF0122FAF760F842467D
:1065E0003B46F9F7D4FE81468A46B6F90C00FAF725
:1065F0007BF81022FAF753F8074688466FF001023D
:1066000048465146FAF74BF83A464346F9F7BFFE7B
:1066100080468946B6F90800FAF766F822462B4606
:10662000F9F75CFF07468A46B6F90A00FAF75CF804
:1066300022462B46F9F752FF22462B46F9F74EFF2A
:106640006FF012042246FAF72AF853463A46F9F751
:106650009EFE2246FAF723F805460F46F088FAF721
:1066600054F804460E466FF00E0228463946FAF7F3
:1066700016F80022384BF9F78AFE22463346F9F71E
:106680002DFF002204460D461346FAF791F803D178
:1066900000200146BDE8F88F0098FAF725F800229F
:1066A0002E4BF9F718FF06460F466FF00B024046D7
:1066B0004946F9F7F4FF32463B46F9F70CFF002252
:1066C000274BF9F70BFF22462B46F9F779FF0446D3
:1066D0000D465E46BBF91600FAF706F822462B4631
:1066E000F9F7FCFE22462B46F9F7F8FE6FF01E0282
:1066F000F9F7D5FF82468B46B6F91400F9F7F4FF97
:1067000022462B46F9F7EAFE6FF00E02F9F7C7FFB3
:1067100007468946B6F91200F9F7E6FF06468846AD
:106720003A464B4650465946F9F731FE4346324603
:10673000F9F72DFE6FF00302F9F7B1FF01B0224621
:106740002B46BDE8F04FF9F722BE0000E00500201F
:10675000080100200040EF400000F03F0000304101
:10676000006AB8402DE9F84F2C4C0546B4F90200F8
:10677000F9F7BAFF824688462088F9F7C6FF064631
:106780006FF009020091F9F78AFF81460F4628460B
:10679000F9F7AAFF8B4605466FF00D02F9F77FFF68
:1067A0004A463B46F9F794FE52464346F9F796FEB1
:1067B00081468A46B4F90400F9F796FF04468846F4
:1067C00030466FF00C020099F9F769FF06460F4654
:1067D000284659466FF01002F9F761FF32463B46F2
:1067E000F9F776FE02460B46F9F778FE4346224655
:1067F000F9F774FE4A465346F9F7C9FD0D460446BB
:10680000F9F7A4FF06490022064B486001B0204674
:106810002946BDE8F04FF9F7D3BE0000E00500209F
:10682000080100200000B440D020FAF7ABBC000003
:1068300010B503F04DFA2E4CB0B300F0EDFD20780A
:10684000092816D104F18000A169C0684069884216
:106850000FD1897904F17402890701D01C2100E06D
:106860001D21517040692249827973314069515C20
:106870000172A069017821F0010101704069A061F5
:10688000017841F0010101706269526982420BD1C5
:1068900021F0010101706069017841F0010101708E
:1068A000144820621448606203F0DCF900281DD00F
:1068B00000F074FDA069017821F001010170806988
:1068C000A061017841F00101017062695269926929
:1068D00082420BD121F0010101706069017841F021
:1068E00001010170034820620348606210BD00008E
:1068F00030000020496D0008FD6800082DE9F047D0
:1069000088B003F0AFF9B34FA7F1800460B100F095
:1069100045FD787840B12078072801D104F0E2FDE8
:106920007878012103F09EFDF86810B3606900B328
:106930000078C0071DD003F0CBF900287DD000F00F
:106940006BFD606900250722C17801264FF002081F
:1069500081B32178042911D00D2914D002294FD0F8
:10696000042903D3062901D88278E27108294AD084
:106970004BE008B0BDE8F04700F04EBD8268002A49
:10698000F2D02264F0E783681978462927D008DC22
:10699000422910D0432910D044291CD0452934D194
:1069A0001BE04E2922D04F2922D0542925D070290E
:1069B0002BD120E030E00A211BE059784C2904D08B
:1069C0004F2906D0682920D101E0082111E00921D2
:1069D0000FE00B210DE0A57317E0042109E05978C1
:1069E000432901D0A27310E0032102E0062100E058
:1069F0000521A17309E0A67307E084F80E8004E086
:106A00008178217201E08178A171C07808B00021FD
:106A1000BDE8F04703F026BD416900297DD022780A
:106A2000222A15D0232A13D0242A11D0027822F04A
:106A300001020270A161087800E006E040F0010068
:106A40000870654820626548606208B0BDE8F0875C
:106A5000607B0028F9D1F8680A214069FDF7CEFF74
:106A60008146F9F752FE00225D4BF9F7A9FD074672
:106A70008A465848CDE9007A5AA208212338FEF701
:106A80009FFFB9F1000F5DD038465146F9F7C0FEBF
:106A9000504FE0610C373846FEF792F800225D2136
:106AA0004B2003F085FA3C1FCDE90454A4F12B00E0
:106AB000CDE90005CDE9026500231A4638213420CE
:106AC000FDF703FCCDE904544948CDE90005CDE9C3
:106AD00002850723474A4C210020FDF7F6FBCDE94C
:106AE00004544548CDE90005CDE902850523434A14
:106AF00060210020FDF7E9FB02F06AFFCDE90454B4
:106B00001730CDE90005CDE9026500231A4688213A
:106B10003820FDF7DAFB3A4800E016E005F0E6FA27
:106B200003950495CDE90557CDE90056354B042270
:106B3000354900200296FEF721F808B0BDE8F0477D
:106B4000FAF768BC31483249A0E722492078183961
:106B5000212833D006DC12282CD014280CD016287B
:106B600006D123E0222829D0232827D0242825D085
:106B700028480860284824E004F04EFE00283FF42E
:106B800064AF04F071FE00287FF45FAF02F020FFD5
:106B90000028F4D002F01CFFFAF7FFFC0028EED02A
:106BA000002004F0F1F8014601200EE01B480860C7
:106BB0001B4806E01B4808601B4802E01B480860B1
:106BC0001B4848600A720121002008B0BDE8F04768
:106BD00001F0B0BDB00000205D6E00083168000813
:106BE000000024402530352E303166202525000058
:106BF00020F0000819F0000835F0000830F0000817
:106C00000000A842E4F20008A2EF0008FCA9F1D2BB
:106C10004D62503F3BF3000842F300084FF3000879
:106C200056F3000873F300087AF3000860F30008D5
:106C300067F3000810B503F04BF8244C50B300F094
:106C4000EBFBA069017821F00101017004F18001E2
:106C5000496881421FD104F0D7FE2078222820D035
:106C600008DC03281DD01D281BD020280CD021288B
:106C700008D116E0232814D0242812D0252810D0BB
:106C800026280ED0012102E000F09AFA01460220E7
:106C900001F050FD05E00E4820620E48606200F0F1
:106CA0005DFC02F0DFFF00280ED000F077FBA0694A
:106CB000017821F0010101700548206205486062F9
:106CC000BDE8104000F04ABC10BD000030000020BC
:106CD000496D0008FD68000810B502F0F9FF10B317
:106CE00000F09AFB1748007801281CD104F0BCFD85
:106CF000C8B902F06DFEB0B105F054FA022804D113
:106D000002F066FEFAF74FFCA8B105F04BFA50B15D
:106D100002F05EFEFAF747FC28B100F07BFA02F0C1
:106D200057FEFAF7D0FC02F09DFF002808D0BDE81E
:106D3000104000F033BB02F04BFEFAF7BFFCF2E765
:106D400010BD00003000002070B5234D6C69E4B325
:106D500005F18006F068C0B32078C00735D002F096
:106D6000D7FFA0B100F080FB68692469844202D09B
:106D700021784907F9D5844209D0207840F00100F4
:106D800020706869017821F0010101706C6102F0E6
:106D900051FFA0B100F0E2FA6869E468844202D0D1
:106DA00021784907F9D5844209D0207840F00100C4
:106DB00020706869017821F0010101706C61F1684F
:106DC0006869BDE8704005F037BC00F04DFBBDE8D8
:106DD000704000F0C3BA00003000002070B502F02F
:106DE00097FF1C251C4C1B26B8B100F03DFB2078FA
:106DF0001B2802D01C2810D105E0174825708030D0
:106E000001F072F904E014482670803000F0BAFFF7
:106E10000022A021202003F0CBF802F00BFF002875
:106E200018D000F09BFA20781B280DD01C2811D117
:106E300009482670803000F0A5FFBDE870400022B0
:106E4000A021202003F0B4B803482570803001F061
:106E50004BF9F2E770BD00003000002010B502F0E1
:106E600057FF2A4C60B100F0FFFA2078092829D09A
:106E7000152818D0A069027AC179801D05F096FB0B
:106E800002F0D8FE002840D000F068FA20780928E7
:106E900031D015281FD0A069027AC179BDE8104011
:106EA000801D05F093BB03F051FF0028E8D003F0EC
:106EB0004DFF024615480121103005F07FFB05F01B
:106EC0000FFBDDE7A069027AC179801D05F06EFB3A
:106ED00005F040FBD4E703F039FF002815D003F09C
:106EE00035FF024609480121103005F077FBBDE867
:106EF000104005F0F5BAA069027AC179801D05F04D
:106F000065FBBDE8104005F025BB10BD300000203A
:106F100010B502F0FDFE104C60B100F0A5FAA069BA
:106F2000017821F0010101708069A061017841F0D0
:106F30000101017002F07EFE00280CD000F00EFA74
:106F4000A069017821F0010101704069A061017818
:106F500041F00101017010BD3000002010B502F0B9
:106F6000D7FE08B100F080FA02F064FE002803D0DA
:106F7000BDE8104000F0F2B910BD000010B502F0FD
:106F800059FF054C206A00B18047606A002802D092
:106F9000BDE81040004710BD300000202DE9F04151
:106FA00086B000278DF8107000F0B8F8002819D0CE
:106FB000594CA01C27706178FAF75FF9002811D0AE
:106FC000A078FE280ED1E17802290ED0032909D13C
:106FD000217901297ED0022904D1B4F8050040BAF4
:106FE00003F060FF06B0BDE8F08120790225FF269E
:106FF000032808D04FF00108042815D005284ED0EA
:1070000006287BD169E0012217023946601DFEF790
:1070100083FB05F039F98DF800608DF801500320ED
:107020004AE08DF8030069E060798DF80E00A079E0
:107030008DF80D00E0798DF80B00207A8DF80A00AC
:10704000607A8DF80900A07A8DF8080002A8FCF794
:1070500046FF8DF800608DF8015004208DF8020085
:10706000FDF712FF6179884216D1FDF7FBFEA17989
:10707000884211D1FDF7E4FEE17988420CD1FDF799
:10708000E5FE217A884207D1FDF7E6FE617A884263
:1070900002D18DF8038031E08DF803702EE00122DB
:1070A00097023946601DFEF737FB05F0EDF88DF8C5
:1070B00000608DF8015005208DF80200012239464C
:1070C00004A8FEF7C9FA60799DF81010884202D131
:1070D0000120A6E71DE00020A3E78DF800608DF8F1
:1070E000015006208DF80200FEF776FA4FF49670F4
:1070F000FBF7DAFB8DF8038000F03EFA06216846C4
:10710000FDF75FFFC82306226946E069FCF78EFEA3
:1071100068E703F0E5FE65E74802002002480078D2
:1071200000F00100704700004802002008B50D4A39
:107130000168914215D10A6849680091FCF7FDFB8E
:107140000948006840680949C0F1140048700120EE
:1071500001F81C0B142251F81A09BDE80840FCF78D
:1071600043BE08BD003801408804002048020020CA
:1071700070470000064941F81C0F0068C26842F0E1
:107180001002C26051F81A091422FCF72DBE00004B
:1071900048020020094909488039C0684A6990427C
:1071A0000AD14069896940694069884204D082797E
:1071B000017A8A4200D9817170470000B000002036
:1071C00070B50B4D0A21E8684069FDF717FC84B2E1
:1071D000E8680A21C0684069FDF710FC0004000C53
:1071E00004D01CB1844201D3002070BD012070BDC9
:1071F000B00000200248017821F0080101707047BA
:10720000920100200248017821F0040101707047CA
:107210009201002001490020487070479802002028
:107220000248017821F0100101707047920100209E
:107230000248017821F0200101707047920100207E
:107240001248017821F010010170017821F040010D
:107250000170417821F001014170017821F0800135
:107260000170017821F002010170017821F008011C
:107270000170017821F020010170017821F00401F2
:107280000170017821F00101017070479001002028
:107290000248017821F0100101707047960100202A
:1072A0000248417821F0F00141707047AC010020A4
:1072B0000248017821F0100101707047940100200C
:1072C0000248017821F01001017070479001002000
:1072D0000248017821F040010170704796010020BA
:1072E0000149002088807047AC01002002480178E5
:1072F00021F040010170704794010020024801789C
:1073000021F040010170704790010020024841784F
:1073100021F001014170704790010020024801787E
:1073200021F080010170704790010020024801782F
:1073300021F0020101707047960100200248017897
:1073400021F0F00101707047AC0100200248017883
:1073500021F0020101707047940100200248017879
:1073600021F002010170704790010020024801786D
:1073700021F0080101707047960100200248417811
:1073800021F00F0141707047AC01002002480178E4
:1073900021F0080101707047940100200248017833
:1073A00021F0080101707047900100200248017827
:1073B00021F0200101707047960100200248817879
:1073C00021F00F0181707047AC0100200248017864
:1073D00021F02001017070479401002002480178DB
:1073E00021F02001017070479001002002480178CF
:1073F00021F004010170704796010020014900202E
:10740000C8807047AC0100200248017821F00401D7
:1074100001707047940100200248017821F00401B6
:1074200001707047900100200248417821F002016C
:1074300041707047900100200248017821F001015D
:1074400001707047960100200248017821F00F0179
:1074500001707047AC0100200248017821F0010161
:1074600001707047940100200248017821F0010169
:1074700001707047900100200248017821F001015D
:10748000017070479201002010B504F0A3FE054979
:107490002022897ABDE8104002EBC101C9B202F096
:1074A000CBBD0000300000200248017821F002012D
:1074B00001707047920100200248017821F001011B
:1074C00001707047A80100200248017821F0800176
:1074D00001707047920100200248017821F04001BC
:1074E000017070479201002010B503F0FBFFBDE86A
:1074F000104004F015B8000010B508A10948F8F7CD
:107500006CFE044608A1401CF8F767FE021B2146EA
:10751000BDE810400548F8F73CBE000024474E5235
:107520004D4300007822002024000000DC010020F0
:107530000A21B0FBF1F201FB1202B0FBF1F042EACA
:107540000010C0B27047002204E00A21491EC9B2EF
:10755000FCD2521C8242F8D370470000024900203E
:10756000487002F053BD0000300000200148FBF7D6
:10757000C5BA0000180300201CB500200090582058
:107580008DF8040002F07CFE0122002101A8FEF724
:10759000C3F8022211026846FEF7BEF8FDF720FD8F
:1075A0000520FBF781F9FAF751FB1CBD10B50A491C
:1075B000F8F77DFEF9F7E9F80022084BF8F7E7FE47
:1075C000F9F7C4F8F9F790F80022054BF8F7F8FF3F
:1075D000BDE81040F9F71CB90000C8420000E03FC8
:1075E0000000594010B5002821D0114B0022001F87
:1075F000196803E0814203D80A4649680029F9D195
:1076000052B11368841A9C4204D100681844106077
:10761000104602E0506000E0186039B102680B1AB1
:10762000934203D10B681A4402604968416010BD5F
:10763000B802002010B502F099FB002813D00A49C7
:107640004888401C80B2488040F2DC5290420AD305
:1076500002F036FB002806D14880FFF72DFFBDE879
:10766000104002F0F9BE10BDA8010020F0B5194984
:10767000044689B04FF082400860F9F7C5FE002546
:1076800001262020CDE90006079507AF0395049554
:107690000296CDE90557104B022210492846FDF706
:1076A0006DFA03950495CDE90557CDE900560C4BCD
:1076B00002220C4901200296FDF760FA0D2060704D
:1076C0000948206104202070084860610798E06044
:1076D00009B0F0BDD400002084F20008BEEF00081D
:1076E00080F20008C0EF000866EF000806F200080C
:1076F000F0B51949044689B04FF082400860F9F7A7
:1077000083FE002507AF079503950495CDE905573E
:107710000126CDE90056114B022211492846029656
:10772000FDF72CFA03950495CDE90557CDE90056F0
:107730000C4B02220C4901200296FDF71FFA0A2089
:1077400060700A4820610320207009486061079832
:10775000E06009B0F0BD0000D400002084F2000811
:10776000BEEF000880F20008C0EF00088BF10008AF
:107770008EF1000830B589B01449044600254FF059
:10778000824007950860F9F73FFE04F04BF8006867
:1077900078B107A903950495CDE9055101211A2275
:1077A000CDE9002102912846094B03220949FDF742
:1077B000E5F9052060700848206104202070074822
:1077C00060610798E06009B030BD0000D40000207F
:1077D00023F100081DF1000866EF000806F200081A
:1077E0002DE9F04F05469A488FB04FF08141016076
:1077F00024200B90F9F708FE0024079408940994BC
:107800000A9402F0ABFD002805D804F0F5FC83468D
:1078100004F0D4FC0C905846F8F784FF1FFA80FA65
:107820000A27BAFBF7F04FF00908CDE90348C0B2C8
:107830000094CDE901400DF124090126CDE9056947
:1078400000231A4660200B99FDF7A8F8BAFBF7F160
:10785000CDE9034807FB11A00094CDE90140CDE933
:10786000056900231A4668200B99FDF797F87949B6
:107870005846F8F71CFD8246F8F754FF80B2B0FB7B
:10788000F7F1CDE9034807FB11000094CDE9014071
:10789000CDE9056900231A4678200B99FDF77EF89B
:1078A0006C495046F8F703FDF8F73CFF80B2B0FB97
:1078B000F7F1CDE9034807FB11000094CDE9014041
:1078C000CDE9056900231A4680200B99FDF766F87B
:1078D0000AA8CDE90440DFF880B1CDE900B4002367
:1078E000029403941A4670200B99FCF7EEFC099958
:1078F0000DF11C0ACDE90441CDF818A003940094C1
:10790000CDE90146554B052255490020FDF736F9D2
:107910004F484FF083410068F8F771FC0146514829
:10792000F8F76DFCF8F7FEFEC0B20B900C98F8F774
:10793000F9FE80B20D90B0FBF7F0CDE903480DF1F0
:1079400020090094CDE90569C0B2CDE901400023CA
:107950001A4660200B99FDF721F80D98CDE90348F0
:10796000B0FBF7F107FB11000094CDE90140CDE930
:10797000056900231A4668200B99FDF70FF8354971
:107980000C98F8F794FC0C90F8F7CCFE80B2B0FBA2
:10799000F7F1CDE9034807FB11000094CDE9014060
:1079A000CDE9056900231A4678200B99FCF7F6FF0C
:1079B00028490C98F8F77BFCF8F7B4FE80B2B0FBCE
:1079C000F7F1CDE9034807FB11000094CDE9014030
:1079D000CDE9056900231A4680200B99FCF7DEFFEC
:1079E0000AA8CDE90440CDE900B400230294039431
:1079F0001A4670200B99FCF768FC0899CDF818A07E
:107A0000CDE9044103940094CDE90146164B0522CB
:107A100016490120FDF7B2F803940494CDE9054A14
:107A20000094CDE901460222114B12491046FDF7A0
:107A3000A5F81A20687010482861042028700F48A3
:107A400068610798E8600A98A8600FB0BDE8F08FF9
:107A5000D400002000002041DDC6000887F20008A5
:107A600094EF0008000010428FF2000899EF000820
:107A70007BF20008C2EF000866EF000806F200087B
:107A8000F0B51F49054689B04FF081400860F9F70D
:107A9000BBFC002407AF079403940494CDE9054789
:107AA0000126CDE90046174B0222174920460296CF
:107AB000FDF764F803940494CDE90547CDE9004649
:107AC000124B0222124901200296FDF757F8039447
:107AD0000494CDE90547CDE9004602220D4B0E493D
:107AE00010460296FDF74AF8052068700B48286199
:107AF000042028700A4868610798E86009B0F0BD62
:107B0000D400002080F20008C0EF0008C1F1000896
:107B1000BFF10008B8F10008B6F10008A8F10008AC
:107B2000ACF10008F0B52649054689B04FF0814018
:107B30000860F9F769FC002407AF079403940494E4
:107B4000CDE905470126CDE900461E4B02221E491C
:107B500020460296FDF712F803940494CDE90547F8
:107B6000CDE90046194B0322194901200296FDF781
:107B700005F803940494CDE90547CDE90046154B7B
:107B80000322154902200296FCF7F8FF039404949F
:107B9000CDE90547CDE900460322104B10491046B8
:107BA0000296FCF7EBFF052068700E482861042060
:107BB00028700D4868610798E86009B0F0BD0000C2
:107BC000D400002080F20008C0EF0008AEF30008E7
:107BD000A5F30008B9F30008A8F30008C4F30008EF
:107BE000ABF3000862EF0008FCF10008F0B519499A
:107BF000044689B04FF082400860F9F705FC002583
:107C000001261920CDE90006079507AF03950495D5
:107C10000296CDE90557104B032210492846FCF780
:107C2000ADFF1820CDE90006039504950296CDE935
:107C300005570B4B03220B490120FCF79FFF052042
:107C40006070094921612070084860610798E06010
:107C500009B0F0BDD40000209CF1000899F10008A3
:107C60008EF100088BF1000881F1000886F1000810
:107C70002DE9F04F0E462449044689B04FF080406C
:107C80000860F9F7C1FB00254FF0010907AF4FF07D
:107C9000220A4FF0230B0795012E08D0082E2CD175
:107CA00002F08EFB48B30078442803D025E003F0AF
:107CB000DBFD10BBCDE900A9B84603950495CDF8CE
:107CC0000890CDE905584F46104B0222104900207C
:107CD000FCF754FFCDE900B7039504950297CDE971
:107CE00005580C4B02220C490120FCF747FF0B48BA
:107CF0002061052020700A4860610798E060667086
:107D000009B0BDE8F08F0000D4000020B4F20008F4
:107D1000B2EF0008BDF20008B4EF0008CAEF000897
:107D2000CFEF000810B51249044688B04FF08340E9
:107D30000860F9F769FB002007A9079003900490F9
:107D4000CDE905010121CDE900010A460291094B67
:107D50000949FCF713FF06206070084820610420E1
:107D60002070074860610798E06008B010BD00000F
:107D7000D40000209DF300089CF3000882EF000867
:107D80004EF200082DE9F04F87B000250446069515
:107D9000F9F73AFBDFF80883D8F83C00F8F7F5FC70
:107DA000CDE90001BFA20721C048FDF709FED8F8C0
:107DB0004000F8F7EAFCCDE90001BC48B9A2072170
:107DC000C01DFDF7FDFD06AECDE904564FF0020AD9
:107DD000B748CDE90005CDE902A5D1460323B54A50
:107DE00020210020FCF771FACDE904560127CDE9E6
:107DF0000275CDE9008500231A4620213020FCF7CA
:107E000064FACDE90456AC48CDE90005CDE9027528
:107E100000231A4630211846FCF757FACDE90456DC
:107E200008F10D00CDE90005CDE9027500231A46E1
:107E300030211820FCF749FACDE904569F48CDE9D6
:107E40000005CDE9027500231A4640211846FCF7CB
:107E50003CFACDE90456A8F10E00CDE90005CDE9C4
:107E6000027500231A4640211820FCF72EFACDE9AE
:107E700004569348CDE90005CDE902950223914AC5
:107E800050210020FCF721FA04F0A4F908B12020C9
:107E900000E04020059607220095CDE903274FF02A
:107EA0000309CDE901590023B8461A465021FCF7D1
:107EB0000CFACDE904567D48CDE90005CDE90275FF
:107EC00000231A4650217020FCF7FFF9CDE9045633
:107ED0007D48CDE90005CDE902A5574602237B4A3E
:107EE00060210020FCF7F1F904F074F908B12020BA
:107EF00000E04020B34603A946460923009581E8E7
:107F00004808CDE901590023AA461A466021FCF72A
:107F1000DCF96648CDE9045BC01DCDE90005CDE97B
:107F2000026500231A4660217020FCF7CEF95C4DF3
:107F3000287844287ED1A86BF8F727FCCDE900010A
:107F40005A4858A207210E30FDF73AFDE86CF8F7C1
:107F50001CFCCDE90001554852A207211530FDF760
:107F60002FFDA86CF8F711FCCDE900014F484DA298
:107F700007211C30FDF724FD5546CDE9045B54482C
:107F8000CDE90005CDE902755E46BA460223514AA5
:107F900070210020FCF799F903970095CDE901596C
:107FA000CDE9048600231A4670212020FCF78DF9C4
:107FB0003E48CDE904560E30CDE90005CDE90285F5
:107FC000002370211A460846FCF77FF9CDE90456D4
:107FD000DFF804B1CDE90275CDE900B503233F4ACE
:107FE00080210020FCF771F904F0F4F808B130208A
:107FF00000E0102047460095CDE90297CDE90476D0
:108000000023C8461A4680210195FCF75EF92748EF
:10801000CDE904561530CDE90005CDE90275002300
:108020001A4680217020FCF750F9CDE902A5CDE970
:10803000045600E026E0CDE900B50323274A90214D
:108040000020FCF742F904F0C5F808B1302000E048
:1080500010200095CDE901580596CDE9038700234E
:108060001A469021FCF731F91048CDE904561C302E
:10807000CDE90005CDE9027500231A469021702054
:10808000FCF723F90698A060152060701448206161
:10809000042020701348606107B0BDE8F08F000035
:1080A0006805002025362E3266000000DE00002024
:1080B000F8F00008F5F0000803F10008FFF00008F0
:1080C00009F1000807F1000814F1000812F1000896
:1080D00036F1000834F1000820F100081DF1000815
:1080E0007EEF000844F200082DE9F04188B000243A
:1080F00005460694F9F788F906AECDE904462F48FF
:108100004FF00208CDE90004CDE9028403232C4A94
:1081100020210020FCF7D9F8CDE9044629480127A1
:10812000CDE90004CDE9027400231A463021184637
:10813000FCF7CBF82348CDE90446801CCDE90004C8
:10814000CDE9027400231A4630211820FCF7BDF84F
:10815000CDE904461C48CDE90004CDE9028403239F
:108160001A4A40210020FCF7B0F81648CDE9044631
:10817000801ECDE90004CDE9027400231A46502187
:108180001846FCF7A2F80F48CDE904460E30CDE9B9
:108190000004CDE9027400231A4650211820FCF790
:1081A00094F80698A8601520687009482861042092
:1081B00028700848686108B0BDE8F0814CF10008FB
:1081C00049F10008840500203EF100083BF1000859
:1081D0007EEF000844F2000810B51249044688B04A
:1081E0004FF083400860F9F70FF9002007A90790C6
:1081F00003900490CDE905010121CDE90001029130
:10820000094B02220949FCF7B9FC062060700848B6
:10821000206104202070074860610798E06008B082
:1082200010BD0000D40000207BF20008C2EF00085F
:108230007AEF000839F200082DE9F0418AB00F46C4
:1082400000245049054607944FF085400894086083
:10825000F9F7DAF807AECDE904464B484FF00208CB
:10826000CDE90004CDE902840523484A20210020FD
:10827000FCF72BF8CDE904464548CDE90004CDE9EB
:1082800002840523434A30210020FCF71EF8CDE983
:1082900004464148CDE90004CDE9028405233F4A64
:1082A00040210020FCF711F8384602F081FA02F074
:1082B0004DFD034633483AA20621001DFDF780FB21
:1082C000CDE9044637484FF00108CDE90004CDE977
:1082D000028400231A4620215020FBF7F6FF29488C
:1082E000CDE90446001DCDE90004CDE90284002358
:1082F0001A4630215020FBF7E8FF02F035F8CDE9AF
:108300000446CDE90004CDE9028400231A46402149
:108310005020FBF7DAFF08AEBFB1781E81B22248C9
:1083200002F01AFDF9B2204804F0F0F8CDE9034854
:108330001B21CDE900181C4BCDF80880143B00220E
:10834000CDE90546114610460AE003940494CDE9B0
:108350000546CDE90048154B03221549002002943B
:10836000FCF70CFC0898E8600798A8600620687085
:1083700010482861042028700F4868610AB0BDE8E1
:10838000F0810000D4000020C4F00008BFF0000815
:10839000DAF00008D5F00008EAF00008E5F000087F
:1083A00025356400CFF0000868050020B7F000080C
:1083B000B4F000087EEF000844F20008004870475F
:1083C00068050020F0B587B00446F9F71DF80025D0
:1083D000069501F0A5FC007806AED0B1CDE90456B3
:1083E0002E480227CDE90005CDE9027503232C4A6A
:1083F00060210020FBF769FFCDE904562948CDE94B
:108400000005CDE902750323274A30210020FBF740
:108410005CFF01F00BFDCDE904560127CDE9000515
:10842000CDE9027500231A4640211846FBF74DFF9F
:1084300001F076FCCDE90456CDE90005CDE90275E1
:1084400000231A4640211820FBF73FFF01F0EAFC09
:10845000CDE90456CDE90005CDE9027500231A46A1
:1084600070211846FBF731FF01F066FCCDE9045698
:10847000CDE90005CDE9027500231A4670211820C8
:10848000FBF723FF0520607008482061042020705E
:10849000074860610698A06007B0F0BD3EF1000893
:1084A0003BF100084CF1000849F1000872EF0008A8
:1084B00022F20008F0B52149054689B04FF080400E
:1084C0000860F8F7A1FF002401261420CDE900067A
:1084D000079407AF039404940296CDE90547184B1F
:1084E000042218492046FCF749FB1520CDE9000677
:1084F000039404940296CDE90547134B04221349D3
:108500000120FCF73BFB1620CDE900060394049400
:108510000296CDE905470E4B04220E490220FCF7D6
:108520002DFB0798E860022068700B482861042042
:1085300028700A48686109B0F0BD0000D40000202E
:1085400039F200087AEF000844F200087EEF0008D4
:108550004EF2000882EF000856EF0008D9F100083B
:10856000F0B51949044689B04FF082400860F8F729
:108570004BFF002507AF079503950495CDE90557F7
:108580000126CDE90056114B0222114928460296D8
:10859000FCF7F4FA03950495CDE90557CDE90056AB
:1085A0000C4B02220C4901200296FCF7E7FA0A2044
:1085B00060700A48206103202070094860610798B4
:1085C000E06009B0F0BD0000D400002084F2000893
:1085D000BEEF000880F20008C0EF000899F1000823
:1085E0009CF10008F0B52249044689B04FF0824062
:1085F0000860F8F709FF0025079503F0EBFD012659
:10860000CDE9036507AFCDE90557CDE900562B4607
:10861000029678B1082217490020FCF7AFFACDE99D
:108620000365CDE90557CDE900560023082212491C
:1086300002960EE0072211490020FCF79FFACDE9CF
:108640000365CDE90557CDE9005600230C49072203
:1086500002960120FCF792FA05206070094820611B
:1086600004202070084860610798E06009B0F0BD00
:10867000D40000201DF4000833F4000825F400089D
:108680002CF400085EEF0008F3F10008F0B5204973
:10869000054689B04FF080400860F8F7B5FE002429
:1086A00001260420CDE90006079407AF0394049443
:1086B0000296CDE90547174B052217492046FCF7DE
:1086C0005DFA0520CDE90006039404940296CDE9F5
:1086D0000547124B042212490120FCF74FFA0620ED
:1086E000CDE90006039404940296CDE905470D4BAD
:1086F00004220D490220FCF741FA0798E8606E70E9
:108700000A482861022028700948686109B0F0BD54
:10871000D4000020CAF100084DEF0008D2F1000893
:1087200052EF0008D9F1000856EF0008A6EF000844
:10873000ECF2000810B5104C012260716270A1705B
:1087400060B1012801D0022815D103F007FD20787F
:10875000012810D00948206209480BE00648803003
:1087600040684069A061017841F00101017005484D
:1087700020620548606210BD30000020496D00088D
:10878000FD680008116F0008356C0008F0B587B06F
:108790000546F8F739FE002406AECDE904460694F6
:1087A00022480227CDE90004CDE902740523204ABE
:1087B00028212046FBF789FDCDE904461D48CDE977
:1087C0000004CDE9027405231B4A40210020FBF779
:1087D0007CFD01F0DDFD19490127002351F820003F
:1087E000CDE90446CDE90004CDE902741A462821FA
:1087F0006020FBF76AFD01F0E9FDCDE90446CDE913
:108800000004CDE9027400231A4640216020FBF7E2
:108810005CFD052068700A4828610420287009481A
:1088200068610698A86007B0F0BD00009CF20008DF
:10883000DEEF0008A8F20008E3EF000820000020A7
:1088400076EF00082EF200082DE9F0430E46484965
:1088500005468BB045480860F8F7D6FD002407941C
:1088600008944FF002090994002E6FD109AECDE9AA
:1088700004464048CDE90004CDE9029404233E4A71
:1088800024210020FBF721FDCDE904463B48CDE93A
:1088900000040023029403941A4638216420FBF755
:1088A00014FD3648CDE904463038CDE900040023F4
:1088B000029403941A4638214C20FBF706FD4FF032
:1088C0000908CDE9034808AF01260094CDE9056702
:1088D000CDE9014600231A4638213420FCF75EF822
:1088E000CDE9034800940194002302941A463821EC
:1088F0003C20CDE90567FCF751F8CDE90348009429
:108900000194002302941A4638214420CDE90567DA
:10891000FCF744F8CDE90348009401940023029445
:108920001A4638215420CDE90567FCF737F8089935
:1089300007A8CDE904410690CDE900460394104B09
:108940000622104900200296FCF718F90798E86003
:108950000998A8601E2068700B48286185F800906F
:108960000A4868610BB0BDE8F083000000003042A7
:10897000D40000200EF000080AF000080DC700081F
:10898000FEEF0008F8EF0008B2EF0008B4F20008AC
:1089900030B589B0044601F013FD144905464FF087
:1089A00080400860F8F730FD0020079029784429BE
:1089B0000FD107A903900490CDE9050101202621DC
:1089C000CDE9001002900A4B04220A490020FCF76E
:1089D000D5F80798E06008206070074820610420FF
:1089E00020700648606109B030BD0000D40000204E
:1089F000D9F200089EEF00088BEF000866F200082D
:108A000030B51149044689B04FF083400860F8F74B
:108A1000FBFC002007A90790039004900125CDE9F5
:108A20000501CDE90005094B2A4609490295FCF7E5
:108A3000A5F865700748206106202070064860612F
:108A40000798E06009B030BDD40000209DF3000815
:108A50009CF30008E8EF0008EEEF00082DE9F04F66
:108A60008BB0064601F0ACFCDFF8D4814FF08141B9
:108A70000546DFF8D0A14FF0240BC8F80010F8F736
:108A8000C3FC0024079408940994287801274428FB
:108A90007ED102F0C7FE01462846F8F767FD0DF1CA
:108AA0002409CDE9044905462430CDE90004CDE987
:108AB000027400231A4659462020FBF706FC4FF0AB
:108AC0008341D8F80000F7F79AFB01465046F7F7C4
:108AD00096FBF7F727FE00F0FF0BCDE90449E81DF0
:108AE000CDE90004CDE9027400231A4659466020FE
:108AF000FBF7EBFB4FF08341D8F80000F7F77FFB63
:108B000082465846F7F7EBFD5146F7F778FBF7F743
:108B100009FE00F0FF0ACDE90449E81CCDE9000494
:108B2000CDE9027400231A4651466020FBF7CDFBC5
:108B30004FF08341D8F80000F7F761FB80465046BC
:108B4000F7F7CDFD4146F7F75AFBF7F7EBFD0DF1CF
:108B50002009CDE905794FF00F0ACDE9034A00F06D
:108B6000FF08687800940009CDE9014000231A4607
:108B700041466020FBF712FFCDE9034ACDE90579B4
:108B80006878002300F00F001A464146009400E088
:108B900004E0CDE901406820FBF700FFCDE9034781
:108BA00007ADCDE90545002200940194264B1146FE
:108BB00010460294FBF7E2FF03940494CDE90545C7
:108BC00000940194214B0522214901200294FBF7D6
:108BD000D5FF03940494CDE90545009401941D4B01
:108BE00005221D4902200294FBF7C8FF0898CDE931
:108BF00003470094CDE90505CDE901470022174B55
:108C000011460320FBF7BAFF03940494CDE9054510
:108C10000094CDE90147124B022212490420FBF7D0
:108C2000ADFF0798F0600998B060082070700E489A
:108C30003061052030700D4870610BB0BDE8F08FD9
:108C4000D40000200000104298F200089CF20008B6
:108C5000DEEF0008A8F20008E3EF0008C6F1000804
:108C60007BF20008C2EF00088FEF00086FF20008E7
:108C70002DE9F04788B0064602F0CEFD02F0D2FDA5
:108C8000184904684FF0804000250860F8F7BCFBE5
:108C900000270797CCB10DF11C094FF001084FF0E8
:108CA000080ACDE90378CDE900A8CDF80880284668
:108CB000CDE905796D1C0022EDB204F10B031146DC
:108CC000FBF75CFF246D002CEBD10798F0600220CD
:108CD000707005483061052030700448706108B03C
:108CE000BDE8F087D40000204DEF0008CAF100086D
:108CF00010B5084904464FF080400860F8F784FB3F
:108D000004206070044820610620207003486061E0
:108D100010BD0000D4000020C4EF000803F30008D9
:108D20002DE9F04389B0044601F04AFB234981460E
:108D30004FF080400860F8F767FB002501261E20F1
:108D4000CDE900060DF11C080795039504950296E0
:108D5000CDE9055847461A4B05221A492846FBF724
:108D60000DFF1D20CDE90006039504950296CDE97F
:108D700005570227144B052214493046FBF7FEFE27
:108D800099F8000044280DD01F20CDE90006039576
:108D900004950296CDE9055838460D4B04220D493D
:108DA000FBF7ECFE0798E0600420607025612570F9
:108DB00001F006FB606109B0BDE8F083D40000203B
:108DC0005AF2000886EF00086FF200088FEF0008E3
:108DD00066F200088BEF00082DE9F04F8BB00646D5
:108DE00003F0D4F9F7F7D1FC04460D46FDF75CFB20
:108DF00022462B46F7F7CBFA00228E4BF7F76EFB95
:108E000000228D4BF7F7C3FAF7F7A0FCDFF82C82AE
:108E100005464FF08140DFF828B24FF02409C8F82A
:108E20000000F8F7F1FA002408940994079409A8BF
:108E30000A9403940494CDE905400127CDE9004745
:108E400023462246494660200294FBF7A7FD099974
:108E50000DF11C0ACDE90441CDF818A0039400944B
:108E60000194784B0422784900200294FBF786FE97
:108E70004FF08341D8F80000F7F7C1F90146584692
:108E8000F7F7BDF9F7F74EFC00F0FF0900F058FFC7
:108E90000AA9CDE90441CDE90004CDE9027400231B
:108EA0001A4649465020FBF710FA03940494CDE982
:108EB000054A00940194654B0422654901200294FF
:108EC000FBF75CFE4FF08341D8F80000F7F797F905
:108ED00080464846F7F703FC4146F7F790F9F7F765
:108EE00021FC00F0FF0B42F210704FF0090995FBD6
:108EF000F0F0CDE903490DF120080094CDE90578A3
:108F0000C0B2CDE9014000231A4659465020FBF774
:108F100045FD42F2107095FBF0F100FB11514FF44A
:108F20007A7091FBF0F0CDE90349C0B20094CDE92D
:108F30000140CDE9057800231A4659465820FBF731
:108F40002DFD4FF47A7095FBF0F100FB1151642078
:108F500091FBF0F0CDE90349C0B20094CDE90140A6
:108F6000CDE9057800231A4659466020FBF716FD27
:108F7000642095FBF0F100FB11510A2091FBF0F009
:108F8000CDE90349C0B20094CDE90140CDE90578AF
:108F900000231A4659467020FBF700FD0A2095FB76
:108FA000F0F100FB1150CDE90349C0B20094CDE9C6
:108FB0000140CDE9057800231A4659467820FBF791
:108FC000EDFC0AA8CDE904402248CDE900040023C5
:108FD000029403941A4659466820FBF776F90899DB
:108FE000CDF818A0CDE9044103940094CDE90147E0
:108FF000194B042219490220FBF7C0FD0394049485
:10900000CDE9054A0094CDE90147154B02221549E7
:109010000320FBF7B3FD0798F0600A98B0600520C5
:1090200070701148306104203070104870610BB0CE
:10903000BDE8F08F000059400000E03FD400002060
:1090400000001042FDF20008AEEF0008C6F2000872
:10905000B6EF0008DDC60008CFF20008BAEF00083E
:109060007BF20008C2EF00086AEF00080CF200086B
:109070002DE9F04F8BB0054603F0C4F8044685494E
:10908000F7F715F9F7F781FB0022834BF7F77FF924
:10909000F7F75CFB0646204603F02EF8DFF8FC816C
:1090A0004FF08140DFF8F8B14FF02409C8F8000014
:1090B000F8F7AAF9002408940994079409A80A94D7
:1090C00003940494CDE905400127CDE900472346E8
:1090D0002246494650200294FBF760FC09990DF1A5
:1090E0001C0ACDE90441CDF818A003940094019422
:1090F0006C4B04226C4900200294FBF73FFD4FF0BB
:109100008341D8F80000F7F77AF801465846F7F798
:1091100076F8F7F707FB00F0FF0900F023FE0AA935
:10912000CDE90441CDE90004CDE9027400231A46DB
:1091300049465020FBF7C9F803940494CDE9054A49
:1091400000940194594B0422594901200294FBF7E1
:1091500015FD4FF08341D8F80000F7F750F880462E
:109160004846F7F7BCFA4146F7F749F8F7F7DAFA55
:1091700000F0FF0B0AA8CDE904404E48CDE90004F9
:109180000023029403941A4659466820FBF79DF881
:109190004FF47A704FF0090996FBF0F0CDE90349DE
:1091A0000DF120080094CDE90578C0B2CDE9014069
:1091B00000231A4659465020FBF7F0FB4FF47A7013
:1091C00096FBF0F100FB1161642091FBF0F0CDE91A
:1091D0000349C0B20094CDE90140CDE905780023F0
:1091E0001A4659465820FBF7D9FB642096FBF0F14C
:1091F00000FB11610A2091FBF0F0CDE90349C0B2F8
:109200000094CDE90140CDE9057800231A4659467E
:109210006020FBF7C3FB0A2096FBF0F100FB116016
:10922000CDE90349C0B20094CDE90140CDE905780C
:1092300000231A4659467020FBF7B0FB0899CDF879
:1092400018A0CDE9044103940094CDE901471A4BDD
:1092500004221A490220FBF791FC03940494CDE9FF
:10926000054A0094CDE90147154B02221549032018
:10927000FBF784FC052068701348286104202870DF
:10928000124868610798E8600A98A8600BB0BDE8CA
:10929000F08F0000000020410000E03FD4000020DB
:1092A00000001042FDF20008AEEF0008C6F2000810
:1092B000B6EF0008DDC60008CFF20008BAEF0008DC
:1092C0007BF20008C2EF00086EEF000819F20008F8
:1092D0002DE9F04FDFF8ECA105468BB04FF081404F
:1092E000DFF8E4B14FF02409CAF80000F8F78CF871
:1092F00000240794089409940A94FBF7C5FD6321A0
:10930000CDE9034108AFCDE905470094CDE901401F
:1093100000231A4649463820FBF740FBFBF7A2FD25
:10932000012604AA0C21039682E892000094CDE95C
:10933000014000231A4649465020FBF72FFBFBF75C
:109340007FFD04AA1F21039682E892000094CDE9D4
:10935000014000231A4649466820FBF71FFB0AAF6D
:10936000CDE90447DFF86481CDE90084002302944D
:1093700003941A4649466020FAF7A7FFCDE904474F
:10938000CDE900840023029403941A4649464820FC
:10939000FAF79BFF08990DF11C09CDE90441CDF8BE
:1093A000189003940094CDE90146494B03224949A2
:1093B0000020FBF7E3FB4FF08341DAF80000F6F7FB
:1093C0001EFF01465846F6F71AFFF7F7ABF900F013
:1093D000FF0AFBF73BFD1722CDE903420DF12408FC
:1093E000CDE905480094CDE9014000231A465146D5
:1093F0003820FBF7D3FAFBF72FFD4FF03B0BCDE9FD
:10940000034BCDE905480094CDE9014000231A46FD
:1094100051465020FBF7C2FAFBF72AFDCDE9034B7A
:10942000CDE905480094CDE9014000231A46514694
:109430006820FBF7B3FADFF89480CDE90447A8F180
:109440001008CDE900840023029403941A46514683
:109450004820FAF73AFFCDE90447CDE9008400231C
:10946000029403941A4651466020FAF72EFF099998
:10947000CDF81890CDE9044103940094CDE901465C
:10948000154B032215490120FBF778FB0394049444
:10949000CDE905490094CDE901460222104B11495E
:1094A0001046FBF76BFB0798E8600A98A860052058
:1094B00068700D482861042028700C4868610BB062
:1094C000BDE8F08FD400002000001042FDC6000867
:1094D000F1F20008A8EF0008F7F20008ABEF00086F
:1094E0007BF20008C2EF00085AEF0008E9F100081B
:1094F00000F026BFF0B55949074689B04FF08040CB
:109500000860F7F781FF002401251020CDE9000550
:10951000079407AE039404940295CDE90546504B99
:10952000042250492046FBF729FB0F20CDE9000516
:10953000039404940295CDE905464B4B04224B4914
:109540000120FBF71BFB0E20CDE9000503940494DA
:109550000295CDE90546464B042246490220FBF719
:109560000DFB0C20CDE90005039404940295CDE990
:109570000546414B042241490320FBF7FFFA0D2029
:10958000CDE90005039404940295CDE90546042233
:109590003B4B3C491046FBF7F1FA0A20CDE90005A8
:1095A000039404940295CDE905460522364B3749CC
:1095B0001046FBF7E3FA0920CDE900050394049473
:1095C0000295CDE90546324B042232490620FBF7CD
:1095D000D5FA1320CDE90005039404940295CDE952
:1095E00005462D4B04222D490720FBF7C7FA0B2017
:1095F000CDE90005039404940295CDE90546284B76
:10960000042228490820FBF7B9FA1120CDE900050A
:10961000039404940295CDE90546234B0422234983
:109620000920FBF7ABFA1220CDE90005039404945E
:109630000295CDE905461E4B04221E490A20FBF780
:109640009DFA0798F860022078701B483861042062
:1096500038701A48786109B0F0BD0000D4000020CD
:1096600022F2000872EF000819F200086EEF0008FD
:109670000CF200086AEF0008FCF1000862EF000835
:1096800006F2000866EF000886F1000881F1000884
:10969000E9F100085AEF0008ACF10008A8F1000851
:1096A000F3F100085EEF00082EF2000876EF0008E4
:1096B0007BF1000877F1000852EF0008D2F10008B2
:1096C0002DE9F0430E46484905468BB045480860F1
:1096D000F7F79AFE0024079408944FF002090994C2
:1096E000002E6FD109AECDE904464048CDE9000413
:1096F000CDE9029404233E4A24210020FAF7E5FD37
:10970000CDE904463B48CDE90004002302940394CC
:109710001A4638216420FAF7D8FD3648CDE90446C8
:109720003038CDE900040023029403941A4638210E
:109730004C20FAF7CAFD4FF00908CDE9034808AFFD
:10974000012600940194002302941A463821342003
:10975000CDE90567FBF722F9CDE9034800940194B0
:10976000002302941A4638213C20CDE90567FBF717
:1097700015F9CDE9034800940194002302941A4698
:1097800038214420CDE90567FBF708F9CDE9034806
:1097900000940194002302941A4638215420CDE904
:1097A0000567FBF7FBF8089907A8CDE90441069087
:1097B000CDE900460394104B062210490020029682
:1097C000FBF7DCF90798E8600998A8601E2068702C
:1097D0000B48286185F800900A4868610BB0BDE825
:1097E000F083000000003042D40000205CF000084C
:1097F00058F000080DC70008FEEF0008F8EF000859
:10980000B4EF0008BDF200082DE9F0470E464849C4
:1098100005468AB045480860F7F7F6FD002407942E
:1098200008944FF0020A0994002E70D10DF124091A
:10983000CDE904493F48CDE90004CDE902A4042361
:109840003D4A24210020FAF740FDCDE904493B4878
:10985000CDE900040023029403941A4638216420C1
:10986000FAF733FD4FF00908CDE9034808AF0126A8
:1098700000940194002302941A4638213420CDE943
:109880000567FBF78BF8CDE90348009401940023AA
:1098900002941A4638213C20CDE90567FBF77EF893
:1098A000CDE9034800940194002302941A4638211C
:1098B0004420CDE90567FBF771F82048CDE904495C
:1098C0003038CDE900040023029403941A4638216D
:1098D0004C20FAF7FAFCCDE90348009401940023E8
:1098E00002941A4638215420CDE90567FBF756F853
:1098F000089907A8CDE904410690CDE900460394F4
:109900000F4B06220F4900200296FBF737F9079804
:10991000E8600998A8601E2068700B48286185F8E7
:1099200000A00A4868610AB0BDE8F0870000304234
:10993000D40000206DF0000869F000080DC7000891
:10994000FEEF0008F8EF0008B4EF0008BDF20008D1
:1099500010B51249044688B04FF083400860F7F70D
:1099600053FD002007A9079003900490CDE905015D
:109970000121CDE900010291094B06220949FBF7BB
:10998000FDF8052060700848206104202070074819
:1099900060610798E06008B010BD0000D4000020AE
:1099A0006AF1000864F1000877F100087BF1000813
:1099B00002480078C0F3C000704700009201002008
:1099C00002480078C0F38000704700009201002038
:1099D0000148806970470000980200200248007822
:1099E000C0F3001070470000920100202DE9F04FF5
:1099F00087B000205F4E029003900546049006F168
:109A00002800DFF86CA105900FE075B1471C5AA142
:109A10003846F6F7E2FB04007ED0072D1DD2DFE8C2
:109A200005F0990B0F20535A910053A10598F6F7B2
:109A3000D4FB002870D092E0E21B3946701D87E00D
:109A4000E21B394606A8F6F7A4FB9DF8180041284A
:109A5000307803D020F0040030707BE040F0040048
:109A6000FAE73078400775D5E21B394602A8F6F7C9
:109A700090FB002102A802F0FFFC00225346F6F7FB
:109A80009FFD07468846F6F761FE0246F7F7A6FCFB
:109A90001046F6F729FE8B4681463A464346F6F7CE
:109AA0001AFD00225346F6F719FD0022334BF6F754
:109AB00087FD4A465B46F6F76AFCCDE900012D4872
:109AC0000C212FA210303AE03178490742D5E21B31
:109AD0003946F01C3CE0307840073BD5E21B394664
:109AE00002A8F6F756FB002102A802F0C5FC0022EE
:109AF0005346F6F765FD07468846F6F727FE024609
:109B0000F7F77AFC1046F6F7EFFD8B4681464346A1
:109B10003A46F6F7E0FC00E026E000225346F6F76E
:109B2000DDFC0022154BF6F74BFD4A465B46F6F787
:109B30002EFCCDE900010F4811A20C211C30FBF7CF
:109B40003FFF07E03178490704D5E21B3946701C16
:109B5000F6F71FFB3178204641F0020131706D1C91
:109B6000EDB2062D7FF651AF07B0BDE8F08F0000D3
:109B700000005940B40100202C00000000004E40BD
:109B8000252E37660000000002480078C0F3401020
:109B9000704700009201002002480078C0F30010D6
:109BA000704700009601002002480078C0F30010C2
:109BB000704700009401002002480078C0F30010B4
:109BC000704700009001002002480078C0F3801028
:109BD000704700009601002002480078C0F3801012
:109BE000704700009401002002480078C0F3801004
:109BF00070470000900100200248407800F001000A
:109C0000704700009001002001480078C0097047AB
:109C10009001002002480078C0F340007047000027
:109C20009601002002480078C0F340007047000011
:109C30009401002002480078C0F340007047000003
:109C40009001002002480078C0F3C0007047000077
:109C50009601002002480078C0F3C0007047000061
:109C60009401002002480078C0F3C0007047000053
:109C70009001002002480078C0F3401070470000B7
:109C80009601002002480078C0F3401070470000A1
:109C90009401002002480078C0F340107047000093
:109CA0009001002002480078C0F380007047000057
:109CB000960100200148C08870470000AC010020D8
:109CC00002480078C0F38000704700009401002033
:109CD00002480078C0F38000704700009001002027
:109CE00002484078C0F34000704700009001002017
:109CF0000248007800F00100704700009601002043
:109D00000248007800F00100704700009401002034
:109D10000248007800F00100704700009001002028
:109D200000487047C40100200248007800F001009C
:109D3000704700009201002000487047D0010020C9
:109D40000048704786000020014800687047000006
:109D5000D400002002480078C0F3400070470000A3
:109D600092010020004870477A00002002480078E5
:109D700000F0010070470000A801002001480078B1
:109D8000C00970479201002002480078C0F380109B
:109D9000704700009201002070B5F7F747F9F6F719
:109DA000B4FC154CD4E90223F6F7F1FAC4E9020138
:109DB000054620780E460A2817D3F6F7A6FC024679
:109DC0000B4628463146F6F7FBFB6FF00A02F6F722
:109DD00066FC4FF06632094BF6F780FB0246012025
:109DE00020700020C4E9020003E000220449401C66
:109DF0002070104670BD00006802002066660A40B0
:109E00000000F0BF10B5F7F72BF96FF00A02F6F774
:109E100046FCBDE810404FF06632014BF6F75EBBE2
:109E200066660A4000487047B50100200048704748
:109E3000B701002010B5FFF72DFF28B1FDF7CEFACE
:109E40000021022000F00EFBFFF7B6FE30B1FDF757
:109E500037FA4FF400412848F8F711FEFFF7C4FE27
:109E6000264C58B1FDF74AFA2078012806D101F0B6
:109E7000D3FC18B100211E2000F0F4FAFFF7BCFE5D
:109E800048B12078012806D101F0C6FC18B10021A4
:109E9000032000F0E7FAFFF723FFE0B12078012864
:109EA0001BD101F0B9FCC0B101F0DEFCA8B9FFF78D
:109EB0008FFD90B1FFF78CFDF7F76FFB68B120794C
:109EC00058B901202071002000F05EFF01460120FA
:109ED000FEF730FC01E000202071FFF795FE00281E
:109EE00009D0FDF71BFA02F04DF802F061F9BDE868
:109EF0001040FAF7CFBF10BD000002403000002034
:109F000038B5044601680B48814211D10868486899
:109F100000902046F9F711FDF7F768FAFDF7ECFA23
:109F20002046BDE838404FF461720349F9F75CBF41
:109F300038BD000000440040782200207047000037
:109F400070B50446F7F722FAF7F728FA0A4D45F8F4
:109F5000904F2068C16841F01001C1604FF46172F8
:109F600006492868F9F740FF2868BDE87040C82313
:109F70000E220349F9F75ABFB401002078220020CD
:109F800096F5000810B51021084C002201EB810362
:109F9000012004EB83031A54401CC0B20928FAD3F1
:109FA000491CC9B22029F1D310BD0000F8050020DA
:109FB00070B50A4E0FE000EB8004002306EB840529
:109FC0000AB1FF2400E00024EC545B1CDBB2142B2C
:109FD000F6D3401CC0B28842EDD370BDF805002016
:109FE00010B52021084C002201EB8103002004EB76
:109FF00083031A54401CC0B20228FAD3491CC9B2C8
:10A000003029F1D310BD0000F805002010B538212B
:10A01000084C002201EB8103022004EB83031A5455
:10A02000401CC0B21228FAD3491CC9B27829F1D316
:10A0300010BD0000F8050020F0B510B106240E2375
:10A0400001E005240F230026094F01F110050CE063
:10A0500001EB8102204607EB820202E01654401C0D
:10A06000C0B29842FAD3491CC9B2A942F0D3F0BD9C
:10A07000F805002010B55321084C002201EB8103A4
:10A08000002004EB83031A54401CC0B20428FAD306
:10A09000491CC9B26D29F1D310BD0000F80500209C
:10A0A00030B5094C202202EB8203002104EB83032C
:10A0B00010F8015B5D54491CC9B20229F8D3521C47
:10A0C000D2B2302AEFD330BDF80500202DE9F05F81
:10A0D000002492468B468046274623E05CB908F070
:10A0E0000F00564640F06000FBF706FC702141EA85
:10A0F0001810FBF701FC00254FF0140916F8010BAE
:10A10000FBF7BCFB641CA4B2B4FBF9F109FB1140E2
:10A1100010B90020FBF722FC6D1CADB2142DEDD35D
:10A120007F1CFFB25F45D9D3BDE8F09F10B5104C3E
:10A13000382202EB8201022004EB81030021022875
:10A1400002D0112802D002E0802100E00121382A4B
:10A150000BD0772A09D01954401CC0B21228EDD375
:10A16000521CD2B2782AE4D310BDFF21F3E70000DD
:10A17000F80500200020054AFF211318401CC0B23A
:10A1800083F8E0111428F8D370470000F805002088
:10A1900030B5094C532202EB8203002104EB830308
:10A1A00010F8015B5D54491CC9B20429F8D3521C54
:10A1B000D2B26D2AEFD330BDF805002001480078F7
:10A1C00070470000280100200149002008707047F6
:10A1D0002801002001490120087070472801002053
:10A1E0001D4910B509686FF0010008611A48F9F7B8
:10A1F0005FFA1A480068016841F040010160FAF70F
:10A20000C3F9FAF7ABFBFAF78DFBFAF76FFB1448CB
:10A21000416C144888471448D0F88C10134888477C
:10A220001348816913488847012002F01BF801F0A8
:10A23000A9FE1148416809488847FCF7F5FA5828F3
:10A2400002D10E4901200870F7F710FDF9F7F6FE6C
:10A25000BDE8104002F0A4B87C03002024030020D5
:10A260003C01002044040020B40100200004002030
:10A2700048020020BC0300201001002080020020C2
:10A280001CB5012211026846FBF7E6F99DF80000B3
:10A2900000B10120204C01229102207001A8FBF79F
:10A2A000DBF99DF804100020012279B3012930D098
:10A2B00002216170A270E27020716071A071E07182
:10A2C00020726072A072E07220736073A073E073FA
:10A2D00020740A2161746061A061E06120626062A3
:10A2E000A062E06220636063A063E0632064606456
:10A2F000A064E06420656065A065E0652066606636
:10A30000A066E06620676067A0671CBDFFE760701D
:10A31000D0E76270CEE70000FC2500200148F9F785
:10A32000E5BF0000B800002001490020C870704758
:10A3300030000020014900204872704730000020A2
:10A3400010B504460C30FAF73BFC04F10800F9F7AD
:10A35000CDFF00202061606110BD00000148807BBE
:10A360007047000030000020004870478000002047
:10A370000148407970470000300000200148007813
:10A38000704700003000002000487047B0000020F7
:10A390000148C07B70470000300000200148407831
:10A3A00070470000300000200148C078704700006E
:10A3B000300000200148407A704700003000002043
:10A3C0000148006C704700003000002000487047D2
:10A3D00089F500080148007B70470000300000202C
:10A3E0002DE9F04188B000244FF009080794CDE929
:10A3F000034802271048CDE90007012607AD029463
:10A40000CDE9056533460D4A60212020FAF7C6FAEA
:10A41000CDE903480A48CDE900070294CDE9056576
:10A420000123084A60216820FAF7B8FA064907981C
:10A43000486008B0BDE8F0819DF300089CF3000877
:10A44000A2F30008A1F30008B00000200149C8737E
:10A45000704700003000002001490120C87070479B
:10A460003000002070B506460D46002001F01EFEAB
:10A47000002001F015FE0021C54C252E20D2DFE87A
:10A4800006F01F13202B43304A655572787D88955E
:10A490009A9FA4A9B2B7C4CAD71FDCF2FDEFEEEDB4
:10A4A000ECEBEA1FE9E8E700B9488030FFF720F855
:10A4B000B8482062B848606201F02AFAF7F7F4F869
:10A4C00044E1B3488030FEF7E1F8B4482062B44874
:10A4D000606255B3207A33E0AD488030FEF790FAE1
:10A4E00045E0AB488030FFF705F8AC482062AC4847
:10A4F0006062D5B1E079FAF701FCA5488030C16807
:10A50000606900F0B7FF21E1A1488030FEF7B0FBA1
:10A5100005E0E07914E09E488030FDF7CBFF9F48CE
:10A5200020629F486062002DF3D10CE09848803093
:10A53000FEF7F6FB99482062994860621DB1A07948
:10A54000FAF7DCFB02E1F6F765FFFFE090488030A8
:10A55000FEF7CEFB8F48206291486062F7F7F0F972
:10A5600001F0CEF9F2E08A488030FEF7B1FE8B4868
:10A57000B4E087488030FDF739FBF8E78448803045
:10A58000FEF730F8854820628548606201F022FEBF
:10A5900081E07F488030FDF7C5FA8048206280481E
:10A5A000606201F005FEF6F791FDCFE0784880305B
:10A5B000FDF7E0F8DBE776488030FEF70DFCD6E7E4
:10A5C00073488030FEF754FDD1E771488030FDF7C5
:10A5D000F9FE03E06E488030FEF7D8F870486062FC
:10A5E0006C482062AFE76A488030FFF7B1F910E0AD
:10A5F00067488030FDF744FA684820626848606226
:10A6000001F0D0FDF6F74CFDA0E061488030FDF789
:10A61000E3FD604862E02078062802D100F096FB56
:10A6200020825B48218A8030FDF706FE5D4855E0B8
:10A6300057488030FDF776FBEBE755488030FDF753
:10A6400057F8564820625648606201F0A5FD22E0A6
:10A6500088E061E04BE045E02CE01FE02FE038E0CF
:10A6600032E00BE0FFE74A488030FDF779FF4B48C6
:10A6700020624B48606201F0B3FD0CE0444880303A
:10A68000FCF7F4FF4548206245486062A07B002843
:10A690005CD801F099FDF6F7C1FD57E0217801295A
:10A6A00001D0082900D121733948217B8030FDF782
:10A6B000DFFA5CE736488030FEF76AF957E734483E
:10A6C0008030FEF7CBF952E731488030FDF75AFB76
:10A6D00003E02F488030FDF707FD33482062304803
:10A6E000606230E72A488030FDF77AF83FE7207B48
:10A6F000082802D0012806D008E0206C0078442801
:10A7000004D1617302E001F0AFF860732048617B0F
:10A710008030FEF799F813E0207B082802D001284A
:10A7200006D008E0206C0078442804D1617302E070
:10A7300001F09AF860731648617B8030FEF7C0FF25
:10A740001848206219486062FAF7FCF90022A0213B
:10A750001020FFF72DFCFFF70DFD102001F0DEFCAF
:10A76000267070BD207B082802D0012806D008E0A2
:10A77000206C0078442804D1617302E001F074F881
:10A7800060730348617B8030FFF73EF8D8E7000034
:10A79000300000205D6F0008D96C0008496D00088A
:10A7A000FD6800085D6E0008DD6D00083168000876
:10A7B000034602A206210248FBF702B925356400D0
:10A7C000800000202DE9F04F87B0FAF711FCA9486E
:10A7D000DFF8A09210260078002409F180090828EB
:10A7E0000ED001F0F7FC58B10096CDE9016499F85C
:10A7F000003010210820D9F81020F7F781FB08E07D
:10A80000CDE90064082310211846D9F81420F7F781
:10A810009BFB01F001F84FF0010A00287ED001F007
:10A8200023F800287AD1F6F7C3FE92480078012871
:10A83000F8D1FFF7CDF80028F0D0FFF7C9F8F6F708
:10A84000ACFE0028EAD000F0F1FF00285ED000F056
:10A8500051FE0694FFF7BCF84FF0020B1730CDE91C
:10A86000000BCDE902A406AD002357461A46242169
:10A870001020CDE90445F9F728FDFFF7A9F81E30AF
:10A88000CDE9000BCDE9027400231A4648212020AF
:10A89000CDE90445F9F719FDFFF79AF81130CDE934
:10A8A0000007CDE9027400231A4670213E20CDE94D
:10A8B0000445F9F70AFDCDE904454FF00308039775
:10A8C0000094CDE9014800231A4632217820F9F797
:10A8D000FCFCCDE904450023CDF80880CDF80C80C0
:10A8E00000941A46562178200194F9F7EEFCCDE940
:10A8F000044501AD009485E8100900231A46722131
:10A900007820F9F7E2FC0699C9F8081001F05CFC20
:10A9100088B3FFF75DF8F6F73CFE00E046E048B389
:10A9200001F04CFCFCF742FE834601F065FCFCF7AD
:10A930003DFE504D80461BF0FF4F6F7A6C7209D080
:10A94000FFF746F8F6F723FE5946F5F787FF01D8DB
:10A9500085F809A018F0FF4F09D0FFF739F8F6F78E
:10A9600016FE4146F5F770FF01D885F809A01FB122
:10A97000012F06D00CE009E0687A48B101F0FCFA3A
:10A9800006E0687A20B9FFF775FB01E039484472A8
:10A9900001F00EFC40B1FFF71BF8F6F704FE18B10A
:10A9A0003548FFF77DFB01E0FFF71AFB314D2878B2
:10A9B000102828D1FFF7B4F90078E8B3E87A10B38B
:10A9C000EC72002264215420FFF7F2FA05F18806A8
:10A9D000CDE9044629480227CDE90004CDE90274F7
:10A9E0000323274A60210020F9F76FFCCDE90446D4
:10A9F0002448CDE90004CDE902740323224A302122
:10AA00000020F9F762FC01F0E5FB01464C46D9F85D
:10AA10000800F9F79BFCFFF797F9064601F0DAFB0F
:10AA200001463246E068FAF7E9F8687800281ED057
:10AA300007B0BDE8F04F00E001E001F031BC85F85F
:10AA40000BA001F0C7FB48B10096CDE901640623D5
:10AA50000E4A54211020F7F753FAD4E7CDE90064E9
:10AA600008230B4A54211020F7F76EFACBE707B002
:10AA7000BDE8F08F3000002069F500083EF10008C5
:10AA80003BF100084CF1000849F1000889F000088A
:10AA90008FF0000810B5674C4FF480612046F7F73F
:10AAA000E9FF01282FD0FFF723F918B101F0F0FAE0
:10AAB00001F096FAFCF7C0FCFCF7CEFCFCF7C4FCF6
:10AAC0004FF400612046F7F7D5FF012822D0FFF7A9
:10AAD000A1F818B101F094FA01F082FAFCF726FC13
:10AAE000FCF734FCFCF72AFC4FF480512046F7F7C2
:10AAF000C1FF012815D0FFF7D5F808B3FFF73EFCDA
:10AB0000012814D018E0FFF7FBF80028D8D101F095
:10AB1000B7FAD5E7FFF786F80028E5D101F068FA23
:10AB2000E2E7FFF7CDF898B901F092FA10E0FFF7ED
:10AB3000C1F8B0F5FA6F01D201F092FA01F050FAC3
:10AB4000FCF772FCFCF752FCFCF75EFCFCF756FCD1
:10AB50004FF400712046F7F78DFF01284CD0FFF726
:10AB60001BF818B101F01CFA01F03AFAFCF790FB5F
:10AB7000FCF79EFBFCF794FB4FF400512046F7F7DF
:10AB800079FF01283FD0FFF71FF818B101F018FA3C
:10AB900001F026FAFCF7BAFBFCF79AFBFCF7A6FBE0
:10ABA000FCF79EFB4FF480412046F7F763FF012836
:10ABB00030D0FFF747F818B101F032FA01F010FA7F
:10ABC000FCF7D4FBFCF7E2FBFCF7D8FB4FF40041A9
:10ABD0002046F7F74FFF012823D0FFF74BF818B1B5
:10ABE00001F02EFA01F0FCF9FCF7E0FBFCF7EEFBBC
:10ABF000BDE81040FCF7E2BBFEF7D6FF0028BBD152
:10AC000001F0C6F9B8E7FEF7E7FF0028CAD101F066
:10AC1000CFF9C7E7FFF71EF80028D7D101F0F8F900
:10AC2000D4E7FFF72FF8002803D1BDE8104001F06A
:10AC3000FFB910BD001002402DE9F047424E3078B8
:10AC400006F11804C007A4F116050DD0217820786C
:10AC5000491C61F30300207000F00F000A2803D3A1
:10AC6000287840F00100287030784FF00107800705
:10AC70004FF00A080DD5207807EB1011207861F30A
:10AC800007102070B8EB101F03D8287840F002009E
:10AC9000287030784FF4FA6940070ED5E088401CE0
:10ACA00080B2E0800A2808D3287840F00400287099
:10ACB000E088484501D301F0DBF9307800070DD575
:10ACC00061786078491C61F30300607000F00F0048
:10ACD0000A2803D3287840F008002870307840060E
:10ACE0000ED5A088401C80B2A0800A2808D32878FE
:10ACF00040F040002870A088484501D301F068F971
:10AD0000307880060DD5A178A078491C61F3030046
:10AD1000A07000F00F000A2803D3287840F020002C
:10AD200028703078C0060DD5607807EB1011607878
:10AD300061F307106070B8EB101F03D8287840F05B
:10AD400010002870BDE8F087940100200148408879
:10AD500070470000B4020020024A02EB0121782271
:10AD6000FAF77ABC00B03C0008B50020022200903F
:10AD700011026846FAF770FCBDF80000014940BABC
:10AD8000488008BDB40200202DE9F041434D04463F
:10AD90004CF250306988814202D30020BDE8F08136
:10ADA0003F4800F0D9F8002C6CD13D4C4420207075
:10ADB0004F2060700020A070FAF742F86072FAF736
:10ADC00045F82072FAF748F8E071FAF74BF8E072AC
:10ADD000FAF74EF8A071FAF751F8A072FAF754F8A2
:10ADE0002073FEF7F5FD00F124010D2204F10D00A2
:10ADF000F5F7CFF9FEF794FF0168C4F81E1041681B
:10AE0000C4F822108068C4F82600FEF795FF016898
:10AE1000C4F82A104168C4F82E108068C4F83200C3
:10AE2000FFF700F800886083FFF700F80088A08330
:10AE300001F0E8F9206401F0A9F9F5F7A6FC06464F
:10AE40000F46FBF731FB32463B46F5F7A0FAF5F724
:10AE5000DFFCE063FEF7BCFD1130FBF74FFAF5F7BE
:10AE6000D7FCA063FEF7B4FD1E30FBF747FAF5F7F9
:10AE7000CFFCA064FEF7ACFD1730FBF73FFAF5F707
:10AE8000C7FCE0646988064800F05EF86888401CEA
:10AE900080B200F047F8012080E70000B4020020F3
:10AEA0007826002000B5A1B0FF228DF800200322F3
:10AEB0008DF80120022201468DF8022001A8FFF73B
:10AEC0004BFF80216846FAF77CF80448C8238022AB
:10AED000C0696946F8F7AAFF21B000BD480200200A
:10AEE0001CB5FF208DF8000003208DF80100012023
:10AEF0008DF80200094840888DF80400010A8DF899
:10AF0000031007216846FAF75CF80548C8230722B2
:10AF1000C0696946F8F78AFF1CBD0000B402002032
:10AF20004802002008B500210091010A8DF80010A8
:10AF300004498DF801000222488011026846FAF7A0
:10AF4000EBFB08BDB4020020024A02EB012178228B
:10AF5000FAF7E2BB00B03C0070B50446002544F8A7
:10AF6000025B0D21658025836583E561256265624D
:10AF7000A562E56244F8305FA4F12500323CF5F7A4
:10AF800021F9A563E56325646564A564E564256529
:10AF90006565A565E56525666566A566E56625675B
:10AFA000656770BD10B50B4CFEF7F6FE00220A4B2C
:10AFB000C4E90401F5F7FCFB03D0D4E90401C4E9BA
:10AFC0000201D4E90201F5F723FCBDE81040FBF7CC
:10AFD000ABB90000800200200000F0BF10B500F007
:10AFE0001BFC08B100F008FCFFF7E4F908B1FFF71B
:10AFF000A1F9FFF7C3F91D2814D004DC012807D0FC
:10B00000032836D10EE0222811D0242831D10EE0B9
:10B01000FFF784F90022A0212020FEF7C9FF00F0ED
:10B0200077FC26E000210220FDF784FB21E000F000
:10B0300021FC0B281DD1FFF7A7F980681B49006987
:10B040008160FFF7A1F9806819490069C160FFF7C5
:10B050009BF9806804210069417100210220FDF7FD
:10B0600069FBFFF7B7F9012807D00424FFF78CF933
:10B07000447000F0F9FB98B901E00124F6E700F014
:10B08000D1FB0446FEF7A4FC40782146F6F752FABD
:10B09000F6F74AFAF6F708FBF6F752FC00F030FC38
:10B0A000BDE810400C2000F051BC000054F0000836
:10B0B0004FF00008064810B50078002807D0FBF7CD
:10B0C00043FAFBF7F1F9BDE8104000F0F5BF10BD01
:10B0D0008002002010B5FFF771F800280ED1084952
:10B0E00040F2DC52888A401C80B28882904205D3AC
:10B0F00000208882BDE81040FFF76CB810BD00004A
:10B1000092010020F7F708FDF9F7B0FFF9F762FAAE
:10B11000F9F708FAF9F798FBF9F7B4FBF9F77EFBB2
:10B12000FFF75EF800F002F8FCE7000010B5FEF74C
:10B1300011FE38B1FCF7B8F904213F48F7F79FFC3E
:10B14000F8F710FFFEF73CFC18B1FCF75BF8FFF7CF
:10B15000B1FFFEF743FC18B1FCF762F8FEF746FCBE
:10B16000FEF726FC18B1FCF745F8FFF71BFFFFF7C9
:10B1700091FCFEF703FE98B1FCF7A6F9FFF7FEF885
:10B1800001280DD100F048FB10B3FFF7FDF88068EF
:10B190002A498068884203D1FFF7C0F8FCF774F9A8
:10B1A000FEF7F2FC18B1FCF743F8FFF70BFBFBF7D7
:10B1B000E5FEFFF7F9F8B8B1FFF7B6F8FFF7D8F8F2
:10B1C00090B1FCF7CBF9FFF7D9F8012803D00BE0D9
:10B1D00000F016F9E4E7FFF7EDF828B118484078D9
:10B1E00010B11848FEF7D4FFFEF7CEFD18B1FCF7FA
:10B1F00073F901F0FBF9FEF797FD18B1FCF73CF984
:10B20000F6F73CFFFBF7CAFE00F098F900F014FBDC
:10B2100018B100F075F9FFF7E1FE00F003FBF6F757
:10B2200057FA00F011FB18B100F072F900F04EFB74
:10B23000BDE81040F9F7ECBD0000024056F10008EF
:10B240008002002001F50008344B10B558784FF00B
:10B250000001401C10F0FF025A70184604D05970CB
:10B26000027842F0010202701A8940F2EF24521C67
:10B2700092B21A81A24204D31981027842F00202EA
:10B2800002705A8940F2D274521C92B25A81A24280
:10B2900004D35981027842F0040202709A8940F680
:10B2A000CB14521C92B29A81A24204D399810278A3
:10B2B00042F080020270DA8941F29814521C92B274
:10B2C000DA81A24204D3D981027842F010020270DE
:10B2D0001A8A521C92B21A82B2F5BD6F04D9198231
:10B2E000027842F0080202705A8A521C92B25A82C4
:10B2F000FA2A04D35982027842F020020270DA88D6
:10B3000040F21A54521C92B2DA80A24204D3D9807D
:10B31000017841F04001017010BD00009201002051
:10B32000F0B50B30154D20F007010024144A0FE052
:10B3300003688B420BD38B4205D95E1A43184768CA
:10B34000C3E9006700E04368136002C004E0021D27
:10B3500010680028ECD12046002802D1286808B1E6
:10B360000020F0BD064A07481060074A121A22F072
:10B370000702C0E9002401202860D7E7BC020020B2
:10B38000B8020020F4260020F02A002002464021C6
:10B390000148F7F77CBB0000000402400246802110
:10B3A0000148F7F774BB0000000402408021014807
:10B3B000F7F760BB0004024000B585B08020009024
:10B3C000002001900120029002200390694602486B
:10B3D000F7F77CFA05B000BD0004024000B585B067
:10B3E0008020009001200190002002900220039014
:10B3F00069460248F7F76AFA05B000BD000402404A
:10B4000030B5194C87B0A4F18005A06898B1FCF75D
:10B410003BF80E220021A4F1760001F0C7F8A87ACB
:10B42000202101EBC000A168087107B00020BDE831
:10B43000304000F073BE0024AC7200F0CBFE08B1C7
:10B44000302000E02C20084902220831CDE90441D7
:10B450000649CDE90224CDE900140423044A202141
:10B46000F8F733FFE1E70000B00000205AF10008D0
:10B4700056F1000810B5847801220F4B072C0CD22E
:10B48000196059605868C0685860C068884203D025
:10B49000521CD2B2072AF5D310BD58601860096952
:10B4A00018680069186000698842F5D0521CD2B251
:10B4B000072AF5D310BD0000C800002010B50146D2
:10B4C00008224FF6FF7407E004EA410100F001038F
:10B4D000521E1943D2B240080028F5D19140C8B29B
:10B4E00010BD00000248017821F00401017070478E
:10B4F0003C01002001490020087070473001002005
:10B500000248017821F01001017070473C010020D1
:10B510000248017821F00801017070473C010020C9
:10B5200001490020887070473C01002002480178E2
:10B5300021F00201017070473C01002070B500F05D
:10B540008BF900287DD0FFF7F1FFA34C601D217916
:10B55000F5F793FE002874D000F08CF904F108058B
:10B5600011286ED2DFE800F06DD4266DEC6D6D6DA4
:10B570004A6D6CEA096D906DB2006079FF2860D168
:10B58000A07903285DD1FBF7AFFF207A9349F5F747
:10B5900089FF002000F0DAF900F026F9FEF718FA2A
:10B5A000F5F7FBFF00284CD1FEF712FABDE870401A
:10B5B000F6F71ABAFEF70CFA40786179884240D162
:10B5C000A07903283DD1E0790E283AD1FBF78CFF12
:10B5D000FEF7FEF980490C220931F6F74AF80020FF
:10B5E00000F0B4F9FEF7F4F9F5F7D7FF002828D1F9
:10B5F000FEF7EEF9BDE87040F6F7D8B9FEF7E8F9C6
:10B600004078617988421CD1A079032819D1E0796A
:10B61000042816D1FBF768FFFEF7DAF92946F6F79A
:10B6200012F8002000F092F9FEF7D2F9F5F7B5FF15
:10B63000002806D1FEF7CCF9BDE87040F6F762B9F4
:10B6400000E07AE0FEF7C4F940786179884274D16D
:10B65000A079032871D1E07908286ED1FBF744FF67
:10B66000FEF7B6F92946F5F7CBFF002000F06EF99A
:10B67000FEF7AEF9F5F791FF00285ED1FEF7A8F9C5
:10B68000BDE87040F6F7CEB9FEF7A2F940786179CF
:10B69000884252D1A07903284FD1E07904284CD1B7
:10B6A000FBF722FFFEF794F92946F5F7F0FF00209B
:10B6B00000F04CF9FEF78CF9F5F76FFF00283CD14C
:10B6C000FEF786F9BDE87040F6F752B9FEF780F94B
:10B6D0004078617988427DD1A07903287AD1E079D8
:10B6E000042877D1FBF700FFFEF772F92946F5F73A
:10B6F0009EFF002000F02AF9FEF76AF9F5F74DFFEA
:10B70000002867D1FEF764F9BDE87040F5F771BF16
:10B71000FEF75EF94078617988425BD1E0793028A4
:10B7200058D1FBF7E1FEFEF753F98478FEF750F9A4
:10B730004470002000F00AF946E04BE01CE0FFE70F
:10B74000FEF746F940786179884243D1A079032811
:10B7500040D1E0790C283DD1FBF7C6FEFEF738F961
:10B760002946F6F705F8FEF733F9F5F73BFFBDE894
:10B770007040002000F0EAB8FEF72AF940786179BD
:10B78000884227D1A079102824D1E079112821D12D
:10B79000FBF7AAFEFEF7F2FD032803D0222801D012
:10B7A000242817D1FEF7F0FD80680D4900698160FB
:10B7B000FEF7EAFD80680B490069C160FEF7E4FD11
:10B7C0008068042100694171BDE8704001210220B8
:10B7D000FCF7B0BF70BD00003C0100203801002024
:10B7E00040F0000844F0000802484178491C4170CC
:10B7F000704700003C01002002484178491E41701A
:10B80000704700003C01002002480078C0F380002F
:10B81000704700003C01002001484078704700005C
:10B820003C010020004870473801002001480078A2
:10B83000704700003001002002480078C0F300107B
:10B84000704700003C01002002480078C0F3C000AF
:10B85000704700003C01002002480078C0F340001F
:10B86000704700003C01002001480078704700004C
:10B8700034010020014890F8430070473C0100204B
:10B8800038B5044601680D48814215D108684868FA
:10B8900000902046F8F751F8094800684068094BC5
:10B8A000C0F11400187100F049F81422591D204607
:10B8B000BDE83840F8F798BA38BD000000480040AD
:10B8C000100500203C010020704700000B4A10B515
:10B8D00092F843000C280DD09078401CC0B29070B4
:10B8E000042807D3FFF7FEFD00209070BDE810404C
:10B8F00000F014B8BDE8104000F05AB83C01002038
:10B900000248017841F00401017070473C010020B9
:10B910000149012008707047300100200248017879
:10B9200041F01001017070473C010020024801788D
:10B9300041F00801017070473C0100200248017885
:10B9400041F00201017070473C010020014908707C
:10B950007047000034010020014981F8430070471E
:10B960003C01002000B5FFF74FFF00280DD007492C
:10B970004888401C80B24880B0F5487F05D300203D
:10B9800048805DF804EBFFF7D1BF00BD3001002017
:10B99000064941F8480F0068C26842F01002C260D0
:10B9A00051F843091422F8F71FBA00003C010020A7
:10B9B0002DE9F0410122124F160331463846F7F7C0
:10B9C00066F84FF47A7425466D1E2D042D0CFBD1BC
:10B9D0000C4DC82305F11901EA78A86CF8F726FA8E
:10B9E000287840F001002870641E2404240CFBD148
:10B9F00031463846BDE8F0410022F7F748B800006C
:10BA0000000802403C0100202DE9FC5FFE4E4FF093
:10BA1000640906F1800531463278E8684969162ADA
:10BA200074D018DC0E2A72D00BDC032A29D0092A24
:10BA300033D00B2A6ED00C2A66D1884272D10020F6
:10BA400081E00F2A73D0122A72D0132A5CD1884267
:10BA50006FD10020C5E0EC4BEB4FDFF8B0A393F8BB
:10BA60000EC08C375B7BDFF8A8B3183A0D2A4BD297
:10BA7000DFE802F0E5DDF54A4AFC4A4AEC4AEBEA27
:10BA8000E900FBF76BFDFFF7EFFE00283CD1FDF767
:10BA90009FFF00224FF07E5144E201218DF80410F7
:10BAA00040696421F8F7AAFF42F21076B0FBF6F184
:10BAB0008DF80610B0FBF6F106FB11014C46B1FB08
:10BAC000F4F18DF80510B0FBF4F109FB11008DF8CD
:10BAD0000300E8686421C0684069F8F78FFFB0FB95
:10BAE000F6F18DF80210B0FBF6F106FB1101B1FB87
:10BAF000F4F18DF80110B0FBF4F104FB11008DF8A6
:10BB000000006846F8F7EBF9BDE8FC9F8BE01DE00C
:10BB100000E007E0884201D1012000E0002000F0B1
:10BB20009BFB99E0C2688A4204D105200BE032E019
:10BB300069E04DE0D2688A4201D10A2003E0006941
:10BB4000884202D1142000F075FB85E0C0680A210C
:10BB5000C0684069F8F752FFF4F7D7FD0022AD4BFB
:10BB6000F4F72EFD04460D46FAF79EFC22462B46BE
:10BB7000F4F7B1FCF4F74CFE00F04AFBF9F730FAA9
:10BB800020462946F4F744FE0446FDF721FF2146EE
:10BB9000F5F7FCFFB8E7C0680A21C0684069F8F70C
:10BBA0002DFFF4F7B2FD00229B4BF4F709FDF4F7EB
:10BBB0002FFE044600F062FBF9F712FA00F022FBB8
:10BBC00000F09AFAFDF704FF2146F6F70DF89BE71F
:10BBD000C2688A4201D1012003E00069884202D193
:10BBE000022000F021FBF9F7FBF917E0FDF7F0FE6A
:10BBF000F5F7D9FC002887D0FBF70CFBFDF7E8FE32
:10BC0000F5F761FD80E78842C4D1FBF719FB00F02E
:10BC1000E1FA08B1FEF7B6F900F036FBFDF7D8FE01
:10BC20000028E3D170E70020FFF77CF96CE7884239
:10BC300001D1012000E0002000F014FB0CE088425C
:10BC400007D1012006E001E1B0E053E02DE00DE076
:10BC500005E0002000F0E2FAF9F7C2F954E7BCF180
:10BC6000000F97D8002000F0F1FAF5E7FBF776FC1B
:10BC7000FFF7D8FD0146306CF5F778FC0446E8681C
:10BC80006421C068C068C0684069F8F7B7FE4946DB
:10BC9000B0FBF1F209FB1202B0FBF9F042EA00102E
:10BCA000C1B22046F5F7FAFE2EE7BCF1000F8ED8A0
:10BCB000012000F0CBFAFBF783FA002887D0E86870
:10BCC0000A214069F8F79AFEF4F709FD534C214622
:10BCD000F4F71FFB00F0CCFAE8680A21C06840695D
:10BCE000F8F78CFEF4F7FBFC2146F4F712FB00F0AA
:10BCF000A7FAB1E7002B85D13846F8F761FF00229B
:10BD000085217320FEF754F9307B012802D00828E2
:10BD100003D009E0FDF75CFE05E0FFF783FD014677
:10BD2000306CF5F723FC0446FBF718FC2046F1695C
:10BD3000F5F7E6FD002891D02046F5F726FCF4F74C
:10BD400024FD07468846F069F4F71FFD0022314BB9
:10BD5000F4F736FC3A464346F4F732FC0746884689
:10BD60002046F5F71EFCF4F710FD3A464346F4F77B
:10BD7000B5FBF4F74DFDB062FDF72AFE002875D043
:10BD8000B06AF4F702FD0022254BF4F7A1FB21F085
:10BD900000410022234BF4F70BFD67D8FDF718FE96
:10BDA000B16AF5F7AFFEAFE66870ADE6002BFAD1E9
:10BDB000307B012802D0082803D009E0FDF708FEF7
:10BDC00005E0FFF72FFD0146306CF5F7CFFB044689
:10BDD000FBF7C4FB2046F169F5F792FD0028E2D09D
:10BDE0000E49F069F4F795FA30632046F5F7D9FB70
:10BDF00007462046F5F7C7FB05462046F5F7C5FB85
:10BE00002946F4F74EFA0FE03000002054F0000805
:10BE10004FF0000800005940000024400000C842D4
:10BE20000000F03F0000E03F3946F4F772FAB063DB
:10BE3000706949494160032141704849816024216A
:10BE4000C17047483062474870625DE6002BAAD156
:10BE50003846F8F7B5FE002285217320FEF7A8F8D2
:10BE6000307B012803D0082804D00AE05DE0FDF70C
:10BE7000AFFD05E0FFF7D6FC0146306CF5F776FB29
:10BE80000446FBF76BFB2046F169F5F739FD002806
:10BE900089D03549F069F4F73CFA70632046F5F72C
:10BEA00080FB80462046F5F76EFB07462046F5F7F7
:10BEB0006CFB3946F4F7F5F94146F4F72AFA0446E3
:10BEC000F0632146B06BF4F7ECF9716B07468846D6
:10BED000306BF4F7E6F93946F4F71BFA2146B06205
:10BEE000F4F7E5F94146F4F7DFF9F062FDF770FD8C
:10BEF000D8B1B06AF4F749FC00221C4BF4F7E8FA19
:10BF000021F0004100221A4BF4F752FC0DD8F06AE0
:10BF1000184920F00040F4F797FC06D2FDF758FDD1
:10BF2000D6E90A12F5F7F1FDEEE5A8680169C1F856
:10BF300008A0A8680169C1F80CB0A86801690420CC
:10BF4000487100210220FCF7F5FB307B01283FF40B
:10BF50002BAF042028E700007BF000087EF00008EB
:10BF6000496D0008FD6800080000C8420000F03F6D
:10BF70000000E03F9A99193E0149012088707047FE
:10BF800078020020014901204870704778020020A3
:10BF90000248017841F010010170704794010020BF
:10BFA0000248017841F010010170704790010020B3
:10BFB0000248017841F0400101707047940100206F
:10BFC0000248017841F04001017070479001002063
:10BFD0000248417841F00101417070479001002012
:10BFE0000248017841F08001017070479001002003
:10BFF0000248017841F0020101707047940100206D
:10C000000248017841F00201017070479001002060
:10C010000248017841F00801017070479401002046
:10C020000248017841F0080101707047900100203A
:10C030000248017841F0200101707047940100200E
:10C040000248017841F02001017070479001002002
:10C050000248017841F0040101707047940100200A
:10C060000248017841F004010170704790010020FE
:10C070000248417841F00201417070479001002070
:10C080000248017841F001010170704794010020DD
:10C090000248017841F001010170704790010020D1
:10C0A0000149486070470000C8000020014908604D
:10C0B00070470000C80000207CB504460D4600F023
:10C0C00065F8F4F762FB22462B46F4F760F9CDE9F8
:10C0D000000103A207210448F9F772FC7CBD0000AF
:10C0E00025352E32660000008600002001490860D8
:10C0F00070470000D40000201CB5F4F746FBCDE9E2
:10C10000000103A206210448F9F75AFC1CBD0000F7
:10C1100025352E31660000007A00002070B50446F7
:10C1200000EB8400850004F00F0040F06000F9F798
:10C13000E3FB702040EA1410F9F7DEFB0520F9F765
:10C14000DBFB1220F9F7D8FB02480349284448607A
:10C150004D8070BDF80500202801002002480178BC
:10C1600041F0010101707047A801002070B504463C
:10C170000E460846FFF7A2F9C04305063046FFF712
:10C180009DF945EA0020A06170BD00000148406FA4
:10C1900070470000FC2500200148C078704700006F
:10C1A000FC2500200148007970470000FC25002094
:10C1B0000148407C70470000FC2500200148006ACF
:10C1C00070470000FC25002001488079704700007E
:10C1D000FC2500200148007870470000FC25002065
:10C1E0000148807870470000FC2500200148407815
:10C1F00070470000FC2500200148C069704700001E
:10C20000FC2500200148806F70470000FC250020BD
:10C210000149486770470000FC2500200149C870AB
:10C2200070470000FC25002001490871704700009C
:10C23000FC25002001494874F8F72CBEFC2500209D
:10C240000149086270470000FC25002001498871FF
:10C2500070470000FC25002001490870704700006D
:10C26000FC2500200149887070470000FC25002053
:10C270000149C86170470000FC250020014988671A
:10C2800070470000FC25002010B5FDF7F9FFF8F716
:10C29000A7FE0520F6F708FBBDE81040F5F7D6BC71
:10C2A0003EB5FDF743FF354900251024487960B1BC
:10C2B000012843D0022839D1887858B3FFF78AFF84
:10C2C00028B304232E4A00942AE0FFF783FF2B496A
:10C2D000683148B10094CDE901450B7A0A684021E4
:10C2E0001820F5F70DFE07E0CDE900454A68082360
:10C2F00040211420F5F728FEFFF76CFF01461F4888
:10C300008030406803B0BDE83040F8F785BB0823B3
:10C310001C4A0CE0FFF75EFF60B31B4A0423009445
:10C3200050211820CDE90145F5F7EAFD3EBD502129
:10C330001820CDE90045F5F707FE3EBD887890B19D
:10C34000FFF748FF18B10623104A0094E8E70823D6
:10C350000F4A48211820CDE90045F5F7F5FD0823DF
:10C360000C4A5821E4E7FFF735FF18B104230A4AC5
:10C370000094D5E70823094AD9E7000030000020DF
:10C380008AF3000844F000088EF3000892F30008D6
:10C390009CF00008A7F0000898F300084FF0000890
:10C3A00038B500210120F5F763FE0122002168461F
:10C3B000F9F752F99DF80000582802D0FBF7DCF895
:10C3C00003E0F5F743FCFEF7CFFCFEF709F8002188
:10C3D0000120FEF747F8F5F7B3FAFFF791FAFFF7F8
:10C3E000E7FEF8F757FD00F055F8FFF7FFFE1E4C8B
:10C3F0004FF4004530B3012814D1012229462046CC
:10C40000F6F745FB194A24213E20FDF75FFEFDF7B4
:10C41000DBFEFDF7D3FE0028FBD000222946204694
:10C42000F6F735FB1920FDF7EDFC114AC2E90201D0
:10C43000F7F798FDFEF7B6FDF8F7DAFD0020FFF7F5
:10C440006DFE38BD012229462046F6F720FB094A39
:10C4500056212520FDF73AFEFDF7B6FEFDF7AEFEAC
:10C460000028FBD0D9E7000000000240C5E5000825
:10C470008002002095E8000800B583B00A4600213C
:10C48000CDE9001101466846F4F755FADDE90001EF
:10C4900003B000BD70B5114D00244FF48051284603
:10C4A000F6F7E8FA00B101244FF400512846F6F7F8
:10C4B000E1FA00B1A41C54B1012C0AD0022C0AD01C
:10C4C000032C0AD10320BDE87040FDF7BFBF002058
:10C4D000F9E70120F7E70220F5E770BD000402400C
:10C4E00010B5FBF76BFF084C218A491E89B2FEF795
:10C4F00033FCFBF763FF217C00F008F8208ABDE8DD
:10C500001040FEF755B900003000002070B586B02D
:10C51000C27A01ABC679057A447A83E87400007B5D
:10C520000B46009003A213210948F9F749FA06B017
:10C5300070BD00002530356420253032642530324E
:10C54000642530326420253032643A25303264006C
:10C5500054050020144830B40178092922D100F193
:10C5600080038069D9684A69A3F10D0182420DD127
:10C57000847901F10105A40701D01C2400E01D24E9
:10C580006C70526994795269645C1472DA68526909
:10C590005269824203D182794069515C017230BC98
:10C5A000FAF7F8BD30BC70473000002003785B1C00
:10C5B0005BB2934200DD4BB20370704703885B1C93
:10C5C0001BB2934200DD0BB20380704703785B1E01
:10C5D0005BB28B4200DA53B20370704703885B1E74
:10C5E0001BB28B4200DA13B20380704710B5FDF71F
:10C5F000E1FE00281BD0FDF7C1FE012817D1FDF791
:10C60000CDFE002813D10A4C607818B10948FDF717
:10C61000BFFD01E0FDF72EFD607830B100206070B5
:10C62000BDE810400020FFF779BD0120F7E710BDFD
:10C630008002002001F5000830B5194C0122636822
:10C64000DB68834212D1884204D02568ED68C4E9D2
:10C6500000530BE0216061606368DB686360DB6846
:10C660008B4203D0521CD2B2072AF5D323681B6930
:10C67000834206D10969814204D023606068006961
:10C68000606030BD616021602068006920600069E1
:10C690008842F6D0521CD2B2072AF5D330BD000032
:10C6A000C8000020030406080C1018203000000009
:10C6B0000000000000010203040607080900000052
:10C6C0000001020304804020100804020100000061
:10C6D000000000000000000000000000000000005A
:10C6E000000000000000000000606000000000008A
:10C6F00000000018180000000018180000000002D8
:10C70000040404080810101020204040000000001D
:10C7100044A4A8A8B0541A2A2A4A440000000000E1
:10C7200018244242424242424224180000000000C3
:10C73000083808080808080808083E00000000003B
:10C740003C4242420204081020427E0000000000E9
:10C750003C4242020418040242423C000000000035
:10C76000040C0C142424447F04041F000000000067
:10C770007E404040784402024244380000000000FD
:10C78000182440405C62424242221C00000000002B
:10C790007E42040408081010101010000000000071
:10C7A0003C4242422418244242423C000000000025
:10C7B0003844424242463A02022418000000000077
:10C7C0001010182828243C444242E70000000000D2
:10C7D000F8444444784442424244F80000000000D7
:10C7E0003E42428080808080424438000000000049
:10C7F000F8444242424242424244F80000000000F3
:10C80000FC424848784848404242FC000000000092
:10C81000FC424848784848404040E00000000000A2
:10C820003C44448080808E844444380000000000F2
:10C83000E7424242427E42424242E700000000009C
:10C840007C1010101010101010107C000000000060
:10C850003E0808080808080808080888F0000000D2
:10C86000EE444850705048484444EE000000000038
:10C87000E0404040404040404042FE000000000098
:10C88000EE6C6C6C6C6C54545454D6000000000078
:10C89000C7626252524A4A4A4646E200000000001D
:10C8A0003844828282828282824438000000000002
:10C8B000FC424242427C40404040E0000000000018
:10C8C0003844828282828282B24C380600000000A4
:10C8D000FC4242427C4848444442E30000000000DD
:10C8E0003E4242402018040242427C000000000008
:10C8F000FE921010101010101010380000000000F0
:10C90000E74242424242424242423C0000000000B2
:10C91000E742424424242828181010000000000098
:10C92000D654545454546C28282828000000000081
:10C93000E7422424181818242442E70000000000CD
:10C94000EE44442828101010101038000000000099
:10C950007E840408081020204242FC0000000000F1
:10C960000000000038440C34444C36000000000045
:10C9700000C0404058644242426458000000000039
:10C98000000000001C22404040221C00000000006B
:10C99000000602023E42424242463B0000000000C6
:10C9A000000000003C42427E40423C00000000008B
:10C9B000000C12107C10101010107C000000000001
:10C9C000000000003E444438403C42423C0000002D
:10C9D00000C040405C6242424242E700000000006A
:10C9E000303000007010101010107C0000000000AB
:10C9F0000C0C00001C04040404040444780000002F
:10CA000000C040404E4850704844EE000000000016
:10CA1000107010101010101010107C00000000009A
:10CA200000000000FE4949494949ED0000000000AE
:10CA300000000000DC6242424242E70000000000C9
:10CA4000000000003C42424242423C000000000024
:10CA500000000000D864424242645840E0000000F8
:10CA6000000000001A26424242261A020700000077
:10CA700000000000EE3220202020F800000000001E
:10CA8000000000003E42403C02427C0000000000EA
:10CA9000000010107C10101010120C00000000009C
:10CAA00000000000C642424242463B000000000037
:10CAB00000000000EE444428281010000000000090
:10CAC00000000000DB894A5A5424240000000000C2
:10CAD000000000007624181818246E0000000000E2
:10CAE00000000000E7422424181810106000000025
:10CAF000000000007E44081010227E0000000000AC
:10CB000000000000007E00000000000000000000A7
:10CB10003C424262040808080018180000000000A7
:10CB200000000808087F0808080000000000000056
:10CB3000101010101010100000101000000002045F
:10CB400008081010101010100808040200004020FF
:10CB50001010080808080808101020400000000005
:10CB600000000000000000000000000000000000C5
:10CB700000000000000000000000000000000000B5
:10CB8000000000000000000000000000001C003E4B
:10CB9000003E001C0000000000000000000000003B
:10CBA00000000000000000000003E007300E381C09
:10CBB0001C1C1C1C0C380E380E380E380E380E3863
:10CBC0000E380E380E380E380E1C0C1C1C1C1C0E99
:10CBD00038073003E0000000000000000000000003
:10CBE00000000000000000000000C001C01FC001E4
:10CBF000C001C001C001C001C001C001C001C0012D
:10CC0000C001C001C001C001C001C001C001C0011C
:10CC1000C003E01FFC000000000000000000000056
:10CC200000000000000000000007F00C3C181C3061
:10CC30000E300E380E380E000E001C001C0038009E
:10CC40007000E001C00380030006060C06180630E1
:10CC50000E3FFC3FFC000000000000000000000050
:10CC600000000000000000000007E01C70383838A9
:10CC70001C381C381C001C001C0038007003E0002D
:10CC800078001C000C000E000E380E380E380C38E0
:10CC90001C1C3807E000000000000000000000003D
:10CCA0000000000000000000000070007000F000B4
:10CCB000F001F001F00370067006700C700C701833
:10CCC000703870307060707FFE007000700070000F
:10CCD00070007003FE000000000000000000000073
:10CCE0000000000000000000000FFE0FFE180018FA
:10CCF0000018001800180018001BF01E381C1C1823
:10CD00000C000E000E000E000E380E380E301C30D7
:10CD10001C1C3807E00000000000000000000000BC
:10CD200000000000000000000001F0071C0E1C0CB9
:10CD30001C1C001800180038003BF03F383C1C3C1D
:10CD40000C380E380E380E380E380E1C0E1C0C0E19
:10CD50001C0F3803F000000000000000000000007D
:10CD60000000000000000000001FFE1FFE180C382D
:10CD70001830183030003000600060006000C000E3
:10CD8000C001800180018001800380038003800353
:10CD9000800380038000000000000000000000000D
:10CDA00000000000000000000007F00E381C1C38D6
:10CDB0000E380E380E3C0E3C0C1F1C0FB007E01C4A
:10CDC000F8387C383C701E700E700E700E700E3885
:10CDD0001C1C3807E00000000000000000000000FC
:10CDE00000000000000000000007E01C3038183888
:10CDF0001C700C700E700E700E700E700E781E3857
:10CE00003E1C7E0FCE000E001C001C001838383867
:10CE10007038E00FC00000000000000000000000BB
:10CE20000000000000000000000000000000000002
:10CE300000000000000000000000000000000000F2
:10CE400000000000000000000000000000000000E2
:10CE500000000000000000000000000000000000D2
:10CE600000000000000000000000000000000000C2
:10CE7000000000000000000000000000007FFF0034
:10CE800000000000000000000000000000000000A2
:10CE90000000000000000000000000000000000092
:10CEA0000000000000000000000000000000000082
:10CEB0000000000000000000000000700070000092
:10CEC00000000000000000000000001F0031803161
:10CED0008060C060C060C060C060C060C060C06092
:10CEE000C0318031801F0000000000000000000001
:10CEF00000000006001E00060006000600060006F0
:10CF0000000600060006000600060006001F80005E
:10CF100000000000000000000000001F00318060E1
:10CF2000C060C060C000C00180030006000C001893
:10CF30000030C060C07FC0000000000000000000A2
:10CF40000000003E00630061806180018003000FEB
:10CF500000018000C000C060C060C061803F000070
:10CF600000000000000000000000000300070007B0
:10CF7000000F000F001B003300330063007FC0036D
:10CF800000030003000FC0000000000000000000CC
:10CF90000000003FC030003000300030003F00395A
:10CFA0008000C000C000C060C060C061803F000061
:10CFB00000000000000000000000000F0019803198
:10CFC00080600060007F00718060C060C060C060F1
:10CFD000C030C031801F00000000000000000000D1
:10CFE0000000007FC060C0618003000300030006F2
:10CFF0000006000C000C000C000C000C000C0000E3
:10D0000000000000000000000000001F00318060F0
:10D01000C060C060C031801F00318060C060C060EF
:10D02000C060C031801F0000000000000000000050
:10D030000000001F003180618060C060C060C0617E
:10D04000C033C01EC000C00180318033001E00000C
:10D0500000000000000000000000000000000000D0
:10D0600000000000000000000000000000000000C0
:10D0700000000000000000000000000000000000B0
:10D080000000000000000000000000000000007F21
:10D09000C0000000000000000000000000000000D0
:10D0A0000000000000000000000000000000000080
:10D0B00000000000000000300030000000300030B0
:10D0C000000000000010401020102013FEFA02148F
:10D0D0004410401BFE3088D088110810D01020105A
:10D0E00050508823040808481C49E0490049007D45
:10D0F000FC41444144794449284928491049104A8F
:10D10000284A448C8208000BF80A081208120833D7
:10D11000F83040504097FC10E01150124814441869
:10D120004210401040100011FC11041104FD1411B4
:10D1300008110015FC19443144D12811281110118F
:10D140002851442182040004000FF0182064400399
:10D15000801C70E00E1FF0111011101FF011101143
:10D16000101FF0101001000100010001007FFC03FE
:10D1700080054005400920111021084FE48102017B
:10D180000001000100200017FC0004408440845F7F
:10D19000F4408441844284448448845084428441DD
:10D1A0000440144008100011FC10001000FC001393
:10D1B000FE302038205528552492241222142210A3
:10D1C0002010A01040010001007FFC010001003F81
:10D1D000F801000100FFFE0500088818502820C94A
:10D1E000180A060C0008200820FFFE082000100086
:10D1F000F83F001110082001007FFC054009203194
:10D2000018C10601000200044008201FF002007F40
:10D21000FC082010902308CC46018006101820003E
:10D22000C007007800010001007FFC0540092031A3
:10D2300018C1061FF010101FF010101FF010100082
:10D2400000FFFE000000003FFE2000200020002024
:10D2500000200020002000200020002000200040AE
:10D260000040008000010001002108210821082160
:10D27000083FF80108010001004104410441044154
:10D28000047FFC00040040784048A051105208651B
:10D29000F6504048404FFC48406A50524844444889
:10D2A000444140408008400840084013F810403096
:10D2B0008037FE5080910013F81008111010A01054
:10D2C000401020102004000400FFFE080008001396
:10D2D000F810103020504097FE10401040104010C1
:10D2E00040114010801000100013FE1020FC201090
:10D2F000201020142018203020D0201020102010C2
:10D300002050A020401010082004403FF8210821A0
:10D31000083FF8210821083FF801000100FFFE0145
:10D320000001000100010021081108091009200175
:10D33000007FF80008000800083FF8000800080017
:10D34000087FF8000800003FF0201020103FF02078
:10D350000420041FFC00200020FFFE0820042004FD
:10D360002000A000400808083C0BE01220122032E8
:10D3700020322053FE9220121012101212120A12A2
:10D380008A132612121020102010201120112CFDBB
:10D3900034116413A41124113411281D22E12241F7
:10D3A0000200FE000002000200020003FC02000274
:10D3B000003FF02010201020103FF00000248822B1
:10D3C00044424480040100010001003FF82108218B
:10D3D0000821083FF82108210821083FF8210A0107
:10D3E00002010200FE020001007FFE4002800400F4
:10D3F000003FF801000100110011F811001100298F
:10D400000047FE8000004000407C40004001FC00DE
:10D4100044FE4420442044208448844484FD044540
:10D420000402280410010000803FFE222022203F39
:10D43000FC2220222023E020002FF0241042204153
:10D44000C08630380E004004400420082010102010
:10D450000840049FE2042004200420082008201033
:10D46000202140408000007FFC0080010003000577
:10D470006009183104C10200001FF01010101010D4
:10D48000101FF01010100010001FFC20005FF09023
:10D49000101FF010101FF004000FF018206440035C
:10D4A000801C70E00E002800243FFE20202FA420C6
:10D4B000242FA8289828924FAA404680820100482D
:10D4C00084481287F202000100FFFE00000FE0080E
:10D4D0002008200FE000007FFC40044FE44824486F
:10D4E000244FE4400C10100810082000003FF80101
:10D4F0000001000100FFFE010002800280044008DC
:10D50000203018C00620403F7E4890850801007FEB
:10D51000FE40029FE410201FE010001FF0101010CA
:10D52000101FF0101000001FF01010101010101F2E
:10D53000F00000FFFE080010001FF00010001000B7
:10D540001000A0004010401040104013FE188054FE
:10D550009050905112915211541290122814281088
:10D560004410841102100011F011101110FD10115F
:10D57000103110391055105510911011121112124E
:10D5800012120E1400200013FC1004400447C4447F
:10D59000444444444447C444444444444447C44049
:10D5A0000440144008201020103B7C211441FE7AD6
:10D5B00014A27C2710F97C251025FE22102A103594
:10D5C0000028FE0000082008200920112011FC324C
:10D5D0002032205420902017FE1020102010201000
:10D5E0002010201020100010FC3C2424244854BE9D
:10D5F000882A102A503E7C2A902A103EFE2A104A81
:10D6000010421086102420FF20247E7EC482287AB7
:10D61000104A287AC60500FFFE00003FF800003FD0
:10D62000F820083FF8200023FC22042204FBFC22FF
:10D630002022202BFE3220E22022FC22842284247D
:10D6400084A4FC488400007FFC08200820082008EF
:10D65000200820FFFE0820082008200820102010A5
:10D660002020204020000001FCFD24112411FC1189
:10D670002411247DFC1020102011FC10201C20E01F
:10D680002043FE000000003FFE200020802080207C
:10D69000802FFC20842084210421042204220444BD
:10D6A00004482890100000FFFE0440044004407F1E
:10D6B000FC4444444444444AA44A9451144204401F
:10D6C000044014400800047F84080408241F241127
:10D6D000242124212452248A24042404240804100C
:10D6E00004201440083FF801007FFE41029D7401B0
:10D6F000001D7002800C603218C1061FE000200679
:10D700004001800040020001007FFC020044442FE1
:10D7100088111022484FE400200100FFFE010001A3
:10D720000001000100200023FC2204FAF4AA04AA4C
:10D73000F4AA04A800A9F8A908A9F8B90821F821B1
:10D740000821F82108200013FC1004400440044084
:10D7500004400440044004400440044004400440A9
:10D76000044014400808201C20F02010A810A4FC3D
:10D77000A2112231203A2454245428900810101069
:10D780002010C01300008878884BFE488848007934
:10D79000FC490449FC490479FC48204BFE485048A8
:10D7A0008849049A02100010001FFC20802080404D
:10D7B000801FF8108010801080FFFE008000800025
:10D7C00080008000802200227C7F44224422443E4C
:10D7D0007C224422443E44227C2244FF440484228E
:10D7E0008441148208010000801FFC100410041002
:10D7F000041FFC10001000100017FC240424044433
:10D800000487FC040400003E7C224422443E7C0148
:10D81000200110FFFE02800C603018C0063E7C2202
:10D820004422443E7C100010003FFC20004FF0805A
:10D83000003FF000100010001000100010000A005F
:10D840000A00060002101008100820FFFE00003E2B
:10D8500008224822483E48224822483E48220822C0
:10D86000082A28241000400040FC7C108411082263
:10D87000FE3C92649264FEA492249224FE3C922583
:10D8800012210A02040040204010401040004000D5
:10D8900040F040104010A010A010A0151019101258
:10D8A000080404080200001FF010101010101010DF
:10D8B0001010101FF0101010101010101010101079
:10D8C000101FF010100040202013FE12028494411B
:10D8D000084A64089011081204E5FA210821082179
:10D8E0000821F80108104010401040FE7C208428D8
:10D8F0008849207E20082008500E50F8504888089B
:10D900008809040A02000000007FFC0000000000FB
:10D910000000003FF800000000000000000000FFD1
:10D92000FE0000000000027BC24A424A4A4A4A4ABC
:10D930004A4A4AFFEA4A4A4A4A4A4A4A4A4A425AEA
:10D9400042854A0884000021F011101110011002D4
:10D950000EF40013F811081110109014A0184010C4
:10D96000A003180C06000800087C08440845FE4483
:10D970000844087C0844884448444844087C0844D7
:10D9800008002800100100010001003FF8210821D3
:10D990000821083FF82108010011000900060005D0
:10D9A000801870E00E00003FF8000000000000004A
:10D9B00000FFFE0100010011101108210441028145
:10D9C00002050002001FF0101010101FF0101010C0
:10D9D000101FF00000FFFE0100110011F8110029D6
:10D9E00000450083FE082049202A20083EFF442AE3
:10D9F00044494488A41028FE2822104210642818A4
:10DA0000283444C28210A0112C11241124FDAC1121
:10DA100024112415FC182031FCD08810501020103F
:10DA20005050882306010001003FF8010001007FEB
:10DA3000FE420284241FC0018006103FF801081135
:10DA40002025104208100011FC11041104FDFC11E6
:10DA500004110415FC180033FED0201120113C11D4
:10DA60002052A0247E10401020202023FE4840F8A1
:10DA700088110423FE4092F890409000901912E122
:10DA800012420E0400088008400840100017FC30C5
:10DA900000300852089208111011101110112010B6
:10DAA000201FFE1000000023F81208120883F8421D
:10DAB00008420813F8100027FCE4A424A424A4249A
:10DAC000A42FFE0000020001000100FFFE10101054
:10DAD0001008200820044002800100028004400851
:10DAE000203018C006010002001FF010101FF010B7
:10DAF000101FF010101FF010100100088448924809
:10DB00001287F0000000F83F000400082010403F9A
:10DB1000800100061018087FFC0104092011102163
:10DB2000084504020000001FF0101010101FF01034
:10DB30001010101FF00440444424441448145004AE
:10DB400040FFFE000000007BF84A08520853F862CC
:10DB50000852084BF84A444A486A30522042104260
:10DB6000884306420010401020102011FEFC0010D7
:10DB70008831043A02548850889050105010201078
:10DB80005010881306084008200BFE1000100031CA
:10DB9000FC3000500091FC1000100011FC11041129
:10DBA0000411FC1104010000803FFE200023F82036
:10DBB0001020A020402FFE20422044204040404022
:10DBC000408140008000802080110011FC0204048C
:10DBD00004F3E41224122413E41224122417E41888
:10DBE000041028001000003FFE200020802080202C
:10DBF0008020802FFC20802080209020882088405A
:10DC0000805FFE8000082008207F20082808240F5D
:10DC100022F020402000003FF824482448244824D3
:10DC200048FFFE000002000100FFFE000000003F70
:10DC3000F8000000003FF8000000003FF820082036
:10DC4000083FF8200820003FFC40009FF000007FC4
:10DC5000F011100A107FD004103F900412FFEA0464
:10DC60000A04060402088008480A4812081208310B
:10DC7000103110511090A010A01040104010A011B1
:10DC80001012081406020001003FF80000082004EA
:10DC900040FFFE00001FF0101010101FF0101010B9
:10DCA000101FF0101008200820FFFE0820010001BE
:10DCB000001FF0111011101110FFFE028004400827
:10DCC000203018C006000001FEFC20102011FC21AD
:10DCD000243D2465FC6524A52425FC25203CA024A6
:10DCE0004020B0030E000047FC2040204003F80015
:10DCF00088E08827FE2000200023F822082A083226
:10DD00000823F8020800001FF81008100810081F68
:10DD1000F81008100810081FF81008100820082034
:10DD20000840288010084008400FFC104010403385
:10DD3000F8320853F8920813F8120813F812081270
:10DD4000081FFE100010201020102011201120FDAF
:10DD500020113C11201120112011201D20E1204113
:10DD60002007FE0000010001000100FFFE0100018C
:10DD70000001003FF800000100088848844812486C
:10DD80001287F000007FFC44447FFC01007FFC010F
:10DD9000001FF010101FF010101FF010101FF010D7
:10DDA00010FFFE000001000100010001003FF8210A
:10DDB0000821082108210821083FF8210801000155
:10DDC0000001000100102010203C20202041FCBD5B
:10DDD0002411241124FD2411FC11241020142018D6
:10DDE000201020002001404120212023FE02201687
:10DDF000201BFC1220222023FCE2202220222023B0
:10DE0000FE2200020000402040104017FC844444E1
:10DE1000444444144417FC2444E040204820442F48
:10DE2000FE240200000100020004001FF010101088
:10DE30001010101FF0101010101FF0101010101004
:10DE4000101FF010100100111011101110111029E5
:10DE50002825244544810001003FF801000100010C
:10DE600000FFFE0000200017FC008440A440945FE7
:10DE7000F440844EA44AA44EA440C4465458B4412D
:10DE8000144204400C0000000000000000000000EC
:10DE90000000000000000000000000000000000082
:10DEA00000000000000000000000007E0040004074
:10DEB00000400078004400020002004200440038A4
:10DEC00000000000000000000000000818382408CE
:10DED0004208420842084208420842084208243EDA
:10DEE00018000000000000000000003C184224421E
:10DEF0004242420242044208421042204242247EF0
:10DF00001800000000000000000000FC0042004873
:10DF100000480078DC48624842404242424242FCAB
:10DF2000E70000000000000000000000100070008A
:10DF30001000103E1044104410381040103C1042A5
:10DF40007C42003C00000000000000300030000077
:10DF5000000000703E10421040103C100210427C45
:10DF60007C000000000000000000000000C0004035
:10DF70000040005C0062004200420042004200E7B4
:10DF800000000000000000000000003E0042C0420F
:10DF9000408040805C8062804280424242444238FD
:10DFA000E70000000000000000000030003000002A
:10DFB00000000070DC106210421042104210427CDF
:10DFC000E70000000000000000000000000000006A
:10DFD0000000003C3E424242407E3C400242423C05
:10DFE0007C000000000000000000000000000000B5
:10DFF0000000003C00420042007E00400042003C25
:10E00000000000000000000E00110021803180316E
:10E010008003000600060006000600000006000659
:10E02000000000000023F82208220823F8F8002747
:10E03000BC24A42CA437BCE0402FFE216022502435
:10E0400048B846404009000900090011FE1280321C
:10E0500080348050F890801080108010FC10801068
:10E0600080108010800050004800403FFE2040207B
:10E070004020443E4422442228222822122A3244AC
:10E080004A40868102004000400040FE4011FC10E2
:10E0900044104410441044108410841E84F1044140
:10E0A000040228041000000000000000E700420005
:10E0B000420042D842647E42424242424264425856
:10E0C000E74000E00000902090109013FC009000CA
:10E0D00090F09017FE10901090111011101210284F
:10E0E0000047FE00000400020001000100010002E0
:10E0F0008002800280044004400820082010102084
:10E1000010400880061110111017FC1110FC0013AC
:10E11000F832083BF8560853F8904017FC10A0114D
:10E1200010120814060048004400440040FFFE009E
:10E130004000403E4008400840082008220F127866
:10E140000A200600020040404027FC204003F8005F
:10E1500040E7FE200023F8220823F822082BF8329B
:10E1600008222802102008203C27C02040F8402F19
:10E17000FE20402940365CE4442444275C244424A7
:10E1800044A7FC44040080204017FE112081204257
:10E190003C4244166412942348E248223022202252
:10E1A000502288030620403F7E4890850801003FAA
:10E1B000F801000100FFFE000000207FFC082004A1
:10E1C0002004A0004008400840104023FC484008BC
:10E1D0004017FE3010501097FE1010121011101141
:10E1E000101050102000000000000000000000008F
:10E1F00000000000000000000000000000606060FF
:10E2000060000000000000000000000000000000AE
:10E21000000000000000000000000000006000603E
:10E22000000000000001001100110011003FF82162
:10E230000041000100FFFE0280044004400820105D
:10E24000102008C00600407C404440548054FE55D5
:10E25000085688548854885450545010202850240C
:10E26000884504820220403F7E489085083FF8019F
:10E270000801083FF8210021003FFC0304050419B0
:10E2800028E1100100000000000000000000000074
:10E29000000000FFFE000000000000000000000081
:10E2A00000000000000000000000003FF800000037
:10E2B00000000000000000000000000000FFFE0061
:10E2C00000000000000000FFFE0200020002000249
:10E2D00000024002200210020802080200020002AE
:10E2E000000200020000007FFC01000100010001AB
:10E2F00000110011F811001100110011001100119E
:10E3000000FFFE0000020002000400FFFE080008FB
:10E31000401040304057FC904010401040104010DA
:10E32000401FFE100000007FFE001000101F1011A3
:10E330001011101110111011101F101110001000E9
:10E34000100050002000003FF000100010001020CE
:10E350001020103FF0200020002000200420042086
:10E36000041FFC000000003FF82108210821083F9D
:10E37000F82108210821083FF82108210821084137
:10E3800008412880101FF010101FF010101FF0001F
:10E3900000FFFE22003EF822883E9022502F20F2FD
:10E3A000504288030601000100010001000100FF46
:10E3B000FE01000100028002800440044008201099
:10E3C000102008C00600402240124013F80440000C
:10E3D00040F7FC11201120112012241224141C28B3
:10E3E0000047FE0000200027F822082110F0A0209E
:10E3F0004021B0264E3040E3F82040204027FC204A
:10E4000040A040404000003FF00200020002000235
:10E41000007FFC0480048004800880088010842031
:10E4200084407C800001001110092001007FFC0560
:10E43000400920111060080100FFFE02800440081E
:10E44000203018C00600047F84122412241224FFF6
:10E45000A4122422042214410881003FF801000183
:10E4600000FFFE0000100013FC110811F8FD081158
:10E47000F8110E17F8180837BCD0A412A4112812EE
:10E480009054A82846001000F83F8020802080206B
:10E49000803FFE2080208020402040202220122823
:10E4A0000A30062002100011FC200824104430F825
:10E4B00048108423024000FDFC402000201C20E086
:10E4C0002043FE000010201020202025FE4420F8CC
:10E4D0002010FC20204020FDFE402200221C2AE0CB
:10E4E00024402000200040204017FC104083F840CA
:10E4F0004047FE100013F82208E3F8220823F82210
:10E500000822280210020001007FFE400288241029
:10E5100010200800001FF0010001000100010001AF
:10E52000007FFC00000000000000000840084008D8
:10E530004008400840084008400CD00B2008000864
:10E54000000800000000002000500050F0230C02E2
:10E5500004060004000400040004040604030C0183
:10E56000F800000000102011243CA420A84020BD89
:10E57000FC11041124FD2411241124112414501819
:10E580008811040202001000F83F00010001003F62
:10E59000F8010001000100FFFE010001000100017F
:10E5A00000050002000020202011FC1020002003A4
:10E5B000FEF002109410501110109013FE14281841
:10E5C000441082030200000000007E0000000000F2
:10E5D0007E0001F8000000000000000000007E3F07
:10E5E000FFFFF8007F0001F80000000000000000BD
:10E5F00000007E3FFFFFF81FFFFFFFFFE00000006D
:10E6000000000000001C7E000000001FFFFFFFFF55
:10E61000E000000000000000001C7E000000000080
:10E620007F0001F80000000000000000001C7E00D8
:10E63000000000003F0001F80000000000000000A2
:10E64000001C7E0FFFFFE000000000000000000043
:10E6500000000000001C7E0FFFFFE0000000000033
:10E660000000000000000000001C7FCFC007E00792
:10E67000E7E03F000000000000000000001C7FCF2A
:10E68000C007E007E3E03F000000000000000000DA
:10E69000001C7FCFC007E007E3E07FFFC000000061
:10E6A00000000000001C7E0FC007E007E3E07FFFD2
:10E6B0008000000000000000001C7E0FC007E00783
:10E6C000E3E07EFC0000000000000000001C7E0F64
:10E6D000C007E007E3E0FC7E00000000000000004F
:10E6E000001C7E0FC007E007C3E0FC3E00000000F6
:10E6F00000000000001C7E0FFFC7E0060381FC3F06
:10E700000000000000000000001C7E0FFFC7E000BA
:10E710000201F81F8000000000000000001C7E0FB6
:10E72000C007E00000000000000000000000000042
:10E73000001C7E0FC007E000000000000000000089
:10E7400000000000001C7E0FC007E007FFFFFFFE77
:10E750000000000000000000001C7E0FC007E00762
:10E76000FFFFFFFE0000000000000000001C7E0F05
:10E77000C007E007E07F1FBF0000000000000000AE
:10E78000001C7E0FC007E007E07E1F1F8000000016
:10E7900000000000001C7E0FC007E007E07E3F1F66
:10E7A000C000000000000000001C7E0FC007E00752
:10E7B000E07C3F0FC000000000000000001C7E0F46
:10E7C000C007E007E0FC7E0FC00000000000000072
:10E7D000001C7E0FC007E007E0FC7E0FC0000000B9
:10E7E00000000000001C7E0FC007E007E0F87E0F6D
:10E7F000C000000000000000001C7E0FFFFFE007CB
:10E80000E1F8FC0FC000000000000000001C7E0FBB
:10E81000FFFFE007E1F8FC0FC0000000000000006F
:10E8200000007E0000000007E3F0FC0FC0000000C5
:10E830000000000000007E0000000007E3F1F80F78
:10E84000C00000000000000000007E000000000783
:10E85000E3F1F80FC00000000000000000007E3F60
:10E86000FFFFE00FE7F3F81FC0000000000000000A
:10E8700000007E3FFFFFF01FFFFFFFFFE0000000F2
:10E880000000000000007E3FFFFFF81FFFFFFFFFBA
:10E89000F00000000000000000000000F000000098
:10E8A000FFFFF8000000000000000000000000036F
:10E8B000F0000000FFFFFC0000000000000000006E
:10E8C00000000007F0000000FFFFFC000000000057
:10E8D000000000000000000FF00000007FFFFE00BD
:10E8E00000000000000000000000000FF000000029
:10E8F0007FFFFE0000000000000000000000001F7D
:10E90000F00000003FFFFE000000000000000000DB
:10E910000000003FF00000003FFFFE00000000008C
:10E92000000000000000003FF00000001FFFFE009C
:10E9300000000000000000000000007FF000000068
:10E940001FFFFE0000000000000000000000007F2C
:10E95000F00001800FFFFE0000000000000000003A
:10E960000000007FF00001800FFFFE0000000000AB
:10E97000000000000000007FF00003C007FFFE0061
:10E9800000000000000000000000007FF00003C055
:10E9900007FFFE0000000000000000000000007FF4
:10E9A000F00007C007FFFE000000000000000000AC
:10E9B0000000007FF00007E003FFFE000000000001
:10E9C000000000000000007FF00007E003FFFE00F1
:10E9D00000000000000000000000007FF0000FF0C9
:10E9E00001FFFE0000000000000000000000007FAA
:10E9F000F0000FF001FFFE0000000000000000002A
:10EA00000000007FF0001FF800FFFE000000000083
:10EA1000000000000000007FF0001FF800FFFE0073
:10EA200000000000000000000000007FF0001FF860
:10EA3000007FFE0000000000000000000000007FDA
:10EA4000F0003FFC007FFE0000000000000000001E
:10EA50000000007FF0003FFFFFFFFE00000000000D
:10EA6000000000000000007FF0007FFFFFFFFE00BD
:10EA700000000000000000000000007FF0007FFFA9
:10EA8000FFFFFE0000000000000000000000007F0B
:10EA9000F000FFFFFFFFFE0000000000000000008C
:10EAA0000000007FF000FFFFFFFFFE0000000000FD
:10EAB000000000000000007FF000FFFFFFFFFE00ED
:10EAC00000000000000000000000007FF001FFFFD8
:10EAD000FFFFFE0000000000000000000000007FBB
:10EAE000F001FFFFFFFFFE0000000000000000003B
:10EAF0000000007FF001FFFBFFFFFE0000000000B0
:10EB0000000000000000007FF001FFF1FFFFFE00A9
:10EB100000000000000000000000007FF001FFF195
:10EB2000FFFFFE0000000000000000000000007F6A
:10EB3000F001FFF3800FFE00000000000000000065
:10EB40000000007FF001FFE3800FFE0000000000E6
:10EB5000000000000000007FF001FFC7800FFE00F2
:10EB600000000000000000000000007FF800FE0F21
:10EB7000000FFE0000000000000000000000007F09
:10EB8000F800FE1E000FFE00000000000000000064
:10EB90000000007FF8007E7E000FFE0000000000F5
:10EBA000000000000000007FFC003FF8000FFE00A6
:10EBB00000000000000000000000007FFC000FF0DB
:10EBC000000FFE0000000000000000000000007FB9
:10EBD000FE000000000FFE0000000000000000002A
:10EBE0000000007FFE000000000FFE00000000009B
:10EBF000000000000000007FFF000000000FFE008A
:10EC000000000000000000000000007FFF80000006
:10EC1000000FFE0000000000000000000000007F68
:10EC2000FFC00000000FFE00000000000000000018
:10EC30000000007FFFE00000000FFE000000000069
:10EC4000000000000000007FFFF00000000FFE0049
:10EC500000000000000000000000007FFFF800003E
:10EC6000000FFE0000000000000000000000007F18
:10EC7000FFFE0000000FFE0000000000000000008A
:10EC80000000007FFFFF8000000FFE00000000007A
:10EC9000000000000000007FFFFFF000000FFE00FA
:10ECA00000000000000000000000007FFFFFFFFEEA
:10ECB000000FFE0000000000000000000000007FC8
:10ECC000FFFFFFFE000FFE0000000000000000003C
:10ECD0000000007FFFFFFFFC000FFC0000000000B1
:10ECE000000000000000007FFFFFFFF8000FFC00A5
:10ECF00000000000000000000000007FFFFFFFF0A8
:10ED0000000FF80000000000000000000000007F7D
:10ED1000FFFFFFE0000FF000000000000000000017
:10ED20000000007FFFFFFFC0000FE00000000000B8
:10ED3000000000000000007FFFFFFF80000FC00008
:10ED400000000000000000000000003FFFFFFF0087
:10ED5000000F800000000000000000000000003FE5
:10ED6000FFFFFE00000F0000000000000000000098
:10ED70000000000FFFFFFC00000E0000000000007C
:10ED80000000000000000000000000000000000083
:10ED90000000000000000000000000000000000073
:10EDA0000000000000000000000000000000000063
:10EDB0000000000000000000000000000000000053
:10EDC0000000000000000000000000000000000043
:10EDD0000000000000000000000000000000000033
:10EDE0000000000000000000000000000000000023
:10EDF0000000000000000000000000000000000013
:10EE00000000000000000000000000000000000002
:10EE100000000000000000000000000000000000F2
:10EE200000000000000000000000000000000000E2
:10EE300000000000000000000000000000000000D2
:10EE400000000000000000000000000000000000C2
:10EE500000000000000000000000000000000000B2
:10EE600000000000000000000000000000000000A2
:10EE70000000000000000000000000000000000092
:10EE800000000000000000000060003FC0E0380FFC
:10EE9000C0781C3FFC000000000000000060007F04
:10EEA000E0E0380FC07C1C3FFE00000000000000C6
:10EEB000006000E070E0381CE07E1C000E000000E6
:10EEC00000000000006000C030E0381CE0771C004B
:10EED0000E00000000000000006000C030E7F818DD
:10EEE00070739C380E00000000000000006000C03D
:10EEF00030E7F8387071DC380E00000000000000C8
:10EF0000007000C030E038303070FC380E00000077
:10EF100000000000007800E070E0387038707C3845
:10EF20001E00000000000000003FF07FE0E03873AA
:10EF3000F8703C3FFE00000000000000001FF83F9A
:10EF4000C0E038E3FC701C3FFC0000000010203BD8
:10EF5000232E534E45672F474A2C46274567625C50
:10EF600045676C1B2226042B45673C5A45675B1C92
:10EF700045676D080C595E0957524A2C03114A2CFB
:10EF800054484A2C440F10203B566A0B4A456710E0
:10EF9000203B57521635556E642135556E64343713
:10EFA000566A3E3F566A0A13403900462700136FDF
:10EFB0004F0013183018143D6400566A64002D3A4F
:10EFC000220703116C1B4B4C4505412A5D566A44D0
:10EFD0004F2D43616C6962726174696F6E006129C3
:10EFE0000206004229020600251F566A534A52654E
:10EFF0007365742043616C008182566A8384436C1C
:10F0000069636B20456E74657200086A640053542E
:10F01000442056616C75653A00858682086A41878E
:10F02000496E2053544420536F6C7574696F6E00A1
:10F030008889688A8B57616974696E672E2E2E00E5
:10F04000566A7E7F5375636365737366756C00469D
:10F0500061696C00566A8C8D8E8F180046697273D8
:10F060007420506F696E743A008E90180053656377
:10F070006F6E6420506F696E743A00918F184E6500
:10F08000787420506F696E740092934B4C8A8B5346
:10F090006561726368696E672E2E2E00446174612B
:10F0A0002073617665640073756363657373667559
:10F0B0006C6C79009B4A2C4E6F2044617461009700
:10F0C000989496004D61782053697A653A2000350E
:10F0D0003030303000143D959600557365205369EB
:10F0E0007A653A2000143D999A0053656C65637403
:10F0F00065643A20009C9D00547970653A20004474
:10F10000543A00534E3A003C5A507265737375720C
:10F1100065005B1C53616C696E69747900412A5DFE
:10F12000444F00446973736F6C766564204F78793F
:10F1300067656E00501C54656D7000A01C004C6F1C
:10F140006E6769747564653A00A11C004C6174694E
:10F15000747564653A009B10203B4E6F2050726FAF
:10F1600062652100251F0E0D456752657365742089
:10F170004D6574657220000E0D45675265736574A8
:10F18000004D485F45674265657000042B5F416C28
:10F1900061726D20546F6E650001285F4B65797058
:10F1A000616420546F6E6500A84AA61A4175746F99
:10F1B000204C6F636B00A71B4D616E75616C006C1A
:10F1C0001B4175746F0049443A0053656E736F724A
:10F1D000730053797374656D00486973746F726955
:10F1E00063616C204461746100446174652F5469EB
:10F1F0006D65004C616E6775616765004175746F80
:10F20000506F77657200416C61726D0041697220C8
:10F2100050726573737572650053616C696E6974C1
:10F2200079004750532051756572696573004D65CB
:10F2300074657220496E666F004461746120537476
:10F240006F7265004461746120566965770044619E
:10F2500074612044656C6574650043616C69627219
:10F260006174696F6E0053657474696E67730053DF
:10F27000656E736F7220496E666F0053617665002C
:10F280004F4646004F4E004C6F772054483A004896
:10F290006967682054483A00534E3A004857205650
:10F2A000657273696F6E3A005357205665727369C1
:10F2B0006F6E3A004F6E65506F696E740054776FD1
:10F2C000506F696E740043757272656E743A0053C4
:10F2D00074616E646172643A0053656E736F72207C
:10F2E00043617000436F6E6669726D004D656E75A7
:10F2F00000446174653A0054696D653A00556E6961
:10F30000743A005365617263682050726F626500E1
:10F3100020707074006D672F4C002020202500564F
:10F3200065722E41005665722E42005665722E435C
:10F33000005665722E44006B506100491E03114552
:10F34000677B536176652073657474696E670049E5
:10F350001EA2A34A2C7B576970652064617461000A
:10F36000491E3E3F566A7B43616C696272617469F3
:10F370006F6E00491E251F0E0D7B466163746F7210
:10F380007920726573746F7265007C7D7E7F7C7DF1
:10F390008C8D4A2C03117E7F03118C8D4959657326
:10F3A000001E4E6F00701D69711D69721D69352048
:10F3B000206D696E75746573003130206D696E75EE
:10F3C000746573003230206D696E7574657300204A
:10F3D000444F2020002070482020002054757220C7
:10F3E000002046434C2000204543202000204F525F
:10F3F000502000204E48342B002020462D20002095
:10F40000434C2D20002043686C200020426761207F
:10F4100000434F4475760020202020200068516F63
:10F420006F7778797A7778797A6F685173747576AF
:10F430006F605160516F6F7374757600000000004B
:10F4400000000000000000000000000000000000BC
:10F45000000000000000000000000000FFFFF0803E
:10F46000001080001C8000148000148000148000B4
:10F470001480001480001C800010FFFFF0FFFFF0DC
:10F48000800010BC001CBC0014BC0014BC0014BCE8
:10F490000014BC0014BC001C800010FFFFF0FFFF34
:10F4A000F0800010BCF01CBCF014BCF014BCF014D4
:10F4B000BCF014BCF014BCF01C800010FFFFF0FF87
:10F4C000FFF0800010BCF3DCBCF3D4BCF3D4BCF37D
:10F4D000D4BCF3D4BCF3D4BCF3DC800010FFFFF049
:10F4E000000C00003E00004C00308010790018FF36
:10F4F000FFFC7820183010100009C00007C0000180
:10F50000C00003C0000007E000000FF000000FF093
:10F5100000001FF800001FF800003E7C00007C3E49
:10F5200000007C3E0000FC3F0000FC3F0001FC3F6F
:10F530008003FC3FC003FC3FC007FC3FE007FC3FEB
:10F54000E00FFE7FF01FFFFFF81FFFFFF83FFE7F79
:10F55000FC3FFC3FFC7FFC3FFEFFFE7FFFFFFFFF09
:10F56000FFFFFFFFFF7FFFFFFE03C00E70081018B4
:10F5700018181818181FF83FFC3FFC3E7C3FFC3E53
:10F580007C3E7C3E7C3FFC1FF876312E3000804074
:10F59000201008040201245043415331302C332AF7
:10F5A00031460D0ADDDDDDDDDCBBBBDDDDDDDDDDB6
:10F5B000DDDDDDDD988888888888888877777777AB
:10F5C0007788888885555556666666666666666677
:10F5D0006668888883333332222222222222222222
:10F5E0002228888D04F6000800000020C4020000D4
:10F5F000040F000864F60008C40200202C2C000050
:10F60000305A0008321072015468FF1F1310F31BA8
:10F610000815041A1A041A1F041A25041A2B041AAE
:10F6200031047A012E0120033C803F1A3B6C1A42C0
:10F630000432071D1F1C1F1E02390509277F013BCD
:10F6400013C164021C08024B0C4B91B96C02B73C0D
:10F650004B419FC001184B757120021801093019E8
:04F660000111000094
:04000005080000F5FA
:00000001FF
