:020000040800F2
:10000000F09D00203D0200087DCF0008F1AC000803
:1000100011BF0008792F000889FC000800000000CB
:100020000000000000000000000000004DEA000891
:100030007374000800000000B9E7000875EF0008BD
:10004000570200085702000857020008570200082C
:10005000570200085702000857020008570200081C
:10006000570200085702000857020008570200080C
:1000700057020008CD54000857020008D954000860
:10008000E55400085702000857020008570200080C
:1000900057020008570200085702000857020008DC
:1000A00057020008570200085702000857020008CC
:1000B000F9EF00085702000857020008570200082D
:1000C00057020008570200085702000857020008AC
:1000D000570200087DFB000895FB0008ADFB0008F7
:1000E000570200085702000857020008570200088C
:1000F00057020008000000005702000857020008DD
:10010000570200085702000857020008570200086B
:1001100057020008570200085702000800000000BC
:100120005702000800F002F800F078F80AA090E802
:10013000000C82448344AAF10107DA4501D100F0A2
:100140006DF8AFF2090EBAE80F0013F0010F18BFF7
:10015000FB1A43F001031847647E0200847E02000C
:1001600010F8013B0A4413F0030408BF10F8014BD8
:100170001D1108BF10F8015B641E05D010F8016B5B
:10018000641E01F8016BF9D1002D15D010F8014B58
:1001900003F00C030C2BA1EB04040ABF10F8013B85
:1001A000A4EB8314A4EB032405F1010314F8016B01
:1001B0005B1E01F8016BF9D5914238BF10F8013B85
:1001C000D1D370470023002400250026103A28BF11
:1001D00078C1FBD8520728BF30C148BF0B607047B9
:1001E000662925F00785642900F0C8810020704742
:1001F0001FB59DE8030000F061FB00F0B7FE0400AE
:100200000020002124F0F8FB401C60600020002149
:1002100024F0DCFBE0601FBD10B510BD00F0F0FF66
:100220001146FFF7E5FF1FF0ABFA01F093FA03B4B4
:10023000FFF7F2FF03BC01F003FB00000948804711
:1002400009480047FEE7FEE7FEE7FEE7FEE7FEE7B8
:10025000FEE7FEE7FEE7FEE704480549054A064BD0
:1002600070470000F5EF000825010008F07D002030
:10027000F09D0020F08D0020F08D002070B5A0FBD7
:100280000140B4F1805170F1000024BF002070BD26
:10029000204600F007F805001CBF214600F0A5FA33
:1002A000284670BD70B5064600F0ECFA056806F108
:1002B0000B0020F00704B4429CBF002070BD2B4609
:1002C0006A68BAB11068A04210D304F108018842EC
:1002D0003CBF5068586007D35168101941601168DD
:1002E000091B016058601460101D70BD13465268F0
:1002F000002AE7D12146284600F0CCFA0028DED1BA
:1003000070BD70B50446051F00F0BCFA0068002CF3
:1003100014BF446870BD002C18BFAC423CBF2046DF
:100320006468F8D301680A18AA4218BF456003D16F
:100330002A6805461144016028684119A1421CBF82
:100340006C6070BD6168696021680844286070BD98
:1003500070B50D460646041F00F094FAD0F800C0B0
:10036000C5B1E6B105F10B0020F00703AB423CBF7D
:10037000002070BD2068984238BFDCF8042013D3F9
:10038000C11A08292FD3E01840F8041B2360FFF797
:10039000B8FF28E03046FFF7B4FF002070BD2846C4
:1003A000BDE87040FFF77EBF002A18BFA2423CBFE5
:1003B00094465268F8D30119914216D11168084445
:1003C000984212D3C11A08293CBF2060506808D354
:1003D0005168E0184160216812681144C91A01602F
:1003E0002360CCF80400201D70BD181FFFF75AFFD2
:1003F000050007D021680A1F211D00F081FD201D86
:10040000FFF77FFF284670BD53EA020C00F06980B9
:100410002DE9F04B4FF00006002B1FBFB3FA83F518
:1004200003FA05F424FA05F65E4012BF1643B2FA49
:1004300082F502FA05F4C5F120051EBF22FA05FC7B
:1004400044EA0C04203556EA044C4FEA144418BF21
:10045000641C4FF000084FF00009904271EB030C50
:1004600039D3002919BFB1FA81F701FA07F6B0FABA
:1004700080F700FA07F6C7F120071EBF20FA07FC35
:1004800046EA0C062037B6FBF4FCA7EB0507103F45
:1004900007F01F0BCBF120060CFA0BFB2CFA06F62B
:1004A00044BFB3460026202FA4BF5E464FF0000B8A
:1004B0005BEA060C08BF4FF0010B19EB0B09ABFB15
:1004C000027C48EB0608C01B06FB02CC0BFB03CCEE
:1004D00071EB0C01C1E70B46024641464846BDE8B8
:1004E000F08B13B54FF000004FF00001AFF3008028
:1004F000BDE81C40704700000FB41CB50C0007AAF3
:10050000009001D02044401E074B7B446946019077
:10051000069800F082FC002C03D06946002000F011
:100520008FFC1CBC5DF814FB3D09000070B504464F
:1005300085690068C10601D5302600E02026C00785
:1005400007D070BDD4E9012130469047206A401C95
:1005500020626D1EF6D570BD70B5044685690078C1
:10056000C00707D170BDD4E9012120209047206A3F
:10057000401C20626D1EF6D570BD00002DE9F041D3
:100580000646002410687529314616A510D0AFF331
:100590000080002802DA404213A507E031688A078C
:1005A00001D512A502E0490704D511A5012401E0F7
:1005B000AFF3008000210A2206F1240709E0B0FB16
:1005C000F2FCB0FBF2F302FB1C003030785418460A
:1005D000491C0028F3D123462A463046BDE8F041A5
:1005E00000F0ADB9000000002D0000002B0000005D
:1005F000200000002DE9F05F894604464FF0000A14
:10060000DFF824B1FB44C0F820A02046E168884709
:1006100000287DD0252806D0D4E901219047206A02
:10062000401C2062F1E700255F462046E1688847CC
:100630002028064607DB312E05D2B81910F8200C09
:1006400008B10543F1E7A80701D525F00405C4F872
:100650001CA00027C4F818A02A2E09D030460FF09D
:10066000AEFD38B304EB8708303EC8F8186019E0D7
:1006700059F8041B204604EB87029161E168884722
:10068000012F064618D1E069002820DA25F0200560
:100690001DE0D8F8180000EB800006EB4000303871
:1006A000C8F818002046E168884706460FF087FD25
:1006B0000028EED1012F0AD02E2E08D12046E16865
:1006C00088477F1C0646022F45F02005C4DBA06941
:1006D000002803DA404245F00105A061E80701D097
:1006E00025F01005A6B1A6F14100192802D8203640
:1006F00045F400654A463146204625604D46FFF7E1
:100700006FFD60B1012807D0ED1D25F0070000E066
:1007100007E000F1080978E705F1040975E73046BC
:100720007AE7206ABDE8F09F0C79020030B50546F3
:100730000B462A4613F8014B12F8010B08B1A042F0
:10074000F8D01CB1002802D06D1CF1E7284630BD5E
:10075000032A40F2308010F0030C00F0158011F8ED
:10076000013BBCF1020F624498BF11F801CB00F8C5
:10077000013B38BF11F8013BA2F1040298BF00F819
:1007800001CB38BF00F8013B11F0030300F0B88340
:10079000083AC0F0088051F8043B083A51F804CBFD
:1007A000A0E80810F5E7121D5CBF51F8043B40F8C3
:1007B000043BAFF30080D20724BF11F8013B11F8CE
:1007C00001CB48BF11F8012B24BF00F8013B00F812
:1007D00001CB48BF00F8012B704702F0FF0343EA4A
:1007E000032242EA024200F002B84FF0000204295C
:1007F000C0F0128010F0030C00F01B80CCF1040C50
:10080000BCF1020F18BF00F8012BA8BF20F8022B83
:10081000A1EB0C0100F00DB85FEAC17C24BF00F829
:10082000012B00F8012B48BF00F8012B70474FF057
:10083000000200B5134694469646203922BFA0E830
:100840000C50A0E80C50B1F12001BFF4F7AF09073C
:1008500028BFA0E80C5048BF0CC05DF804EB89002D
:1008600028BF40F8042B08BF704748BF20F8022B70
:1008700011F0804F18BF00F8012B70477047704788
:100880007047000000487047947D00207047704713
:100890007047704738B504460A4600206946AFF3F2
:1008A0000080002808BF38BD02460099204600F0AD
:1008B00065FB012038BD012000F09ABCF8B5AFF30C
:1008C0000080054600200C46102000BF0646A819EF
:1008D000A0420DD9324669460020AFF300800700E0
:1008E00008BF00F085FC0098A04218BF0546C41957
:1008F000FFF7C8FF05600746F01D20F00700461906
:10090000284600F00AF8B44208BFF8BDA21B3146E1
:100910003868BDE8F84000F031BB00210160C0E953
:10092000011070471020704710B500F023FB0068DD
:1009300010BD10B5044600F01DFB046010BD2DE98C
:10094000F0470D4699469246044600F12408016896
:10095000880604D5E06921F01001216000E0012043
:10096000A84201DD471B00E00027A1697A1902EBCC
:100970000900081AA0612078C00602D42046FFF7BB
:10098000D5FD002608E0D4E901211AF806009047B9
:10099000206A401C761C20624E45F4DB2078C0069D
:1009A0000AD52046FFF7C2FD06E0D4E90121302038
:1009B0009047206A401C2062381EA7F10107F4DC32
:1009C00007E0D4E9012118F805009047206A401C8F
:1009D0002062281EA5F10105F3DC2046FFF7BCFDCF
:1009E0002078000602D50220BDE8F0870120FBE751
:1009F00070472DE9FF4F0C461E464FF0FF378BB076
:100A0000D2E90001DDF860800A908A46C1F30A55F8
:100A100005B93D46002108464FF00000BAF1000F2D
:100A200000F4400005DA00EB80004FF4400101EAD9
:100A300050004FEA9059B9F1010F00DDB9460A980C
:100A400050EA4A000ED044F61050A5F2FF35454357
:100A50002F14B8F1000F1ED07542291E1EDDC9F1FA
:100A600000021CE0B8F1010F4FF0000001D030216E
:100A700003E0F24305E02154401CB042FBDB30466A
:100A80000022002121540B99C1F80880C1E90020FF
:100A90000FB0BDE8F08FBD1B6D1CDEE74A4600DAE3
:100AA000694206A800F032FB06AB93E8070003ABEF
:100AB00083E8070050460A9901F033F98DE80700F2
:100AC000A0F500501F3800900398002D0ADD42F277
:100AD0001F014A460844002303A90390684601F019
:100AE000DFFB09E0A0F500504A461F38002303A9A8
:100AF0000390684601F0FEFB8DE807000004000C3F
:100B000003D04FF0FF30410800E01046B8F1000F6D
:100B100003D00022009215461EE0751E05D400F099
:100B200047FA303262556D1EF9D5B34601220843AB
:100B300002D000227F1C04E02078302801D100225E
:100B40007F1E002A099784D01DE0112D07DA00F0DE
:100B50002FFA303262556D1C50EA0102F5D108437C
:100B600002D00098C8B10EE00021681E05E0235CA9
:100B7000625C63542254401E491C8142F7DBAB4641
:100B8000A81B401E0990002004F80B000B98099A3E
:100B9000C0F80880C0E9002B7AE711264FF0000862
:100BA00057E72DE9F04F88460446D21D22F0070191
:100BB00091B0D1E90001CDE90A010FF05BFA0246DC
:100BC0000B98C00F01D02D2007E02068810701D5C8
:100BD0002B2002E0202101EAC000032A099001D065
:100BE000072A05DB03464146204600F02FFA0BE1B9
:100BF0002078800601D5E06900E00620B8F1650F95
:100C0000814606D0B8F1660F18D0B8F1670F70D1E1
:100C100031E00020B9F1110F009001DB112301E058
:100C200009F101030AAA01A90CA8FFF7E2FEDDE918
:100C30000C70002609F10105834647E001204B4670
:100C400000904FF000470AAA01A90CA8FFF7D1FEB7
:100C5000DDE90DB00C995D46002610B909F10100DF
:100C60000D18B9EB050003D4C0F1FF3609F10105F9
:100C7000A5EB09002BE0B9F1010F01DA4FF00109F2
:100C80000020B9F1110F0090484601DD112300E06A
:100C900003460AAA01A90CA8FFF7ABFEDDE90C7018
:100CA0004D4600268346207800070AD4AB4500DA7B
:100CB0005D4601A8012D04DD411911F8011C302900
:100CC00007D04F4502DA17F1040F04DA01208246FB
:100CD0000FE06D1EEEE7002F02DCED1B3E4403E04B
:100CE000781CA84200DD7D1CB81B00F1010A4FF002
:100CF00000472078000703D4AA4501DB4FF0FF3AF4
:100D00000021B7F1004F0DF143088DF8431024D0B6
:100D100002202B23002F01DA7F422D230A21021EFD
:100D2000A0F1010000DC5FB197FBF1FC97FBF1F251
:100D300001FB1C7C17460CF1300C08F801CDEEE7E6
:100D4000A8F1010003702188090501D5452100E0C3
:100D50006521A0F1010800F8011C09980FA9A1EB79
:100D60000807FF1D00B10120411901EBEA70A169DC
:100D70003844081A401EA0612078C00602D42046DC
:100D8000FFF7D4FB099828B1D4E901219047206AE4
:100D9000401C20622078C00622D52046FFF7C6FB03
:100DA0001EE0002E04DBB34502DD01A8805D00E0FB
:100DB0003020D4E901219047206A401C2062761C33
:100DC000AAF101005FEA000A0AD100F0CFF8C0687A
:100DD0000168405CD4E901219047206A401C2062F0
:100DE000281EA5F10105DCDC07E0D4E9012118F893
:100DF000010B9047206A401C2062381EA7F10107B2
:100E0000F3DC2046FFF7A8FB032011B041E6000009
:100E100001694A1C02610878704700B58FB0CDE9BE
:100E200001310021059105497944CDE903101146AE
:100E30006846FFF7DFFB0FB000BD0000E5FFFFFFD6
:100E40000A6802F8010B0A607047D1E900239A4250
:100E500002D2531C0B601070704700000FB40023C7
:100E600000B589B00CA900910B99CB60214B7B4454
:100E70000693214B7B44079304236FF00042CDE996
:100E800001321E4A7A446B4608920246002024F042
:100E900013FF09B05DF814FB70B506464FF0FF3044
:100EA00015460C46324686B00091CDE901016946EF
:100EB0000020049004A8FFF7D1FF024604982118EF
:100EC00025B108B1084600E02046286004980028B3
:100ED0000DD0002A02DD0098884208D03246081B57
:100EE00069460094CDE9010404A8FFF7B7FF06B0F6
:100EF00070BD00005B02000073020000B30100003F
:100F000010B5203AC0F00B80B1E81850203AA0E8A4
:100F10001850B1E81850A0E81850BFF4F5AF5FEAD8
:100F2000027C24BFB1E81850A0E8185044BF18C98B
:100F300018C0BDE810405FEA827C24BF51F8043B32
:100F400040F8043B08BF7047D20728BF31F8023B86
:100F500048BF11F8012B28BF20F8023B48BF00F81A
:100F6000012B7047004870478C7D00200048704777
:100F7000AC7D0020004870478C7D0020034640680F
:100F80008C46002818BF88423CBF03464068F8D30F
:100F900018681844884207D00CF1030020F00700BD
:100FA000001D411A521A0146081D0A60FFF7A9B92F
:100FB00030B5B0F10A024FEA900E71F100034EEA2B
:100FC000817EB0EB0E0061EB91014FEA101E4EEAFC
:100FD000017E10EB0E0041EB11114FEA102E4EEA8C
:100FE000016E10EB0E0041EB11214FEA104E4EEA5C
:100FF000014E10EB0E0041EB1141401841F1000190
:101000004FEAD00040EA41704FEAD10110EB800571
:101010004FEA810444EA907444EB01046D1944EBF7
:101020000404521BA3414FF0000348BF0A3200D50D
:1010300030BD401C41F1000130BD10B5044600F048
:1010400005F90068005D00F0010010BD2DE9F041D8
:101050001F46044603260168072A01F4006004DBEA
:1010600008B116A505E016A503E008B115A500E036
:1010700015A521F010002060A069C01EA0610FB16D
:10108000401EA0612046FFF751FA4FB1D4E901217B
:1010900038469047206A401C2062C01C206206E04F
:1010A000206AFAE7D4E9012115F8010B9047761E72
:1010B000F8D22046FFF750FABDE8F0814E414E00CD
:1010C0006E616E00494E4600696E6600426842B12C
:1010D000016811F8013B23B1521EC0E90012184605
:1010E00070470121C160881E704742685AB1C368C9
:1010F000016843B983688B4205D0491E521CC0E980
:101100000012002070474FF0FF3070472DE9F04784
:10111000814616468AB0354878440DC88DE80D00E2
:1011200032487844801C03AC0DC884E80D0041F6B9
:101130009B300844372190FBF1F290FBF1F5A5F1CB
:10114000800501FB12041B3C02D56442012000E033
:101150000020DFF898A080460027FA44AAF1BE0AD2
:101160000EE0E0070AD03246684607EB470101234C
:101170000AEB810101F0BEF88DE8070064107F1CC6
:10118000002CEED1194F7F44AE3F19E0E80715D08F
:1011900007EB04100DF1180A90E80E008AE80E0023
:1011A000C068F04201D1981908903246012306A97F
:1011B00003A801F09FF803AB83E807006D10641CDF
:1011C000002DE3D14FF0010332466946B8F1000F1C
:1011D00003A802D001F064F801E001F08BF8C9E93E
:1011E0000001C9F808200AB0BDE8F087886E020047
:1011F00010B500F0BDFABDE8104000F0B4BA704779
:101200007546FFF7AFFEAE4605006946534620F02F
:101210000700854618B020B5FFF71EF8BDE820404E
:101220004FF000064FF000074FF000084FF0000BA2
:1012300021F00701AC46ACE8C009ACE8C009ACE855
:10124000C009ACE8C0098D467047000010B5FFF733
:101250008DFE001D10BD00BFA13702002DE9FF4F1C
:1012600006468BB00878FF2806D0491C2D2805D0EB
:1012700000244FF0000908E000200CE00124F8E70A
:1012800009EB8903491C00EB43090878FF28F7D1D3
:1012900014B1C9F100008146107800252C46AA46F9
:1012A00029462D2801D02B2804D1521C2D2813D0DB
:1012B000002082468B461078FF280FD04FF0000C9C
:1012C0000A21521CA5FB017804FB018105FB0C11CE
:1012D000C5194BEB0104EEE70120EAE700210846BF
:1012E0004FF00000BAF1000F02D000EB8000400880
:1012F000C0F38157012F01DD4FF0FF370E9955EAFA
:10130000040009EB01080BD04FF0020918F5FA7F31
:1013100016DA4FEACA70002F706008DD012007E07E
:101320004FEACA70C6E900B00FB0BDE8F08F0020E8
:101330003060FFF71FFEC0F800901821084616E045
:10134000B8F5FA7F18DD002F02DAF748784401E09B
:10135000F6487844D0E90010C6E9001040EACA70A7
:101360007060FFF707FEC0F80090142108460FB028
:10137000BDE8F04F24F03BBC002108464FF00000D0
:10138000B8F10001099002DAC7F1000200E03A4624
:1013900001DAC8F1000106A8FFF7B8FE06AB93E832
:1013A000070003AB83E8070044F23E005BEA040158
:1013B0000090584604D144F21E012C465D4600912F
:1013C000210C0904014306D10099240444EA154480
:1013D0002D041039009104F07F41014306D100999A
:1013E000240244EA15642D020839009104F070418A
:1013F000014306D10099240144EA15742D01091F07
:10140000009104F04041014306D10099A40044EA50
:101410009574AD00891E009104F00041084304D189
:1014200000986D196441401E00904FF001033A4648
:101430006846B8F1000FCDE9014503A902DD00F0CF
:101440006EFF01E000F041FFBAF1000F04460D46C7
:1014500001D084F00044002108464FF000000999B3
:1014600040F2FF77484010F00C0F07D124F0004005
:10147000284303D0C4F30A50B84212D1FFF77AFDD3
:10148000C0F80090C4F30A50B8420AD1A848784482
:10149000D0E90010C6E9001004F000410843706074
:1014A00042E7C6E900543FE72DE9FF4F1F464FF0E2
:1014B000000A4FF0FF38454691B0D7E90146CDF814
:1014C0003CA0FFF753FDC0680168405C1090B9690B
:1014D00012986D1C8847396A814688470028F6D1E2
:1014E000B9F1FF3F0AD0002E24F4D06411DDB9F128
:1014F0002B0F08D0B9F12D0F0BD102E0404615B0EB
:1015000013E744F48064B96912986D1C8847761E0D
:101510008146600504A901D52D2000E02B20002E76
:1015200001F1010B0DF130088DF810003FDDB9F12C
:10153000690F08D0B9F1490F05D0B9F16E0F02D08B
:10154000B9F14E0F1CD13B4601A8009580E850022E
:10155000DDE912126FF0020024F0B2FBC11CCED103
:101560000EE0B96912986D1C884781461398761E63
:1015700044F4007405600F98401C002E0F9016DD97
:10158000B9F1300FEDD0B9F1780F02D0B9F1580FA1
:101590000DD10F9801280AD13B46CDE90054DDE971
:1015A0001212001F029624F089FBC11CA7D11099CA
:1015B00089453ED144F0800406E01399681CAAF1E5
:1015C000010A44F400740860B9696D1C1298761E13
:1015D000884730288146F0D02BE01099894505D105
:1015E000200603D4761E44F0800418E048460EF02E
:1015F000E6FD08B3761E0DF123018B4544F400741B
:1016000008D2A9F130000BF8010B200607D5AAF18A
:10161000010003E0200602D40AF101008246A00581
:1016200002D51399681C0860B96912986D1C884727
:101630008146002ED1DC53E0002E51DDB9F1650F5B
:1016400002D0B9F1450F4BD1A00549D5B9696D1C40
:101650001298761E24F440748847002E81460CDDD3
:101660002B2804D0B9F12D0F07D144F48074B96947
:1016700012986D1C8847761E8146E00501D52D2104
:1016800000E02B2108F8011BCDF8008021E0761E38
:101690000DF13901884544F400740CD2A9F13000F1
:1016A00010F0FF0088F8000002D10099884509D9A0
:1016B00008F1010806E0E00501D51E4801E042F20C
:1016C0000F708246B96912986D1C8847814613983D
:1016D0000560002E04DD48460EF071FD0028D6D1CD
:1016E000F96912988847FF2053468BF8000088F864
:1016F000000000200A900B9004AA0CA90AA8FFF78A
:10170000ADFDA00502D46FF00100F8E614F0240F3F
:1017100012D0E0071CD13868DDE90A12031D3B60D6
:101720000068C0E9001213E0946C0200866C0200AD
:101730004A6B0200F1D8FFFF0AA968460EF0CEFC02
:10174000E00705D13868009A011D39600068026021
:101750002846D4E610B50446AFF300802046BDE825
:101760001040FEF764BD002801D000F069B8704752
:1017700010B5012805D0002103A000F067F8012072
:1017800010BD09A1F8E7000053494752544D454D9B
:101790003A204F7574206F662068656170206D6512
:1017A0006D6F7279000000003A2048656170206D0D
:1017B000656D6F727920636F727275707465640005
:1017C0004FF0013C50F8042B51F8043B9A4221D1D0
:1017D000A2EB0C03934313EACC1317D150F8042B5C
:1017E00051F8043B9A4215D1A2EB0C03934313EA40
:1017F000CC130BD150F8042B51F8043B9A4209D179
:10180000A2EB0C03934313EACC13DBD04FF00000A0
:10181000704700BFD01A01BAB1FA81F101F0180186
:1018200022FA01F0CB40C1F12001DBB2C0B2C01AF4
:101830002CFA01F3D11A914311EAC311E6D1704792
:1018400001491820ABBEFEE72600020070B5054630
:101850000C460A2000E06D1C00F011F835B1287824
:101860000028F8D102E0641C00F009F814B12078D7
:101870000028F8D1BDE870400A20AFF3008008B519
:1018800069468DF800000320ABBE08BD2DE9FF4F6F
:101890001F464FF03C0987B04FF00042DDE91410BD
:1018A00001F10108DDF858A002EA40500390002041
:1018B00005908346054604460490B969461E08987B
:1018C0008847AAF1010A0290BAF1000F3BDD0298A5
:1018D0002E2815D0102100F016FA00282EDB4FF02C
:1018E000010B0599014317D0B9F1000F0BDB4A46F4
:1018F000C11700F0F5F905430C43A9F1040905E00F
:10190000012004900BE008B145F00105012005908D
:10191000049820B9361D02E0049800B1361FB96959
:10192000089808F101088847BBF1000FAAF1010AE5
:101930000290C9D00999C1F80080C5E702987028C3
:1019400008D0502806D0F96908988847BBF1000FE5
:1019500014D04FE0002002900120BBF1000F049052
:1019600009D0B969089808F101088847AAF1010966
:10197000B9F1000F07DCF969089888476FF001009A
:101980000BB0BDE8F08F2B2804D02D280CD14FF0E0
:10199000FF300490B969089808F101088847A9F157
:1019A0000109B9F1000FE6DD411CE4D00A2100F085
:1019B000AAF90028DFDB029908F1010801EB810197
:1019C00000EB41000290B969089888470A2100F0AD
:1019D0009AF9099AA9F10109B9F1000FC2F800803A
:1019E00001DD0028E7DAF969089888470499029828
:1019F00000FB016655EA040004D004F040410900F0
:101A000002D006E0039898E0A40044EA9574AD0083
:101A1000B61E04F00041080002D16D196441761E23
:101A2000159810F0240F03D04FF00B095C4803E029
:101A30004FF028096FF07D008246564507DAAAEB81
:101A400006018944B9F1410F01DD4FF04109012040
:101A50000021A9F1010200F043F9024628400B469B
:101A60002140084301D0012100E00021501E0291D5
:101A700043F1FF3128402140084301D0012000E01C
:101A800000200299834651EA0B014FD000210846FD
:101A90004FF00000039900F4400039B100EB8000E2
:101AA0004FF4400100EBD07001EA6000801501287E
:101AB00002DD4FF0FF3000E013D0401C36D002981A
:101AC00060B3BBF1000F0CD14A460120002100F0A9
:101AD00007F928402140084301D0012000E0002000
:101AE000E0B101204A46002100F0FAF8034640190F
:101AF0000A4661412D1A8C4111D3B9F1400F09DD1D
:101B0000159810F0240F02D0AAF1340603E0AAF1D0
:101B1000170600E0761C00254FF0004406E05B1E2F
:101B200042F1FF3220EA030521EA0204CAF1010072
:101B3000B04206DA1B490398084301900020009048
:101B40000EE0039AC4F3D321E80A0A43164940EA97
:101B500044500A433146CDE9000268460EF024FBAA
:101B6000159810F0240F0BD01598C00715D13868C0
:101B7000DDE90012031D3B600068C0E900120CE0C3
:101B800002A869460EF0AAFA1598C00705D1386870
:101B9000029A011D3960006802604046F0E60000CC
:101BA00002FCFFFF0000F07F0000F03F2DE9FF4F37
:101BB00092461D4685B04FF00041DDE9124BDDE94C
:101BC00014727F1E01EA4B50414940F0FF4940EA40
:101BD0000108002122F020004928049102D04E285B
:101BE00028D04CE03BA0012607C88DE80700A96972
:101BF0000698641C88477F1E014606D41DF806001F
:101C000018B121F0200181420BD0E969069888477C
:101C1000032E34D0082E32D06FF0010009B0BDE899
:101C2000F08F761C032E01D0082EE0D1601CCAF87C
:101C30000000DCE7A9690698641C88477F1E2AD447
:101C400020F02000412826D1A9690698641C884705
:101C50007F1E20D420F020004E281CD1A9690698B0
:101C6000641C88477F1E48F4002849F48009CAF89C
:101C7000004001D4282806D0E969069888475FEA21
:101C8000CB7012D022E0A9690698641C88477F1E99
:101C900001D4002803DAE96906988847BCE72928B7
:101CA000F1D1641CCAF80040E9E71BF0240F07D00B
:101CB00028680499031D2B600068C0E9001805E03E
:101CC0002868021D2A600068C0F800902046A5E739
:101CD0000000F07F494E46494E495459000000002B
:101CE000B2F120030AD5C2F1200301FA02F120FA71
:101CF00003F300FA02F041EA0301704700FA03F12E
:101D00004FF0000070473A2800D2303820F020020F
:101D1000412A01D3A2F13700884201D34FF0FF30AE
:101D200070475FEA400C08BF91F0000F4FEA8C2328
:101D30004FEAC12243EA51514FEA1C5018BF00F547
:101D4000F0404FEA300018BF41F000415FEA6C5CA0
:101D500000F02980BCF1FF3F08BF40F08040704791
:101D6000130C06BF12044FF0100C4FF0000C130EB2
:101D700004BF12020CF1080C130F04BF12010CF186
:101D8000040C930F04BF92000CF1020CD30F04BF9C
:101D900052000CF1010C11464FF00002A0F11F009F
:101DA000A0EB0C00704711F0004F08BF704731F0F6
:101DB00000413FF4D5AF0B0C06BF09044FF0100CE7
:101DC0004FF0000C0B0E04BF09020CF1080C0B0FB6
:101DD00004BF09010CF1040C8B0F04BF89000CF146
:101DE000020CCB0F04BF49000CF1010CCCF1200315
:101DF000A0EB0C0022FA03F302FA0CF241EA030111
:101E000000F10100704720F07F4C80EA030023F0CE
:101E10007F47ACEB070303F57C5300F0004003F170
:101E2000FF032DE980494FEA154B09B44FEA1443EB
:101E300025EA0B4E24EA03480FF2042606EB13278B
:101E400049083E785FEA320203FB0667C7F50007E0
:101E500007FB06F64FEA54374FEAD64606F102066C
:101E600007FB066CCCF1005C4FEA1C472CEA074CE0
:101E700007FB06F40CFB06F504EB15464FEA961635
:101E800034BF00204FF000404FEAD13706FB07FC7B
:101E90004FEA1C4C0CFB0BF7D21B03FB0CF761EB5E
:101EA00007010CFB0EF7B0EB074072EB17420CFB7F
:101EB00008F734BFA2EB0742B2EB074261EB1741D0
:101EC0004FEA0C444FEA910706FB07FC4FEA1C4C13
:101ED0000CFB0BF7B0EBC74072EB573203FB0CF770
:101EE00034BFA2EBC742B2EBC74261EB57310CFBE8
:101EF0000EF7B0EBC70072EB57720CFB08F734BF5C
:101F0000A2EBC702B2EBC70261EB5771039F4FEA26
:101F1000816141EA921104EBCC044FEAD1374FEAD8
:101F2000826206FB07FC42EA90124FEA80604FEAA9
:101F30001C4C0CFB0BF7D21B03FB0CF761EB0701EE
:101F40000CFB0EF7B0EB074072EB17420CFB08F7E7
:101F500034BFA2EB0742B2EB074261EB17414FEAF5
:101F60008C554FEA910704EB9C2406FB07FC4FEAD3
:101F70001C4C0CFB0BF7B0EBC74072EB573203FB6A
:101F80000CF734BFA2EBC742B2EBC74261EB57314B
:101F90000CFB0EF7B0EBC70072EB57720CFB08F7A7
:101FA00034BFA2EBC702B2EBC70261EB577115EB6E
:101FB0004C254FEA816141EA92114FEA82624FEA71
:101FC000D13742EA901206FB07FC44F100044FEAC5
:101FD00080604FEA1C4C0CFB0BF7D21B03FB0CF789
:101FE00061EB07010CFB0EF7B0EB074072EB1742F9
:101FF0000CFB08F734BFA2EB0742B2EB074261EBE0
:10200000174115EB1C154FEA813141EA92414FEA25
:10201000823242EA90424FEA80304FEA0C7644F135
:10202000000448EA03434EEA0B484FF0000EB2EBBF
:10203000080C71EB030724BF624639464EEB0E0EC7
:102040004FF0000B0018524149414BEB0B0BB2EB28
:10205000080C71EB03077BF1000B24BF6246394685
:102060004EEB0E0E4FF0000B0018524149414BEB66
:102070000B0BB2EB080C71EB03077BF1000B24BFD9
:10208000624639464EEB0E0E51EA020718BF46F083
:10209000010616EB0E7655F1000254F1000103D54E
:1020A000BDE88901BDE80088BDE88901BDE80048B8
:1020B000B619524141EB0101A3F101037047808041
:1020C0007F7E7D7C7B7A7978777676757473727192
:1020D00071706F6E6E6D6C6C6B6A6A69686867664A
:1020E00066656464636362616160605F5F5E5E5DDC
:1020F0005D5C5C5B5B5A5A59595858575756565550
:1021000055555454535352525251515050504F4FB1
:102110004F4E4E4D4D4D4C4C4C4B4B4B4A4A4A4901
:102120004949484848474747474646464545454444
:1021300044444443434343424242424141410000FC
:1021400046EA0646A3F570534FEA164646EA42565B
:102150004FEAD22242EA415210B54FEAD121A3F10F
:10216000010300F02FF820F0004000F1020C00F015
:10217000004701EB00501146BCF5006F40EA070034
:1021800000D210BDBAF1000F0AD01CB503B44FF055
:1021900004004FF004014FF000000FBCBDE81040F8
:1021A0004FF00001BBF1010FB9BF04484FF0FF3100
:1021B0000348002140EA070010BD00BFFFFFEF7F8A
:1021C0000000F07F002B9C4630D477002BD01CB54C
:1021D0004FEA370703B44FF010004FF01001BAF187
:1021E000000F06D0BCF1000FDCBF40F0080040F04B
:1021F00008014FF000000FBCBDE810400BF1010BCF
:10220000BBF1010F08BF5FEA170722BF12F10102FD
:1022100011F101014FF0004143F1000300F00040D3
:1022200043EA00007047F9D35708D0E746EA06466C
:1022300013F1400F4FEA16461FDD13F1200FDFBFE9
:1022400016430A46002120335B42BED0C3F120076B
:1022500046EA064602FA07F74FEA164646EA070636
:10226000C3F1200722FA03F201FA07F721FA03F17A
:102270004FF0000342EA0702A7E746EA020646EAF1
:1022800006464FEA164646EA0106BCBF46EA06463F
:10229000360C4FF000034FF000024FF0000194E7BE
:1022A0002DE9804C9A46934670B491E8380007C8EF
:1022B00031EA400C48BF34EA430C03D5FFF7A3FDD5
:1022C000FFF780FFF0BCBDE8008C2DE9804C9A46FA
:1022D000934670B491E8380007C831EA400C48BF13
:1022E00034EA430C03D5FFF78EFDFFF729FFF0BC5E
:1022F000BDE8008C2DE9804C9A46934670B491E875
:10230000380007C810F0804F08BF13F0804F03D18A
:1023100000F01AF8FFF756FFF0BCBDE8008C2DE97D
:10232000804C9A46934670B491E8380007C810F084
:10233000804F08BF13F0804F03D100F005F8FFF77E
:10234000FFFEF0BCBDE8008C20F07F4780EA030070
:1023500023F07F4C07EB0C03A3F57C5300F0004007
:10236000A3F1FE0392F0000F00F0B38095F0000F90
:1023700000F077802DE901494FEA11404FEA1446F9
:1023800021EA004800FB06FC24EA064708FB06F6A3
:1023900007FB08F800FB07F718EB06484CEB164C58
:1023A0004FEA124B18EB07484FEA15464CEB174023
:1023B00022EA0B4E0BFB06FC25EA06470EFB06F64F
:1023C00007FB0EFE0BFB07F71EEB064E4CEB164C05
:1023D0004FF000061EEB074E4CEB174B18EB0B08AB
:1023E00040F1000018EB0E0B58EB000840F1000024
:1023F0008F1A4FF000013CBFC943661B14BFB5EBF9
:10240000040C00213CBFC943F61B4FEA17444EEAB7
:102410008E0E27EA04454FEA1C4704FB07622CEAAC
:10242000074C05FB07F70CFB05F604FB0CFC16EB51
:10243000074642EB174216EB0C4642EB1C421BEBE5
:10244000060658EB0202414146EA9E0601D5BDE868
:102450000189B619524141EB0101A3F10103BDE825
:1024600001894FEA14454FEA114724EA054621EA5B
:10247000074C05FB07F406FB07F70CFB06F105FB11
:102480000CFC11EB074144EB17444FEA124711EBE8
:102490000C4144EB1C4422EA074C05FB07F206FB07
:1024A00007F70CFB06F605FB0CFC16EB074642EBA8
:1024B000174216EB0C4642EB1C456A1854F100011A
:1024C00048BF7047B619524141EB0101A3F1010326
:1024D000704795F0000F37D04FEA11424FEA14478A
:1024E00021EA024624EA074C02FB07F106FB07F744
:1024F0000CFB06F402FB0CFC14EB074441EB174108
:102500004FEA154714EB0C4441EB1C4125EA074CFC
:1025100002FB07F506FB07F70CFB06F602FB0CFCBB
:1025200016EB074645EB174516EB0C4645EB1C42F0
:10253000121951F1000148BF7047B619524141EBE1
:102540000101A3F1010370474FEA14454FEA114717
:1025500024EA054621EA074C05FB07F106FB07F7CD
:102560000CFB06F24FF0000605FB0CFC12EB0742D9
:1025700041EB174112EB0C4251EB1C4148BF704735
:10258000921841EB0101A3F10103704770B50446B5
:1025900000680168C943490620D4816821F001011F
:1025A000816007F08FF8054613E007F08BF8401BB9
:1025B00002280ED920680068C043400609D4E06CA8
:1025C00040F01000E064206D40F001002065012023
:1025D00070BD20680068C0434006E6D5002070BD8D
:1025E000F8B500260446009600680168C94349060C
:1025F0002ED5816841F001018160164816490068B6
:10260000B0FBF1F000EB400000E0401E009000281D
:10261000FBD107F057F8054615E007F053F8401BCB
:10262000022810D920680068C04340060BD5E06C32
:1026300040F01000E064206D40F00100206584F857
:1026400048600120F8BD20680068C0434006E4D41B
:102650000020F8BD1000002040420F0010B50A48CD
:1026600006F0B4FD6421084806F058FD064806F05F
:102670005BFC064CA060044806F0E3FD052006F074
:102680001BFFA06810BD0000AC58002010580020AF
:102690002DE9F041002507462E462C460BE0FFF7BA
:1026A000DDFF22F0B5FC2A46334622F0EDF9641C2A
:1026B00005460E46E4B2BC42F1D3384622F0A8FCEF
:1026C00002460B4628463146BDE8F04122F098BA52
:1026D0000949094A983AC9689161002104E093695F
:1026E000491CC9B21B6993618142F8D39069017892
:1026F00041F0010101707047B85500201249124A9B
:10270000983AC968916103281CD005DC98B101286A
:1027100011D002280ED113E0052811D00A2811D0BB
:10272000142807D10869006900699061017841F0B7
:10273000010101707047087840F00100087070478F
:102740000869F2E70869EFE7B855002010B51EF0F8
:10275000C3F9624A0B287CD025DC604C022804F1C6
:10276000080443D0042863D0082873D19079042842
:1027700070D1D07902286DD10FF004FE19F08EFED1
:10278000407961284ED019F08FFE214621F07BFE62
:1027900019F084FE4079612847D019F085FEBDE824
:1027A000104003F0FCBD0C280FD012287ED0132857
:1027B00050D10FF0E7FD1AF0EDFC03284AD10121BA
:1027C000BDE81040022014F043BD907904287BD16D
:1027D000612002F0A5FE1EF039F941490020087081
:1027E00019F05CFEBDE8104000F0B8BA90790428FA
:1027F0006AD1D0790C2867D10FF0C4FD19F04EFED4
:10280000407961280BD019F04FFE0C22214621F0AF
:102810004FFE19F043FEBDE8104000F07DBA19F0FC
:102820003DFEF2E719F03AFEAFE719F037FEB6E7E2
:102830009079042848D1D079082845D10FF0A2FD1D
:1028400019F02CFE4079612812D019F02DFE214696
:1028500001E013E038E000F049F819F01FFE40797C
:10286000612808D019F020FEBDE8104003F090BDAB
:1028700019F014FEEBE719F011FEF5E79079102836
:1028800022D1D0799C281FD10FF07CFD1AF082FC58
:102890005C2801D05D2817D10121022014F0D8FC5A
:1028A0001AF07EFC80680F49006900E00DE081604D
:1028B0001AF076FC80680C490069C1601AF070FC5F
:1028C000806804210069417110BD0FF05BFD1AF0B2
:1028D00061FC3E283FF473AF10BD00007C56002021
:1028E0002C5500208B6B02088F6B02082DE9FF5FCF
:1028F000040079D0487884F87400087884F875006A
:10290000C87884F87600887884F87700487984F865
:102910006C00087984F86D00C87984F86E008879B5
:1029200084F86F00207804F138010291DFF84092BA
:10293000DFF840A2DFF840B204F12B018F4E4207CE
:10294000039165D520F004002070606F60614845F8
:1029500038DB22F0D7FD0022334622F051F9002265
:10296000874B22F069FB606F07D222F0CBFD00227B
:10297000334622F045F983A22FE022F0C3FD002266
:10298000334622F03DF90022804B22F055FB0CD259
:10299000606F22F0B7FD0022334622F031F922F0B9
:1029A000F3FA03467AA2042124E0606F22F0AAFD24
:1029B0000022334622F024F90022334622F03CFB69
:1029C0001BD2E5E7504503DA22F09CFD71A204E03A
:1029D00058450ADA22F096FD70A2CDE900010521E2
:1029E0000298FDF789FD08E0BFE022F003FF0346EF
:1029F0006CA205210298FDF77FFDE06E22F082FDBA
:102A0000CDE9000168A206210398FDF775FDA8E055
:102A1000616FA06822F0A2FDA060E16E206922F043
:102A20009DFD2061204601F01FFF606F6061E0792D
:102A3000401CC0B2E0710328E9D322F013FF054621
:102A40002946206922F0F8FD00902946A06822F06E
:102A5000F3FD054621F090F9DFF85481002720B3FB
:102A600021F04CFA022820D398F80020404604F1C7
:102A7000AC0104F19408019132B1077040460FF0A7
:102A8000C9FC01980FF0C6FC294640460FF0F5FC42
:102A9000DDE900100FF0F1FC01980FF0D1FC00907F
:102AA00040460FF0CDFC054602E0012188F80010F9
:102AB000204602F073FF002850D1009822F022FD3A
:102AC000CDE9000138A206210398FDF715FD4D451B
:102AD00028DB284622F016FD0022334622F090F82B
:102AE000884605460022264B22F0A6FA04D2CDE9FC
:102AF000005824A2052125E0284641460022234B08
:102B000022F09AFA06D3334628464146002222F0A4
:102B100093FA23D22846414622F036FA03461CA2F5
:102B2000042118E0554504DA284622F0EBFC19A2EE
:102B300005E05D45284609DA22F0E4FC17A2CDE95C
:102B4000000105210298FDF7D7FC07E022F052FEB4
:102B5000034614A205210298FDF7CEFCE771A76099
:102B60002761BDE8FF5F1EF095BABDE8FF9F00003A
:102B700000401C46000020410000C84200408F4039
:102B80000000244025332E3166000000000059402B
:102B90002533640025332E326600000025342E31A3
:102BA000660000002534640025352E3266000000E2
:102BB000485800201CB50C46002832D068460BF05F
:102BC00097FEDDE900010FF0BBFC164A612102F817
:102BD000451F102151709C2191706821D1700021F6
:102BE00011710421517108219171010AD171107282
:102BF000010E5172000C9072200AD0721473200ED4
:102C00005073200C90730748112102F8421C453084
:102C10000CF0C0F81EF036FABDE81C400B201EF088
:102C20005DBA1CBD7C5600201CB50C46002832D075
:102C300068460BF05DFEDDE900010FF081FC164AED
:102C4000612102F8451F102151709C2191706C2167
:102C5000D170002111710421517108219171010A73
:102C6000D1711072010E5172000C9072200AD07254
:102C70001473200E5073200C90730748112102F832
:102C8000421C45300CF086F81EF0FCF9BDE81C40F3
:102C90000B201EF023BA1CBD7C56002010B5002866
:102CA0001BD00E48612100F8451F062141709C2170
:102CB00081705121C17000210171012141710821F0
:102CC00000F8421C054845300CF064F81EF0DAF9B3
:102CD000BDE8104013201EF001BA10BD7C56002044
:102CE0000C4810B5612100F8451F04214170752280
:102CF00082706922C270002202714171082100F8BD
:102D0000421C044845300CF045F8BDE810400C204A
:102D10001EF0E4B97C56002010B500281BD00E48E8
:102D2000612100F8451F0421417075218170452102
:102D3000C1700021017101214171082100F8421C7C
:102D4000054845300CF026F81EF09CF9BDE810400F
:102D500008201EF0C3B910BD7C56002010B5002815
:102D60001BD00E48612100F8451F042141707521D8
:102D700081703021C170002101710621417108214B
:102D800000F8421C054845300CF004F81EF07AF9B2
:102D9000BDE8104002201EF0A1B910BD7C560020F5
:102DA00010B5002818D00D486121752200F8451F84
:102DB0000421417082706922C27000220271417147
:102DC000082100F8421C054845300BF0E3FFBDE840
:102DD000104004201EF082B910BD00007C56002077
:102DE00010B5002827D0144A40F86C1F612102F862
:102DF000451F102151709C2191705721D1700021E5
:102E0000117102215171042191714178D1710178C0
:102E10001172C17851728078907207480D2102F8C2
:102E2000421C45300BF0B6FF1EF02CF9BDE81040F7
:102E300012201EF053B910BD7C56002010B5044678
:102E4000F32000F037F8204000D0012010BD000032
:102E500010B5F92000F02EF80A4C2070F82000F090
:102E600029F86070F72000F025F8A0706178000361
:102E700040EA01102178BDE8104040EA11100DF041
:102E800051BC00005056002070B5FC2000F012F834
:102E90000446FB2000F00EF80546FA2000F00AF880
:102EA000000340EA051040EA1410BDE870400DF040
:102EB0002FBD000070B50B4D06464FF48074002204
:102EC0002146284606F0F9FB30460DF0FFFB0DF0D9
:102ED000F9FB064601222146284606F0EEFB304665
:102EE00070BD0000000402400178427849018078FA
:102EF00041EA82010143C9B2F52000F00BB84178E4
:102F000002784901807841EA82010143C9B2F42084
:102F1000AFF300802DE9F0410B4D0F4606464FF40C
:102F2000807400222146284606F0C7FB30460DF08B
:102F3000CDFB38460DF0CAFB21462846BDE8F041DE
:102F4000012206F0BABB0000000402400949094A08
:102F5000C968983A0029916104D020B1087840F0FE
:102F600001000870704708699061017841F0010123
:102F700001707047B8550020FEE700002DE9F041D0
:102F80001DF0AAFDB449B54CB54D042601F1080762
:102F90000C2814D00ADCA0F102000A2871D2DFE864
:102FA00000F03D70E2707070577071F312380728AE
:102FB00067D2DFE800F0EBEA66661A87B600887928
:102FC00003285ED14A2002F0ABFA1DF03FFD19F054
:102FD00065FA40794A2805D019F066FA394600F0BA
:102FE000FFFBBAE019F05AFAF8E78879032848D1CC
:102FF0000FF0C8F919F052FA40794A280BD019F0AD
:1030000053FA394600F030F919F048FABDE8F041BA
:103010004A2100F09DBE19F041FAF2E788790328B1
:103020002FD10FF0AFF919F039FA40794A280CD0B6
:1030300019F03AFA0122394600F052FB19F02EFA43
:10304000BDE8F0414A2100F067BE19F027FAF1E728
:103050008879032815D10FF095F919F01FFA4079F6
:103060004A280BD019F020FA002100F013FB19F0C8
:1030700015FABDE8F0414A2100F0C2BE19F00EFA7F
:10308000F2E780E0887903287DD10FF07BF919F011
:1030900005FA40794A280FD019F006FA394600F0AF
:1030A00045FB19F0FBF940794A2808D019F0FCF9E2
:1030B000BDE8F04103F073B919F0F0F9EEE719F04B
:1030C000EDF9F5E7887906285DD10FF05BF91AF084
:1030D00061F8342815D163490120087001460220A7
:1030E00014F0B6F81AF05CF88068006984601AF091
:1030F00057F880680069C5601AF052F88068006966
:10310000467119F0CBF940794A2807D019F0CCF96B
:10311000BDE8F0415049093100F0E0B819F0BEF9BE
:10312000F6E78879062873D10FF02CF91AF032F8F7
:10313000352812D10121022014F08AF81AF030F853
:103140008068006984601AF02BF880680069C560A7
:103150001AF026F880680069467119F09FF9BDE8F9
:10316000F04100F0D5B88879032851D10FF00AF961
:1031700019F094F940794A2814D019F095F9394694
:1031800000F02EFB03E043E012E055E042E019F0CE
:1031900085F940794A2808D019F086F9BDE8F04150
:1031A00003F0F6B819F07AF9E9E719F077F9F5E7DD
:1031B0008879062801D010282AD10FF0E3F819F0F9
:1031C000E9FF512811D008DC03280ED03F280CD08D
:1031D00041280AD050281BD107E0522805D0532897
:1031E00003D0552801D0562812D10121022014F015
:1031F0002FF819F0D5FF80680069846019F0D0FFBE
:1032000080680069C56019F0CBFF8068006946716D
:10321000BDE8F08188790628FAD10FF0B3F819F0EB
:10322000B9FF3E2811D019F0B5FF57280DD019F07D
:10323000B1FF542809D0EBE788790628E8D10FF0D0
:10324000A1F819F0A7FF0328E2D1BDE8F041012160
:10325000022013F0FDBF00007C5600208B6B02089B
:103260008F6B02085457002010B504000FD049B1ED
:10327000487884F8C400087884F8C500B4F8C4001D
:1032800030B106E0012024F8C40F0A20608010BD90
:103290000220A4F8C400C87884F8C60088780D49D4
:1032A00084F8C7000020088094F8C600C43421F0D8
:1032B000CFF834F8C409012801D119F0E5FCB4F8BD
:1032C000C63004F1C800BDE8104003A20421FDF798
:1032D00013B900003A5700202533640000280DD0B0
:1032E00049B14A7880F8C420097880F8C510B0F850
:1032F000C41021B104E00121A0F8C41070470221DC
:10330000A0F8C41001490020088070473A570020F7
:1033100010B500281BD00E484A2100F8451F032194
:103320004170052181701D21C170002101710221B0
:103330004171082100F8421C054845300BF02AFD78
:103340001DF0A0FEBDE8104016201DF0C7BE10BD48
:103350007C56002010B5002824D013484A2200F8DB
:10336000452F10224270052282704422C270002232
:10337000027102224271042282710A0AC271017230
:103380000A0E4272090C81720D2100F8421C064897
:1033900045300BF0FFFC1DF075FEBDE810400B2022
:1033A0001DF09CBE10BD00007C56002010B500280A
:1033B00024D013484A2200F8452F102242700522DB
:1033C00082703422C27000220271022242710422F1
:1033D00082710A0AC27101720A0E4272090C81726C
:1033E0000D2100F8421C064845300BF0D3FC1DF0BF
:1033F00049FEBDE810400B201DF070BE10BD00005E
:103400007C56002010B500281AD00E484A2200F839
:10341000452F06224270052282701D22C2700A0AC0
:1034200002714171082100F8421C064845300BF03A
:10343000B1FC1DF027FEBDE8104017201DF04EBE68
:1034400010BD00007C56002010B500281AD00E4890
:103450004A2200F8452F06224270052282701E2261
:10346000C2700A0A02714171082100F8421C064824
:1034700045300BF08FFC1DF005FEBDE81040182014
:103480001DF02CBE10BD00007C56002070B51DF054
:1034900023FB7D4C0B2804F108057DD021DC02289C
:1034A00050D0042879D0082866D00A2876D1A0798F
:1034B000032873D10EF066FF18F0F0FF40790A2858
:1034C00078D018F0F1FF294600F030F918F0E6FF47
:1034D00040790A2873D018F0E7FFBDE8704002F089
:1034E0005EBF0C2812D0122868D0132856D1A079BC
:1034F000062853D10EF046FF19F04CFE03284DD19B
:10350000BDE870400121022013F0A2BEA07903287B
:1035100044D10A2002F004F81DF098FA18F0BEFF1A
:1035200040790A280BD018F0BFFF294600F058F95F
:1035300018F0B4FFBDE870400A2100F009BC18F093
:10354000ADFFF2E7A079032828D10EF01BFF18F099
:10355000A5FF40790A280CD018F0A6FF00222946C2
:1035600000F0BEF818F09AFFBDE870400A2100F0A4
:10357000D3BB18F093FFF1E7A07903286FD10EF0C9
:1035800001FF18F08BFF40790A2810D018F08CFF4B
:10359000002100F07FF803E034E013E05FE009E091
:1035A00018F07CFFBDE870400A2100F029BC18F03B
:1035B00075FFEDE718F072FF85E700E050E018F0C6
:1035C0006DFF8AE7A079032849D10EF0DBFE18F0E1
:1035D00065FF40790A280FD018F066FF294600F0F1
:1035E000FFF818F05BFF40790A2808D018F05CFF5C
:1035F000BDE8704002F0CCBE18F050FFEEE718F0C6
:103600004DFFF5E7A079062829D10EF0BBFE19F091
:10361000C1FD50280DD006DC03280AD03F2808D071
:1036200041281CD105E0512803D0522801D053284D
:1036300015D10121022013F00BFE19F0B1FD8068B5
:1036400012490069816019F0ABFD8068104900697A
:10365000C16019F0A5FD806804210069417170BD49
:10366000A0790628FBD10EF08DFE19F093FD3E28BF
:103670003FF446AF19F08EFD5728F9D019F08AFDB6
:103680005428F5D070BD00007C5600208B6B0208DA
:103690008F6B020810B5002815D000222E2499B196
:1036A0000B7830338377C4774B78303380F8203011
:1036B00080F821208B78303300F8193F4470C978A6
:1036C00030318170C27010BD31238377C4773021CF
:1036D00080F8201080F8212000F8193F4470F0E7AE
:1036E0002DE9F04300281DD04C2400F8564F4FF030
:1036F000480C4FF02D08442380F801C0432180F886
:1037000002803125C3705F2601714F274FF02009D9
:1037100045714AB137228271C67101724772837254
:1037200080F80B90BDE8F0833822F4E7002805D03C
:1037300029B14A7800F8682F097841707047322122
:10374000A0F868107047000010B500281FD001EBEA
:1037500081004FF6FF7101EA40010D4800F8452F46
:1037600006224270052282708622C2700A0A027105
:103770004171082100F8421C054845300BF00AFB56
:103780001DF080FCBDE810400B201DF0A7BC10BD53
:103790007C56002010B500281FD001EB81004FF6A9
:1037A000FF7101EA40010D4800F8452F06224270E2
:1037B000052282708522C2700A0A027141710821B5
:1037C00000F8421C054845300BF0E4FA1DF05AFCA5
:1037D000BDE810400B201DF081BC10BD7C560020C0
:1037E0002DE9F04F8BB00D4604007DD0697861F370
:1037F0000700297861F30F20E97880B261F30706AA
:10380000A97861F30F26697961F30707297961F3D4
:103810000F2722F027F8DFF8CC83414621F00CFF78
:103820002067B0B222F01EF8414621F005FF606724
:1038300038B221F0FFFFEC4921F0FEFEE066E87AA5
:1038400060F30706A87A60F30F26B0B221F0E0FB20
:103850000022E64B21F0D4F921F0E4F8E067E87BA0
:1038600060F30707A87B60F30F2738B221F0E2FF6F
:10387000C4F8880020F088FBA8B1E06E21F042FE79
:10388000DB4ADC4B21F014FC0022DB4B21F0FCF87E
:1038900021F0C8F8D949E066884203DC4FF0844142
:1038A000884200DAE16620F061FA002500B9256758
:1038B000207804F12B01420704F1310B04F1380A9E
:1038C00004F14F090A9131D520F004002070606F97
:1038D0006061E06E21F016FECDE90001C8A206216C
:1038E0000A98FCF709FE00E01DE0206F21F00AFEB7
:1038F000CDE90001C4A207215846FCF7FDFD606F29
:1039000021F000FECDE90001BFA207215046FCF7DF
:10391000F3FDE06F21F0F6FDCDE90001BAA2072129
:103920004846FCF7E9FD0BB0BDE8F08F616FA06879
:1039300021F014FEA060216FE06821F00FFEE0602E
:10394000E16E206921F00AFEDFF8C482206146465C
:10395000E16FD8F8000021F001FE3060204600F051
:1039600083FF606F6061617904F1B80009901838D5
:1039700005900C3803901830A64E07904A297DD147
:10398000E079401CC0B2E071032805D218F092FD26
:10399000B0F8C4000228F2D1E07921F063FF0746B5
:1039A0003946206921F048FE06903946E06821F04A
:1039B00043FE04903946A06821F03EFE029039464D
:1039C000D8F8000021F038FE089020F0DDF998B317
:1039D00020F09CFA022830D3307860B1357003981B
:1039E0000EF018FD05980EF015FD07980EF012FD6B
:1039F00009980EF00FFDDDE902100EF03EFDDDE945
:103A000004100EF03AFDDDE906100EF036FDDDE99A
:103A100008100EF032FD07980EF012FD0690039884
:103A20000EF00EFD029005980EF00AFD0490099824
:103A30000EF006FD089002E0FFE701203070B4F8B8
:103A4000C40001280AD018F02BFF074620F0A8FA7E
:103A5000401D874202D3704805702DE0204601F0DA
:103A60009DFF48BB069821F04DFDCDE9000164A201
:103A700006210A98FCF740FD049800E022E021F0BE
:103A800041FDCDE9000160A207215846FCF734FD55
:103A9000029821F037FDCDE900015BA207215046D5
:103AA000FCF72AFD089821F02DFDCDE9000156A272
:103AB00007214846FCF720FDE571A560E56025611A
:103AC000C8F8005060790A287FF42DAFE079401CD7
:103AD000C0B2E0710328FFF426AF21F0C3FE074611
:103AE0003946206921F0A8FD06903946E06821F0AA
:103AF000A3FD04903946A06821F09EFD394602904E
:103B00004746D8F8000021F097FD804620F03CF9A8
:103B100098B320F0FBF9022830D3307860B13570CB
:103B200003980EF077FC05980EF074FC07980EF0E1
:103B300071FC09980EF06EFCDDE902100EF09DFCA0
:103B4000DDE904100EF099FCDDE906100EF095FC9D
:103B5000414609980EF091FC07980EF071FC069012
:103B600003980EF06DFC029005980EF069FC04902D
:103B700009980EF065FC804602E0FFE701203070F6
:103B8000204601F00BFF38BB069821F0BBFCCDE9C5
:103B900000011BA206210A98FCF7AEFC049821F054
:103BA000B1FCCDE9000118A207215846FCF7A4FC9E
:103BB000029821F0A7FCCDE9000113A2072150468D
:103BC000FCF79AFC404621F09DFCCDE900010EA2D5
:103BD00007214846FCF790FCE571A560E56025618A
:103BE0003D60A0E6000020410000C84200002440E3
:103BF000CDCCCCCCCCCCFC3F0000404000000C43F2
:103C000025352E316600000025362E316600000075
:103C100080580020485800205457002010B5002834
:103C200019D00D4800F8452F0622427005228270F7
:103C30001422C2700A0A02714171082100F8421C64
:103C4000054845300BF0A6F81DF01CFABDE8104001
:103C500012201DF043BA10BD7C56002010B500287C
:103C60001AD00E4800F8451F0621417005218170C9
:103C70001521C1700021017179214171082100F8DD
:103C8000421C064845300BF085F81DF0FBF9BDE8F5
:103C9000104013201DF022BA10BD00007C560020F9
:103CA00010B5002819D00D4800F8452F06224270A3
:103CB000052282701022C2700A0A02714171082125
:103CC00000F8421C054845300BF064F81DF0DAF9A5
:103CD000BDE8104012201DF001BA10BD7C56002036
:103CE00070B50C4C0825294604F8450F0320607078
:103CF0000520A0700020E07020710648657104F86E
:103D0000425D45300BF046F82570BDE870400C2050
:103D10001DF0E4B97C5600200C4810B500F8451F92
:103D200003214170052181700021C17001710821BA
:103D3000417100F8421C054845300BF02BF81DF08E
:103D4000A1F9BDE8104008201DF0C8B97C5600203C
:103D500070B5002833D00023032405251848082215
:103D60004A2902D00A2910D01CE04A2180F84510C7
:103D700080F8464080F84750C02180F8481080F80D
:103D80004930102180F84A100CE00A2180F84510D3
:103D900080F8464080F8475080F8483080F8493035
:103DA00080F84A20C2700648114645300AF0F2FFFA
:103DB0001DF068F9BDE8704002201DF08FB970BD9C
:103DC0007C56002010B5002816D00C4800F8451F7E
:103DD00003214170052181700021C170017108210A
:103DE000417100F8421C054845300AF0D3FFBDE898
:103DF000104004201DF072B910BD00007C56002058
:103E00000D4810B500F8451F032141700521817050
:103E10001021C1700021017101214171082100F8B8
:103E2000421C054845300AF0B5FF1DF02BF9BDE8EE
:103E300010400A201DF052B97C56002010B5002811
:103E400019D00D4800F8452F0622427005228270D5
:103E50000722C2700A0A02714171082100F8421C4F
:103E6000054845300AF096FF1DF00CF9BDE81040FA
:103E700012201DF033B910BD7C56002010B500286B
:103E80001FD001EB81004FF6FF7101EA40010D48A0
:103E900000F8452F06224270052282708822C270E7
:103EA0000A0A02714171082100F8421C0548453098
:103EB0000AF070FF1DF0E6F8BDE810400B201DF081
:103EC0000DB910BD7C56002010B500281FD001EBA5
:103ED00081004FF6FF7101EA40010D4800F8452FBF
:103EE00006224270052282708722C2700A0A02717D
:103EF0004171082100F8421C054845300AF04AFF8C
:103F00001DF0C0F8BDE810400B201DF0E7B810BD53
:103F10007C56002070B51CF0DFFD744C0B2804F1BA
:103F200008056FD01FDC022850D0042873D0082861
:103F30006AD1A079042867D10EF024FA18F0AEFAFD
:103F400040795F2861D018F0AFFA294620F09BFA3B
:103F500018F0A4FA40795F285AD018F0A5FABDE805
:103F6000704002F01CBA0C2815D0122873D0132808
:103F70004AD1E0799C2847D1207A512844D10EF0CB
:103F800001FA19F007F903283ED1BDE8704001217C
:103F9000022013F05DB9A079042835D15F2001F02B
:103FA000BFFA1CF053FD18F079FA40795F280AD067
:103FB00018F07AFA294600F013F918F06FFABDE804
:103FC000704000F0FFBA18F069FAF3E7A07904280E
:103FD00077D1E0790C2874D10EF0D4F918F05EFA9C
:103FE00040795F280BD018F05FFA0C22294620F0A8
:103FF0005FFA18F053FABDE8704000F0C1BA18F04B
:104000004DFAF2E72BE006E05BE018F047FA9CE798
:1040100018F044FAA3E7A079042852D1E0791C28CB
:104020004FD10EF0AFF918F039FA40795F280FD070
:1040300018F03AFA294600F0D3F818F02FFA407930
:104040005F2809D018F030FABDE8704002F0A0B93E
:1040500018F024FAEEE735E018F020FAF4E7A0793A
:1040600010282ED1E0799C282BD10EF08BF919F075
:1040700091F84C280FD008DC03280CD03F280AD038
:10408000412808D04B281CD105E04D2803D04E28EC
:1040900001D04F2815D10121022013F0D9F819F0D1
:1040A0007FF8806812490069816019F079F88068AA
:1040B00010490069C16019F073F880680421006933
:1040C000417170BDE0799C28FBD10EF05BF919F0CD
:1040D00061F83E283FF459AF19F05CF85728F9D041
:1040E00019F058F84A28F5D070BD00007C56002021
:1040F0008B6B02088F6B02081CB50C46002832D06F
:1041000068460AF0F5FBDDE900010EF019FA164ADF
:104110005F2102F8451F102151709C21917066218A
:10412000D170002111710421517108219171010A8E
:10413000D1711072010E5172000C9072200AD0726F
:104140001473200E5073200C90730748112102F84D
:10415000421C45300AF01EFE1CF094FFBDE81C40D6
:104160000B201CF0BBBF1CBD7C5600201CB50C46B0
:10417000002832D068460AF0BBFBDDE900010EF0F2
:10418000DFF9164A5F2102F8451F102151709C216A
:1041900091706A21D170002111710421517108219F
:1041A0009171010AD1711072010E5172000C90725E
:1041B000200AD0721473200E5073200C907307489D
:1041C000112102F8421C45300AF0E4FD1CF05AFFB0
:1041D000BDE81C400B201CF081BF1CBD7C5600209C
:1041E0002DE9FE4F04007DD0487884F874000878EB
:1041F00084F87500C87884F87600887884F87700A9
:10420000487904F86C0F08796070C879A0708879D3
:10421000E070487A2071087A6071C87AA071887A53
:10422000E071487B2073087B6073C87BA073887B38
:10423000E073487C2074087C6074C87CA074887C1F
:10424000E074487D2075087D6075C87DA075887D07
:10425000E075487E2076087E6076C87EA076887EEF
:10426000E0766C3C1FF090FEA8B1E06E21F04AF9B8
:104270006B4A6C4B20F01CFF00226B4B20F004FCBF
:1042800020F0D0FB6949E066884203DC4FF08441AE
:10429000884200DAE166207804F12B07410704F137
:1042A000310604F1380526D520F004002070606F37
:1042B0006061E06E21F026F9CDE900015CA20621E3
:1042C0003846FCF719F9206F21F01CF9CDE90001FF
:1042D00059A207213046FCF70FF9606F21F012F95F
:1042E00055A200E005E0CDE9000107212846FCF7D2
:1042F00003F9BDE8FE8F616FA06821F02FF9A0607F
:10430000216FE06821F02AF9E060E16E206921F078
:1043100025F92061204600F0A7FA606F6061E0791E
:10432000401CC0B2E0710328E3D321F09BFA804621
:104330004146206921F080F902904146E06821F071
:104340007BF983464146A06821F076F982461FF04A
:104350001BFDDFF8EC904FF0000890B31FF0D6FD86
:1043600002282FD399F8001004F1A00001904A46CA
:104370000C3804F1AC09009051B182F8008000982B
:104380000EF048F801980EF045F848460EF042F855
:10439000514600980EF071F8594601980EF06DF8EC
:1043A000484602990EF069F848460EF049F8029026
:1043B00000980EF045F8824601980EF041F88346C9
:1043C00003E0FFE7012189F80010204601F0E6FA3A
:1043D000E8B9029821F096F8CDE9000114A206216F
:1043E0003846FCF789F8584621F08CF8CDE90001F1
:1043F00011A207213046FCF77FF8504621F082F8E1
:10440000CDE900010CA207212846FCF775F884F8D5
:104410000780C4F80880C4F80C80C4F8108068E7EE
:10442000CDCCCCCCCCCCFC3F0000404000000C43B9
:1044300025352E326600000025362E32660000003B
:104440004858002010B500281BD00E485F2100F806
:10445000451F062141709C2181705321C1700021AC
:10446000017101214171082100F8421C05484530C5
:104470000AF090FC1CF006FEBDE8104012201CF073
:104480002DBE10BD7C56002010B500281BD00E4854
:104490005F2100F8451F062141709C218170512148
:1044A000C1700021017101214171082100F8421CF5
:1044B000054845300AF06EFC1CF0E4FDBDE81040F4
:1044C00013201CF00BBE10BD7C5600201CB50C4602
:1044D000002832D068460AF00BFADDE900010EF040
:1044E0002FF8164A5F2102F8451F102151709C21B8
:1044F00091706E21D1700021117104215171082138
:104500009171010AD1711072010E5172000C9072FA
:10451000200AD0721473200E5073200C9073074839
:10452000112102F8421C45300AF034FC1CF0AAFDAF
:10453000BDE81C400B201CF0D1BD1CBD7C560020EA
:1045400070B50E4C5F20082504F8450F04206070FC
:104550007520A0706920E070002020710620607135
:10456000064804F8425C294645300AF013FC04F87A
:10457000425CBDE870400C201CF0B0BD7C560020B1
:1045800010B500281BD00E485F2100F8451F0421FC
:104590004170752181704421C17000210171022197
:1045A0004171082100F8421C054845300AF0F2FB31
:1045B0001CF068FDBDE8104008201CF08FBD10BD48
:1045C0007C56002010B500281BD00E485F2100F853
:1045D000451F04214170752181703021C170002177
:1045E000017106214171082100F8421C054845303F
:1045F0000AF0D0FB1CF046FDBDE8104002201CF084
:104600006DBD10BD7C56002010B5002819D00D4896
:104610005F2100F8451F04214170752181706921D7
:10462000C170002101710E214171082100F8421C66
:10463000044845300AF0AEFBBDE8104004201CF0F1
:104640004DBD10BD7C5600201CB50C46002832D054
:1046500068460AF04DF9DDE900010DF071FF164AD8
:104660005F2102F8451F102151709C219170722129
:10467000D170002111710421517108219171010A39
:10468000D1711072010E5172000C9072200AD0721A
:104690001473200E5073200C90730748112102F8F8
:1046A000421C45300AF076FB1CF0ECFCBDE81C40D7
:1046B0000B201CF013BD1CBD7C5600201CB50C4605
:1046C000002832D068460AF013F9DDE900010DF048
:1046D00037FF164A5F2102F8451F102151709C21B7
:1046E00091706021D1700021117104215171082154
:1046F0009171010AD1711072010E5172000C907209
:10470000200AD0721473200E5073200C9073074847
:10471000112102F8421C45300AF03CFB1CF0B2FCAF
:10472000BDE81C4012201CF0D9BC1CBD7C560020EA
:104730001CB50C46002832D068460AF0D9F8DDE9ED
:1047400000010DF0FDFE164A5F2102F8451F102101
:1047500051709C2191707621D1700021117104213A
:10476000517108219171010AD1711072010E5172BB
:10477000000C9072200AD0721473200E5073200C1B
:1047800090730748112102F8421C45300AF002FBE1
:104790001CF078FCBDE81C400B201CF09FBC1CBD2D
:1047A0007C5600201CB500282BD068460AF0A0F8E3
:1047B000DDE900010DF0C4FE124A5F2102F8451F39
:1047C000102151709C2191706421D17000211171D0
:1047D0000221517104219171010AD1711072010EEF
:1047E0005172000C907207480D2102F8421C4530AE
:1047F0000AF0D0FA1CF046FCBDE81C4012201CF068
:104800006DBC1CBD7C56002030B503464FF6FF70D2
:104810004AF201040CE013F8012B50400022C507B6
:1048200002D084EA500000E04008521C082AF6D367
:10483000491E89B2EFD230BD30B505460C46881E00
:1048400081B22846FFF7E0FF2919C3B211F8022C04
:104850009A4206D111F8011CB1EB102F01D10120B1
:1048600030BD002030BD00002DE9F0470025044692
:104870002F4618F08FFCDFF8F4923F287BD018F019
:1048800089FC402877D018F085FC472873D018F0B1
:1048900081FC48286FD018F07DFC49286BD018F0B7
:1048A00079FC582867D018F075FC592863D018F0A7
:1048B00071FC5A285FD018F06DFC5F285BD018F0AF
:1048C00069FC5B2857D018F065FC452853D018F0D8
:1048D00061FC46284FD018F05DFC50284BD018F0F2
:1048E00059FC552847D018F055FC512843D018F0F2
:1048F00051FC52283FD018F04DFC56283BD018F000
:1049000049FC532837D018F045FC4A2833D018F01A
:1049100041FC4B282FD018F03DFC4C282BD018F030
:1049200039FC4D2827D018F035FC4E2823D018F03C
:1049300031FC4F281FD018F02DFC5C281BD018F03C
:1049400029FC5D2817D018F025FC5E2813D018F03C
:1049500021FC42280FD01CF0B9F8854E0E2828D231
:1049600000E008E0DFE800F0171E3F464D545B62B0
:104970006A71787F868D0DF055FB4946D9F80400A1
:1049800001F00CF8002804D04868017821F00801F3
:104990000170BDE8F0871FF0BFF856F820501FF0F7
:1049A00001F905E01FF0E4F856F820501FF028F94F
:1049B00007464FF00008012FEBD16169606F21F0CD
:1049C000A1F820F09FFD002206460F46134620F076
:1049D0006DFC414666D82171A07870B36078401CA8
:1049E0006070A17067E01FF0BDF856F820501FF00E
:1049F00001F9DDE71FF09DF856F820501FF0DFF8B1
:104A0000D6E71FF08FF856F820501FF0D1F8CFE707
:104A10001FF0A2F856F820501FF0E6F8C8E71FF084
:104A20008FF856F820501FF0D3F8C1E71FF080F838
:104A300056F820501FF0C2F8BAE729E01FF05EF8E0
:104A400056F820501FF0A0F8B2E71FF05FF856F8B4
:104A500020501FF0A1F8ABE71FF04AF856F820509D
:104A60001FF08CF8A4E71FF04BF856F820501FF009
:104A70008DF89DE71FF05EF856F820501FF0A2F861
:104A800096E71FF063F856F820501FF0A7F88FE75D
:104A9000E078401CC0B2E0700328A2D36170E170DE
:104AA00021719EE7E170A078012816D06078401C43
:104AB00060700120A070284620F024FD02460B46BD
:104AC000304627F0004120F0F1FB10D884F8018037
:104AD00084F8038084F804805BE72079401CC0B22E
:104AE00020710328E5D36170E1702171E1E76078FE
:104AF0000328F1D384F801801FF090F988B320785F
:104B000000072ED4D9F8040061794D4640798842D7
:104B100004D11BF0DBFF1AF009FA1EE0134E083631
:104B200006F10807706842798A420AD168603078D5
:104B300028701BF0CBFF1AF0F9F9786868603878B4
:104B40000AE078686860387828701BF0BFFF1AF0B8
:104B5000EDF970686860307828700121084612F01D
:104B600077FB207840F00800207012E74C580020B6
:104B7000087F020870B51BF0AFFF7F4C801E04F168
:104B8000080512286FD2DFE800F01AD672D691D647
:104B900036D6D6AC09D651D6D6D6D7E5A0790428D4
:104BA00061D1602000F0BCFC1BF050FF7349002075
:104BB000087017F073FCBDE8704000F027BBA079C7
:104BC000042850D1E0790C284DD10DF0DBFB17F013
:104BD00065FC407960280BD017F066FC0C22294652
:104BE0001FF066FC17F05AFCBDE8704000F0ECBA0C
:104BF00017F054FCF2E7A079042834D1E0790228B8
:104C000031D10DF0BFFB17F049FC407960280AD084
:104C100017F04AFC29461FF036FC17F03FFCBDE8B0
:104C2000704000F093BA17F039FCF3E7A07903283D
:104C300019D10DF0A7FB17F031FC407960280FD097
:104C400017F032FC294600F09FF817F027FC407956
:104C5000602809D017F028FCBDE8704001F09FBB28
:104C600017F01CFCEEE766E017F018FCF4E7A079FB
:104C7000042860D1E07908285DD10DF083FB17F09E
:104C80000DFC4079602805D017F00EFC294600F095
:104C900083F81DE017F002FCF8E717F0FFFB01E0D6
:104CA00017F002FCBDE8704001F072BBA079042847
:104CB00041D1E07904283ED10DF064FB17F0EEFB02
:104CC000407960280AD017F0EFFB294600F0ACF9D4
:104CD00017F0E4FB40796028E2D1DEE717F0DEFB55
:104CE000F3E7A079102826D1E0799C2823D10DF094
:104CF00049FB18F04FFA5B2801D05F281BD1012136
:104D0000022012F0A5FA18F04BFA80681C490069DD
:104D100000690069816018F043FA806819490069E8
:104D200000690069C16018F03BFA806804210069DD
:104D300000690069417170BDE0799C28FBD10DF0DC
:104D400021FB18F027FA3E2810D018F023FA31285A
:104D50000CD070BDE0799C28FBD1207A5128F8D185
:104D60000DF010FB18F016FA0328F2D1BDE87040E0
:104D70000121022012F06CBA7C5600202C55002034
:104D80008B6B02088F6B0208002804D04A7800F869
:104D9000682F0978417070472DE9F04F85B0040005
:104DA0006DD0487884F87400087884F87500C87865
:104DB00084F87600887884F87700487984F86C0065
:104DC000087984F86D00C87984F86E00887984F8D1
:104DD0006F00002626671FF0D7F8A8B1E06E20F01C
:104DE00091FB844A844B20F063F90022834B1FF02F
:104DF0004BFE1FF017FE8249E066884203DC4FF04D
:104E00008441884200DAE1662078DFF8F8A104F1F5
:104E10003801420704F12B0804F13107CAF1000BF5
:104E200004913FD520F004002070606F6061E06E57
:104E300020F068FBCDE9000173A206214046FBF794
:104E40005BFB206F20F05EFBCDE900016EA2072125
:104E50003846FBF751FB606F10F1FF4F01D2504510
:104E600004DB00EB0B01B1F1D47F0BD220F04AFB45
:104E7000CDE9000166A207210498FBF73DFB05B0D0
:104E8000BDE8F08F6449421864498A42F7D220F0A5
:104E9000B1FC0346049805B061A2BDE8F04F0721BC
:104EA000FBF72ABB616FA06820F058FBA060216F60
:104EB000E06820F053FBE060E16E206920F04EFBDB
:104EC00020612046FFF7D0FC606F6061E079401CF4
:104ED000C0B2E0710328D2D320F0C4FC05462946B5
:104EE000206920F0A9FB01902946E06820F0A4FB8E
:104EF00002902946A06820F09FFB05461EF04AFF5D
:104F0000DFF8209188B31FF007F802282ED399F814
:104F1000001004F1A00003904A460C3804F1AC09DB
:104F2000009049B1167000980DF074FA03980DF0D6
:104F300071FA48460DF06EFA294600980DF09DFA78
:104F4000DDE902100DF099FA484601990DF095FA45
:104F500048460DF075FA019000980DF071FA05467B
:104F600003980DF06DFA029003E0FFE7012189F844
:104F70000010204600F012FD38BB019820F0C2FA64
:104F8000CDE9000120A206214046FBF7B5FA0298C0
:104F900020F0B8FACDE900011BA207213846FBF743
:104FA000ABFA15F1FF4F01D2554504DB05EB0B00C1
:104FB000B0F1D47F0AD2284620F0A4FACDE900014E
:104FC00013A207210498FBF797FA0DE0124829185D
:104FD0001248814208D2284620F00CFC034610A259
:104FE00007210498FBF788FAE671A660E66026615F
:104FF00045E70000CDCCCCCCCCCCFC3F0000404001
:1050000000000C430000204125352E3266000000D0
:1050100025352E3166000000000038BD00A0440395
:1050200025356400485800201CB5040019D0487884
:1050300084F87800087884F87900C87884F87A00D1
:10504000887884F87B000749A06F20F053FC20F09B
:1050500059FACDE9000104A2082104F14700FBF749
:105060004BFA1CBD00007A4425352E326600000044
:1050700010B500281BD00E48602100F8451F0621FE
:1050800041709C2181705121C17000210171012169
:105090004171082100F8421C0548453009F07AFEAC
:1050A0001BF0F0FFBDE8104013201CF017B810BD36
:1050B0007C5600207CB50C46050044D0684609F0BB
:1050C00017FCDDE900010DF03BFA1F4A60231021B7
:1050D00082F8453082F84610B5F868109C25B1F585
:1050E000807F2BD0A1F57063FF3B04D182F847503D
:1050F000682182F84810002102F8491F04215170EC
:1051000008219170010AD1701071010E5171000CCB
:105110009071200AD0711472200E5072200C90727F
:105120000948112102F8461C453009F033FE1BF0F6
:10513000A9FFBDE87C400B201BF0D0BF82F8475090
:1051400082F84830D7E77CBD7C56002010B5002897
:105150001BD00E48602100F8451F032141709C219F
:1051600081704E21C170002101710121417108211E
:1051700000F8421C0548453009F00CFE1BF082FF88
:10518000BDE810400E201BF0A9BF10BD7C560020CA
:105190000C4810B5602100F8451F042141707522AC
:1051A00082706922C270002202714171082100F8E8
:1051B000421C0448453009F0EDFDBDE810400C20CC
:1051C0001BF08CBF7C56002010B500281BD00E4869
:1051D000602100F8451F042141707521817045212F
:1051E000C1700021017101214171082100F8421CA8
:1051F0000548453009F0CEFD1BF044FFBDE81040E6
:1052000008201BF06BBF10BD7C56002010B5002895
:105210001BD00E48602100F8451F04214170752104
:1052200081703021C1700021017106214171082176
:1052300000F8421C0548453009F0ACFD1BF022FF88
:10524000BDE8104002201BF049BF10BD7C56002075
:1052500010B5002818D00D486021752200F8451FB0
:105260000421417082706922C27000220271417172
:10527000082100F8421C0548453009F08BFDBDE8C7
:10528000104004201BF02ABF10BD00007C560020F7
:1052900010B5002819D00D48602100F8451F0421E1
:1052A0004170752181707821C17000210171022146
:1052B0004171082100F8421C0448453009F06AFD9C
:1052C000BDE8104006201BF009BF10BD7C56002031
:1052D00010B500281AD00E48602200F8452F06228B
:1052E00042709C2282704E22C2700A0A0271417181
:1052F000082100F8421C0648453009F04BFD1BF020
:10530000C1FEBDE8104012201BF0E8BE10BD000039
:105310007C5600207CB50C46050043D0684609F059
:10532000E7FADDE900010DF00BF91F4A60219C232B
:1053300082F84510102182F84610B5F86810B1F5D2
:10534000807F2BD0A1F57065FF3D04D182F84730F6
:105350006C2182F84810002102F8491F0421517085
:1053600008219170010AD1701071010E5171000C69
:105370009071200AD0711472200E5072200C90721D
:105380000948112102F8461C453009F003FD1BF0C5
:1053900079FEBDE87C400B201BF0A0BE82F84730B0
:1053A0006421D6E77CBD00007C56002010B50028A3
:1053B00027D0144A40F86C1F602102F8451F1021C5
:1053C00051709C2191705721D170002111710221DF
:1053D0005171042191714178D17101781172C178B4
:1053E00051728078907207480D2102F8421C4530B6
:1053F00009F0D0FC1BF046FEBDE8104012201BF067
:105400006DBE10BD7C5600204FF461710148FBF762
:10541000ECB900009A78002010B50E4C6421207879
:1054200020F00700207004F12800FBF700FA0020AC
:10543000C4F80500C4F80900A4F80D00E073206169
:105440006061A061A4F80300E06120626062A4F8DA
:10545000010010BD58570020024800210161416140
:10546000816170475857002064210148FBF7DFB97C
:105470008057002002480021C161016241627047EB
:1054800058570020014817F06DBE0000B8550020A5
:105490000D48A0F19802C1689161002905D00878F3
:1054A000430703D540F00100087070479069006918
:1054B000906103785B0704D5017841F00101017028
:1054C00070478142F2D17047B8550020014803F07F
:1054D00020BF0000F85A0020014803F01ABF000066
:1054E000705A0020014803F014BF0000B45A002095
:1054F00030B590F8404004F01C050124AC40C56B69
:105500006C60046863604368102B036803D0996083
:105510000068C26030BD9A600068C16030BD0000A4
:105520002DE9F04706460E25CC20FAF7BBFE040015
:1055300072D00027C4F8947004F18000C4F8987009
:10554000C4F89C70076247628762C762076347635B
:105550004E2E0BD014DC212E21D008DC012E3BD0A6
:10556000092E77D00A2E76D01D2E75D17AE1222E03
:1055700073D0342E73D04A2EF5D04D2EF5D154E190
:10558000A6F15100112867D2DFE800F009666666CF
:10559000666666666609472669A3F8C0DC0033467E
:1055A000C8A2062104F12300FAF7A6FF00251EF089
:1055B000F7FB002850D01EF0B5FC014604F1940022
:1055C0000CF048FF1EF0AEFC014604F1A0000CF008
:1055D00041FF1EF0A7FC1BE03346BCA2062104F1EC
:1055E0002300FAF789FF01251EF006FC0028E1D010
:1055F0001EF0C4FC014604F194000CF02BFF1EF0D9
:10560000BDFC014604F1A0000CF024FF1EF0B6FC26
:10561000014604F1AC00D8E005E13346ADA2072114
:1056200004F12300FAF768FF02251EF0DFFB0028D3
:10563000C0D01EF09DFC014604F194000CF00AFF5E
:105640001EF096FC014604F1A0000CF003FF1EF0D2
:105650008FFCDDE720E091E0A1E03AE0FFE7334690
:105660009FA2072104F12300FAF746FF04251EF04C
:105670009DFB00289ED01EF05BFC014604F19400C7
:105680000CF0E8FE1EF054FC014604F1A0000CF002
:10569000E1FE1EF04DFCBBE7334693A2072104F167
:1056A0002300FAF729FF05251EF09AFB002876D083
:1056B0001EF058FC014604F194000CF0CBFE1EF0E5
:1056C00051FC014604F1A0000CF0C4FE1EF04AFC9F
:1056D0009EE7334687A2082104F12300FAF70CFF66
:1056E00006251EF071FB002871D01EF02FFC01462C
:1056F00004F194000CF0AEFE1EF028FC014604F10B
:10570000A0000CF0A7FE1EF021FC81E733467CA22E
:10571000072104F12300FAF7EFFE09251EF03AFBFA
:10572000E8B31EF0F9FB014604F194000CF092FE80
:105730001EF0F2FB014604F1A0000CF08BFE1EF0FF
:10574000EBFB65E7334671A2072104F12300FAF76A
:10575000D3FE0A251EF010FB08B31EF0CFFB014656
:1057600004F194000CF076FE1EF0C8FB014604F133
:10577000A0000CF06FFE1EF0C1FB49E7334666A2A5
:10578000072104F12300FAF7B7FE0B251EF0FCFAFF
:1057900028B11EF0BBFB014604F1940000E016E0C6
:1057A0000CF058FE1EF0B2FB014604F1A0000CF014
:1057B00051FE1EF0ABFB014604F1AC000CF04AFEBA
:1057C0001EF0A4FB014604F1B8000CF043FE84F87F
:1057D000627020784FF0300820F00B0040F0040099
:1057E00020706671676727674FF02E09E766612EA4
:1057F00057D03146204601F0EFFD204601F02CFE47
:10580000202084F82B0084F82C8084F82D9084F8D4
:105810002E80444884F82F8084F830704168E1B3CA
:10582000103044600570BDE8F08733463EA2082181
:1058300004F12300FAF760FE0C251EF0BFFA0028E1
:10584000C5D01EF07DFB014604F194000CF002FE71
:105850001EF076FB014604F1A0000CF0FBFD1EF0EB
:105860006FFBD5E6334633A2082104F12300FAF793
:1058700043FE0D251EF0AEFA0028A8D01EF06CFBEA
:10588000014604F194000CF0E5FD1EF065FB0146B5
:1058900004F1A0000CF0DEFD00E00DE01EF05CFB6A
:1058A000B6E684F8388084F8399084F83A8084F831
:1058B0003B8084F83C70A3E71A4908314C6044608F
:1058C0000D70AFE7444F202530326400704820252A
:1058D00030326400547572202530326400000000BC
:1058E00045432025303264004F5250202530326429
:1058F000000000004E48334E202530326400000086
:1059000043686C202530326400000000426761204B
:105910002530326400000000434F442025303264BB
:10592000000000004C5800204D4C535320253032CD
:10593000640000004F6957202530326400000000E9
:105940000248002141600E21017070475458002028
:105950000248002141600E21017070475C58002010
:1059600000224FF07E5101F033B8000002480021C0
:1059700041600E21017070474C5800200868704744
:10598000D0F884007047006F7047406F7047007810
:10599000C0F340007047D0F8800070470078C0F333
:1059A000C000704770B51BF097F8A34C142804F1A1
:1059B000080571D2DFE800F070A61870B270707040
:1059C000357050D50A7074F98FF8F7F6A07903286E
:1059D00062D15120FFF7A4FD1BF038F816F05EFDF0
:1059E000BDE8704000F078BFA079032854D1E07979
:1059F0000E2851D10CF0C6FC16F050FD407951280C
:105A00000CD016F051FD8C490C22093100F00AFD32
:105A100016F044FDBDE8704000F03CBF16F03EFDBE
:105A2000F1E7A079032837D1E079042834D10CF0CC
:105A3000A9FC16F033FD407951280AD016F034FD48
:105A4000294600F0D6FC16F029FDBDE8704000F0B4
:105A5000C1BE16F023FDF3E7A07903281CD1E0793D
:105A6000082819D10CF08EFC16F018FD4079512849
:105A70000FD016F019FD294600F098FC16F00EFD27
:105A80004079512809D016F00FFDBDE8704000F0B4
:105A900086BC16F003FDEEE783E016F0FFFCF4E7AA
:105AA000A07903287DD1E07904287AD10CF06AFC32
:105AB00016F0F4FC407951280AD016F0F5FC29467E
:105AC00000F0C8FC16F0EAFCBDE8704000F0C0BE73
:105AD00016F0E4FCF3E7A079032873D1E0790428F9
:105AE00070D10CF04FFC16F0D9FC4079512806D04B
:105AF00016F0DAFC2946BDE8704000F06EBC16F0E6
:105B0000CDFCF7E7E07930285CD10CF03BFC16F0D7
:105B1000C5FC847916F0C2FC447187E0A0790328A3
:105B200050D1E0790C284DD10CF02CFC16F0B6FCCD
:105B3000407951280FD016F0B7FC294600F02CFD13
:105B400016F0ACFC4079512808D016F0ADFCBDE849
:105B5000704000F01DBC16F0A1FCEEE716F09EFCB4
:105B6000F5E7A07910282DD1E07911282AD10CF081
:105B700009FC17F00FFB032804D03F2806D041286A
:105B800020D103E00121022011F062FB012102205B
:105B900011F05EFB17F004FB806828490069816002
:105BA00004E00FE036E00EE01AE026E017F0F8FA25
:105BB000806823490069C16017F0F2FA8068042107
:105BC0000069417170BDA0791028FBD1E079762879
:105BD000F8D10CF0D7FB17F0DDFA3E2826D070BDC7
:105BE000A0791028FBD1E0792428F8D10CF0CAFB69
:105BF00017F0D0FA112819D070BDA0791028FBD168
:105C0000E0791528F8D10CF0BDFB17F0C3FA122883
:105C10000CD070BDE0790028FBD1607AFC28F8D167
:105C20000CF0B0FB17F0B6FA0328F2D1BDE87040D3
:105C30000121022011F00CBB7C5600208B6B020866
:105C40008F6B020810B51AF047FF9C490F2861D0EE
:105C500015DC032874D004282CD0092873D00C2814
:105C600070D1887903286DD12120FFF759FC1AF0F3
:105C7000EDFE16F013FCBDE8104000F099BA1128B3
:105C800048D0132878D0142844D015285AD18879C0
:105C9000062857D1C879002854D10CF073FB16F0B0
:105CA000FDFB4079212868D016F0FEFBBDE81040CE
:105CB00000F0A8BA8879032844D1C879102841D1C6
:105CC0000CF060FB16F0EAFB4079212819D016F0A1
:105CD000EBFB7A49083100F0F7F816F0DFFB40796A
:105CE000212811D016F0E0FB00F052FB16F0D6FB95
:105CF000407921280BD016F0D7FBBDE8104000F00A
:105D00004EBB16F0CBFBE4E716F0C8FBECE716F051
:105D1000C5FBF2E78879062814D1C879002811D18B
:105D20000CF030FB16F0BAFB4079212805D016F0B4
:105D3000BBFBBDE8104000F0A5BA16F0AFFBF8E7DA
:105D400048E000E07EE0887906287BD1C879002809
:105D500078D10CF017FB17F01DFA12280ED017F0AF
:105D600019FA11280AD017F015FA3F280BD017F0AE
:105D700011FA402807D01CE08DE028E00121022024
:105D800011F066FA15E00121022011F061FA17F016
:105D900007FA80684A490069816017F001FA806853
:105DA00048490069C16017F0FBF980680421006967
:105DB000417116F073FB4079212805D016F074FB71
:105DC000BDE8104000F0D4B916F068FBF8E716F013
:105DD00065FB6BE7887906286FD1087A28286CD193
:105DE0000CF0D0FA02F0C8FFA0B1002008F0F2FFDA
:105DF00002F0C8FF044616F051FB4079212806D076
:105E000016F052FB2146BDE8104000F09FBA16F094
:105E100045FBF7E702F0A4FFA8B1002008F0CEFF91
:105E200002F0A4FF044616F039FB4079212806D081
:105E300016F03AFB2146BDE8104000F065BA16F0B6
:105E40002DFBF7E739E002F0A3FF70B1002008F066
:105E5000D1FF16F023FB4079212803D016F024FB54
:105E6000012111E016F01AFBFAE702F073FF002897
:105E700023D0002008F09CFF16F010FB4079212869
:105E800006D016F011FB0221BDE8104000F0DAB98F
:105E900016F004FBF7E7887906280ED1487AFF2828
:105EA0000BD10CF06FFA17F075F9032805D1012119
:105EB000BDE81040022011F0CBB910BD7C56002087
:105EC0008B6B02088F6B02082DE9FF5F0D46040003
:105ED00072D0687860F30706287860F30F26B0B2B6
:105EE0001FF0C0FC7D4F39461FF0A6FB804660675F
:105EF000E87960F30706A87960F30F26B0B21FF0C7
:105F0000B1FC77491FF098FB82462067E87A60F37E
:105F10000706A87A60F30F26B0B21FF0A3FC39463B
:105F20001FF08AFBC4F88800687B60F30706287BB3
:105F300060F30F26B0B21FF095FC39461FF07CFBD2
:105F4000C4F88C00E87B60F30706A87B60F30F269B
:105F5000B0B21FF087FC39461FF06EFB0746E066C3
:105F6000207804F12B09420704F1310604F13805C9
:105F700024D520F0040020703846C4F814801FF0A7
:105F8000C1FACDE9000157A206214846FAF7B4FA52
:105F9000206F1FF0B7FACDE9000154A20721304667
:105FA000FAF7AAFA606F1FF0ADFACDE900014FA22F
:105FB00007212846FAF7A0FABDE8FF9F4146A068EE
:105FC0001FF0CCFAA0605146E0681FF0C7FAE0600D
:105FD000394620691FF0C2FA20612046FEF744FCD2
:105FE000606F6061E079401CC0B2E0710328E3D3C8
:105FF0001FF038FC0746394620691FF01DFB834619
:106000003946E0681FF018FB82463946A0681FF049
:1060100013FB02901DF0C4FEDFF8D880002788B380
:106020001DF080FF02282ED398F8001004F1A00084
:10603000009042460C3804F1AC08039049B1177047
:1060400003980CF0E7F900980CF0E4F940460CF0E6
:10605000E1F9DDE902100CF010FA514600980CF05D
:106060000CFA594640460CF008FA40460CF0E8F9A4
:10607000834603980CF0E4F9029000980CF0E0F9E4
:10608000824603E0FFE7012188F800102046FFF771
:1060900085FCE8B958461FF035FACDE9000111A298
:1060A00006214846FAF728FA50461FF02BFACDE9A8
:1060B00000010EA207213046FAF71EFA02981FF0DF
:1060C00021FACDE9000109A207212846FAF714FABE
:1060D000E771A760E76027616EE700000000C84233
:1060E0000000204125352E316600000025362E3275
:1060F000660000004858002010B5002819D00D484F
:10610000212100F8451F0621417000218170C170D6
:10611000FF2101714171082100F8421C05484530FA
:1061200008F038FE1AF0AEFFBDE8104013201AF058
:10613000D5BF10BD7C5600200C4810B5212100F8B9
:10614000451F03214170002181700C22C270017132
:1061500001214171082100F8421C0448453008F033
:1061600019FEBDE810400C201AF0B8BF7C56002084
:1061700010B5002818D00D482121032200F8451F32
:10618000002142708170C27001710821417100F8D4
:10619000421C0648453008F0FDFD1AF073FFBDE8CB
:1061A000104004201AF09ABF10BD00007C56002059
:1061B00010B5002825D0482100F8561F462141700F
:1061C0002D2181704422C270592101713121417108
:1061D000322383715F23C37102724F2242722022E5
:1061E0008272C27200F8381D2E23302443708470EE
:1061F0000022C27000F8051C00F8043C00F8034DB2
:10620000427010BD10B5002819D00D48212101227F
:1062100000F8451F0621417000218170C270017194
:106220004171082100F8421C0548453008F0B2FDD4
:106230001AF028FFBDE8104014201AF04FBF10BD1F
:106240007C56002010B5002819D00D4821220123CA
:1062500000F8452F0622427000228270C37002713E
:106260004171082100F8421C0548453008F092FDB4
:106270001AF008FFBDE8104015201AF02FBF10BD1E
:106280007C56002010B5002819D00D482121282265
:1062900000F8451F0621417000218170C270017114
:1062A0004171082100F8421C0548453008F072FD94
:1062B0001AF0E8FEBDE8104009201AF00FBF10BD2B
:1062C0007C56002010B500281AD00E48212100F875
:1062D000451F06214170002181702821C1705A217B
:1062E00001714171082100F8421C0648453008F050
:1062F00051FD1AF0C7FEBDE8104003201AF0EEBEB3
:1063000010BD00007C56002010B500281AD00E48A1
:10631000212200F8452F06224270002282701222AC
:10632000C2700A0A02714171082100F8421C064835
:10633000453008F02FFD1AF0A5FEBDE810401120F1
:106340001AF0CCBE10BD00007C56002010B500280D
:106350001AD00E48212200F8452F06224270002252
:1063600082701322C2700A0A02714171082100F87A
:10637000421C0648453008F00DFD1AF083FEBDE8CA
:1063800010400F201AF0AABE10BD00007C5600205D
:10639000002803D0017841F0020101707047002805
:1063A00003D0017841F001010170704710B5002859
:1063B00012D0002284188B5C521CD2B284F8803038
:1063C000042AF7D30022091D84188B5C521CD2B218
:1063D00084F88430042AF7D310BD002808D00A7846
:1063E00000F88C2F4A7842708A788270C978C17020
:1063F000704710B5002814D00A782E2430328277E6
:10640000C4774A78303280F82020002280F821209A
:106410008B78303300F8193F4470C978303181707F
:10642000C27010BD30B5002813D0002305E0CC5C4D
:10643000C5185B1C85F85640DBB29342F7D390F841
:106440005610482905D190F85710462901D101214D
:10645000017630BD002808D00A7800F8882F4A78E5
:1064600042708A788270C978C1707047017841F0B3
:10647000080101707047017821F008010170704730
:106480002DE9F041054604681DF020FB1FF03AF8A5
:1064900006460F460AF0DEF832463B461EF0F4FA96
:1064A0001EF0C0FA07461DF023FD064628680028A6
:1064B00068D02078DFF8D080344DC00762D03846ED
:1064C000D4F88C101FF01EFB20F0004030491FF064
:1064D000DDFA02D81AF0CAFAE0B13046D4F88810D2
:1064E0001FF010FB20F000402A491FF0CFFA49D8D6
:1064F0001AF0BCFA002845D16A685079212830D0BA
:10650000512828D05A283DD13146BDE8F0411046E7
:1065100000F0D4BE6A68507921280FD0512807D0E6
:106520005A282FD13946BDE8F041104600F098BEF8
:106530003946BDE8F041104600F082BA012008F06B
:106540003DFC414638461FF0D5F91FF037F900B23F
:1065500008F03AFC11E03146BDE8F041104600F089
:106560009DBA012008F036FC414630461FF0C2F9C2
:106570001FF024F900B208F033FC6868BDE8F04170
:10658000FFF7A0BEBDE8F0810000C8424C580020D3
:106590009A99993EBD3786352DE9FF5F040067D093
:1065A00000202318401C11F8012BC0B283F86C2086
:1065B0000428F6D300202318401C11F8012BC0B288
:1065C00083F870200428F6D300202318401C11F80B
:1065D000012BC0B283F874200428F6D31DF0D4FC3C
:1065E000A8B1E06E1EF08EFF6F4A704B1EF060FD8A
:1065F00000226F4B1EF048FA1EF014FA6D49E06657
:10660000884203DC4FF08441884200DAE16620785A
:10661000694E420704F12B0904F1310804F13805F1
:1066200028D520F004002070606F6061E06E1EF0DD
:1066300069FFCDE9000161A206214846F9F75CFF38
:10664000206F1EF05FFF002233461EF031FDCDE9C2
:1066500000015CA207214046F9F74EFF606F1EF073
:1066600051FFCDE9000157A207212846F9F744FF61
:10667000BDE8FF9F616FA0681EF070FFA060206FF3
:106680001EF040FF002233461EF012FD06460F4664
:10669000E0681EF037FF32463B461EF0F5F91EF06B
:1066A000C1F9E060E16E20691EF058FF20612046CC
:1066B000FEF7DAF8606F6061E079401CC0B2E0710B
:1066C0000328D5D31FF0CEF80646314620691EF0C8
:1066D000B3FF83463146E0681EF0AEFF8246314686
:1066E000A0681EF0A9FF02901DF05AFB374F00264C
:1066F00078B31DF017FC02282CD3397804F1A000E0
:1067000001900C3803901830009049B13E70039806
:106710000BF080FE01980BF07DFE00980BF07AFEE6
:10672000DDE902100BF0A9FE514601980BF0A5FE21
:10673000594600980BF0A1FE00980BF081FE8346AD
:1067400003980BF07DFE029001980BF079FE8246D3
:1067500002E0FFE7012038702078C0F3C000E8B9FC
:1067600058461EF0CFFECDE9000114A2062148468E
:10677000F9F7C2FE50461EF0C5FECDE9000111A298
:1067800007214046F9F7B8FE02981EF0BBFECDE99E
:1067900000010CA207212846F9F7AEFEE671A660BB
:1067A000E660266164E70000CDCCCCCCCCCCFC3FCD
:1067B0000000404000000C430000594025352E31B8
:1067C0006600000025362E32660000004858002082
:1067D0000120704710B500281AD00E48512100F84A
:1067E000451F03214170112181700021C170017189
:1067F00004214171082100F8421C0648453008F088
:10680000C9FA1AF03FFCBDE810400A201AF066BC35
:1068100010BD00007C5600200C4810B5512100F836
:10682000451F03214170262181700021C170017133
:1068300006214171082100F8421C0448453008F047
:10684000A9FABDE810400C201AF048BC7C56002084
:1068500010B500281AD00E48512100F8451F032119
:106860004170242181700021C170017102214171A8
:10687000082100F8421C0648453008F08BFA1AF04F
:1068800001FCBDE8104010201AF028BC10BD00002B
:106890007C56002010B500281AD00E48512100F86F
:1068A000451F03214170072181700021C1700171D2
:1068B00002214171082100F8421C0648453008F0C9
:1068C00069FA1AF0DFFBBDE8104008201AF006BC98
:1068D00010BD00007C56002010B500281AD00E48CC
:1068E000512100F8451F03214170092181700021C9
:1068F000C170017107214171082100F8421C06484E
:10690000453008F047FA1AF0BDFBBDE81040022000
:106910001AF0E4BB10BD00007C56002010B5002822
:1069200018D00D48512100F8451F03214170262140
:1069300081700021C170017106214171082100F8A8
:10694000421C0548453008F025FABDE810400420F7
:106950001AF0C4BB10BD00007C56002070B50C4678
:1069600005002ED020090A2801D3373000E030304E
:1069700004F00F0285F826000A2A01D3373200E01E
:10698000303285F827200F4A5120012102F8450FA7
:1069900010205070302090700020D0701071517114
:1069A00002219171D471107206480B2102F8421C29
:1069B000453008F0EFF91AF065FB01201AF08EFB64
:1069C000AC7170BD7C560020C0F8801000F004B897
:1069D000C0E92012AFF3008010B500282CD0174A70
:1069E0005121002302F8451F10215170112191708F
:1069F000D3701371042353710823937110F8803FEF
:106A0000D3714378137283785372C3789372037986
:106A1000D3724379137383795373C07990730748A2
:106A200002F8421C453008F0B5F91AF02BFBBDE81E
:106A300010400B201AF052BB10BD00007C56002005
:106A400010B5002826D0144A40F88C1F512102F8B6
:106A5000451F10215170242191700021D1701171B6
:106A600002215171042191710178D1714178117223
:106A700081785172C078907207480D2102F8421C4B
:106A8000453008F087F91AF0FDFABDE810401120F2
:106A90001AF024BB10BD00007C56002010B5002861
:106AA00026D0144A40F8881F512102F8451F1021B2
:106AB0005170152191700021D17011710221517115
:106AC000042191710178D1714178117281785172EC
:106AD000C078907207480D2102F8421C453008F03A
:106AE00059F91AF0CFFABDE810400F201AF0F6BAA3
:106AF00010BD00007C56002010B5002826D0144A96
:106B000040F86C1F512102F8451F10215170762169
:106B100091700021D1701171022151710421917184
:106B20000178D1714178117281785172C078907278
:106B300007480D2102F8421C453008F02BF91AF0E5
:106B4000A1FABDE8104012201AF0C8BA10BD00002A
:106B50007C56002070B519F0BFFF9B4C801E04F1DD
:106B60000805122875D2DFE800F01AF18CF1ABF1BC
:106B700036F1F1C609F159F575F4F6F2A079042859
:106B800067D15A20FEF7CCFC19F060FF8F49002036
:106B9000087015F083FCBDE8704000F01FBBA079C1
:106BA000042856D1E0790C2853D10BF0EBFB15F0FB
:106BB00075FC40795A280BD015F076FC0C2229463A
:106BC0001DF076FC15F06AFCBDE8704000F0E4BAF8
:106BD00015F064FCF2E7A07904283AD1E0790228A4
:106BE00037D10BF0CFFB15F059FC40795A280FD064
:106BF00015F05AFC29461DF046FC15F04FFC407973
:106C00005A2808D015F050FCBDE87040FFF7C7BB0C
:106C100015F044FCEEE715F041FCF5E7A0790328F8
:106C200017D1E079042814D10BF0ACFB15F036FC39
:106C300040795A280AD015F037FC294600F0D8F8D8
:106C400015F02CFCBDE8704000F084BA15F026FC6D
:106C5000F3E77BE0A079032878D1E079042875D1A7
:106C60000BF090FB15F01AFC40795A2806D015F06D
:106C70001BFC2946BDE8704000F0AEB815F00EFCD4
:106C8000F7E7A079042861D1E07908285ED10BF0FC
:106C900079FB15F003FC40795A2805D015F004FC67
:106CA000294600F0B1F81DE015F0F8FBF8E715F003
:106CB000F5FB01E015F0F8FBBDE87040FFF768BB9D
:106CC000A079042842D1E07904283FD10BF05AFB87
:106CD00015F0E4FB40795A280AD015F0E5FB294667
:106CE00000F09CF915F0DAFB40795A28E2D1DEE792
:106CF00015F0D4FBF3E7A079102827D1E0799C2880
:106D000024D10BF03FFB16F045FA032804D03F28AE
:106D100006D041281AD103E00121022010F098FA90
:106D20000121022010F094FA16F03AFA80682849FE
:106D30000069816016F034FA806826490069C160F4
:106D400016F02EFA806801690420487170BD29E0B0
:106D500001E00DE019E0A0791028F7D1E0799C2836
:106D6000F4D10BF00FFB16F015FA3E2826D0EDE714
:106D7000A0791028EAD1E0799C28E7D10BF002FB3A
:106D800016F008FA112819D0E0E7A0791028DDD113
:106D9000E0799C28DAD10BF0F5FA16F0FBF912280D
:106DA0000CD0D3E7E0799C28D0D1207A5128CDD1DE
:106DB0000BF0E8FA16F0EEF90328C7D1BDE87040F1
:106DC0000121022010F044BA7C5600202C550020EE
:106DD0008B6B02088F6B0208002808D04A7800F8F5
:106DE0008C2F0A784270CA7882708978C170704797
:106DF000002808D04A7800F8882F0A784270CA78AC
:106E000082708978C17070472DE9FE4F04005CD014
:106E1000487884F87400087884F87500C87884F895
:106E20007600887884F87700487984F86C000879CF
:106E300084F86D00C87984F86E00887984F86F0052
:106E40001DF0A2F8A8B1E06E1EF05CFB6A4A6B4B25
:106E50001EF02EF900226A4B1DF016FE1DF0E2FD19
:106E60006849E066884203DC4FF08441884200DADA
:106E7000E166207804F12B07410704F1310604F1A3
:106E8000380524D520F004002070606F6061E06E4A
:106E90001EF038FBCDE900015BA206213846F9F768
:106EA0002BFB206F1EF02EFBCDE9000158A207211D
:106EB0003046F9F721FB606F1EF024FBCDE900019D
:106EC00053A207212846F9F717FBBDE8FE8F616F33
:106ED000A0681EF043FBA060216FE0681EF03EFB3F
:106EE000E060E16E20691EF039FB20612046FDF76D
:106EF000BBFC606F6061E079401CC0B2E0710328A8
:106F0000E3D31EF0AFFC8046414620691EF094FB9F
:106F100002904146E0681EF08FFB83464146A06820
:106F20001EF08AFB82461CF03BFFDFF8EC904FF02E
:106F3000000890B31CF0F6FF02282FD399F8001038
:106F400004F1A00001904A460C3804F1AC0900900D
:106F500051B182F8008000980BF05CFA01980BF0B8
:106F600059FA48460BF056FA514600980BF085FA4C
:106F7000594601980BF081FA484602990BF07DFAC8
:106F800048460BF05DFA029000980BF059FA8246E1
:106F900001980BF055FA834603E0FFE7012189F8D9
:106FA00000102046FEF7FAFCE8B902981EF0AAFA93
:106FB000CDE9000114A206213846F9F79DFA58469A
:106FC0001EF0A0FACDE9000111A207213046F9F721
:106FD00093FA50461EF096FACDE900010CA2072163
:106FE0002846F9F789FA84F80780C4F80880C4F8BD
:106FF0000C80C4F8108068E7CDCCCCCCCCCCFC3F66
:107000000000404000000C4325352E326600000091
:1070100025362E326600000048580020002808D08F
:107020004A7800F8702F0A784270CA78827089789E
:10703000C170704710B500281BD00E485A2100F8C7
:10704000451F062141709C2181705121C170002192
:10705000017101214171082100F8421C05484530A9
:1070600007F098FE1AF00EF8BDE8104013201AF051
:1070700035B810BD7C5600201CB500282BD06846C2
:1070800007F036FCDDE900010BF05AFA124A5A21EA
:1070900002F8451F102151709C2191707A21D17006
:1070A000002111710221517104219171010AD171E4
:1070B0001072010E5172000C907207480D2102F8F7
:1070C000421C453007F066FE19F0DCFFBDE81C40AD
:1070D0000B201AF003B81CBD7C56002010B5002808
:1070E00019D00D485A2100F8451F0421417075211F
:1070F00081707721C1700021017102214171082145
:1071000000F8421C0448453007F044FEBDE810403A
:10711000062019F0E3BF10BD7C5600200C4810B5C6
:107120005A2100F8451F042141707522827069229E
:10713000C270002202714171082100F8421C04480B
:10714000453007F027FEBDE810400C2019F0C6BFFF
:107150007C56002010B500281BD00E485A2100F89C
:10716000451F032141709C2181708621C17000213F
:10717000017102214171082100F8421C0548453087
:1071800007F008FE19F07EFFBDE81040102019F04E
:10719000A5BF10BD7C56002010B500281BD00E489E
:1071A0005A2100F8451F0421417075218170452145
:1071B000C1700021017101214171082100F8421CB8
:1071C0000548453007F0E6FD19F05CFFBDE81040CA
:1071D000082019F083BF10BD7C56002010B5002890
:1071E0001BD00E485A2100F8451F0421417075211B
:1071F00081703021C1700021017106214171082187
:1072000000F8421C0548453007F0C4FD19F03AFF6C
:10721000BDE81040022019F061BF10BD7C5600206F
:1072200010B5002818D00D485A21752200F8451FC6
:107230000421417082706922C27000220271417182
:10724000082100F8421C0548453007F0A3FDBDE8C1
:107250001040042019F042BF10BD00007C560020F1
:1072600010B5002827D0144A40F88C1F5A2102F884
:10727000451F102151709C2191708621D1700021F1
:10728000117102215171042191714178D1710178FC
:107290001172C17851728078907207480D2102F8FE
:1072A000421C453007F076FD19F0ECFEBDE81040B9
:1072B000112019F013BF10BD7C56002010B5002816
:1072C00027D0144A40F8881F5A2102F8451F102180
:1072D00051709C2191708821D1700021117102217F
:1072E0005171042191714178D17101781172C17885
:1072F00051728078907207480D2102F8421C453087
:1073000007F048FD19F0BEFEBDE810400F2019F04F
:10731000E5BE10BD7C56002010B5002827D0144AC9
:1073200040F86C1F5A2102F8451F102151709C2112
:1073300091708021D17000211171022151710421BD
:1073400091714178D17101781172C1785172807850
:10735000907207480D2102F8421C453007F01AFDD3
:1073600019F090FEBDE81040122019F0B7BE10BD14
:107370007C5600201CB500282BD0684607F0B8FAD0
:10738000DDE900010BF0DCF8124A5A2102F8451F32
:10739000102151709C2191707821D17000211171C0
:1073A0000221517104219171010AD1711072010EF3
:1073B0005172000C907207480D2102F8421C4530B2
:1073C00007F0E8FC19F05EFEBDE81C400B2019F048
:1073D00085BE1CBD7C56002030B5202380F84F3080
:1073E000302480F850302E2580F8514080F85250DB
:1073F00080F85340002280F8544080F855206029DE
:107400001BD080F8383080F8393080F83A4080F866
:107410003B5080F83C4080F83D4080F83E200929F0
:1074200011D04D2908D100F83F3F43708370C470DC
:10743000027142718271C27130BD00F8383F4370F1
:107440008470C57004E000F8383F43708370C370E7
:1074500004714271827130BD202100F8311F2E224B
:10746000417030218170C2700171417100218171C0
:107470007047704770B519F02FFB8B4C0F2804F143
:1074800008057CD042DC08287AD020DC02285FD0B6
:10749000042876D1A079032873D1E079142870D11B
:1074A0000AF070FF14F0FAFF407934286AD014F023
:1074B000FBFF294600F0CEF914F0F0FF40793428A4
:1074C00073D014F0F1FFBDE87040FEF761BF0B28E8
:1074D0006CD00C2855D1A079032852D1E07914281A
:1074E0004FD13420FEF71CF819F0B0FA14F0D6FF93
:1074F0004079342829D014F0D7FF294600F0AAF9A2
:1075000014F0CCFFBDE8704000F0CEBC112857D07D
:10751000122874D0132873D0162832D10AF032FF03
:1075200014F0BCFF4079342844D014F0BDFF294644
:1075300000F050F914F0B2FF407934283DD014F037
:10754000B3FFBDE87040FEF72ABF14F0A7FFD4E7F1
:10755000A07903287CD10AF015FF14F09FFF407931
:1075600034280BD014F0A0FF0022294600F0B5F813
:1075700014F094FFBDE8704000F074BC03E01FE01D
:1075800004E065E038E014F089FFEDE7A079032816
:107590005ED10AF0F7FE14F081FF4079342806D05E
:1075A00014F082FF00F086F820E02AE02CE014F0CE
:1075B00075FFF7E714F072FFB9E714F06FFFC0E74B
:1075C000A079102802D1E079062801D000215FE0DF
:1075D0000AF0D8FE15F0DEFD172803D015F0DAFD0D
:1075E000182803D1012102200FF032FE14F056FFBB
:1075F000BDE8704000F09ABC14F050FF59E728E055
:1076000031E014F04BFF5EE7A079102820D1E0793B
:1076100006281DD10AF0B6FE15F0BCFD5B2801D08E
:107620005F2815D1012102200FF012FE15F0B8FDE0
:1076300080681E490069816015F0B2FD80681C49B0
:107640000069C16015F0ACFD8068042100694171DA
:1076500070BDA0791028FBD10AF094FE15F09AFDB8
:107660003E2814D070BDE0790628FBD1207AF4289A
:1076700001D0F528F6D10AF085FE207AF42802D14F
:10768000A07A302809D015F085FD0328EAD1012120
:10769000BDE8704002200FF0DBBD14F0FFFEBDE836
:1076A000704000F075BB00007C5600208B6B020818
:1076B0008F6B020810B500280ED031232E2183775E
:1076C0003022C17780F82020002480F8214000F883
:1076D000193F41708270C47010BD30B50AB10023EB
:1076E0001DE04C2100F8561F482141702D2181706A
:1076F0004421C170452101713222427136228271CA
:107700005F22C27101724321417220218172C172D4
:1077100030BDCC5CC5185B1C85F85640DBB293428B
:10772000F7D330BD10B5002824D01348342200F818
:10773000452F10224270062282702222C27000223F
:10774000027102224271042282710A0AC27101721C
:107750000A0E4272090C81720D2100F8421C064883
:10776000453007F017FB19F08DFCBDE810400F20E5
:1077700019F0B4BC10BD00007C56002010B50028E4
:1077800024D01348342200F8452F102242700622DC
:1077900082702622C27000220271022242710422EB
:1077A00082710A0AC27101720A0E4272090C817258
:1077B0000D2100F8421C0648453007F0EBFA19F09D
:1077C00061FCBDE81040112019F088BC10BD00001C
:1077D0007C5600207CB50446487884F884000878FC
:1077E00084F88500C87884F88600887884F8870053
:1077F0000D46D4F884001DF085FECDE9000110A2ED
:10780000062104F14F00F8F777FE687A04F8800F3C
:10781000287A6070E87AA070A87AE0700A49206837
:107820001EF068F844F880091DF06CFECDE90001F7
:1078300006A2062104F14700F8F75EFE7CBD0000B9
:1078400025352E33660000000000C84225342E3254
:10785000660000002DE9F04F8BB004004FF07E5021
:1078600006907DD0487884F87400087884F8750014
:10787000C87884F87600887884F87700487A84F8A5
:107880007000087A84F87100C87A84F87200887AE7
:1078900084F87300487B84F87C00087B84F87D00C2
:1078A000C87B84F87E00887B84F87F00487C84F85D
:1078B0006C00087C84F86D00C87C84F86E00887CBD
:1078C00084F86F001CF00EFB052801D1FE480690DD
:1078D0001CF05AFBA8B1E06E1DF014FEFB4AFC4BF5
:1078E0001DF0E6FB0022FB4B1DF0CEF81DF09AF8D0
:1078F000F949E066884203DC4FF08441884200DAAF
:10790000E166207804F12B01099104F13801059119
:1079100004F131010491DFF8D093F04E04F13F01FE
:10792000EF4DDFF8C08342074FF0D97BC9F1000A61
:1079300007917DD520F004002070606F6061E06EDB
:107940001DF0E0FDCDE90001E8A206210998F8F755
:10795000D3FDE849606F88420FDB4FF47A7600E090
:1079600012E23346E4A207210598F8F7C5FD206F1F
:107970001DF040FFB0FBF6F342E0E0494218E04959
:107980008A4214D21DF0BEFD002233461DF038F9A4
:10799000CDE90001D5A207210598F8F7ADFD206FCC
:1079A0001DF0B0FD002233461DF02AF93EE0D54916
:1079B0004218D5498A4214D21DF0A4FD0022334654
:1079C0001DF01EF9CDE90001D0A207210598F8F7B6
:1079D00093FD206F1DF096FD002233461DF010F937
:1079E00038E04219424511D21DF004FF0346C2A2FD
:1079F00007210598F8F780FD206F1DF0FBFE034678
:107A0000BDA207210498F8F777FD2AE000EB0901F1
:107A100059450ED21DF076FDCDE90001B3A2072134
:107A20000598F8F769FD206F1DF06CFDAFA212E01C
:107A300047E010F1FF4F14D2504512DA1DF062FDFD
:107A4000CDE90001B1A207210598F8F755FD206F97
:107A50001DF058FDADA2CDE9000107210498F8F70B
:107A60004BFDA849E06F4942884202DA421942457B
:107A70000AD21DF0BFFE1DF0F5FE06991DF0DCFDDB
:107A80001DF040FD9CA215E000EB0901594506D20E
:107A900006991DF0D1FD1DF035FD94A20AE010F10C
:107AA000FF4F0DD250450BDA06991DF0C5FD1DF0B4
:107AB00029FD96A2CDE9000107210798F8F71CFDE2
:107AC0005DE1616FA0681DF049FDA060216FE06875
:107AD0001DF044FDE060E16E20691DF03FFD206176
:107AE0002046FCF7C1FE606F6061E079401CC0B2C7
:107AF000E0710328E4D31DF0B5FE0746394620693E
:107B00001DF09AFD00903946E0681DF095FD029049
:107B10003946A0681DF090FD07461CF047F988B370
:107B20001CF006FA02282ED37A4A04F1A00011783C
:107B300003900C3808901830019051B1002010705B
:107B400008980AF067FC03980AF064FC01980AF0B0
:107B500061FC394608980AF090FCDDE902100AF051
:107B60008CFCDDE900100AF088FC01980AF068FC42
:107B7000009008980AF064FC074603980AF060FC3D
:107B8000029003E0FFE76348012101702046FDF702
:107B900005FF002879D100981DF0B4FCCDE9000163
:107BA00052A206210998F8F7A7FC524887420DDB3C
:107BB0004FF47A76334650A207210598F8F79CFCDB
:107BC00002981DF017FEB0FBF6F345E04B4839185C
:107BD0004B48814215D238461DF094FC00223346B2
:107BE0001DF00EF8CDE9000140A207210598F8F735
:107BF00083FC02981DF086FC002233461DF000F83D
:107C000041E0404839184048814215D238461DF0BD
:107C100079FC002233461CF0F3FFCDE900013BA2C2
:107C200007210598F8F768FC02981DF06BFC00220C
:107C300033461CF0E5FF3BE07919414512D2384646
:107C40001DF0D8FD03462CA207210598F8F754FC37
:107C500002981DF0CFFD034627A207210498F8F7EC
:107C60004BFC2CE007EB090058450FD238461DF0BD
:107C700049FCCDE900011DA207210598F8F73CFC5D
:107C800002981DF03FFC19A213E073E017F1FF4FBB
:107C900015D2574513DA38461DF034FCCDE9000102
:107CA0001AA207210598F8F727FC02981DF02AFC74
:107CB00016A2CDE9000107210498F8F71DFC11492F
:107CC000E06F4942884227E000002041CDCCCCCC77
:107CD000CCCCFC3F0000404000000C4300408F40F3
:107CE000000086BB0040A201000038BD25352E31C2
:107CF00066000000002474492535640000B03CB8DB
:107D000000D4B00100C0E3B90010A70125352E3220
:107D1000660000004858002002DA421942450BD2A2
:107D20001DF068FD1DF09EFD06991DF085FC1DF0FF
:107D3000E9FBAFF23C0217E000EB0901594507D21D
:107D400006991DF079FC1DF0DDFBAFF260020BE03F
:107D500010F1FF4F0ED250450CDA06991DF06CFC65
:107D60001DF0D0FBAFF25C02CDE9000107210798BE
:107D7000F8F7C2FB0020E071A060E06020610BB06A
:107D8000BDE8F04F19F086B90BB0BDE8F08F0000E8
:107D900010B500281AD00E48342100F8451F0621DE
:107DA00041708170F521C17000210171792141710B
:107DB000082100F8421C0648453006F0EBFF19F098
:107DC00061F9BDE81040132019F088B910BD00001A
:107DD0007C56002010B5002824D01348342200F827
:107DE000452F10224270062282702022C27000228B
:107DF000027102224271042282710A0AC271017266
:107E00000A0E4272090C81720D2100F8421C0648CC
:107E1000453006F0BFFF19F035F9BDE810400B20E2
:107E200019F05CB910BD00007C5600200C4810B55C
:107E3000342100F8451F0321417006218170002183
:107E4000C17001710A214171082100F8421C0448E7
:107E5000453006F09FFFBDE810400C2019F03EB9F8
:107E60007C56002010B500281BD00E48342100F8A5
:107E7000451F0321417006218170D021C17000216E
:107E800001710F214171082100F8421C054845305D
:107E900006F080FF19F0F6F8BDE81040082019F050
:107EA0001DB910BD7C56002010B500281BD00E480F
:107EB000342100F8451F0321417006218170C02143
:107EC000C170002101710F214171082100F8421C8D
:107ED0000548453006F05EFF19F0D4F8BDE81040C3
:107EE000022019F0FBB810BD7C56002010B5002808
:107EF00018D00D48342100F8451F03214170062198
:107F000081700021C17001710A214171082100F8BE
:107F1000421C0548453006F03DFFBDE810400420F6
:107F200019F0DCB810BD00007C56002010B5002808
:107F30001AD00E483421222200F8451F0321417037
:107F400006218170C270002202714171082100F87F
:107F5000421C0648453006F01DFF19F093F8BDE8B5
:107F60001040162019F0BAB810BD00007C56002051
:107F700010B5002819D00D48342200F8452F0622EC
:107F800042708270F422C2700A0A027141710821A3
:107F900000F8421C0548453006F0FCFE19F072F866
:107FA000BDE81040132019F099B810BD7C56002090
:107FB00010B5002827D0144A40F86C1F342102F86D
:107FC000451F10215170062191702421D17000218C
:107FD000117102215171042191714178D17101789F
:107FE0001172C17851728078907207480D2102F8A1
:107FF000421C453006F0CEFE19F044F8BDE81040B2
:10800000122019F06BB810BD7C56002010B5002866
:1080100024D01348342200F8452F10224270062243
:1080200082702822C2700022027102224271042250
:1080300082710A0AC27101720A0E4272090C8172BF
:108040000D2100F8421C0648453006F0A3FE19F049
:1080500019F8BDE810400B2019F040B810BD000021
:108060007C56002070B518F037FD694C0B2804F1E0
:1080700008056FD01FDC022850D0042873D00828D0
:108080006AD1A079042867D10AF07CF914F006FAC5
:1080900040795D2861D014F007FA29461CF0F3F905
:1080A00014F0FCF940795D285AD014F0FDF9BDE8D0
:1080B0007040FEF774B90C2815D0122873D013281D
:1080C0004AD1E0799C2847D1207A512844D10AF03E
:1080D00059F915F05FF803283ED1BDE87040012141
:1080E00002200FF0B5B8A079042835D15D20FDF746
:1080F00017FA18F0ABFC14F0D1F940795D280AD0DA
:1081000014F0D2F9294600F089F814F0C7F9BDE857
:10811000704000F07BBA14F0C1F9F3E7A0790428AD
:1081200069D1E0790C2866D10AF02CF914F0B6F97F
:1081300040795D280BD014F0B7F90C2229461CF0C9
:10814000B7F914F0ABF9BDE8704000F03DBA14F097
:10815000A5F9F2E72BE006E04DE014F09FF99CE76B
:1081600014F09CF9A3E7A079042844D1E079082809
:1081700041D10AF007F914F091F940795D280FD048
:1081800014F092F9294600F049F814F087F9407983
:108190005D2809D014F088F9BDE87040FEF7F8B802
:1081A00014F07CF9EEE727E014F078F9F4E7A07911
:1081B000102820D1E0799C281DD10AF0E3F814F0B2
:1081C000E9FF032801D05B2815D1012102200FF01F
:1081D0003FF814F0E5FF80680E490069816014F0F3
:1081E000DFFF80680C490069C16014F0D9FF806826
:1081F00004210069417170BDE0799C28FBD10AF02F
:10820000C1F814F0C7FF3E283FF467AF70BD00000F
:108210007C5600208B6B02088F6B02082DE9F04F13
:1082200085B0040072D0487884F87400087884F827
:108230007500C87884F87600887884F877004879E3
:1082400084F86C00087984F86D00C87984F86E00B1
:10825000887984F86F00002525671BF095FEA8B18A
:10826000E06E1DF04FF98C4A8C4B1CF021FF002270
:108270008B4B1CF009FC1CF0D5FB8A49E066884258
:1082800003DC4FF08441884200DAE1662078DFF8B1
:1082900018B204F13801854E420704F12B0904F1AC
:1082A0003108029147D520F004002070606F6061B2
:1082B000E06E1DF027F9CDE900017DA206214846B8
:1082C000F8F71AF9206F1DF01DF9CDE900017AA227
:1082D00007214046F8F710F9606F58450ADB1DF09A
:1082E00089FA0346029805B075A2BDE8F04F072150
:1082F000F8F702B97349884209DB1DF07BFA03469F
:108300006FA206210298F8F7F7F810E010E06E4926
:10831000884203DB1DF0F6F86CA202E01DF0F2F8D3
:1083200063A2CDE9000107210298F8F7E5F835705E
:1083300005B0BDE8F08F616FA0681DF00FF9A06077
:10834000216FE0681DF00AF9E060E16E20691DF020
:1083500005F920612046FCF787FA606F6061E079DB
:10836000401CC0B2E0710328E2D31DF07BFA07463F
:10837000394620691DF060F901903946E0681DF02A
:108380005BF903903946A0681DF056F907461BF0CB
:108390000DFDDFF840A188B31BF0CAFD02282ED3E3
:1083A0009AF8001004F1A000049052460C3804F131
:1083B000AC0A009049B1157000980AF02BF80498A7
:1083C0000AF028F850460AF025F8394600980AF0D5
:1083D00054F8DDE903100AF050F8504601990AF00C
:1083E0004CF850460AF02CF8019000980AF028F852
:1083F000074604980AF024F8039003E0FFE7012100
:108400008AF800102046FDF7C9FAA0BB01981DF0BC
:1084100079F8CDE9000126A206214846F8F76CF864
:1084200003981DF06FF8CDE9000123A20721404613
:10843000F8F762F85F4509DB606F1DF0DBF9034672
:108440001FA207210298F8F757F81FE01D4887423E
:1084500009DB38461DF0CEF9034619A20621029821
:10846000F8F74AF811E018488742384604DB1DF057
:1084700049F816A203E009E01DF044F80CA2CDE98A
:10848000000107210298F8F737F83570E571A5600B
:10849000E56025614CE70000CDCCCCCCCCCCFC3FDA
:1084A0000000404000000C4300401C46845800205F
:1084B00025352E326600000025362E32660000007B
:1084C0002564000000007A440000C84225352E31A2
:1084D000660000004858002010B500281BD00E4848
:1084E0005D2100F8451F062141709C2181705121BA
:1084F000C1700021017101214171082100F8421C65
:108500000548453006F046FC18F0BCFDBDE81040BB
:10851000132018F0E3BD10BD7C5600201CB50C469E
:10852000002832D0684606F0E3F9DDE900010AF0E0
:1085300007F8164A5D2102F8451F102151709C2151
:1085400091705B21D17000211171042151710821BA
:108550009171010AD1711072010E5172000C90726A
:10856000200AD0721473200E5073200C90730748A9
:10857000112102F8421C453006F00CFC18F082FD77
:10858000BDE81C400B2018F0A9BD1CBD7C56002086
:108590000C4810B55D2100F8451F0421417075227B
:1085A00082706922C270002202714171082100F8B4
:1085B000421C0448453006F0EDFBBDE810400C209D
:1085C00018F08CBD7C56002010B500281BD00E483A
:1085D0005D2100F8451F04214170752181704521FE
:1085E000C1700021017101214171082100F8421C74
:1085F0000548453006F0CEFB18F044FDBDE81040BC
:10860000082018F06BBD10BD7C56002010B5002866
:108610001BD00E485D2100F8451F042141707521D3
:1086200081703021C1700021017106214171082142
:1086300000F8421C0548453006F0ACFB18F022FD5E
:10864000BDE81040022018F049BD10BD7C56002046
:1086500010B5002818D00D485D21752200F8451F7F
:108660000421417082706922C2700022027141713E
:10867000082100F8421C0548453006F08BFBBDE898
:108680001040042018F02ABD10BD00007C560020C8
:1086900010B5002827D0144A40F86C1F5D2102F85D
:1086A000451F102151709C2191705921D1700021DA
:1086B000117102215171042191714178D1710178B8
:1086C0001172C17851728078907207480D2102F8BA
:1086D000421C453006F05EFB18F0D4FCBDE81040AB
:1086E000122018F0FBBC10BD7C56002072B6FEE7CD
:1086F000BC224FF44071014807F008BB207C0020E9
:1087000002464FF448610148F8F767B8105C002052
:1087100010B5094C0021217002F0B2FB0020FFF7D8
:10872000EFFF01202070002400F05AFA641CE4B22C
:10873000C82CF9D310BD0000705600202DE9FF5F52
:108740009B46DDF8388015460646A0281FD20198C2
:10875000A0281CD20024DFF85890DFF858A022E0AF
:10876000600701D115F8017B134804F00701405C54
:10877000384210D1B8F1000F10D09AF800203046DE
:10878000019900F03BF8761CF6B2A02E09D3002028
:1087900004B0BDE8F09FB8F1000FEED099F80020CA
:1087A000EDE7641CE4B25C45DAD30120F0E7000099
:1087B0001500002014000020155D02082DE9F84F77
:1087C00000251F4614460E468246A946DDF828803D
:1087D00010E03B46224631465046CDF80090FFF768
:1087E000ADFF761CF6B204EBD704780700D0641C0A
:1087F0006D1CEDB24545ECD3BDE8F88F30B5A0282F
:1088000001D2A02901D3002030BD0A4BD50701EBCE
:10881000810100F00702084C03EB810101EBD0005D
:10882000A25C017801D0114300E091430170012066
:1088300030BD0000105C0020F07E02082DE9FC5FD6
:108840008046DDE90C541E4691460F4610462D2AFF
:1088500068D00BDCA2F120000C2813D2DFE800F076
:1088600047741212125B12128188126D3A2846D098
:1088700004DC2E283DD02F2A04D146E03F2856D0D4
:10888000402A68D03F4AA9F1610102EB091BABF510
:1088900060708246192906D8CDE90054024639464F
:1088A000404600F073F8A9F13000092808D8CDE956
:1088B0000054ABF52C7233463946404600F066F85A
:1088C000A9F14100192808D8CDE90054ABF5487248
:1088D00033463946404600F059F8B9F17A0F4FD97E
:1088E00052463346CDE900543946404646E0254AD3
:1088F000F8E7244ACDE90054103240463EE0214AD0
:10890000CDE900542032404638E01E4ACDE90054FB
:108910003032404632E01B4ACDE9005440323946FD
:1089200040462BE0CDE90054174A404626E0164A5F
:10893000CDE900542032404620E0134ACDE90054EE
:1089400010323946404619E00F4ACDE90054303222
:108950003946404612E00C4ACDE9005460324046A8
:108960000CE0094ACDE9005440323946404605E062
:10897000054ACDE9005450323946404600F006F829
:10898000BDE8FC9F16000020460400202DE9F84FAA
:108990001F46DDE90A9814460E468246002510E07F
:1089A0003B46224631465046CDF80080FFF7C6FED2
:1089B000761CF6B204EBD704780700D0641C6D1C5B
:1089C000EDB24D45ECD3BDE8F88F00002DE9FF4F27
:1089D00083B01E46DDE91198DDF840B0150007466A
:1089E00017D017484FF00004854215D1DFF854A086
:1089F0000DE0CDE90098295D07EB04100AEB411268
:108A0000C0B25B460499FFF7C1FF641CE4B2B442F4
:108A1000EFD307B0BDE8F08FDFF82CA00DE0CDE973
:108A20000098295D07EB04100AEB4112C0B25B46C7
:108A30000499FFF7ABFF641CE4B2B442EFD3E8E75C
:108A4000F37D02087E2F0020FE0900202DE9FF4F54
:108A500083B01E46DDE91198DDF840B015000746E9
:108A600013D00024DFF828A00DE0CDE90098295D9F
:108A700007EB04100AEB4112C0B25B460499FFF702
:108A800085FF641CE4B2B442EFD307B0BDE8F08FB9
:108A90007E2F00202DE9FC479846DDE90A76140078
:108AA000894605460DD009E0CDE9007643464946A2
:108AB0002846FFF7C3FE0835EDB2641C2278002A71
:108AC000F2D1BDE8FC8700007CB5202ADDE9065420
:108AD00013D02D2A15D02E2A0BD0A2F13006092E44
:108AE00015D8CDE900540A4C04EB8212A2F53C6281
:108AF0000BE0CDE90054064A07E0CDE90054054AF1
:108B000003E0044ACDE900544032FFF73FFF7CBD4B
:108B1000B6040020760700202DE9FC479846DDE9E1
:108B20000A761400894605460DD009E0CDE90076A5
:108B3000434649462846FFF7C7FF1035EDB2641C8F
:108B40002278002AF2D1BDE8FC8700007CB5202AFB
:108B5000DDE9065415D02D2A17D02E2A0DD0A2F10A
:108B60003006092E17D8CDE900540B4C02EB8202D7
:108B700004EBC202A2F5EB620BE0CDE90054064A19
:108B800007E0CDE90054054A03E0044ACDE900546A
:108B90002832FFF7FBFE7CBDF6070020AE0900205F
:108BA0002DE9FC479846DDE90A761400894605461A
:108BB0000DD009E0CDE90076434649462846FFF747
:108BC000C5FF0B35EDB2641C2278002AF2D1BDE856
:108BD000FC870000014A107051707047140000209B
:108BE0002DE9F0411A4D287800282ED0688868B900
:108BF00018486860602007F0D9F9702007F0D6F9AE
:108C0000052007F0D3F9122007F0D0F9002414262C
:108C10004FF448682746696811F8010B696007F04E
:108C200087F96888401C80B2B0FBF6F1688006FBCB
:108C3000110010B9002007F0EBF96888404500D119
:108C40006F80641CA4B2142CE5D3BDE8F081000051
:108C500070560020105C002070B58820FAF72AF9C1
:108C600004468920FAF726F904EB0020384C2080CE
:108C70008A20FAF71FF905468B20FAF71BF905EB56
:108C8000002060808C20FAF715F905468D20FAF750
:108C900011F905EB0020A0808E20FAF70BF90546AC
:108CA0008F20FAF707F905EB0020E0809020FAF713
:108CB00001F905469120FAF7FDF805EB0020208127
:108CC0009220FAF7F7F805469320FAF7F3F805EB48
:108CD000002060819420FAF7EDF805469520FAF718
:108CE000E9F805EB0020A0819620FAF7E3F80546A5
:108CF0009720FAF7DFF805EB0020E0819820FAF7DB
:108D0000D9F805469920FAF7D5F805EB002020821E
:108D10009A20FAF7CFF805469B20FAF7CBF805EB37
:108D2000002060829C20FAF7C5F805469D20FAF7DE
:108D3000C1F805EB0020A0829E20FAF7BBF805469B
:108D40009F20FAF7B7F805EB0020E08270BD000025
:108D5000F85B00200148C07870470000A058002050
:108D60000148407870470000A05800200148B0F941
:108D700006007047A05800200148007870470000A6
:108D8000A05800200148B0F904007047A058002006
:108D90000148807870470000A058002001484088B2
:108DA0007047000094580020014800887047000078
:108DB000945800200148C088704700009458002053
:108DC000014800687047000088580020F8B500246A
:108DD000009490F848202546012A12D0012280F8FC
:108DE00048204A681F23072A0DD20668376C521E96
:108DF00002EB820293409F430B6893401F4337640A
:108E000035E00220F8BD0D2A0BD20668F76BD21FA1
:108E100002EB820293409F430B6893401F43F7632A
:108E200025E0132A0BD20668B76B0D3A02EB8202DB
:108E300093409F430B6893401F43B76317E0066856
:108E4000192A0AD2776B133A02EB820293409F43AE
:108E50000B6893401F43776309E0376B193A02EBC5
:108E6000820293409F430B6893401F4337630A6815
:108E700007260A2A0AD203685F6902EB420296407B
:108E8000B7438E68964037435F6125E0142A0BD2C2
:108E900003681F690A3A02EB42029640B7438E68A4
:108EA000964037431F6117E003681D2A0AD8DF6820
:108EB000143A02EB42029640B7438E68964037431D
:108EC000DF6009E0DF6D1E3A02EB42029640B743D5
:108ED0008E6896403743DF650A68102A01D0112A50
:108EE00017D10E4A13681B0213D4136843F400030E
:108EF0001360096810290CD109490A4A0968B1FBB5
:108F0000F2F101EB8101490000E0491E00910029C6
:108F1000FBD180F848502046F8BD000004270140EE
:108F20001000002040420F000068806D7047000074
:108F3000F8B504004FF0000503D0E06C002610B136
:108F400010E00120F8BD2665564884F848600168A5
:108F500041F001010160006800F00100009020462E
:108F600000F0AAF8E06CC00671D4E06C20F48850E0
:108F700040F00200E0644C480168626821F440312E
:108F8000114301606169E0684FF40073084394F88D
:108F90003C2093FAA3F3B3FA83F3216A9A40114376
:108FA0000843022194F824C091FAA1F1B1FA81F1A9
:108FB0000CFA01F10843616B102902D0A26B114336
:108FC0000843226811684FF4807EC943490620D5C2
:108FD000A169E3690843A1682769194373469F4261
:108FE00002D0012F00D00023194394F82C30012B1C
:108FF0000AD1BCF1000F2BD0E36C43F02003E364F3
:10900000236D43F0010323655368284F3B400B4316
:10901000536021688A68264B1A4002438A6021699E
:10902000714522D0012920D021680A6B22F0F87204
:109030000A63216889681F4A1140814225D126654B
:10904000E06C20F0020040F00100E06428E026E03F
:109050004FF46047236B97FAA7F7B7FA87F75B1EC1
:10906000BB400B4343F40061CEE721680A6B4FF02D
:10907000F87722F0F873A26A97FAA7F7B7FA87F79A
:10908000521EBA4013430B63D3E7E06C20F002009A
:1090900040F01000E064206D40F0010020650125E3
:1090A0002846F8BD2038024004270140FF16FCFC8A
:1090B00089F1FFC0FEFF80BF10B586B004461421C1
:1090C0006846F7F7B4FB1249206888421DD1114861
:1090D000016841F400710160006800F400700590BF
:1090E0000C48001F016841F01001016000686946EA
:1090F00000F0100005904FF4807000900320019064
:1091000000200290044800F0E9F906B010BD00000C
:109110000024014020380240001002402DE9F041B7
:10912000044600680D4681684FF0000749050BD5DD
:109130008068C00508D5E06C40F02000E06484F849
:1091400048700120BDE8F08100F0BCFA064613E04B
:10915000681C11D025B100F0B5FA801BA8420BD9CC
:1091600020680068800707D4E06C40F00400E064E9
:1091700084F848700320E5E7206800688007E7D599
:10918000A06918B921686FF012000860E06C40F423
:109190000070E0642068816811F0405F14D194F899
:1091A000241089B9016B11F0F87F02D08068400566
:1091B0000AD4E06C20F48070E064E06CC00403D456
:1091C000E06C40F00100E0640020BBE710B504460D
:1091D00090F84800012822D0012084F84800204659
:1091E000F9F7FEF900281BD1E16C40F201629143CE
:1091F00041F48071E16421684A68520505D5E26C4A
:1092000022F4005242F48052E264E26CD3044FF044
:10921000000206D5236D23F00603236502E0022039
:1092200010BD226584F848206FF022020A60216890
:109230008A6812F0405FF3D18A6842F080428A6007
:1092400010BD10B5044690F84800012807D0012051
:1092500084F848002046F9F799F910B107E0022098
:1092600010BDE16C21F4885141F00101E16400215D
:1092700084F8481010BD10B590F821100022022982
:1092800005D00421816380F82020012010BD0168F1
:109290000B6823F00E030B6001680B6823F00103D9
:1092A0000B6090F84010012401F01C0304FA03F154
:1092B000C36B596080F8214080F82020104610BD13
:1092C00010B590F821100024022903D004218163F5
:1092D00001241AE001680A6822F00E020A6001689F
:1092E0000A6822F001020A6090F84010012301F0A0
:1092F0001C0203FA02F1C26B516080F82130002198
:1093000080F82010416B01B18847204610BD806B6A
:109310007047F0B4C16B0B6801680A6890F8404070
:10932000042504F01C0405FA04F61E4211D0560769
:109330000FD50A68920603D40A6822F004020A6074
:1093400090F8401001F01C018D40C16B4D60C16A66
:109350001DE0022606FA04F71F424FF0000C4FF002
:10936000010518D0970716D50A68920605D40A6831
:1093700022F00A020A6080F8215090F8401001F0B3
:109380001C018E40C16B4E6080F820C0816A0029AC
:109390001AD0F0BC08470826A6401E4214D0120777
:1093A00012D50A6822F00E020A6090F84010C26BD3
:1093B00001F01C0105FA01F15160856380F821502C
:1093C00080F820C0016BE2E7F0BC704730B560B1B7
:1093D0001A4B01681422994209D2194B0B44B3FB72
:1093E000F2F292000264174A0AE0012030BD134BEA
:1093F0005B420B44B3FBF2F2920002640F4A083A5C
:10940000C263022280F821200A6847F6F0739A436B
:10941000F0E901342343D0E902452C432343046996
:109420002343446923438469234313430B6000218E
:109430004163012242770177084630BD086402404B
:10944000F89FFDBF0060024070B5044690F8200010
:10945000002501280CD0012084F8200094F8216018
:109460000020012E06D084F820000225284670BD79
:10947000022070BD022684F82160A063206806687F
:1094800026F0010606602046FCF732F8E06A002864
:109490002068016802D041F00E0106E021F00401CD
:1094A00001602068016841F00A01016020680168DC
:1094B00041F001010160D9E770B5044600F002F9FE
:1094C0000546601C02D004484068044400F0FAF8E5
:1094D000401BA042FAD370BD040000202DE9F84FD4
:1094E000DFF89491002209F1040A0AF1040B032722
:1094F0004FF00F0C0BF1040EB6E0012595402B4008
:1095000073D00C7904F00304012C01D0022C15D186
:109510008668540007FA04F826EA0806D1F80C8099
:1095200008FA04F848EA0608C0F808804468AC4322
:109530000D79C5F300159540254345600C79E4434A
:10954000A40708D0C568540007FA04F6B5438E682E
:10955000A6402E43C6600C7904F00304022C11D1FE
:10956000D40800EB8406356A5407E40E0CFA04F8BC
:1095700025EA0805D1F8108008FA04F848EA050839
:10958000C6F820800568540007FA04F6B5430E7942
:1095900006F00306A6402E4306604C6814F4403FD4
:1095A00061D0364C256845F001052560246822F01D
:1095B000030504F001040094314C05EB0408D8F8CD
:1095C00008509407260F0CFA06F4A5432D4CA04230
:1095D00001D100241FE02C4CA04201D101241AE04B
:1095E0002A4CA04202D1022415E03CE0284CA042C3
:1095F00001D103240FE0274CA04201D104240AE04A
:10960000254CA04201D1052405E0244CA04201D103
:10961000062400E00724B4402C43C8F80840D9F8D9
:1096200000404D464E689C43F60300D51C432C6019
:10963000DAF8004055464E689C43B60300D51C43FB
:109640002C60DBF800405D464E689C43F60200D576
:109650001C432C60DEF8004075464E689C43B60201
:1096600000D51C432C60521C0B6833FA02F47FF4C3
:1096700044AFBDE8F88F00000004014020380240EC
:1096800000000140000002400004024000080240C7
:10969000000C02400010024000140240001802407A
:1096A0000069084000D001207047426921EA0203A6
:1096B0000A4043EA0241816170470AB18161704703
:1096C0000904FBE70148806870470000040000209F
:1096D00070B5040011D021684CF6CC4008602168B8
:1096E00045F255500860D4E9000141602168A06846
:1096F0008860FFF7E7FF05460CE0012070BDFFF72B
:10970000E1FF401B2A2805D92068C068800701D0E6
:10971000032070BD2068C0688007F0D121684AF638
:10972000AA200860002070BD00684AF6AA210160E6
:109730000020704702488168426811448160704788
:109740000400002010B50024032000F079F80F2059
:1097500000F008F808B1012401E000F025F82046E7
:1097600010BD000070B50E4E05460024706898B11B
:109770004FF47A71B1FBF0F00A490968B1FBF0F0DF
:1097800000F03DFD40B9102D06D200222946501EA2
:1097900000F036F8356000E00124204670BD00007E
:1097A00004000020100000200D4808B5016841F0B9
:1097B00000410160016801F000410091011F0A6849
:1097C00042F001020A60096801F00101009101689C
:1097D00041F080510160006800F08050009008BDA9
:1097E00024380240002809DB00F01F0201219140CB
:1097F0004009800000F1E020C0F80011704700002F
:10980000F0B40E4B1B68C3F30223C3F10704042C0E
:1098100000D904241D1D072D01D2002300E0DB1E0A
:10982000012606FA04F56D1E0D409D409E40761EF1
:10983000164045EA0601F0BC06F030BC0CED00E035
:10984000064A00F0070110684FF6FF03184040EA8F
:109850000120034908431060704700000CED00E050
:109860000000FA05BFF34F8F05480168054A01F46F
:10987000E06111430160BFF34F8F00BFFDE70000BF
:109880000CED00E00400FA05704700002DE9F047F8
:109890000E46040076D0DFF88081D8F8000000F092
:1098A0000100B04214D2012E05D1D8F8001041F0C9
:1098B0000401C8F80010D8F8001021F0010131436C
:1098C000C8F80010D8F8000000F00100B0427DD1C7
:1098D0002078524F800705D53868A16820F0F00045
:1098E000084338602078C00759D04C49606808396F
:1098F00002281AD003281BD0096801281BD089052B
:10990000002963DA396821F0030101433960FFF768
:10991000D9FE0546606841F28831022813D0032839
:109920001ED00128894627D035E009688903E7E77A
:1099300009688901E4E78907E2E7FFF7C3FE411BF5
:10994000494501D924E089463868C0F381000228DE
:10995000F3D124E0FFF7B6FE411B494501D917E0DA
:1099600089463868C0F381000328F3D117E0FFF778
:10997000A9FE411B49450BD83868C0F38100012876
:10998000F5D10CE022E0FFF79DFE411B494502D9CD
:109990000320BDE8F087386810F00C0FF3D1D8F839
:1099A0000010404601F00101B14211D9012E03D14E
:1099B000016841F004010160016821F001013143B7
:1099C0000160006800F00100B04201D00120E0E732
:1099D0002078400705D53868E16820F4E060084346
:1099E00038602078000706D53868216920F4605077
:1099F00040EAC100386000F03FF83968084AC1F316
:109A00000311515CC8400749086007480068BDE879
:109A1000F047FFF7A7BE0000003C024008380240B4
:109A2000FD5C020810000020040000200149012014
:109A30000867704700004742044805490068096804
:109A4000044AC1F30221515CC84070471000002055
:109A5000083802400D5D020804480549006809689D
:109A6000044AC1F3C221515CC84070471000002075
:109A7000083802400D5D020870B5154D296815487B
:109A800001F00C02042A0CD04410082A0AD00C2A37
:109A90000AD0281F0068C0F342314FF40040491C2F
:109AA000884070BD204670BD0B4AC1F38343D35C30
:109AB000C1F381522968521CC90302D5A3FB0401DA
:109AC00001E0A3FB00010023F6F79EFC70BD00003F
:109AD000083802400024F400F45C0208054810B580
:109AE0000068000605D5FFF7CFFE02498020891CDB
:109AF000087010BD0C3802402DE9F84F04007BD0EF
:109B0000F6480168006801F00C0600F4803B2078FC
:109B1000F34DC0073FD0082E12D00C2E02D1BBF55A
:109B2000803F0DD06068012811D008B1052818D0F9
:109B3000286820F480302860286820F4802009E01C
:109B40002868800327D560680028D8D023E02868DB
:109B500040F480302860606888B1FFF7B3FD0746A5
:109B600009E0286840F480202860F0E7FFF7AAFDAC
:109B7000C01B642879D828688003F7D50BE0FFF76D
:109B8000A1FD074604E0FFF79DFDC01B6428F1D846
:109B900028688003F7D42078DFF8488380074FF0E7
:109BA00001094FF0000A36D5042E0CD00C2E02D13C
:109BB000BBF1000F07D0E068F8B1C8F80090FFF7DC
:109BC00081FD07460BE0286880070BD5E068012877
:109BD00012D107E0FFF776FDC01B0228CAD828681B
:109BE0008007F7D5BD48001F0168226921F4F851AC
:109BF00041EA022101600EE06CE1C8F800A0FFF725
:109C000061FD074604E0FFF75DFDC01B0228B1D8E7
:109C100028688007F7D42078C00672D53EB1A069C5
:109C2000F0B3C8F82090FFF74DFD07464AE02868DA
:109C3000800502D5A069002887D0A84F206A3F1F61
:109C4000396801F46041884210D904F0B7FD00285A
:109C5000BED13868216A20F4604008433860217F13
:109C6000386861F31F6038600FE0A4E0396821F4C0
:109C7000604101433960217F386861F31F603860BB
:109C8000206A04F09BFD0028A2D1216A4FF4004015
:109C900009EB5131884091490968C1F3031100E093
:109CA00021E0914A515CC8409049086090480068A2
:109CB000FFF758FD00287DD123E0FFF703FDC01B0F
:109CC000022878D828688005F7D58448001F0168E5
:109CD000226A21F4604111430160227F016862F32E
:109CE0001F6101600DE0C8F820A0FFF7EBFC0746FC
:109CF00004E0FFF7E7FCC01B02285CD82868800559
:109D0000F7D420787B4F000721D57B48616979B172
:109D1000C0F80090FFF7D6FC834605E0FFF7D2FCC1
:109D2000A0EB0B00022846D838688007F6D50EE075
:109D3000C0F800A0FFF7C6FC834605E0FFF7C2FCB1
:109D4000A0EB0B00022836D838688007F6D42078BC
:109D500040076AD500200090664810380068C000AF
:109D60000AD464481038016841F0805101600068ED
:109D700000F080500120009060480168C90511D4AE
:109D8000016841F480710160FFF79CFC834605E0A7
:109D9000FFF798FCA0EB0B0064280CD8574800682C
:109DA000C005F5D5A06801280DD008B1052814D04C
:109DB000386801E075E073E020F48070386038683E
:109DC00020F4806002E0386840F480703860A06859
:109DD000A0B1FFF777FC83460CE0386840F4806060
:109DE0003860F0E7FFF76EFCA0EB0B0141F2883022
:109DF000814255D838688005F4D50EE0FFF762FC43
:109E0000834607E0FFF75EFCA0EB0B0141F28830D0
:109E1000814245D838688005F4D4009828B1354887
:109E20001038016821F080510160606A90B30C2EF7
:109E30003DD00228504605D0C8F86000FFF742FC2C
:109E4000044630E04746C8F86000FFF73BFC064692
:109E500004E0FFF737FC801B022821D82868800126
:109E6000F7D4D4E90A1001431C48226B036823F499
:109E70007D031A4311430160C7F86090FFF722FC8D
:109E8000044604E0FFF71EFC001B022808D82868DF
:109E90008001F7D520E0FFF715FC001B022802D94E
:109EA0000320BDE8F88F28688001F4D414E001286D
:109EB000F7D00A480068A26A00F48031914209D1C3
:109EC000E26A00F47011914204D1216B00F4400069
:109ED000884201D00120E4E70020E2E70838024090
:109EE0000038024000004742FD5C020810000020DC
:109EF00004000020343802408006474200700040D1
:109F000070B5040009D0606A002540B12561656123
:109F1000A56294F8510040B10CE0012070BD60686A
:109F2000B0F5827FF4D0E561F2E784F85050204626
:109F300000F044F8022084F851002068016821F004
:109F400040010160A088218900F4827001F404417D
:109F50000843A18901F400610843217C01F002015A
:109F60000843217D01F001010843218B01F40071B8
:109F70000843217F01F03801084394F8201001F0D4
:109F800080010843218D01F40051084321680860D5
:109F9000A069042101EA104094F8241001F0100196
:109FA0000843216848602068C16921F40061C161EB
:109FB0006565012084F85100002070BD10B586B0A1
:109FC000044614216846F6F732FC1349206888429B
:109FD00020D11248016841F480510160006800F40A
:109FE000805005900D48001F016841F0020101609A
:109FF0000068694600F002000590382000900220B9
:10A000000190002002900320039005200490044852
:10A01000FFF764FA06B010BD00300140203802405E
:10A02000000402402DE9F84F044690F85000012545
:10A030000A9E1F4692468B464FF0000801280ED01C
:10A04000012084F85000FFF73DFB814694F8510051
:10A05000616801280CD0B1F5827F07D102E00220AF
:10A06000BDE8F88FA16809B9042801D00220B6E044
:10A07000BBF1000F27D0BAF1000F24D01FB394F822
:10A080005100042802D0052084F8510000206065AA
:10A09000C4F838A0E787A787C4F830B0E786A7865A
:10A0A0002064606420680168490603D4016841F0B7
:10A0B00040010160E068B0F5006F606805D0E8B36A
:10A0C000012F43D079E0012089E008B1012F34D17C
:10A0D000206B21680088C860206B801C2063E08EA4
:10A0E000401EE08629E02068816889070DD5E18E51
:10A0F00059B1012D09D1216B0988C160206B801CE9
:10A100002063E08E401EE086002520688168C90734
:10A110000BD0E18F49B1C068A16B0880A06B801C97
:10A12000A063E08F401EE0870125FFF7CBFAA0EB8C
:10A130000900B04201D3701C50D100E006E0E08E6F
:10A140000028D0D1E08F0028CDD13CE0206B2168E1
:10A1500000780873206B401C2063E08E401EE08670
:10A160002BE02068816889070DD5E18E59B1012D5A
:10A1700009D1216B09780173206B401C2063E08EAC
:10A18000401EE086002520688168C9070BD0E18F5A
:10A1900049B1C068A16B0870A06B401CA063E08F40
:10A1A000401EE0870125FFF78DFAA0EB0900B042C1
:10A1B00002D3701C01D011E086B1E08E0028D0D10E
:10A1C000E08F0028CDD14A463146204604F0B6FB48
:10A1D00038B120204FF00108606508E00320804678
:10A1E00005E0A06818B92068C16880680090012067
:10A1F00084F85100002084F85000404630E710B544
:10A20000401EB0F1807F01D3012010BD4FF0E0244B
:10A2100060610F21601705F041FF0020A061072059
:10A220002061002010BD000070B590F83820012A90
:10A2300026D0012580F83850022280F839200268A3
:10A240005368946823F070060B68334353600268C8
:10A25000B2F1804F08D00B4B9A4205D00A4B9A427C
:10A2600002D00A4B9A4204D1496824F08003194372
:10A27000916080F83950002180F83810084670BD90
:10A28000022070BD000400400008004000080140AA
:10A2900010B5040003D094F8390010B107E0012094
:10A2A00010BD002084F83800204600F017F8022086
:10A2B00084F83900211D206804F0A4FE012084F8F0
:10A2C0003E0084F83A0084F83B0084F83C0084F8AF
:10A2D0003D0084F83900002010BD000008B500687A
:10A2E000B0F1804F12D10A48016841F001010160CC
:10A2F0000068002200F00100009005211C20FFF7FB
:10A300007FFABDE808401C20FFF76CBA08BD0000CA
:10A310002438024090F83910012901D001207047FB
:10A32000022180F839100168CA6842F00102CA604F
:10A330000068B0F1804F08D00949884205D009492A
:10A34000884202D00849884204D1816801F007019F
:10A35000062903D0016841F0010101600020704727
:10A3600000040040000800400008014070B50446A9
:10A3700090F83800012817D0012584F838500220C1
:10A3800084F839002068826822F0770222F47F4244
:10A3900082600868502830D00DDC20284DD005DCC4
:10A3A00098B310283BD148E0022070BD302844D03B
:10A3B000402834D139E0602828D0702806D0B0F584
:10A3C000805F2CD0B0F5005F29D10AE0CB68D1E9DD
:10A3D0000121206804F058FE2068816841F077016F
:10A3E00009E0CB68D1E90121206804F04DFE206826
:10A3F000816841F48041816011E0CA684968206841
:10A4000004F054FE5021206807E016E0CA6849684D
:10A41000206804F05CFE6021206804F03FFE84F8B0
:10A420003950002084F8380070BDCA684968206837
:10A4300004F03CFE40212068EFE722680146104608
:10A44000EBE7704770B50446006801694FF00005FE
:10A45000C943890715D4C168C943890711D4E91EC6
:10A46000016101202076206880698007204602D0A3
:10A47000FFF7E7FF04E000F078F8204600F076F8F8
:10A48000257620680169C943490717D4C168C943C3
:10A49000490713D46FF0040101610220207620687F
:10A4A000806910F4407F204602D0FFF7CAFF04E025
:10A4B00000F05BF8204600F059F825762068016925
:10A4C000C943090716D4C168C943090712D46FF0FC
:10A4D00008010161042020762068C06980072046B9
:10A4E00002D0FFF7AEFF04E000F03FF8204600F096
:10A4F0003DF8257620680169C943C90617D4C168AB
:10A50000C943C90613D46FF01001016108202076F9
:10A510002068C06910F4407F204602D0FFF791FF09
:10A5200004E000F022F8204600F020F825762068AC
:10A530000169C943C90708D1C168C943C90704D122
:10A54000891E0161204600F012F820680169C943A4
:10A55000490609D4C168C943490605D46FF04001D2
:10A560000161204600F019F870BD7047704710B5C2
:10A570000068B0F1804F0FD107F046FF15F0C2F927
:10A5800014F04CFB06F024F808F058F815F0E0F849
:10A59000BDE8104016F0A8BD10BD7047704770B5FB
:10A5A00004460068C16821F49071C1602068416967
:10A5B00021F001014161206B012804D12068C168AC
:10A5C00021F01001C160206841694FF00005490683
:10A5D0000FD5416921F040014161A06B48B145634D
:10A5E000A06BFEF748FE20B1A06BFEF790FE20287E
:10A5F00006D0E585202084F83E002563002070BD4C
:10A6000010202064032070BD704710B50446006818
:10A610000068C043C0060AD4204616F063FA2046FC
:10A6200012F0C2FA2046BDE8104007F07DBC10BD14
:10A63000F8B5026804461068D168536910F00F0F2E
:10A640004FF0000553D003F0010601F49077374333
:10A650005FD0C20705D0CA0503D5226C42F00102C3
:10A660002264420705D5DA0703D0226C42F00202C9
:10A670002264820705D5DA0703D0226C42F0040277
:10A680002264020707D501F02002324303D0226C76
:10A6900042F008022264226C002A34D0800604D5DD
:10A6A000880602D5204605F015F920684069216C1E
:10A6B000C0F38010090700D430B3204605F0E9F854
:10A6C0002068416949061BD5416921F0400141617B
:10A6D000A06BA8B158494163A06BFEF7F1FD0028BB
:10A6E00011D0A06B416B01B0BDE8F0400847830674
:10A6F0000FD58B060DD52046BDE8F84005F0EAB829
:10A700002046FFF781FFF8BD2046FFF77DFF256457
:10A71000F8BD266B2023012E52D1C60650D5CE0699
:10A720004ED5106850680090506940062AD5A16B3C
:10A73000086840680004000CEAD0A68D8642E7D97C
:10A74000E0858869202818D0D06820F48070D06017
:10A750002068416921F0010141612068416921F0CF
:10A760004001416184F83E3025632068C16821F0D2
:10A770001001C160A06BFEF77EFDA08DE18D401A37
:10A7800081B219E0A08DE18D401A81B2E08D0028E0
:10A79000BED00029BCD0D06820F49070D060206872
:10A7A000426922F00102426184F83E30256320684C
:10A7B000C26822F01002C2602046FFF7EFFEF8BD2B
:10A7C00005062BD50D0629D594F83D002128F6D194
:10A7D000A068B0F5805F01D12069B0B1206A411C4A
:10A7E0002162216800784860E08C401E0004000C63
:10A7F000E084E4D12068C16821F08001C160206854
:10A80000C16841F04001C160F8BD206A0088C0F312
:10A8100008005060206A801C2062E5E74006F3D5FE
:10A820004806F1D5D168204621F04001D16084F876
:10A830003D3000F085F9F8BDC5F7000870B504009B
:10A8400004D094F83D00002510B106E0012070BD51
:10A8500084F83C50204600F023F8242084F83D0082
:10A860002068C16821F40051C160204605F08EF8CF
:10A870002068016921F4904101612068416921F05B
:10A880002A0141612068C16841F40051C16025641A
:10A89000202084F83D0084F83E00002070BD0000B8
:10A8A0002DE9F04387B0044614216846F5F7BFFF51
:10A8B0005D4D206800265D490322072380274FF065
:10A8C000020C4FF40059A84233D1081D056845F425
:10A8D00080450560006800F480400590086840F0FD
:10A8E000010008600868029600F00100059050021F
:10A8F000CDE9000C69464E48CDE90323FEF7EEFD95
:10A900004D4D4C48C5E90006C5E902672E616E61F0
:10A91000C5E906692846FEF759FD08B1FDF7E6FED0
:10A92000A5630022022125206C62FEF769FF252025
:10A930003BE03E4DDFF80481083540453AD12868B8
:10A9400040F400302860286800F400300590086862
:10A9500040F0080008600868029600F008000590C2
:10A960006020CDE9000C69463548CDE90323FEF7A8
:10A97000B5FD314D2F4844351430C5E90006C5E911
:10A9800002672E614FF440506E61C5E906602846AB
:10A99000FEF71CFD08B1FDF7A9FEA5630022042106
:10A9A00026206C62FEF72CFF2620FEF71BFF07B067
:10A9B000BDE8F083DFF88C804045F8D1286840F48A
:10A9C00080202860286800F480200590086840F006
:10A9D000040008600868029600F0040005904FF437
:10A9E0004060CDE9000C69461748CDE90323FEF726
:10A9F00075FD114D0F4888352838C5E90006C5E9B1
:10AA000002672E616E61C5E906692846FEF7DEFC25
:10AA100008B1FDF76BFEA5630022032127206C62BD
:10AA2000FEF7EEFE2720C0E7003801401C38024048
:10AA30000000024058600240705A0020004400406C
:10AA4000000C0240004800400008024090F83E30F0
:10AA5000202B0ED159B152B190F83C30012B08D0C7
:10AA6000012380F83C300023036305F01BB801206C
:10AA700070470220704710B5044616F057F820467C
:10AA800012F0B0F82046BDE8104007F06FBA7047EA
:10AA90002DE9F843044690F83D001F4615460E4642
:10AAA00020284BD1C6B1BDB194F83C00012845D057
:10AAB000012084F83C004FF00008C4F840802120B9
:10AAC00084F83D00FEF7FEFDA5848146E584A0687C
:10AAD000B0F5805F03D004E00120BDE8F883206971
:10AAE00020B13546002684F83C800EE00025FAE7C8
:10AAF0008021204605F010F8A0B9ADB115F8010B82
:10AB000021684860E08C401EE084E08C4B464FF0AA
:10AB1000000200970028EBD14FF04001204604F0DE
:10AB2000FBFF30B10320D8E736F8020BC0F3080072
:10AB3000E6E7202084F83D000020CEE70220CCE7A5
:10AB4000704710B5044600F04CF9A22000F024F93B
:10AB500000F075F9022000F01FF900F070F920787C
:10AB600007F034FC00F018F900F069F9607807F09C
:10AB70002DFC00F011F900F062F9A07807F026FC36
:10AB800000F00AF900F05BF9E07807F01FFC00F034
:10AB900003F900F054F9207907F018FC00F0FCF8F4
:10ABA00000F04DF9607907F011FC00F0F5F800F0C5
:10ABB00046F9A07907F00AFC00F0EEF800F03FF942
:10ABC000BDE8104000F024B910B500F00AF9A22049
:10ABD00000F0E2F800F033F9022000F0DDF800F0B8
:10ABE0002EF900F0FEF8A32000F0D6F800F027F9C7
:10ABF000012000F0ACF800F07F0005F0DFFC1B4CFA
:10AC00002070012000F0A3F800F07F0005F0D6FCD2
:10AC10006070012000F09BF800F03F0005F0CEFCD2
:10AC2000A070012000F093F800F03F0005F0C6FC92
:10AC3000E070012000F08BF800F0070005F0BEFC8A
:10AC40002071012000F083F800F01F0005F0B6FC31
:10AC50006071002000F07BF805F0B0FCA07100F0FE
:10AC6000D7F8BDE8104003F0E9BD00000D57002003
:10AC700070B50D46044600F0B4F8A22000F08CF840
:10AC800000F0DDF8204600F087F800F0D8F82846FC
:10AC900000F082F800F0D3F8BDE8704000F0B8B8DA
:10ACA00010B514F0DFFE00210846FFF7E1FF1F2179
:10ACB0000120FFF7DDFF82210D20FFF7D9FF0021E2
:10ACC0000E20FFF7D5FFFFF77FFF0848417911B14C
:10ACD000C178002909D101214171C1700348FFF7F2
:10ACE00030FFBDE81040FFF76FBF10BD0D570020CB
:10ACF000FEE710B5002014F08DFE14F0B3FE002026
:10AD000014F090FE022007F06CFB012014F082FE8C
:10AD1000022007F066FBBDE81040002014F07ABE68
:10AD200010B5002014F076FE14F09CFE012014F003
:10AD300079FE022007F055FB012014F06BFE022083
:10AD400007F04FFBBDE81040002014F063BE70B563
:10AD50000646002414F074FE0025002014F05AFE6C
:10AD6000022007F03EFB012014F054FE6006040EA2
:10AD700014F060FE08B1641CE4B2012007F031FB5E
:10AD80006D1CEDB2082DE8D31EB1FFF7B2FF2046CF
:10AD900070BDFFF7C5FFFAE770B5054614F062FE17
:10ADA000002014F037FE0024280601D5012000E021
:10ADB000002014F037FE6806050E022007F011FB94
:10ADC000012014F027FE022007F00BFB002014F0F6
:10ADD00021FE022007F005FB641CE4B2082CE3D33B
:10ADE00070BD10B514F03EFE012014F01BFE0120D2
:10ADF00014F010FE042007F0F4FA002014F012FE04
:10AE0000042007F0EEFABDE81040002014F002BE66
:10AE100010B514F027FE002014F0FCFD002014F003
:10AE200001FE042007F0DDFA012014F0F3FD0120FB
:10AE300014F0F8FDBDE81040042007F0D2BA10B5B8
:10AE4000002414F0FDFD012014F0ECFD012007F0BA
:10AE5000C8FA012014F0DEFD012007F0C2FA07E075
:10AE6000641CE4B2FA2C03D9FFF7D2FF012010BD15
:10AE700014F0E0FD0028F3D114F0CCFD002010BD4B
:10AE800010B50446E22005F091F86420FEF714FBAB
:10AE9000242005F08BF82B2005F088F8812005F0A0
:10AEA00085F80CB1C02000E0B22005F07FF88420C6
:10AEB00005F07CF8892005F079F8A32005F076F8F4
:10AEC000C52005F073F8C82005F070F8102005F0D3
:10AED0006DF8D12005F06AF8D52005F067F8DA2082
:10AEE00005F064F8E92005F061F8F42005F05EF85B
:10AEF000252005F05BF8F62005F058F85A2005F0FB
:10AF000055F8F52005F052F8002005F04FF8F7202D
:10AF100005F04CF89F2005F049F8F82005F046F8B8
:10AF2000F12005F043F89F2005F040F8BDE81040FF
:10AF3000AD2005F03BB8F0B585B0DDE90EE4DDE904
:10AF40000C7CDDE90A568DE8E05000F012F821682B
:10AF50000161206005B0F0BD10B501460068002217
:10AF60000A6003E00469F5F7CCF920460028F9D11E
:10AF700010BD2DE9F05F07460AA81C4690E8000DB9
:10AF800015460E461420DDF83490F5F78BF90028AD
:10AF90000FD0C770067185604471C0F80C8080F8CE
:10AFA00006A080F801B080F802900E99017000218F
:10AFB0000161BDE8F09F00002DE9FE4388460400D2
:10AFC00074D000261027607830B101280DD00228F7
:10AFD00029D0032808D13FE0CDE900762179E07837
:10AFE0000823E268FDF7D2FC76E0A079B8B1012829
:10AFF0000BD0022870D12020CDE900062179E0781D
:10B000001023E268FDF788FD66E01420CDE9000614
:10B010002179E0780B23E268FDF7C2FD5CE0CDE921
:10B020000076E26812E0B8F1000F03D1C248E2688E
:10B03000824209D10097CDE9017663792179E078E0
:10B04000A268FDF7C3FC47E0CDE900762179E078FE
:10B050000823FDF71FFD3FE02078E578C00709D001
:10B06000CDE900762179082328222846FDF7E6FB62
:10B070000835EDB2A07813281AD2DFE800F0190ADB
:10B0800010333D57198B9B47C51919DFF25DB54742
:10B09000F000CDE9007608232179252246E1CDE9AB
:10B0A000007621791023A54A284621E018E0EDB268
:10B0B0002078C00710D0CDE9007621790823292215
:10B0C0002846FDF7BBFBCDE900760835E8B22179CB
:10B0D00008233A22FDF7B2FB2469002C7FF473AFFA
:10B0E000BDE8FE83CDE9007621791023944A2846F5
:10B0F000FDF74CFC1035DAE7CDE90076217908231D
:10B100006D222846FDF79AFB0835EDB2CDE90076B1
:10B110002179082367222846FDF790FBCDE90076C8
:10B1200008350823EDB221792F228DE0CDE9007694
:10B1300008232179402204E0CDE900762179082313
:10B140006D222846FDF77AFBCDE900760835EDB291
:10B150002179082353222846FDF770FBCDE90076BC
:10B160000835EDB2217908232F222846FDF766FB2A
:10B17000CDE90076083521790823EDB2632228460F
:10B18000FDF75CFBCDE9007608350823EDB22179A7
:10B190006D22CBE0CDE90076217908236D22284687
:10B1A000FDF74CFBCDE9007608350823EDB2217997
:10B1B0005622BBE0CDE90076217908236B22284690
:10B1C000FDF73CFBCDE900760835EDB22179082387
:10B1D00050222846FDF732FBCDE9007608350823DA
:10B1E000EDB221796122A1E0CDE900762179082331
:10B1F00070222846FDF722FBCDE9007608350823AA
:10B20000EDB221797022BAE7CDE9007621790823E1
:10B2100070222846FDF712FBCDE900760835EDB225
:10B220002179082370222846FDF708FBCDE9007636
:10B2300008350823EDB22179742277E0CDE9007654
:10B240000823217943221BE02846FDF7F7FACDE9D0
:10B25000007608350823EDB221794C2266E04CE0F7
:10B26000FFE7CDE90076217908234B222846FDF738
:10B27000E5FACDE90076083521790823EDB263229D
:10B280002846FDF7DBFACDE900760835EDB22179E5
:10B29000082365222846FDF7D1FACDE90076083566
:10B2A000EDB2217908236C222846FDF7C7FACDE9D3
:10B2B00000760835EDB2217908236C222846FDF787
:10B2C000BDFACDE900760835EDB221790823732265
:10B2D0002846FDF7B3FACDE900760835EDB22179BD
:10B2E00008232F222846FDF7A9FACDE90076083574
:10B2F0000823EDB221796D22A6E7CDE90076217908
:10B30000082370222846FDF799FACDE90076083522
:10B31000EDB22179082370222846FDF78FFACDE996
:10B320000076083521790823EDB262222846FDF720
:10B3300085FA0835BBE60000607C02089E1E0020EE
:10B340001E2800202DE9F04115F0C6FB6449654C2C
:10B35000654D0426801E01F1080716287CD2DFE81F
:10B3600000F019A461A4A4A4A4A4A48B0B3AA4A4DF
:10B370004D3DAD7FA6A4A4B8887903286CD14D209B
:10B38000FAF7CEF815F062FB11F088F8BDE8F0414D
:10B3900000F0ACB8887903285ED106F0F3FF11F015
:10B3A0007DF840794D2810D011F07EF8394600F034
:10B3B000E1F811F073F840794D2809D011F074F8D4
:10B3C000BDE8F041002100F019BB11F067F8EDE78E
:10B3D00011F064F8F4E78879062866D106F0D2FF08
:10B3E00011F05CF840794D2802D011F05DF801E0D1
:10B3F00011F054F8BDE8F04100F0FEB98879032857
:10B4000053D106F0BFFF11F049F840794D2806D01E
:10B4100011F04AF83946BDE8F04100F05DBA11F08C
:10B420003DF8F7E706F0AEFF11F038F840794D2807
:10B430000FD011F039F8394600F0D8F811F02EF895
:10B4400040794D2809D011F02FF8BDE8F041FAF706
:10B450009FBF11F023F8EEE727E011F01FF8F4E7A3
:10B4600006F090FF11F096FE03281ED1BDE8F041D2
:10B47000012102200BF0ECBE06F084FF11F08AFEE1
:10B480005E2812D1012102200BF0E2FE11F088FEAD
:10B4900080680069846011F083FE80680069C5607F
:10B4A00011F07EFE806800694671BDE8F08106F00B
:10B4B00069FF11F06FFE5F28E4D0F6E706F062FF47
:10B4C00011F068FE3F28DDD011F064FE4028D9D08D
:10B4D000EBE706F057FF11F05DFE4228D2D0E4E71B
:10B4E0007C5600208B6B02088F6B020810B5002879
:10B4F0001BD00E484D2100F8451F032141709C21AF
:10B5000081704621C170002101710421417108211F
:10B5100000F8421C0548453003F03CFC15F0B2FD34
:10B52000BDE81040022015F0D9BD10BD7C560020AA
:10B5300010B500281BD00E484D2100F8451F0621EC
:10B5400041709D2181703821C1700021017101215C
:10B550004171082100F8421C0548453003F01AFCEF
:10B5600015F090FDBDE81040132015F0B7BD10BDDB
:10B570007C5600207CB504002DD017484A78051D64
:10B5800002700A784270CA7882708A78C2704A79EA
:10B590002A700A796A70CA79AA708979E970036891
:10B5A0000EA2112104F15600F4F7A6FF286819F045
:10B5B000A9FFCDE900010AA2112104F11900F4F755
:10B5C0009BFF09490020CDE9000105A2052104F1F6
:10B5D0001E00F4F791FF7CBD8C580020256400000C
:10B5E00025332E31660000000000F03F2DE9FC5F9E
:10B5F000040035D0487884F87400087884F8750021
:10B60000C87884F87600887884F87700487984F8D8
:10B610007000087984F87100C87984F8720088791C
:10B6200084F87300207804F13F0B420726D520F000
:10B6300004002070606F606118F042FC90B118F057
:10B640003FFC0A280ED04749606F19F0F5FF19F04A
:10B6500059FFCDE9000144A208215846F4F74CFFF8
:10B66000BDE8FC9F606F1AF0A9F8034602B0584687
:10B67000BDE8F05F3EA20821F4F73EBF616FA0680D
:10B6800019F06CFFA060216FE06819F067FFE060BF
:10B690002046F9F7E9F8606F6061E079401CC0B2BC
:10B6A000E0710328DCD31AF0DDF805462946E0688E
:10B6B00019F0C2FF82462946A06819F0BDFF054671
:10B6C00018F07CFBDFF8AC80002710B318F038FCD2
:10B6D00002281ED3404698F8002004F1940904F192
:10B6E000AC0832B10770484606F094FE404606F0BA
:10B6F00091FE2946484606F0C0FE5146404606F0F7
:10B70000BCFE404606F09CFE484606F099FE054603
:10B7100002E0012188F800102046FAF73FF998B9B5
:10B7200018F0CEFBA0B118F0CBFB0A2810D00D49C1
:10B73000284619F081FF19F0E5FECDE900010AA2C3
:10B7400008215846F4F7D8FEE771A760E76087E75D
:10B7500028461AF033F8034605A208215846F4F7A4
:10B76000CBFEF1E70000C84225352E32660000000E
:10B7700025356400485800200D4810B54D2100F8CB
:10B78000451F032141709C218170A521C1700021BA
:10B79000017101214171082100F8421C0448453023
:10B7A00003F0F8FABDE810400C2015F097BC00003B
:10B7B0007C56002010B500281BD00E484D2100F803
:10B7C000451F032141709C2181704021C1700021DF
:10B7D000017104214171082100F8421C05484530DF
:10B7E00003F0D8FA15F04EFCBDE81040042015F027
:10B7F00075BC10BD7C56002010B500281BD00E482B
:10B800004D2100F8451F032141709D2181700521C4
:10B81000C1700021017101214171082100F8421C11
:10B820000548453003F0B6FA15F02CFCBDE8104091
:10B83000102015F053BC10BD7C56002010B5002818
:10B8400024D013484D2200F8452F102242709D222B
:10B8500082700622C270002202710222427104220A
:10B8600082710A0AC27101720A0E4272090C817257
:10B870000D2100F8421C0648453003F08BFA15F004
:10B8800001FCBDE81040142015F028BC10BD0000DC
:10B890007C56002010B500281AD00E484D2200F822
:10B8A000452F062242709D2282700522C27000221E
:10B8B00002714171082100F8421C0648453003F02E
:10B8C00069FA15F0DFFBBDE81040112015F006BC49
:10B8D00010BD00007C56002010B5040004D048784C
:10B8E00019F0C0FFC4F8840010BD000010B5002896
:10B8F00024D013484D2200F8452F102242709D227B
:10B9000082700822C2700022027102224271042257
:10B9100082710A0AC27101720A0E4272090C8172A6
:10B920000D2100F8421C0648453003F033FA15F0AB
:10B93000A9FBBDE810400B2015F0D0BB10BD0000E6
:10B940007C56002070B500282AD016484D251C0AC8
:10B9500000F8455F102545708470C37000230371A3
:10B9600004234371082383710B0AC37101720B0E08
:10B970004372090C8172110AC1720273110E417374
:10B98000110C8173112100F8421C0648453003F068
:10B9900001FA15F077FBBDE87040122015F09EBB50
:10B9A00070BD00007C56002010B5002823D012483E
:10B9B0004D24130A00F8454F102444708370C27060
:10B9C0000022027102224271042282710A0AC271AB
:10B9D00001720A0E4272090C81720D2100F8421C9C
:10B9E0000548453003F0D6F915F04CFBBDE8104092
:10B9F000172015F073BB10BD7C56002010B5002831
:10BA00001AD00E484D2200F8452F062242709C2283
:10BA10008270A822C270002202714171082100F8D0
:10BA2000421C0648453003F0B5F915F02BFBBDE884
:10BA300010400D2015F052BB10BD00007C560020B8
:10BA40003EB5002416480094019414490294C0E9BC
:10BA500000148460C460046144618461C461046250
:10BA600080F824400125856280F82C401021C0E92F
:10BA70000D1480F83C40FDF75BFA08B1FCF736FE88
:10BA80001720CDE90005694602940548FDF79EF9A7
:10BA9000002801D0FCF72AFE3EBD00000024014032
:10BAA000AC580020114808B5016841F08071016070
:10BAB0000068002200F08070009003210D20FDF747
:10BAC0009FFE0D20FDF78EFE002202210F20FDF7C4
:10BAD00097FE0F20FDF786FE002204211020FDF7BF
:10BAE0008FFEBDE808401020FDF77CBE1C380240E8
:10BAF0002DE9F04F87B014216846F4F798FE9F486F
:10BB000000689E4940F010000860086800F01000CE
:10BB10000590086840F004000860086800F0040020
:10BB20000590086840F020000860086800F02000D8
:10BB300005900846006840F001000860086800F0C1
:10BB400001000590086840F002000860086800F0F5
:10BB500002000590086840F00800086008680122AB
:10BB600000F0080005904FF482718548FDF7A5FDAF
:10BB7000002248F240018248FDF79FFDDFF8049261
:10BB8000002281214846FDF798FD4FF47F4B0022AB
:10BB900059467D48FDF791FD4FF4E074012221469E
:10BBA0007A48FDF78AFD00224FF490517748FDF75F
:10BBB00084FD012280217448FDF77FFD012221468A
:10BBC0007348FDF77AFD7E200326CDE900060025A7
:10BBD000694602954846FDF781FC4EF22F00CDE9FB
:10BBE0000006694602956948FDF778FC41F23B0082
:10BBF000CDE90006694602956148FDF76FFC4FF0FC
:10BC0000040A01240227CDF800A00396CDE90147DC
:10BC100069465B48FDF762FC4FF40068CDF8008090
:10BC20000396CDE9014769465548FDF757FC0022C8
:10BC300041465348FDF741FD4FF0400801AACDF8B9
:10BC4000008082E8700069464D48FDF747FC4CF6DD
:10BC50000760CDE90006694602954D48FDF73EFCB8
:10BC600081208DE83100694648460395FDF736FC92
:10BC70004FF47E40CDE90005694648460295FDF740
:10BC80002DFC4FF08009CDE9009569463C480295AE
:10BC9000FDF724FC1020CDE9000569463B480295DC
:10BCA000FDF71CFC3003CDE90005694638480295D4
:10BCB000FDF714FCCDE900B4CDE9024669463248EF
:10BCC000FDF70CFCCDE9008469463048CDE902451A
:10BCD000FDF704FC4FF49C50CDE90004CDE9024689
:10BCE00069462A48FDF7FAFB2003CDE90004CDE9B7
:10BCF000024669462548FDF7F1FB4FF48078CDE90F
:10BD00000084CDE9024669461D48FDF7E7FBCDF802
:10BD100000A0CDE9016569461E48FDF7DFFBE003A1
:10BD2000CDE900040294694615480394FDF7D6FB5B
:10BD30001F20CDE90006694602951348FDF7CEFBAA
:10BD400001AACDF8009082E8700069460E48FDF720
:10BD5000C5FBC020009001AA112082E8510069466D
:10BD60000B48FDF7BBFBCDE90084CDE902476946EE
:10BD70000748FDF7B3FB07B0BDE8F08F1C38024061
:10BD80000000024000100240000C02400008024087
:10BD90000004024000140240094810B50749016040
:10BDA0000321416040F6FF718160FDF791FC00289E
:10BDB00003D0BDE81040FCF799BC10BD0030004036
:10BDC000005900200D4810B50B4901604FF48271F5
:10BDD0004160002181604FF40072C160C0E906211A
:10BDE00081620A21C162FEF78BF8002803D0BDE80A
:10BDF0001040FCF77BBC10BD003001400C59002006
:10BE000010B586B00024174800940194029403945E
:10BE100004944FF08041059401601F21C0E9011492
:10BE200040F2E731C0E9031480214161FEF730FAA6
:10BE300008B1FCF75BFC4FF480500090694609485C
:10BE4000FEF794FA08B1FCF751FC049404A90548E4
:10BE50000594FEF7E9F9002801D0FCF747FC06B08D
:10BE600010BD0000645900200C4810B50A4901605B
:10BE70004FF4E1314160002181600C22C160C0E9D2
:10BE800004128161C161FEF7D9FC002803D0BDE82E
:10BE90001040FCF72BBC10BD00380140A459002015
:10BEA0000C4810B50A4901604FF416514160002159
:10BEB00081600C22C160C0E904128161C161FEF79A
:10BEC000BDFC002803D0BDE81040FCF70FBC10BD3E
:10BED00000440040E85900200C4810B50A490160B0
:10BEE0004FF416514160002181600C22C160C0E90D
:10BEF00004128161C161FEF7A1FC002803D0BDE8F6
:10BF00001040FCF7F3BB10BD004800402C5A002045
:10BF1000FEE7000070B514F0DFFD714C0B2804F152
:10BF200008056FD01FDC022850D0042870D00828E4
:10BF30006AD1A079032867D106F024FA10F0AEFA8E
:10BF4000407922285BD010F0AFFA294600F0CEF8F5
:10BF500010F0A4FA4079222857D010F0A5FABDE8D5
:10BF60007040FAF71CBA0C2815D0122870D013288C
:10BF70004AD1E079632847D1207A122844D106F0CB
:10BF800001FA11F007F903283ED1BDE87040012104
:10BF900002200BF05DB9A079032835D12220F9F7F2
:10BFA000BFFA10F07BFA407922280CD010F07CFA0E
:10BFB000294600F0C3F814F049FD10F06FFABDE80F
:10BFC000704000F00FBB10F069FAF1E7A079032888
:10BFD00079D106F0D7F910F061FA407922280BD018
:10BFE00010F062FA0C22294600F099F810F056FA87
:10BFF000BDE8704000F0D4BA10F050FAF2E710F04B
:10C000004DFAA2E725E003E05DE010F047FAA6E76D
:10C01000A079032857D106F0B5F910F03FFA40791E
:10C0200022280FD010F040FA294600F087F810F0CF
:10C0300035FA4079222808D010F036FABDE8704071
:10C04000FAF7A6B910F02AFAEEE710F027FAF5E7AA
:10C050003AE0A079102836D106F094F911F09AF858
:10C06000462814D008DC03280DD03F280FD04128E3
:10C070000DD0452827D10AE0472808D0482806D007
:10C08000492820D103E0012102200BF0E1F8012131
:10C0900002200BF0DDF811F083F880681149006987
:10C0A00000690069816011F07BF880680E490069C1
:10C0B00000690069C16011F073F8806804210069AB
:10C0C00000690069417170BDA0791028FBD106F0AC
:10C0D00059F911F05FF83E283FF457AF70BD0000EA
:10C0E0007C5600208B6B02088F6B020810B500286D
:10C0F00014D00A782E2430328277C4774A783032CE
:10C1000080F82020002280F821208B78303300F83E
:10C11000193F4470C97830318170C27010BD30B59C
:10C12000002809D0002305E0CC5CC5185B1C85F80D
:10C130005640DBB29342F7D330BD00002DE9FE4FED
:10C1400004007DD0087884F87400487884F875007D
:10C15000887884F87600C87884F87700087904F83D
:10C160006C0F487960708879A070C879E070087A9F
:10C170002071487A6071887AA071C87AE071087E6F
:10C180002074487E6074887EA074C87EE074087F46
:10C190002073487F6073887FA073C87FE0736C3C16
:10C1A00017F0F2FEA8B1E06E19F0ACF97A4A7B4BB9
:10C1B00018F07EFF00227A4B18F066FC18F032FC73
:10C1C0007849E066884203DC4FF08441884200DA17
:10C1D000E166754DE06F294619F08CFB19F092F974
:10C1E000CDE9000171A2082104F13F00F4F784F9C0
:10C1F0002946A06F19F07EFB19F084F9CDE9000102
:10C200006AA2082104F14700F4F776F9207804F1D6
:10C210002B07410704F1310604F1380526D520F03B
:10C2200004002070606F6061E06E19F06BF9CDE979
:10C23000000160A206213846F4F75EF9206F00E0A5
:10C2400012E019F05FF9CDE900015CA20721304648
:10C25000F4F752F9606F19F055F9CDE9000157A2D2
:10C2600007212846F4F748F9BDE8FE8F616FA06802
:10C2700019F074F9A060216FE06819F06FF9E060BF
:10C28000E16E206919F06AF920612046F8F7ECFAAE
:10C29000606F6061E079401CC0B2E0710328E3D3B5
:10C2A00019F0E0FA80464146206919F0C5F902907C
:10C2B0004146E06819F0C0F983464146A06819F08C
:10C2C000BBF9824617F080FDDFF8F8904FF00008C8
:10C2D00090B317F03BFE02282FD399F8001004F119
:10C2E000A00001904A460C3804F1AC09009051B10D
:10C2F00082F80080009806F08DF8019806F08AF820
:10C30000484606F087F85146009806F0B6F85946B8
:10C31000019806F0B2F84846029906F0AEF8484691
:10C3200006F08EF80290009806F08AF8824601988E
:10C3300006F086F8834603E0FFE7012189F8001044
:10C340002046F9F72BFBE8B9029819F0DBF8CDE9A4
:10C35000000118A206213846F4F7CEF8584619F025
:10C36000D1F8CDE9000115A207213046F4F7C4F851
:10C37000504619F0C7F8CDE9000110A20721284660
:10C38000F4F7BAF884F80780C4F80880C4F80C8081
:10C39000C4F8108068E70000CDCCCCCCCCCCFC3FFE
:10C3A0000000404000000C4300007A4425352E3246
:10C3B0006600000025352E316600000025362E323D
:10C3C000660000004858002010B5002823D012480D
:10C3D000222200F8452F1022427063228270002230
:10C3E000C27002710222427104228271C1710A0A72
:10C3F00002720A0C4272090E81720D2100F8421C71
:10C400000548453002F0C6FC14F03CFEBDE8104083
:10C410000B2014F063BE10BD7C56002010B5002820
:10C4200023D012482222002300F8452F1022427008
:10C43000632282700222C2700371427104228271EF
:10C44000C1710A0A02720A0C4272090E81720D2130
:10C4500000F8421C0548453002F09CFC14F012FE26
:10C46000BDE810400B2014F039BE10BD7C560020F2
:10C4700010B5002823D012482222002300F8452FAF
:10C4800010224270632282700422C2700371022360
:10C4900043718271C1710A0A02720A0C4272090E5A
:10C4A00081720D2100F8421C0548453002F072FCF3
:10C4B00014F0E8FDBDE810400B2014F00FBE10BDD5
:10C4C0007C56002010B500281FD0104822210122E0
:10C4D00000F8451F10214170632181701221C17045
:10C4E00000210171427102238371C27101720B211B
:10C4F00000F8421C0548453002F04CFC14F0C2FD27
:10C50000BDE81040132014F0E9BD10BD7C5600209A
:10C5100010B5002824D01348222200F8452F1022FD
:10C520004270632282700622C270002202710222CF
:10C53000427104228271C1710A0A02720A0C4272AB
:10C54000090E81720D2100F8421C0648453002F0A8
:10C5500021FC14F097FDBDE810400B2014F0BEBD87
:10C5600010BD00007C5600200C4810B5222100F8B8
:10C57000451F03214170612181700021C17001714B
:10C5800010214171082100F8421C0448453002F096
:10C5900001FCBDE810400C2014F0A0BD7C5600202A
:10C5A00010B500281AD00E48222100F8451F03219B
:10C5B0004170622181700021C170017102214171BD
:10C5C000082100F8421C0648453002F0E3FB14F055
:10C5D00059FDBDE81040082014F080BD10BD0000DA
:10C5E0007C56002010B500281AD00E48222100F8F1
:10C5F000451F03214170622181700221C170002119
:10C6000001710821417100F8421C0648453002F0D2
:10C61000C1FB14F037FDBDE81040022014F05EBDF0
:10C6200010BD00007C56002010B5002818D00D4821
:10C63000222100F8451F03214170612181700021F2
:10C64000C170017110214171082100F8421C054898
:10C65000453002F09FFBBDE81040042014F03EBDC1
:10C6600010BD00007C56002010B5002824D01348CF
:10C67000222200F8452F1022427063228270082285
:10C68000C270002202710222427104228271C171C1
:10C690000A0A02720A0C4272090E81720D2100F818
:10C6A000421C0648453002F075FB14F0EBFCBDE877
:10C6B00010400B2014F012BD10BD00007C5600206D
:10C6C00010B5002827D0144A40F86C1F222102F828
:10C6D000451F10215170632191700E21D1700021EE
:10C6E000117102215171042191710178D171417848
:10C6F000117281785172C078907207480D2102F84A
:10C70000421C453002F046FB14F0BCFCBDE8104072
:10C71000122014F0E3BC10BD7C56002070B514F05C
:10C72000DBF9784C0B2804F1080572D022DC0228D2
:10C7300053D0042876D008286DD1A07904286AD176
:10C74000E079022867D105F01DFE0FF0A7FE4079C1
:10C750005E2861D00FF0A8FE294617F094FE0FF076
:10C760009DFE40795E285AD00FF09EFEBDE87040D5
:10C77000F9F715BE0C2815D0122873D013284AD10A
:10C78000E0799C2847D1207A512844D105F0FAFD60
:10C7900010F000FD03283ED1BDE8704001210220C9
:10C7A0000AF056BDA079042835D15E20F8F7B8FE0E
:10C7B0000FF074FE40795E280CD00FF075FE29460C
:10C7C00000F0A6F814F042F90FF068FEBDE87040E2
:10C7D00000F02ABB0FF062FEF1E7A07904281AD11D
:10C7E000E0790C287FD105F0CDFD0FF057FE4079A0
:10C7F0005E280BD00FF058FE0C22294617F058FE89
:10C800000FF04CFEBDE8704000F0ECBA0FF046FEB1
:10C81000F2E72BE006E066E00FF040FE9CE70FF049
:10C820003DFEA3E7A07904285DD1E07914285AD110
:10C8300005F0A8FD0FF032FE40795E280FD00FF012
:10C8400033FE294600F064F80FF028FE40795E2898
:10C8500009D00FF029FEBDE87040F9F799BD0FF03F
:10C860001DFEEEE740E00FF019FEF4E7A079102876
:10C8700039D1E0799C2836D105F084FD10F08AFC8E
:10C88000462814D008DC03280DD03F280FD04128BB
:10C890000DD0452827D10AE0472808D0482806D0DF
:10C8A000492820D103E0012102200AF0D1FC012116
:10C8B00002200AF0CDFC10F073FC80681249006978
:10C8C00000690069816010F06BFC80680F490069A5
:10C8D00000690069C16010F063FC80680421006990
:10C8E00000690069417170BDA0791028FBD1E07921
:10C8F0009C28F8D105F046FD10F04CFC3E283FF492
:10C900004BAF70BD7C5600208B6B02088F6B02080A
:10C910002DE9FE4F04007DD0487884F87400087833
:10C9200084F87500C87884F87600887884F87700F1
:10C93000487904F86C0F08796070C879A07088791C
:10C94000E070487A2071087A6071C87AA071887A9C
:10C95000E071487B2074087B6074C87BA074887B7E
:10C96000E074487C2073087C6073C87CA073887C6A
:10C97000E0736C3C17F008FBA8B1E06E18F0C2FD44
:10C980007A4A7B4B18F094FB00227A4B18F07CF823
:10C9900018F048F87849E066884203DC4FF084419B
:10C9A000884200DAE166754DE06F294618F0A2FF73
:10C9B00018F0A8FDCDE9000171A2082104F13F00A3
:10C9C000F3F79AFD2946A06F18F094FF18F09AFD2E
:10C9D000CDE900016AA2082104F14700F3F78CFDBC
:10C9E000207804F12B07410704F1310604F13805E2
:10C9F00026D520F004002070606F6061E06E18F0B2
:10CA000081FDCDE900015EA206213846F3F774FDF1
:10CA1000206F00E012E018F075FDCDE900015AA288
:10CA200007213046F3F768FD606F18F06BFDCDE924
:10CA3000000155A207212846F3F75EFDBDE8FE8FF1
:10CA4000616FA06818F08AFDA060216FE06818F09F
:10CA500085FDE060E16E206918F080FD20612046D0
:10CA6000F7F702FF606F6061E079401CC0B2E071CF
:10CA70000328E3D318F0F6FE80464146206918F0FB
:10CA8000DBFD02904146E06818F0D6FD8346414642
:10CA9000A06818F0D1FD824617F096F9DFF8F09003
:10CAA0004FF0000890B317F051FA02282FD399F8ED
:10CAB000001004F1A00001904A460C3804F1AC09C2
:10CAC000009051B182F80080009805F0A3FC019815
:10CAD00005F0A0FC484605F09DFC5146009805F085
:10CAE000CCFC5946019805F0C8FC4846029905F06F
:10CAF000C4FC484605F0A4FC0290009805F0A0FC98
:10CB00008246019805F09CFC834603E0FFE7012183
:10CB100089F800102046F8F741FFE8B9029818F0AC
:10CB2000F1FCCDE9000116A206213846F3F7E4FC3A
:10CB3000584618F0E7FCCDE9000113A20721304662
:10CB4000F3F7DAFC504618F0DDFCCDE900010EA247
:10CB500007212846F3F7D0FC84F80780C4F8088042
:10CB6000C4F80C80C4F8108068E70000CDCCCCCCB1
:10CB7000CCCCFC3F0000404000000C4300007A4455
:10CB800025352E326600000025362E326600000064
:10CB9000485800201CB50C46002832D0684601F0E9
:10CBA000A7FEDDE9000105F0CBFC164A5E2102F884
:10CBB000451F102151709C2191706221D17000217C
:10CBC00011710421517108219171010AD171107202
:10CBD000010E5172000C9072200AD0721473200E54
:10CBE0005073200C90730748112102F8421C453005
:10CBF00002F0D0F814F046FABDE81C400B2014F007
:10CC00006DBA1CBD7C5600201CB50C46002832D0E5
:10CC1000684601F06DFEDDE9000105F091FC164A61
:10CC20005E2102F8451F102151709C2191706621F0
:10CC3000D170002111710421517108219171010AF3
:10CC4000D1711072010E5172000C9072200AD072D4
:10CC50001473200E5073200C90730748112102F8B2
:10CC6000421C453002F096F814F00CFABDE81C4066
:10CC70000B2014F033BA1CBD7C5600201CB50C46AA
:10CC8000002832D0684601F033FEDDE9000105F0EE
:10CC900057FC164A5E2102F8451F102151709C2155
:10CCA00091706A21D1700021117104215171082104
:10CCB0009171010AD1711072010E5172000C9072C3
:10CCC000200AD0721473200E5073200C9073074802
:10CCD000112102F8421C453002F05CF814F0D2F940
:10CCE000BDE81C400B2014F0F9B91CBD7C56002097
:10CCF00010B500281BD00E485E2100F8451F062104
:10CD000041709C2181705121C1700021017101216C
:10CD10004171082100F8421C0548453002F03AF8FC
:10CD200014F0B0F9BDE81040132014F0D7B910BDCD
:10CD30007C5600201CB50C46002832D0684601F015
:10CD4000D7FDDDE9000105F0FBFB164A5E2102F884
:10CD5000451F102151709C2191707221D1700021CA
:10CD600011710421517108219171010AD171107260
:10CD7000010E5172000C9072200AD0721473200EB2
:10CD80005073200C90730748112102F8421C453063
:10CD900002F000F814F076F9BDE81C400B2014F006
:10CDA0009DB91CBD7C5600200D4810B55E2100F8D1
:10CDB000451F04214170752181706921C1700021D6
:10CDC00001710A214171082100F8421C04484530D4
:10CDD00001F0E0FFBDE810400C2014F07FB9000026
:10CDE0007C56002010B500281BD00E485E2100F8AC
:10CDF000451F04214170752181704521C1700021BA
:10CE0000017101214171082100F8421C054845309B
:10CE100001F0C0FF14F036F9BDE81040082014F00E
:10CE20005DB910BD7C56002010B500281BD00E48FF
:10CE30005E2100F8451F0421417075218170302169
:10CE4000C1700021017106214171082100F8421CC6
:10CE50000548453001F09EFF14F014F9BDE810407C
:10CE6000022014F03BB910BD7C56002010B50028FC
:10CE700019D00D485E2100F8451F0421417075212D
:10CE800081706921C170002101710A21417108215D
:10CE900000F8421C0448453001F07CFFBDE810401A
:10CEA000042014F01BB910BD7C5600201CB50C46A4
:10CEB000002832D0684601F01BFDDDE9000105F0D5
:10CEC0003FFB164A5E2102F8451F102151709C213C
:10CED00091707621D17000211171042151710821C6
:10CEE0009171010AD1711072010E5172000C907291
:10CEF000200AD0721473200E5073200C90730748D0
:10CF0000112102F8421C453001F044FF14F0BAF838
:10CF1000BDE81C400B2014F0E1B81CBD7C5600207D
:10CF200010B5002827D0144A40F86C1F5E2102F883
:10CF3000451F102151709C2191707A21D1700021E0
:10CF4000117102215171042191714178D1710178DF
:10CF50001172C17851728078907207480D2102F8E1
:10CF6000421C453001F016FF14F08CF8BDE810406B
:10CF7000122014F0B3B810BD7C560020FCF7AEFDB3
:10CF8000FEE72DE9F04387B00DF1380E81469EE8AB
:10CF9000E011DDE91304CDE904C08DE8E001484665
:10CFA00000F0C0F8216859B1896981612168416147
:10CFB0002168896948612168886107B0BDE8F0830C
:10CFC0002060FAE770B504460068002808D045697B
:10CFD000F3F797F9216828468142F8D100202060B4
:10CFE00070BD10B5002808D08279836940698342FA
:10CFF000847902FB0142F9D1104610BD10B500281A
:10D0000010D08279084C53B2432B237001D0442BAB
:10D0100000D10022836940698342847902FB014286
:10D02000F9D1104610BD0000D85500202DE9FE436F
:10D0300088460746040062D0374E10256078D0B18C
:10D0400001283AD0022802D0032855D159E020788F
:10D05000B8F1000F00F0010009D00095CDE90150B2
:10D060006379E268E178A078FBF7B0FC44E0CDE9B1
:10D07000005022693BE02078800712D5A0790A2869
:10D0800001D2303000E038303070002070702078ED
:10D09000082300F00100CDE90050E178A0781E4A95
:10D0A00028E0A1790A20B1FBF0F230323270B1FBF6
:10D0B000F0F200FB12103030E8E710F06BF81128A6
:10D0C00002D0122818D109E02078082300F00100CE
:10D0D000CDE90050E178A078104A0BE020781049A3
:10D0E00000F00100CDE90050A07951F82020E1784E
:10D0F000A0780823FBF7CEFC6469BC429ED1BDE852
:10D10000FE832078009500F00100CDE90150A1795F
:10D11000E06863794218A5E7D9550020A66E020899
:10D12000005500202DE9F05F0746DDE90E8A1C4618
:10D1300015460E462020DDF830B0DDF82890F3F7D4
:10D14000B1F8002813D0406180618770C670C56057
:10D15000447180F806B00D99C17180F80880C0F85C
:10D16000109002786AF3410202700B994170BDE899
:10D17000F09F00000C48A0F19802C168916100295D
:10D1800006D0886928B1D061017841F001010170B1
:10D19000704790690069906183690BB11846F2E7A6
:10D1A0008142F6D170470000B85500202DE9F041CA
:10D1B000044613F091FC811EF848F94DF94E0427FE
:10D1C00000F10808172977D2DFE801F02DF18EF180
:10D1D00067F1F8F1F1F90CF6F5F1F4C4F1F3F1C4EB
:10D1E000F1E2F6008079032866D12046F8F798F935
:10D1F00013F02CFC1D2C6FD00FF050F94079A04299
:10D200000BD10FF04BF90AE00FF048F901E00FF0F5
:10D210004BF9BDE8F04100F0C9BC0FF045F9BDE89D
:10D22000F04101F0CDB88079032845D105F0AAF886
:10D230001D2C07D00FF032F94079A04219D10FF020
:10D240002DF918E00FF02AF940791D2805D00FF0CC
:10D250002BF9414600F00EFD03E10FF01FF9F8E74E
:10D260000FF01CF901E00FF01FF9BDE8F04100F0EC
:10D27000DFBC0FF019F9C949093101F036F90FF097
:10D280000DF94079A04202D10FF008F901E00FF04A
:10D290000BF9BDE8F04101F071B8807903280BD19A
:10D2A00005F070F81D2C08D00FF0F8F84079A04276
:10D2B00013D10FF0F3F812E079E00FF0EFF84079B6
:10D2C0001D2806D00FF0F0F84146BDE8F04100F00F
:10D2D0002FBD0FF0E3F8F7E753E00FF0E5F8414614
:10D2E000BDE8F04101F0AEB8807903285FD105F0C8
:10D2F00049F81D2C07D00FF0D1F84079A0421ED17B
:10D300000FF0CCF81DE00FF0C9F840791D280AD0C5
:10D310000FF0CAF8414600F0D7FA0FF0BFF8407995
:10D320001D2803D005E00FF0B9F8F3E70FF0B6F8C9
:10D3300001E00FF0B9F8BDE8F041F9F729B80FF0B6
:10D34000B3F8414600F0EEFE0FF0A8F84079A04295
:10D35000EFD1EBE78079062829D105F013F80FF01B
:10D3600019FF2B2807D00FF015FF2A2803D00FF044
:10D3700011FF2D2803D10121022009F069FF1D2C86
:10D3800015D10FF08BF840791D287FF440AF3BE7B3
:10D39000807910280BD104F0F5FF0FF0FBFE2C284C
:10D3A00003D10121022009F053FF1D2C59D0BDE803
:10D3B000F0818FE071E05BE031E000E0CBE080796C
:10D3C0001028F4D104F0DEFF0FF0E4FE582807D057
:10D3D0000FF0E0FE592803D00FF0DCFE5A2812D1DE
:10D3E0000121022009F034FF0FF0DAFE80680069A5
:10D3F00085600FF0D5FE80680069C6600FF0D0FE32
:10D400008068006947711D2CD1D09DE00FF046F86F
:10D4100001E00FF049F8BDE8F04100F071BF8079FC
:10D420001028C4D104F0AEFF0FF0B4FE5E2803D084
:10D430000FF0B0FE432812D10121022009F008FFAD
:10D440000FF0AEFE8068006985600FF0A9FE80686D
:10D450000069C6600FF0A4FE8068006947711D2C4A
:10D4600072D10FF01BF840791D287FF4FCAEF7E66F
:10D47000807906289BD104F085FF1D2C97D10FF0F1
:10D480000DF840791D2805D00FF00EF8BDE8F041E9
:10D4900000F026BE0FF002F8F8E78079062886D162
:10D4A00004F070FF0FF076FE422880D101210220A7
:10D4B00009F0CEFE0FF074FE8068006985600FF001
:10D4C0006FFE80680069C6600FF06AFE80680069C0
:10D4D00047716CE780791028FBD104F053FF1D2CB5
:10D4E00004D00FF057FE03280FD012E00EF0D6FF45
:10D4F00040791D2806D00EF0D7FFBDE8F04100218D
:10D5000000F026BD0EF0CAFFF7E70121022009F066
:10D510009FFE0FF03FFE5E2803D00FF03BFE432836
:10D5200012D10121022009F093FE0FF039FE80682C
:10D53000006985600FF034FE80680069C6600FF0F6
:10D540002FFE8068006947710EF0A8FF4079A04265
:10D550007FF45FAF5AE780791D2C0BD00328B8D138
:10D5600004F010FF0EF09AFF4079A04210D10EF0A7
:10D5700095FF0FE01028ACD104F004FF0FF00AFE75
:10D580000328A6D1BDE8F0410121022009F060BEC8
:10D590000EF08AFF414600F08FFFD5E77C56002051
:10D5A0008B6B02088F6B020810B513F095FA3B499C
:10D5B00004282FD00B284ED00C2813D0132825D1A7
:10D5C000C8790B2822D1087A33281FD104F0DAFE5B
:10D5D0000FF0E0FD032819D10121BDE81040022021
:10D5E00009F036BE8879032810D10920F7F798FF93
:10D5F00013F02CFA0EF052FF4079092807D00EF0F4
:10D6000053FFF8F7CCFE26490020087010BD0EF03D
:10D6100045FFF6E788790328F8D104F0B3FE0EF051
:10D620003DFF4079092810D00EF03EFF1B4908311C
:10D6300000F03CF80EF032FF4079092808D00EF0D7
:10D6400033FFBDE81040F8F7A3BE0EF027FFEDE76B
:10D650000EF024FFF5E788790628D7D1C8790B2882
:10D66000D4D104F08FFE0FF095FD5E28CED10121BC
:10D67000022009F0EDFD0FF093FD80680949006973
:10D6800081600FF08DFD806807490069C1600FF06F
:10D6900087FD806804210069417110BD7C5600201F
:10D6A0002C5500208B6B02088F6B02082DE9F04788
:10D6B000040066D0487884F89000087884F89100D7
:10D6C000B4F99060304618F0B5F8014660672078EC
:10D6D00004F1380542070BD520F004002070616189
:10D6E00033462846BDE8F04727A20621F2F704BFDB
:10D6F000B4F892003044A4F892002046F7F7B4F84A
:10D70000B4F9900018F096F86061E079401CC0B25E
:10D71000E071032835D3B4F9921091FBF0F006B212
:10D7200016F05EFB194F4FF00009D0B116F01AFC4D
:10D73000022816D3387804F1940820B187F80090B5
:10D74000404604F067FE304618F074F80146404643
:10D7500004F093FE404604F073FE18F02FF806B272
:10D7600001E0012038702046F8F718F928B933464F
:10D7700005A206212846F2F7BFFE84F80790A4F818
:10D780009290BDE8F08700002535640048580020DD
:10D7900010B500281AD00E48092200F8452F06229D
:10D7A00042700B2282700122C2700A0A027141711A
:10D7B000082100F8421C0648453001F0EBFA13F04E
:10D7C00061FCBDE810400B2013F088BC10BD0000C8
:10D7D0007C56002010B500281BD00E48092100F807
:10D7E000451F062141700B2181703321C17000213A
:10D7F000017101214171082100F8421C05484530A2
:10D8000001F0C8FA13F03EFCBDE81040132013F0FD
:10D8100065BC10BD7C5600200C4810B5092100F8ED
:10D82000451F032141700B2181700021C1700171DE
:10D8300001214171082100F8421C0448453001F0E3
:10D84000A9FABDE810400C2013F048BC7C5600201B
:10D8500010B5002818D00D48092100F8451F0321F4
:10D8600041700B2181700021C17001710121417152
:10D87000082100F8421C0548453001F08BFABDE84C
:10D880001040042013F02ABC10BD00007C5600207C
:10D890000C4810B51D2100F8451F032141700021DF
:10D8A00081702B22C270017101214171082100F8A1
:10D8B000421C0448453001F06DFABDE810400C20D0
:10D8C00013F00CBC7C5600202DE9F04F85B004000D
:10D8D0005CD0487884F87400087884F87500C878BB
:10D8E00084F87600887884F87700487984F86C00AA
:10D8F000087984F86D00C87984F86E00887984F816
:10D900006F00487A84F87000087A84F87100C87A49
:10D9100084F87200887A84F873002078DFF8B8A160
:10D9200004F13801DFF8B4B1420704F12B0604F129
:10D93000310504912DD520F004002070606F6061E6
:10D94000E06E17F0DFFDCDE9000165A2062130464B
:10D95000F2F7D2FD206F17F0D5FDCDE9000162A2EC
:10D9600007212846F2F7C8FD606F504503DB17F02A
:10D97000C9FD5FA204E05845F9DB17F0C3FD5EA2C4
:10D98000CDE9000107210498F2F7B6FD05B0BDE826
:10D99000F08F616FA06817F0E1FDA060216FE06873
:10D9A00017F0DCFDE060E16E206917F0D7FD206123
:10D9B0002046F6F759FF606F6061E079401CC0B205
:10D9C000E0710328E2D317F04DFF0746394620697E
:10D9D00017F032FE01903946E06817F02DFE0290F4
:10D9E0003946A06817F028FE074616F0F3F9DFF86D
:10D9F00010914FF0000890B316F0AEFA02282FD322
:10DA000099F8001004F1A00003904A460C3804F184
:10DA1000AC09009051B182F80080009804F0FAFC43
:10DA2000039804F0F7FC484604F0F4FC39460098EB
:10DA300004F023FDDDE9021004F01FFD48460199C2
:10DA400004F01BFD484604F0FBFC0190009804F034
:10DA5000F7FC0746039804F0F3FC029003E0FFE7AD
:10DA6000012189F800102046F7F798FF50BB019874
:10DA700017F048FDCDE9000119A206213046F2F762
:10DA80003BFD029817F03EFDCDE9000116A20721EB
:10DA90002846F2F731FD574504DB384617F032FDD2
:10DAA00011A209E05F45384603DB17F02BFD12A2F7
:10DAB00002E017F027FD0EA2CDE90001072104982E
:10DAC000F2F71AFD84F80780C4F80880C4F80C80C7
:10DAD000C4F810805AE700000000C842000020414E
:10DAE00025352E316600000025362E3166000000F7
:10DAF00025362E336600000025362E3266000000E3
:10DB00004858002070B500284DD027481D23032415
:10DB100080F84530102380F846300023062580F831
:10DB20004730012A25D0022A30D0352280F84820FB
:10DB300080F8493080F84A4080F84B5080F84C30EB
:10DB4000312280F84D200A0A00F84E2F0A0E41704B
:10DB50008270090CC1700F2100F84B1C124845302F
:10DB600001F018F913F08EFABDE870400B2013F0A5
:10DB7000B5BA2F2280F8482080F8493080F84A4012
:10DB800080F84B5080F84C301122DAE7322280F8CE
:10DB9000482080F8493080F84A4080F84B5080F89F
:10DBA0004C302122CDE770BD7C56002010B50028F6
:10DBB0001AD00E481D21242200F8451F0321417070
:10DBC00000218170C270017107214171082100F8A4
:10DBD000421C0648453001F0DDF813F053FABDE869
:10DBE0001040022013F07ABA10BD00007C560020CD
:10DBF00010B5002818D00D481D21022200F8451F3D
:10DC00000321417000218170C270017106214171B0
:10DC1000082100F8421C0548453001F0BBF8BDE87A
:10DC20001040042013F05ABA10BD00007C560020AA
:10DC300010B500281AD00E481D210C2200F8451FEF
:10DC40000321417000218170C27001711421417162
:10DC5000082100F8421C0648453001F09BF813F0FB
:10DC600011FABDE81040062013F038BA10BD0000CC
:10DC70007C5600202DE9FC410C4605004BD0607815
:10DC8000264F60F30706207825A260F30F263E801A
:10DC9000E078062160F30706A07860F30F26B3B2A0
:10DCA0007B8005F14700F2F727FCE0791DA260F3C5
:10DCB0000706A079052160F30F26BE80607A60F325
:10DCC0000706207A60F30F26FE80E07A274660F38D
:10DCD0000706A07A60F30F26607BB3B260F30707F4
:10DCE000207B60F30F2705F11E00F2F705FC0E49BB
:10DCF0000020CDE900010DA2052105F11900F2F780
:10DD0000FBFB02B0BBB205F15600BDE8F04105A235
:10DD10001121F2F7F1BBBDE8FC810000945800200E
:10DD200025346400256400000000F03F25660000F3
:10DD30007CB50C46050077D0607860F30706207844
:10DD400060F30F26E07860F31746A07860F31F6653
:10DD5000AE67607960F30706207960F30F26E079FB
:10DD600060F31746A07960F31F66EE67607B60F38F
:10DD70000706207B60F30F26E07B60F31746A07B4D
:10DD800060F31F66C5F88060607C60F30706207C46
:10DD900060F30F26E07C60F31746A07C60F31F66FB
:10DDA000C5F88460607D60F30706207D60F30F2670
:10DDB000E07D60F31746A07D60F31F66C5F88C60B8
:10DDC000607F60F30706207F60F30F26E07F60F33B
:10DDD0001746A07F60F31F66304617F093FBCDE92E
:10DDE000000112A2072105F13F00F2F785FB94F82C
:10DDF000250060F3070694F8240060F30F2694F8DA
:10DE0000270060F3174694F8260060F31F6630463B
:10DE100017F078FBCDE9000104A2072105F14F00BE
:10DE2000F2F76AFB034886607CBD000025362E3180
:10DE3000660000009458002010B500281AD00E4843
:10DE40001D2200F8452F06224270002282702522F2
:10DE5000C2700A0A02714171082100F8421C06488A
:10DE6000453000F097FF13F00DF9BDE810400D208C
:10DE700013F034B910BD00007C56002010B5002806
:10DE800019D00D481D22262300F8452F0622427086
:10DE900000228270C37002714171082100F8421C97
:10DEA0000548453000F076FF13F0ECF8BDE810406F
:10DEB0000E2013F013B910BD7C56002010B50028B9
:10DEC00019D00D481D22242300F8452F0622427048
:10DED00000228270C37002714171082100F8421C57
:10DEE0000548453000F056FF13F0CCF8BDE810406F
:10DEF000152013F0F3B810BD7C56002010B5002893
:10DF000023D012481D220C2300F8452F1022427006
:10DF100000228270C3700271022242710422827157
:10DF20000A0AC27101720A0E4272090C81720D2135
:10DF300000F8421C0548453000F02CFF13F0A2F811
:10DF4000BDE81040182013F0C9B810BD7C56002061
:10DF500010B5002823D012481D220C2300F8452FAD
:10DF60001022427000228270C3700271022242713C
:10DF7000042282710A0AC27101720A0E4272090CED
:10DF800081720D2100F8421C0548453000F002FF67
:10DF900013F078F8BDE81040082013F09FB810BDCA
:10DFA0007C56002010B5002823D012481D221623CD
:10DFB00000F8452F1022427000228270C370027157
:10DFC00002224271042282710A0AC27101720A0E8F
:10DFD0004272090C81720D2100F8421C054845303F
:10DFE00000F0D8FE13F04EF8BDE81040182013F0F2
:10DFF00075B810BD7C56002010B5002823D01248FB
:10E000001D22162300F8452F102242700022827034
:10E01000C370027102224271042282710A0AC27123
:10E0200001720A0E4272090C81720D2100F8421C25
:10E030000548453000F0AEFE13F024F8BDE810406E
:10E04000132013F04BB810BD7C56002010B50028EB
:10E0500019D00D481D22282300F8452F06224270B2
:10E0600000228270C37002714171082100F8421CC5
:10E070000548453000F08EFE13F004F8BDE810406E
:10E08000112013F02BB810BD7C56002010B50028CD
:10E0900023D012481D221E2300F8452F1022427063
:10E0A00000228270C37002710222427104228271C6
:10E0B0000A0AC27101720A0E4272090C81720D21A4
:10E0C00000F8421C0548453000F064FE12F0DAFF0B
:10E0D000BDE81040172013F001B810BD7C56002099
:10E0E00010B500281AD00E481D21262200F8451F21
:10E0F0000621417000218170C27001712921417196
:10E10000082100F8421C0648453000F043FE12F09A
:10E11000B9FFBDE81040102012F0E0BF10BD0000B4
:10E120007C5600202DE9FE4F040055D0087984F874
:10E130007400487984F87500887984F87600C87985
:10E1400084F87700087884F86C00487884F86D00CB
:10E15000887884F86E00C87884F86F00606F0025B6
:10E16000B0F5000F00DA65672078DFF86C9104F1F4
:10E170003801DFF868A1420704F12B0602912DD582
:10E1800020F004002070606F6061E06E17F0BAF953
:10E19000CDE9000152A206213046F2F7ADF9606FD9
:10E1A00048450ADB17F026FB83B2029803B04EA263
:10E1B000BDE8F04F0721F2F79FB9504503DB17F098
:10E1C000A1F94AA202E017F09DF94AA2CDE90001A7
:10E1D00007210298F2F790F9BDE8FE8F616FA06801
:10E1E00017F0BCF9A060E16E206917F0B7F9206163
:10E1F0002046F6F739FB606F6061E079401CC0B2E1
:10E20000E0710328E8D317F02DFB07463946206953
:10E2100017F012FA83463946A06817F00DFA074640
:10E2200015F0D8FDDFF8D48020B315F095FE022854
:10E2300020D398F80020404604F1940104F1AC0882
:10E24000009132B10570009804F0E4F8404604F003
:10E25000E1F83946009804F010F95946404604F0B8
:10E260000CF9404604F0ECF88346009804F0E8F816
:10E27000074602E0012188F800102046F7F78EFBE0
:10E2800028BB584617F03EF9CDE9000114A206213B
:10E290003046F2F731F94F4509DB384617F0AAFA54
:10E2A00083B211A207210298F2F726F90FE0574531
:10E2B000384603DB17F026F90CA202E017F022F92A
:10E2C0000CA2CDE9000107210298F2F715F9E571DA
:10E2D000A560256180E7000000007A440000C84284
:10E2E00025352E31660000002536640025362E3196
:10E2F0006600000025362E326600000048580020D7
:10E3000010B500281AD00E484E2100F8451F0321F1
:10E310004170112181700021C1700171042141718E
:10E32000082100F8421C0648453000F033FD12F089
:10E33000A9FEBDE81040062012F0D0BE10BD0000BE
:10E340007C5600200C4810B54E2100F8451F0321D3
:10E350004170302181700021C17001710121417132
:10E36000082100F8421C0448453000F013FDBDE8C8
:10E3700010400C2012F0B2BE7C56002010B50028D0
:10E380001AD00E484E2100F8451F03214170072185
:10E3900081700021C170017102214171082100F8D2
:10E3A000421C0648453000F0F5FC12F06BFEBDE85B
:10E3B0001040082012F092BE10BD00007C560020D4
:10E3C00010B500281AD00E484E2100F8451F032131
:10E3D0004170092181700021C170017107214171D3
:10E3E000082100F8421C0648453000F0D3FC12F02A
:10E3F00049FEBDE81040022012F070BE10BD0000C2
:10E400007C56002010B5002818D00D484E2100F889
:10E41000451F03214170262181700021C1700171C7
:10E4200004214171082100F8421C0548453000F0E4
:10E43000B1FCBDE81040042012F050BE10BD000039
:10E440007C5600207CB50D4604002FD0287884F837
:10E450008800687884F88900A87884F88A00E878C9
:10E4600084F88B00D4F8880017F04CF8CDE900014F
:10E470000FA2072104F14F00F2F73EF8287984F843
:10E480008C00687984F88D00A87984F88E00E8798A
:10E4900084F88F00D4F88C0017F034F8CDE900012F
:10E4A00003A2072104F14700F2F726F87CBD000023
:10E4B00025362E326600000010B5002814D00A78E8
:10E4C0002E2430328277C4774A78303280F8202088
:10E4D000002280F821208B78303300F8193F4470F7
:10E4E000C97830318170C27010BD10B50022841817
:10E4F0008B5C521CD2B284F856300C2AF7D310BD74
:10E5000010B500282AD016484E23002400F8453FB5
:10E510001023437011238370C47004710424447168
:10E5200008248471C1710C0A04720C0C4472090E27
:10E530008172C272110A0173110C4173110E817341
:10E5400000F8423C06481946453000F023FC12F022
:10E5500099FDBDE81040132012F0C0BD10BD0000B1
:10E560007C5600202DE9F04387B00DF1380E81462E
:10E570009EE8E011DDE91304CDE904C08DE8E00177
:10E58000484600F0F1F8216859B1496941612168B4
:10E5900001612168496908612168486107B0BDE8E7
:10E5A000F0832060FAE700002DE9F0410546046899
:10E5B0000B48002707604760286800280ED02669AE
:10E5C000A06918B104F11800FEF7FCFC2046F1F731
:10E5D00098FE28683446A042F1D12F60BDE8F08152
:10E5E000D05500202DE9FE4F154602000F464FF092
:10E5F000010073D04A4E316809B1716859B932606F
:10E6000072607168096971600969914203D0401CA8
:10E61000C0B20728F5D334684FF08341284694F8F8
:10E62000038016F09BFF83464FF08441284616F086
:10E6300095FF82461025B146E1785E46A1EB0800C1
:10E6400017F0F8F8314617F055F90146504616F024
:10E6500085FF17F0CFF8C6B2207881070BD500F000
:10E66000010206F11100C1B2701EC0B20EF0DEFA56
:10E67000102015F0F3F9207801070AD500F0010009
:10E680000095CDE90150A37831460020A268FAF741
:10E690009DF9607802280FD0012828D03FB3207858
:10E6A000009500F00100CDE90150A378314600202B
:10E6B000A268FAF78BF925E01FB91A48E26882428E
:10E6C0000DD12078009500F00100CDE90150A3782C
:10E6D00031460020A268FAF7B9F913E01DE020786E
:10E6E000082300F00100CDE90050314607E0207812
:10E6F000082300F00100CDE90050E2683146002017
:10E70000FAF7C8F9A06910B13946FEF78FFCD9F8BD
:10E71000040024690069A0428ED1BDE8FE8F00008C
:10E72000D0550020607C02080E4910B5A1F1980375
:10E73000CA689A61002A06D0D178814204D1107843
:10E7400040F00100107010BD996909699961CC7899
:10E75000844204D1087840F00100087010BD8A425C
:10E76000F2D110BDB85500202DE9F05F0746DDE974
:10E770000D8ADDE90A9B1C4615460E461C20F1F762
:10E7800091FD002816D000614061C77080F80490A8
:10E7900001780C9A21F001016BF3410162F38201CF
:10E7A00068F3C301017080F801A086608570C460C1
:10E7B0000F998161BDE8F09F7047000038B51C4A91
:10E7C000002112681B4C12F0F00F23D1184A1C32A2
:10E7D0001368DD00184B03D51A6802F4C0530EE02D
:10E7E000156845F080551560156805F08055009551
:10E7F0001B68156803F4C05325F080551560B3F508
:10E80000C05F07D1B0F5404F04D12068012140F02E
:10E8100004002060206820F0010008432060206888
:10E8200000F00100884201D0012038BD002038BD31
:10E8300008380240003C02400070004070B515F0FE
:10E84000E5F900282CD017491648491E4078097868
:10E85000884225D1144D00224FF400412846FAF792
:10E860002CFF0020F9F74CFF0024FAF7B9F9641CDB
:10E87000E4B2C82CF9D310210C48FAF711FF28B1E3
:10E88000012280210A48FAF718FFFEE78021284676
:10E89000FAF706FF012803D0BDE87040FAF7E2BF9F
:10E8A00070BD00000D57002000000240000802402B
:10E8B000001002400148C078704700000D5700204A
:10E8C00001488078704700000D57002001484078CB
:10E8D000704700000D570020014840797047000044
:10E8E0000D57002001480078704700000D570020A8
:10E8F000044951F8012F02608A88828089798171E8
:10E90000704700000C570020014800797047000054
:10E910000D57002001488079704700000D570020F6
:10E92000054949780844C0B23C2800D33C38024924
:10E93000491E0870704700000D57002038B5044686
:10E940001248134D4FF47A730068B0FBF5F058434A
:10E9500000906068B0F5827F0DD10B4600920022D6
:10E960008021204600F016F870B1606D40F0200064
:10E970006065032038BD009830B1401E00902068CB
:10E980008068C0430006F6D5002038BD1000002086
:10E9900000366E012DE9F8431E469146884604462E
:10E9A000089DFAF78FFE401B351AFAF78BFE0746D3
:10E9B00025480068C0F3CB30684338E0701C37D07E
:10E9C000FAF780FEC01BA84203D215B1009860B3CD
:10E9D0002CE02068416821F0E00141606068B0F5FA
:10E9E000827F0BD1A068B0F5004F02D0B0F5806FE8
:10E9F00004D12068016821F040010160A06AB0F5EF
:10EA0000005F09D12068016821F40051016020688D
:10EA1000016841F400510160012084F85100002098
:10EA200084F850000320BDE8F8830025401E0090C4
:10EA30002068816838EA010004D000204845BDD133
:10EA40000020F0E70120F9E71000002070470000E7
:10EA500070B5184C184D194E60686968884218D115
:10EA600012F034F810F062FA0DF01EFD58B1706823
:10EA700060603078207012F029F810F057FA68685A
:10EA8000606028782070BDE870400121084608F0D9
:10EA9000DFBB12F01BF810F049FA68686060287854
:10EAA000207012F013F810F041FA7068606030784E
:10EAB000E8E700004C580020545800205C58002023
:10EAC00070B5584C002560790E2874D00026607906
:10EAD00040B9012010F0B0F908B101208FE0607951
:10EAE000401C6071C0B2012808D1022010F0A4F9C6
:10EAF00008B1022083E06079401C6071C0B2022836
:10EB000008D1032010F098F908B1032077E060796C
:10EB1000401C6071C0B2032808D1042010F08CF9A9
:10EB200008B104206BE06079401C6071C0B2042819
:10EB300008D1052010F080F908B105205FE0607968
:10EB4000401C6071C0B2052808D1062010F074F98D
:10EB500008B1062053E06079401C6071C0B20628FD
:10EB600008D1072010F068F908B1072047E0607964
:10EB7000401C6071C0B2072808D1082010F05CF971
:10EB800008B108203BE06079401C6071C0B20828E1
:10EB900008D1092010F050F908B109202FE0607960
:10EBA000401C6071C0B2092809D10A2010F044F954
:10EBB00010B10A2023E023E06079401C6071C0B2EC
:10EBC0000A2808D10B2010F037F908B10B2016E005
:10EBD0006079401C6071C0B20B2808D10C2010F085
:10EBE0002BF908B10C200AE06079401C6071C0B2BA
:10EBF0000C2809D10D2010F01FF910B10D20607103
:10EC000070BD6079401C6071C0B20D2803D0002D2A
:10EC10003FF45DAF70BD002010F00EF96671002862
:10EC2000F5D070BD2055002070B5594C0025607995
:10EC30000E2873D00D2610F0FF0002D0012807D057
:10EC40000FE00D2010F0F8F86671002866D190E012
:10EC5000002010F0F1F808B100208FE06079401E2C
:10EC60006071C0B2022808D1012010F0E5F808B1A7
:10EC7000012083E06079401E6071C0B2032808D192
:10EC8000022010F0D9F808B1022077E06079401E28
:10EC90006071C0B2042808D1032010F0CDF808B18B
:10ECA00003206BE06079401E6071C0B2052808D176
:10ECB000042010F0C1F808B104205FE06079401E24
:10ECC0006071C0B2062808D1052010F0B5F808B16F
:10ECD000052053E06079401E6071C0B2072808D15A
:10ECE000062010F0A9F808B1062047E06079401E20
:10ECF0006071C0B2082808D1072010F09DF808B153
:10ED000007203BE06079401E6071C0B2092809D13C
:10ED1000082010F091F810B108202FE02FE0607962
:10ED2000401E6071C0B20A2808D1092010F084F892
:10ED300008B1092022E06079401E6071C0B20B2842
:10ED400008D10A2010F078F808B10A2016E060799E
:10ED5000401E6071C0B20C2808D10B2010F06CF876
:10ED600008B10B200AE06079401E6071C0B20D2826
:10ED700009D10C2010F060F810B10C20607170BD4A
:10ED80006079401E6071002D3FF455AF70BD0000EA
:10ED90002055002030B505460C46881E81B2284615
:10EDA000F5F732FD291901F8020D000A487030BD4F
:10EDB0000149C87070470000A05800200149487000
:10EDC00070470000A05800200149C880704700002B
:10EDD000A05800200149087070470000A05800208A
:10EDE000034942F210729042888000DB8A807047AB
:10EDF000A05800200149887070470000A0580020EA
:10EE0000BC224FF44071014800F0E0BF207C00209C
:10EE10000149086070470000885800207CB5002533
:10EE2000102408234E4A29462846CDE90045F9F723
:10EE300031FEFFF74BFD0646FFF742FD034649A2B0
:10EE4000062147480096F1F757FB11F03FFE0121DC
:10EE50000F2819D2DFE800F00F1C242C343C444C5E
:10EE6000545C646C747C080008230021404A3C20F8
:10EE7000CDE9004506E0CDE900413D4A0823623A6C
:10EE800000213C20F9F706FEBDE87C400DF0F2BF02
:10EE9000CDE90041364A08235B3A00213C20F1E7E6
:10EEA000CDE90041324A0823543A00213C20E9E7E9
:10EEB000CDE900412E4A08234D3A00213C20E1E7EC
:10EEC000CDE900412A4A0823463A00213C20D9E7EF
:10EED000CDE90041264A08233F3A00213C20D1E7F2
:10EEE000CDE90041224A0823383A00213C20C9E7F5
:10EEF000CDE900411E4A0823313A00213C20C1E7F8
:10EF0000CDE900411A4A08232A3A00213C20B9E7FA
:10EF1000CDE90041164A0823233A00213C20B1E7FD
:10EF2000CDE90041124A08231C3A00213C20A9E700
:10EF3000CDE900410E4A0823153A00213C20A1E703
:10EF4000CDE900410A4A08230E3A00213C2099E706
:10EF5000CDE90041064A0823D21F00213C2091E759
:10EF600081550020253032643A253032640000009B
:10EF7000A06F0208FAF7DEBB00B593B034216846F3
:10EF8000F1F755FC14210DA8F1F751FC1848016860
:10EF900021F4C05141F4006101600B200090012078
:10EFA00010210190CDE90301059002200990C003D2
:10EFB0000A904FF440200B9088040C906846FAF7B2
:10EFC0009BFD08B172B6FEE70F200D9003200E9056
:10EFD00000200F901090119001210DA8FAF756FC17
:10EFE00008B172B6FEE7FAF721FD13B000BD0000CC
:10EFF00000700040704700000148FBF723BA000092
:10F0000064590020F0B502684FF0804C184C194D3F
:10F01000194E1A4F604507D0A04205D0A84203D030
:10F02000B04201D0B84205D122F070034A681A43B9
:10F0300060450DD0A0420BD0A84209D0B04207D005
:10F04000B84205D00E4B984202D00E4B984203D1E5
:10F0500022F44073CA681A430B6922F080021A43F3
:10F0600002608A68C2620968816201214161F0BD63
:10F070000004004000080040000C0040000801406F
:10F08000000C01400010014010B5846842EA0322E0
:10F0900024F47F440A432243826010BD826822F038
:10F0A00070020A4342F007018160704710B5046A9C
:10F0B000036A23F001030362836923F0F00343EA48
:10F0C000021324F00A020A438361026210BD10B5E4
:10F0D000036A23F0100303628469036A24F4704412
:10F0E00044EA023223F0A00343EA01118261016283
:10F0F00010BD000070B511F0EFFC7C4C0C2804F141
:10F10000080537D01ADC02284FD004287ED0082802
:10F1100067D00B287BD1A079102878D1E0799C2882
:10F1200075D103F02FF90EF035F8032870D0582868
:10F130001AD0592818D05A2869D115E0122868D059
:10F14000132867D0192862D1A07904285FD103F071
:10F1500019F90EF01FF8582803D0592801D05A2861
:10F1600055D1607A01287CD00DF098F9BDE8704047
:10F1700000F092BAA079042849D15B20F6F7D0F9C3
:10F1800011F064FC0DF08AF940795B280AD00DF08B
:10F190008BF9294600F0B0F80DF080F9BDE8704019
:10F1A00000F038BA0DF07AF9F3E7A07904287FD19E
:10F1B000E0790C287CD103F0E5F80DF06FF9407987
:10F1C0005B280BD00DF070F90C22294615F070F970
:10F1D0000DF064F9BDE8704000F0FAB90DF05EF989
:10F1E000F2E7A079042863D103F0CCF80DF056F9CA
:10F1F00040795B2815D00DF057F9294615F043F9F1
:10F200000DF04CF940795B280ED004E00FE04FE0A0
:10F2100065E04EE057E00DF047F9BDE87040F7F7C4
:10F22000BEB80DF03BF9E8E70DF038F9F5E7A07945
:10F2300004283DD1E07908283AD103F0A3F80DF075
:10F240002DF940795B2811D00DF02EF9294600F0F8
:10F2500053F80DF023F940795B280AD00DF024F91A
:10F2600000E009E0BDE87040F7F792B80DF016F93C
:10F27000ECE70DF013F9F3E70121022007F0E8FFB6
:10F280000DF08EFF80681A4900690069006981608D
:10F290000DF086FF80681749006900690069C16048
:10F2A0000DF07EFF806804210069006900694171EA
:10F2B00070BDE0799C28FBD103F064F80DF06AFF83
:10F2C0003E280CD070BDE0799C28FBD1207A5128D3
:10F2D000F8D103F057F80DF05DFF0328F2D1BDE837
:10F2E00070400121022007F0B3BF00007C560020CF
:10F2F0008B6B02088F6B02082DE9FF5F040052D070
:10F30000487884F87400087884F87500C87884F820
:10F310007600887884F87700487984F87C0008794A
:10F3200084F87D00C87984F87E00887984F87F00AD
:10F330006549E06F16F0DEFA16F0E4F8CDE9000159
:10F3400062A2082104F13F00F1F7D6F80025E56636
:10F350002567207804F12B08420704F1310704F1F6
:10F36000380622D520F004002070606F6061002014
:10F37000CDE9000055A206214046F1F7BDF8206F07
:10F3800016F0C0F8CDE9000152A207213846F1F786
:10F39000B3F8606F16F0B6F8CDE900014DA2072171
:10F3A0003046F1F7A9F8BDE8FF9F616FA06816F03D
:10F3B000D5F8A0602946E06816F0D0F8E06029464C
:10F3C000206916F0CBF820612046F5F74DFA606F02
:10F3D0006061E079401CC0B2E0710328E3D316F00D
:10F3E00041FA81464946206916F026F98346494686
:10F3F000E06816F021F982464946A06816F01CF92B
:10F40000029014F0F3FCDFF8D49088B314F0B0FD50
:10F4100002282ED399F8001004F1A00000904A466B
:10F420000C3804F1AC09039049B11570039802F04F
:10F43000F1FF009802F0EEFF484602F0EBFFDDE935
:10F44000021003F01AF85146009803F016F85946D6
:10F45000484603F012F8484602F0F2FF834603984C
:10F4600002F0EEFF0290009802F0EAFF824603E00D
:10F47000FFE7012189F800102046F6F78FFAE8B976
:10F48000584616F03FF8CDE9000110A2062140468B
:10F49000F1F732F8504616F035F8CDE900010DA22B
:10F4A00007213846F1F728F8029816F02BF8CDE935
:10F4B000000108A207213046F1F71EF8E571A560AA
:10F4C000E56025616FE7000000007A4425352E32A3
:10F4D0006600000025362E326600000048580020E5
:10F4E00010B500281BD00E485B2100F8451F0621EF
:10F4F00041709C2181705121C17000210171012155
:10F500004171082100F8421C05484530FFF742FCD4
:10F5100011F0B8FDBDE81040132011F0DFBD10BDA3
:10F520007C5600201CB50C46002832D06846FFF7F8
:10F53000DFF9DDE9000103F003F8164A5B2102F868
:10F54000451F102151709C2191706021D1700021C4
:10F5500011710421517108219171010AD171107248
:10F56000010E5172000C9072200AD0721473200E9A
:10F570005073200C90730748112102F8421C45304B
:10F58000FFF708FC11F07EFDBDE81C400B2011F0D8
:10F59000A5BD1CBD7C5600200C4810B55B2100F8B1
:10F5A000451F04214170752282706922C2700022B9
:10F5B00002714171082100F8421C04484530FFF7F0
:10F5C000E9FBBDE810400C2011F088BD7C560020FE
:10F5D00010B500281BD00E485B2100F8451F042100
:10F5E0004170752181704521C17000210171012197
:10F5F0004171082100F8421C05484530FFF7CAFB5D
:10F6000011F040FDBDE81040082011F067BD10BDAD
:10F610007C56002010B500281BD00E485B2100F856
:10F62000451F04214170752181703021C170002176
:10F63000017106214171082100F8421C054845303E
:10F64000FFF7A8FB11F01EFDBDE81040022011F0ED
:10F6500045BD10BD7C56002010B5002818D00D48BF
:10F660005B21752200F8451F0421417082706922D8
:10F67000C270002202714171082100F8421C054845
:10F680004530FFF787FBBDE81040042011F026BD90
:10F6900010BD00007C56002010B500281BD00E487D
:10F6A0005B2100F8451F042141707521817066219E
:10F6B000C1700021017101214171082100F8421C33
:10F6C00005484530FFF766FB11F0DCFCBDE8104053
:10F6D000192011F003BD10BD7C5600201CB50C464E
:10F6E000002832D06846FFF703F9DDE9000102F097
:10F6F00027FF164A5B2102F8451F102151709C21FB
:10F7000091706421D170002111710421517108217F
:10F710009171010AD1711072010E5172000C907238
:10F72000200AD0721473200E5073200C9073074877
:10F73000112102F8421C4530FFF72CFB11F0A2FC0E
:10F74000BDE81C400B2011F0C9BC1CBD7C5600203C
:10F750001CB50C46002832D06846FFF7C9F8DDE931
:10F76000000102F0EDFE164A5B2102F8451F102150
:10F7700051709C2191706821D17000211171042178
:10F78000517108219171010AD1711072010E5172EB
:10F79000000C9072200AD0721473200E5073200C4B
:10F7A00090730748112102F8421C4530FFF7F2FA26
:10F7B00011F068FCBDE81C400B2011F08FBC1CBD93
:10F7C0007C56002010B5406A0021C185C184FAF73B
:10F7D0001BFF10BD70B5446A2068406994F83D1065
:10F7E000C0F3C0100025212904D118B1E5842046BA
:10F7F00000F067F82068406994F83E10C0F380106C
:10F80000222904D118B1E585204600F042F8206C89
:10F8100040F0100020642046FAF7F6FE70BD10B5E7
:10F820000146406A0968096889061BD40021C18520
:10F830000168CA6822F48072CA6001684A6922F0CD
:10F8400001024A6101684A6922F040024A612021AE
:10F8500080F83E10016B012904D10168CA6822F0CA
:10F860001002CA60016B012902D0FBF704F910BD38
:10F87000818DFAF793FE10BD10B5406A016B012926
:10F8800002D0FBF704F910BD818D4908FAF786FE16
:10F8900010BD0168CA6822F49072CA6001684A69A2
:10F8A00022F001024A61016B012904D10168CA6892
:10F8B00022F01002CA60202180F83E10002101636E
:10F8C00070470168CA6822F0C002CA60202180F82F
:10F8D0003D10704708B590F83E10222901D0022053
:10F8E00008BD81684FF48053994201D1026922B169
:10F8F000826A99421BD049B10AE00268816A526863
:10F90000C2F308020A80816A891C08E0016971B1AA
:10F910000168496801F07F011170816A491C8162A8
:10F92000C18D491E0904090CC18503D019E0016885
:10F930004968F1E70168CA6822F02002CA600168DC
:10F94000CA6822F48072CA6001684A6922F0010222
:10F950004A61202180F83E10016B012903D0FBF79A
:10F960008AF8002008BD002101630168CA6822F0FE
:10F970001002CA6001680A68D20602D50A6849689E
:10F980000091818DFAF70AFEEBE700002DE9F041C6
:10F99000044600680169E26821F4405111430161A5
:10F9A000A1682069E269014360691043014320684E
:10F9B000C26849F20C639A430A43C26020684169F5
:10F9C000A26921F4407111434161354920688842A0
:10F9D00002D1FAF741F801E0FAF72EF8E169642262
:10F9E0003223B1F5004F00EBC00101EB001160685C
:10F9F0002BD08000B1FBF0F5B5FBF2F5B1FBF0F6D2
:10FA00006FF018077D4306EB8505B1FBF0F603EBBD
:10FA10000515B5FBF2F5B6FBF2F605F0F00505EBC2
:10FA20000615B1FBF0F6B1FBF0F0B0FBF2F0784355
:10FA300006EB800003EB0010B0FBF2F000F00F00CB
:10FA4000216828448860BDE8F0814000B1FBF0F6F1
:10FA5000B6FBF2F6B1FBF0F7B1FBF0F56FF0180C66
:10FA600006FB0CF607EB860603EBC606B5FBF2F5C4
:10FA7000B6FBF2F62D0106F0F80605EB4605B1FBE4
:10FA8000F0F6B1FBF0F0B0FBF2F000FB0CF006EB8F
:10FA9000800003EBC000B0FBF2F000F00700CFE7FE
:10FAA0000038014037B582B01346039A82628385DD
:10FAB000002504460564222084F83E00A16B13480B
:10FAC0008862A16B1248C862A16B12480863A06BE0
:10FAD00045632168A06B091DF9F7B6FC2068016831
:10FAE0004168009184F83C50C16841F48071C16064
:10FAF0002068416941F0010141612068416941F09C
:10FB00004001416105B0002030BD00001FF8000831
:10FB100079F80008D5F700082DE9F0411E46174690
:10FB200088460446069D1CE0681C1AD025B1F9F7EA
:10FB3000C9FD801BA84214D92068C16821F4D07186
:10FB4000C1602068416921F001014161202084F8F1
:10FB50003D0084F83E00002084F83C000320BDE80E
:10FB6000F0812068016838EA010004D00020B84222
:10FB7000DAD00020F3E70120F9E7000010B50448CF
:10FB8000FAF756FDBDE810400148FAF73EBD000007
:10FB9000A459002010B50448FAF74AFDBDE810400A
:10FBA0000148FAF732BD0000E859002010B50448BA
:10FBB000FAF73EFDBDE810400148FAF726BD000007
:10FBC0002C5A002070B50020F8F79AFD0024F9F7B0
:10FBD00007F8641CE4B2C82CF9D3264C1021204647
:10FBE000F9F75EFD244E254DD8B90120307018E09C
:10FBF0000EF01EFF0CF048FE18B102F09DFB0FF056
:10FC0000D1FC0CF02BFE18B102F07AFBF8F7E8FFFC
:10FC100002F060F80CF038FE18B102F08DFBFAF734
:10FC2000D3FF10212046F9F73BFD28B9287818B9F1
:10FC300013F0F2FF0028DBD00020F8F761FD00246C
:10FC4000F8F7CEFF641CE4B2C82CF9D33078012851
:10FC50000CD1287850B900224FF400410848F9F738
:10FC60002CFD012280210748F9F727FDBDE87040EF
:10FC700014F0D2BC00080240000000202E570020E3
:10FC80000000024000100240FEE7000010B500F046
:10FC9000EBF800F095F8094C002280212046F9F796
:10FCA0000CFDC72000F076F8012280212046F9F7EC
:10FCB00004FDBDE8104000F083B80000000C0240D5
:10FCC00070B5040300F0D0F800F07AF80E4D002271
:10FCD00080212846F9F7F1FC202000F05BF8C4F3FE
:10FCE000074000F057F8C4F3072000F053F8E0B2E3
:10FCF00000F050F8012280212846F9F7DEFCBDE82B
:10FD0000704000F05DB80000000C02402DE9F041A9
:10FD1000134F15460C460646002280213846F9F757
:10FD2000CCFC032000F036F8C4F3074000F032F8B2
:10FD3000C4F3072000F02EF8E0B200F02BF8002406
:10FD400005E0FF2000F026F83055641CA4B2AC4258
:10FD5000F7D33846BDE8F04101228021F9F7ADBC68
:10FD6000000C024070B50A4C002280212046F9F7B1
:10FD7000A4FC052000F00EF8FF2000F00BF805466B
:10FD8000012280212046F9F798FC284670BD00002A
:10FD9000000C024001B582B000208DF804000A205A
:10FDA0000090012301AA02A90448FAF73BF910B117
:10FDB000FF208DF804009DF804000EBD0C590020B2
:10FDC00010B5FFF7CFFFC007FBD110BD2DE9F05FE5
:10FDD000C1F30B06DFF88C800F0BC6F580548A4602
:10FDE00081461546A24200D8144639038B464FF48B
:10FDF00080524046FFF78AFF002006E0321818F8CC
:10FE00000210FF2903D1401C80B2A042F6D3A042C9
:10FE100021D23846FFF754FF002006E019F80020F1
:10FE20008319401C08F8032080B2A042F6D359463B
:10FE30004FF48052404600F02BF8A5420FD0281B0B
:10FE4000A144A244002685B24FF480547F1CA542F1
:10FE5000CBD82C46C9E7224651464846EBE7BDE8D9
:10FE6000F09F00009068002010B5084C002280210F
:10FE70002046F9F722FC0620FFF78CFF20460122DE
:10FE8000BDE810408021F9F718BC0000000C0240CA
:10FE90002DE9F0410746C8B2C0F580740E461546FC
:10FEA000A24200D814464FF48078224631463846A4
:10FEB00000F00EF8A54208D0281B2744264485B23E
:10FEC0004446A542F1D82C46EFE7BDE8F08100009A
:10FED0002DE9F04115460C460646FFF7C5FF134FC6
:10FEE000002280213846F9F7E8FB0220FFF752FF95
:10FEF000C4F30740FFF74EFFC4F30720FFF74AFFA4
:10FF0000E0B2FFF747FF002404E0305DFFF742FF57
:10FF1000641CA4B2AC42F8D3012280213846F9F720
:10FF2000CCFBBDE8F041FFF74BBF0000000C0240E6
:10FF3000810901F0010201F00201C2EB0212C1EBE2
:10FF4000011102EB0111CBB2010901F0010270B500
:10FF500001F00201C2EB0212C1EB011102EB01112F
:10FF6000CCB2810801F0010201F00201C2EB0212E1
:10FF7000C1EB011102EB0111CDB200F0010100F063
:10FF80000200C1EB0111C0EB001001EB0010C6B282
:10FF9000184600F03DF8204600F03AF8284600F0F8
:10FFA00037F83046BDE8704000F032B82DE9F04136
:10FFB000144D07464FF48074002221462846F9F775
:10FFC0007CFB114E002261003046F9F776FB0122DE
:10FFD00021463046F9F771FB002280213046F9F7BF
:10FFE0006CFB3946094813F061FD0022214630467A
:10FFF000F9F763FB21462846BDE8F0410122F9F7F5
:020000040801F1
:100000005CBB00000000024000080240000C0240FF
:100010002DE9F041144D07464FF48074002221462B
:100020002846F9F74AFB114E012251023046F9F7F2
:1000300044FB012221463046F9F73FFB0022802194
:100040003046F9F73AFB3946094813F02FFD0022F4
:1000500021463046F9F731FB21462846BDE8F041FC
:100060000122F9F72ABB000000000240000802400C
:10007000000C0240490050EAC12018BF04204A0D7C
:1000800018BF40F0010040F2FF72B2EB515F08BFB1
:1000900040F00200012808BF052070470907090E3B
:1000A000002804DB00F1E02080F80014704700F025
:1000B0000F0000F1E02080F8141D704740F201327B
:1000C00000204FF0E04115F0C9BD0000024A0020B9
:1000D000110715F0C3BD000001FDFFFF10B5044678
:1000E000D1E9000100F002F8206010BDF8B5044627
:1000F0000D466A4602F076FA00987E30009000289D
:100100001EDC002213462046294614F0D1FE17D0EB
:10011000002140F608004FF0000006462046294620
:1001200014F080FC044640F6080006EA00014FF097
:10013000000034F0004004BF0220F0F7FAFB29E091
:100140000098FF2828DB002108464FF0000000F44B
:100150004006002213462046294615F0A7F88CBF1A
:10016000002501250220F0F7E4FB4FF0FF4446B1E3
:10017000002D0CBF4FF400004FF48000B04218BFB8
:10018000084C042108464FF00000002D04BF84F005
:100190000040F8BD2046F8BD20462946BDE8F8409D
:1001A00014F040BCFFFF7F7F10B504460A46D4E937
:1001B000000319460EF006FEC4E9000110BD3038F8
:1001C0000A2801D201207047002070472DE9F04134
:1001D00000250E4607462C4607E057F8241028460F
:1001E00015F0BCF9641C0546E4B2B442F5D33046C0
:1001F00015F038FB01462846BDE8F04115F01CBA61
:1002000030B583B00446F0F78FFB05460020CDE9FA
:100210000000024621466846F0F73EFE2846F0F709
:1002200088FBDDE9000103B030BD00002DE9F04F8F
:1002300085B0064613F0F0FC0200B248B24D00F162
:100240008401049100F16301039100F1420100F186
:1002500021004FF00B04A5F10209CDE9010174D092
:1002600013F0DAFCDFF8A4A218B14FF06632A84B05
:1002700001E0A84AA84B17469846304615F042F9C7
:1002800083463A464346009115F010F806D8287880
:10029000000766D416230094049A49E013F0BCFCCE
:1002A00018B14FF066329D4B01E09D4B002258463D
:1002B000009914F0FBFF17D813F0AEFC18B14FF003
:1002C0006632934B01E0934A934B5846009914F0E1
:1002D000B3FE09D2287840F008002870400740D4C7
:1002E00016230094039A23E013F096FC10B18D4A74
:1002F0008D4B01E0874A8D4B5846009914F0D6FF8C
:100300001BD813F089FC18B14FF06632834B01E023
:10031000834B00225846009914F08EFE0DD22878A7
:1003200040F00400287080071BD4029A1623009422
:1003300004218220F8F742FA13E0564511DB13F04E
:100340006BFC18B1774A784B02E029E0714A774B91
:100350005846009914F070FE03D2287840F003004C
:1003600028702878C00712D099F8010040B1002009
:1003700089F801004FF01603009418B1019A02E0C9
:100380000120F5E75F4A04218220F8F717FA564565
:1003900034DA5C4A1623A5320421822000944CE012
:1003A00010216348F9F77CF958BB6248864228DC83
:1003B00099F803004D4630B1012808D002280AD030
:1003C00003280CD012E016230094019A0AE01623A9
:1003D0000094029A06E016230094039A02E0049A1D
:1003E0001623009404218220F8F7E8F9E878401CED
:1003F000C0B2E870042801D30020E87005B0BDE861
:10040000F08F13F009FC18B14FF06632404B01E059
:10041000404A414B17469846304615F073F88946D6
:1004200006463A46434614F041FF09D828780007AB
:10043000E4D416230094049A61E0F8F7BFF9DDE7ED
:1004400013F0EAFB18B14FF06632344B01E0344B45
:1004500000223046494614F029FF17D813F0DCFB80
:1004600018B14FF066322A4B01E02A4A2A4B304637
:10047000494614F0E1FD09D2287840F008002870C0
:100480004007BBD416230094039A38E013F0C4FB52
:1004900010B1244A244B01E01E4A244B3046494601
:1004A00014F004FF17D813F0B7FB18B14FF0663201
:1004B0001A4B01E01A4B00223046494614F0BCFDAD
:1004C00009D2287840F004002870800796D41623BB
:1004D0000094029A13E013F09FFB10B1114A124BE3
:1004E00001E00C4A114B3046494614F0A5FD85D277
:1004F0002878162340F002002870019A0094042105
:1005000082209AE7C56F0208125800209A99193F75
:10051000666612409A99999999990D4066661040BD
:1005200000000C40CDCCCCCCCCCC0C4099990940EF
:10053000000802403333834038B51A4B2C211A4A45
:10054000984228DC194C207930B1012808D00228C3
:100550000CD0032810D015E05823154A00910DE067
:10056000009158233A21134A242009E0009158238E
:100570003A21114A242003E0582300913A212420F3
:10058000F8F71CF92079401CC0B22071042801D36F
:100590000020207138BD009158233A212420F8F71B
:1005A0000DF938BD333383403776020810580020E8
:1005B0008B7002086F7202085374020800F00F017A
:1005C000000900EB800001EB4000C0B27047000062
:1005D00070B513F01DFC1D4E1D4C002578B16078E0
:1005E00068B1012240213046F9F767F82078401CB5
:1005F000C1B22170322920D3257065701EE013F03E
:100600006BFAD8B1A078C8B12079C00701D0002218
:1006100000E0012240213046F9F74FF8E078401C15
:10062000C0B2E070322808D3E5702079401CC0B217
:100630002071042801D32571A57070BD3046BDE836
:10064000704000224021F9F738B800000000024055
:100650002858002003490022034BD1E9020114F07D
:10066000CFBA00005856002000408F401CB51449F6
:100670000860F8F7F1FAB621E020F2F74BFC1420FD
:10068000F8F71AFF03208DF8000001248DF80140CF
:100690008DF802006846F2F732FC00208DF8040065
:1006A00004208DF805008DF8064001A8F2F71CFC27
:1006B000FF217420F2F72EFC0A20F8F7FDFE1CBD86
:1006C00058560020FF2000F001B80000084B1968C0
:1006D00009688A68D2439207FBD4C860186800682A
:1006E0008168C943C907FBD1C068C0B27047000028
:1006F0005856002010B50120F2F7A0FB0028FAD1CF
:100700000820F2F79BFB0028FAD1F2F7BDFB044C5E
:10071000C4E90401F2F79CFBC4E9020110BD00002A
:10072000585600202DE9F14F7448734E406814F07C
:1007300058FC4FF0FF3215F091FA0022704B14F084
:10074000F7FD04460D46B346B6F9100014F049FC17
:100750000746884622462B461046194614F0A8FC48
:1007600043463A4614F0A4FC6FF00E0215F076FAF8
:1007700080460F46B6F90E0014F033FC22462B4695
:1007800014F096FC012215F069FA42463B4614F03B
:100790007BF981468A46B6F90C0014F022FC10223F
:1007A00015F05CFA074688466FF00102484651464C
:1007B00015F054FA3A46434614F066F980468946E5
:1007C000B6F9080014F00DFC22462B4614F070FC1C
:1007D00007468A46B6F90A0014F003FC22462B4667
:1007E00014F066FC22462B4614F062FC6FF01204F3
:1007F000224615F033FA53463A4614F045F922469C
:1008000015F02CFA05460F46F08814F001FC04465A
:100810000E466FF00E022846394615F01FFA0022E8
:10082000384B14F031F92246334614F041FC0022D3
:1008300004460D46134614F03BFB03D1002001464D
:10084000BDE8F88F009814F0CCFB00222E4B14F07A
:1008500063FD06460F466FF00B024046494615F011
:10086000FDF932463B4614F057FD0022274B14F0A9
:100870001FFC22462B4614F0C3F904460D465E4683
:10088000BBF9160014F0ADFB22462B4614F010FC09
:1008900022462B4614F00CFC6FF01E0215F0DEF918
:1008A00082468B46B6F9140014F09BFB22462B4679
:1008B00014F0FEFB6FF00E0215F0D0F907468946E2
:1008C000B6F9120014F08DFB064688463A464B46B0
:1008D0005046594614F0D8F84346324614F0D4F83E
:1008E0006FF0030215F0BAF901B022462B46BDE8BD
:1008F000F04F14F0C9B80000F85B002050560020FB
:100900000040EF400000F03F00003041006AB84076
:100910002DE9F84F2C4C0546B4F9020014F061FBA8
:1009200082468846208814F073FB06466FF0090261
:10093000009115F093F981460F46284614F051FBBB
:100940008B4605466FF00D0215F088F94A463B4686
:1009500014F0EEFC5246434614F0AAFB81468A4648
:10096000B4F9040014F03DFB0446884630466FF0AD
:100970000C02009915F072F906460F4628465946B2
:100980006FF0100215F06AF932463B4614F0D0FCC5
:1009900002460B4614F08CFB4346224614F088FBBB
:1009A0004A46534614F070F80D46044614F0BCFA5B
:1009B00006490022064B486001B020462946BDE8A2
:1009C000F04F14F01DB90000F85B002050560020D5
:1009D0000000B440D020F2F76DBA000010B50BF063
:1009E00011FF344CE8B301F05BFC20780B2802D0F7
:1009F0003D281BD118E02F48E1699830C068806914
:100A0000884213D189792B4A890702F18C0201D0DF
:100A10001C2100E01D2151704069264982798B31EB
:100A20004069515C017201E013F0CEFEE06901788B
:100A300021F0010101704069E061017841F001019C
:100A40000170A269926982420BD121F0010101700B
:100A5000A069017841F0010101701748A0621748B0
:100A6000E0620BF079FE002822D001F0B5FB20787F
:100A70003D2801D113F0A8FEE069017821F00101C1
:100A800001708069E061017841F001010170A269A3
:100A90009269926982420BD121F001010170A06933
:100AA000017841F0010101700348A0620348E0624F
:100AB00010BD000020550020451A0108C10A010898
:100AC0002DE9F04F87B0002000900BF045FEFE4C62
:100AD000A4F1980760B101F07FFB607840B13878ED
:100AE000092801D10FF006FF607801210CF0CCFB42
:100AF000E068A246A8B1B86998B10078C00710D0E4
:100B00000BF080FE00287DD001F0CAFBB8690179A6
:100B100089B33978042909D002290BD0082909D0D2
:100B20000AE007B0BDE8F04F01F0BABBC2683AB1C5
:100B3000BA6505E0C2787A72042905D3072903D87B
:100B4000C2783A72042906D00A2915D0262913D072
:100B5000272911D012E0DAF80C10DC4A814201D1C9
:100B6000DB4903E00969814208D1DA494B685360E7
:100B70000978117002E008E0C178F971007907B0D6
:100B80000021BDE8F04F0CF07FBB816900297DD0CA
:100B9000CD4C3A7804F10C05DFF83C9301263F3A3E
:100BA00008344FF0020B4FF00008212A6FD2DFE823
:100BB00002F011111111FE6EF2F2FDFDFD6EFCFC52
:100BC000FBFBFBFCFCFBFB6EFCFB6EFAFAFAFEFE89
:100BD000FEF9FE00DAF80C000A218069FCF701FA40
:100BE00082462846FDF7E0FC00225D214B200CF0F8
:100BF0001DF80BF05FFC40794D2856D00BF05AFCE5
:100C0000407900E0FEE31D2850467DD0BAF1000F88
:100C10006ED014F0FDF90022B04B13F0F1FF13F089
:100C200001FF3862504614F0F3F90022AB4B13F089
:100C3000E7FFABA2CDE900010821A748EFF75CFC74
:100C4000CDE90484CDE90268CDE9009800231A4675
:100C500038213420FAF76FF9CDE90484A348CDE9AF
:100C60000008CDE902B847460723A14A4C210020DD
:100C7000FAF761F9CDE904749E48CDE90007CDE9A2
:100C800002B7052360219C4A002001E0F8E3F8E365
:100C9000FAF751F90BF00EFC40794D2841D00BF0DA
:100CA00009FC40791D2847D051E013F009F900B341
:100CB00013F006F90A281CD0504614F0D3FD8F49D2
:100CC000386214F0B9FC14F01DFCCDE900018CA2CF
:100CD00008218148EFF710FCCDE90484CDE90268D2
:100CE0000023CDE9009838211A463C20B2E70BE0FA
:100CF00014E0504614F0B6FD3862534682A2082133
:100D00007548EFF7F9FBE7E714F0ACFD7F4938626F
:100D100014F092FC14F0F6FB7DA28BE77E487F492D
:100D20007DE70BF0C7FBCDE9047400238821CDE9F2
:100D300002671A463F3014E00BF0BCFBCDE90474A7
:100D400000238821CDE902671A46383009E00BF00C
:100D5000B1FBCDE9047400238821CDE902671A466E
:100D60003130CDE900073820FAF7E5F86C4812F089
:100D70005DFE03970497CDE90575CDE90076694BD3
:100D80000422694900200296FDF7ECFB07B0BDE89C
:100D9000F04FF4F77DBBDAF80C000A218069FCF70C
:100DA00020F905E006E298E102E14CE143E000E3CE
:100DB00014F02EF90022494B13F022FF82460091D5
:100DC00013F030FE3862009958A2CDE900A1082145
:100DD0004148EFF791FB2846FDF7E6FB00225D2135
:100DE0004B200BF023FFCDE90484CDE90268CDE967
:100DF0000098002347461A4638213420FAF79BF81A
:100E0000CDE904743948CDE90007CDE902B70723DD
:100E1000374A4C210020FAF78EF8CDE904743548A2
:100E2000CDE90007CDE902B70523334A6021002050
:100E3000FAF781F8A3E3DAF80C000A218069FCF7DD
:100E4000D0F85FEA000A77D014F0E2F80022394BBC
:100E500013F0D6FE13F0E6FD38622846FDF7A4FB3A
:100E6000504614F0D5F80022324B13F0C9FECDE9FC
:100E7000000123A208211848EFF73EFB00225D2164
:100E80004B200BF0D3FECDE90484CDE90268CDE917
:100E90000098002347461A4638213420FAF74BF8C9
:100EA000CDE904741148CDE90007CDE902B7072365
:100EB0000F4A4C210020FAF73EF8CDE902B7CDE900
:100EC00004740C48052338E0B85500204C58002025
:100ED000545800205C5800203C5B00200000244057
:100EE0002530352E3031662025250000666B02083E
:100EF0005F6B0208806B02087B6B02080000C8422F
:100F000025352E32660000002535640000007A4445
:100F100025352E3366000000FCA9F1D24D62503F0A
:100F20000000A842436E02088A6A020825352E3165
:100F3000660000000000594037E0CDE90007FB4A99
:100F400060210020F9F7F7FF0BF0B4FA407901288F
:100F500078D00BF0AFFA40795C28F9D00BF0AAFA00
:100F6000CDE9047400238821CDE902671A463130A7
:100F7000CDE900070020F9F7DEFFCDE90474EC4865
:100F8000CDE900070023CDE902671A4688214620F3
:100F9000F9F7D1FF0BF08EFACDE904740023882114
:100FA000CDE902671A463F300FE3E248E24951E7D4
:100FB000DAF80C000A218069FCF713F814F028F81D
:100FC0000022DE4B13F01CFE8246009113F02AFD36
:100FD00038622846FDF7E8FAAFF2B0020099D84827
:100FE000CDE900A10821EFF787FA00225D214B200F
:100FF0000BF01CFECDE90484CDE90268CDE9009830
:10100000002347461A4638213420F9F794FFCDE9EA
:101010000474CC48CDE90007CDE902B70723CA4ADA
:101020004C210020F9F787FFCDE90474C748CDE9CA
:101030000007CDE902B70523BC4A60210020F9F77B
:101040007AFF79E69FE0DAF80C000A218069FBF765
:10105000C8FF13F0DDFF0022B84B13F0D1FD82462C
:10106000009113F0DFFC38622846FDF79DFAAFF2DD
:1010700044120099B248CDE900A10821EFF73CFAEB
:1010800000225D214B200BF0D1FDCDE90484CDE998
:101090000268CDE90098002347461A4638213420DB
:1010A000F9F749FFCDE90474A648CDE90007CDE979
:1010B00002B70723A44A4C210020F9F73CFFCDE9F1
:1010C0000474A248CDE90007CDE902B70523974A89
:1010D00060210020F9F72FFF39E6DAF80C000A2129
:1010E0008069FBF77EFF82462846FDF75DFA0BF02C
:1010F000E1F940791D28504650D013F089FF0022B5
:101100008E4B13F07DFD8246009113F08BFC38620C
:10111000AFF2E8120099CDE900A108218848EFF765
:10112000EBF900225D214B200BF080FDCDE904841A
:10113000CDE90268CDE90098002347461A463821D8
:101140003420F9F7F8FECDE904747E48CDE90007B4
:10115000CDE902B707237C4A4C210020F9F7EBFECA
:10116000CDE904747948CDE90007CDE902B705233C
:101170006E4A60210020F9F7DEFE0BF09BF9407902
:101180001D283FF45EAF0BF095F9CDE90474002300
:101190008821CDE902671A463830E9E614F062FB8F
:1011A0006B49386214F048FA14F0ACF969A2CDE941
:1011B0000001B2E7DAF80C000A218069FBF71EFF94
:1011C000786214F037FB38622846FDF7EDF900220B
:1011D0005D214B200BF02AFD0BF06CF940794D2876
:1011E00005D00BF067F940794E280BD01CE05B4925
:1011F000386A14F021FA14F085F9CDE9000158A2FB
:1012000008210EE0786A14F015FB5449386214F096
:1012100013FA20F0004014F075F9CDE9000152A254
:101220000A214748EFF768F9514890F9000044282F
:1012300002D0432829D04AE00BF03CF940791D2820
:1012400010D0AFF23C3208213D487B6AEFF754F9E9
:101250000BF030F940794D2839D0CDE9026840468D
:1012600044492AE0786A14F0E5FA3949386214F002
:10127000E3F920F0004014F045F9CDE900013EA269
:101280000A212F48EFF738F9E2E7786A404278629E
:101290000BF010F940791D2875D0AFF29432082177
:1012A00027487B6AEFF728F90BF004F940794D28BD
:1012B0000DD0CDE9026832494046CDE90404CDE9BC
:1012C000001000231A4638213420F9F734FE0BF0C1
:1012D000F1F84079CDE90484CDE90268CDE90098C0
:1012E0004FF000034D281A464FF038015FD03420EC
:1012F000F9F721FECDE904841248CDE90008CDE9D3
:1013000002B847460723104A4C210020F9F713FE84
:10131000CDE904740D48CDE90007CDE902B70523F6
:10132000024A60210020F9F706FE13E17B6B0208F8
:10133000987B0208FCA9F1D24D62503F0000244086
:101340003C5B0020666B02085F6B0208806B020842
:1013500000007A4425372E33660000000000C842A2
:1013600025342E326600000025372E32660000003C
:10137000D85500205D6B020825382E33660000002A
:101380005B6B0208FFE7786A14F054FACC493862C4
:1013900014F052F920F0004014F0B4F8AFF2280233
:1013A000CDE900010A21C748EFF7A6F87CE7442001
:1013B0009EE70BF07FF840794D2809D0DAF80C0051
:1013C0000A218069FBF70DFE009014F04BFA10E043
:1013D000C7F82080DAF80C000A218069FBF70EFEBE
:1013E00014F040FAB84938620978432902D180F0F4
:1013F000004038622846FDF7D7F80BF05BF84079DB
:10140000602800E0F3E019D00BF054F8407961282F
:1014100023D00BF04FF840791D2833D00BF04AF859
:1014200040794E282ED00BF045F840794D283AD01F
:10143000386A14F0DFF90346A4A24FE0009813F0D5
:10144000E7FD0022A24B13F0DBFB13F0EBFA38624E
:1014500014F058F8AFF22C5234E0009813F0D8FD95
:1014600000229B4B13F0CCFB13F0DCFA386214F033
:1014700049F8CDE900019348092196A20A3025E0F8
:10148000B8E0A7E0009813F0C3FD0022934B13F0DF
:10149000B7FB13F0C7FA386214F034F8CDE9000155
:1014A0008FA2092111E012F00BFD90B112F008FD9E
:1014B0000A280ED08C49386A14F0BEF814F022F8CD
:1014C000AFF2C452CDE9000108217E48EFF714F8CD
:1014D00008E0386A14F072F9034684A208217948BA
:1014E000EFF70AF800225D214B200BF09FFB0AF07A
:1014F000E1FF4079612835D00AF0DCFFCDE90484B2
:10150000CDE90268CDE9009800231A46382134203D
:10151000F9F711FDCDE904847548CDE90008CDE95E
:1015200002B847460723734A4C210020F9F703FD10
:10153000CDE904747048CDE90007CDE902B7052371
:101540006E4A60210020F9F7F6FC0AF0B3FF4079FB
:10155000602814D00AF0AEFF40794D287FF471ADB9
:10156000FFF7DFBB5749CDE904840A31CDE9001804
:10157000CDE90268002338211A462C20C8E70AF07A
:1015800099FFCDE904743830CDE900070023CDE997
:1015900002671A4688211846F9F7CDFCCDE9047494
:1015A0005748CDE900070023CDE902671A46882194
:1015B0004620F9F7C0FC0AF07DFFCDE90474002352
:1015C0008821CDE902671A464730CDE9000760203F
:1015D000FFF7CABB027822F001020270F9610878B5
:1015E00040F0010008704748B8624748F86207B009
:1015F000BDE8F08F3878072244494D2858D021DCC7
:10160000422855D014DC372846D008DC0A2843D0BD
:10161000162835D01A2823D01C284DD12CE03E287E
:1016200046D03F2844D0402842D0412844D13FE012
:1016300043380A2840D2DFE800F03B3F3B3B3B3BCE
:101640003B3B3B3B4E38122836D2DFE800F03131CD
:10165000313131313131312131313131313131318A
:101660000AF028FF28B10FF031FA0DF05FFC0146B7
:1016700000E00021012016E025480860254802E02E
:1016800025480860254848600A72012100200AE0C8
:10169000234808602348F6E7234808602348486049
:1016A0000A720121042007B0BDE8F04F05F0D0BD5B
:1016B0001F4808601F48E6E71F4808601F48E2E728
:1016C00000007A443C5B0020D855002025640000CF
:1016D0000000244025382E316600000000005940EB
:1016E00025362E32660000000000C8422534640012
:1016F000666B02085F6B0208806B02087B6B020856
:10170000987B0208951B0108DD090108A0550020FF
:10171000BE6E0208C56E0208E26E0208E96E02089B
:101720007B79020882790208917902089879020887
:10173000CF6E0208D66E0208AA6E0208B16E0208C9
:1017400070B50BF05FF83B4DA5F1980480B100F047
:10175000A7FDE069017821F001010170696881420B
:1017600041D10FF00DFD2078C01E5D2839D200E078
:1017700036E0DFE800F03E36363636363636363678
:10178000363636363E3E363636363E3E36363636D9
:1017900036363636363636363E363636363E3E3EC9
:1017A0003E3636363E36363E3E36363636362F36C0
:1017B000363E3E3E3E3E3E3E3E3E3E3E3E3E3E3E51
:1017C0003E3E3E3E3E3E3E3E3E3E3E3E3E3E3E3E39
:1017D0003E3E3E0000F0F2FB0146022005F038FDDF
:1017E00007E00121F9E71448A0621448E06200F024
:1017F00003FE0AF0B1FF00281BD000F0EDFC2078BA
:10180000582810D059280ED05A280CD0E0690178F9
:1018100021F0010101700848A0620848E062BDE8BB
:10182000704000F0E9BD6878BDE8704001210BF020
:101830002BBD70BDB8550020451A0108C10A01082A
:1018400010B50AF0DFFF002827D000F029FD7C4802
:101850000078012821D10FF039F90E281DD2DFE8D8
:1018600000F0072A394653606D7986929EAAD0DC33
:1018700012F098F9022805D10AF01CFEF4F78EF850
:10188000002873D012F08EF921E00FF01FF90DF04F
:101890004DFB0146012005F0DBFCA8E00AF00AFE42
:1018A000F4F77CF8002805D000F0BCFB0AF002FE3B
:1018B000F4F7E1FD9BE012F0A3F9022805D10AF04C
:1018C000F9FDF4F76BF8002850D012F099F90028D0
:1018D000E4D18CE012F08EF9022805D10AF0EAFD7D
:1018E000F4F75CF8002841D012F084F9EFE712F029
:1018F00066F9022805D10AF0DDFDF4F74FF800285B
:1019000034D012F05CF9E2E712F052F9022805D166
:101910000AF0D0FDF4F742F8002827D012F048F979
:10192000D5E712F061F9022805D10AF0C3FDF4F7FA
:1019300035F800287DD012F057F9C8E712F048F9C1
:10194000022804D10AF0B6FDF4F728F870B112F0BD
:101950003FF9BCE712F032F9022804D10AF0AAFDDF
:10196000F4F71CF810B112F029F9B0E746E012F0D4
:101970000BF9022804D10AF09DFDF4F70FF8E8B343
:1019800012F002F9A3E712F007F9022804D10AF0D5
:1019900091FDF4F703F888B312F0FEF897E712F020
:1019A000EDF8022804D10AF085FDF3F7F7FF28B31C
:1019B00012F0E4F88BE712F0E9F8022804D10AF0FB
:1019C00079FDF3F7EBFF10B112F0E0F87FE70AF0D2
:1019D00071FDB0F8C40002282BD10AF06BFD4079EC
:1019E0004A2826D112F01AFA00287FF44EAF0AF0E6
:1019F000B3FE002822D0BDE8104000E019E000F05E
:101A0000EBBB12F0DFF8022804D10AF053FDF3F724
:101A1000C5FF70B112F0D6F859E712F0DFF80228CE
:101A200004D10AF047FDF3F7B9FF10B112F0D6F870
:101A30004DE70AF03FFDF4F719FDD3E710BD0000B4
:101A40002055002070B5304DAC698CB105F1980679
:101A5000F06868B12078C0070AD00AF0F3FE68B3D6
:101A600000F046FC2878062808D0072806D007E0B2
:101A700000F03EFCBDE8704000F08EBBFDF7D4F8EE
:101A80002878012807D12148416821B920494A68AE
:101A9000426009780170A8696469844202D02178A3
:101AA0004907F9D5844209D0207840F00100207020
:101AB000A869017821F001010170AC610AF034FEDF
:101AC000D8B100F069FB2878062801D0072801D199
:101AD000FCF7F6FFA8692469844202D021784907FF
:101AE000F9D5844209D0207840F001002070A8691F
:101AF000017821F001010170AC61F168A869BDE8CD
:101B0000704012F02DBF0000205500204C580020DE
:101B10005458002070B50AF095FE24251C4C23264D
:101B2000B8B100F0E5FB2078232802D0242810D19A
:101B300005E017482570983004F02EF904E01448A9
:101B40002670983003F0F2F80022A02120200BF03C
:101B50006DF80AF0E9FD002818D000F01DFB207890
:101B600023280DD0242811D109482670983003F07D
:101B7000DDF8BDE870400022A02120200BF056B80F
:101B800003482570983004F007F9F2E770BD0000B3
:101B90002055002010B50AF055FE274C60B100F02A
:101BA000A7FB20780B2826D01B2818D0E069027AE2
:101BB000C179801D12F062FE0AF0B6FD00283AD00D
:101BC00000F0EAFA20780B282BD01B281CD0E06903
:101BD000027AC179BDE81040801D12F05FBE6079C5
:101BE0000DF02AF9024614480121143012F04EFE7D
:101BF00012F0B0FDE0E7E069027AC179801D12F0D1
:101C00003DFE12F013FED7E760790DF015F902469C
:101C100009480121143012F049FEBDE8104012F0CD
:101C200099BDE069027AC179801D12F037FEBDE8E6
:101C3000104012F0FBBD10BD2055002010B50AF079
:101C400001FE104C60B100F053FBE069017821F017
:101C5000010101708069E061017841F001010170CA
:101C60000AF062FD00280CD000F096FAE0690178D5
:101C700021F0010101704069E061017841F001014A
:101C8000017010BD20550020094810B500780128CA
:101C90000CD00AF0D7FD08B100F02AFB0AF044FD91
:101CA000002803D0BDE8104000F076BA10BD000057
:101CB0002055002010B50AF05FFE054CA06A00B167
:101CC0008047E06A002802D0BDE81040004710BD00
:101CD000205500202DE9F04186B000248DF8084001
:101CE00000F01AF9002816D07C4DA81C2C706978D9
:101CF000F2F7A2FD00280ED0A878FE280BD1E978D3
:101D000002290BD0032906D1287901287BD002288B
:101D100001D10DF0BBFA06B0BDE8F08128790226AA
:101D2000FF27C01E4FF0010807287ED2DFE800F031
:101D30000415506C8897A600012214022146681DE4
:101D4000FEF744F812F08AFB8DF800708DF8016000
:101D500003204AE08DF8030067E068798DF81200EF
:101D6000A8798DF81100E8798DF80F00287A8DF8A0
:101D70000E00687A8DF80D00A87A8DF80C0003A883
:101D8000F8F7DFFE8DF800708DF8016004208DF803
:101D90000200FCF7BFFD6979884216D1FCF79CFD73
:101DA000A979884211D1FCF785FDE97988420CD1E7
:101DB000FCF786FD297A884207D1FCF787FD697A0E
:101DC000884202D18DF803802FE08DF803402CE08B
:101DD000012294022146681DFDF7F8FF12F03EFB38
:101DE0008DF800708DF8016005208DF80200012249
:101DF000214602A8FDF78AFF68799DF808108842FD
:101E00004BD10120A6E74AE08DF800708DF8016003
:101E100006208DF80200FDF739FF4FF49670F7F7B2
:101E20004BFB8DF8038000F039FB06216846FCF778
:101E3000B1FFC82306226946E869F8F729FE6AE778
:101E40004FF4A06401222146681DFDF7BFFF12F088
:101E500005FB8DF800708DF801600720C5E74FF491
:101E6000C06401222146681DFDF7B0FF12F0F6FAAA
:101E70008DF800708DF801600820B6E74FF4E0643B
:101E800001222146681DFDF7A1FF12F0E7FA8DF847
:101E900000708DF801600920A7E700205AE70DF0D7
:101EA000BDFA0F4804800F4804800F4804800F4893
:101EB00004800F4804800F4804800F4804800F48B6
:101EC00004800F4804800F4804800F4804800F48A6
:101ED00004800F4804800F4804801CE7EC57002062
:101EE0006458002066580020685800206A58002076
:101EF0006C5800206E580020705800207258002046
:101F00007458002076580020785800207A58002015
:101F10007C5800207E5800200248007800F0010024
:101F200070470000EC57002008B50D4A0168914247
:101F300015D10A6849680091F8F731FB0948006833
:101F400040680949C0F114004870012001F81C0BD9
:101F5000142251F81A09BDE80840F8F777BD08BD0A
:101F600000380140705A0020EC57002070470000F4
:101F7000064941F81C0F0068C26842F01002C260B6
:101F800051F81A091422F8F761BD0000EC5700203F
:101F9000094909489839C0688A6990420AD180691C
:101FA000C96940694069884204D08279017A8A42CD
:101FB00000D9817170470000B855002070B50F4EF0
:101FC0000A21F0688069FBF719F80D4D044628785E
:101FD000432800D16442F0680A2100698069FBF758
:101FE0000DF82978432900D1404220B11CB1844228
:101FF00001DB002070BD012070BD0000B85500203D
:10200000D85500200248017821F00801017070477E
:10201000335700200248017821F004010170704715
:10202000335700200248002140684170704700008B
:102030004C5800200248017821F0100101707047CF
:10204000335700200248017821F0200101707047C9
:10205000335700201848017821F0100101700178F1
:1020600021F040010170417821F0010141700178B7
:1020700021F080010170017821F0020101700178E6
:1020800021F008010170017821F020010170017830
:1020900021F004010170017821F001010170417803
:1020A00021F004014170417821F00801417041782C
:1020B00021F01001417070472F570020024801782D
:1020C00021F0100101707047375700200248417815
:1020D00021F0F001417070479078002002480178AB
:1020E00021F0100101707047355700200248017837
:1020F00021F01001017070472F570020024801782D
:1021000021F040010170704737570020014900203D
:1021100088807047907800200248017821F04001C3
:1021200001707047355700200248017821F04001C6
:10213000017070472F5700200248417821F00101BB
:10214000417070472F5700200248417821F010015C
:10215000417070472F5700200248017821F080011C
:10216000017070472F5700200248017821F00201CA
:1021700001707047375700200248017821F0F001C4
:1021800001707047907800200248017821F0020128
:1021900001707047355700200248017821F0020194
:1021A000017070472F5700200248017821F0080184
:1021B00001707047375700200248417821F00F0125
:1021C00041707047907800200248017821F00801A2
:1021D00001707047355700200248017821F008014E
:1021E000017070472F5700200248017821F020012C
:1021F00001707047375700200248817821F00F01A5
:1022000081707047907800200248017821F0200109
:1022100001707047355700200248017821F02001F5
:10222000017070472F5700200248417821F00401C7
:1022300041707047375700200149002008817047DE
:10224000907800200248417821F0040141707047E5
:10225000355700200248417821F004014170704751
:102260002F5700200248417821F008014170704743
:102270002F5700200248017821F0040101707047B7
:102280003757002001490020C8807047907800200F
:102290000248017821F00401017070473557002091
:1022A0000248017821F00401017070472F57002087
:1022B0000248417821F00201417070472F570020F9
:1022C0000248017821F00101017070473757002062
:1022D0000248017821F00F010170704790780020CA
:1022E0000248017821F00101017070473557002044
:1022F0000248017821F00101017070472F5700203A
:102300000248017821F00101017070473357002025
:1023100010B511F01FFD0749897BBDE8104001EBA6
:10232000410202EB0111242202EB4101C9B20AF081
:10233000D7BC0000205500200248017821F002019E
:102340000170704733570020014900208880704792
:10235000305800200248017821F0010101707047D7
:10236000505700200248017821F080010170704729
:10237000335700200248017821F040010170704776
:102380003357002010B50EF0B5FABDE810400EF03E
:10239000CFBA000010B508A10948EEF7C7F9044606
:1023A00008A1401CEEF7C2F9021B2146BDE810400F
:1023B0000548EEF7CDB9000024474E524D430000CA
:1023C0009A78002024000000805700200A21B0FBEA
:1023D000F1F201FB1202B0FBF1F042EA0010C0B2D0
:1023E0007047002204E00A21491EC9B2FCD2521CE7
:1023F0008242F8D3704700000249002048700AF07A
:1024000059BC0000205500200148F7F78DB90000A5
:102410000059002010B5044640888100A068EEF7FE
:1024200006FA0020A080207010BD10B50446806818
:1024300008B1EDF766FF0020A060A080207010BDFD
:102440000178826809B1807800E00079C1B2104655
:10245000FDF7BCBE10B50446418008460021A180AE
:102460002170A26822B181001046EDF771FF02E0F1
:102470000421EDF703FFA06010BD10B582884388EA
:102480009A4203D3002282800122027082888368EC
:102490009400521C8280195110BD000038B567208D
:1024A0008DF800000AF07CFD0C49002001224871E3
:1024B00001466846FDF78AFC0024214600200CF006
:1024C000CFFF641CE4B20E2CF7D3FCF799FC142068
:1024D000F6F7F2FFF6F70CF938BD0000207C00207B
:1024E00010B50A4913F006FA13F00CF80022084B55
:1024F00012F0CAFA12F018FD12F073FD0022054B1B
:1025000012F07EFBBDE8104012F08CBA0000C84209
:102510000000E03F00005940810705D16421B0FB75
:10252000F1F201FB120141B94FF4C871B0FBF1F2B5
:1025300001FB120008B10020704701207047000025
:102540002DE9F041C1F3074506460F46002340F24E
:10255000B27405F5FA6507E02046FFF7DDFF08B124
:102560005B1C9BB2641CA4B2AC42F5D3E81A40F2E7
:102570006D114843B7214B43184900EB4300441801
:102580000123DFF85C80C7F307270CE0022B05D19D
:102590002846FFF7C1FF08B11D3402E038F81300E8
:1025A00004445B1C9BB29F42F0D8641E04EB16608F
:1025B00040F2A322F1B2504301EBC012C6F307412F
:1025C0004FF461604143C6F30720C0EB001001EBFC
:1025D00080001044A0F5E140BDE8F0813607F5FF2A
:1025E0001457002010B5144600222260114A21F031
:1025F00000439342A8BF10BD53EA000208BF10BDBC
:10260000B3F5801FA8BF226807DA362213F026FB35
:102610006FF0350221F000432260DFF81CC06FF339
:102620001E510CEB23531A4441F0FF5141F000516D
:10263000226010BD0000F07F02FCFFFF10B50AF021
:1026400035F9002813D00A494888401C80B24880D8
:1026500040F2DC5290420AD30AF0CCF8002806D1AE
:102660004880FFF777FEBDE810400AF001BE10BDBC
:1026700050570020F0B51949044689B04FF080400A
:102680000860F2F7FFFE002501263B20CDE9000699
:10269000079507AF039504950296CDE90557104BB2
:1026A000022210492846FBF75DFF03950495CDE90A
:1026B0000557CDE900560C4B02220C490120029629
:1026C000FBF750FF2720607009482061042020702C
:1026D000084860610798E06009B0F0BDDC55002053
:1026E000D56D0208AA6A0208D16D0208AC6A020818
:1026F000526A0208526D0208F0B51949044689B0C1
:102700004FF080400860F2F7BDFE002507AF079547
:1027100003950495CDE905570126CDE90056114BE7
:102720000222114928460296FBF71CFF03950495E7
:10273000CDE90557CDE900560C4B02220C4901208A
:102740000296FBF70FFF0C2060700A4820610320FF
:102750002070094860610798E06009B0F0BD000092
:10276000DC550020D56D0208AA6A0208D16D020866
:10277000AC6A0208BF6C0208C26C02082DE9F04F77
:102780008FB080464FF08141FE48016024200790C1
:10279000F2F778FE002409940A940B940C940EF03E
:1027A00095F90E2818D2DFE800F0070DFEFDFCFBBE
:1027B000FAF9F8F7F6F5F4F311F054FA089011F07D
:1027C0004DFB08E011F07AFAFFF78AFE089011F04D
:1027D00071FBFFF785FE834609F06CFE4179012508
:1027E0000A27DFF8A4930BAE61297DD009F062FEC1
:1027F00040794D28F9D009F05DFE4079092874D060
:10280000584612F0F7FF81B26420B1FBF0F0B246F7
:102810000926CDE90346C0B20094CDE90140CDE9D7
:10282000055A00231A4660200799FAF7AAFBD749F0
:10283000584612F001FF834612F0DCFF80B2B0FB75
:10284000F7F1CDE9034607FB11000094CDE9014003
:10285000CDE9055A00231A4668200799FAF791FB3B
:10286000CA49584613F046F8834612F0C3FF80B2B7
:10287000B0FBF7F1CDE9034607FB11000094CDE969
:102880000140CDE9055A00231A4670200799FAF74E
:1028900078FBBE49584613F02DF812F0ABFF80B21A
:1028A000B0FBF7F1CDE9034607FB11000094CDE939
:1028B0000140CDE9055A00231A4680200799FAF70E
:1028C00060FB0CA8CDE90440CDE9009402940023FC
:1028D00003941A4678200799F8F72DFB0DF1240B85
:1028E0000B99CDF818B001E0F5E07FE2CDE90441A5
:1028F00003940094A64B0522A6490020CDE901458A
:10290000FBF730FE9F484FF08341006812F026FE2F
:102910000146A14812F022FE12F06CFFC0B20790EF
:10292000089812F067FF81B26420B1FBF0F0CDE9A6
:102930000346C0B20094CDE901400DF1280ACDE96B
:10294000055A00231A4660200799FAF71AFB8F49A7
:10295000089812F071FE089012F04CFF80B2B0FBA4
:10296000F7F1CDE9034607FB11000094CDE90140E2
:10297000CDE9055A00231A4668200799FAF701FBAA
:102980008249089812F0B6FF089012F033FF0BE06E
:102990009BE094E08DE086E07FE078E071E06AE023
:1029A0005FE058E051E04AE080B2B0FBF7F1CDE9DA
:1029B000034607FB11000094CDE90140CDE9055A1B
:1029C00000231A4670200799FAF7DBFA6F49089836
:1029D00012F090FF12F00EFF80B2B0FBF7F1CDE9DC
:1029E000034607FB11000094CDE90140CDE9055AEB
:1029F00000231A4680200799FAF7C3FA0CA8CDE9FC
:102A00000440CDE900940294002303941A467820F0
:102A10000799F8F790FA0A99CDF818B0CDE9044172
:102A2000039400945D4B05225D490120CDE90145E9
:102A3000FBF798FD03940494CDE9054BF2E211F005
:102A400037F9089011F030FAC5E611F018F908903E
:102A500011F011FABFE611F00BF9089011F004FA29
:102A6000B9E611F01FF920F00040089011F016FAB5
:102A700020F00040AFE611F009F9089011F002FAD9
:102A8000A9E611F0FBF8089011F0F4F9A3E611F0B3
:102A9000DBF8089011F0D4F99DE611F0DDF808900C
:102AA00011F0D6F997E611F0C9F8089011F0C2F9C3
:102AB00091E611F0CBF8089011F0C4F98BE611F013
:102AC000DFF8089011F0D8F985E611F0E5F80890E4
:102AD00011F0DEF97FE63349584612F0ADFD12F0F1
:102AE00089FEB2460926CDE90346C0B20094CDE97D
:102AF0000140CDE9055A00231A4658200799FAF7F4
:102B000040FA2949584612F097FD12F073FEB0FBC7
:102B1000F7F1CDE9034607FB11000094CDE9014030
:102B2000CDE9055A00231A4660200799FAF729FAD9
:102B30001E49584612F080FD12F05CFEB0FBF7F122
:102B4000CDE9034607FB11000094CDE90140CDE932
:102B5000055A00231A4668200799FAF712FA144911
:102B6000584612F069FD12F045FEB0FBF7F1CDE9D1
:102B7000034607FB11000094CDE9014000231A46EB
:102B800018E00000DC550020260000200000204155
:102B9000D86D0208806A020800001042E06D020849
:102BA000856A02080050C34700401C4600007A4472
:102BB0000000C842CDE9055A70200799FAF7E1F9FB
:102BC000FE49584612F038FD12F014FEB0FBF7F142
:102BD000CDE9034607FB11000094CDE90140CDE9A2
:102BE000055A00231A4678200799FAF7CAF9584679
:102BF00012F000FEB0FBF7F1CDE9034607FB110030
:102C00000094CDE90140CDE9055A00231A46802001
:102C10000799FAF7B6F9E949584612F06BFE12F037
:102C2000E9FDB0FBF7F1CDE9034607FB1100009485
:102C3000CDE90140CDE9055A00231A4690200799B5
:102C4000FAF79FF90CA8CDE90440CDE9009402946D
:102C5000002303941A4688200799F8F76CF90B991A
:102C60000DF1240BCDE90441CDF818B00394009484
:102C7000D34B0522D3490020CDE90145FBF772FC77
:102C8000D1484FF08341006812F068FC0146CF48FC
:102C900012F064FC12F0AEFDC0B20790089812F07A
:102CA000A9FD0D90CA49CDE90346B0FBF1F0C0B2D1
:102CB0000094CDE901400DF1280ACDE9055A002321
:102CC0001A4658200799FAF75CF9C249089812F099
:102CD000B3FC12F08FFDB0FBF7F1CDE9034607FB23
:102CE00011000094CDE90140CDE9055A00231A46B0
:102CF00060200799FAF745F9B749089812F09CFC4B
:102D000012F078FDB0FBF7F1CDE9034607FB1100A7
:102D10000094CDE90140CDE9055A00231A46682008
:102D20000799FAF72EF9AD49089812F085FC12F0D0
:102D300061FDB0FBF7F1CDE9034607FB11000094FC
:102D4000CDE90140CDE9055A00231A4670200799C4
:102D5000FAF717F99949089812F06EFC12F04AFD3B
:102D6000B0FBF7F1CDE9034607FB11000094CDE974
:102D70000140CDE9055A00231A4678200799FAF751
:102D800000F90D98CDE90346B0FBF7F107FB110000
:102D90000094CDE90140CDE9055A00231A46802070
:102DA0000799FAF7EEF88549089812F0A3FD12F09A
:102DB00021FDB0FBF7F1CDE9034607FB11000094BC
:102DC000CDE90140CDE9055A00231A469020079924
:102DD000FAF7D7F80CA8CDE904400023CDE9009418
:102DE000029403941A468820079912E611F074F8A9
:102DF00002A9B146442343220094019481E82D02A4
:102E000000231A4660200799FAF7BBF87249584622
:102E100012F012FC12F0EEFCB0FBF7F10926CDE93E
:102E2000034607FB11000094CDE90140CDE90559A7
:102E300000231A4668200799FAF7A3F8674958460D
:102E400012F0FAFB12F0D6FCB0FBF7F1CDE9034625
:102E500007FB11000094CDE90140CDE9055900239D
:102E60001A4670200799FAF78CF85449584612F020
:102E7000E3FB12F0BFFCB0FBF7F1CDE9034607FB23
:102E800011000094CDE90140CDE9055900231A460F
:102E900078200799FAF775F8584612F0ABFCB0FBAA
:102EA000F7F1CDE9034607FB11000094CDE901409D
:102EB000CDE9055900231A4680200799FAF761F8F1
:102EC0000B990DF1240ACDE90441CDF818A0039423
:102ED00000943B4B05223B490020CDE90145FBF71F
:102EE00041FB39484FF08341006812F037FB01463F
:102EF000364812F033FB12F07DFC00F0FF0B10F0AF
:102F0000E5FF4323CDE9020344220094CDE90425E3
:102F10000DF12809CDF81890002301941A4659465E
:102F20006020FAF72EF82C49089812F085FB12F071
:102F300061FCB0FBF7F1CDE9034607FB11000094FB
:102F4000CDE90140CDE9055900231A4659466820CC
:102F5000FAF717F82149089812F06EFB12F04AFCB4
:102F6000B0FBF7F1CDE9034607FB11000094CDE972
:102F70000140CDE9055900231A4659467020FAF759
:102F800000F80E49089812F057FB12F033FCB0FB22
:102F9000F7F1CDE9034607FB11000094CDE90140AC
:102FA000CDE9055900231A4659467820F9F7E9FF7B
:102FB000089812F01FFCB0FBF7F111E0000020416F
:102FC000D86D0208806A0208DC550020000010421B
:102FD000A086010000401C4600007A440000C84260
:102FE000CDE9034607FB11000094CDE90140CDE98E
:102FF000055900231A4659468020F9F7C2FF0A995D
:10300000CDF818A0CDE9044103940094144B052297
:1030100014490120CDE90145FBF7A4FA0394049477
:10302000CDE9054A022200940F4B10491046CDE924
:103030000145FBF797FA212188F801100C49C8F8DF
:103040001010042188F800100A49C8F814100999D2
:10305000C8F80C100C99C8F808100FB0BDE8F08F34
:10306000E06D0208856A0208CC6D0208AE6A0208AB
:10307000526A0208526D0208F0B52049054689B02F
:103080004FF081400860F2F7FDF9002407AF079484
:1030900003940494CDE905470126CDE90046184B79
:1030A0000222184920460296FBF75CFA3C20CDE943
:1030B0000006039404940296CDE90547124B0222C0
:1030C00012490120FBF74EFA03940494CDE9054719
:1030D000CDE9004602220E4B0E4910460296FBF740
:1030E00041FA272068700C482861042028700B489A
:1030F00068610798E86009B0F0BD0000DC55002069
:10310000D16D0208AC6A0208F56C0208F36C020883
:10311000EC6C0208EA6C0208DC6C0208E06C020845
:10312000F0B51F49054689B04FF081400860F2F7BD
:10313000A9F9002407AF079403940494CDE9054747
:103140000126CDE90046174B324617492046029624
:10315000FBF708FA03940494CDE90547CDE900464E
:10316000124B0222124901200296FBF7FBF903944D
:103170000494CDE90547CDE900460E4B01220E49E6
:1031800002200296FBF7EEF9222068700B482861B6
:10319000042028700A4868610798E86009B0F0BD0B
:1031A000DC5500204F7902084E7902084779020861
:1031B00045790208407902083F790208DC6C020870
:1031C000E06C0208F0B51A49044689B04FF081401E
:1031D0000860F2F757F9002501263620CDE90006F0
:1031E000079507AF039504950296CDE90557114B56
:1031F000042211492846FBF7B5F93A20CDE900062B
:10320000039504950296CDE905570C4B04220C4911
:103210000120FBF7A7F9052060700A48206104200F
:103220002070094860610798E06009B0F0BD0000B7
:10323000DC550020F16A0208ED6A0208E36A020820
:10324000DF6A02084E6A0208436D0208F0B526499B
:10325000054689B04FF081400860F2F713F9002469
:1032600007AF079403940494CDE905470126CDE9FF
:1032700000461E4B02221E4920460296FBF772F9B9
:1032800003940494CDE90547CDE90046194B032288
:10329000194901200296FBF765F903940494CDE9DE
:1032A0000547CDE90046154B032215490220029639
:1032B000FBF758F903940494CDE90547CDE900469E
:1032C0000322104B104910460296FBF74BF90520DC
:1032D00068700E482861042028700D4868610798BE
:1032E000E86009B0F0BD0000DC550020D16D020897
:1032F000AC6A02081D6F0208146F0208286F0208EA
:10330000176F0208336F02081A6F02084A6A020830
:10331000306D0208F0B51949044689B04FF080407D
:103320000860F2F7AFF8002501262020CDE900065D
:10333000079507AF039504950296CDE90557104B05
:10334000032210492846FBF70DF91F20CDE900069E
:10335000039504950296CDE905570B4B03220B49C3
:103360000120FBF7FFF805206070094921612070FA
:10337000084860610798E06009B0F0BDDC550020A6
:10338000D06C0208CD6C0208C26C0208BF6C020847
:10339000AE6C0208B36C020830B51349044689B01C
:1033A0004FF083400860F2F76DF8002507A80795F5
:1033B00003950495CDE905500120CDE90050024662
:1033C00002900A4B0A492846FBF7CCF82620607089
:1033D00008482061022020700748A56060610798B6
:1033E000E06009B030BD0000DC5500200C6F020821
:1033F0000B6F020870790208727902082DE9F04714
:10340000484905468AB04FF081400860F2F73AF823
:10341000002407940894099409F04CF8B0F8686007
:10342000642E00DB63264FF47A7096FBF0F100FB0C
:1034300011614FF0640991FBF9F00127CDE90447D0
:103440000DF12008C0B2CDF8188003940094CDE9A6
:10345000014000231A4624215820F9F792FD96FBDB
:10346000F9F109FB11614FF00A0991FBF9F04FF0F6
:10347000090ACDE9034AC0B20094CDE90140CDE983
:10348000057800231A4624216820F9F77AFD96FB77
:10349000F9F109FB1160CDE9034AC0B20094CDE90E
:1034A0000140CDE9057800231A4624217020F9F760
:1034B00068FD09A8CDE904401B48CDE900040023BC
:1034C000029403941A4624216020F7F734FD0898EB
:1034D00007AECDE90440069603940094CDE9014778
:1034E000124B042212490120FBF73CF80394049488
:1034F000CDE905460094CDE9014702220D4B0E4966
:103500001046FBF72FF80798E8600998A860262076
:1035100068700A48286104202870094868610AB068
:10352000BDE8F087DC55002026000020396E020837
:10353000A66A0208CC6D0208AE6A02085E7A02082A
:10354000627A02082DE9F0413F4905468AB03D48BC
:103550000860F1F797FF002407940894022009AE51
:103560000994CDE90204CDE904463848CDE90004C8
:103570000423374A24212046F7F7DDFCCDE9044631
:103580003448CDE900040023029403941A463821FC
:103590004C20F7F7D0FC4FF00908CDE9034808AFFD
:1035A00001260094CDE90567CDE9014600231A46BE
:1035B00038213420F9F7E5FCCDE903480094019463
:1035C000002302941A4638213C20CDE90567F9F71B
:1035D000D8FCCDE9034800940194002302941A46D4
:1035E00038214420CDE90567F9F7CBFCCDE9034844
:1035F00000940194002302941A4638215420CDE906
:103600000567F9F7BEFC089907A8CDE904410690C3
:10361000CDE900460394104B062210490020029683
:10362000FAF7A0FF0798E8600998A860262068705C
:103630000B482861042028700A4868610AB0BDE878
:10364000F081000000003042DC5500204B6B020886
:10365000476B0208260000203B6B0208356B02080E
:10366000507A0208547A02082DE9F0413F49054694
:103670008AB03D480860F1F705FF002407940894DC
:10368000022009AE0994CDE90204CDE90446384888
:10369000CDE900040423374A24212046F7F74BFCE8
:1036A000CDE904463448CDE9000400230294039494
:1036B0001A4638214C20F7F73EFC4FF00908CDE9B7
:1036C000034808AF01260094CDE90567CDE901461E
:1036D00000231A4638213420F9F753FCCDE903487A
:1036E00000940194002302941A4638213C20CDE92D
:1036F0000567F9F746FCCDE90348009401940023DF
:1037000002941A4638214420CDE90567F9F739FCBF
:10371000CDE9034800940194002302941A4638210D
:103720005420CDE90567F9F72CFC089907A8CDE9E5
:1037300004410690CDE900460394104B062210493F
:1037400000200296FAF70EFF0798E8600998A86033
:10375000262068700B482861042028700A48686198
:103760000AB0BDE8F081000000003042DC550020C6
:103770004B6B0208476B0208260000203B6B0208D7
:10378000356B0208357A0208397A02082DE9F043D0
:10379000424905468BB0404891460860F1F772FEF9
:1037A000002407940894022009AE0994CDE902048C
:1037B000CDE904463A48CDE900040423394A2421DE
:1037C0002046F7F7B8FBCDE904463748CDE90004B9
:1037D0000023029403941A4638214C20F7F7ABFBE0
:1037E0004FF00908CDE9034808AF01260094019481
:1037F000002302941A4638213420CDE90567F9F7F1
:10380000C0FBCDE9034800940194002302941A46BA
:1038100038213C20CDE90567F9F7B3FBCDE9034832
:1038200000940194002302941A4638214420CDE9E3
:103830000567F9F7A6FBCDE903480094019400233E
:1038400002941A4638215420CDE90567F9F799FB0F
:10385000089907A8CDE904410690CDE900460394F4
:10386000124B0622124900200296FAF77BFE0798B7
:10387000E8600998A860B9F1550F0AD02620687051
:103880000C482861042028700B4868610BB0BDE823
:10389000F0833820F3E7000000003042DC550020C0
:1038A0004B6B0208476B0208260000203B6B0208A6
:1038B000356B0208287A02082C7A02082DE9F043B9
:1038C000424905468BB0404891460860F1F7DAFD61
:1038D000002407940894022009AE0994CDE902045B
:1038E000CDE904463A48CDE900040423394A2421AD
:1038F0002046F7F720FBCDE904463748CDE9000420
:103900000023029403941A4638214C20F7F713FB46
:103910004FF00908CDE9034808AF0126009401944F
:10392000002302941A4638213420CDE90567F9F7BF
:1039300028FBCDE9034800940194002302941A4621
:1039400038213C20CDE90567F9F71BFBCDE9034899
:1039500000940194002302941A4638214420CDE9B2
:103960000567F9F70EFBCDE90348009401940023A5
:1039700002941A4638215420CDE90567F9F701FB76
:10398000089907A8CDE904410690CDE900460394C3
:10399000124B0622124900200296FAF7E3FD07981F
:1039A000E8600998A860B9F1560F0AD0262068701F
:1039B0000C482861042028700B4868610BB0BDE8F2
:1039C000F0833820F3E7000000003042DC5500208F
:1039D0004B6B0208476B0208260000203B6B020875
:1039E000356B0208437A0208477A02082DE9F04352
:1039F000404905468BB03E480860F1F743FD00247E
:103A000007940894022009AE0994CDE90204CDE997
:103A100004463948CDE900040423384A24212046CD
:103A2000F7F789FACDE904463548CDE900040023CB
:103A3000029403941A4638214C20F7F77CFA4FF091
:103A40000908CDE9034808AF01260094019400233A
:103A500002941A4638213420CDE90567F9F791FA26
:103A6000CDE9034800940194002302941A463821BA
:103A70003C20CDE90567F9F784FACDE903484FF01A
:103A800003090094CDE9014900231A463821442056
:103A9000CDE90567F9F775FACDE90348009401947B
:103AA000002302941A4638215420CDE90567F9F71E
:103AB00068FA089907A8CDE904410690CDE90046C7
:103AC0000394104B0622104900200296FAF74AFD93
:103AD0000798E8600998A860262068700B4828615C
:103AE00085F800900A4868610BB0BDE8F0830000DB
:103AF00000003042DC5500204B6B0208476B020887
:103B0000260000203B6B0208356B0208E6790208AC
:103B1000EF7902082DE9F0413F4905468AB03D485A
:103B20000860F1F7AFFC002407940894022009AE66
:103B30000994CDE90204CDE904463848CDE90004F2
:103B40000423374A24212046F7F7F5F9CDE9044646
:103B50003448CDE900040023029403941A46382126
:103B60004C20F7F7E8F94FF00908CDE903480420A5
:103B70000094CDE9014008AF012600231A46382100
:103B80003420CDE90567F9F7FCF9CDE90348009445
:103B90000194002302941A4638213C20CDE90567A0
:103BA000F9F7EFF9CDE9034800940194002302945A
:103BB0001A4638214420CDE90567F9F7E2F9CDE945
:103BC000034800940194002302941A46382154209B
:103BD000CDE90567F9F7D5F9089907A8CDE90441BA
:103BE0000690CDE9004603940F4B06220F490020B2
:103BF0000296FAF7B7FC0798E8600998A8602620B3
:103C000068700B482861032028700A4868610AB070
:103C1000BDE8F08100003042DC5500204B6B02080B
:103C2000476B0208260000203B6B0208356B020838
:103C3000EC790208FB7902082DE9F0413F4905467D
:103C40008AB03D480860F1F71DFC002407940894F1
:103C5000022009AE0994CDE90204CDE904463848B2
:103C6000CDE900040423374A24212046F7F763F9FD
:103C7000CDE904463448CDE90004002302940394BE
:103C80001A4638214C20F7F756F94FF00908CDE9CC
:103C9000034808AF012600940194002302941A46B9
:103CA00038213420CDE90567F9F76BF9CDE90348F0
:103CB0000094CDE90567CDE9014600231A46382175
:103CC0003C20F9F75EF9CDE9034800940194002304
:103CD00002941A4638214420CDE90567F9F751F9D5
:103CE000CDE9034800940194002302941A46382138
:103CF0005420CDE90567F9F744F9089907A8CDE9FB
:103D000004410690CDE900460394104B0622104969
:103D100000200296FAF726FC0798E8600998A86048
:103D2000262068700B482861032028700A486861C3
:103D30000AB0BDE8F081000000003042DC550020F0
:103D40004B6B0208476B0208260000203B6B020801
:103D5000356B0208E9790208F57902082DE9F0418E
:103D60003F4905468AB03D480860F1F78BFB0024C7
:103D700007940894022009AE0994CDE90204CDE924
:103D800004463848CDE900040423374A242120465C
:103D9000F7F7D1F8CDE904463448CDE90004002313
:103DA000029403941A4638214C20F7F7C4F84FF0D8
:103DB0000908CDE9034808AF0126009401940023C7
:103DC00002941A4638213420CDE90567F9F7D9F86D
:103DD000CDE9034805200094CDE9014000231A46AF
:103DE00038213C20CDE90567F9F7CBF8CDE9034848
:103DF00000940194002302941A4638214420CDE90E
:103E00000567F9F7BEF8CDE9034800940194002353
:103E100002941A4638215420CDE90567F9F7B1F824
:103E2000089907A8CDE904410690CDE9004603941E
:103E30000F4B06220F4900200296FAF793FB0798D2
:103E4000E8600998A860262068700B482861032064
:103E500028700A4868610AB0BDE8F081000030426D
:103E6000DC5500204B6B0208476B0208260000203F
:103E70003B6B0208356B0208017A02080A7A0208D5
:103E80002DE9F0433F4905468BB03D480860F1F706
:103E9000F9FA002409AE0994CDE904463A4807949A
:103EA00008944FF00209CDE90004CDE902940423FF
:103EB000364A24212046F7F73EF8CDE90446344837
:103EC000CDE900040023029403941A4638214C20C3
:103ED000F7F731F84FF00908CDE903480094CDE930
:103EE000014908AF012600231A4638213420CDE9C4
:103EF0000567F9F746F8CDE90348009401940023DB
:103F000002941A4638213C20CDE90567F9F739F8C3
:103F1000CDE9034800940194002302941A46382105
:103F20004420CDE90567F9F72CF8CDE90348009462
:103F30000194002302941A4638215420CDE90567E4
:103F4000F9F71FF8089907A8CDE904410690CDE9D3
:103F5000004603940F4B06220F4900200296FAF701
:103F600001FB0798E8600998A860262068700B4854
:103F700003212861297068610BB0BDE8F08300005F
:103F800000003042DC5500204B6B0208476B0208F2
:103F9000260000203B6B0208356B0208047A0208F9
:103FA000F0B53049054689B04FF083400860F1F71D
:103FB00069FA00240894079408A803940494CDE9AE
:103FC00005400126CDE90046274B324627492046C9
:103FD0000296FAF7C7FA07AFCDE9044724A0CDE966
:103FE0000004CDE9026400231A4688211420F6F764
:103FF000A2FF08F05FFACDE904473830CDE90004AC
:10400000CDE9026400231A4678211846F6F793FF9B
:10401000CDE9044718A0CDE90004CDE902640023EE
:104020001A4688216920F6F786FF08F043FACDE9A1
:1040300004473130CDE90004CDE9026400231A467B
:1040400078215620F6F777FF262068700B48286104
:10405000022028700A4868610798A8600898E860FC
:1040600009B0F0BDDC5500200C6F02080B6F020890
:104070006D672F4C000000004E545500697902080E
:104080006B790208F8B50C46104905464FF08040A0
:104090000860F1F7F7F900200090012C0BD00A2CF2
:1040A00010D109F099F806460CF0EEFC01463046B6
:1040B000F1F764FC01E008F0FDF9027E694628464C
:1040C00006F05EFC0098E8606C70F8BDDC550020DE
:1040D0002DE9F04FDFF864A48BB005464FF0814125
:1040E0002420CAF800100790F1F7CCF900260896B2
:1040F00009960A9608F0DEF9044608F0DBF94079E3
:104100004D287DD0E06E11F0FDF904460F4608F011
:10411000D1F90DF1280BCDE9046B4FF001092B30DB
:10412000CDE90296CDE900060023B0461A4650209C
:104130000799F6F700FF08A803960496CDE90560F5
:1041400000960196FE4B0422FE4900200296FAF7E3
:1041500009FA4FF08341DAF8000011F0FFF9014647
:10416000F94811F0FBF911F045FBC0B207900FF0D0
:104170000BFFF64E0DF1240A00287DD008F09AF9C5
:104180004079F34B5A3807284FF000022046394651
:1041900073D810F08DFF0022EE4B10F075FC10F07C
:1041A000C3FE074642F2107097FBF0F0CDE9038999
:1041B000C0B2CDF80080CDE90180CDE9059A002399
:1041C00044461A4648200799F8F7DBFE42F2107081
:1041D00097FBF0F100FB11714FF47A7091FBF0F056
:1041E0000921CDE90341C0B20094CDE90140CDE9F8
:1041F000059A00231A4650200799F8F7C2FE00E0FE
:1042000042E04FF47A7097FBF0F100FB11716420EB
:1042100091FBF0F00922CDE90342C0B20094CDE950
:104220000140CDE9059A00231A4658200799F8F76E
:10423000A8FE642097FBF0F100FB11710A2091FBAE
:10424000F0F00921CDE90341C0B20094CDE901406D
:10425000CDE9059A00231A4668200799F8F791FEE0
:104260000A2097FBF0F10922CDE9034200FB11700F
:104270000023C0B21A4601E065E00DE00094CDE9EC
:104280000140CDE9059AC8E0F4F79AFD11F0D2FAA1
:10429000E16E11F063F936E710F00AFF10F044FE0A
:1042A000074642F2107097FBF0F0CDE90389C0B2E7
:1042B000CDF80080CDE90180CDE9059A0023444680
:1042C0001A4650200799F8F75CFE42F2107097FBEF
:1042D000F0F100FB11714FF47A7091FBF0F00922BC
:1042E000CDE90342C0B20094CDE90140CDE9059A81
:1042F00000231A4658200799F8F743FE4FF47A70C6
:1043000097FBF0F100FB1171642091FBF0F00921A3
:10431000CDE90341C0B20094CDE90140CDE9059A51
:1043200000231A4660200799F8F72BFE642097FBBC
:10433000F0F100FB11710A2091FBF0F00922CDE9A8
:104340000342C0B2E8E008F0B5F84079804B5A3833
:1043500007284FF00002204639467CD810F0A8FE0E
:1043600000227C4B10F090FB10F0DEFD07464FF46E
:104370007A7097FBF0F04FF0090ACDE9038AC0B2DA
:10438000CDF80080CDE9018009A9CDE90591002390
:1043900044461A4650200799F8F7F3FD4FF47A7017
:1043A00097FBF0F100FB1171642091FBF0F0CDE977
:1043B000034AC0B20094CDE9014009A9CDE90591B5
:1043C00000231A4658200799F8F7DBFD642097FB75
:1043D000F0F100FB11710A20CDE9034A91FBF0F0E6
:1043E00009AA0094CDE90592C0B2CDE901400023AD
:1043F0001A4668200799F8F7C4FD0A2097FBF0F1E8
:1044000000FB1170CDE9034AC0B20094CDE9014030
:1044100009A9CDE9059100231A4670200799F8F7FC
:10442000B0FDCDE9044BCDE9006402940023039470
:104430001A4660200799F6F77EFD099808AECDE987
:104440000480042244464F46CDF80C800696424B29
:104450004249012000E021E0CDF80080CDE901894A
:10446000FAF780F803940494CDE905460094CDE969
:10447000014702223A4B3B491046FAF773F8089875
:10448000E8600A98A86026206870374828610220F2
:104490002870364868610BB0BDE8F08F10F008FE58
:1044A00010F042FD07464FF47A7097FBF0F00923B5
:1044B000CDE90383C0B2CDF80080CDE90180CDE91C
:1044C000059A002344461A4658200799F8F759FDE3
:1044D0004FF47A7097FBF0F100FB1171642091FBAF
:1044E000F0F00923CDE90343C0B20094CDE90140C7
:1044F000CDE9059A00231A4660200799F8F741FD97
:10450000642097FBF0F100FB11710A2091FBF0F0A1
:104510000921CDE90341C0B20094CDE90140CDE9C4
:10452000059A00231A4670200799F8F72AFDCDE96D
:10453000044B0023029403941A4619E0DC55002032
:10454000306E0208A26A0208000010422600002015
:10455000000059400000E03F396E0208A66A0208D8
:10456000CC6D0208AE6A020862790208647902081A
:10457000CDE90064682007995DE70000F0B51949AE
:10458000044689B04FF082400860F0F77BFF0025B9
:1045900007AF079503950495CDE905570126CDE9A9
:1045A0000056114B0722114928460296F9F7DAFF07
:1045B00003950495CDE90557CDE900560C4B08222B
:1045C0000C4901200296F9F7CDFF272060700A48B8
:1045D0002061042020700948A56060610798E060B0
:1045E00009B0F0BDDC550020DE7C0208D77C020853
:1045F000F17C0208E97C0208C47C0208C87C02083D
:10460000F0B51849044689B04FF080400860F0F7D3
:1046100039FF002507AF079503950495CDE90557A8
:104620000126CDE90056104B022210492846029679
:10463000F9F798FF03950495CDE90557CDE90056A4
:104640000B4B02220B4901200296F9F78BFF667093
:104650000948206104202070084860610798E060E4
:1046600009B0F0BDDC550020D56D0208AA6A020829
:10467000D16D0208AC6A0208B37A0208B77A020860
:104680002DE9F04F984905468BB096480860F0F741
:10469000F9FE00240DF1240A0994CDE9044A079497
:1046A000089402219148CDE90214CDE900040423C5
:1046B0008F4A24212046F6F73EFC07F0FBFE4079A6
:1046C0008C4F01260DF120084FF0090960282BD0EE
:1046D00007F0F0FE40794D2857D004A847460394D0
:1046E00080E8D0000023009401941A463821342039
:1046F0000294F8F746FC04A8039480E8D000002355
:10470000009401941A4638213C200294F8F739FCB1
:1047100004A8039480E8D000002338210094019479
:104720001A4644200294C8E0CDE9044ACDE9007459
:104730000023029403941A4638214C20F6F7FBFB21
:1047400004A84746039480E8D00000230094019415
:104750001A46382134200294F8F713FC04A8039475
:1047600080E8D0000023009401941A4638213C20B0
:104770000294F8F706FCCDE90349002338210094A0
:1047800001941A46442002943BE00FF099FB4FF04D
:10479000440B002869D00FF093FB0A2865D0CDE9BF
:1047A000044ACDE900740023029403941A46382188
:1047B0004420F6F7C0FB04AA4746584600940194EB
:1047C00082E8C1004321CDE902B100231A46382115
:1047D0003420F8F7D6FBCDE9034900940194002377
:1047E00002941A4638213C20CDE90567F8F7C9FB49
:1047F000CDE9034900233821009401941A464C2046
:104800000294CDE90567F8F7BCFBCDE90349002325
:104810003821009401941A4654200294CDE905678A
:10482000F8F7AFFB089907A8CDE904410690CDE958
:1048300000460394304B0622304900200296F9F7D7
:1048400091FE0798E8600998A86007F033FE407968
:104850004D283ED026206870294828610220287003
:10486000284868610BB0BDE8F08F04AA4746584657
:104870000094019482E8C1004321CDE902B10023F4
:104880001A4638213420F8F77CFBCDE9034900941F
:104890000194002302941A4638213C20CDE9056793
:1048A000F8F76FFBCDE903490094019400230294CB
:1048B0001A4638214420CDE90567F8F762FBCDE9B7
:1048C000034900233821009401941A464C20029495
:1048D000A4E7272068700C482861042028700B4842
:1048E000BFE7000000003042DC5500204B6B02089F
:1048F000476B0208260000203B6B0208356B02085C
:10490000697902086B790208887D02088C7D0208AB
:104910002DE9F04FDFF8B8B105468BB04FF081407C
:104920004FF02409CBF80000F0F7ACFD0024079409
:104930000894099407F0BEFDD0F8840010F0E2FD61
:104940000646884607F0B6FD09A9CDE904414F3077
:104950000127CDE90004CDE9027400231A46494637
:104960005820F6F7E8FA0DF11C0A03940494CDE9F7
:10497000054A00940194574B0422574900200294A1
:10498000F9F7F0FD4FF08341DBF8000010F0E6FD91
:104990000146524810F0E2FD10F02CFF00F0FF0B32
:1049A00000224F4B3046414610F082FB10F0BCFA1B
:1049B000064642F210704FF0090996FBF0F0CDE97F
:1049C00003490DF120080094CDE90578C0B2CDE986
:1049D000014000231A4659465820F8F7D2FA4FF4FE
:1049E0007A7096FBF0F100FB1161642091FBF0F00E
:1049F000CDE90349C0B20094CDE90140CDE9057885
:104A000000231A4659466820F8F7BBFA642096FB43
:104A1000F0F100FB11610A2091FBF0F0CDE90349B0
:104A2000C0B20094CDE90140CDE9057800231A46D3
:104A300059467020F8F7A5FA0A2096FBF0F100FB22
:104A40001160CDE90349C0B20094CDE90140CDE940
:104A5000057800231A4659467820F8F792FA09A8F3
:104A6000CDE904401F48CDE90004002302940394DB
:104A70001A4659466020F6F75EFA0899CDF818A054
:104A8000CDE9044103940094CDE90147164B04227B
:104A900016490120F9F766FD03940494CDE9054A0F
:104AA0000094CDE901470222114B12491046F9F753
:104AB00059FD0798E8600998A860272068700E489B
:104AC0002861082028700D4868610BB0BDE8F08FA0
:104AD000DC550020306E0208A26A02080000104275
:104AE00000408F4026000020B46A0208B06A020825
:104AF000CC6D0208AE6A02081B7C0208237C020807
:104B00002DE9F04FDFF890B105468BB04FF08140B2
:104B10004FF02409CBF80000F0F7B4FC0024079410
:104B20000894099407F0C6FCD0F8800010F0EAFC65
:104B30000646884607F0BEFC09A9CDE90441473086
:104B40000127CDE90004CDE9027400231A46494645
:104B50005820F6F7F0F90DF11C0A03940494CDE9FE
:104B6000054A009401944D4B04224D4900200294C3
:104B7000F9F7F8FC4FF08341DBF8000010F0EEFC91
:104B80000146484810F0EAFC10F034FE00F0FF0B3C
:104B90000022454B3046414610F08AFA0022434B32
:104BA0000FF072FF10F0C0F9064664204FF00909BB
:104BB00096FBF0F0CDE903490DF120080094CDE912
:104BC0000578C0B2CDE9014000231A465946582065
:104BD000F8F7D7F9642096FBF0F100FB11610A2089
:104BE00091FBF0F0CDE90349C0B20094CDE901405A
:104BF000CDE9057800231A4659466820F8F7C1F92F
:104C00000A2096FBF0F100FB1160CDE90349C0B228
:104C10000094CDE90140CDE9057800231A465946B4
:104C20007020F8F7AEF909A8CDE904402048CDE995
:104C300000040023029403941A4659466020F6F7B4
:104C40007AF90899CDF818A0CDE9044103940094AD
:104C5000CDE90147174B042217490120F9F782FCDF
:104C600003940494CDE9054A0094CDE9014702225A
:104C7000124B13491046F9F775FC0798E86009983C
:104C8000A860272068700F482861062028700E4809
:104C900068610BB0BDE8F08FDC550020306E020873
:104CA000A26A020800001042000059400000E03FE4
:104CB00026000020B46A0208B06A0208CC6D02081F
:104CC000AE6A0208307C0208367C020810B5124930
:104CD000044688B04FF083400860F0F7D3FB002013
:104CE00007A9079003900490CDE905010121CDE9C2
:104CF00000010A460291094B0949F9F733FC0720E4
:104D0000607008482061042020700748606107989F
:104D1000E06008B010BD0000DC5500200C6F0208F8
:104D20000B6F02086E6A02089F6D02082DE9F04FB2
:104D300087B0002482460694F0F7A4FBFE4DE86B92
:104D400010F0E0FBCDE90001FCA20721FD48EBF7E4
:104D5000D3FB2846006C10F0D5FBCDE90001F948E3
:104D6000F6A20721C01DEBF7C7FB06AECDE904464E
:104D7000F5484FF00209CDE90004CDE90294032380
:104D8000F24A20210020F6F7D6F8CDE904464FF08C
:104D900001082846CDE90004CDE9028400234746F6
:104DA0001A4620213020F6F7C6F8CDE90446E84837
:104DB000CDE90004CDE9027400231A4630211846DB
:104DC000F6F7B9F8CDE9044605F10D00CDE9000488
:104DD000CDE9027400231A4630211820F6F7ABF80B
:104DE000CDE90446DB48CDE90004CDE90274002397
:104DF0001A4640211846F6F79EF8CDE90446A5F17B
:104E00000E00CDE90004CDE9027400231A464021CA
:104E10001820F6F790F82846806B10F073FBCDE968
:104E20000001C848C5A207210E30EBF765FBCA4850
:104E3000DFF810B3032700780BF11C0B0E287DD28E
:104E4000DFE800F007FBFAF9F8F7F6F5F4F3F2F112
:104E5000F0EFA86C10F056FBCDE90001B948B7A2FD
:104E600007211530EBF748FBBC49686C884209DB29
:104E700010F0C0FC0346B348B9A207211C30EBF781
:104E80003BFB09E010F03EFBCDE90001AD48ABA2D1
:104E900007211C30EBF730FBCDE90446B148CDE9E2
:104EA0000004CDE902940223AF4A50210020F6F716
:104EB00042F80EF04FFF08B1202000E040200DF135
:104EC0000C0C4546082100948CE86200CDE90147AE
:104ED00000231A465021F6F72EF8CDE904469948EA
:104EE000CDE90004CDE9025400231A465021702078
:104EF000F6F721F8CDE904469C48CDE90004CDE958
:104F00000294C84602239A4A60210020F6F713F85B
:104F10000EF020FF08B1202000E040200DF10C0928
:104F20000A21009489E86200CDE9014700231A466E
:104F30006021F6F700F8CDE9025400E09AE38148D9
:104F4000CDE90446C01DCDE9000400231A466021C6
:104F50007020F5F7F0FFCDE904468648CDE900045E
:104F6000CDE902840223844A70210020F5F7E3FF93
:104F70000DF10409009489E89001CDE9045600235D
:104F80001A4670212020F5F7D6FF6E48CDE9044679
:104F90000E30CDE90004CDE90254002370211A46F9
:104FA0000846F5F7C8FFCDE90446DFF8D091CDE912
:104FB0000284CDE900940323714A80210020F5F793
:104FC000BAFF0EF0C7FE08B1302000E010200094B8
:104FD000CDE90275CDE9045600231A4680210194DB
:104FE000F5F7A9FF5748CDE904461530CDE900048F
:104FF000CDE9025400231A4680217020F5F79BFF6B
:10500000CDE90446CDE90284CDE9009403235C4A4E
:1050100090210020F5F78FFF0EF09CFE70B130203C
:105020000DE0FAE3FAE3FAE3A5E331E323E314E363
:105030004EE223E2D0E0CDE05BE009E01020042165
:105040000DF10C08009488E8620000231A46FCE287
:105050004249E86C884209DB10F0CCFB0346394832
:105060003FA207211C30EBF747FA09E010F04AFA9B
:10507000CDE90001334831A207211C30EBF73CFA9F
:10508000CDE904463B48CDE90004CDE90294022372
:10509000394A70210020F5F74EFF0DF1040C009401
:1050A0008CE89002CDE90486002345461A4670211B
:1050B0002020F5F740FF2348CDE904460E30CDE926
:1050C0000004CDE90254002370211A460846F5F782
:1050D00032FFCDE904462B48CDE90004CDE9029426
:1050E0000123294A80210020F5F725FFCDE902544C
:1050F00038E31A49686E884209DB10F07BFB0346EF
:10510000104817A207211C30EBF7F6F909E010F060
:10511000F9F9CDE900010B4808A207211C30EBF793
:10512000EBF9CDE90294CDE9044602234D46174838
:10513000174A90212EE00000645B002025362E32B5
:105140006600000008560020436C0208406C02080C
:105150004E6C02084A6C02082555002000401C468F
:1051600025640000546C0208526C02085F6C02084F
:105170005D6C02086479020862790208BE7902084F
:10518000BB790208AF7B0208AE7B0208797C02087B
:10519000777C0208CDE900040020F5F7CCFE0EF084
:1051A000D9FD08B1302000E01020FF49CDE90014FE
:1051B000CDE90254CDE9048647460223FB4A9021FB
:1051C000F5F7B9FECDE90274CDE9044600231A468D
:1051D0009021CCE2686F41E2A86D10F1FF4F0ED232
:1051E000F34988420BDA10F08DF9AFF2B002CDE945
:1051F00000010721EF48EBF77FF9E86D3AE0EC4951
:1052000049420144B1F1D97F0AD210F07BF9CDE9CE
:105210000001E9A20721E748EBF76EF9E86D45E0E8
:10522000E749E84A014491420CD210F0E3FA034600
:10523000E5A20721DF48EBF75FF9E86D10F0DAFA35
:1052400003464FE0E149E24A0144914217D2DC496A
:10525000494210F0F1F910F055F9AFF22012CDE902
:1052600000010721D348EBF747F9D549E86D4942DA
:1052700010F0E2F910F046F9AFF2401219E0D5490A
:10528000D54A014491421CD2CD49494210F0D4F98B
:1052900010F038F9CDE90001C7A20721C548EBF7A6
:1052A0002BF9C749E86D494210F0C6F910F02AF908
:1052B000C1A2CDE90001BF480721C01FEBF71CF9CF
:1052C00016E0C649884213DB4FF47A73BEA2072169
:1052D000B848EBF711F9E86D10F08CFA4FF47A71D9
:1052E000B0FBF1F3B348B8A20721C01FEBF704F9F4
:1052F0000EF0F8FD052804D1B949286E10F09CF98C
:105300002866B848006E10F1FF4F07D2A8498842BE
:1053100004DA10F0F7F8AFF2DC1208E0A4494942D1
:105320000144B1F1D97F0AD210F0ECF8A2A2CDE984
:105330000001A04807212330EBF7DEF80CE0A0497C
:105340004942884208DB10F055FA034699489EA26C
:1053500007212330EBF7D0F8CDE90446A248CDE988
:105360000004CDE902944D460223A04A50210020BA
:10537000F5F7E1FD0596CDE903540094CDE9014729
:1053800000231A4650212020F5F7D5FD8948CDE9A4
:1053900004460E38CDE90004CDE9028400231A4604
:1053A00050217020F5F7C7FDCDE904469048CDE9BE
:1053B0000004CDE9025403238E4A60210020F5F752
:1053C000BAFD88488149806D4942884213DB0EF05E
:1053D000C1FC08B1302000E0182003AA0F2182E8A8
:1053E00052000094CDE9014700231A466021F5F7E9
:1053F000A2FD112012E00EF0ADFC08B1302000E05B
:10540000182003AA052182E852000094CDE9014743
:1054100000231A466021F5F78EFD042003A900231E
:1054200081E851000094CDE901471A4670212020FF
:10543000F5F781FDCDE90446CDE90284CDE900B45C
:10544000002345461A4660217020F5F774FDCDE92A
:1054500004466948CDE90004CDE902940223674A75
:1054600070210020F5F767FD5248CDE90254CDE9DF
:1054700004460023C01F1A4670214DE35349686D4E
:10548000494210F09BF903465DA207214948EBF71A
:1054900033F8CDE904465B48CDE90004CDE9029438
:1054A0000223594A90210020F5F745FD0EF052FCE9
:1054B00003A9072081E851000094CDE901470023AA
:1054C0001A4690213020F5F736FDCDE902847BE6BF
:1054D000E86C10F017F8AFF29C32CDE900013548C6
:1054E0000721C01FEBF708F83849A86E49428842E7
:1054F00009DB10F07FF90346AFF29C3207212D48FB
:10550000EAF7FAFF09E00FF0FDFFAFF2D032CDE984
:10551000000107212748EAF7EFFFCDE904463248AA
:10552000CDE90004CDE902944D4602232F4A7021B3
:105530000020F5F700FD05960094CDE90147CDE97F
:10554000035800231A4670212020F5F7F4FC19486F
:10555000CDE904460E38CDE90004CDE902840023EC
:1055600070211A460846F5F7E6FCCDE904462748BF
:10557000CDE90004CDE902540123254A8021002011
:10558000F5F7D9FC0B48CDE90446C01FCDE900046E
:10559000CDE9028400231A4680217020F5F7CBFC68
:1055A000CDE902541B4837E08D7902088B79020857
:1055B0000000C8422456002025362E316600000027
:1055C000000086BB0040A2012536640000C0E3B99C
:1055D0000010A70100B03CB800D4B0010024744909
:1055E00000002041645B00206479020862790208AF
:1055F000187C0208157C02080F7C02080D7C02084A
:10560000253564007F7C02087D7C0208AF7B0208A0
:10561000AE7B0208937B0208CDE90446CDE9000485
:105620000223FD4A90210020F5F785FC0EF092FB45
:1056300008B1302000E0102004210DF10C0945468E
:10564000009489E8620000231A469021CDE90147C1
:10565000F5F771FCCDE90254B6E5E86EEF498842F2
:105660000BDB10F0C7F80346AFF20C520721EC48F1
:10567000EAF742FFCAE2286FF0E70FF043FFAFF20C
:105680004452CDE900010721E548EAF735FFBDE2C4
:10569000A86F10F1FF4F02D2E249884205DBE149D1
:1056A00049420144B1F1D47F0AD20FF02BFFAFF28F
:1056B000F802CDE900010721D948EAF71DFF0DE006
:1056C000D949DA4A0144914208D210F093F80346CE
:1056D000AFF20C120721D248EAF70EFFCDE90446DB
:1056E000D348CDE90004CDE902944D460223D14AC6
:1056F00070210020F5F71FFC05960094CDE90147C5
:10570000CDE9035800231A4670212020F5F713FC39
:10571000C348CDE904460E38CDE90004CDE9028442
:10572000002370211A460846F5F705FCCDE904462A
:10573000C148CDE90004CDE902540323BF4A8021CA
:105740000020F5F7F8FBCDE90446BD48CDE900049B
:10575000CDE902540223BB4A80213820F5F7EBFB48
:10576000CDE90284CDE9044600231A468021CDE923
:1057700000B4702048E2B448A849C06F884235DBC5
:10578000B14D0FF0BFFE0022B04B0FF039FA0022EE
:10579000AF4B0FF051FCE86F06D20FF0B3FE0022C2
:1057A000AA4B0FF02DFA2FE00FF0ACFE0022A74B12
:1057B0000FF026FA0022A74B0FF03EFC09D2E86F4B
:1057C0000FF0A0FE0022A14B0FF01AFA0FF0DCFB45
:1057D00028E0E86F0FF096FE00229C4B0FF010FAC5
:1057E00000229A4B0FF028FC23D2E8E78D4988422B
:1057F00004DA0FF087FEAFF2BC6207E08A49494243
:1058000088420DDA0FF07EFEAFF25422CDE900019E
:1058100007218348EAF770FE0BE009E27DE154E0DE
:105820000FF0E8FF0346AFF2602207217C48EAF759
:1058300063FECDE904467E48CDE90004CDE902943B
:1058400002237C4A70210020F5F775FB0DF1040C52
:1058500000948CE89002CDE90486002345461A4660
:1058600070212020F5F767FB6D48CDE904460E381E
:10587000CDE90004CDE90254002370211A46084600
:10588000F5F759FBCDE904467348CDE90004CDE9AD
:1058900002940323714A80210020F5F74CFB6A48EB
:1058A000C16F5E48814203DB0EF054FA0E2002E025
:1058B0000EF050FA0D200DF10C080094002388E83A
:1058C00061001A4690211846C0E6686E0FF01AFE75
:1058D000AFF29872CDE9000151480721C01FEAF7E5
:1058E0000BFE4E49D5F88000884209DB0FF082FF9D
:1058F0000346AFF22C3207214948EAF7FDFD09E0E3
:105900000FF000FEAFF25032CDE90001072144480C
:10591000EAF7F2FD4149D5F8840088420ADB0FF02E
:1059200069FF0346AFF260323D4807212330EAF7B2
:10593000E3FD0AE00FF0E6FDAFF28432CDE90001AD
:10594000374807212330EAF7D7FD06F0B3FD407949
:105950000A2804D006F0AEFD40794A2802D10EF0A4
:1059600005FA60B3CDE904463D48CDE90004CDE930
:10597000029402233B4A90210020F5F7DCFA0EF056
:10598000E9F908B1302000E0102003AA454682E87A
:105990007000354902238DE81202344A9021F5F750
:1059A000CAFA1F48CDE90446C01FCDE90004CDE97D
:1059B000025400231A4690217020F5F7BCFACDE975
:1059C00004461B48CDE90004CDE902944D4602236C
:1059D000184A60210020F5F7AEFA05960094CDE94B
:1059E0000147CDE9035800231A4660212020F5F72E
:1059F000A2FA0B48CDE904460E38CDE90004CDE902
:105A0000028400231A4660217020F5F794FACDE94C
:105A1000025417482EE00000917B020800401C460B
:105A20002456002000002041000038BD00A044039F
:105A30006479020862790208A57C0208A27C020847
:105A4000AB7C0208A97C0208645B002000408F4008
:105A50000000244000005940137D0208107D020818
:105A6000797C0208777C02088D7902088B7902081C
:105A70001E7A0208CDE90446CDE900040223B04AAB
:105A800070210020F5F757FA0EF064F908B13020C4
:105A900000E0102045460DF1040C4FF0040800947E
:105AA0008CE89001CDE9045600231A467021F5F7E1
:105AB00042FACDE90446CDE90254CDE900B4002311
:105AC00070211A460846F5F736FACDE904469D4896
:105AD000CDE90004CDE9029402239B4A80210020F5
:105AE000F5F729FA0EF036F908B1302000E0102061
:105AF0000DF10409009489E89001CDE904560023D2
:105B00001A468021F5F717FACDE90254CDE904468B
:105B100000238E481A4680210DE10EF0D1F9E8B33A
:105B20000EF0CEF90A283AD0D5F88C000FF0EAFC36
:105B30000022874B0FF064F8CDE9000185A208210F
:105B40008248EAF7D9FCCDE904468448CDE900044F
:105B5000CDE902940423824A50210020F5F7EBF9A5
:105B6000CDE904467948CDE90004CDE9028400235B
:105B700045461A4650216820F5F7DDF90EF0A0F9E8
:105B8000C0B10EF09DF905281CD00EF099F90A2835
:105B900023D00EF095F9142827D037E0FFE7D5F889
:105BA0008C000FF00BFE03466EA208216748EAF74F
:105BB000A3FCC8E70EF0CEF808B1402000E0282092
:105BC000042106E00EF0C6F808B1402000E02820CD
:105BD000092103AA82E8520010E00EF0BBF808B1D8
:105BE000402000E028201021F3E70EF0B3F808B1C0
:105BF000402000E028200596CDE903540094CDE92B
:105C0000014700231A465021F5F795F90699CAF87D
:105C100008101B218AF801105349CAF810100421FA
:105C20008AF800105149CAF8141007B0BDE8F08F87
:105C3000A86B0FF067FCAFF28062CDE9000143482A
:105C400007213138EAF758FC4949D5F890008842D5
:105C500003DB0FF057FC47A209E04849884203DB09
:105C60000FF050FC3BA202E00FF04CFC44A2CDE947
:105C7000000108213548EAF73FFCCDE904464248D7
:105C8000CDE90004CDE902940323404A60210020BD
:105C9000F5F751F9CDE904462C48CDE90004CDE9EA
:105CA0000284002345461A4660216820F5F743F92F
:105CB00006F000FC40791D2804D00EF04BF848B1E6
:105CC000402008E00EF046F808B1402000E028200F
:105CD000102101E02820122103AA002382E85200AB
:105CE0000094CDE901471A466021F5F724F9CDE982
:105CF00004462748CDE90004CDE90294C8460223B2
:105D0000244A50210020F5F716F90DF1040B0094F8
:105D10008BE89001CDE9045600231A46502120203B
:105D2000F5F709F90948CDE90254CDE90446002305
:105D300031381A465021CDE90004702064E7000094
:105D40001C7A0208247A0208227A020847560020A8
:105D50000000594025372E32660000005E7D0208A3
:105D60005A7D0208253764006A6A0208956D0208A8
:105D70000000C84225372E31660000000000204197
:105D800025372E3366000000BC7D0208B97D02086D
:105D900064790208627902082DE9F04188B0002494
:105DA00005460694EFF76EFB06AECDE904462F4894
:105DB0004FF00208CDE90004CDE9028403232C4A08
:105DC00020210020F5F7B7F8CDE90446294801273E
:105DD000CDE90004CDE9027400231A4630211846AB
:105DE000F5F7A9F82348CDE90446801CCDE9000465
:105DF000CDE9027400231A4630211820F5F79BF8EC
:105E0000CDE904461C48CDE90004CDE90284032312
:105E10001A4A40210020F5F78EF81648CDE90446CD
:105E2000801ECDE90004CDE9027400231A465021FA
:105E30001846F5F780F80F48CDE904460E30CDE955
:105E40000004CDE9027400231A4650211820F5F70A
:105E500072F80698A8601B20687009482861042021
:105E600028700848686108B0BDE8F081796C0208C4
:105E7000766C0208805B00206B6C0208686C02087C
:105E80006A6A0208956D020810B51249044688B086
:105E90004FF083400860EFF7F5FA002007A907905C
:105EA00003900490CDE905010121CDE900010291A3
:105EB000094B02220949F8F755FB08206070084891
:105EC000206104202070074860610798E06008B0F6
:105ED00010BD0000DC550020CC6D0208AE6A02083F
:105EE000666A02088A6D02082DE9F04389B0884687
:105EF0000024974907460794944808940860EFF7F0
:105F0000C1FA07AD9348CDE904450226CDE9000466
:105F1000CDE902640323904A20210020F5F70BF815
:105F20008E48CDE90445CDE90004CDE9026405239E
:105F30008B4A30210020F4F7FEFF8A48CDE9044562
:105F4000CDE90004CDE902640523874A4021002001
:105F5000F4F7F1FF8548CDE90445CDE90004CDE92A
:105F600002640523824A50210020F4F7E4FF4046F2
:105F700007F086FEDFF8FC9199F8000008F05CFF5E
:105F8000034673487CA20521001DEAF7B5FA99F88B
:105F900000000E281DD2DFE800F0070F641C6C74AF
:105FA0007C848C949CA4ACB4CDE902647348CDE9A4
:105FB00004450323724A06E0CDE902647148724A3F
:105FC000CDE904450123CDE9000420213020F4F778
:105FD000B2FF6E48CDE904450126CDE90004CDE9C4
:105FE000026400231A4630215020F4F7A4FF5848D9
:105FF000CDE90445001DCDE90004CDE9026400238C
:106000001A4640215820F4F796FF07F0B9F8CDE979
:106010000445CDE90004CDE9026400231A4650216D
:106020005820F4F788FF08ADB8F1000F72D0A8F13E
:10603000010081B299F80020554808F023FF41463D
:1060400053480EF09DFBCDE903462320504BCDE98C
:106050000006143B0022029611461046CDE9054584
:1060600063E0CDE902644B48CDE9044502234A4A86
:10607000A9E7CDE902644948CDE904450323484A2C
:10608000A1E7CDE902644748CDE904450223464A29
:1060900099E7CDE902644548CDE904450223444A25
:1060A00091E7CDE902644348CDE904450123424A22
:1060B00089E7CDE902644148CDE904450223404A1D
:1060C00081E7CDE902643F48CDE9044503233E4A18
:1060D00079E7CDE902643D48CDE9044503233C4A14
:1060E00071E7CDE902643B48CDE9044502233A4A11
:1060F00069E7CDE902643948CDE904450423384A0B
:1061000061E7CDE902643748CDE904450323364A07
:1061100059E7FFE703940494CDE90545CDE900462E
:10612000324B0322324900200294F8F71BFA0898F8
:10613000F8600798B860062078702E48386104200F
:1061400038702D48786109B0BDE8F0830000A042A6
:10615000DC550020436C0208406C02080F6C0208FA
:106160000A6C0208256C0208206C0208356C0208D3
:10617000306C02082555002025346400BE790208E1
:10618000BB790208AF7B0208AE7B02081A6C0208DA
:10619000645B0020797C0208777C0208187C020886
:1061A000157C02087F7C02087D7C0208937B020834
:1061B000917B0208847C0208837C0208897C0208A7
:1061C000877C0208B37C0208B07C0208137D0208B9
:1061D000107D02081E7A02081C7A02085E7D020801
:1061E0005A7D0208BC7D0208B97D0208026C0208D3
:1061F000FF6B02086A6A0208956D0208F0B525492E
:10620000044689B04FF080400860EFF73BF9002763
:10621000079706F04FF94079012507AE4A2805D1C6
:1062200006F048F9B0F8C400012826D00397049777
:10623000CDE90576CDE900753846174B042217499C
:106240000295F8F78FF93921CDE9001503970497E6
:106250000295CDE905762846114B04221149F8F73D
:1062600081F90520607010482061042020700F48DB
:1062700060610798E06009B0F0BD3821CDE90015F4
:10628000039704970295CDE905763846024B042220
:106290000249D6E7DC5500201B7D0208177D020865
:1062A0003C7D0208387D02082B7D02082F7D020804
:1062B00000487047645B00202DE9F0414A490446DC
:1062C0008AB04FF080400860EFF7DCF800250895B1
:1062D000079507AF03950495CDE905574FF00108E1
:1062E000CDE900584646414B022241492846CDF8A7
:1062F0000880F8F737F903950495CDE90557CDE9FE
:1063000000563C4B02223C4901200296F8F72AF93C
:106310000DF026FD002858D006F09CFA007808AE53
:10632000D0B1CDE9045635480227CDE90005CDE9C5
:1063300002750323324A7E210020F4F7FCFDCDE9EB
:1063400004563048CDE90005CDE9027503232E4AF5
:106350004E210020F4F7EFFD06F00AFBCDE90456CC
:10636000CDE90005CDE90285002347461A465E21A6
:106370001846F4F7E0FD06F06DFACDE90456CDE9D4
:106380000005CDE9027500231A465E211820F4F7B6
:10639000D2FD06F0E9FACDE90456CDE90005CDE9D4
:1063A000027500231A468E211846F4F7C4FD06F044
:1063B0005DFACDE90456CDE90005CDE9027500236B
:1063C0001A468E211820F4F7B6FD052060700F489C
:1063D0002061042020700E4860610898A060079832
:1063E000E0600AB0BDE8F081DC550020D56D020800
:1063F000AA6A0208D16D0208AC6A02086B6C020836
:10640000686C0208796C0208766C02085E6A020801
:106410006E6D0208F0B51A49044689B04FF080400D
:106420000860EFF72FF8012600250620CDE90006C9
:10643000079507AF039504950296CDE90557114BD3
:10644000042211493046F8F78DF80720CDE90006FF
:10645000039504950296CDE905570C4B04220C498F
:106460000220F8F77FF80798E06002206070094882
:106470002061042020700848606109B0F0BD000070
:10648000DC550020956D02086A6A02089F6D0208BB
:106490006E6A02083E6A02080D6D02082DE9F04F8F
:1064A000AA49824689B04FF0804000240860EEF788
:1064B000E9FF00252846079508F0BEFCA44F0DF122
:1064C0001C0801264FF01C0970B13D70CDE9009603
:1064D000039504950296CDE90558284601249D4B65
:1064E00003229D49F8F73EF8012008F0A5FC88B189
:1064F00038780E2800D13E70CDE9009603950495BA
:106500000296CDE905582046641C944B012294491B
:10651000F8F728F8022008F08FFC90B138780E28A0
:1065200001D102203870CDE90096039504950296BA
:10653000CDE905582046641C8A4B02228A49F8F7A7
:1065400011F8032008F078FC20B138780E2801D12A
:1065500003203870042008F06FFC90B138780E28C2
:1065600001D104203870CDE9009603950495029678
:10657000CDE905582046641C7C4B03227C49F7F783
:10658000F1FF052008F058FC90B138780E2801D1B1
:1065900005203870CDE90096039504950296CDE963
:1065A00005582046641C734B02227349F7F7DAFF43
:1065B000062008F041FC90B138780E2801D1062061
:1065C0003870CDE90096039504950296CDE90558FB
:1065D0002046641C694B02226949F7F7C3FF072074
:1065E00008F02AFC90B138780E2801D107203870C5
:1065F000CDE90096039504950296CDE9055820460D
:10660000641C604B01226049F7F7ACFF082008F0DA
:1066100013FC4FF0080B90B138780E2801D187F8A1
:1066200000B0CDE90096039504950296CDE9055892
:106630002046641C554B02225549F7F793FF092069
:1066400008F0FAFB98B138780E2801D1092038708B
:10665000CDE900960395049502962046CDE90558AC
:10666000641CE4B24B4B03224B49F7F77BFF0A2033
:1066700008F0E2FB98B138780E2801D10A20387072
:10668000CDE900960395049502962046CDE905587C
:10669000641CE4B2414B03224149F7F763FF0B202E
:1066A00008F0CAFB98B138780E2801D10B20387059
:1066B000CDE900960395049502962046CDE905584C
:1066C000641CE4B2374B02223749F7F74BFF0C202A
:1066D00008F0B2FB98B138780E2801D10C20387040
:1066E000CDE900960395049502962046CDE905581C
:1066F000641CE4B22D4B04222D49F7F733FF0D2023
:1067000008F09AFB88B138780E2801D10D20387036
:10671000CDE90096039504950296CDE905582046EB
:10672000244B03222449F7F71DFF0799CAF80C10E0
:106730008AF801B02149CAF8101004208AF8000034
:106740001F49CAF8141009B0BDE8F08FDC550020CD
:1067500025550020BE790208BB790208AF7B0208EC
:10676000AE7B0208797C0208777C0208187C02085C
:10677000157C02087F7C02087D7C0208937B02085E
:10678000917B0208847C0208837C0208897C0208D1
:10679000877C0208B37C0208B07C0208137D0208E3
:1067A000107D02081E7A02081C7A02085E7D02082B
:1067B0005A7D0208BC7D0208B97D02083E6A0208C3
:1067C0000D6D02082DE9F04FAB49824689B04FF0BC
:1067D000804000240860EEF755FEA84D00260E20EC
:1067E00007962870304608F027FB0DF11C0801279A
:1067F0004FF01B0970B12E70CDE9009703960496F7
:106800000297CDE90568304601249D4B03229D493E
:10681000F7F7A8FE012008F00FFB88B128780E28B2
:1068200000D12F70CDE90097039604960297CDE929
:1068300005682046641C944B01229449F7F792FEA8
:10684000022008F0F9FA90B128780E2801D1022030
:106850002870CDE90097039604960297CDE9056864
:106860002046641C8A4B02228A49F7F77BFE0320EC
:1068700008F0E2FA20B128780E2801D10320287010
:10688000042008F0D9FA90B128780E2801D104200C
:106890002870CDE90097039604960297CDE9056824
:1068A0002046641C7C4B03227C49F7F75BFE0520E5
:1068B00008F0C2FA90B128780E2801D1052028707E
:1068C000CDE90097039604960297CDE90568204626
:1068D000641C734B02227349F7F744FE062008F04C
:1068E000ABFA90B128780E2801D106202870CDE9A6
:1068F0000097039604960297CDE905682046641C2C
:10690000694B02226949F7F72DFE072008F094FA37
:1069100090B128780E2801D107202870CDE9009782
:10692000039604960297CDE905682046641C604BE7
:1069300001226049F7F716FE082008F07DFA4FF0B3
:10694000080B90B128780E2801D185F800B0CDE968
:106950000097039604960297CDE905682046641CCB
:10696000554B02225549F7F7FDFD092008F064FA5E
:1069700098B128780E2801D109202870CDE9009718
:106980000396049602972046CDE90568641CE4B29C
:106990004B4B03224B49F7F7E5FD0A2008F04CFA70
:1069A00098B128780E2801D10A202870CDE90097E7
:1069B0000396049602972046CDE90568641CE4B26C
:1069C000414B03224149F7F7CDFD0B2008F034FA83
:1069D00098B128780E2801D10B202870CDE90097B6
:1069E0000396049602972046CDE90568641CE4B23C
:1069F000374B02223749F7F7B5FD0C2008F01CFA97
:106A000098B128780E2801D10C202870CDE9009784
:106A10000396049602972046CDE90568641CE4B20B
:106A20002D4B04222D49F7F79DFD0D2008F004FAA7
:106A300088B128780E2801D10D202870CDE9009763
:106A4000039604960297CDE905682046244B03225D
:106A50002449F7F787FD0799CAF80C108AF801B0A6
:106A60002149CAF8101004208AF800001F49CAF80A
:106A7000141009B0BDE8F08FDC550020255500202A
:106A8000BE790208BB790208AF7B0208AE7B020820
:106A9000797C0208777C0208187C0208157C0208C1
:106AA0007F7C02087D7C0208937B0208917B0208B0
:106AB000847C0208837C0208897C0208877C0208A7
:106AC000B37C0208B07C0208137D0208107D020826
:106AD0001E7A02081C7A02085E7D02085A7D0208AE
:106AE000BC7D0208B97D02083E6A02080D6D0208ED
:106AF000F0B51A49044689B04FF080400860EEF7BF
:106B0000C1FC002501265520CDE90006079507AFF9
:106B1000039504950296CDE90557114B04221149BE
:106B20002846F7F71FFD5620CDE90006039504958A
:106B30000296CDE905570C4B04220C493046F7F775
:106B400011FD372060700A48206104202070094838
:106B500060610798E06009B0F0BD0000DC550020DE
:106B60002C7A0208287A0208477A0208437A020837
:106B7000177D02081B7D02082DE9F04F6D4F054679
:106B80008BB04FF0814091460E46DFF8AC81386003
:106B9000EEF778FC00240794089409944FF08341A1
:106BA00038680EF0DBFC014640460EF0D7FC0EF0D4
:106BB00021FE0921012700F0FF084FF4616308AAB4
:106BC000B9F1000F44D09B46CDE90341B6FBFBF081
:106BD0000094CDE90572C0B2CDE901409146002391
:106BE0001A4641463420F6F7CCF90DF1240ACDE9D6
:106BF000044A02215148CDE90214CDE900040123E1
:106C00004F4A41463C20F4F796F9B6FBFBF10BFBEB
:106C100011613C203B22B1FBF0F0CDE90342CDE90C
:106C20000549C0B20094CDE9014000231A4641460F
:106C30004C20F6F7A6F9CDE9044A02214148CDE9F6
:106C40000214CDE9000401233F4A41465C2043E0A1
:106C50009A46CDE90341B6FBFAF00094CDE90572FE
:106C6000C0B2CDE9014000231A4641463820F6F76C
:106C700088F90DF1240BCDE9044B30484FF002099F
:106C8000CDE90004CDE9029401232D4A414640207C
:106C9000F4F751F9B6FBFAF10AFB11613C20B1FBA4
:106CA000F0F03B22CDE9034208A9CDE90541C0B28D
:106CB0000094CDE9014000231A4641464820F6F7EA
:106CC00060F9CDE9044B1F48CDE90004CDE90294F9
:106CD00001231D4A41465820F4F72DF9089807AEC4
:106CE000CDE90440069603940094CDE90147174B83
:106CF000052217490020F7F735FC03940494CDE9E9
:106D000005460094CDE901470222124B1249104674
:106D1000F7F728FC0798E8600998A8600F206870CA
:106D20000E482861042028700D4868610BB0BDE84A
:106D3000F08F0000DC55002000001042146B0208A8
:106D4000136B0208176B0208166B0208046B02082B
:106D5000FF6A0208CC6D0208AE6A0208ED6A0208FA
:106D6000F16A0208F0B51949044689B04FF0804035
:106D70000860EEF787FB002507AF0795039504959C
:106D8000CDE905570126CDE90056114B02221149E4
:106D900028460296F7F7E6FB03950495CDE90557DB
:106DA000CDE900560C4B02220C4901200296F7F760
:106DB000D9FB0C2060700A4820610320207009482C
:106DC00060610798E06009B0F0BD0000DC5500206C
:106DD000D56D0208AA6A0208D16D0208AC6A0208E1
:106DE000CD6C0208D06C0208F0B52249044689B087
:106DF0004FF082400860EEF745FB002507950CF048
:106E0000A9FF0126CDE9036507AFCDE90557CDE917
:106E100000562B46029678B1082217490020F7F752
:106E2000A1FBCDE90365CDE90557CDE90056002367
:106E30000822124902960EE0072211490020F7F7B6
:106E400091FBCDE90365CDE90557CDE90056002357
:106E50000C49072202960120F7F784FB0520607099
:106E60000948206104202070084860610798E060AC
:106E700009B0F0BDDC550020A76F0208BD6F020805
:106E8000AF6F0208B66F0208466A0208276D020853
:106E9000F0B51949044689B04FF080400860EEF71C
:106EA000F1FA002507AF079503950495CDE905573D
:106EB0000126CDE90056114B0222114928460296BF
:106EC000F7F750FB03950495CDE90557CDE900563A
:106ED0000C4B02220C4901200296F7F743FB0F20CE
:106EE00060700A482061042020700948606107989A
:106EF000E06009B0F0BD0000DC550020D56D02084F
:106F0000AA6A0208D16D0208AC6A0208DF6A0208A8
:106F1000E36A02082DE9F34F9B4905468BB0994877
:106F20000860EEF7AFFA002407940C98974F089486
:106F3000099408AE4FF0090809A94FF001094FF074
:106F4000020B0C2802D00D2867D1B9E0CDE904412D
:106F50008F48CDE90004CDE902B48A4602238D4A68
:106F600024210020F3F7E7FF0CF0AAFF002866D0E9
:106F70000CF0A6FF0A2862D0CDE9044ACDE90074DE
:106F80000023029403941A4638214C20F3F7D3FFD0
:106F900003A84746069680E89002002300940194D7
:106FA0001A4638213C200294F5F7EBFF03A8069619
:106FB00080E890020023009401941A46382144206E
:106FC0000294F5F7DEFF03A8069680E890020023FE
:106FD000009401941A46382154200294F5F7D1FF09
:106FE00003A8069680E890020023009401941A46B4
:106FF00038215C200294F5F7C4FF089907A8039490
:107000000494CDE90510CDE90049CDF80890624B14
:10701000062262490020F7F7A5FA0798E860099868
:10702000A860262068700C980D287CD059482861EB
:10703000574885F800B068610DB0BDE8F08FCDE924
:107040000348009401940294CDE9059600234F462D
:107050001A4638213C20F5F794FFCDE90348009407
:1070600001940294CDE9057600231A463821442084
:10707000F5F787FFCDE90348009401940294CDE928
:10708000057600231A4638214C20F5F77AFFCDE922
:107090000348009401940294CDE9057600231A4632
:1070A00038215420F5F76DFFCDE903480094019491
:1070B00002940023CDE9057638211A465C209AE730
:1070C000CDE904413248CDE90004CDE902B4022300
:1070D000304A24210020F3F72EFFCDE90348B246C1
:1070E000009401940294CDE9059A00234E461A4675
:1070F00038213420F5F745FFCDE903480094019489
:107100000294CDE9056A00231A4638214420F5F798
:1071100038FFCDE9034800233821009401941A4632
:107120004C20029400E027E0CDE9056AF5F729FF3D
:10713000CDE90348009401940294CDE9056A002347
:107140001A4638215420F5F71CFF09A8CDE9044060
:10715000CDE900740023029403941A4638213C20A0
:10716000F3F7E9FE089907A8CDE904410690CDE9B7
:107170000046039402964AE70948286104202870D3
:10718000084858E700003042DC5500202600002067
:10719000056E02089A6A02083B6B0208356B02080A
:1071A000997E02089D7E0208F0B52049054689B007
:1071B0004FF080400860EEF765F9002401260420B6
:1071C000CDE90006079407AF039404940296CDE935
:1071D0000547174B052217492046F7F7C3F9052045
:1071E000CDE90006039404940296CDE90547124BBD
:1071F000042212490120F7F7B5F90820CDE900066D
:10720000039404940296CDE905470D4B04220D49E1
:107210000220F7F7A7F90798E8606E700A4828611E
:10722000022028700948686109B0F0BDDC550020D3
:10723000FE6C0208356A0208066D02083A6A020806
:107240000D6D02083E6A02088E6A02084B6E020843
:1072500010B5114C01220528A0716270A1701AD2DC
:10726000DFE800F00310101910000B489830406858
:107270004069E061017841F0010101700748A062B6
:10728000074807E00CF00AFC2078012803D00548E5
:10729000A0620548E06210BD205500203D1C010899
:1072A00041170108451A0108C10A0108F0B587B065
:1072B0000546EEF7E7F8002406AECDE9044606944D
:1072C00022480227CDE90004CDE902740523204AB3
:1072D00028212046F3F72FFECDE904461D48CDE9CD
:1072E0000004CDE9027405231B4A40210020F3F776
:1072F00022FE05F059FF19490127002351F820000B
:10730000CDE90446CDE90004CDE902741A462821EE
:107310006020F3F710FE05F065FFCDE90446CDE9E6
:107320000004CDE9027400231A4640216020F3F7DF
:1073300002FE052068700A48286104202870094868
:1073400068610698A86007B0F0BD0000ED6D020806
:107350001B6B0208F96D0208206B02080C55002017
:10736000626A02087A6D02082DE9F0411A49044662
:1073700088B04FF080400860EEF784F800254FF0A9
:1073800002080795CDE9035807AFCDE90557012657
:10739000CDE90056114B4246114928460296F7F7AF
:1073A000E1F8CDE90358CDE90557CDE900560D4B7D
:1073B00002220D4930460296F7F7D4F83720607064
:1073C0000A48206104202070094860610798E06045
:1073D00008B0BDE8F0810000DC550020557D0208B2
:1073E000537D02084E7D02084C7D02082B7D020869
:1073F0002F7D02082DE9F0413F4905468AB03D48FE
:107400000860EEF73FF8002407940894022009AEC4
:107410000994CDE90204CDE904463848CDE90004D9
:107420000423374A24212046F3F785FDCDE904469D
:107430003448CDE900040023029403941A4638210D
:107440004C20F3F778FD4FF00908CDE9034808AF69
:10745000012600940194002302941A463821342016
:10746000CDE90567F5F78DFDCDE903480094CDE939
:107470000567CDE9014600231A4638213C20F5F77F
:1074800080FDCDE9034800940194002302941A463C
:1074900038214420CDE90567F5F773FDCDE90348B0
:1074A00000940194002302941A4638215420CDE917
:1074B0000567F5F766FD089907A8CDE90441069030
:1074C000CDE900460394104B062210490020029695
:1074D000F7F748F80798E8600998A86026206870D0
:1074E0000B482861032028700A4868610AB0BDE88B
:1074F000F081000000003042DC5500204B6B020898
:10750000476B0208260000203B6B0208356B02081F
:107510007D7B0208837B02082DE9F0413F49054647
:107520008AB03D480860EDF7ADFF00240794089449
:10753000022009AE0994CDE90204CDE90446384899
:10754000CDE900040423374A24212046F3F7F3FC55
:10755000CDE904463448CDE90004002302940394A5
:107560001A4638214C20F3F7E6FC4FF00908CDE924
:10757000034808AF01260094CDE90567CDE901462F
:1075800000231A4638213420F5F7FBFCCDE90348E7
:1075900000940194002302941A4638213C20CDE93E
:1075A0000567F5F7EEFCCDE903480094019400234C
:1075B00002941A4638214420CDE90567F5F7E1FC2D
:1075C000CDE9034800940194002302941A4638211F
:1075D0005420CDE90567F5F7D4FC089907A8CDE953
:1075E00004410690CDE900460394104B0622104951
:1075F00000200296F6F7B6FF0798E8600998A860A1
:10760000262068700B482861032028700A486861AA
:107610000AB0BDE8F081000000003042DC550020D7
:107620004B6B0208476B0208260000203B6B0208E8
:10763000356B0208807B02088A7B02082DE9F0473F
:107640008C4904468AB08A480860EDF71BFF002584
:1076500007950895022009AE0995CDE90205CDE907
:1076600004568548CDE900050423844A2421284690
:10767000F3F761FCCDE904568148CDE9000500230C
:10768000029503951A4638214420F3F754FC0CF078
:10769000B9FB042601274FF0030A4FF009090DF149
:1076A0002008002858D004F005FF407903950128F0
:1076B00004A82B4680E8A001009501951A464FF0DA
:1076C00038014FF0340002957ED0F5F75AFC04A83B
:1076D000009580E8C0010DF1040C00238CE86004E3
:1076E0001A4638213C20F5F74CFCCDE903590095AA
:1076F00001950295CDE9057800231A4638214A20E4
:10770000F5F73FFC039704970095CDE90578CDE99F
:10771000015700231A4638215420F5F732FC594806
:107720002061594826706061089907A8CDE9045185
:107730000690CDE900570395544B0622544900208A
:107740000297F6F70FFF0798E0600998A0602620DF
:1077500060700AB0BDE8F08704F0ACFE4079039594
:10776000012804A84FF0000380E8A00100950195CE
:107770001A464FF038014FF03400029530D0F5F73B
:1077800000FC04A8009580E8C0010DF1040C002362
:107790008CE860041A4638213C20F5F7F2FBCDE96D
:1077A0000359009501950295CDE9057800231A4605
:1077B00038214A20F5F7E5FBCDE903590023009570
:1077C00001951A46382100E032E00295CDE90578AE
:1077D0005420F5F7D6FB2F48206126702E48A2E7EB
:1077E000F5F7CFFB04A80396009580E8C001CDE92A
:1077F000015600231A4638213C20F5F7C2FB04A8A5
:10780000039580E8A0010023009501951A463821D0
:107810004A200295F5F7B5FB04A8039580E8A0017E
:1078200000233821009501951A4654200295D0E78F
:10783000F5F7A7FB04A80396009580E8C001CDE901
:10784000015600231A4638213C20F5F79AFB04A87C
:10785000039580E8A0010023009501951A46382180
:107860004A200295F5F78DFBCDE903594CE700005E
:1078700000003042DC5500204B6B0208476B0208C9
:1078800026000020577B0208647B02083B6B02083D
:10789000356B0208337B02083F7B02082DE9F04775
:1078A000984904468AB096480860EDF7EBFD00253C
:1078B00007950895022009AE0995CDE90205CDE9A5
:1078C00004569148CDE900050423904A2421284616
:1078D000F3F731FBCDE904568D48CDE900050023CF
:1078E000029503951A4638214420F3F724FB0CF047
:1078F00089FA01264FF0090908AF002856D004F094
:10790000D9FD407901287DD0CDE903560095CDE918
:107910000567CDE9015600231A4638213420F5F7D2
:1079200030FBCDE9035600950195002302951A46D8
:1079300038213C20CDE90567F5F723FBCDE9035954
:1079400000950195002302951A4638214A20CDE979
:107950000567F5F716FBCDE903590095CDE90567F5
:10796000CDE9015600231A4638215420F5F709FBCA
:10797000684820610520207067486061089907A861
:10798000CDE904510690CDE900560395634B0622DC
:10799000634900200296F6F7E5FD0798E060099834
:1079A000A060262060700AB0BDE8F08704F082FD78
:1079B00040794FF0080A012840D004A8B846039542
:1079C00080E860010023009501951A463821342093
:1079D0000295F5F7D6FA4F460095CDE904760DF1FC
:1079E000040CD146CDF818808CE8A00200231A467A
:1079F00038213C20F5F7C5FACDE903570095CDE9CC
:107A0000056800E051E0CDE9015600231A4638210F
:107A10004A20F5F7B6FACDE903570095CDE90159AB
:107A2000CDE9056800231A4638215420F5F7A9FA54
:107A30003C482061042020703B489EE704A8039541
:107A400080E8E0000023009501951A463821342093
:107A50000295F5F796FA04A94846CDF80C900095E2
:107A600081E8C100CDE9015900231A4638213C20A4
:107A7000F5F787FA039604960095CDE90567CDE9F9
:107A8000015600231A4638214A20F5F77AFA04A94C
:107A90005046CDF80CA0009581E8C1000023CDE947
:107AA000015A38211A465420C0E7039604960095DF
:107AB000CDE90567CDE9015600231A463821342067
:107AC000F5F75FFA04A8039580E8E000002300952D
:107AD00001951A4638213C200295F5F752FA04A880
:107AE000039580E8E0000023009501951A463821AF
:107AF0004A200295F5F745FA039604962DE7000013
:107B000000003042DC5500204B6B0208476B020836
:107B1000260000205F7B0208747B02083B6B020892
:107B2000356B02083B7B02084F7B02082DE9F04FC2
:107B30009D4904468BB09B480860EDF7A3FC0025E7
:107B400007950895022009AE0995CDE90205CDE912
:107B500004569648CDE900050423954A2421284679
:107B6000F3F7E9F9CDE904569248CDE90005002381
:107B7000029503951A4638214420F3F7DCF90CF0FE
:107B800041F901264FF006094FF007084FF0090AA6
:107B900008AF00285BD004F08DFC407903950128E4
:107BA00004A82B4680E8E000009501951A464FF0A6
:107BB00038014FF0340002957ED0F5F7E2F904A9C0
:107BC0004046CDF80C90009581E8C100CDE9015800
:107BD00000231A4638213C20F5F7D3F9CDE9035AA2
:107BE0000095019500230295D0461A4638214A2077
:107BF000CDE90567F5F7C5F9CDE90358009501957D
:107C0000002302951A4638215420CDE90567F5F77F
:107C1000B8F96948206104202070684860610899BB
:107C200007A8CDE904510690CDE900560395644BB1
:107C30000622644900200296F6F794FC0798E0605B
:107C40000998A060262060700BB0BDE8F08F04F0AA
:107C500031FC40794FF0080B01283FD004A8039570
:107C600080E8E0000023009501951A463821342071
:107C70000295F5F786F9404604A9CDF80C9081E805
:107C8000C1000095CDE901590023C8461A463821A4
:107C90003C20F5F776F9CDE9035A0095CDE9015B73
:107CA0000023D1461A4638214A20CDE90567F5F769
:107CB00068F9CDE9035900E04AE00095CDE90158A3
:107CC00000231A4638215420CDE90567F5F759F904
:107CD0003D482061042020703C489FE704A8B84636
:107CE000039580E860010023009501951A4638212C
:107CF00034200295F5F745F90095CDE90496CDF8C5
:107D00000C90CDF81880CDE9015900234F461A4652
:107D100038213C20F5F735F904A95846CDF80CB0C8
:107D2000009581E84101CDE9015B00231A46382125
:107D30004A20F5F726F90095CDE90476CDF81880AC
:107D400003970023CDE9015738211A465420BDE797
:107D5000F5F717F904A94046CDF80C80009581E8A5
:107D6000C100CDE9015800231A4638213C20F5F71F
:107D700008F904A8039580E8E00000230095019528
:107D80001A4638214A200295F5F7FBF804A8039516
:107D900080E8E00000233821009501951A46542020
:107DA000029534E700003042DC5500204B6B02089E
:107DB000476B0208260000205B7B02086C7B0208F0
:107DC0003B6B0208356B0208377B0208477B0208D1
:107DD0002DE9F047674905468AB065480860EDF728
:107DE00051FB00240DF1240A0994CDE9044A0794BB
:107DF000089402216048CDE90214CDE9000404236F
:107E00005E4A24212046F3F796F804F053FB4179AB
:107E1000DFF86C91012608AF4FF009081D2905D045
:107E200004F048FB40794E2830D07CE0CDE903488F
:107E300000940194002302941A4638213420CDE99D
:107E40000567F5F79EF8CDE90348009401940023F7
:107E500002941A4638213C20CDE90567F5F791F8E0
:107E6000CDE9034800940194002302941A46382176
:107E70004C20CDE90567F5F784F8CDE9044A0023E5
:107E80003821029403941A46442048E0CDE903487F
:107E900000940194002302941A4638213420CDE93D
:107EA0000567F5F76EF8CDE90348009401940023C7
:107EB00002941A4638213C20CDE90567F5F761F8B0
:107EC000CDE9034800940194002302941A46382116
:107ED0004420CDE90567F5F754F8CDE9034800944F
:107EE0000194002302941A4638215420CDE90567F5
:107EF000F5F747F8CDE90348009401940023029474
:107F00001A4638215C20CDE90567F5F73AF8CDE946
:107F1000044A00233821029403941A464C20CDE9E8
:107F20000094F3F708F8089907A8CDE904410690F2
:107F3000CDE900460394134B062213490020029614
:107F4000F6F710FB0798E8600998A860262068708B
:107F500004F0B0FA40791D2801D04E2805D10B4815
:107F60002861042028700A4868610AB0BDE8F087DB
:107F700000003042DC5500204B6B0208476B0208C2
:107F8000260000203B6B0208356B02087D7E02084C
:107F9000817E02082DE9F04F8846AD4904468BB03A
:107FA000AA480860EDF76EFA0025AA4F02200126C4
:107FB000079508950DF120094FF0090A4FF0260B9F
:107FC00009A90995B8F1000F0ED0B8F10C0F7DD0BA
:107FD000C4E9025584F801B09F49216120709F488F
:107FE00060610BB0BDE8F08F0220CDE90205CDE95C
:107FF00004519B48CDE9000588460423994A242171
:108000000020F2F798FF9348CDE904583030CDE9CD
:1080100000050023029503951A4638216420F2F7E3
:108020008AFFCDE90458CDE9007500230295039538
:108030001A4638214C20F2F77EFFCDE9035A00950D
:10804000CDE90569CDE9015600234F46D0461A46D1
:1080500038213420F4F795FFCDE9035800950195B8
:10806000002302951A4638213C20CDE90567F4F734
:1080700088FFCDE9035800950195002302951A4623
:1080800038214420CDE90567F4F77BFFCDE903589B
:1080900000950195002302951A4638215420CDE918
:1080A0000567F4F76EFF089907A8CDE9045106901B
:1080B000CDE9005603956C4B06226C4900200296D0
:1080C000F6F750FA0798E060099800E008E0A06031
:1080D00084F801B0664820610220207065487FE77F
:1080E000CDE90205CDE904516348CDE90005884694
:1080F0000423624A24210020F2F71DFF0BF0E0FE6A
:10810000002860D00BF0DCFE0A285CD0CDE90458D2
:10811000CDE900750023029503951A4638214C20BD
:10812000F2F709FFCDE9035A009501950295CDE9D3
:1081300005690023C84657461A4638213C20F4F703
:1081400020FFCDE90357009501950295CDE905681B
:1081500000231A4638214420F4F713FFCDE90357D2
:10816000009501950295CDE9056800231A4638214E
:108170005420F4F706FFCDE90357009501950295C9
:10818000CDE9056800231A4638215C20F4F7F9FE92
:10819000089907A8CDE904510690CDE9005603954A
:1081A000314B0622314900200296F6F7DBF9079899
:1081B000E0600998A06084F801B030482061042094
:1081C00020702D480CE7CDE9035A009501950295E2
:1081D000CDE9056900234F46D0461A4638213C2098
:1081E000F4F7CFFECDE903580095019500230295E1
:1081F0001A4638214420CDE90567F4F7C2FECDE9DF
:10820000035800950195002302951A4638214C2009
:10821000CDE90567F4F7B5FECDE903580095019562
:10822000002302951A4638215420CDE90567F4F75A
:10823000A8FECDE903580023009501953821029549
:108240001A465C20CDE90567A0E700000000304237
:10825000DC550020260000209C6A0208106E0208EF
:108260004B6B0208476B02083B6B0208356B020838
:10827000DB7E0208DD7E0208A76B0208A36B020802
:108280002DE9F04F89B00546002704F0A5FFCD4940
:108290004FF080400860EDF7F5F80024079408F0EF
:1082A00015FC01264FF002094FF0030B0DF11C08DD
:1082B0000E2878D2DFE800F0077777772377777793
:1082C0007745775384BD1220CDE9000603940494CA
:1082D0000296CDE905484746BB4B0422BB492046E0
:1082E000F6F740F91120CDE90006039404940296B4
:1082F000CDE905470227B64B0422B6491FE004F03A
:10830000D9F8407934284ED11720CDE900060394DE
:1083100004940296CDE905484746AF4B0822AF4981
:108320002046F6F71FF91820CDE9000603940494BF
:108330000296CDE905470227A94BAA4906223046F5
:1083400004E103940494CDE905483121CDE90016F8
:1083500001272046A44B0422A4490296F6E004F02B
:10836000A9F840794A2802D05F28CCD11CE03420FB
:10837000CDE90006039404940296CDE905484746EA
:108380009B4B06229B492046F6F7ECF83520CDE9B9
:108390000006039404940296CDE905470227964B04
:1083A00008229649CBE7C4E03221CDE90016012727
:1083B000204603940494924B052292490296C3E00E
:1083C0002820CDE90006039404940296CDE90548DF
:1083D00047468D4B06228D492046F6F7C3F82920E3
:1083E000CDE90006039404940296CDE90547884B35
:1083F000062288493046F6F7B5F85F20CDE9000639
:10840000039404940296CDE90547834B04228349E3
:108410004846F6F7A7F85E20CDE9000603940494D9
:108420000296CDE9054704277D4B3A467D495846DB
:108430008CE004F03FF840794FF02E0A1D2802D05E
:108440004E2876D176E02C20CDE9000603940494E2
:108450000296CDE90548744B082274492046F6F788
:1084600081F82A20CDE90006039404940296CDE910
:1084700005484F466E4B06226E493046F6F772F8B5
:10848000CDE903472D20CDE900060296CDE9054848
:10849000694B062269493846F6F764F82B20CDE986
:1084A0000006039404940296CDE905480427644B22
:1084B000062264495846F6F755F8CDE900A603941C
:1084C00004940296CDE905484FF005095E4B06225B
:1084D0005E493846F6F746F85820CDE90006039481
:1084E00004940296CDE905480627594B05225949BF
:1084F0004846F6F737F85920CDE90006039404946E
:108500000296CDE905484FF00709534B0522534920
:108510003846F6F727F85A20CDE90006039404946C
:108520000296CDE9054808274D4B05224D4948469E
:108530000CE00DE0CDE900A60127434B434920465E
:108540000394049406220296CDE90508F6F70AF88A
:108550002120CDE90006039404940296CDE9054854
:1085600038467F1C404B04224049F5F7FBFF2F2083
:10857000CDE90006039404940296CDE905483846F7
:108580007F1C3B4B04223B49F5F7ECFF2220CDE951
:108590000006039404940296CDE90548364B042264
:1085A00036493846F5F7DEFF0798E8600A2068701C
:1085B00033482861042028703248686109B0BDE85A
:1085C000F08F0000DC550020656D02085A6A020831
:1085D000586D0208566A0208237C02081B7C0208B8
:1085E000367C0208307C0208C87C0208C47C020881
:1085F000C57A0208BF7A0208DA7A0208D27A02083B
:10860000777A0208727A0208697D0208637D02089F
:108610007C7D0208767D02088C7D0208887D020838
:10862000997D0208957D0208C87D0208C07D020878
:10863000E07D0208DA7D0208F97D0208F37D020878
:108640000F7E0208097E0208237E02081D7E0208B2
:10865000AB7E0208A67E0208BC7E0208B77E020836
:10866000CD7E0208C87E0208526D0208526A0208D6
:108670001779020813790208E06C0208DC6C020822
:10868000776A0208B76D020830B51149044689B00F
:108690004FF083400860ECF7F5FE002007A9079033
:1086A000039004900125CDE90501CDE90005094BB2
:1086B0002A4609490295F5F755FF6570074820617C
:1086C00006202070064860610798E06009B030BD60
:1086D000DC5500200C6F02080B6F0208256B0208A6
:1086E0002B6B02082DE9F0412049044688B04FF079
:1086F00082400860ECF7C6FE00254FF0020807959F
:10870000CDE9035807AFCDE905570126CDE900565D
:10871000174B4246174928460296F5F723FFCDE945
:108720000358CDE90557CDE900560122124B1349F4
:1087300010460296F5F716FFCDE90557CDE9036817
:10874000CDE900560E4B01220E4902200296F5F7A4
:1087500009FF272060700C482061062020700B481C
:1087600060610798E06008B0BDE8F081DC5500204A
:10877000587C0208567C02085D7C02085C7C02087A
:10878000607C02085F7C0208437C0208497C020886
:108790002DE9F04F8BB0064604F01EFDDFF8C081D6
:1087A00005464FF08140DFF8BCB14FF0240AC8F80D
:1087B0000000ECF767FE002407940894099408F081
:1087C00063F901462846EDF7D9F80DF12409CDE902
:1087D0000449054656300127CDE90004CDE902746D
:1087E00000231A4651462020F2F7A5FB4FF08341A3
:1087F000D8F800000CF0B2FE014658460CF0AEFE70
:108800000CF0F8FF00F0FF0BCDE9044905F11E0064
:10881000CDE90004CDE9027400231A4659466020D0
:10882000F2F789FB4FF08341D8F800000CF096FE78
:10883000824658460DF016F851460CF08FFE0CF0AB
:10884000D9FF00F0FF0ACDE9044905F11900CDE98F
:108850000004CDE9027400231A4651466020F2F765
:108860006AFB4FF08341D8F800000CF077FE804699
:1088700050460CF0F7FF41460CF070FE0CF0BAFFCA
:10888000697900F0FF094FF00A084FF0090BB1FBBE
:10889000F8F0CDE9034B0DF1200A0094CDE9057AFB
:1088A000CDE9014000231A4649466020F4F769FBF0
:1088B0006979CDE9034BB1FBF8F208FB1210009483
:1088C000CDE90140CDE9057A00231A4649466820E2
:1088D000F4F757FBCDE9034707ADCDE90545002285
:1088E00000940194204B114610460294F5F73AFE8D
:1088F00003940494CDE90545009401941B4B052293
:108900001B4901200294F5F72DFE03940494CDE950
:10891000054500940194174B052217490220029443
:10892000F5F720FE0898CDE90347009401940294DE
:10893000CDE905050022114B11460320F5F712FE83
:108940000798F0600998B06086F801800C483061A3
:10895000052030700B4870610BB0BDE8F08F00004F
:10896000DC55002000001042E96D0208ED6D0208A0
:108970001B6B0208F96D0208206B0208FA6C0208F2
:108980007B6A0208C06D02082DE9F04389B00446F5
:1089900008F074F82C494FF0804000250860ECF78F
:1089A00071FD0026079603F079FD0DF11C080127E3
:1089B0004FF00A0980B103F071FDCDE90367CDE9FD
:1089C00000970297CDE9056800F1230300223046A5
:1089D00001251146F5F7C6FD03F066FD78B103F0F9
:1089E00063FDCDE90367CDE900970297CDE90568FE
:1089F00000F12303002228461146F5F7B3FD03F0EA
:108A00004DFD022598B903F04FFD80B906A8CDE9C8
:108A1000046006960D48CDE90006CDE90256042310
:108A20000B4A50213220F2F786FA0698A060079888
:108A3000E06065700748206105202070064860618D
:108A400009B0BDE8F0830000DC5500205879020829
:108A500054790208356A0208FE6C020810B508490C
:108A600004464FF080400860ECF70CFD0420607075
:108A700004482061062020700348606110BD00009A
:108A8000DC550020626E0208686E02082DE9F04F86
:108A900089B0064604F0A0FBDFF8C09305464FF00E
:108AA00081412420C9F80010DFF8B4B30690ECF738
:108AB000E9FC00240794089407F0E6FF01462846E5
:108AC000ECF75CFF05464079DFF898A308AF4FF05C
:108AD00001081D2802D04E287ED0AFE155F8780F4E
:108AE0000CF010FDCDE90001DC48DFA207210930C0
:108AF000E7F702FD68680CF005FDCDE90001D748F5
:108B0000D9A207211030E7F7F7FCA8680CF0FAFCAF
:108B1000CDE90001D148D4A207211730E7F7ECFCDA
:108B2000E8680CF0EFFCCDE90001CC48CEA20721AB
:108B30001E30E7F7E1FC6869783D0CF0E3FCCDE915
:108B40000001C648C8A207212530E7F7D5FCCDE9CA
:108B50000447C748CDE90004CDE9028400231A4642
:108B600038200699F2F7E7F9BC48CDE904472530EB
:108B7000CDE90004CDE9028400231A466620069957
:108B8000F2F7D9F94FF08341D9F800000CF0E6FC78
:108B9000014658460CF0E2FC0CF02CFE00F0FF0BF6
:108BA000CDE90447AF48CDE90004CDE902840023B4
:108BB0001A4659463820F2F7BEF9A848CDE90447CD
:108BC0000930CDE90004CDE9028400231A46594654
:108BD0006620F2F7B0F900E0D3E04FF08341D9F816
:108BE00000000CF0BBFC824658460CF03BFE5146A0
:108BF0000CF0B4FC0CF0FEFD00F0FF0B9748CDE943
:108C000004471730CDE90004CDE9028400231A4659
:108C100059466620F2F78FF94FF08341D9F80000EA
:108C20000CF09CFC824658460CF01CFE51460CF0A1
:108C300095FC0CF0DFFD00F0FF0B8848CDE9044700
:108C40001E30CDE90004CDE9028400231A465946BE
:108C50006620F2F770F94FF08341D9F800000CF06C
:108C60007DFC824658460CF0FDFD51460CF076FC2A
:108C70000CF0C0FD00F0FF0ACDE904477948CDE9CA
:108C80000004CDE9028400231A4651463820F2F749
:108C900052F97248CDE904471030CDE90004CDE91E
:108CA000028400231A4651466620F2F744F94FF039
:108CB0008341D9F800000CF051FC814650460CF07D
:108CC000D1FD49460CF04AFC0CF094FDCDE9044777
:108CD0003F35CDE90284CDE90054C1B200231A46E4
:108CE0006620F2F728F907AD03940494CDE9054511
:108CF000009401945F4B03225F4900200294F5F732
:108D000031FC03940494CDE9054500940194594B3A
:108D10000322594901200294F5F724FC039404949A
:108D2000CDE9054500940194544B04225449022096
:108D30000294F5F717FC03940494CDE905450094DB
:108D40000194504B0422504903200294F5F70AFC89
:108D500003940494CDE90545009401944B4B022201
:108D60004B4904200294F5F7FDFB03940494CDE9EC
:108D70000545052200940194464B4749104602944C
:108D80005AE0CDE904473A48CDE90004CDE9028430
:108D900000231A4638200699F2F7CDF8CDE90447AA
:108DA00005F14F00CDE90004CDE9028400231A4605
:108DB00066200699F2F7BFF84FF08341D9F800001A
:108DC0000CF0CCFB014658460CF0C8FB0CF012FD31
:108DD000CDE9044700F0FF09CDE90284CDE900A404
:108DE00000231A4649463820F2F7A5F8CDE9044792
:108DF0004735CDE90284CDE9005400231A4649469F
:108E00006620F2F798F807AD03940494CDE9054580
:108E100000940194174B0322174900200294F5F7A0
:108E2000A1FB03940494CDE9054500940194114BF2
:108E30000322114901200294F5F794FB0798F06092
:108E40000898B06027207070144830610620307098
:108E50001348706109B0BDE8F08F0000DC550020B8
:108E6000000010427A7E020825362E31660000008E
:108E7000777E0208BC7D0208B97D02085D7E02088B
:108E8000597E0208667E0208627E02086479020842
:108E900062790208717E02086C7E02081D7E02085B
:108EA000237E02082DE9F04F89B0054604F094F9BD
:108EB0004B494FF080400860ECF7E4FA0024079437
:108EC00007F004FE4FF0260B4FF027094FF0020A7F
:108ED00007AF4FF00108052804D007F0F7FD0B2875
:108EE0001AD024E0CDE900B803940494CDF80880AA
:108EF000CDE905473B4B05223B492046F5F732FBC0
:108F0000CDE90098022603940494384B0422384992
:108F10004046CDF808803FE003F0CCFA40794A287B
:108F200005D103F0C7FAB0F8C40002280DD0CDE98E
:108F300000B803940494CDF80880CDE9054746466F
:108F4000284B0522284920460CE003940494CDE9DF
:108F50000547CDE900484646224B052222492046D6
:108F6000CDF80880F5F7FEFACDE900960394049455
:108F70000296CDE905471D4B04221D493046F5F701
:108F8000F1FA2520CDE9000602960326194B1A496D
:108F90000394049405225046CDE90547F5F7E2FA1B
:108FA00007F094FD01280ED13021CDE9001803947B
:108FB0000494CDF80880CDE9054730460F4B0522D3
:108FC0000F49F5F7CFFA0798E860042068702C6124
:108FD0002C7004F001F9686109B0BDE8F08F000061
:108FE000DC550020AB6D0208726A0208B76D0208FA
:108FF000776A0208C06D02087B6A0208B77B020824
:10900000B27B0208F0B51949044689B04FF081409F
:109010000860ECF737FA002507AF0795039504952C
:10902000CDE905570126CDE90056114B0222114921
:1090300028460296F5F796FA03950495CDE905576B
:10904000CDE900560C4B02220C4901200296F5F79F
:1090500089FA272060700A4820610620207009489C
:1090600060610798E06009B0F0BD0000DC550020A9
:109070001A6E02089E6A0208246E0208A06A02089C
:10908000767D02087C7D02082DE9F04127490546DE
:1090900088B04FF081400860ECF7F4F900244FF0FD
:1090A00002080794CDE9034807AFCDE9054701263B
:1090B000CDE900461E4B42461E4920460296F5F772
:1090C00051FACDE90348CDE90547CDE900461A4BF1
:1090D00002221A4901200296F5F744FACDE9034825
:1090E000CDE90547CDE900460222154B154910464A
:1090F0000296F5F737FACDE90348CDE90547CDE902
:109100000046114B0122114903200296F5F72AFA75
:10911000272068700E482861062028700D48686175
:109120000798E86008B0BDE8F0810000DC55002039
:10913000AA7D0208A37D0208AF7D0208A57D020872
:10914000B37D0208A77D0208B77D0208A97D020849
:10915000637D0208697D02082DE9F04F8BB0064659
:109160000AF0B4FC0CF0CEF904460D46F7F772FA9B
:1091700022462B460BF088FC00228E4B0BF098FF0A
:1091800000228D4B0BF080FC0BF0CEFEDFF82C8222
:1091900005464FF08140DFF828B24FF02409C8F8A7
:1091A0000000ECF76FF9002408940994079409A8CB
:1091B0000A9403940494CDE905400127CDE90047C2
:1091C00023462246494660200294F3F7DAFE0999C5
:1091D0000DF11C0ACDE90441CDF818A003940094C8
:1091E0000194784B0422784900200294F5F7BAF9EB
:1091F0004FF08341D8F800000CF0B0F90146584612
:109200000CF0ACF90CF0F6FA00F0FF0903F032FBB9
:109210000AA9CDE90441CDE90004CDE90274002397
:109220001A4649465020F1F786FE03940494CDE98E
:10923000054A00940194654B04226549012002947B
:10924000F5F790F94FF08341D8F800000CF086F95B
:10925000804648460CF006FB41460CF07FF90CF0C6
:10926000C9FA00F0FF0B42F210704FF0090995FBAC
:10927000F0F0CDE903490DF120080094CDE905781F
:10928000C0B2CDE9014000231A4659465020F3F7F9
:1092900078FE42F2107095FBF0F100FB11514FF493
:1092A0007A7091FBF0F0CDE90349C0B20094CDE9AA
:1092B0000140CDE9057800231A4659465820F3F7B6
:1092C00060FE4FF47A7095FBF0F100FB11516420C1
:1092D00091FBF0F0CDE90349C0B20094CDE9014023
:1092E000CDE9057800231A4659466020F3F749FE78
:1092F000642095FBF0F100FB11510A2091FBF0F086
:10930000CDE90349C0B20094CDE90140CDE905782B
:1093100000231A4659467020F3F733FE0A2095FBC6
:10932000F0F100FB1150CDE90349C0B20094CDE942
:109330000140CDE9057800231A4659467820F3F715
:1093400020FE0AA8CDE904402248CDE9000400230C
:10935000029403941A4659466820F1F7ECFD0899E7
:10936000CDF818A0CDE9044103940094CDE901475C
:10937000194B042219490220F5F7F4F803940494D8
:10938000CDE9054A0094CDE90147154B0222154964
:109390000320F5F7E7F80798F0600A98B0602720F7
:1093A00070701148306104203070104870610BB04B
:1093B000BDE8F08F000059400000E03FDC55002080
:1093C000000010425C6E0208966A0208306E0208C5
:1093D000A26A020826000020396E0208A66A020866
:1093E000CC6D0208AE6A0208566A0208586D02087F
:1093F0002DE9F04F8BB005460AF07AFD0446854909
:109400000CF078FA0CF07EF80022834B0BF03CFB5A
:109410000BF08AFD064620460AF00EFBDFF8FC81C1
:109420004FF08140DFF8F8B14FF02409C8F8000090
:10943000ECF728F8002408940994079409A80A94E2
:1094400003940494CDE905400127CDE90047234664
:109450002246494650200294F3F793FD09990DF1F5
:109460001C0ACDE90441CDF818A00394009401949E
:109470006C4B04226C4900200294F5F773F84FF00E
:109480008341D8F800000CF069F8014658460CF00A
:1094900065F80CF0AFF900F0FF0903F0FDF90AA937
:1094A000CDE90441CDE90004CDE9027400231A4658
:1094B00049465020F1F73FFD03940494CDE9054A55
:1094C00000940194594B0422594901200294F5F764
:1094D00049F84FF08341D8F800000CF03FF880467F
:1094E00048460CF0BFF941460CF038F80CF082F910
:1094F00000F0FF0B0AA8CDE904404E48CDE9000476
:109500000023029403941A4659466820F1F713FD8C
:109510004FF47A704FF0090996FBF0F0CDE903495A
:109520000DF120080094CDE90578C0B2CDE90140E5
:1095300000231A4659465020F3F723FD4FF47A7062
:1095400096FBF0F100FB1161642091FBF0F0CDE996
:109550000349C0B20094CDE90140CDE9057800236C
:109560001A4659465820F3F70CFD642096FBF0F19B
:1095700000FB11610A2091FBF0F0CDE90349C0B274
:109580000094CDE90140CDE9057800231A465946FB
:109590006020F3F7F6FC0A2096FBF0F100FB116067
:1095A000CDE90349C0B20094CDE90140CDE9057889
:1095B00000231A4659467020F3F7E3FC0899CDF8CA
:1095C00018A0CDE9044103940094CDE901471A4B5A
:1095D00004221A490220F4F7C5FF03940494CDE94C
:1095E000054A0094CDE90147154B02221549032095
:1095F000F4F7B8FF2720687013482861042028700A
:10960000124868610798E8600A98A8600BB0BDE846
:10961000F08F0000000020410000E03FDC550020FA
:10962000000010425C6E0208966A0208306E020862
:10963000A26A020826000020396E0208A66A020803
:10964000CC6D0208AE6A02085A6A0208656D02080B
:109650002DE9F04788463449044688B04FF08140F0
:109660000860EBF70FFF0025012607AF4FF0020956
:109670004FF0060A0795B8F12A0F27D0CDE9035914
:10968000CDE90557CDE90056C846284B02222849A6
:1096900000200296F4F766FFCDE90358CDE905579F
:1096A000CDE90056234B0222234901200296F4F70C
:1096B00059FF22482061224884F800A060612720D9
:1096C00060700798E06008B0BDE8F08703950495E6
:1096D000CDE90557CDE900561A4B02221A49002060
:1096E0000296F4F73FFFCDE90359CDE90557CDE9DF
:1096F0000056C846154B0322154901200296F4F77F
:1097000031FFCDE90358CDE90557CDE90056114B9E
:109710000322114902200296F4F724FF0F4820612A
:1097200084F800A00E48C9E7DC5500204F7E0208EF
:109730004D7E0208557E0208537E0208097E02080B
:109740000F7E0208357E0208337E02083D7E020845
:109750003A7E0208467E0208437E0208DA7D02084D
:10976000697D02082DE9F04FDFF8ECA105468BB0CA
:109770004FF08140DFF8E4B14FF02409CAF800004F
:10978000EBF780FE00240794089409940A94F5F7F7
:10979000C1F86321CDE9034108AFCDE90547009445
:1097A000CDE9014000231A4649463820F3F7E9FB8A
:1097B000F5F792F8012604AA0C21039682E892009C
:1097C0000094CDE9014000231A4649465020F3F7A2
:1097D000D8FBF5F76FF804AA1F21039682E89200E0
:1097E0000094CDE9014000231A4649466820F3F76A
:1097F000C8FB0AAFCDE90447DFF86481CDE90084F6
:109800000023029403941A4649466020F1F793FB23
:10981000CDE90447CDE900840023029403941A465D
:1098200049464820F1F787FB08990DF11C09CDE95D
:109830000441CDF8189003940094CDE90146494BBA
:10984000032249490020F4F78DFE4FF08341DAF8F6
:1098500000000BF083FE014658460BF07FFE0BF034
:10986000C9FF00F0FF0AF5F72BF81722CDE90342F4
:109870000DF12408CDE905480094CDE9014000230D
:109880001A4651463820F3F77CFBF5F71FF84FF0E6
:109890003B0BCDE9034BCDE905480094CDE90140F0
:1098A00000231A4651465020F3F76BFBF5F71AF8E0
:1098B000CDE9034BCDE905480094CDE901400023F3
:1098C0001A4651466820F3F75CFBDFF89480CDE937
:1098D0000447A8F11008CDE9008400230294039402
:1098E0001A4651464820F1F726FBCDE90447CDE959
:1098F00000840023029403941A4651466020F1F735
:109900001AFB0999CDF81890CDE90441039400940D
:10991000CDE90146154B032215490120F4F722FE3B
:1099200003940494CDE905490094CDE9014602224F
:10993000104B11491046F4F715FE0798E8600A9895
:10994000A860052068700D482861042028700C4824
:1099500068610BB0BDE8F08FDC55002000001042BC
:1099600046000020506E0208906A0208566E0208F7
:10997000936A0208CC6D0208AE6A0208426A0208C5
:109980001D6D02082DE9F04EDFF8649105468AB09E
:109990004FF08140DFF85CB12427C9F80000EBF7F5
:1099A00071FD002407940894099402F083FD02F0ED
:1099B00081FD09A9CDE90441C8300126CDE90004A3
:1099C000CDE9026400231A4639465020F1F7B3FA74
:1099D0000DF11C0A03940494CDE9054A0094019406
:1099E000454B0422454900200294F4F7BBFD4FF09B
:1099F0008341D9F800000BF0B1FD014658460BF049
:109A0000ADFD0BF0F7FE00F0FF0B42F2107098FB7B
:109A1000F0F100FB11814FF47A7091FBF0F04FF000
:109A20000909CDE90349C0B20094CDE9014008AF6E
:109A300000231A4659465020CDE90567F3F7A1FAED
:109A40004FF47A7098FBF0F100FB1181642091FBD8
:109A5000F0F0CDE90349C0B20094CDE90140002304
:109A60001A4659465820CDE90567F3F78AFA64206B
:109A700098FBF0F100FB11800A2190FBF1F0CDE999
:109A80000349C0B20094CDE9014000231A4659466B
:109A90006020CDE90567F3F774FA0899CDF818A0AE
:109AA000CDE9044103940094CDE90146144B04220E
:109AB00014490120F4F756FD03940494CDE9054AB6
:109AC0000094CDE9014602220F4B10491046F4F7ED
:109AD00049FD0798E8600998A860272068700C483D
:109AE0002861082028700B4868610AB0BDE8F08E34
:109AF000DC55002000001042306E0208A26A020805
:109B0000B46A0208B06A0208CC6D0208AE6A0208A4
:109B1000D27A0208DA7A0208F0B51949044689B007
:109B20004FF080400860EBF7ADFC002507AF0795CC
:109B300003950495CDE905570126CDE90056114B53
:109B40000622114928460296F4F70CFD0395049568
:109B5000CDE90557CDE900560C4B06220C490120F2
:109B60000296F4F7FFFC272060700A482061062067
:109B70002070094860610798E06009B0F0BD0000FE
:109B8000DC5500200A7B0208047B0208F47A0208F4
:109B9000EE7A0208BF7A0208C57A0208F0B51949C0
:109BA000044689B04FF080400860EBF76BFC00255D
:109BB00001263D20CDE90006079507AF03950495E2
:109BC0000296CDE90557104B022210492846F4F7BA
:109BD000C9FC03950495CDE90557CDE900560C4B1A
:109BE00002220C4901200296F4F7BCFC2720607089
:109BF0000948206104202070084860610798E060EF
:109C000009B0F0BDDC550020D56D0208AA6A020833
:109C1000D16D0208AC6A02081379020817790208AC
:109C20002DE9F04F0F46374905468BB04FF0824083
:109C30004FF028080860EBF725FC002407940894EF
:109C40004FF0040B09944FF00A0ACDE9034BB7FB20
:109C5000FAF00DF1200901260094CDE90569CDE95E
:109C600001402346224641465820F3F78AF9B7FBC4
:109C7000FAF10922CDE903420AFB11700094CDE903
:109C80000140CDE9056900231A4641466020F3F7FB
:109C900078F909A8CDE904401B48CDE90004CDE9D5
:109CA000026400231A4641467020F1F744F90898EF
:109CB00007AFCDE90440069703940094CDE901462F
:109CC000124B032212490020F4F74CFC0394049435
:109CD000CDE905470094CDE901460E4B02220E491D
:109CE0000120F4F73FFC0998A8602F2068700B480A
:109CF000286185F800B00A4868610798E8600BB0F1
:109D0000BDE8F08FDC550020387902082D79020873
:109D10002A790208CC6D0208AE6A0208137902089B
:109D200017790208F0B589B04F49074600244FF073
:109D3000824007940860EBF7A5FB06F0A5FE0068DB
:109D4000012507AE00287DD006F0C0FE01462F2079
:109D50000C296ED2DFE801F0060F186D212A333C82
:109D6000454E5760CDE90005039404943F4B032210
:109D70003F49029558E0CDE90005039404943D4B1A
:109D800001223D4902954FE0CDE90005039404947A
:109D90003A4B02223A49029546E0CDE90005039488
:109DA0000494384B0322384902953DE0CDE9000583
:109DB00003940494354B02223549029534E0CDE9F1
:109DC000000503940494334B0222334902952BE09F
:109DD000CDE9000503940494304B012230490295EB
:109DE00022E0CDE90005039404942E4B02222E4973
:109DF000029519E0CDE90005039404942B4B03224E
:109E00002B49029510E0CDE9000503940494294BF9
:109E100003222949029507E0CDE90005254B274992
:109E20000394049402220295CDE905462046F4F7F6
:109E300099FB052078702248386104203870214849
:109E4000786100E003E00798F86009B0F0BD039482
:109E50000494CDE905462046CDE900451A4B04227D
:109E60001A490294E3E70000DC550020BE7902089D
:109E7000BB790208AF7B0208AE7B0208797C02083E
:109E8000777C0208187C0208157C02087F7C020897
:109E90007D7C0208937B0208917B0208847C020887
:109EA000837C0208897C0208877C0208B37C020854
:109EB000B07C02081E7A0208107D02081C7A020893
:109EC00013790208177902085879020854790208B0
:109ED00003F048B92DE9F0435549064689B04FF0E3
:109EE00080404FF000080860EBF7CCFA002407949C
:109EF00009F09EFE07AF012578B11321CDE90015C9
:109F0000039404940295CDE9054720464FF00108DB
:109F1000484B04224849F4F725FB0E20CDE9000503
:109F2000039404940295CDE9054708F10109434BD8
:109F3000042243494046F4F715FB0F20CDE9000504
:109F4000039404940295CDE9054709F101084846B8
:109F50003C4B04223C49F4F705FB0C20CDE90005FD
:109F6000039404940295CDE90547404608F10108A1
:109F7000364B05223649F4F7F5FA0B20CDE90005FA
:109F8000039404940295CDE90547404608F1010881
:109F9000304B04223049F4F7E5FA0D20CDE90005F5
:109FA000039404940295CDE90547404608F1010861
:109FB0002A4B04222A49F4F7D5FA1420CDE90005EA
:109FC000039404940295CDE90547404608F1010841
:109FD000244B04222449F4F7C5FA1520CDE90005E5
:109FE000039404940295CDE90547404608F1010821
:109FF0001E4B04221E49F4F7B5FA1620CDE90005E0
:10A00000039404940295CDE905474046194B042278
:10A010001949F4F7A7FA0798F06002207070174802
:10A020003061042030701648706109B0BDE8F083DB
:10A03000DC5500206E6D02085E6A0208306D020871
:10A040004A6A0208436D02084E6A0208B36C0208AD
:10A05000AE6C02081D6D0208426A0208276D0208F4
:10A06000466A0208C26A0208BE6A02087A6D0208DD
:10A07000626A0208A86C0208A46C02083A6A020824
:10A08000066D02082DE9F04FDFF8B0820E468BB066
:10A090004FF081410446DFF8A8A24FF0240BC8F826
:10A0A0000010EBF7EFF900250127079508950DF152
:10A0B000240909952D2E7DD002F0FCF9CDE9027519
:10A0C000CDE9045900231A4659464F30CDE9000521
:10A0D0005020F0F730FF07A803950495CDE905500F
:10A0E00000950195974B0422974900200295F4F7BB
:10A0F00039FA4FF08341D8F800000BF02FFA0146EF
:10A1000050460BF02BFA0BF075FB00F0FF0A42F201
:10A11000107B0DF120082D2E7ED002F0CBF94F30B0
:10A12000F6F76EF80022894B0AF0C2FF0022884B36
:10A130000AF0AAFC0AF0F8FE064604A9442000959D
:10A14000019581E881014322CDE9020200231A46EC
:10A1500051465820F2F715FF96FBFBF10BFB1161FE
:10A160004FF47A7B91FBFBF0CDE90357C0B2009529
:10A17000CDE90150CDE9057800231A46514660200B
:10A18000F2F7FFFE96FBFBF10BFB11614FF0640B46
:10A1900091FBFBF00922CDE90352C0B20095CDE955
:10A1A0000150CDE9057800231A4651466820F2F7A0
:10A1B000E8FE00E04FE096FBFBF10BFB11610A208B
:10A1C00091FBF0F00922CDE90352C0B20095CDE930
:10A1D0000150CDE9057800231A4651467820F2F760
:10A1E000D0FECDE904595B48CDE900050023029576
:10A1F00003951A4651467020F0F79DFE564820619F
:10A200000820207055486061089807AECDE90450D9
:10A2100006960395524B00E028E00095CDE90157E2
:10A22000042250490120F4F79DF903950495CDE9E6
:10A2300005560095CDE9015702224B4B4B4910467C
:10A24000F4F790F90798E0600998A0602720607003
:10A250000BB0BDE8F08F02F02DF9CDE90275CDE924
:10A26000045900231A46594647302FE7EEF796FD6A
:10A270000AF0B7FE0022364B0AF006FC0AF054FE44
:10A2800090FBFBF106460BFB11614FF47A7991FBD1
:10A29000F9F0CDE90357C0B20095CDE90150CDE901
:10A2A000057800231A4651465020F2F76AFE96FBC5
:10A2B000F9F109FB11614FF0640991FBF9F00322F8
:10A2C000CDE90352C0B20095CDE90150CDE9057842
:10A2D00000231A4651465820F2F753FE96FBF9F137
:10A2E00009FB11614FF00A0B91FBFBF04FF00909DC
:10A2F000CDE90359C0B20095CDE90150CDE905780B
:10A3000000231A4651466020F2F73BFE96FBFBF114
:10A310000BFB1160CDE90359C0B20095CDE90150A6
:10A32000CDE9057800231A4651466820F2F729FE48
:10A330000F482061062020700E4864E7DC5500209D
:10A3400000001042306E0208A26A02080000594064
:10A350000000E03F26000020C07D0208C87D020802
:10A36000B46A0208B06A0208CC6D0208AE6A02083C
:10A37000F37D0208F97D02082DE9F04F8846B749C0
:10A3800004468BB0B4480860EBF77CF80025B44E67
:10A390000227079508950DF1200B0DF124094FF0C8
:10A3A000010A0995B8F1000F03D0B8F10C0F78D16C
:10A3B0008DE002F07FF84079CDE9027521287DD04B
:10A3C000CDE90459A748A84A0423CDE90005242172
:10A3D0000020F0F7B0FDA248CDE904593030CDE9B6
:10A3E00000050023029503951A4638216420F0F7F2
:10A3F000A2FDCDE90459CDE900650023029503953E
:10A400001A4638214C20F0F796FD4FF00909CDE9A6
:10A4100003590095019500230295D84656461A46E1
:10A4200038213420CDE905ABF2F7ABFDCDE9035976
:10A43000009501950295CDE9056800231A4638215B
:10A440003C20F2F79EFDCDE9035900950195029558
:10A45000CDE9056800231A4638214420F2F791FD22
:10A46000CDE90359009501950295CDE905680023D2
:10A470001A4638215420F2F784FD089907A8CDE93F
:10A4800004510690CDE900560395784B0622784991
:10A4900000200296F4F766F802F00CF840792128C3
:10A4A0007ED00798E0600998A0602620607071480F
:10A4B00020617148277060610BB000E001E0BDE8E9
:10A4C000F08FCDE904596D4802236D4A7DE7CDE94F
:10A4D00004596C48CDE90005CDE9027504236A4AA8
:10A4E00024210020F0F727FD09F0EAFC002864D0C1
:10A4F00009F0E6FC0A2860D0CDE90459CDE90065F1
:10A500000023029503951A4638214C20F0F713FDDD
:10A510000927CDE903570095019500230295D846F8
:10A5200056461A4638213C20CDE905ABF2F729FD05
:10A53000CDE90357009501950295CDE90568002303
:10A540001A4638214420F2F71CFDCDE90357009547
:10A5500001950295CDE9056800231A46382154205B
:10A56000F2F70FFDCDE90357009501950295CDE96E
:10A57000056800231A4638215C20F2F702FD08998D
:10A5800007A803950495CDE90510CDE9005A374B8E
:10A59000062237490020CDF808A0F3F7E3FF00E0DA
:10A5A0004FE00798E0600998A06026206070364868
:10A5B00020610420207033487DE74FF00908CDE981
:10A5C000035800950195002302955E4657461A46AA
:10A5D00038213C20CDE905ABF2F7D3FCCDE9035897
:10A5E000009501950295CDE9057600231A4638219C
:10A5F0004420F2F7C6FCCDE9035800950195029579
:10A60000CDE9057600231A4638214C20F2F7B9FC33
:10A61000CDE90358009501950295CDE90576002313
:10A620001A4638215420F2F7ACFCCDE903580095C6
:10A63000019502950023CDE9057638211A465C2064
:10A640009BE70798E0600998A060262060700C489E
:10A650002061277009482EE700003042DC550020B9
:10A6600026000020A76B0208A36B02083B6B0208C0
:10A67000356B02089E6A02081A6E0208056E02080F
:10A680009A6A0208B86B0208B46B02082DE9F04F11
:10A690000F46864905468BB083480860EAF7F2FE0C
:10A6A00000248348834E079408940DF124080DF18B
:10A6B00020094FF0020B099417B10C2F7ED168E0EE
:10A6C000CDE90448CDE90004CDE902B4C246042333
:10A6D000794A24210020F0F72EFC7648CDE9044A7F
:10A6E0003030CDE900040023029403941A46382147
:10A6F0006420F0F720FCC8464FF00909CDE9034972
:10A7000001270094CDE90578CDE9014700231A46D9
:10A7100038213420F2F735FCCDE903490094019447
:10A720000294CDE9057800231A4638213C20F2F73F
:10A7300028FCCDE90349009401940294CDE9057801
:10A7400000231A4638214420F2F71BFCCDE9044AC5
:10A75000CDE900640023029403941A4638214C206A
:10A76000F0F7E9FBCDE90349009401940294CDE9A7
:10A77000057800231A4638215420F2F702FC089984
:10A7800007A8CDE904410690CDE90047039402975C
:10A7900074E0CDE90448CDE90004CDE902B4042316
:10A7A000454A24210020F0F7C6FBCDE904480023E8
:10A7B0003821029403941A46542000E064E0CDE965
:10A7C0000064F0F7B8FB4FF00908CDE90348012613
:10A7D0000094CDE90569CDE9014600234F461A46AC
:10A7E00038212C20F2F7CDFBCDE9034800940194E9
:10A7F000002302941A4638213420CDE90567F2F788
:10A80000C0FBCDE9034800940194002302941A464A
:10A8100038213C20CDE90567F2F7B3FBCDE90348C9
:10A8200000940194002302941A4638214420CDE973
:10A830000567F2F7A6FBCDE90348009401940023D5
:10A8400002941A4638214C20CDE90567F2F799FBAE
:10A85000CDE9034800940194002302941A4638215C
:10A860005C20CDE90567F2F78CFB089907A8CDE9D4
:10A8700004410690CDE90046039402960F4B062250
:10A880000F490020F3F76EFE0798E8600998A8606A
:10A89000262068700B48286185F800B00A48686176
:10A8A0000BB0BDE8F08F000000003042DC55002006
:10A8B000B86B020826000020B46B02083B6B02084C
:10A8C000356B02089E6A02081A6E02082DE9F041F3
:10A8D0008846234905468AB04FF082402827086001
:10A8E000EAF7D0FD0024012607940894CDE9034639
:10A8F0000321CDE9004108A8CDF80880CDE9056025
:10A900003346184A39465820F2F73BFB089807AF00
:10A91000CDE90440069703940094CDE90146124B1B
:10A92000042212490020F3F71DFE03940494CDE99C
:10A9300005470094CDE901460D4B02220D49012047
:10A94000F3F710FE0520AC6068700B482861042006
:10A9500028700A4868610798E8600AB0BDE8F0818D
:10A96000DC550020DD6A0208D26A0208CE6A0208BD
:10A97000CC6D0208AE6A0208BE6A0208C26A02080A
:10A980002DE9F74F88B00C4605464FF0000A06F057
:10A990009DF8002601274FF03E094FF002084FF0C6
:10A9A000050B0E287ED2DFE800F00749B27DE2FDFC
:10A9B000FC7D7DFBFAF9F8F70A9801280ED1CDE964
:10A9C0000097039604960297CDE9056430464FF050
:10A9D000010AF94B0222F949F3F7C4FD03960496E4
:10A9E000CDE905643F20CDE90007B0465046461C3E
:10A9F000F34B0222F3490297F3F7B4FD01F05AFD3D
:10AA00004079CDF80C80CDF81080CDE9058421285F
:10AA10004FF04000CDE90007304602970AD0EA4BDC
:10AA20000222EA49F3F79EFDE948286185F800B063
:10AA3000E84848E0E84B0222E849F3E7CDE900970F
:10AA4000039604960297CDE905643046DA4B02225C
:10AA5000DA49F3F787FD09F0D5F900284FF04700F0
:10AA6000CDE900070396049602972ED0CDE9056440
:10AA7000DB4B0422DB493846F3F774FD4820CDE96F
:10AA80000007039604960297CDE905644FF0030989
:10AA9000D54B0422D5494046F3F764FD039649207F
:10AAA000049600E0BAE0CDE90007D14BD149052278
:10AAB0000297CDE905644846F3F754FDCE48286176
:10AAC00003202870CD486861A8E0CDE90564CC4B2F
:10AAD0000422CC493846F3F745FD4820CDE900076C
:10AAE000039604960297CDE905644FF00309C64B1F
:10AAF0000422C6494046F3F735FD4920CDE9000759
:10AB000003960496C24B0422C2490297D1E758200B
:10AB1000CDE90007039604960297CDE90564BE4B84
:10AB20000322BE493046F3F71DFD5920CDE9000749
:10AB3000039604960297CDE90564B94B0322B949FF
:10AB40003846F3F70FFD5A20CDE900070396049627
:10AB50000297CDE90564B44B0322B4494046F3F7AC
:10AB600001FDB348286104202870B248ABE7CDE965
:10AB70000097039604960297CDE9056430468E4B04
:10AB800002228E49F3F7EEFC01F094FC4079342860
:10AB900009D05D282ED11FE09EE262E202E1D2E000
:10ABA000A2E044E02CE05F20CDE900070396049684
:10ABB0000297CDE90564A04B0222A0493846F3F77D
:10ABC000D1FC5B20CDE90007039604969C4B022242
:10ABD0009C494046029709E05B21CDE900179A4B5A
:10ABE0009A4903963846049603220297CDE90564F4
:10ABF000F3F7B8FC9648286185F800B0954862E7FD
:10AC00005E21CDE90017039604960297CDE905640D
:10AC100030468B4B02228B49F3F7A4FC8E48286107
:10AC200085F800B08D4868610BB0BDE8F08FCDE9C4
:10AC30000097039604960297CDE905645E4B0222C5
:10AC40005E493046F3F78EFC4520CDE900070396B8
:10AC500004960297CDE90564814B03228149384669
:10AC6000F3F780FC4620CDE900070396049602978F
:10AC7000CDE905644FF003097B4B4A467B494046CA
:10AC8000F3F770FC4720CDE900070396049602977E
:10AC9000CDE905644FF00408594B424659494846EE
:10ACA000F3F760FC4820CDE900070396049602976D
:10ACB000CDE90564544B042254494046F3F752FC55
:10ACC0004920CDE90007039604960297CDE9056473
:10ACD0004F4B04224F495846F3F744FC644828611F
:10ACE00085F800806348EEE6CDE900970396049668
:10ACF0000297CDE90564304B022230493046F3F724
:10AD000031FC5F20CDE90007039604960297CDE958
:10AD10000564494B022249493846F3F723FC5B207E
:10AD2000CDE90007039604960297CDE90564524BDE
:10AD3000022252494046F3F715FC5148286185F834
:10AD400000B05048BFE6CDE90097039604960297FD
:10AD5000CDE90564184B022218493046F3F702FC8E
:10AD60005C20CDE90007039604960297CDE90564BF
:10AD7000454B032245493846F3F7F4FB5D20CDE906
:10AD80000007039604960297CDE905640324404B1F
:10AD9000224640494046F3F7E5FB3F4828612C70C6
:10ADA0003E4890E601F086FB40790A287AD04A288E
:10ADB00078D05F2875D1E0E06479020862790208F2
:10ADC000DD7E0208DB7E02081A6E02089E6A020817
:10ADD000A7790208AC790208056E02089A6A02088F
:10ADE000647B0208577B02086C7B02085B7B0208CD
:10ADF000747B02085F7B02089C7B02089F7B020831
:10AE00003F7B0208337B0208477B0208377B02083E
:10AE10004F7B02083B7B02080A7A0208017A02088B
:10AE2000107A0208047A0208167A0208077A0208E1
:10AE3000637C0208677C02086B7902086979020862
:10AE4000106E02089C6A0208187C0208157C020831
:10AE5000F77B0208FC7B0208726A0208AB6D0208ED
:10AE6000837B02087D7B02088A7B0208807B0208C4
:10AE70001E7B0208227B0208B97C0208B77C02080C
:10AE80008D7C0208927C0208017D0208FE7C02088B
:10AE90000A7D0208077D0208107D0208137D020862
:10AEA00000E064E0CDE90097029703960496CDE9AF
:10AEB0000564BA4630460127B14B0222B149F3F787
:10AEC00051FB08F053FFF0B15020CDE9000A039682
:10AED0000496CDF808A0CDE905645746AA4B042294
:10AEE000AA493846F3F73EFB5120CDE90007029707
:10AEF00003960496CDE905640327A54B0422A549D2
:10AF00004046F3F72FFB5221CDE9001A0396049631
:10AF1000CDF808A0CDE905643846D0467F1C9E4B8D
:10AF200004229E49F3F71EFB5321CDE90018CDF80A
:10AF3000088003960496CDE9056407F10108984B53
:10AF4000042298493846F3F70DFB08F00FFF70B163
:10AF50005421CDE9001A944B944903960496404637
:10AF60000422CDF808A0CDE90564F3F7FBFA904878
:10AF70002861042028708F48A5E5CDE90097039645
:10AF800004960297CDE905647D4B02227D49304647
:10AF9000F3F7E8FA4A20CDE90007039604960297F2
:10AFA000CDE90564844B022284493846F3F7DAFA86
:10AFB0004B20CDE90007039604960297CDE905647E
:10AFC0004FF003097E4B4A467E494046F3F7CAFAE2
:10AFD0004C20CDE90007039604960297CDE905645D
:10AFE0004FF00408784B032278494846F3F7BAFA41
:10AFF0004D20CDE90007039604960297CDE905643C
:10B00000734B032273494046F3F7ACFA4E20CDE967
:10B010000007039604960297CDE905644FF00608F1
:10B020006D4B03226D495846F3F79CFA4F20CDE94A
:10B030000007039604960297CDE905644FF00709CF
:10B04000674B032267494046F3F78CFA5720CDE956
:10B05000000703960496644B02226449484602970F
:10B0600081E74220CDE90007039604960297CDE9D7
:10B070000564B0465E4B02225E493046F3F772FA31
:10B080003F20CDE90007039604960297CDE90564B9
:10B090000226594B042259493846F3F763FA01F066
:10B0A00009FAD0F88400564988420FD1CDF80C80B7
:10B0B000CDF81080CDE905844020CDE90007304669
:10B0C000504B042250490297F3F74CFA4F4828613D
:10B0D000042028704E48F6E401F0ECF940794FF076
:10B0E00043091D2819D04E2843D15E20CDE9000721
:10B0F000039604960297CDE90564464B042246491F
:10B100003046F3F72FFACDE9009703960496434BA8
:10B11000042243493846029727E0424802F0AEF83D
:10B120004220CDE90007039604960297CDE9056415
:10B130003D4B04223D493046F3F714FA5E20CDE939
:10B140000007039604960297CDE90564314B04226B
:10B1500031493846F3F706FACDE900972F4B3049CD
:10B1600003960496042240460297CDE90564F3F75E
:10B17000F9F92F482861032028702A48A3E4000029
:10B1800064790208627902082C7A0208287A020897
:10B19000397A0208357A0208477A0208437A0208A7
:10B1A000547A0208507A0208627A02085E7A02082B
:10B1B000D2790208D67902086B7902086979020807
:10B1C0000A7A0208017A0208107A0208047A020850
:10B1D000EF790208E6790208F5790208E9790208B0
:10B1E000FB790208EC79020872790208707902088A
:10B1F000056E02089A6A0208A76B0208A36B020890
:10B2000000004040B86B0208B46B02085A7D020887
:10B210005E7D02088F7E02088B7E0208817E020816
:10B220007D7E0208BC7D02089D7E0208997E020890
:10B23000B97D02082DE9F041284905468AB04FF052
:10B2400081400860EAF71EF900240894079407AFCC
:10B2500003940494CDE905470126CDE90046204B2F
:10B260000522204920460296F3F77CF90DF12008CB
:10B27000CDE904481C48CDE90004CDE9026400236F
:10B280001A4638212820EFF756FE03940494CDE99E
:10B290000547CDE90046154B0522154902200296C7
:10B2A000F3F760F9CDE904481248CDE90004CDE98F
:10B2B000026400231A4660212820EFF73CFE0A2092
:10B2C00068700D482861052028700C48686108984E
:10B2D000A8600798E8600AB0BDE8F081DC5500205E
:10B2E000CC7B0208C77B0208D87B0208D47B02080B
:10B2F000CF7B0208E77B0208B27B0208B77B02081B
:10B3000010B51249044688B04FF083400860EAF750
:10B31000B9F8002007A9079003900490CDE9050132
:10B320000121CDE900010291094B06220949F3F7F9
:10B3300019F9052060700848206104202070074832
:10B3400060610798E06008B010BD0000DC55002087
:10B35000976C0208916C0208A46C0208A86C0208A1
:10B360002DE9F043584905468BB056480860EAF786
:10B3700089F800240DF124090994CDE904490794C2
:10B38000089402215148CDE90214CDE900040423B8
:10B390004F4A24212046EFF7CEFD01F08BF840798B
:10B3A000012661286AD14FF00908CDE9034808AFAA
:10B3B00000940194002302941A4638212C20CDE9F0
:10B3C0000567F1F7DEFDCDE9034800940194002301
:10B3D00002941A4638213420CDE90567F1F7D1FDF2
:10B3E000CDE9034800940194002302941A463821C1
:10B3F0003C20CDE90567F1F7C4FDCDE90348009491
:10B400000194002302941A4638214420CDE90567AF
:10B41000F1F7B7FDCDE903480094019400230294AD
:10B420001A4638214C20CDE90567F1F7AAFDCDE990
:10B43000034800940194002302941A4638215420B2
:10B44000CDE90567F1F79DFDCDE904492148CDE936
:10B4500000040023029403941A4638215C20EFF77D
:10B460006AFDCDE9034800940194002302941A4632
:10B4700038216420CDE90567F1F783FD089907A815
:10B48000CDE904410690CDE900460394124B062213
:10B49000124900200296F3F765F80798E8600998CA
:10B4A000A8602620687001F005F84079612805D170
:10B4B0000B482861032028700A4868610BB0BDE87A
:10B4C000F083000000003042DC5500204B6B020886
:10B4D000476B0208260000203B6B0208356B020810
:10B4E000FE7C0208017D02082DE9F043584905461B
:10B4F0008BB056480860E9F7C5FF00240DF1240918
:10B500000994CDE904490794089402215148CDE9F2
:10B510000214CDE9000404234F4A24212046EFF70A
:10B520000AFD00F0C7FF4079012661286AD14FF07B
:10B530000908CDE9034808AF009401940023029460
:10B540001A4638212C20CDE90567F1F71AFDCDE91F
:10B55000034800940194002302941A4638213420B1
:10B56000CDE90567F1F70DFDCDE90348009401949D
:10B57000002302941A4638213C20CDE90567F1F7F3
:10B5800000FDCDE9034800940194002302941A467B
:10B5900038214420CDE90567F1F7F3FCCDE90348F4
:10B5A00000940194002302941A4638214C20CDE9DE
:10B5B0000567F1F7E6FCCDE9034800940194002308
:10B5C00002941A4638215420CDE90567F1F7D9FCD9
:10B5D000CDE904492148CDE90004002302940394F5
:10B5E0001A4638215C20EFF7A6FCCDE90348009409
:10B5F0000194002302941A4638216420CDE905679E
:10B60000F1F7BFFC089907A8CDE904410690CDE900
:10B6100000460394124B0622124900200296F2F7CC
:10B62000A1FF0798E8600998A8602620687000F0DC
:10B6300041FF4079612805D10B482861032028701B
:10B640000A4868610BB0BDE8F0830000000030429A
:10B65000DC5500204B6B0208476B020826000020D7
:10B660003B6B0208356B0208077D02080A7D020861
:10B670002DE9F04F87B00646E9F704FF00F01AFF06
:10B68000806F09F03FFFCDE9000170A207217148EA
:10B69000E4F732FF00F00EFFC06F09F033FFCDE991
:10B6A00000016C4869A20721C01DE4F725FF00F0E6
:10B6B00001FFD0F8800009F025FFCDE900016548C1
:10B6C00062A207210E30E4F717FF00F0F3FED0F876
:10B6D000840009F017FFCDE900015E485BA2072155
:10B6E0001530E4F709FF002406AD02270694DFF8C1
:10B6F0006891CDE90445CDE90274CDE900943B465B
:10B70000564A24212046EFF716FCDFF854A1CDE974
:10B710000445CDE90274CDE900A40423514A242153
:10B720002020EFF708FC4B48CDE904450E304FF0E0
:10B730000108CDE90004CDE9028400231A46242142
:10B740006020EFF7F8FBDFF820B1CDE90445CDE943
:10B750000274CDE900B40223444A38210020EFF7F7
:10B76000EAFBCDE90445CDE90274CDE900A4042348
:10B770003C4A38212020EFF7DEFB3648CDE904456E
:10B780001530CDE90004CDE9028400231A463821A2
:10B790006020EFF7D0FBCDE90445CDE90274CDE997
:10B7A000009402232D4A4C210020EFF7C4FBDFF860
:10B7B000C090CDE90445CDE90274CDE9009403239E
:10B7C0002C4A4C212020EFF7B6FB2248CDE9044556
:10B7D000CDE90004CDE9028400231A464C21602003
:10B7E000EFF7A9FBCDE90445CDE90274CDE900B43A
:10B7F00002231E4A60210020EFF79DFBCDE904459E
:10B80000CDE90274CDE9009403231A4A6021202077
:10B81000EFF791FB0F48CDE90445C01DCDE90004C9
:10B82000CDE90284002360211A460846EFF783FB26
:10B830000698B060272070700F4830610520307086
:10B840000E48706107B0BDE8F08F000025322E343D
:10B85000660000002B560020A97A0208A77A020889
:10B860008E7A02088A7A0208AF7A0208AD7A020854
:10B870009C7A0208997A0208727A0208777A02089A
:10B880002DE9F04FFF4904468BB0FD480860E9F709
:10B89000F9FD00250DF1240A0995CDE9045A079513
:10B8A00008950221F848CDE90215CDE900050423E9
:10B8B000F64A24212846EFF73EFB00F0FBFD4079D5
:10B8C000F34E01270DF120094FF009084FF0040B4A
:10B8D00060287BD000F0EEFD4079092877D000F099
:10B8E000E9FD4079612873D000F0E4FD40794D28EE
:10B8F0006FD000F0DFFD40791D286BD000F0DAFD3D
:10B9000040794E2867D003A8464680E8E0020095BB
:10B91000CDE9015700231A4638213420F1F731FBD5
:10B9200003A8002380E8E0020095CDE9015B1A46F8
:10B9300038213C20F1F725FB03A8002380E8E00232
:10B940000095CDE901571A4638214420F1F719FB3B
:10B9500003A9032081E8E0020095CDE9015000230E
:10B960001A4638214C20F1F70CFB089907A8CDE9BD
:10B9700004510690CDE900570395C64B0622C649EF
:10B9800000200297F2F7EEFD00F094FD40794D287B
:10B990000798E0600998A0607ED02620607000F0D3
:10B9A00089FD40794E2878D078DC092877D01D2889
:10B9B000F9D03428FAD04D2805D1B8482061B848CC
:10B9C00084F800B060610BB0BDE8F08F04E084E063
:10B9D000C9E02EE170E1C9E1CDE9045ACDE9006585
:10B9E0000023029503951A4638214C20EFF7A3FA5D
:10B9F00000F060FDB0F86800B0F5807F38D000F04E
:10BA000059FDB0F86800A0F57061FF39ADD1CDE9FE
:10BA100003580095CDE9015BCDE9057900234E4639
:10BA20001A4638213420F1F7ACFACDE903580095D5
:10BA300001950295CDE9057600231A4638213C2070
:10BA4000F1F79FFACDE90358009501950295CDE9EC
:10BA5000057600231A4638214420F1F792FACDE901
:10BA600003580023009501951A463821029576E087
:10BA700003A8464680E8E0020023009501951A4697
:10BA8000382134200295F1F77CFA03A8002380E8DE
:10BA9000E0021A46382103E0B6E1CAE1B6E1C2E1AC
:10BAA0000095CDE9015B3C20F1F76BFA03A8002378
:10BAB00080E8E002009501951A463821442002955D
:10BAC000F1F75FFA03A8002380E8E002382100952F
:10BAD00001951A465420029545E7442043210095DC
:10BAE000CDE90310CDE90150CDE9057900234E469B
:10BAF0001A4638213420F1F744FACDE9035800956D
:10BB000001950295CDE9057600231A4638213C209F
:10BB1000F1F737FACDE9035802200095CDE901503D
:10BB2000CDE9057600231A4638214420F1F729FA99
:10BB3000CDE9035805200095CDE90150CDE9057602
:10BB400000231A4638214C20F1F71BFACDE903589F
:10BB5000062000950023CDE901501A463821CDE991
:10BB600005765420FFE6CDE903580095019502952E
:10BB7000CDE9057900231A4638212C20F1F701FA86
:10BB8000CDE90358009501950295CDE9057900238B
:10BB90001A4638213420F1F7F4F9CDE9035800951D
:10BBA00001950295CDE9057900231A4638213C20FC
:10BBB000F1F7E7F9CDE90358009501950295CDE934
:10BBC000057900231A4638214420F1F7DAF9CDE946
:10BBD0000358009501950295CDE9057900231A4691
:10BBE00038214C20F1F7CDF9CDE9035800950195A6
:10BBF0000295CDE9057900231A4638215420F1F742
:10BC0000C0F9CDE9045ACDE90065002302950395FA
:10BC10001A4638215C20EFF78EF9CDE903580095DC
:10BC2000019502950023CDE9057938211A46642053
:10BC300099E6CDE9045ACDE9006500230295039504
:10BC40001A4638214C20EFF776F903A8464680E8DB
:10BC5000E0020023009501951A4638214420029500
:10BC6000F1F78FF903A8002380E8E0020095019521
:10BC70001A46382154200295F1F783F903A811E000
:10BC800000003042DC5500204B6B0208476B020875
:10BC9000260000203B6B0208356B0208957D0208E8
:10BCA000997D020880E8E00200950023CDE9015764
:10BCB00038211A465C2056E604A9442000950195D7
:10BCC00081E881024322CDE9020200231A4638218D
:10BCD0003420F1F756F9CDE9035800950195029506
:10BCE000CDE9057900231A4638213C20F1F749F9BE
:10BCF000CDE90358009501950295CDE9057900231A
:10BD00001A4638214420F1F73CF9CDE90358009553
:10BD100001950295CDE9057900231A4638214C207A
:10BD2000F1F72FF9CDE90358009501950295CDE97A
:10BD3000057900231A4638215C20F1F722F9CDE974
:10BD40000358009501950295CDE9057900231A461F
:10BD500038216420F1F715F9CDE903580023382183
:10BD6000009501951A466C2002953CE0CDE90358F8
:10BD7000009501950295CDE9057900231A463821F1
:10BD80003C20F1F7FEF8CDE90358009501950295A6
:10BD9000CDE9057900231A4638214420F1F7F1F85E
:10BDA000CDE90358009501950295CDE90579002369
:10BDB0001A4638214C20F1F7E4F8CDE903580095F4
:10BDC00001950295CDE9057900231A4638215C20BA
:10BDD000F1F7D7F8CDE903580023382100950195F4
:10BDE0001A4664200295CDE90579F1F7CAF8CDE944
:10BDF000045ACDE900650023029503951A463821BF
:10BE00005420EFF798F8B0E52720C7E55D2816D055
:10BE100060281AD061287FF4D6AD0F482061032036
:10BE200020700E48CEE50E482061022020700D489B
:10BE3000C8E50D48206184F800B00C48C2E50C4804
:10BE40002061032020700B48BCE50B4820610220D4
:10BE500020700A48B6E50000FE7C0208017D020859
:10BE60009C6A0208106E02088B7E02088F7E020810
:10BE7000157C0208187C0208B77C0208B97C02080D
:10BE80002DE9F047734905468AB071480860E9F723
:10BE9000F9FA002407940894022009AF0994CDE927
:10BEA0000204CDE904476C48CDE9000404236B4A41
:10BEB00024212046EFF73FF800F0FCFA4179CDE964
:10BEC00004476748CDE900041D29234608AE4FF01A
:10BED000090A4FF00109029403941A464FF0380101
:10BEE0004FF04C005BD0EFF726F803A9C846574641
:10BEF000069681E890010023009401941A463821A7
:10BF000034200294F1F73DF803A9069681E89001E8
:10BF10000023009401941A4638213C200294F1F742
:10BF200030F803A9069681E890010023009401945B
:10BF30001A46382144200294F1F723F803A9069603
:10BF400081E890010023009401941A46382154207E
:10BF50000294F1F716F8089907A803940494CDE920
:10BF60000510CDE900493F4B06223F490020CDF89E
:10BF70000890F2F7F7FA0798E8600998A86000F0CF
:10BF800099FA40791D285BD02620687037482861CF
:10BF900003202870364868610AB0BDE8F087EEF7E4
:10BFA000CAFFCDE9034A009401940294CDE90596B5
:10BFB00000234F46D0461A4638213420F0F7E1FFDF
:10BFC000CDE90348009401940294CDE9057600235D
:10BFD0001A4638213C20F0F7D4FFCDE903480094FD
:10BFE00001940294CDE9057600231A4638214420B5
:10BFF000F0F7C7FFCDE90348009401940294CDE91E
:10C00000057600231A4638215420F0F7BAFFCDE90F
:10C010000348009401940294CDE9057600231A4662
:10C0200038215C20F0F7ADFFCDE90348009401947E
:10C0300002940023CDE9057638211A46642088E76A
:10C04000272068700B482861052028700A48A2E75D
:10C0500000003042DC5500204B6B0208476B0208A1
:10C06000260000203B6B0208356B0208017A0208AB
:10C070000A7A0208A67E0208AB7E02082DE9F04784
:10C08000744905468AB072480860E9F7FBF9002454
:10C0900007940894022009AF0994CDE90204CDE980
:10C0A00004476D48CDE9000404236C4A242120464E
:10C0B000EEF741FF00F0FEF94179CDE90447684809
:10C0C000CDE900041D29234608AE4FF0090A4FF0C0
:10C0D0000109029403941A464FF038014FF04C00C6
:10C0E0005CD0EEF728FF03A9C8465746069681E8BC
:10C0F000900108200094CDE9014000231A46382120
:10C100003420F0F73EFF03A9069681E89001002352
:10C11000009401941A4638213C200294F0F731FF34
:10C1200003A9069681E890010023009401941A4621
:10C13000382144200294F0F724FF03A9069681E8F1
:10C1400090010023009401941A463821542002944F
:10C15000F0F717FF089907A803940494CDE9051098
:10C16000CDE900493F4B06223F490020CDF8089019
:10C17000F2F7F8F90798E8600998A86000F09AF9D2
:10C1800040791D285BD0262068703848286103203C
:10C190002870374868610AB0BDE8F087EEF7CBFE3B
:10C1A000CDE9034A009401940294CDE90596002359
:10C1B0004F46D0461A4638213420F0F7E2FECDE94A
:10C1C0000348009401940294CDE9057600231A46B1
:10C1D00038213C20F0F7D5FECDE9034800940194C6
:10C1E0000294CDE9057600231A4638214420F0F761
:10C1F000C8FECDE90348009401940294CDE9057688
:10C2000000231A4638215420F0F7BBFECDE903483D
:10C21000009401940294CDE9057600231A46382152
:10C220005C20F0F7AEFECDE903480094019402943F
:10C230000023CDE9057638211A46642088E72720B7
:10C2400068700C482861052028700B48A2E70000A0
:10C2500000003042DC5500204B6B0208476B02089F
:10C26000260000203B6B0208356B0208077A0208A3
:10C27000167A0208C87E0208CD7E02082DE9F04732
:10C28000744905468AB072480860E9F7FBF8002453
:10C2900007940894022009AF0994CDE90204CDE97E
:10C2A00004476D48CDE9000404236C4A242120464C
:10C2B000EEF741FE00F0FEF84179CDE90447684809
:10C2C000CDE900041D29234608AE4FF0090A4FF0BE
:10C2D0000109029403941A464FF038014FF04C00C4
:10C2E0005CD0EEF728FE03A9C8465746069681E8BB
:10C2F000900104200094CDE9014000231A46382122
:10C300003420F0F73EFE03A9069681E89001002351
:10C31000009401941A4638213C200294F0F731FE33
:10C3200003A9069681E890010023009401941A461F
:10C33000382144200294F0F724FE03A9069681E8F0
:10C3400090010023009401941A463821542002944D
:10C35000F0F717FE089907A803940494CDE9051097
:10C36000CDE900493F4B06223F490020CDF8089017
:10C37000F2F7F8F80798E8600998A86000F09AF8D2
:10C3800040791D285BD0262068703848286103203A
:10C390002870374868610AB0BDE8F087EEF7CBFD3A
:10C3A000CDE9034A009401940294CDE90596002357
:10C3B0004F46D0461A4638213420F0F7E2FDCDE949
:10C3C0000348009401940294CDE9057600231A46AF
:10C3D00038213C20F0F7D5FDCDE9034800940194C5
:10C3E0000294CDE9057600231A4638214420F0F75F
:10C3F000C8FDCDE90348009401940294CDE9057687
:10C4000000231A4638215420F0F7BBFDCDE903483C
:10C41000009401940294CDE9057600231A46382150
:10C420005C20F0F7AEFDCDE903480094019402943E
:10C430000023CDE9057638211A46642088E72720B5
:10C4400068700C482861052028700B48A2E700009E
:10C4500000003042DC5500204B6B0208476B02089D
:10C46000260000203B6B0208356B0208047A0208A4
:10C47000107A0208B77E0208BC7E020802480078E3
:10C48000C0F3C00070470000335700200248007816
:10C49000C0F3800070470000335700200148406817
:10C4A0007047000054580020014840687047000061
:10C4B0005C58002001484068704700004C5800203C
:10C4C00002480078C0F30010704700003357002086
:10C4D0002DE9F04F87B000205F4E02900390054693
:10C4E000049006F12800DFF86CA105900FE075B10B
:10C4F000471C5AA13846E4F719F904007ED0072DED
:10C500001DD2DFE805F0990B0F20535A910053A17B
:10C510000598E4F70BF9002870D092E0E21B394649
:10C52000701D87E0E21B394606A8E4F711F99DF873
:10C5300018004128307803D020F0040030707BE0F0
:10C5400040F00400FAE73078400775D5E21B394621
:10C5500002A8E4F7FDF8002102A808F0C7F80022BD
:10C56000534608F04DFB0746884608F0DDFC0246BE
:10C57000E8F772FF104608F034FD8B4681463A46D4
:10C58000434608F0C9FE0022534608F091FD002200
:10C59000334B08F035FB4A465B4608F075FACDE9A7
:10C5A00000012D480C212FA210303AE031784907C4
:10C5B00042D5E21B3946F01C3CE0307840073BD5C1
:10C5C000E21B394602A8E4F7C3F8002102A808F0EC
:10C5D0008DF80022534608F013FB0746884608F002
:10C5E000A3FC0246E8F746FF104608F0FAFC8B462B
:10C5F000814643463A4608F08FFE00E026E00022DE
:10C60000534608F055FD0022154B08F0F9FA4A464A
:10C610005B4608F039FACDE900010F4811A20C2160
:10C620001C30E3F769FF07E03178490704D5E21BC6
:10C630003946701CE4F78CF83178204641F002014D
:10C6400031706D1CEDB2062D7FF651AF07B0BDE81D
:10C65000F08F000000005940585700202C000000C7
:10C6600000004E40252E376600000000024800788A
:10C67000C0F3401070470000335700200248007894
:10C68000C0F30010704700003757002002480078C0
:10C69000C0F30010704700003557002002480078B2
:10C6A000C0F30010704700002F57002002480078A8
:10C6B000C0F3801070470000375700200248007810
:10C6C000C0F3801070470000355700200248007802
:10C6D000C0F38010704700002F57002002484078B8
:10C6E00000F00100704700002F57002002484078FA
:10C6F000C0F30010704700002F5700200148007859
:10C70000C00970472F57002002480078C0F340004E
:10C71000704700003757002002480078C0F34000FF
:10C72000704700003557002002480078C0F34000F1
:10C73000704700002F57002002480078C0F3C00067
:10C74000704700003757002002480078C0F3C0004F
:10C75000704700003557002002480078C0F3C00041
:10C76000704700002F57002002480078C0F34010A7
:10C77000704700003757002002480078C0F340108F
:10C78000704700003557002002480078C0F3401081
:10C79000704700002F57002002484078C0F3800007
:10C7A000704700003757002002484078C0F38000EF
:10C7B000704700003557002002484078C0F38000E1
:10C7C000704700002F57002002484078C0F3C00097
:10C7D000704700002F57002002480078C0F3800007
:10C7E00070470000375700200148C088704700009C
:10C7F0009078002002480078C0F380007047000065
:10C800003557002002480078C0F3800070470000D0
:10C810002F57002002484078C0F3400070470000C6
:10C820002F5700200248007800F0010070470000F8
:10C83000375700200248007800F0010070470000E0
:10C84000355700200248007800F0010070470000D2
:10C850002F57002000487047685700200248007892
:10C8600000F0010070470000335700200048704777
:10C8700074570020004870478D550020014800681B
:10C8800070470000DC55002002480078C0F34000EB
:10C89000704700003357002000487047875500203C
:10C8A0000148008970470000325700200248007894
:10C8B00000F0010070470000505700200148007848
:10C8C000C00970473357002002480078C0F3801039
:10C8D000704700003357002070B5E5F7BFFE08F041
:10C8E00097FB144CD4E9042308F0CEF8C4E9040102
:10C8F000054620780E460A2816D308F089FB024622
:10C900000B462846314608F07BF96FF00A0209F021
:10C91000A5F9094A094B08F0CBFB0246012020701B
:10C920000020C4E9040003E000220549401C2070F7
:10C93000104670BD10580020E17A14AE47E109405E
:10C940000000F0BF10B5E5F7A3FE6FF00A0209F092
:10C9500085F9BDE81040024A024B08F0A9BB00006F
:10C96000E17A14AE47E1094000487047595700206A
:10C97000004870475B5700202DE9F041FFF71CFF8E
:10C9800008B1F5F767FCFFF71FFF7C4D4FF4004837
:10C9900018B3F5F767FC002241462846ECF78DFEF8
:10C9A0000020EBF7ADFE0024ECF71AF9641CE4B2AA
:10C9B000C82CF9D310217248ECF772FE28B101227D
:10C9C00080217048ECF779FEFEE780212846ECF7DD
:10C9D00067FE012801D0ECF745FFFFF713FF0026A3
:10C9E000694C0127B0B12078012813D1FFF762FD0F
:10C9F000B0F8C40002280DD1FFF75CFD40794A2849
:10CA000008D16248068062480770FFF753FD002195
:10CA1000E6F7F8FCFFF7B8FE38B1F5F7EDFCF5F7EF
:10CA2000FBFB0021022000F02FFCFFF737FE28B1AE
:10CA3000F5F75CFB41462846ECF737FEFFF746FE6C
:10CA4000B0B1F5F771FB2078012811D104F016F888
:10CA500070B1FFF72FFDB0F8C400022804D1FFF732
:10CA600029FD40794A280AD00021262000F00CFC3C
:10CA7000FFF734FE40B3207801280DD013E0424880
:10CA8000444980300160444941600721017201211D
:10CA90000420FAF7DDFBEBE703F0F0FF18B100210B
:10CAA000032000F0F1FB207826280DD1FFF702FDCE
:10CAB00040790A2804D0FFF7FDFC40794A2803D1C9
:10CAC0000021332000F0E0FBFFF710FE30B12078AA
:10CAD000052803D10021372000F0D6FBFFF79AFE8E
:10CAE00098B12078012811D1FFF7E4FC58B12079E2
:10CAF00060B9277103F0EAFF02F018FA014601203D
:10CB0000FAF7A6FB02E00021F9E72671FFF7F6FD30
:10CB100038B1F5F721FB06F0B5FE07F077F8F1F72D
:10CB2000FFFE2078012827D1FFF78CFE1B4C70B147
:10CB3000F5F7DEFB1A4D60686968884207D004F09B
:10CB4000A9FA00F0FDFA6868606028782070FFF7A5
:10CB5000EBFD002810D0F5F71FFB124D6868002888
:10CB60000AD06168814207D004F094FA00F0E8FA34
:10CB70006868606028782070BDE8F081000002409D
:10CB80000008024000100240205500203A570020C3
:10CB90005457002091790208987902084C580020D7
:10CBA000545800205C58002038B5044601680B48F2
:10CBB000814211D10868486800902046EDF7EFFCEB
:10CBC000E8F752FCF5F7E6FB2046BDE838404FF4A5
:10CBD00061720349EDF73ABF38BD000000440040E0
:10CBE0009A7800207047000070B50446E8F70CFC06
:10CBF000E8F712FC0A4D45F8904F2068C16841F0F3
:10CC00001001C1604FF4617206492868EDF71EFFFC
:10CC10002868BDE87040C8230E220349EDF738BFED
:10CC2000585700209A780020F87E020870B50A4E06
:10CC30000FE000EB8004002306EB84050AB1FF241B
:10CC400000E00024EC545B1CDBB2142BF6D3401C38
:10CC5000C0B28842EDD370BD105C002010B51C211D
:10CC6000084C002201EB8103012004EB83031A54DA
:10CC7000401CC0B20328FAD3491CC9B22C29F1D3F5
:10CC800010BD0000105C002010B51A21084C0022D5
:10CC900001EB8103102004EB83031A54401CC0B243
:10CCA0001328FAD3491CC9B22A29F1D310BD0000B8
:10CCB000105C002010B53821084C002201EB8103E4
:10CCC000022004EB83031A54401CC0B21228FAD38A
:10CCD000491CC9B27829F1D310BD0000105C0020B6
:10CCE000F0B510B106240E2301E005240F23002621
:10CCF000094F01F110050CE001EB8102204607EB22
:10CD0000820202E01654401CC0B29842FAD3491C79
:10CD1000C9B2A942F0D3F0BD105C002010B58E213D
:10CD2000084C002201EB8103092004EB83031A5411
:10CD3000401CC0B20B28FAD3491CC9B29E29F1D3BA
:10CD400010BD0000105C002010B58421084C0022AA
:10CD500001EB8103002004EB83031A54401CC0B292
:10CD60000428FAD3491CC9B29E29F1D310BD000092
:10CD7000105C002030B5094C1C2202EB820301211B
:10CD800004EB830310F8015B5D54491CC9B203290D
:10CD9000F8D3521CD2B22C2AEFD330BD105C002045
:10CDA0002DE9F05F002492468B468046274623E01B
:10CDB0005CB908F00F00564640F06000F3F7F6F853
:10CDC000702141EA1810F3F7F1F800254FF014092B
:10CDD00016F8010BF3F7ACF8641CA4B2B4FBF9F13C
:10CDE00009FB114010B90020F3F712F96D1CADB228
:10CDF000142DEDD37F1CFFB25F45D9D3BDE8F09F62
:10CE000030B5094C1A2202EB8203102104EB830394
:10CE100010F8015B5D54491CC9B21329F8D3521CA8
:10CE2000D2B22A2AEFD330BD105C002010B5104CCE
:10CE3000382202EB8201022004EB81030021022848
:10CE400002D0112802D002E0802100E00121382A1E
:10CE50000BD0772A09D01954401CC0B21228EDD348
:10CE6000521CD2B2782AE4D310BDFF21F3E70000B0
:10CE7000105C00200020054AFF211318401CC0B29E
:10CE800083F8E0111428F8D370470000105C0020EC
:10CE900030B5094C8E2202EB8203092104EB830397
:10CEA00010F8015B5D54491CC9B20B29F8D3521C20
:10CEB000D2B29E2AEFD330BD105C002030B5094CB1
:10CEC000842202EB8203002104EB830310F8015B50
:10CED0005D54491CC9B20429F8D3521CD2B29E2A0F
:10CEE000EFD330BD105C002001480078704700008F
:10CEF00070560020014900200870704770560020CD
:10CF00000149012008707047705600201A4910B579
:10CF100009686FF0010008611748EDF7FBF9174841
:10CF20000068016841F040010160EEF7BBFDEEF7DB
:10CF3000D3FFEEF7B5FFEEF797FF1148D0F8881052
:10CF4000104888471048D0F88C101048884710487F
:10CF50008169104888471048416808488847F3F7B6
:10CF600039FD582802D10D4901200870EDF798FECF
:10CF7000BDE8104001F0FABE645900200C590020B1
:10CF80007C5600202C5A002058570020E8590020D9
:10CF9000EC570020A459002058560020305800209B
:10CFA0001CB5012211026846F2F7B0FE9DF80000A0
:10CFB00000B10120614C01224FF4A061207068464D
:10CFC000F2F7A4FE9DF8000000B10120A07001223C
:10CFD0004FF4C0616846F2F799FE9DF8000000B179
:10CFE0000120207101224FF4E0616846F2F78EFEC5
:10CFF0009DF8000000B1012060710122D102684655
:10D00000F2F784FE9DF8000000B1012084F8B4001E
:10D010000122910201A8F2F779FE9DF80430002068
:10D0200001210222002B7CD0012B7BD0032B7AD054
:10D03000E270A171E171442384F8B63084F8B53010
:10D0400020726072A072E07220736073A073E0734C
:10D0500020746074E07420756075A075E0752076AA
:10D060006076A076E076207784F82A0084F82B009A
:10D0700004F82C0F6070A070E07020716071A071D6
:10D08000E0716272A272E27222736273A273E2733F
:10D0900022746274A27404F80E0C04F80D0C04F8E7
:10D0A0000C0C04F80B0C04F80A0C04F8090C04F836
:10D0B000080C04F8070C04F8060C04F8050C61755C
:10D0C000A1752175E17521766176A176E1762177EA
:10D0D0006177A177E1770A2104F8031C206260627E
:10D0E000A062E06220636063A063E0632064606428
:10D0F000A064E06420656065A065E0652066606608
:10D10000A066E066A067E067A4F8820084F880006B
:10D1100084F8840084F8850084F8860084F88B0005
:10D1200002E004E005E006E084F88C001CBDE0703D
:10D130007FE7E1707DE70323E3707AE7207C00203E
:10D140000148EDF709BF0000C0550020014900204B
:10D15000C870704720550020014900208872704730
:10D160002055002010B504460C30F1F71DFA04F1EB
:10D170000800EDF7F1FE00202061606110BD0000A5
:10D18000004870477C5500200148807970470000B6
:10D1900020550020014800787047000020550020ED
:10D1A00000487047B85500200148807C7047000057
:10D1B000205500200148407870470000205500208D
:10D1C0000148C07870470000205500200148807A4F
:10D1D00070470000205500200148806D7047000016
:10D1E0002055002000487047E97E02080148007C75
:10D1F00070470000205500202DE9F04188B0002440
:10D200004FF009080794CDE9034802271048CDE9FB
:10D210000007012607AD0294CDE9056533460D4AA6
:10D2200060212020EFF7ADFECDE903480A48CDE9A3
:10D2300000070294CDE905650123084A60216820B2
:10D24000EFF79FFE06490798486008B0BDE8F081F7
:10D250000C6F02080B6F0208116F0208106F0208B2
:10D26000B8550020014988747047000020550020FF
:10D2700001490120C8707047205500200149886588
:10D2800070470000205500202DE9F04107460D466B
:10D29000002006F0ABFB002006F0A2FBDFF8E483E1
:10D2A00000210C22F84EA8F19804602F3AD2DFE852
:10D2B00007F039303A404F44646C5A74707E82866D
:10D2C00097A139A5F1F590FFEDECEBEAE9E8E73934
:10D2D000E6E5E4E3E2E1E0DFDEDDDCDBDAD9D8D766
:10D2E000D6D5D4D3D2D1D0CFCECDCCCBCAC9C8C756
:10D2F000C6C5C4C3C2C139C0BFBEBDBCBBBAB9B8C4
:10D30000B7B6B5B4B3B2B1B5B3B0AFAEADACABAA0E
:10D31000ACA9DC48FCF7DCFDDC48A062DC48E0623C
:10D3200003F0B8FE7FE3D748F9F73EFF1EE0607ACE
:10D3300054E1D448FBF7A8F90AE2D248FCF7CAFD49
:10D34000D448A062D448E062002D15D0207A91E143
:10D35000CC48FBF719FBCF48A062CF48E062002D14
:10D36000F3D0207A3AE1C748F9F754F8C948A062E7
:10D37000C948E062002DDAD192E1C248F9F722FAF9
:10D38000E6E1A062C448E0628AE1BE48F9F786F8A7
:10D39000DEE1BC48FBF786FDDAE1BA48FBF75EFB4D
:10D3A000BA48A062BC48E06203F06CFE3BE3B548BB
:10D3B000FCF7D8F9CCE1B348F5F7ACFFC8E1B148C8
:10D3C000F9F712FDB348A062B348E06206F0C2FC70
:10D3D00027E306F0D9FD0146AA48FDF777FAB7E141
:10D3E000A848F5F733FFAB48A062AB48E06206F00F
:10D3F0000DFC8FE0A348F5F7E5FEF2E3A148FBF74B
:10D40000ABFEEEE3EFE3EFE3EFE3EFE3EFE3EFE3B6
:10D41000EFE3DFE3D6E3CDE3C3E3BAE3B0E3A7E3AF
:10D420009EE395E38CE383E37AE371E368E35FE3F0
:10D4300056E34DE3F6E3CCE111E2EAE1B3E127E2A2
:10D44000FEE26FE2ABE184E19FE196E199E175E1F3
:10D4500070E15BE187E155E142E136E1A5E2E1E01F
:10D46000E6E0E3E0D3E0C6E0E8E0BAE0F9E0A5E01A
:10D4700019E126E11BE118E263E058E04DE090E29B
:10D4800033E025E020E03CE037E032E018E00FE058
:10D4900004E0FFE77B48FBF7ABFFA2E37948F8F72E
:10D4A0000BFF7D48E0627B48A06206F059FCB8E2C1
:10D4B0007448F9F7FBFE7848E0627448A062EFE038
:10D4C0007048FDF71DFFFAE06E48F8F7DDFCF6E066
:10D4D0002078062803D1607901F0AEFCA082A18AF1
:10D4E0006848F8F701FD6D484BE76648F7F7EEFB33
:10D4F000E5E06448F7F70CFAAAE16248F7F700FBA9
:10D50000A6E16048FBF7EEF86248A0626248E0627C
:10D5100006F0E8FCE5F7F2F885E25A48F5F7ECF892
:10D520005C48A0625C48E06206F0D6FA79E25548B1
:10D53000F9F718FC5748A0625748E06206F068FC0B
:10D540006FE25048F5F796F85248A0625248E06200
:10D5500030780E28E0D2DFE800F0070A0D1013162D
:10D56000191C1F2225282B2E06F0C2FB59E206F0BB
:10D57000EBFB56E206F0E2FB53E206F0C6FB50E29C
:10D5800006F0BCFB4DE206F0D3FB4AE206F0C4FB1A
:10D5900047E206F0B9FB44E206F09CFB41E206F0EC
:10D5A000A1FB3EE206F090FB3BE206F095FB38E281
:10D5B00006F0ACFB35E206F0B5FB32E2207801283C
:10D5C00001D00A2800D12074217C2E48F6F75AFD9C
:10D5D0003048A0623048E0627DB3E079F1F7A4F80A
:10D5E00021E22848FBF750FD2A48A0622A48E06261
:10D5F00006F066FC8EE72A212248FCF729F8254828
:10D60000A0622548E062EBF7CFFBC0B282E72B2196
:10D610001C48FCF71DF81F48A0621F48E062EBF7AA
:10D62000C9FB1CE01748FBF731FADAE22C2100E0D5
:10D630002D211448FCF726FD0AE131E01148FBF7E3
:10D64000E1FC1448A0621448E062FEF733FFD0F812
:10D6500084004FF0804108F055FA08F0CBF8C0B2D2
:10D66000BCE70848FAF70CFE0A48A0620A48E062E4
:10D67000B5B1E079F1F758F8D8F80C10A06903F0CB
:10D6800001F9D0E1B85500204C580020891C010850
:10D6900041180108451A0108C10A0108951B010833
:10D6A000E7F7F6FEBFE1F748FBF772F899E2F548B5
:10D6B000F7F73CFB06F0BCFA08B1F34861E6F34823
:10D6C0005FE6F048F8F768FBF7E7EE48FDF7B2FDD4
:10D6D000EF48A062EF48E06206F094FB70B10FE003
:10D6E000E848F6F74BFFEA48A062EA48E062FEF736
:10D6F000E1FEB0F86800B0F5807F01D1012090E133
:10D7000000208EE1DF48FDF7B3FF6AE2DD48FCF759
:10D7100003FADF48A062DF48E062FEF7CBFEB0F814
:10D72000C4000128EAD0FEF7C5FEB0F8C400022804
:10D73000E6D078E1D348FCF725F989E006F00AFB4A
:10D74000054606F0CFF901462A46CE48F9F714FA05
:10D7500047E2CC48F9F79CFBCD48A062CD48E06297
:10D7600006F05CFB5DE1C748F6F74AFFC848A062D7
:10D77000C848E06206F0FAFA53E1C248F9F7B8F98E
:10D780002FE2C048F8F73AFD2BE2BE48F9F7ECFD6E
:10D79000BF48A062BF48E06206F0FCFB41E1B94827
:10D7A000F4F7ECFF1DE230786074207C0A2802D088
:10D7B000012806D008E0A06D0078442804D16174E7
:10D7C00002E003F083F96074617CAE48FAF7E2FB93
:10D7D00037E030786074207C0A2802D0012806D017
:10D7E00008E0A06D0078442804D1617402E003F0E1
:10D7F0006DF96074617CA348F9F78CFBA06D01782A
:10D800004F2925D14178692922D1807857281AD00B
:10D810001EE0207C0A2802D001280BD00DE0A06D6C
:10D820000078442802D04D2802D006E0617404E05C
:10D83000627402E003F04AF96074617C9148FCF77D
:10D840009BFD607C20B99248A0629248E06255E757
:10D850009148A0629148E062EFF78CFCE3E0207C05
:10D860000A2802D001280BD00DE0A06D00784428D2
:10D8700002D04D2802D006E0617404E0627402E038
:10D8800003F024F96074617C7E48FCF7FFFEDFE75B
:10D89000207C0A2801D0012802D103F017F9607416
:10D8A000617C7848F6F714FCD2E77648F5F7E4FB9C
:10D8B0007748A0627748E06230780E2870D2DFE8BF
:10D8C00000F0070A0D101316191C1F2225282B2EF5
:10D8D00006F068F962E006F093F95FE006F08AF975
:10D8E0005CE006F06CF959E006F062F956E006F0EB
:10D8F0007BF953E006F06CF950E006F05FF94DE07B
:10D9000006F042F94AE006F047F947E006F036F93A
:10D9100044E006F03BF941E006F054F93EE006F041
:10D920005DF93BE05748F5F7FBFB5948A0625948C1
:10D93000E06230780E2876D2DFE800F0070A0D109A
:10D940001316191C1F2225282B2E06F0E5F825E0BA
:10D9500006F00EF922E006F005F91FE006F0E9F8FE
:10D960001CE006F0DFF819E006F0F6F816E006F025
:10D97000E7F813E006F0DCF810E006F0BFF80DE081
:10D9800006F0C4F80AE006F0B3F807E006F0B8F8CD
:10D9900004E006F0CFF801E006F0D8F8E4F798FECE
:10D9A00041E03848FCF7BEF91BE13648FCF7F6F8D1
:10D9B0003748A0623748E06230780E2833D2DFE87B
:10D9C00000F0070A0D101316191C1F2225282B2EF4
:10D9D00006F0E6F925E006F00FFA22E006F006FA76
:10D9E0001FE006F0EAF91CE006F0E0F919E006F0A5
:10D9F000F7F916E006F0E8F913E006F0DDF910E0BB
:10DA000006F0C0F90DE006F0C5F90AE006F0B4F939
:10DA100007E006F0B9F904E006F0D0F901E006F0FD
:10DA2000D9F9E5F793FA0022A0211020FFF7FEF8BC
:10DA3000FFF720FA102006F011F82770BDE8F081FA
:10DA400030780E2811D2DFE800F0070A1114171AF7
:10DA50002B2E3134373A3D4006F064FA01E006F0EF
:10DA60008DFA01460748FCF7DBF8BAE006F080FAC9
:10DA7000F7E706F064FAF4E706F05AFAF1E706F081
:10DA800071FAEEE7B8550020151B0108891C010842
:10DA9000451A0108C10A0108951B0108DD090108A2
:10DAA00006F054FADDE706F049FADAE706F02CFA58
:10DAB000D7E706F031FAD4E706F020FAD1E706F00E
:10DAC00025FACEE706F03CFACBE706F045FAC8E7C0
:10DAD00002F0FCFF607401466748F9F78BFCB7E67B
:10DAE00002F0F4FF607401466348F9F715FDAFE6F4
:10DAF00002F0ECFF607401465F48F9F79FFDA7E66E
:10DB000002F0E4FF607401465B48FAF70FF89FE605
:10DB100002F0DCFF607401465748F9F7BFFE97E654
:10DB200002F0D4FF607401465348F6F739FA58E022
:10DB300002F0CCFF607401464F48F6F70FF987E614
:10DB400002F0C4FF607401464B48F6F799F97FE68E
:10DB500002F0BCFF607401464748F5F747FF77E6DF
:10DB600002F0B4FF607401464348F6F765F86FE6CB
:10DB700002F0ACFF607401463F48F5F7CBFF67E663
:10DB800002F0A4FF607401463A463B48F5F7FEFDFB
:10DB90005EE602F09BFF607401463748F5F764FDCE
:10DBA00056E602F093FF607401463A463248F5F7B4
:10DBB00085FE4DE602F08AFF607401462E48F5F7B7
:10DBC000C1FC45E602F082FF607401462A48F5F781
:10DBD00015FC3DE602F07AFF607401462648F5F731
:10DBE000DBFB264880E43EE035E02CE01BE011E062
:10DBF00008E0FFE702F06AFF607401461E48FEF786
:10DC00003FF925E602F062FF607401461A48FEF70C
:10DC100035FB1DE602F05AFF607401461648FEF718
:10DC20002DFA15E607E002F051FF60740146124834
:10DC3000FDF726FE0CE602F049FF607401460E482F
:10DC4000FAF7C6F804E602F041FF607401460A489C
:10DC5000FDF786FBFCE502F039FF607401460648DB
:10DC6000FDF742FCF4E502F031FF60740146024822
:10DC7000F6F706FDECE50000B8550020451A01084E
:10DC8000034602A205210248E2F736BC25346400AF
:10DC90007C5500202DE9F04F89B000200690F1F767
:10DCA000BDF8F8484FF0100B4FF0000A00780A2832
:10DCB0000FD006F04FF860B1CDF800B0F148CDE9D3
:10DCC00001BA98301021037802690820EAF77EFE35
:10DCD00009E0EC48CDE900BA9830082342691021E8
:10DCE0001846EAF7D7FE02F0C9FE022601250028F1
:10DCF000E44800787ED001287DD1FEF7DBFB0028C8
:10DD000079D002F0C5FE002876D002F0FBFDFFF7C7
:10DD100017FA002282211A20FEF788FF5746CDF815
:10DD20001CA002F0D3FEDFF86093D84903240DF164
:10DD30001C080E287ED2DFE800F00788A27DCAFD0D
:10DD4000FC7D7DFBFAF9F8F7FEF7B4FB4079CDE9ED
:10DD500002675A2805D0CDE90478CD480323CD4A7F
:10DD600004E0CDE90478CC48CC4A0323CDE9000790
:10DD700030210020EDF7DFF8FEF79CFB3130CDE9D4
:10DD80000006CDE90257CDE9047800231A46242184
:10DD90003020EDF7D0F8CDE90478C148CDE900078F
:10DDA000CDE902670223BF4A54210020EDF7C3F8F2
:10DDB000FEF780FB3830CDE90006CDE90257CDE90A
:10DDC000047800231A4648212020EDF7B4F8CDE965
:10DDD0000478CDE90097CDE902670223B24A7021A9
:10DDE0000020EDF7A8F8FEF765FBCDE90257002308
:10DDF0001A4602E0F2E3F2E3D8E32B30CDE9000566
:10DE0000CDE9047870213E20EDF795F802A80023B3
:10DE100080E8B00100971A46322198200197EDF76B
:10DE20008AF803A8042180E8820100231A465621BB
:10DE30000097FDE3C3E0CDE90174FAE2002372210B
:10DE400000971A4678200197ABE3CDE90478CDE935
:10DE50000017CDE902670123944A42210020EDF723
:10DE60006AF8FEF727FB3830CDE90006CDE9025706
:10DE70000023CDE9047836211A462020BEE2CDE900
:10DE800004788B48CDE900074446CDE902670223B8
:10DE9000884A52210020EDF74EF8FEF70BFB383090
:10DEA000CDE90006CDE90257CDE9047400231A46F6
:10DEB00046212020EDF73FF8CDE904747E48CDE9F6
:10DEC00000070223CDE902677C4A542162E3FEF792
:10DED000F1FA41797A48342902D05D296FD185E081
:10DEE000CDE90478CDE90007CDE902670223754A40
:10DEF00030210020EDF71FF8FEF7DCFA3830CDE9CD
:10DF00000006CDE90257CDE9047800231A46242102
:10DF10002020EDF710F8CDE904780223CDE902675F
:10DF200069486A4A542106E063E304E3F5E196E1B7
:10DF300052E1F9E0CEE0CDE900070020ECF7FBFF6D
:10DF4000FEF7B8FA3130CDE90006CDE90257CDE948
:10DF5000047800231A4648212020ECF7ECFFCDE995
:10DF60000478CDE90097CDE9026702234E4A70217B
:10DF70000020ECF7E0FFFEF79DFA2B30CDE900051D
:10DF8000CDE90257CDE9047800231A4670213E20DE
:10DF9000ECF7D1FFFEF78EFA416F4D4881420FDB5F
:10DFA00003A80F2180E882010097CDE901740023C6
:10DFB0001A4632217820ECF7BEFF11210EE00AE16B
:10DFC00003A8052180E882010097CDE901740023B0
:10DFD0001A4632217820ECF7AEFF042103A8002373
:10DFE00080E882011A465621009748E0CDE904787E
:10DFF000CDE90007CDE902670223324A4221002021
:10E00000ECF799FFFEF756FA3830CDE90006CDE976
:10E010000257CDE9047800231A4636212020ECF778
:10E020008AFFCDE90478CDE90097CDE902670223A4
:10E030001D4A70210020ECF77EFFFEF73BFA2B30E3
:10E04000CDE90005CDE90257CDE9047800231A4651
:10E0500070213E20ECF76FFFFEF72CFA416F1C4851
:10E06000814204DB03A80F2180E8820103E003A9B9
:10E07000052081E8810100231A4644210097782079
:10E08000D9E600002055002064790208AF7B020821
:10E09000CE790208CB790208C9790208C67902084C
:10E0A000C3790208C179020862790208AE7B0208CE
:10E0B000797C0208777C02088D7902088B79020846
:10E0C000187C0208137C02080F7C02080D7C0208F1
:10E0D00000401C46FEF7EEF9407909287BD1CDE9D6
:10E0E0000478FE48CDE90007CDE902670223FC4A27
:10E0F00054210020ECF71FFFFEF7DCF93830CDE9A2
:10E100000006CDE90257CDE9047800231A464821DC
:10E110002020ECF710FF03A8072180E882010023EC
:10E120001A465621009739E2CDE90478CDE9001767
:10E13000CDE902670123EB4A30210020ECF7FBFE1A
:10E14000FEF7B8F93130CDE90006CDE90257CDE947
:10E15000047800231A4624212020ECF7ECFECDE9B8
:10E160000478E148CDE90007CDE902670223DF4AE0
:10E1700054210020ECF7DFFEFEF79CF93830CDE9A2
:10E180000006CDE90257CDE9047800231A4648215C
:10E190002020ECF7D0FECDE90478CDE90097CDE959
:10E1A00002670223D24A70210020ECF7C4FEFEF77A
:10E1B00081F92B30CDE90005CDE90257CDE904788E
:10E1C00000231A4670213E20ECF7B5FE03AA042076
:10E1D00082E8810129E6E6E1CDE90478C548CDE988
:10E1E0000007CDE902670323C34A42210020ECF770
:10E1F000A2FEFEF75FF93830CDE90006CDE90257FF
:10E20000CDE9047800231A4636212020ECF793FE4E
:10E21000CDE90478CDE90097CDE902670223B44A3D
:10E2200070210020ECF787FEFEF744F92B30CDE992
:10E230000005CDE90257CDE9047800231A46702184
:10E240003E20ECF778FECDE90478AC48CDE9000734
:10E2500002234421CDE90267A94A7820E9E0CDE90B
:10E260000478A848CDE90007CDE902670323A64A50
:10E2700042210020ECF75FFEFEF71CF93830CDE9B3
:10E280000006CDE90257CDE9047800231A4636216D
:10E290003020ECF750FECDE90478CDE90097CDE9C8
:10E2A00002670223924A70210020ECF744FEFEF739
:10E2B00001F92B30CDE90005CDE90257CDE904780D
:10E2C00000231A4670212620ECF735FEFEF7F2F8FF
:10E2D000416F8E48814209DB03A80E2180E882014C
:10E2E000002358211A460846009708E003A80D218C
:10E2F00080E88201002358211A4660200097CDE96A
:10E300000174ECF718FE02A8002380E8D001722106
:10E3100000971A466020019743E1FEF7CBF8407959
:10E320004A2805D1FEF7C6F8B0F8C40002280CD080
:10E33000FEF7AAFCFEF7BEF840790A2809D0FEF7DE
:10E34000B9F840794A2804D006E07148FEF758FD34
:10E35000F0E705F00BFDE8B3CDE904786D48CDE9B1
:10E360000007CDE9026702236B4A30210020ECF759
:10E37000E2FDFEF79FF83130CDE90006CDE9025706
:10E38000CDE9047800231A4624212020ECF7D3FDA0
:10E39000CDE904786148CDE90007CDE902670223A1
:10E3A0005F4A54210020ECF7C6FDFEF783F83830B1
:10E3B000CDE90006CDE90257CDE9047800231A46DD
:10E3C00048212020ECF7B7FDCDE90478CDE90267BC
:10E3D000544800E038E0CDE900070223524A3221D8
:10E3E0008020ECF7A8FD03A9042081E881010097B3
:10E3F000CDE9017400231A4656218020ECF79BFDDD
:10E40000CDE90478CDE90097CDE902670223384AC7
:10E4100070210020ECF78FFDFEF74CF82B30CDE992
:10E420000005CDE90257CDE9047800231A46702192
:10E430003E20ECF780FD05F0A7FD00287AD003A868
:10E44000029480E89001F9E4CDE904783348CDE9FD
:10E450000007CDE902670223314A30210020ECF7A2
:10E460006AFDFEF727F83830CDE90006CDE90257FE
:10E47000CDE9047800231A4624212020ECF75BFD27
:10E4800003A8042180E882010097CDE901740023EC
:10E490001A4632218020ECF74EFDCDE9047823485E
:10E4A000CDE90007CDE902670223214A542100206B
:10E4B000ECF741FDFDF7FEFF4F30CDE90006CDE959
:10E4C0000257CDE9047800231A4648212020ECF7B2
:10E4D00032FD03A8042180E8820188E77F7C0208DE
:10E4E0007D7C0208AE7B0208BE790208917B02089F
:10E4F00062790208A57C0208A27C0208AB7C0208B3
:10E50000A97C0208137D0208107D020800401C4609
:10E5100083780208797C0208777C02081E7A020858
:10E520001C7A02088D7902088B790208247A020885
:10E53000227A0208AAE0CDE90478FF48CDE9000775
:10E54000CDE902670423FD4A3C210020ECF7F3FCEF
:10E55000FDF7B0FF3F30CDE90006CDE90257CDE928
:10E56000047800231A464C212020ECF7E4FC05F047
:10E57000A7FC88B105F0A4FC0A282AD005F0A0FC6D
:10E5800005282DD002A8002380E8B00100971A4684
:10E590005A210197802004E0042122E0CDE9017492
:10E5A0008020ECF7C8FCE64807998160FDF782FF00
:10E5B000E7F7EDF9002878D002F088FA0E2875D236
:10E5C000DFE800F06875A6B1BCC7D2DDE8F9F6F562
:10E5D000F4F3CDE90478CDF80CB005E05BE15CE143
:10E5E000092103A880E8820100231A465A210097D6
:10E5F000D4E7CDE90478D348CDE90007CDE9026737
:10E600000323D14A42210020ECF795FCFDF752FF8D
:10E610003830CDE90006CDE90257CDE90478002372
:10E620001A4636212020ECF786FCCDE9026700E08F
:10E6300025E0CDE90478CDE900970223C34A702193
:10E640000020ECF778FCFDF735FF2B30CDE9000515
:10E65000CDE90257CDE9047800231A4670213E2007
:10E66000ECF769FCFDF726FF40791D2809D003A8C7
:10E67000122180E8820100231A464421009780205D
:10E68000FEE4CDE90478CDF80CB0F4E702A880E808
:10E69000D001D8E605F02CFB069005F0E3FAF3F77D
:10E6A0001FFF074605F0DAFB0BE0D3E00CE005F0B6
:10E6B0004BFB069005F002FBF3F712FF074605F04F
:10E6C000F9FBF3F70DFF0446DFF87482A8F1980810
:10E6D00098F80A9088F80AA0069800286AD017F0DF
:10E6E000FF4F07D0FDF7E6FEE7F74FF9394607F091
:10E6F000CDF90AD914F0FF4F73D0FDF7DBFEE7F731
:10E7000044F9214607F0C2F86BD888F80A508CE02B
:10E7100005F014FB069005F0CBFAF3F7E1FE07468F
:10E7200005F0C2FBCDE705F0F0FA069005F0A7FA78
:10E73000F3F7D6FE074605F09EFBC2E705F0DEFACA
:10E74000069005F095FAF3F7CBFE074605F08CFB33
:10E75000B7E705F0EDFA069005F0A4FAF3F7C0FE6E
:10E76000074605F09BFBACE705F0D6FA069005F0EE
:10E770008DFAF3F7B5FE074605F084FBA1E705F037
:10E78000C3FA069005F07AFAF3F7AAFE074605F0F9
:10E7900071FB96E705F09EFA069005F055FAF3F73F
:10E7A0009FFE074605F04CFB8BE731E025E019E0C2
:10E7B0000CE000E04CE005F095FA069005F04CFA0C
:10E7C000F3F78EFE074605F043FB7AE705F07CFA87
:10E7D000069005F033FAF3F783FE074605F02AFBAF
:10E7E0006FE720E005F078FA069005F02FFAF3F7CE
:10E7F00077FE074605F026FB63E705F087FA0690EB
:10E8000005F03EFAF3F76CFE074605F035FB58E7D6
:10E8100005F088FA069005F03FFAF3F761FE074627
:10E8200005F036FB4DE788F80AA0B9F1000F03D0D8
:10E83000B9F1010F06D00DE098F80A0050B105F0CB
:10E840001BF807E098F80A0020B9FEF77DFA01E00E
:10E8500088F80AA0FDF72EFEE7F7A0F818B13C48AB
:10E86000FEF788FA01E0FEF7F9F9FDF717FE78B137
:10E87000FDF71AFE60B1FDF71DFE0446FDF70EFE22
:10E88000844201D1334800E03348FEF701FB04E045
:10E89000FEF744FA01E0012808D0DFF8A480A8F1CF
:10E8A000980898F80000132803D085E0FEF7D6F901
:10E8B000EEE705F055FAE8B3FDF7CCFF0078D0B3EA
:10E8C00098F80F10B1B3544688F80FA000227821B1
:10E8D0005420FEF7ABF91A4F20480837CDE904471A
:10E8E000CDE90004CDE9026403231D4A7E21002006
:10E8F000ECF721FBCDE904471A48CDE90004CDE946
:10E9000002640323184A4E210020ECF714FBFEF7A3
:10E910002FF8CDE90447CDE90004CDE902540023E6
:10E920001A465E211846ECF706FBFDF793FFCDE98A
:10E9300002541BE040E059E05E7D02085A7D020867
:10E94000B8550020BC7D0208B97D02086279020832
:10E95000B3780208F3780208D37802086B6C0208D7
:10E96000686C0208796C0208766C0208CDE90447ED
:10E97000CDE9000400231A465E211820ECF7DBFAEB
:10E98000FDF7F2FFCDE90447CDE90004CDE90254DB
:10E9900000231A468E211846ECF7CDFAFDF766FFE4
:10E9A000CDE90447CDE90004CDE9025400231A461D
:10E9B0008E211820ECF7BFFA05F0CCF9194C01466E
:10E9C000A068ECF7F9FAFDF759FF054605F0C2F922
:10E9D00001462A46E068EFF705FE98F80100002896
:10E9E0001DD009B0BDE8F04F05F082BD88F80F508A
:10E9F00005F0B0F950B1CDF800B0CDE901BA062369
:10EA0000094A68211020E9F7E1FFD5E7CDE900BA0E
:10EA10000823064A68211020EAF73CF8CCE709B041
:10EA2000BDE8F08FB8550020D46B0208DA6B0208FD
:10EA300010B5774C4FF480612046EAF731FE01288B
:10EA40002FD0FDF7EFFE18B104F0C2FF04F050FF25
:10EA5000F3F736FCF3F744FCF3F73AFC4FF40061AC
:10EA60002046EAF71DFE012822D0FDF74DFE18B121
:10EA700004F04EFF04F03CFFF3F776FBF3F784FB62
:10EA8000F3F77AFB4FF480512046EAF709FE01289C
:10EA900015D0FDF7A1FE10B3FEF77CFB012814D0C2
:10EAA00019E0FDF7C7FE0028D8D104F089FFD5E7AB
:10EAB000FDF732FE0028E5D104F022FFE2E7FDF782
:10EAC00099FEA0B904F064FF11E0FDF78DFE40F659
:10EAD000B831884201D204F063FF04F009FFF3F774
:10EAE000E7FBF3F7C7FBF3F7D3FBF3F7CBFB4FF4ED
:10EAF00000712046EAF7D4FD012863D0FDF7BEFD82
:10EB000018B104F0CDFE04F0F3FEF3F7D7FAF3F7F3
:10EB1000E5FAF3F7DBFA4FF400512046EAF7C0FDBF
:10EB2000012856D0FDF7C2FD18B104F0C9FE04F06B
:10EB3000DFFEF3F701FBF3F707FBF3F7DFFAF3F779
:10EB4000EBFAF3F7E3FA4FF480412046EAF7A8FD29
:10EB5000012845D0FDF7F0FD18B104F0E9FE04F0FE
:10EB6000C7FEF3F721FBF3F72FFBF3F725FB4FF479
:10EB700000412046EAF794FD012838D0FDF7F4FD66
:10EB800018B104F0E5FE04F0B3FEF3F72DFBF3F744
:10EB90003BFBF3F731FB80211E48EAF781FD01289A
:10EBA0002CD0FDF7F9FD18B104F0E2FE04F0A0FE50
:10EBB000F3F758FBF3F738FBF3F744FBBDE81040DD
:10EBC000F3F73ABBFDF762FD0028A4D104F060FE24
:10EBD000A1E7FDF773FD0028B5D104F069FEB2E7A7
:10EBE000FDF7B2FD0028C2D104F09AFEBFE7FDF7A1
:10EBF000C3FD0028CFD104F0A3FECCE7FDF7D4FD80
:10EC000008B904F0ADFE04490120087010BD0000F1
:10EC100000100240000002402E5700202DE9F0476E
:10EC2000504F3878504CC00707F102050DD02178BD
:10EC30002078491C61F30300207000F00F000A28BF
:10EC400003D3287840F00100287038784FF001088D
:10EC500080074FF00A090DD52178207808EB1111B3
:10EC600061F307102070B9EB101F03D8287840F02B
:10EC700002002870387840F6B83640070ED5E08894
:10EC8000401C80B2E0800A2808D3287840F00400B5
:10EC90002870E088B04201D304F08AFE387800077B
:10ECA0000DD561786078491C61F30300607000F055
:10ECB0000F000A2803D3287840F00800287038781D
:10ECC000400616D5A088401C80B2A0800A2810D328
:10ECD000287840F040002870A08841F27071884286
:10ECE00002D304F0FDFD04E0A088B04201D304F09B
:10ECF000EFFD387880060DD5A178A078491C61F326
:10ED00000300A07000F00F000A2803D3287840F019
:10ED1000200028703878C0060DD56178607808EB3F
:10ED2000111161F307106070B9EB101F03D8287838
:10ED300040F0100028707878400710D52089401CDA
:10ED400080B220810A280AD3687840F004006870F5
:10ED50002089B04203D3BDE8F04704F011BEBDE8FE
:10ED6000F0870000355700209078002008B5012278
:10ED700000216846F0F7CAFF9DF80000672802D01E
:10ED8000F3F78CFB03E0E9F7B3FC00F0C7F804F0FD
:10ED9000E7FF0B4B4FF4006108B1012200E00022B5
:10EDA0001846EAF78AFC04F03DFFE9F7B1FC0021C0
:10EDB0000120E9F70FFF002004F050FE08BD00001D
:10EDC000000002402DE9F04106460C4640F2FF7576
:10EDD000174635EA14502BD000221346304606F071
:10EDE00067F825D03A463046214606F037FF0646FA
:10EDF0000C4635EA145010D000221346304606F077
:10EE000057F815D10220E1F794FDF1F75FF90A46B2
:10EE1000214662F31E01BDE8F0810220E1F789FD81
:10EE2000F1F74CF90A46214662F31E01BDE8F08174
:10EE300030462146BDE8F081014931F810007047A5
:10EE4000DC7C00200E4801884288C38811448288F7
:10EE50001A4411440289114442891144828911449F
:10EE6000C2891144028A1144428A1144828A11449F
:10EE7000C28A1144028B408B1144084480B270470F
:10EE8000DC7C00200B4630B400210E2A0DD2DFE8D6
:10EE900002F0070910121416181A1C1E202224262C
:10EEA000104900E0104901EB032130BC9422F0F737
:10EEB0002DBF0E49F7E70E49F5E70E49F3E70E4976
:10EEC000F1E70E49EFE70E49EDE70E49EBE70E4992
:10EED000E9E70E49E7E70E49E5E70E49E3E70E49A2
:10EEE000E1E7000000B03C004045530080DA6900D3
:10EEF000C06F800000059700409AAD00802FC400CD
:10EF0000C0C4DA00005AF10040EF070180841E01FE
:10EF1000C01935014044620180D978011C224FF4A8
:10EF200000710148F0F7F2BEDC7C00202DE9F14FC2
:10EF30000024D34800F0ECFAD148DDF800C00023EB
:10EF40004F2643224C271C38CD4D42F210714FF012
:10EF5000440A4FF0480B4FF04609BCF10E0F48D25F
:10EF6000DFE80CF007949FB1C1D1E2FEFDFCFBFA93
:10EF7000F9F804888C427DD285F800A06E70AB70E1
:10EF800004F0B6FF286404F0A1FD06F0BBFA0646C3
:10EF90000F46F1F75FFB32463B4605F075FD05F085
:10EFA00041FDE863FDF786FA3830F1F729F905F0FD
:10EFB00039FD6864FDF77EFA3130F1F721F905F08B
:10EFC00031FDA86456E1FDF775FAC06E4FF084413B
:10EFD00006F098FD06F096FAAA4AAB4B05F010FE33
:10EFE00004E0FDF767FA2B30F1F70AF905F01AFD96
:10EFF000A863EFF75FFC6872EFF762FC2872EFF727
:10F0000065FCE871EFF768FCE872EFF76BFCA8713C
:10F01000EFF77AFCA872EFF77DFC2873FDF74AFA48
:10F0200000F1560196480D220D30E1F791FBFDF7F6
:10F0300011FC934D01681C3DC5F83A104168C5F8B4
:10F040003E108068C5F842003635FDF70FFC0168B8
:10F050002961416869618068A861FDF785FC0088C5
:10F060002880FDF785FC0088688001F02FFD0246AE
:10F07000214600E075E0824800F0FEF9641CA0B271
:10F08000009900F0EDF90120BDE8F88F44888C422A
:10F0900067D27020287085F801B0FDF70BFA383080
:10F0A00057E084888C42F3D2542028707520687011
:10F0B0007220A870FDF7FEF93830F1F7A1F805F0DD
:10F0C000B1FC686695E7C4888C42E1D285F800906F
:10F0D0006A70AF70FDF7EEF93830F1F791F805F08E
:10F0E000A1FC6867C6E004898C42D1D24520287013
:10F0F0006A70AB70FDF7DEF9406FA865FDF7DAF9CD
:10F10000006FE865B6E044898C422AD22E70522006
:10F1100068705020A870FDF7CDF93830F1F770F81D
:10F1200005F080FC686564E784898C4219D24E2022
:10F13000287085F801B03321A970E870FDF7BAF99D
:10F140003830F1F75DF805F06DFCA866FDF7B2F90F
:10F15000313007E07BE06BE048E039E027E017E082
:10F1600006E077E0F1F74CF805F05CFCE86481E03C
:10F17000C4898C426ED285F800906B70AB70FDF73D
:10F1800099F93830F1F73CF805F04CFCE86671E08D
:10F19000048A8C425ED22A706F70AB70FDF78AF9D8
:10F1A0003830F1F72DF805F03DFC286762E0448A1D
:10F1B0008C424FD22A70682068706C20A870FDF7CE
:10F1C00079F93830F1F71CF805F02CFCA86751E00C
:10F1D000848A8C423ED24220287067206870612069
:10F1E000A870FDF767F9406FE86743E0C48A8C4276
:10F1F00030D22A706E7085F802A0FDF75BF93830C6
:10F20000F0F7FEFF05F00EFCC5F88000FDF752F99F
:10F210003130F0F7F5FF05F005FC6866FDF74AF9B7
:10F220004F30F0F7EDFF05F0FDFBC5F8840021E05D
:10F23000048B8C420ED24D2028706F705320A87022
:10F24000E870FDF737F9406FC5F88C00D1E6448BC4
:10F250008C4201D3002017E72E7069206870572078
:10F26000A870FDF727F93830F0F7CAFF05F0DAFB90
:10F27000C5F8900004F088FE00283FF4B2AEA2E684
:10F28000F87C0020CDCCCCCCCCCCFC3F10B5A8B0C9
:10F29000FF208DF8000003208DF8010002205C4A59
:10F2A0005C4C8DF80200D38AE18A68468B4207D90C
:10F2B0000B22001DFFF7E6FDE08A401CE0829AE089
:10F2C000938AA18A8B4207D90A22001DFFF7DAFD33
:10F2D000A08A401CA0828EE0538A618A8B4207D9A3
:10F2E0000922001DFFF7CEFD608A401C608282E08B
:10F2F000D388E1888B4207D90322001DFFF7C2FDA6
:10F30000E088401CE08076E0138A218A8B4207D98E
:10F310000822001DFFF7B6FD208A401C20826AE00B
:10F32000D389E1898B4207D90722001DFFF7AAFD87
:10F33000E089401CE0815EE09389A1898B4207D976
:10F340000622001DFFF79EFDA089401CA08152E00F
:10F35000538961898B4207D90522001DFFF792FD71
:10F360006089401C608146E0138921898B4207D95E
:10F370000422001DFFF786FD2089401C20813AE011
:10F380009388A1888B4207D90222001DFFF77AFDDE
:10F39000A088401CA0802EE0538861888B4207D94A
:10F3A0000122001DFFF76EFD6088401C608022E096
:10F3B000138821888B4207D90022001DFFF762FDC8
:10F3C0002088401C208016E0138B218B8B4207D9AC
:10F3D0000C22001DFFF756FD208B401C20830AE005
:10F3E000528B618B8A4206D90D22001DFFF74AFD20
:10F3F000608B401C60839C216846EFF7CBFC06487D
:10F40000C8239C22C0696946EBF742FB28B010BDB7
:10F41000DC7C002064580020EC5700201CB5FF2045
:10F420008DF8000003208DF8010001208DF8020006
:10F43000FFF708FD000A8DF80300FFF703FD8DF8C4
:10F44000040007216846EFF7A5FC0448C8230722FB
:10F45000C0696946EBF71CFB1CBD0000EC5700209F
:10F46000044A22F811001C224FF400710148F0F701
:10F47000ADBC0000DC7C00200B4630B400210E2A1D
:10F480000DD2DFE802F0070910121416181A1C1E1C
:10F4900020222426104900E0104901EB032130BC52
:10F4A0009422F0F793BC0E49F7E70E49F5E70E49B1
:10F4B000F3E70E49F1E70E49EFE70E49EDE70E4994
:10F4C000EBE70E49E9E70E49E7E70E49E5E70E49A4
:10F4D000E3E70E49E1E7000000B03C00404553007F
:10F4E00080DA6900C06F800000059700409AAD0087
:10F4F000802FC400C0C4DA00005AF10040EF0701B9
:10F5000080841E01C01935014044620180D9780110
:10F5100070B50446002544F8025B0D216580258303
:10F520006583E56125626562A562E56244F8305F46
:10F53000A4F12500323CE1F758F944F8385F6560E2
:10F54000A560E56025616561A561E561256265628B
:10F55000A562E56225636563A563E563256465646B
:10F56000A564E56425656565A56570BD10B50B4CA2
:10F57000FDF7B2F900220A4BC4E9040105F098FC3A
:10F5800003D0D4E90401C4E90201D4E9020105F081
:10F5900049FABDE81040F0F749BE0000305800209D
:10F5A0000000F0BF10B50B4CFDF796F900220A4B96
:10F5B000C4E9040105F07CFC03D0D4E90401C4E9EA
:10F5C0000201D4E9020105F02DFABDE81040F0F780
:10F5D000B3BF0000305800200000F0BF70B501F04C
:10F5E0004DFA08B101F03AFAFDF7F0FD08B1FDF768
:10F5F000B3FDFCF75FFF484D407995F84510884210
:10F600005CD1FDF7C7FD4F2836D019DC472833D031
:10F6100012DC412830D008DC01281ED0032826D077
:10F62000252824D03F2849D126E0422824D0452847
:10F6300022D0462842D11FE0483806283ED81BE099
:10F64000503810283AD2DFE800F0171717171717AD
:10F6500017121717171717171717FDF771FD002245
:10F66000A0211620FDF7E2FA01F014FD26E00021AA
:10F670000220F7F7EDFD21E001F02EFA0B281DD155
:10F68000FDF78EFD8068254900698160FDF788FDE2
:10F69000806823490069C160FDF782FD806804210C
:10F6A0000069417100210220F7F7D2FDFDF79EFDB0
:10F6B00001281ED00424FDF773FD4470FCF7EEFE14
:10F6C000407995F84510174C174D88421CD1FCF72E
:10F6D000EBFE80B101F0DEFCFDF732FD1349486816
:10F6E00060606860087820702870BDE87040E6F7B8
:10F6F0002FB90124DFE7E6F723F9E6F737F9BDE88C
:10F7000070400E2001F0E4BC01F0C4FCFDF718FDD0
:10F71000606868602078E7E77C5600209F6B0208ED
:10F720009A6B0208545800204C5800205C58002066
:10F73000064810B50078002807D0F0F7DBFFF0F797
:10F7400089FFBDE8104004F057B910BD30580020C3
:10F7500010B5FDF7C9FB00280ED1084940F2DC5274
:10F76000888B401C80B28883904205D30020888318
:10F77000BDE81040FDF7C4BB10BD000032570020AB
:10F78000E9F7E0FFEFF7F8FBECF7B2F9ECF758F91F
:10F79000ECF718FBECF734FBECF7FEFAFDF7B6FBE1
:10F7A000F0F710FA00F002F8FCE7000070B5FDF782
:10F7B0006BF838B1F2F7C0FD04214D48E9F775FF49
:10F7C000EBF702FAFCF762FE4A4CE0B1F2F722FCDA
:10F7D000FFF7AEFFFDF7DEFC0025012812D104F093
:10F7E00081F978B1FCF766FE60B104F07BF9A1887D
:10F7F000491C89B2A180B1EB500F04D3A580EFF76B
:10F8000027F900E0A580FCF75BFE18B1F2F712FCC7
:10F81000FCF75EFEFCF732FE18B1F2F7F3FBFFF7E0
:10F82000A5FEFFF705F9FDF749F898B1F2F79AFD43
:10F83000FDF7B0FC01280DD101F020F910B3FDF760
:10F84000AFFC80682C498068884203D1FDF778FCC2
:10F85000F2F75EFDFCF70AFF18B1F2F7F3FBFEF7D3
:10F8600019FAF2F727FAFDF7ABFCB0B1FDF76EFC21
:10F87000FDF78AFC88B1F2F7BFFDFDF78BFC01288C
:10F8800003D00AE000F000F9E4E7FDF79FFC20B1A7
:10F89000607810B11948FDF711FBFDF715F818B1A4
:10F8A000F2F768FD05F00AF8FCF7D8FF18B1F2F797
:10F8B00027FDE9F795F9F2F70DFA01F047F801F0A5
:10F8C000EDF818B101F024F8FFF788FE0C48007835
:10F8D00018B901F0D9F8E6F7D3FD01F0E7F818B14F
:10F8E00001F01EF801F0ACFBBDE87040EEF7A6BFDA
:10F8F0000000024030580020836C02081B78020888
:10F900004C58002010B5414C04F101012078401CF6
:10F9100010F0FF0222704FF0000004D020700A782F
:10F9200042F001020A70E28940F2EF23521C92B2C7
:10F93000E2819A4204D3E0810A7842F002020A701E
:10F94000228A40F2D273521C92B222829A4204D38B
:10F9500020820A7842F004020A70628A40F6CB13D1
:10F96000521C92B262829A4204D360820A7842F0B8
:10F9700080020A70A28A41F29813521C92B2A282AB
:10F980009A4204D3A0820A7842F010020A70E28AF6
:10F99000521C92B2E282B2F5BD6F04D9E0820A78BD
:10F9A00042F008020A70228B521C92B22283FA2A79
:10F9B00004D320830A7842F020020A70628940F260
:10F9C0001A53521C92B262819A420AD360810A7819
:10F9D00042F040020A700E4A11880A2901D8491CD7
:10F9E0001180618B491C89B26183B1F57A7F0BD399
:10F9F00060832089401C80B22081B0F5807F03D1D4
:10FA000004F0CEFA401D208110BD000032570020C6
:10FA100036550020024640210148E9F74EBE00005D
:10FA200000040240024680210148E9F746BE00007A
:10FA30000004024080210148E9F732BE0004024080
:10FA400000B585B080200090002001900120029038
:10FA50000220039069460248E9F740FD05B000BD69
:10FA60000004024000B585B0802000900120019084
:10FA7000002002900220039069460248E9F72EFD1B
:10FA800005B000BD000402402DE9F043314D0227CE
:10FA9000DFF8C490E88A87B005F1A0044FF00008B1
:10FAA000092812D1FDF74CFB04F054F908B13020BD
:10FAB00000E02C20CDE90484CDE90278CDE900985E
:10FAC0000423264A2421EBF736FA224E9836B068F2
:10FAD000B8B1F2F71DFC02220021A6F18A0004F061
:10FAE000CDFEA87B00EB400101EB0010242101EBCF
:10FAF0004000B168087107B00020BDE8F04303F092
:10FB0000ADBF85F80E80E88A46460A2810D204F078
:10FB100021F908B1362000E02C20CDE90464104919
:10FB2000CDE90016CDE9027603230E4A24210EE02A
:10FB300004F010F908B1302000E02C20CDE9046475
:10FB4000CDE90276CDE900960423044A2421EBF79F
:10FB5000F2F9D0E720550020876C0208836C020878
:10FB6000786E0208756E020870B500F0B5FF714C32
:10FB70000B2804F1080570D01FDC022853D004289C
:10FB800071D008286BD1A079032868D1F2F7FAFB6D
:10FB9000FCF784FC407901285CD0FCF785FC00214F
:10FBA000E3F778FDFCF77AFC4079012858D0FCF7A0
:10FBB0007BFCBDE87040E6F7F2BB0C2818D0122899
:10FBC00071D013284BD1A079062848D1E0790828B4
:10FBD00045D1207A332842D1F2F7D4FBFDF7DAFA87
:10FBE00003283CD1BDE8704001210220F7F730BB6B
:10FBF000A079032833D10120E5F792FC00F026FF1D
:10FC0000FCF74CFC407901280AD0FCF74DFC294652
:10FC100000F0B0F8FCF742FCBDE8704000F04EBACE
:10FC2000FCF73CFCF3E7A079032871D1F2F7AAFBBB
:10FC3000FCF734FC4079012809D0FCF735FC00F0D2
:10FC40007FF8FCF72BFCBDE8704000F015BAFCF71C
:10FC500025FCF4E7FCF722FCA1E728E003E057E0ED
:10FC6000FCF71CFCA5E7A079032851D1E079062810
:10FC70004ED1F2F787FBFCF711FC407901280FD039
:10FC8000FCF712FC294600F075F8FCF707FC4079F8
:10FC9000012809D0FCF708FCBDE87040E6F778BB06
:10FCA000FCF7FCFBEEE734E0FCF7F8FBF4E7A079A7
:10FCB00006282DD1E07908282AD1207A082827D1D2
:10FCC000F2F760FBFDF766FA032805D0472803D05A
:10FCD000482801D049281BD101210220F7F7B8FAA2
:10FCE000FDF75EFA80681449006900690069816067
:10FCF000FDF756FA80681149006900690069C16022
:10FD0000FDF74EFA806804210069006900694171BD
:10FD100070BDA0790628FBD1E0790828F8D1207AB7
:10FD20000B28F5D1F2F72EFBFDF734FA3E283FF40D
:10FD300059AF70BD7C5600208B6B02088F6B020898
:10FD4000002815D04C2100F8561F482141702D2263
:10FD500082704422C270702202714171302383711B
:10FD60003723C3715F230372427281722021C172F3
:10FD7000704700002DE9FE4F040078D04A7862F306
:10FD800007000A7862F30F20CA7880B262F3070591
:10FD90008A7862F30F254A79097962F3070661F3DD
:10FDA0000F2605F05FFD7A4905F046FC6067A8B2B2
:10FDB00005F058FD774D294605F03EFCE06630B26F
:10FDC00005F038FD294605F037FC00252567E0677A
:10FDD00005F098FBCDE900016FA2082104F13F0076
:10FDE000E0F78AFB04F0D0F8A8B1E06E05F08AFBDA
:10FDF0006B4A6C4B05F05CF900226B4B04F044FE3F
:10FE000004F010FE6949E066884203DC4FF084414B
:10FE1000884200DAE166207804F12B08420704F1F9
:10FE2000310704F1380624D520F004002070606FFB
:10FE30006061E06E05F066FBCDE900015CA2062181
:10FE40004046E0F759FB206F05F05CFBCDE900016F
:10FE500059A207213846E0F74FFB606F05F052FBCF
:10FE6000CDE900014CA207213046E0F745FBBDE893
:10FE7000FE8F616FA06805F071FBA060216FE068E4
:10FE800005F06CFBE060E16E206905F067FB206126
:10FE90002046E4F7E9FC606F6061E079401CC0B285
:10FEA000E0710328E3D305F0DDFC81464946206973
:10FEB00005F0C2FB02904946E06805F0BDFB8346B1
:10FEC0004946A06805F0B8FB824603F095FFDFF8CD
:10FED000F09088B304F052F802282ED399F800105D
:10FEE00004F1A00001904A460C3804F1AC090090DE
:10FEF00049B115700098F2F78DFA0198F2F78AFA75
:10FF00004846F2F787FA51460098F2F7B6FA594692
:10FF10000198F2F7B2FA48460299F2F7AEFA48466B
:10FF2000F2F78EFA02900098F2F78AFA8246019868
:10FF3000F2F786FA834603E0FFE7012189F8001013
:10FF40002046E5F72BFDE8B9029805F0DBFACDE98C
:10FF5000000117A206214046E0F7CEFA584605F008
:10FF6000D1FACDE9000114A207213846E0F7C4FA1E
:10FF7000504605F0C7FACDE9000107A20721304637
:10FF8000E0F7BAFAE571A560E56025616FE700006A
:10FF90000000C8420000204125352E3266000000D6
:10FFA000CDCCCCCCCCCCFC3F0000404000000C437E
:10FFB00025352E316600000025362E326600000001
:10FFC0004858002010B5002819D00D4801220B0A0E
:10FFD00000F8452F0622427008228270C270037119
:10FFE000417100F8422C064811464530EEF7D2FE2A
:10FFF00001F048F8BDE810400B2001F06FB810BDCB
:020000040802F0
:100000007C56002010B5002819D00D480122062189
:1000100000F8452F3323417008218170C3700023FD
:100020000371427100F8421C05484530EEF7B2FEFC
:1000300001F028F8BDE81040132001F04FB810BDC2
:100040007C5600200B4810B5012100F8451F032302
:100050004370082181700022C2700271437100F860
:10006000421C04484530EEF795FEBDE810400C20D8
:1000700001F034B87C56002010B500281AD00E4884
:1000800001217C2200F8451F032141700821817065
:10009000C270002202710222427100F8421C06481E
:1000A0004530EEF777FE00F0EDFFBDE81040082088
:1000B00001F014B810BD00007C56002010B50028D7
:1000C00018D00D480121032300F8451F0821437073
:1000D00081700022C2700271437100F8421C064810
:1000E0004530EEF757FE00F0CDFFBDE8104002208E
:1000F00000F0F4BF10BD00007C56002010B50028B1
:1001000016D00C480121032300F8451F0821437035
:1001100081700022C2700271437100F8421C0548D0
:100120004530EEF737FEBDE81040042000F0D6BFA2
:1001300010BD00007C56002010B500281AD00E48D3
:1001400001220B2300F8452F0622427008228270FC
:10015000C3700B0A0371417100F8422C0648114626
:100160004530EEF717FE00F08DFFBDE8104012207D
:1001700000F0B4BF10BD00007C56002070B500F048
:10018000ABFC6D4C0B2804F108056FD01FDC022876
:1001900050D0042873D008286AD1A079042867D1E8
:1001A000F2F7F0F8FCF77AF940795C2861D0FCF7B7
:1001B0007BF9294604F067F9FCF770F940795C286F
:1001C0005AD0FCF771F9BDE87040E6F7E8B80C28A2
:1001D00015D0122873D013284AD1E0799C2847D132
:1001E000207A512844D1F2F7CDF8FCF7D3FF032849
:1001F0003ED1BDE8704001210220F7F729B8A0796F
:10020000042835D15C20E5F78BF900F01FFCFCF7E2
:1002100045F940795C280AD0FCF746F9294600F0F8
:1002200091F8FCF73BF9BDE8704000F047BAFCF7E5
:1002300035F9F3E7A079042871D1E0790C286ED163
:10024000F2F7A0F8FCF72AF940795C280BD0FCF70C
:100250002BF90C22294604F02BF9FCF71FF9BDE815
:10026000704000F009BAFCF719F9F2E72BE006E05C
:1002700055E0FCF713F99CE7FCF710F9A3E7A07928
:1002800004284CD1E079102849D1F2F77BF8FCF72B
:1002900005F940795C280FD0FCF706F9294600F0F3
:1002A00051F8FCF7FBF840795C2809D0FCF7FCF822
:1002B000BDE87040E6F76CB8FCF7F0F8EEE72FE029
:1002C000FCF7ECF8F4E7A079102828D1E0799C2815
:1002D00025D1F2F757F8FCF75DFF472803D04828EF
:1002E00001D049281BD101210220F6F7B1FFFCF70C
:1002F00057FF806811490069006900698160FCF757
:100300004FFF80680E49006900690069C160FCF711
:1003100047FF80680421006900690069417170BD70
:10032000E0799C28FBD1F2F72DF8FCF733FF3E284B
:100330003FF45FAF70BD00007C5600208B6B02085D
:100340008F6B02082DE9FE4F040078D0487884F8BE
:100350007400087884F87500C87884F87600887886
:1003600084F87700487984F86C00087984F86D0087
:10037000C87984F86E00887984F86F00487B84F827
:100380007C00087B84F87D00C87B84F87E00887B35
:1003900084F87F00002525677149E06F05F0AAFA0F
:1003A00005F0B0F8CDE900016EA2082104F13F008C
:1003B000E0F7A2F803F0E8FDA8B1E06E05F0A2F8BE
:1003C0006A4A6B4B04F074FE00226A4B04F05CFB3B
:1003D00004F028FB6849E066884203DC4FF0844162
:1003E000884200DAE166207804F12B08420704F124
:1003F000310704F1380624D520F004002070606F26
:100400006061E06E05F07EF8CDE9000155A206219D
:100410004046E0F771F8206F05F074F8CDE900016F
:1004200056A207213846E0F767F8606F05F06AF8D2
:10043000CDE900014BA207213046E0F75DF8BDE8A9
:10044000FE8F616FA06805F089F8A060216FE068F9
:1004500005F084F8E060E16E206905F07FF8206126
:100460002046E4F701FA606F6061E079401CC0B299
:10047000E0710328E3D305F0F5F981464946206988
:1004800005F0DAF802904946E06805F0D5F88346B1
:100490004946A06805F0D0F8824603F0ADFCDFF8CD
:1004A000E49088B303F06AFD02282ED399F8001077
:1004B00004F1A00001904A460C3804F1AC09009008
:1004C00049B115700098F1F7A5FF0198F1F7A2FF67
:1004D0004846F1F79FFF51460098F1F7CEFF594685
:1004E0000198F1F7CAFF48460299F1F7C6FF48465E
:1004F000F1F7A6FF02900098F1F7A2FF824601985B
:10050000F1F79EFF834603E0FFE7012189F8001021
:100510002046E5F743FAE8B9029804F0F3FFCDE985
:10052000000110A206214046DFF7E6FF584604F01E
:10053000E9FFCDE9000111A207213846DFF7DCFF12
:10054000504604F0DFFFCDE9000106A20721304646
:10055000DFF7D2FFE571A560E56025616FE7000078
:1005600000007A4425352E3266000000CDCCCCCC7C
:10057000CCCCFC3F0000404000000C4325362E321E
:10058000660000004858002010B500281BD00E4817
:100590005C2100F8451F062141709C21817051218A
:1005A000C1700021017101214171082100F8421C34
:1005B00005484530EEF7EEFB00F064FDBDE8104065
:1005C000132000F08BBD10BD7C5600201CB50C46DE
:1005D000002832D06846EEF78BF9DDE90001F1F72B
:1005E000AFFF164A5C2102F8451F102151709C2173
:1005F00091706221D1700021117104215171082183
:100600009171010AD1711072010E5172000C907239
:10061000200AD0721473200E5073200C9073074878
:10062000112102F8421C4530EEF7B4FB00F02AFD20
:10063000BDE81C400B2000F051BD1CBD7C560020C5
:100640000C4810B55C2100F8451F0421417075214C
:1006500081706921C170002101710821417100F888
:10066000421C04484530EEF795FBBDE810400C20D5
:1006700000F034BD7C56002010B500281BD00E4879
:100680005C2100F8451F04214170752181704521CE
:10069000C1700021017101214171082100F8421C43
:1006A00005484530EEF776FB00F0ECFCBDE8104065
:1006B000082000F013BD10BD7C56002010B50028A6
:1006C0001BD00E485C2100F8451F042141707521A4
:1006D00081703021C1700021017106214171082112
:1006E00000F8421C05484530EEF754FB00F0CAFC08
:1006F000BDE81040022000F0F1BC10BD7C56002087
:1007000010B5002818D00D485C2100F8451F0421C1
:100710004170752181706921C1700021017108212A
:10072000417100F8421C05484530EEF733FBBDE847
:100730001040042000F0D2BC10BD00007C56002008
:100740001CB50C46002832D06846EEF7D1F8DDE93A
:100750000001F1F7F5FE164A5C2102F8451F102151
:1007600051709C2191706621D1700021117104217A
:10077000517108219171010AD1711072010E5172EB
:10078000000C9072200AD0721473200E5073200C4B
:1007900090730748112102F8421C4530EEF7FAFA2F
:1007A00000F070FCBDE81C400B2000F097BC1CBDA5
:1007B0007C56002010B5002827D0144A40F86C1F42
:1007C0005C2102F8451F102151709C2191707A2103
:1007D000D170002111710221517104219171417870
:1007E000D17101781172C178517280789072074886
:1007F0000D2102F8421C4530EEF7CCFA00F042FC25
:10080000BDE81040122000F069BC10BD7C560020ED
:100810001CB50C46002832D06846EEF769F8DDE9D1
:100820000001F1F78DFE164A5C2102F8451F1021E8
:1008300051709C2191706A21D170002111710421A5
:10084000517108219171010AD1711072010E51721A
:10085000000C9072200AD0721473200E5073200C7A
:1008600090730748112102F8421C4530EEF792FAC6
:1008700000F008FCBDE81C400B2000F02FBC1CBDA4
:100880007C56002010B5C47801220F4B072C0CD2E7
:10089000196059605868006958600069884203D03F
:1008A000521CD2B2072AF5D310BD586018604969AE
:1008B00018684069186040698842F5D0521CD2B26D
:1008C000072AF5D310BD0000D055002010B5014611
:1008D00008224FF6FF7407E004EA410100F001032B
:1008E000521E1943D2B240080028F5D19140C8B237
:1008F00010BD00000248017821F00401017070472A
:100900007C5600200149002008707047785600206E
:100910000248017821F01001017070477C560020D8
:100920000248017821F00801017070477C560020D0
:1009300001490020887070477C56002002480178E9
:1009400021F00201017070477C56002010B500F0C4
:10095000B5F8002877D0FFF7F1FF3B4C2179052946
:1009600071D3601DE3F768FF00286CD060794E28D2
:100970000BD01ADC212862D00BDC01284FD00928CB
:1009800055D00A2827D01D285DD1BDE81040ECF7CE
:100990000DBC22281BD034283DD04A281FD04D281A
:1009A00051D1BDE81040EAF7CDBC513811284AD2E8
:1009B000DFE800F0094949494949494949192925C8
:1009C0002D1D21394100BDE81040E4F7EBBFBDE823
:1009D0001040EBF79FBABDE81040E2F757BDBDE805
:1009E0001040E2F7CBBABDE81040E6F7B3B8BDE877
:1009F0001040EBF793BEBDE81040E3F78BBABDE8BB
:100A00001040FFF7BBBBBDE81040EEF773BBBDE87D
:100A10001040E7F727BBBDE81040E6F72BBDBDE867
:100A20001040FFF7A1B8BDE81040E4F7A3B8BDE857
:100A30001040ECF7B9BDBDE81040E1F787BEBDE856
:100A40001040E5F7FFB810BD7C5600200248417801
:100A5000491C4170704700007C56002002484178D4
:100A6000491E4170704700007C5600200248007803
:100A7000C0F38000704700007C5600200148407899
:100A8000704700007C5600200048704750580020F6
:100A9000014800787047000078560020024800782E
:100AA000C0F30010704700007C5600200248007818
:100AB000C0F3C000704700007C5600200248007858
:100AC000C0F34000704700007C56002001480078C9
:100AD000704700004C580020014890F8850070478E
:100AE0007C56002038B5044601680D48814215D176
:100AF0000868486800902046E9F751FD09480068F9
:100B00004068094BC0F14000187100F0D9FA40224A
:100B1000591D2046BDE83840E9F798BF38BD0000B0
:100B200000480040F85A00207C5600207047000022
:100B30002DE9F0410024FBF7B1FC0126FE4F002512
:100B4000B0B3FBF7B1FC98B303F024FA002874D0DB
:100B5000787BC8B10020787358B3FBF79FFC4079CD
:100B60004E286BD020DC212869D00FDC012867D00B
:100B7000092872D00A2831D01D2870D1FBF79AFCC1
:100B8000BDE8F041EDF734B80120E4E7222867D052
:100B9000342878D04A2825D04D2860D1FBF78AFC2C
:100BA000BDE8F041EAF706BE5138112857D201E0FE
:100BB00048E027E0DFE800F0835353535353535387
:100BC0005309A39BA98F951DC800387BA0B33D7323
:100BD000FBF770FCBDE8F041E6F722BBFBF76AFCCF
:100BE0000A2102E0FBF766FC4A21BDE8F041E3F789
:100BF000E9B8387B90B33D73FBF75CFCBDE8F0418E
:100C0000E4F726BBFBF750FC40794E2816D003DCF6
:100C1000212814D0BADCA9E7A0F1510011281ED276
:100C2000DFE800F04D1D1D1D1D1D1D1D1D0F6D65F7
:100C300073595F099200DCE73AE040E08AE08AE01D
:100C40006FE0C2E7FBF72AFC10B1FBF72DFC40B1C7
:100C500003F0A0F900287CD074E16FE067E099E030
:100C600033E003F097F950B3787B68B100207873D4
:100C7000F0B3FBF713FC40794E286FD007DC212836
:100C800072D083DC72E746E04FF00100EFE7A0F19D
:100C9000510011287ED2DFE800F0127D7D7D7D7D40
:100CA0007D7D7D0A322A381E24095700A1E78CE792
:100CB0003E73FBF7FFFBBDE8F041E6F70FBAFBF729
:100CC000F9FBBDE8F041E5F729BEFBF7F3FBBDE812
:100CD000F041EBF7A9BCFBF7EDFBBDE8F041ECF709
:100CE000C5B8FBF7E7FBBDE8F041E3F78DBC00E0DA
:100CF00040E0FBF7DFFBBDE8F041FFF701BDFBF78C
:100D0000D9FBBDE8F041EEF7A7BCFBF7D3FBBDE88C
:100D1000F041E7F79DBCFBF7CDFBBDE8F041E7F7FD
:100D2000E5B8FBF7C7FBBDE8F041FFF7E7B93E7355
:100D3000FBF7C0FBBDE8F041E4F7AABAFBF7BAFB4A
:100D4000BDE8F041ECF784BDFBF7B4FBBDE8F04132
:100D500002E0F3E002E007E0E2F722B8FBF7AAFBCB
:100D6000BDE8F041EDF74EBBFBF7A4FBBDE8F04159
:100D7000E5F7FEB9F87A401CC0B2F872012807D135
:100D8000FBF78CFB4079512802D00124E5F744FDA4
:100D9000F87A00E0CDE0022807D1FBF77FFB40792D
:100DA0005A2802D00124E6F7B9F9F87A032807D1C6
:100DB000FBF774FB4079222802D00124EBF7D4FB27
:100DC000F87A042807D1FBF769FB40795E2802D046
:100DD0000124EBF7E9FFF87A052808D1FBF75EFB61
:100DE00040790A2803D001240A20E2F779FFF87A33
:100DF000062807D1FBF752FB40795F2802D0012477
:100E0000E3F79EFBF87A072807D1FBF747FB407909
:100E10005C2802D00124FFF713FCF87A082807D1D8
:100E2000FBF73CFB40795B2802D00124EEF7B4FBD2
:100E3000F87A092807D1FBF731FB40795D2802D009
:100E40000124E7F7A5FBF87A0A2807D1FBF726FB70
:100E50004079342802D00124E6F7E8FFF87A0B281D
:100E600007D1FBF71BFB4079012802D00124FFF7D3
:100E7000E9F8F87A0C2807D1FBF710FB40796028D5
:100E800002D00124E4F784F9F87A0D2807D1FBF7A2
:100E900005FB4079092802D00124ECF7BDFCF87A63
:100EA0000E2807D1FBF7FAFA4079612802D0012415
:100EB000E1F716FFF87A0F2808D1FBF7EFFA40792F
:100EC0004A2803D001244A20E2F70AFFF87A1028C2
:100ED00007D1FBF7E3FA40794D2802D00124EAF765
:100EE0004BFCF87A112807D1FBF7D8FA40791D2876
:100EF00002D00124ECF7CCFCF87A122807D1FBF7DA
:100F0000CDFA40794E2802D00124EDF71BFAF87A89
:100F1000132807D1FBF7C2FA4079212802D0012417
:100F2000E5F70AF9F87A142800D1FD72002C3FF495
:100F300021AFBDE8F081000020550020BDE8F04160
:100F4000E5F76ABCF87A401CC0B2F872012802D1F9
:100F50000124E5F761FCF87A022802D10124E6F7C2
:100F6000DDF8F87A032802D10124EBF7FDFAF87ACC
:100F7000042802D10124EBF717FFF87A052803D1E2
:100F800001240A20E2F7ACFEF87A062802D10124F7
:100F9000E3F7D6FAF87A072802D10124FFF750FBCD
:100FA000F87A082802D10124EEF7F6FAF87A09282F
:100FB00002D10124E7F7ECFAF87A0A2802D10124D9
:100FC000E6F734FFF87A0B2802D10124FFF73AF84C
:100FD000F87A0C2802D10124E4F7DAF8F87A0D281F
:100FE00002D10124ECF718FCF87A0E2802D1012472
:100FF000E1F776FEF87A0F2803D101244A20E2F7C0
:101000006FFEF87A102802D10124EAF7B5FBF87ACE
:10101000112802D10124ECF73BFCF87A122802D106
:101020000124EDF78FF9F87A132802D10124E5F7AE
:1010300083F8F87A142800D1FD72002C82D078E76A
:101040000F4A10B592F885000C280DD09078401CFE
:10105000C0B29070042807D3FFF74CFC00209070BA
:10106000BDE8104000F01CB8FFF700FD20B99078F3
:10107000012801D1FFF75CFDBDE8104000F054B835
:101080007C5600200248017841F00401017070474D
:101090007C560020014901200870704778560020D6
:1010A0000248017841F01001017070477C56002021
:1010B0000248017841F00801017070477C56002019
:1010C0000248017841F00201017070477C5600200F
:1010D00001490870704700004C580020014981F810
:1010E000850070477C56002006494888401C80B225
:1010F0004880B0F5167F03D300204880FFF7D8BFA3
:101100007047000078560020064941F88C0F0068AF
:10111000C26842F01002C26051F887094022E9F724
:1011200095BC00007C5600202DE9F0410122124FB1
:10113000160331463846E8F7C0FA4FF47A7425466C
:101140006D1E2D042D0CFBD10C4DC82305F145015E
:10115000EA78D5F88C00E9F79BFC287840F001008C
:101160002870641E2404240CFBD131463846BDE8A7
:10117000F0410022E8F7A1BA000802407C560020A6
:101180002DE9FE4FF84EDFF8E4B306F19805337809
:1011900032469BF80010DFF8D883E8689269DB1EBE
:1011A0004FF0640A4FF0040905F10C075D2B78D26B
:1011B000DFE813F05D0077007700770077007700B5
:1011C00077007700F50077002D0160017700770048
:1011D0007501E6014601440277004C02670287026E
:1011E000360177007700620277007700AE02A60230
:1011F000E602480377007700290377007700BE04F2
:10120000D3040207280741076C077700E80B700436
:10121000A20477009A04B602C4027804770077002B
:10122000E6049204FC04F403530C8407B3098A0A0D
:10123000340B5009B9127700C20DFB0D320E790E36
:10124000C00EEE00050F2F0F590F830FAD0F0110C9
:1012500044108610F3102109D70FC910371152110D
:101260008811C3113612F911F91136120113F1F771
:10127000C3F8FBF71FF940794FF07E544E287DD01C
:101280001EDC21287FD00EDC012860D009286BD01D
:101290000A282ED01D2804D1FBF70CF92146ECF7C3
:1012A000ABFEBDE8FE8F22281ED0342849D04A2844
:1012B00023D04D28F5D1FBF7FDF8EAF739F9F0E72F
:1012C00051381128EDD2DFE800F00A0909090909AF
:1012D0000909091E322D372328475400E1E7FBF79F
:1012E000E9F8E4F73DFBDCE7FBF7E4F8EBF7EAF8B5
:1012F000D7E7FBF7DFF80A2102E0FBF7DBF84A212A
:10130000E2F7ACFCCDE7FBF7D5F8E5F793FEC8E7CD
:10131000FBF7D0F8EBF7ECFCC3E7FBF7CBF8E3F710
:10132000B3F8BEE7FBF7C6F8FFF72EF9B9E7FBF70E
:10133000C1F8EEF7D5F8B4E7FBF7BCF8E7F7CCF85F
:10134000AFE7FBF7B7F83021E6F712FEA9E7FBF7A6
:10135000B1F8FEF757FEA4E7FBF7ACF8E3F788FE19
:101360009FE70BE00FE0FFE7FBF7A4F8ECF732FA9A
:1013700097E7FBF79FF8E1F791FC92E7FBF79AF804
:10138000002202F010BAFBF795F8E4F7B5FE88E703
:10139000F1F732F8FBF78EF8E3F704FA81E7012161
:1013A0008DF8041080696421EBF71BFE42F2107681
:1013B000B0FBF6F18DF80610B0FBF6F106FB11015B
:1013C0005446B1FBF4F18DF80510B0FBF4F10AFBC3
:1013D00011008DF80300E868642100698069EBF76B
:1013E00000FEB0FBF6F18DF80210B0FBF6F106FB43
:1013F0001101B1FBF4F18DF80110B0FBF4F104FB25
:1014000011008DF800006846E9F79BFB49E7904220
:1014100001D1012000E0002002F0FAFE01F064BBDF
:10142000904201D1002008E00069904201D10520DE
:1014300003E000699042F1D10A2002F0ABFFEDE732
:10144000904201D1012000E0002002F033FFEDF7CF
:10145000D7FC02F085FC474B08B1012200E00022D6
:101460004FF400611846E8F728F900211320FBF734
:101470000BFF16E7904201D100200DE00169914277
:1014800001D1052008E00969914201D10A2003E059
:1014900040699042C2D1142002F026FEBEE7F0F768
:1014A000ABFFE8680A21006900698069EBF799FDE4
:1014B00003F0AEFD304C0022234603F0A1FBC6E949
:1014C0001E01EFF7C7F8D6E91E2303F025FF03F04E
:1014D000A9FA02F06BFDFAF7EDFF407921281AD046
:1014E000512802D05A2899D10AE0D6E91E0103F00A
:1014F00099FA0446FAF7DEFF2146E5F7A1FA8DE7EF
:10150000D6E91E0103F08EFA0446FAF7D3FF21460E
:10151000E5F7A6FE82E7D6E91E010022174B03F08D
:10152000C5FE03D815490020C6E91E01EFF792F861
:10153000D6E91E2303F0F0FE03F074FA02F036FD44
:10154000FAF7B8FFE4F7BEFED6E91E0100222346F3
:1015500003F0AEFD03F0E8FC00B2EDF735FC01202E
:10156000EDF72CFC5AE70000205500204C580020D5
:101570009A6B0208000002400000594000C062401F
:10158000F0F73AFFE8680A21006900698069EBF723
:1015900028FD03F03DFD0022FB4B03F031FBC6E9C3
:1015A0001E0103F03FFA02F0FBFE02F0A1FC02F084
:1015B00043FAFAF77FFF407921281AD0512802D048
:1015C0005A289CD10AE0D6E91E0103F02BFA044602
:1015D000FAF770FF2146E5F761FA1FE7D6E91E0129
:1015E00003F020FA0446FAF765FF2146E5F766FEA8
:1015F00014E7E64CD6E91E010022234603F056FE0E
:1016000003D800202146C6E91E01D6E91E0103F0D9
:1016100009FA02F0C5FEFAF74DFFE4F753FED6E9EA
:101620001E010022234603F043FD03F07DFC00B2BF
:10163000EDF7D6FB0120EDF7CDFBEFE68069002149
:10164000EBF7CFFCC0B202F0F7FEE7E690427FF482
:1016500036AEF0F7FFFC02F001FF8FE1FAF72AFF48
:10166000E4F79CF900283FF42AAEF0F7DBFCFAF728
:1016700021FFE4F700FF14E671790020FDF7F0FE8A
:101680000FE6F0F7B9FEE8680A2100698069EBF718
:10169000A8FC03F0BDFC0022BD4B03F0B1FAC6E983
:1016A0001E01FAF707FF50B1D6E91E0103F0BAF99F
:1016B0000446FAF7FFFE2146E6F734F8F1E500218B
:1016C000F1E3F0F799FEE8680A2100698069EBF719
:1016D00088FC03F09DFC0022AE4B03F091FAC6E9B2
:1016E0001E01FAF7E7FE0028E9D0D6E91E0103F053
:1016F00099F90446FAF7DEFE2146E6F73FF8D0E511
:10170000904201D1012000E0002002F0D9FD85E6E1
:10171000904201D1012000E0002002F04DFC7DE666
:10172000F0F76AFEFAF7C6FEE968B269914201D1A4
:10173000012100E00021E1F765FEB2E5F0F75CFE73
:10174000E8680A2100698069EBF74BFC0446C0B2E7
:1017500002F07EFE601FFA2805D8FAF7ABFEA1B2B0
:10176000E1F772FE9DE5A8688B4900698160A86871
:101770000169C1F80C80A868016981F805909EE7AD
:101780000E29C4D2DFE801F0070B0F13171B1F232C
:10179000272B2F33373B002002F008FD3EE60020C8
:1017A00002F030FD3AE6002002F026FD36E6002089
:1017B00002F009FD32E6002002F0FEFC2EE60020D9
:1017C00002F014FD2AE6002002F004FD26E60020C7
:1017D00002F0F8FC22E6002002F0DAFC1EE600200F
:1017E00002F0DEFC1AE6002002F0CCFC16E6002037
:1017F00002F0D0FC12E6002002F0E6FC0EE600202B
:1018000002F0EEFC0AE6F0F7F7FDFFF73DF90146BE
:10181000B06DE4F7B3F80446E86864210069006934
:1018200000698069EBF7DDFB5146B0FBF1F20AFB82
:101830001202B0FBFAF042EA0010C1B22046E5F70E
:101840008DF82EE50E2912D2DFE801F007121D5A9D
:101850002E39444F5A606B76818C904201D1002022
:1018600003E04069904202D1022002F00BFC83E0C9
:10187000904201D1002003E0406990427CD10220D7
:1018800002F02CFC78E0904201D1002003E0406996
:10189000904271D1022002F01BFC6DE0002000E0BC
:1018A000022002F0E1FB67E0904201D1002003E05A
:1018B0004069904260D1022002F0EAFB5CE0904275
:1018C00001D1002003E04069904255D1022002F08E
:1018D000F9FB51E0904201D1002003E040699042C1
:1018E0004AD1022002F0E2FB46E0904201D1002002
:1018F00003E0406990423FD1022002F0CFFB3BE081
:101900009042CBD040699042CAD035E0904201D19C
:10191000002003E0406990422ED1022002F0ACFB8F
:101920002AE0904201D1002003E04069904223D197
:10193000022002F093FB1FE0904201D1002003E05F
:101940004069904218D1022002F090FB14E09042CE
:1019500001D1002003E0406990420DD1022002F045
:101960009FFB09E0904201D1002003E040699042D2
:1019700002D1022002F0A0FBEDF742FAFAF79AFD3D
:1019800000287FF46BAE8CE4000024400000594036
:1019900000408F400088C3409F6B02080E2970D220
:1019A000DFE801F0070F171F272F373F474F575F1B
:1019B0006770012002F066FBB069C07802F01CFB82
:1019C0002CE5012002F08AFBB069C07802F040FBF0
:1019D00024E5012002F07CFBB069C07802F032FB04
:1019E0001CE5012002F05BFBB069C07802F011FB3E
:1019F00014E5012002F04CFBB069C07802F002FB54
:101A00000CE5012002F05EFBB069C07802F014FB27
:101A100004E5012002F04AFBB069C07802F000FB47
:101A2000FCE4012002F03AFBB069C07802F0F0FA61
:101A3000F4E4012002F018FBB069C07802F0CEFA9D
:101A4000ECE4012002F018FBB069C07802F0CEFA95
:101A5000E4E4012002F002FBB069C07802F0B8FAB9
:101A6000DCE4012002F002FBB069C07802F0B8FAB1
:101A7000D4E4012002F014FBB069C07802F0CAFA85
:101A8000CCE432E2012002F017FBB069C07802F02A
:101A9000CDFAC3E4904201D0012000E0002002F022
:101AA00003FCBBE480696421EBF79BFA5146B0FB71
:101AB000F1F24FF461635A43B0FBFAF30AFB1300EF
:101AC000C0EB001002EB800080B202F07BFAEDF771
:101AD00097F9F0F739FC06E4904201D1012000E0CB
:101AE000002002F0F9FB99E4904201D1012000E0CE
:101AF000002002F0EBFB91E4FAF7DCFC00283FF455
:101B00003EAEFAF7D7FCE968B269914202D14FF4D0
:101B1000807101E040F6FF71A0F86810FAF7CAFC86
:101B2000B0F86840FAF7C6FC2146E3F7D1FB07E4BA
:101B3000904201D100200DE00169914201D10520C0
:101B400008E00969914201D10A2003E0406990420E
:101B500086D1142002F00CFC60E4F0F74DFCE8683C
:101B6000B169884203D1FAF7A5FC022105E00069BA
:101B70008842DCD1FAF79EFC0321E9F78BFE06E4EC
:101B8000904201D1012000E0002002F05BFCE868F7
:101B9000B169884201D1012000E000208DF80800E1
:101BA0000122D10202A8EEF711F937E40E299AD2E8
:101BB000DFE801F007294B6D8FB1F1EFEEEDECEBB3
:101BC000EAE9012002F0F2FAF0F7F8F900288AD0E9
:101BD000E8680A218069EBF704FA03F043FEFE4C43
:101BE000214603F029FD02F091FBE8680A21006913
:101BF0008069EBF7F6F903F035FE214603F01CFD92
:101C000002F08EFA0AE4012002F0FCFAF0F7D6F9AD
:101C10000028A1D0E8680A218069EBF7E2F903F017
:101C200021FEED4C214603F007FD02F09BFBE86826
:101C30000A2100698069EBF7D4F903F013FE21460D
:101C400003F0FAFC02F098FA28E4012002F0D4FA3A
:101C5000F0F7B4F90028A8D0E8680A218069EBF70A
:101C6000C0F903F0FFFDDC4C214603F0E5FC02F077
:101C700073FBE8680A2100698069EBF7B2F903F0A9
:101C8000F1FD214603F0D8FC02F070FA06E40120D1
:101C900002F099FAF0F792F9002886D0E8680A2154
:101CA0008069EBF79EF903F0DDFDCB4C214603F094
:101CB000C3FC02F038FBE8680A2100698069EBF791
:101CC00090F903F0CFFD214603F0B6FC02F035FA9F
:101CD00015E4012002F070FAF0F770F9002891D0B5
:101CE000E8680A218069EBF77CF903F0BBFDBA4C88
:101CF000214603F0A1FC02F00FFBE8680A2100690D
:101D00008069EBF76EF903F0ADFD214603F094FC1A
:101D100002F00CFA26E4012002F068FAF0F74EF91E
:101D2000002891D0E8680A218069EBF767F9AB4C8D
:101D300000B294F90010442902D0432915D003E0E1
:101D400003F078FD02F002FB207802F01DFBE8684A
:101D50000A2100698069EBF751F994F9001000B28B
:101D6000442905D043290BD006E0404200B2E7E702
:101D700003F060FD02F0F4F9207802F0FFFA2CE4A1
:101D8000404200B2F4E7F5E0D2E0AFE08CE068E07A
:101D900045E022E0FFE7012002F01CFAF0F70EF91F
:101DA000002895D0E8680A218069EBF71AF903F05A
:101DB00059FD894C214603F03FFC02F0BBFAE8686C
:101DC0000A2100698069EBF70CF903F04BFD21460D
:101DD00003F032FC02F0B8F90AE4012002F0F2F953
:101DE000F0F7ECF8002895D0E8680A218069EBF755
:101DF000F8F803F037FD784C214603F01DFC02F0A3
:101E000091FAE8680A2100698069EBF7EAF803F0C3
:101E100029FD214603F010FC02F08EF90DE40120AB
:101E200002F0B6F9F0F7CAF80028A8D0E8680A214D
:101E30008069EBF7D6F803F015FD674C214603F0F7
:101E4000FBFB02F055FAE8680A2100698069EBF7AC
:101E5000C8F803F007FD214603F0EEFB02F052F94B
:101E600055E4012002F09CF9F0F7A8F8002886D08C
:101E7000E8680A218069EBF7B4F803F0F3FC564CEC
:101E8000214603F0D9FB02F03BFAE8680A21006919
:101E90008069EBF7A6F803F0E5FC214603F0CCFBE4
:101EA00002F038F933E4A2E2012002F06BF9F0F716
:101EB00085F8002890D0E8680A218069EBF791F84E
:101EC00003F0D0FC444C214603F0B6FB02F00AFAC2
:101ED000E8680A2100698069EBF783F803F0C2FC27
:101EE000214603F0A9FB02F007F9FDE3012002F00F
:101EF00051F9F0F763F8002890D0E8680A2180696A
:101F0000EBF76FF803F0AEFC334C214603F094FB83
:101F100002F0F0F9E8680A2100698069EBF761F8DE
:101F200003F0A0FC214603F087FB02F0EDF8DBE3B1
:101F3000012002F049F9F0F741F8002890D0E86854
:101F40000A218069EBF74DF803F08CFC224C214606
:101F500003F072FB02F0E8F9E8680A210069806981
:101F6000EBF73FF803F07EFC214603F065FB02F03F
:101F7000E5F8B9E3012002F033F9F0F71FF8002883
:101F800090D0E8680A218069EBF72BF803F06AFC2F
:101F9000114C214603F050FB02F0D2F9E8680A2107
:101FA00000698069EBF71DF803F05CFC214603F043
:101FB00043FB02F0CFF897E3F0F71EFAFEF786FD39
:101FC0000D287FF4DCADFAF775FA40791D28F8D1B9
:101FD000E868B169884203E000002041D85500203C
:101FE00003D1FAF767FA002109E00069884203D1BA
:101FF000FAF760FA022102E0FAF75CFA0321EBF744
:102000005DFF1EE4F0F7F8F9FEF760FD0D28F8D14A
:10201000FAF750FA40791D28F3D1E868B16988428F
:1020200003D1FAF747FA002102E0FAF743FA012157
:10203000ECF70CF805E4F0F7DFF9E8680A2100692D
:102040008069EAF7DBFF04B2FC4890F900004428FD
:1020500003D0432801D1604204B2FEF737FD0D28BA
:10206000CFD1FAF727FA40791D28CAD1204602F0CD
:10207000B8FF0022F24B02F0C3FD02F0D3FC04468D
:10208000FAF718FA2146ECF701F87CE4F0F7B4F916
:10209000E8680A2100698069EAF7A3FF0446FEF7B1
:1020A00015FD0D28F1D1FAF705FA40791D28ECD17C
:1020B000FAF700FAA1B2EBF7BFFE64E4F0F79CF97F
:1020C000E8680A2100698069EAF78BFF044601F09D
:1020D0005BFFDC4DDC4E80B1FAF7ECF940795A3801
:1020E00006281AD8A4F5486002F092FF2A46334623
:1020F00002F086FD02F048FF0446FEF7E7FC4FF0D1
:1021000084470D28C1D2DFE800F00B3207074F07E4
:102110007607079DB2C7F60035E4A4F5A070E3E7A3
:10212000FAF7C8F94079512811D05A28ADD1204684
:1021300002F06EFF0022C54B02F062FD02F072FC5D
:102140000446FAF7B7F92146E5F7E6F81BE420461E
:1021500002F05EFF0022BA4B02F052FD02F062FC78
:102160000446FAF7A7F92146E4F7C6FC0BE4FAF7B0
:10217000A1F94079012811D05C2886D1204602F0CF
:1021800047FF0022B14B02F03BFD02F04BFC04463E
:10219000FAF790F92146FEF70DFB9CE4FAF78AF96D
:1021A000A1B2FDF7C9FF96E4FAF784F94079342823
:1021B00011D05D28F1D1204602F02AFF0022A34B66
:1021C00002F01EFD02F02EFC0446FAF773F92146D8
:1021D000E6F75EFA7FE4204602F01AFF0022984BF1
:1021E00002F00EFD02F01EFC0446FAF763F92146E8
:1021F000E5F7DEFE6FE4FAF75DF94079222811D0A9
:102200005E28CAD1204602F003FF00228F4B02F065
:10221000F7FC02F007FC0446FAF74CF92146EAF70E
:102220007FFE58E4204602F0F3FE0022844B02F0C9
:10223000E7FC02F0F7FB0446FAF73CF92146EAF71F
:102240003FFA48E4FAF736F940796028A5D12046EC
:1022500002F0DEFE00227D4B02F0D2FC02F0E2FB37
:102260000446FAF727F92146E3F7A0F833E4FAF732
:1022700021F94079612890D1204602F0C9FE002260
:10228000724B02F0BDFC02F0CDFB0446FAF712F9E6
:102290002146E0F7A5FD1EE4FAF70CF940790A287B
:1022A00013D04A2845D05F2894D1204602F0B0FED2
:1022B0000022664B02F0A4FC02F0B4FB0446FAF7DD
:1022C000F9F82146E2F7FAF905E401F05DFE98B16C
:1022D000FAF7F0F8C06E394603F014FC03F012F977
:1022E0002A46334602F08CFC0022554B02F0E0FEF9
:1022F00002F01AFE08E052E0FAF7DCF8C06E54492A
:1023000003F0F8FA03F05AFA201A04B2FAF7D2F8F6
:10231000D0F8885004EB8400400003F08BFA294683
:1023200003F01CF903F04AFA04B2FAF7C3F80A22E0
:1023300031E001F029FE90B1FAF7BCF8C06E3946E1
:1023400003F0E0FB03F0DEF82A46334602F058FCC7
:1023500000223B4B02F0ACFE02F0E6FD07E0FAF78C
:10236000A9F8C06E3A4903F0C5FA03F027FA201A1B
:1023700004B2FAF79FF8D0F8885004EB84004000CC
:1023800003F058FA294603F0E9F803F017FA04B20B
:10239000FAF790F84A222146E1F750FD31E601F0C4
:1023A000F3FD90B1FAF786F8C06E394603F0AAFB48
:1023B00003F0A8F82A46334602F022FC0022204B04
:1023C00002F076FE02F0B0FD07E0FAF773F8C06E97
:1023D0001F4903F08FFA03F0F1F9201A00B203F05D
:1023E00029FA1B4903F028F9ECF712FD012102201C
:1023F000F4F72EFF05E6EFF7FFFFE8680A21806992
:10240000EAF7EFFD0446FAF755F8A0F86840FAF746
:1024100051F840790A2805D1FAF74CF8A1B20A22FE
:10242000E1F73EFCFAF746F840794A28B6D1FAF7C8
:1024300041F8A1B24A22E1F733FCE2E5D855002089
:1024400000002440CDCCCCCCCCCCFC3F000059408B
:102450000000204171740C290FD00D299ED13846FF
:10246000ECF7A2F8002285217320FAF7DFFB307C1D
:10247000012831D00A2832D038E03846ECF794F8F9
:10248000002285217320FAF7D1FB307C012802D08D
:102490000A2803D009E0FAF70DF805E0FEF7F4FA90
:1024A0000146B06DE3F76AFA0446EFF7A5FFFAF7C5
:1024B00001F8002873D02046316AE4F789F9002832
:1024C00098D060794D2895D1F9F7F4FF49F6145268
:1024D000216FE9F769FA94E5F9F7ECFF05E0FEF7FB
:1024E000D3FA0146B06DE3F749FA0446EFF784FFEB
:1024F000F9F7E0FF0028DDD02046316AE4F768F9FB
:1025000000289AD060791D2897D1F9F7D3FF0121CF
:10251000EBF7B4FC75E5687073E5717499B149F631
:10252000165A0C2975D00D2987D13846ECF73CF89E
:10253000002285217320FAF779FB307C012869D0CD
:102540000A2868D0ACE03846ECF72EF80022852146
:102550007320FAF76BFB307C012802D00A2803D0E5
:1025600009E0F9F7A7FF05E0FEF78EFA0146B06D26
:10257000E3F704FA0446EFF73FFF2046316AE4F739
:1025800027F90028A7D0F9F795FF002892D06079A5
:10259000212846D0512803D05A289CD13CE0A4E001
:1025A0002046E3F7F0F902F0ADFF07468A46306AAD
:1025B00002F0A8FF0022FB4B02F022FB3A465346F2
:1025C00002F01EFB07468A462046E3F7E4F902F0D4
:1025D00099FF3A46534602F06BFD02F023FA30634E
:1025E000F9F768FF007E01280DD0306B02F08AFFFA
:1025F0000022ED4B02F09CFE21F000410022EB4B4B
:1026000002F01AFD71D8F9F755FF316BE4F7DCF9E8
:10261000F7E40EE03AE03CE0F9F74CFFE4F72CFD7C
:10262000EFE4F9F747FFE3F74DFE0120ECF7C0FBBD
:10263000E7E43846EBF7B8FF002285217320FAF76C
:10264000F5FA307C012802D00A2803D009E0F9F716
:1026500031FF05E0FEF718FA0146B06DE3F78EF999
:102660000446EFF7C9FEF9F725FF00288ED0204673
:10267000316AE4F7ADF80028CAD060794D28C7D197
:1026800001F01EFCD8B101F01BFC18E0F9F712FFB5
:1026900005E0FEF7F9F90146B06DE3F76FF904467E
:1026A000EFF7AAFEF9F706FF0028DFD02046316ACF
:1026B000E4F78EF80028ABD060791D28A8D1F9F78F
:1026C000F9FE5346216FA5E0717491B10C299FD199
:1026D0003846EBF769FF002285217320FAF7A6FA46
:1026E000307C012872D001E0FEE14AE10A2870D076
:1026F00076E0307C012802D00A2803D009E0F9F7FF
:10270000D9FE05E0FEF7C0F90146B06DE3F736F9F2
:102710000446F9F7CFFE4079212807D13846EBF778
:1027200043FF002285217320FAF780FAEFF764FE59
:102730002046316AE4F74CF800289DD0F9F7BAFE3C
:10274000002893D06079212836D051280FD05A28FC
:1027500095D19749306A8842BFF620AF95498842A3
:102760003FF71CAEF9F7A6FEE4F704FE49E49249F0
:10277000306A02F061FFB0632046E3F70CF90746C8
:102780002046E3F7FDF805462046E3F7FCF8294626
:1027900003F0B8F9394602F04FFF3064B069874959
:1027A0008160032181708649C160412101718548A2
:1027B000B0628548F06224E4F9F77CFEE3F782FD1D
:1027C0000120ECF717FB1CE400E002E0F9F772FED1
:1027D00005E0FEF759F90146B06DE3F7CFF804467E
:1027E000EFF70AFEF9F766FE0028AAD02046316A04
:1027F000E3F7EEFF0028B9D060794D28B6D101F09B
:102800005FFB49F61A5508B101F05AFBF9F752FE81
:10281000216F2B46326AE9F795F80BE4717479B1B0
:102820000C29FAD13846EBF7BFFE00228521732030
:10283000FAF7FCF9307C01287AD00A287BD081E0B5
:102840003846EBF7B1FE002285217320FAF7EEF946
:10285000307C012802D00A2803D009E0F9F72AFECB
:1028600005E0FEF711F90146B06DE3F787F804467D
:10287000EFF7C2FD2046316AE3F7AAFF0028CCD06B
:102880004D49306A02F0D8FEF0632046E3F783F842
:1028900082462046E3F774F807462046E3F773F8CC
:1028A000394603F02FF9514602F0C6FE0746706420
:1028B0003946306C03F026F9F16B82468B46B06BDB
:1028C00003F020F9514602F0B7FE3946306303F0B9
:1028D00011F8594603F00BF97063F9F7EBFD002886
:1028E0004FD0607951287FF432AFF9F7E3FD007ED5
:1028F000012814D0306B02F005FE00222A4B02F0B2
:1029000017FD21F000410022284B02F095FB38D83A
:10291000706B2E4920F0004002F0B8FF31D2F9F779
:10292000C9FDD6E90C12E4F753F80FE400E002E029
:10293000F9F7C0FD05E0FEF7A7F80146B06DE3F733
:102940001DF80446EFF758FD2046316AE3F740FFD3
:102950000028EAD0F9F7AEFD406FF064B16C0C4688
:1029600003F0D0F80146306A02F066FE306580F070
:102970000040214602F0BEFF7065F9F79BFD00287C
:10298000D3D17CE20E2956D2DFE801F00722262AB5
:102990002E32363A3E42464A4E52002001F052FC58
:1029A00049E00000000059400000F03F0000E03F17
:1029B0000000BE420000A0400000C842C66B0208F2
:1029C000C96B0208451A0108C10A01089A99193E03
:1029D000002001F063FC2EE0002001F059FC2AE009
:1029E000002001F03CFC26E0002001F031FC22E058
:1029F000002001F047FC1EE0002001F037FC1AE047
:102A0000002001F02BFC16E0002001F00DFC12E08C
:102A1000002001F011FC0EE0002001F0FFFB0AE0B5
:102A2000002001F003FC06E0002001F019FC02E0A8
:102A3000002001F021FCFEF727F80468002C88D064
:102A400004F19400EFF7F1FC04F1A000EFF7EDFCC6
:102A500004F1AC00EFF7E9FC46E080690A21EAF7EF
:102A6000C0FA0546FEF710F80468002CE7D09BF882
:102A700000000E2838D2DFE800F0071E3A51687FC8
:102A800096ADC4DBF6F4F3F2E8B201F0A3FC01204A
:102A900001F0D8FB01F046FA014604F19400EFF78B
:102AA000D9FC01F03FFA014604F1A000EFF7D2FC97
:102AB00001F038FA3CE1E8B201F0B8FC012001F085
:102AC000EDFB01F05BFA014604F19400EFF7C2FC64
:102AD00001F054FA014604F1A000EFF7BBFC01F04D
:102AE0004DFA25E1EFF7B6FCECF78AF956E4E8B2C7
:102AF00001F096FC012001F0CBFB01F039FA014610
:102B000004F19400EFF7A6FC01F032FA014604F15B
:102B1000A000EFF79FFC01F02BFA09E1E8B201F009
:102B200066FC012001F09BFB01F009FA014604F16B
:102B30009400EFF78FFC01F002FA014604F1A000C7
:102B4000EFF788FC01F0FBF9F2E0E8B201F048FC95
:102B5000012001F07DFB01F0EBF9014604F1940046
:102B6000EFF778FC01F0E4F9014604F1A000EFF77B
:102B700071FC01F0DDF9DBE0E8B201F04BFC012073
:102B800001F080FB01F0EEF9014604F19400EFF74B
:102B900061FC01F0E7F9014604F1A000EFF75AFCEF
:102BA00001F0E0F9C4E0E8B201F028FC012001F0F6
:102BB0005DFB01F0CBF9014604F19400EFF74AFC0C
:102BC00001F0C4F9014604F1A000EFF743FC01F065
:102BD000BDF9ADE0E8B201F009FC012001F03EFBD7
:102BE00001F0ACF9014604F19400EFF733FC01F079
:102BF000A5F9014604F1A000EFF72CFC01F09EF9C5
:102C000096E0E8B201F0D8FB012001F00DFB01F0E5
:102C10007BF9014604F19400EFF71CFC01F074F914
:102C2000014604F1A000EFF715FC01F06DF97FE01B
:102C3000E8B201F0C9FB012001F0FEFA01F06CF9E5
:102C4000014604F19400EFF705FC01F065F9014637
:102C500004F1A000EFF7FEFB01F05EF968E051E03F
:102C600039E017E0FFE7E8B201F0A0FB012001F036
:102C7000D5FA01F043F9014604F19400EFF7EAFBBD
:102C800001F03CF9014604F1A000EFF7E3FB01F08D
:102C900035F94DE0E8B201F091FB012001F0C6FAF0
:102CA00001F034F9014604F19400EFF7D3FB01F091
:102CB0002DF9014604F1A000EFF7CCFB01F026F955
:102CC000014604F1AC00EFF7C5FB01F01FF9014626
:102CD00004F1B80006E7E8B201F08AFB012001F038
:102CE000BFFA01F02DF9014604F19400EFF7B2FBB1
:102CF00001F026F9014604F1A000EFF7ABFB01F06B
:102D00001FF915E0E8B201F07FFB012001F0B4FAF1
:102D100001F022F9014604F19400EFF79BFB01F06A
:102D20001BF9014604F1A000EFF794FB01F014F940
:102D3000014604F1AC00D5E63846EBF735FC00223D
:102D400085217320F9F772FF307C012802D00A2810
:102D500003D009E0F9F7AEFB05E0FDF795FE01466B
:102D6000B06DE2F70BFE0446EFF746FB2046316AF2
:102D7000E3F72EFD00283FF4B9AEF9F79BFB0028DE
:102D80007DD0F9F797FB4079222808D05E287FF4A0
:102D9000ADAEF9F78FFB316AE9F7CCFF38E4F9F70C
:102DA00089FB316AE9F7B4FB32E43846EBF7FCFB08
:102DB000002285217320F9F739FF307C012802D0E9
:102DC0000A2803D009E0F9F775FB05E0FDF75CFE82
:102DD0000146B06DE2F7D2FD0446EFF70DFB204649
:102DE000316AE3F7F5FC0028D8D0F9F763FB002837
:102DF000C6D0F9F75FFB4079222807D05E28CDD1F5
:102E0000F9F758FB316AEAF751F809E4F9F752FB90
:102E1000316AE9F729FC03E43846EBF7C5FB0022E9
:102E200085217320F9F702FF307C012802D00A289F
:102E300003D009E0F9F73EFB05E0FDF725FE01466A
:102E4000B06DE2F79BFD0446EFF7D6FA2046316AF3
:102E5000E3F7BEFC0028D8D0F9F72CFB00288FD070
:102E6000F9F728FB4079012819D022280BD05C28DB
:102E70000FD05E28C9D1F9F71DFB316A00E030E2BE
:102E8000E9F788FE72E4F9F715FB316AE9F79CFA75
:102E90006CE4F9F70FFB316AFDF798FB66E4F9F78C
:102EA00009FB122143E03846EBF77EFB0022852127
:102EB0007320F9F7BBFE307C012802D00A2803D02A
:102EC00009E0F9F7F7FA05E0FDF7DEFD0146B06D20
:102ED000E2F754FD0446EFF78FFA2046316AE3F734
:102EE00077FC0028CED0F9F7E5FA0028B7D0F9F73B
:102EF000E1FA4079012817D0222809D05C280DD0AA
:102F00005E28BFD1F9F7D6FA316AE9F77DFE2DE4E4
:102F1000F9F7D0FA316AE9F781FA27E4F9F7CAFA42
:102F2000316AFDF70DFC21E4F9F7C4FA1121FDF730
:102F300049F81BE43846EBF737FB00228521732064
:102F4000F9F774FE307C012802D00A2803D009E08A
:102F5000F9F7B0FA05E0FDF797FD0146B06DE2F72D
:102F60000DFD0446EFF748FA2046316AE3F730FCDE
:102F7000002887D0F9F79EFA0028B7D0F9F79AFA17
:102F80004079012817D0222809D05C280DD05E286E
:102F900084D1F9F78FFA316AE9F770FE0BE4F9F79B
:102FA00089FA316AE9F764FA05E4F9F783FA316AD4
:102FB000FDF72EFC07E4F9F77DFA1321B7E7384651
:102FC000EBF7F2FA002285217320F9F72FFE307C0F
:102FD000012802D00A2803D009E0F9F76BFA05E0CE
:102FE000FDF752FD0146B06DE2F7C8FC0446EFF76D
:102FF00003FA2046316AE3F7EBFB0028DAD0F9F751
:1030000059FA0028B9D0F9F755FA316AE1F774F89E
:1030100003E43846EBF7C8FA002285217320F9F75C
:1030200005FE307C012802D00A2803D009E0F9F718
:1030300041FA05E0FDF728FD0146B06DE2F79EFC80
:103040000446EFF7D9F92046316AE3F7C1FB0028BF
:10305000DED0F9F72FFA00288FD0F9F72BFA316A72
:10306000E1F784F861E43846EBF79EFA0022852107
:103070007320F9F7DBFD307C012802D00A2803D049
:1030800009E0F9F717FA05E0FDF7FEFC0146B06D1F
:10309000E2F774FC0446EFF7AFF92046316AE3F734
:1030A00097FB0028DED0F9F705FA0028AAD0F9F737
:1030B00001FA316AE1F70AFA37E43846EBF774FAB5
:1030C000002285217320F9F7B1FD307C012802D060
:1030D0000A2803D009E0F9F7EDF905E0FDF7D4FC83
:1030E0000146B06DE2F74AFC0446EFF785F9204649
:1030F000316AE3F76DFB0028B4D0F9F7DBF900285B
:10310000AAD0F9F7D7F9316AE1F79EFA0DE438460B
:10311000EBF74AFA002285217320F9F787FD307C0E
:10312000012802D00A2803D009E0F9F7C3F905E025
:10313000FDF7AAFC0146B06DE2F720FC0446EFF76C
:103140005BF92046316AE3F743FB00288AD0F9F7A0
:10315000B1F90028AAD0F9F7ADF9316AE1F7E8FA38
:10316000C4E43846EBF720FA002285217320F9F7F2
:103170005DFD307C012802D00A2803D009E0F9F770
:1031800099F905E0FDF780FC0146B06DE2F7F6FB2A
:103190000446EFF731F92046316AE3F719FB0028BE
:1031A000DED0F9F787F90028AAD0F9F783F9316A58
:1031B000E0F7FCF89AE43846EBF7F6F900228521AF
:1031C0007320F9F733FD307C012802D00A2803D0A0
:1031D00009E0F9F76FF905E0FDF756FC0146B06D1F
:1031E000E2F7CCFB0446EFF707F92046316AE3F734
:1031F000EFFA0028B4D0F9F75DF9002871D0F9F79B
:1032000059F940790A2809D1306A02F0F3FA84B2F8
:10321000F9F750F90A222146E0F7BCFAF9F74AF922
:1032200040794A289CD1306A02F0E4FA84B2F9F776
:1032300041F94A222146E0F7ADFA57E43846EBF768
:10324000B3F9002285217320F9F7F0FC307C0128C6
:1032500002D00A2803D009E0F9F72CF905E0FDF7C0
:1032600013FC0146B06DE2F789FB0446EFF7C4F8A2
:103270002046316AE3F7ACFA00289BD0F9F71AF937
:1032800078B3F9F717F940790A2809D1306A02F0C2
:10329000B1FA84B2F9F70EF90A222146E0F754FA9E
:1032A000F9F708F940794A2884D1306A02F0A2FA85
:1032B00084B2F9F7FFF84A222146E0F745FA15E40F
:1032C0003846EBF771F9002285217320F9F7AEFC3F
:1032D000307C012802D00A2804D00AE0F9F7EAF885
:1032E00006E041E0FDF7D0FB0146B06DE2F746FB9A
:1032F0000446EFF781F82046316AE3F769FA0028BF
:103300009BD0F9F7D7F878B3F9F7D4F840790A28C1
:1033100009D1306A02F06EFA84B2F9F7CBF80A22CA
:103320002146E0F7D1FDF9F7C5F840794A2884D164
:10333000306A02F05FFA84B2F9F7BCF84A222146FB
:10334000E0F7C2FD2AE53846EBF72EF90022852189
:103350007320F9F76BFC307C012802D00A2804D0D6
:103360000AE0F9F7A7F806E050E0FDF78DFB01460B
:10337000B06DE2F703FB0446EFF73EF82046316AF2
:10338000E3F726FA0028DDD0F9F794F8F0B3F9F75F
:1033900091F8316ADFF7DEFF00E53846EBF704F914
:1033A000002285217320F9F741FC307C012802D0EE
:1033B0000A2803D009E0F9F77DF805E0FDF764FB82
:1033C0000146B06DE2F7DAFA0446EFF715F8204649
:1033D000316AE3F7FDF90028B4D0F9F76BF8A8B12A
:1033E000F9F768F840790A2809D1306A02F002FA40
:1033F00084B2F9F75FF80A222146E0F73FFDF9F7BA
:1034000059F840794A289DD1306A00E084E002F002
:10341000F1F984B2F9F74EF84A222146E0F72EFD81
:10342000BCE4EEF7E9FFF9F745F840790A2808D03F
:103430004A280AD05F2885D1F9F73CF8E1F702F86D
:10344000ACE4F9F737F80A2202E0F9F733F84A2238
:103450000121E0F7E3FBA1E43846EBF7A5F80022F1
:1034600085217320F9F7E2FB307C012803D00A287C
:1034700004D018B109E0F9F71DF805E0FDF704FBE9
:103480000146B06DE2F77AFA0446EEF7B5FF204642
:10349000316AE3F79DF90028C2D0ECB360791D28AA
:1034A00007D05B28BCD1F9F705F8316AECF73AF898
:1034B00074E4EE49306A02F0BFF80446F8F7FAFF08
:1034C000012236E03846EBF76FF8002285217320A1
:1034D000F9F7ACFB307C012803D00A2804D018B1DE
:1034E00009E0F8F7E7FF05E0FDF7CEFA0146B06D19
:1034F000E2F744FA0446EEF77FFF2046316AE3F72D
:1035000067F900288CD03CB160791D2809D05B2870
:1035100086D1F8F7CFFF00E070E0316AECF7DEF813
:103520003CE4D249306A02F087F80446F8F7C2FF5B
:1035300002222146EAF7E6FA30E43846EBF734F89F
:10354000002285217320F9F771FB307C012803D01C
:103550000A2804D018B109E0F8F7ACFF05E0FDF740
:1035600093FA0146B06DE2F709FA0446EEF744FF1C
:103570002046316AE3F72CF9002899D0F4B360793A
:103580001D2807D05B2893D1F8F794FF316AECF738
:10359000DFF803E4B549306A02F04EF80446F8F764
:1035A00089FF0322C5E73846EAF7FEFF002285219E
:1035B0007320F9F73BFBEEF71FFF307C012802D0A8
:1035C0000A2803D009E0F8F775FF05E0FDF75CFA7B
:1035D0000146B06DE2F7D2F90446EEF70DFF204642
:1035E000316AE3F7F5F800289AD0F8F763FF28B1BD
:1035F000F8F760FF4079612892D100E069E0307807
:103600005C2807D05D288BD1F8F754FF316ADFF7CB
:103610000BFB37E4F8F74EFF316ADFF7CBFA31E402
:103620003846EAF7C1FF002285217320F9F7FEFA38
:10363000307C012802D00A2803D009E0F8F73AFFCD
:1036400005E0FDF721FA0146B06DE2F797F904466F
:10365000EEF7D2FE2046316AE3F7BAF80028D8D058
:10366000F8F728FFA8B3F8F725FF40794D2825D0B3
:103670000BDC09281BD01D282CD03428C9D1F8F721
:1036800019FF316AE4F7A6FB08E44E282DD05D2827
:1036900007D06028F8D1F8F70DFF316AE1F73AFE5C
:1036A00035E4F8F707FF316AE4F738FF2FE4F8F75D
:1036B00001FFB18C09B2EAF76BF828E46C49306A73
:1036C00001F0BAFF0446F8F7F5FE2146E8F70EF9D7
:1036D0001DE47EE06549306A01F0AEFF0446F8F76C
:1036E000E9FE2146EAF70AFC11E4F8F7E3FED0F818
:1036F0008C40F8F7DFFE406F214602F003FA0446E3
:103700005B49306A01F098FF214602F0FBF904465C
:10371000F8F7D0FED0F88850F8F7CCFE22462946BC
:10372000EAF7EEFE05E43846EAF73EFF002285217F
:103730007320F9F77BFA307C012802D00A2803D0E5
:1037400009E0F8F7B7FE05E0FDF79EF90146B06D18
:10375000E2F714F90446EEF74FFE2046316AE3F72C
:1037600037F80028DED0F8F7A5FE90B3F8F7A2FEF0
:1037700040791D2819D04E28D4D1F8F79BFED0F8F7
:103780008C50F8F797FED0F88840F8F793FE406F1A
:10379000214601F051FF0146306A01F04DFF044619
:1037A000F8F788FE2A462146BAE7F8F783FE316A21
:1037B000EAF7F8FB2CE43846EAF7F6FE002285210A
:1037C0007320F9F733FA307C012803D00A2804D09B
:1037D0000AE034E0F8F76EFE05E0FDF755F9014622
:1037E000B06DE2F7CBF80446EEF706FE2046316AEC
:1037F000E2F7EEFF0028DDD0F8F75CFEF8B1F8F74D
:1038000059FE4079342809D04D280DD06028D1D1F7
:10381000F8F750FE316AE1F74DFC23E4F8F74AFE71
:10382000316AE4F7F3FB1DE400F04AFB08B100F055
:1038300047FBF8F73FFE316AE8F700F812E4A868A2
:103840000C4900698160A8680169C1F80C80A8680A
:103850000169022081F805900021F3F7F9FC307C22
:1038600001283EF458AE0420FEF755BE00007A440D
:103870000000C8429F6B0208014901208870704710
:10388000285800200149012048707047285800201E
:103890000248017841F0100101707047355700204F
:1038A0000248017841F01001017070472F57002045
:1038B0000248017841F040010170704735570020FF
:1038C0000248017841F04001017070472F570020F5
:1038D0000248417841F00101417070472F570020A4
:1038E0000248417841F01001417070472F57002085
:1038F0000248017841F08001017070472F57002085
:103900000248017841F002010170704735570020EC
:103910000248017841F00201017070472F570020E2
:103920000248017841F008010170704735570020C6
:103930000248017841F00801017070472F570020BC
:103940000248017841F0200101707047355700208E
:103950000248017841F02001017070472F57002084
:103960000248417841F0040141707047355700200A
:103970000248417841F00401417070472F57002000
:103980000248417841F00801417070472F570020EC
:103990000248017841F0040101707047355700205A
:1039A0000248017841F00401017070472F57002050
:1039B0000248417841F00201417070472F570020C2
:1039C0000248017841F0010101707047355700202D
:1039D0000248017841F00101017070472F57002023
:1039E0000149486070470000D05500200149086037
:1039F00070470000D05500207CB504460D4600F00D
:103A000065F801F07FFD22462B4601F03DF8CDE937
:103A1000000103A207210448DCF76EFD7CBD000015
:103A200025352E32660000008D55002001490860C2
:103A300070470000DC5500201CB501F063FDCDE9A6
:103A4000000103A206210448DCF756FD1CBD00005E
:103A500025352E31660000008755002070B50446DC
:103A600000EB8400850004F00F0040F06000ECF7EC
:103A70009DFA702040EA1410ECF798FA0520ECF754
:103A800095FA1220ECF792FA02480349284448605C
:103A90004D8070BD105C00207056002002480178F7
:103AA00041F00101017070475057002070B5044685
:103AB0000E460846FCF70AFFC04305063046FCF7F1
:103AC00005FF45EA0020A06170BD00000148D0F864
:103AD000A4007047207C00200148C0797047000096
:103AE000207C00200148B0F8AE007047207C002008
:103AF0000148807E70470000207C00207047000055
:103B00000148C07E70470000207C00200148407EB4
:103B100070470000207C00200148007D70470000B5
:103B2000207C00200148407D70470000207C002060
:103B3000704770470148007F70470000207C0020DC
:103B40000148007E70470000207C00200148407F33
:103B500070470000207C00200148C07D70470000B5
:103B6000207C00200148807D70470000207C0020E0
:103B70000148C07C70470000207C00200148C07BC9
:103B800070470000207C0020704700000148007C46
:103B900070470000207C00200148807B70470000B7
:103BA000207C00200148407A70470000207C0020E3
:103BB0000148807A70470000207C00207047012077
:103BC000704700000148407C70470000207C0020C6
:103BD0000148407B70470000207C00200148807C29
:103BE00070470000207C00200148007B70470000E7
:103BF000207C00200148C07A70470000207C002013
:103C00000148007A70470000207C0020014890F8AD
:103C100029007047207C002001484079704700004F
:103C2000207C00200148007970470000207C0020A3
:103C30000148807870470000207C00200148D0F8BF
:103C400088007047207C0020704700000148D0F8B1
:103C500090007047207C00200148D0F88000704719
:103C6000207C00200148806D70470000207C0020EF
:103C70000148006E70470000207C002070477047AC
:103C80000148D0F898007047207C00200148806FE0
:103C900070470000207C00200148D0F8A000704749
:103CA000207C00200148006F70470000207C00202D
:103CB0000148806E70470000207C00200148006DA4
:103CC00070470000207C0020014890F825007047D4
:103CD000207C002070470000014890F826007047C3
:103CE000207C0020014890F824007047207C0020B0
:103CF0000148C07F70470000207C0020014890F8F8
:103D000020007047207C002070477047014890F8E1
:103D100027007047207C0020014890F8230070475E
:103D2000207C0020014890F828007047207C00206B
:103D3000014890F822007047207C0020014890F84C
:103D400021007047207C00200148807F70470000E0
:103D5000207C00200148007870470000207C002073
:103D6000014890F8B0007047207C0020014890F88E
:103D7000B2007047207C0020014890F83100704765
:103D8000207C002070470000014890F83200704706
:103D9000207C0020014890F830007047207C0020F3
:103DA000014890F82B007047207C0020014890F8D3
:103DB0002C007047207C002070477047014890F825
:103DC00033007047207C0020014890F82F00704796
:103DD000207C0020014890F834007047207C0020AF
:103DE000014890F82E007047207C0020014890F890
:103DF0002D007047207C0020014890F82A00704771
:103E0000207C00200148407870470000207C002082
:103E10000148807970470000207C0020014890F81C
:103E2000AC007047207C00200148C078704700003B
:103E3000207C00200148D0F884007047207C0020BE
:103E4000704700000148D0F88C007047207C0020AB
:103E50000148C06F70470000207C00200148406D81
:103E600070470000207C00200148C06D70470000B2
:103E7000207C0020704770470148D0F894007047BC
:103E8000207C00200148406F70470000207C00200B
:103E90000148D0F89C007047207C00200148C06E8B
:103EA00070470000207C00200148406E70470000F1
:103EB000207C00200148C06C70470000207C00205E
:103EC000014890F8B8007047207C0020014890F825
:103ED000B6007047207C0020014890F8B50070477C
:103EE000207C0020014890F8B7007047207C00201B
:103EF0000148D0F8A8007047207C0020014890F8C5
:103F00003C007047207C002070470000014890F87A
:103F10003D007047207C0020014890F83B0070472E
:103F2000207C0020014890F836007047207C00205B
:103F3000014890F837007047207C00207047704798
:103F4000014890F83E007047207C0020014890F81E
:103F50003A007047207C0020014890F83F007047ED
:103F6000207C0020014890F839007047207C002018
:103F7000014890F838007047207C0020014890F8F4
:103F800035007047207C0020014890F8B100704750
:103F9000207C0020014890F8B4007047207C00206D
:103FA000014890F8B3007047207C00200149C1F817
:103FB000A4007047207C00200149C87170470000B0
:103FC000207C00200149A1F8AE007047207C002031
:103FD0000149887670470000207C0020704700006F
:103FE0000149C87670470000207C002001494876CE
:103FF00070470000207C00200149087570470000D0
:10400000207C00200149487570470000207C00207A
:10401000704770470149087770470000207C0020F6
:104020000149087670470000207C0020014948774C
:1040300070470000207C00200149C87570470000CF
:10404000207C00200149887570470000207C0020FA
:104050000149C87470470000207C00200149C873E2
:1040600070470000207C0020704700000149087460
:1040700070470000207C00200149887370470000D1
:10408000207C00200149487270470000207C0020FD
:104090000149887270470000207C002070477047FB
:1040A0000149487470470000207C00200149487392
:1040B00070470000207C0020014988747047000090
:1040C000207C00200149087370470000207C0020FC
:1040D0000149C87270470000207C00200149087225
:1040E00070470000207C0020024981F82900EAF78F
:1040F00017BC0000207C00200149C1F888007047EF
:10410000207C0020704700000149C1F890007047F2
:10411000207C00200149C1F880007047207C0020ED
:104120000149886570470000207C0020014908662D
:1041300070470000207C0020704770470149C1F89B
:1041400098007047207C0020014988677047000074
:10415000207C00200149C1F8A0007047207C00208D
:104160000149086770470000207C002001498866EB
:1041700070470000207C002001490865704700005E
:10418000207C0020014981F825007047207C002018
:1041900070470000014981F826007047207C00200C
:1041A000014981F824007047207C00200149C8772C
:1041B00070470000207C0020014981F820007047F2
:1041C000207C002070477047014981F82700704724
:1041D000207C0020014981F823007047207C0020CA
:1041E000014981F828007047207C0020014981F8AE
:1041F00022007047207C0020014981F8210070478F
:10420000207C00200149887770470000207C002036
:104210000149087070470000207C0020014981F8A6
:1042200031007047207C002070470000014981F870
:1042300032007047207C0020014981F8300070472F
:10424000207C0020014981F82B007047207C002051
:10425000014981F82C007047207C0020704770478E
:10426000014981F833007047207C0020014981F822
:104270002F007047207C0020014981F834007047EE
:10428000207C0020014981F82E007047207C00200E
:10429000014981F82D007047207C0020014981F8F8
:1042A0002A007047207C00200149487070470000B8
:1042B000207C0020014981F8B0007047207C00205C
:1042C0000149887170470000207C0020014981F875
:1042D000B2007047207C0020014981F8AC00704793
:1042E000207C00200149C1F884007047207C002018
:1042F000704700000149C1F88C007047207C002005
:104300000149C86770470000207C002001494865CA
:1043100070470000207C00200149C86570470000FC
:10432000207C0020704770470149C1F89400704715
:10433000207C00200149486770470000207C002055
:104340000149C1F89C007047207C00200149C866E3
:1043500070470000207C002001494866704700003B
:10436000207C00200149C86470470000207C0020A8
:10437000014981F8B8007047207C0020014981F88C
:10438000B6007047207C0020014981F8B5007047D5
:10439000207C0020014981F8B7007047207C002074
:1043A0000149C1F8A8007047207C0020014981F82C
:1043B0003C007047207C002070470000014981F8D4
:1043C0003D007047207C0020014981F83B00704788
:1043D000207C0020014981F836007047207C0020B5
:1043E000014981F837007047207C002070477047F2
:1043F000014981F83E007047207C0020014981F886
:104400003A007047207C0020014981F83F00704746
:10441000207C0020014981F839007047207C002071
:10442000014981F838007047207C0020014981F85B
:1044300035007047207C0020014981F8B1007047A9
:10444000207C0020014981F8B4007047207C0020C6
:10445000014981F8B3007047207C002010B5F8F7BF
:104460009FFD002421460020FAF7FAFF641CE4B205
:104470000E2CF7D3EAF7C4FC1420E5F71DF8BDE8CD
:104480001040E4F735B910B5002810D031228277FA
:104490002E23C377302280F82020002280F82120AC
:1044A0000C78C4768376497800F8191FC27010BD65
:1044B00000281BD04A7800F8562F0A784270CA7834
:1044C00082708A78C2704A7902710A794271CA7917
:1044D00082718A79C2714A7A02720A7A4272CA7AFF
:1044E0008272897AC172012100F83E1C7047000077
:1044F000FEB5F8F79BFC3F4800251024817900F1B8
:10450000800605293CD2DFE801F00343233B62002B
:10451000FFF720FC48B10094CDE90145337A4021F2
:1045200018203268E4F752FA07E0CDE90045082385
:10453000402114207268E4F7ADFAFFF70BFC014646
:104540002C489830406803B0BDE8F040E8F76EBDF5
:10455000807848B1FFF7FEFB18B10423264A009487
:1045600008E00823254A0CE0FFF7F4FB60B3244A77
:104570000423009450211820CDE90145E4F726FAE0
:10458000FEBD50211820CDE90045E4F783FAFEBDB9
:10459000807890B1FFF7DEFB18B10623194A00942A
:1045A000E8E70823184A48211820CDE90045E4F738
:1045B00071FA0823154A5821E4E7FFF7CBFB18B13D
:1045C0000423134A0094D5E70823124AD9E7FFF7DA
:1045D000C1FB38B10094CDE901455021337A182050
:1045E0003268CBE7CDE900450823502118207268D6
:1045F000CBE7000020550020F96E02088F6B0208FF
:10460000FD6E0208016F0208E76B0208F26B0208F8
:10461000076F02089A6B020870B5F8F7EDFD0021EC
:104620000120F8F731FEFFF7F1FAEAF779F900F027
:104630006BF8FFF7F9FB284C4FF4004550B3012805
:1046400002D0032815D136E0012229462046E5F79D
:1046500034F8224A24213E20F8F7A2FBF8F74AFC5E
:10466000F8F742FC0028FBD0002229462046E5F757
:1046700024F81920F8F766F9194AC2E90201E6F7A9
:10468000A3FAFAF773FF0020FFF7E8F9BDE87040DE
:10469000EAF7C4BB012229462046E5F70EF8114A85
:1046A00056212520F8F77CFBF8F724FCF8F71CFCD2
:1046B0000028FBD0D8E7012229462046E4F7FDFF79
:1046C000094A2D213E20F8F76BFBF8F713FCF8F7A9
:1046D0000BFC0028FBD0C7E7000002401D5D02086C
:1046E000305800207D630208ED5F020800B583B0FA
:1046F0000A460021CDE9001101466846DCF7CCFBF3
:10470000DDE9000103B000BD70B5114D00244FF488
:1047100080512846E4F7C4FF00B101244FF4005152
:104720002846E4F7BDFF00B1A41C54B1012C0AD007
:10473000022C0AD0032C0AD10320BDE87040F8F700
:1047400091BD0020F9E70120F7E70220F5E770BDF1
:104750000004024010B5F1F7ABFD084CA18A627964
:10476000491E89B2FAF78EFBF1F7A2FDA18A00F08B
:1047700007F8A08ABDE81040F9F782BA205500205A
:1047800070B586B0C27A01ABC679057A447A83E8FF
:104790007400007B0B46009003A213210948DBF74D
:1047A000ABFE06B070BD00002530356420253032E8
:1047B00064253032642530326420253032643A2555
:1047C00030326400505B002030B5174BD8688169E7
:1047D000A3F19800C06981420BD1827909254AB1C1
:1047E0000024042A13D04869C471D86880694069DC
:1047F000057230BD49690222CA71D968896949695F
:104800000D72406981790229F3D2827130BD496904
:10481000CC71D968896949690C724069817900292C
:10482000F4D0847130BD0000B855002030B4124C73
:10483000A4F10D01E0688269A4F19800C069824288
:104840000DD1837901F101059B0701D01C2300E004
:104850001D236B705269937952695B5C1372E26835
:1048600092695269824203D182794069515C017236
:1048700030BCEDF78DBB0000B855002003785B1C01
:104880005BB2934200DD4BB20370704703885B1C40
:104890001BB2934200DD0BB20380704703785B1EAE
:1048A0005BB28B4200DA53B20370704703885B1E21
:1048B0001BB28B4200DA13B20380704710B5F8F7D1
:1048C00085FC234CA8B1F8F765FC012811D1F8F755
:1048D00071FC70B9607818B11E48F8F7EFFA01E082
:1048E000F8F732FA6078E0B1002060700020FFF73E
:1048F000B5F8F8F74FFC012828D1F7F7DBFD407930
:104900004A2823D1F7F7D6FDB0F8C40002281DD1FC
:1049100011480078012806D0BDE810400F48F8F78C
:104920006FBA0120E1E7A07810B1F8F7ADF902E025
:104930000A48F8F765FAA07830B10020A070BDE809
:1049400010400020FFF78AB80120F7E710BD0000F3
:10495000305800201B780208545700208378020842
:1049600030B5194C012263681B69834212D1884219
:1049700004D025682D69C4E900530BE02160616013
:1049800063681B6963601B698B4203D0521CD2B2FF
:10499000072AF5D323685B69834206D149698142BE
:1049A00004D0236060684069606030BD6160216050
:1049B00020684069206040698842F6D0521CD2B21B
:1049C000072AF5D330BD0000D055002010B50029CE
:1049D0000AD00878002807D005487844DCF7F0FEB4
:1049E000002801D0002010BD0248784410BD00000E
:1049F000123600000A36000010B500290AD00878E7
:104A0000002807D005487844DCF7DAFE002801D0FA
:104A1000002010BD0248784410BD0000023600009E
:104A2000FA35000021F00042A2F16052B2F5801F79
:104A300001F0004328BFD2F17F6C0BD95FEA001C64
:104A400043EAC20242EB507018BF704728BF20F003
:104A500001007047B2F5801FBCBF184670474FEA8F
:104A6000410C1CF5001F02D2084601F00AB870B5CF
:104A700000F0C8FB00000089FFF7F6BF4FF00040D0
:104A8000A0F580007047000010B591EA030F48BF01
:104A900083F0004300F15484841A71EB030C05D2B7
:104AA000121943EB0C03001B61EB0C01DFF824E14E
:104AB0004FEA1154A4EB135C1EEA430F18BF9EEAA1
:104AC000445F73D023EA0E03DCF1200E21EA045187
:104AD00043F4801332D322FA0CFE10EB0E0023FABB
:104AE0000CFE41EB0E01CCF1200E03FA0EFE10EB92
:104AF0000E0051F10001B1F5801FCCF1200E32D231
:104B000001EB045112FA0EF2BDE8104058BF704795
:104B1000401C38BF5FEA420218BF7047002814BF2C
:104B200020F0010041F100014FEA410313F5001F9D
:104B300038BF7047A1F1C04100F0B2BB012A43EB7E
:104B40000302ACF1200CDCF11F0E32BF4FF0000E5F
:104B500023FA0CF310EB030041EB0451B4EB115FAB
:104B6000D0D0A1EB045101F5801149085FEA300073
:104B700001EB04510ED350F1000038BF12FA0EFEC3
:104B800008D1BDE81040C9E7401C38BF5FEA4202C7
:104B9000CAD1C3E7BDE810404FEA410313F5001F37
:104BA00038BF7047A1F1C04100F07ABB9EEA445F74
:104BB00008D011EA5E0FBDE8104004BF01F00041CB
:104BC00000207047BDE8104070B500F01BFB00BF2F
:104BD00064FBBE3E0000E0FF02494FF0000001F020
:104BE0000BB800BF0000F87F491058BFC1F1404129
:104BF0005B1058BFC3F140438B42EFF30080704716
:104C00002DE9C04130B4DFF8A0C23CEA111418BF4E
:104C10003CEA131400F0EC8081EA03051CEA11144D
:104C200044EAD57418BF1CEA131500F0C780A4EB42
:104C300005044FF0004545EAC12145EAC32341EA96
:104C4000505143EA525304F17F74994204F5003401
:104C50004FEAC0204FEAC22208BF904200F09C8079
:104C60004FEA13650FF24016765D4FEA134506FBD7
:104C700005F7C7F1807706FB07F74FEAD737A7FBA1
:104C800003687642C8F58038A7FB06CE38BFA8F186
:104C9000010807FB08E64FF0000EA6FB028CE6FBBE
:104CA00003CEDCF1000CCEF1004E38BFAEF1010EA8
:104CB000A6FB0C584FF000074FF00005E6FB0E87EF
:104CC000A1FB08C6A0FB07CE16EB0E0645F10005BA
:104CD000E1FB076515F1E04E7EBFA4F580345FEA85
:104CE00046066D4116F1800745F100054FEA17278A
:104CF0004FEA066647EA0567A6F1DE46B6F1805F31
:104D00004FEA15251FD9384624F0010C05EBC47174
:104D1000BCF1FE6F01EB0C1102D8F0BCBDE80081C4
:104D200024425CBF01F5801E9EEAC47F02D4F0BC21
:104D3000BDE80081244238D4F0BCA1F1C041BDE8F7
:104D4000004100F0ADBA4FEAD22242EA43524FEAA4
:104D5000D323A7FB02864FEAD02040EA415007FB4D
:104D600003661EEA0E0F4FEAD12105FB026658BF0B
:104D7000A6EB0056B6EB00564FEA520E4EEAC37E43
:104D800018EB0E0E56EB530EBDD518EB02085E4124
:104D90007F1C55F10005B6E74FF480154FF0000772
:104DA0004FF000064FF00008ADE7F0BC4FF00000F8
:104DB00001F1C04101F00041BDE8008111EA0C1F82
:104DC0000CEA131500D00CE013EA0C1F00F025804C
:104DD0004FF00000F0BC81EA030101F00041BDE8A2
:104DE0000081F0BCBDE8004181EA030100F058BA3F
:104DF000F0BCBDE8004170B500F004FA097EFC3E4D
:104E000000F007B881EA03014FF0000001F0004113
:104E1000704781EA030100F043BAF0BCBDE80041ED
:104E20004FF0000021497047FFFDFBF9F7F5F4F260
:104E3000F0EEEDEBE9E8E6E4E3E1E0DEDDDBDAD835
:104E4000D7D5D4D3D1D0CFCDCCCBCAC8C7C6C5C493
:104E5000C2C1C0BFBEBDBCBBBAB9B8B7B6B5B4B3AA
:104E6000B2B1B0AFAEADACABAAA9A8A8A7A6A5A495
:104E7000A3A3A2A1A09F9F9E9D9C9C9B9A99999859
:104E80009797969595949393929191908F8F8E8EFC
:104E90008D8C8C8B8B8A8989888887878685858489
:104EA00084838382828181800000FF070000F87F75
:104EB00051EA030C17D41CF5801F58BFBCF5801FA6
:104EC00000F10680994218BF704708BF90427047B2
:104ED00007D711F5801F58BF13F5801F19D49942C9
:104EE0007047894270471CF5801F08D5BCF5801FAC
:104EF000F7D58B4218BF704708BF824270474FF406
:104F0000001C1CEB410F38BF1CEB430F01D28B423E
:104F1000704770B500F076F9922449004FF00051C7
:104F20004FF08053FFF760BE4FEA41034FEA5353FF
:104F3000A3F58063D3F11E03C8BFD3F1210C0CDDB0
:104F40004FF0004242EAC12242EA505232FA03FCD8
:104F50008CEAE17CACEBE1707047102BC4BF002001
:104F6000704703F5787CBCF1FF3F04D06FF000423E
:104F700082EA2100704770B500F044F9499224801C
:104F800000207047F2E700004FEA1153A3F5806359
:104F9000D3F11E03A8BFD3F1200C08DB4FF0004271
:104FA00042EAC12252EA505232FA03F070470942F3
:104FB0000BD4102BC4BF0020704703F5787CBCF1E4
:104FC000FF3F05D04FF0FF3070474FF000007047B3
:104FD00070B500F017F900BF499224800020704797
:104FE000F0E710F0004248BF4042B0FA80F310FAF8
:104FF00003F10AD0C3F11D0303F580634FEA41506A
:1050000002EB035202EBD12170474FF000007047D2
:10501000B0FA80F310FA03F10AD0C3F11D0303F5CF
:1050200080634FEA41504FEA035202EBD1217047AF
:105030004FF000007047000051EA030C17D41CF534
:10504000801F58BFBCF5801F00F10680994218BF31
:10505000704708BF9042704707D711F5801F58BFAF
:1050600013F5801F19D499427047894270471CF587
:10507000801F08D5BCF5801FF7D58B4218BF70473D
:1050800008BF824270474FF4001C1CEB410F38BF31
:105090001CEB430F01D28B42704770B500F0B2F8A1
:1050A000922449004FF000514FF08053FFF79CBD10
:1050B000DFF848C170B51CEA111E1EBF1CEA1315AB
:1050C0009EEA0C0F95EA0C0F00F06F8081EA030452
:1050D00023EA4C134EEAD47E21EA4C1141F48011AC
:1050E00043F48013AE44A1FB024CA0FB0365AEF178
:1050F0007F7E361955EB0C05A1FB034C4CF10003E8
:10510000A0FB021C16EB0C06654153F1000309429B
:1051100018BF46F0010613F4007F0BD14FEA0331AC
:105120004FEA0530340341EA155140EA16506FF05A
:1051300003020AE04FEAC3214FEAC520F40241EA24
:10514000555140EA56506FF0020202EB2E4201EB3D
:10515000025585EACE710AD05FEA440C18BF24F0EC
:10516000004450F1000041F1000120EAD47040F207
:10517000FE7C624500D270BDA84214BF4FF080444F
:105180004FF04044002E08BF0024BEF1806FA8BF3E
:10519000A1F1C041BDE8704080F282804FF0000074
:1051A00001F1C04101F0004170479EEA0C0F0CEA8A
:1051B000131518BF95EA0C0F06D04FF0000081EAD6
:1051C000030E0EF0004170BD00F01CF88900013E96
:1051D00000F007B800F009B84FEA430C5FEA5C5CE6
:1051E00008D081EA030100F05BB84FEA410C5FEAA6
:1051F0005C5CF6D14FF00000014970470000FF07EA
:105200000000F87F0EF1020E2EF0030E5EF8046B24
:10521000364205D4012A43EB030515F5001F12D8C9
:10522000012841EB010C1CF5001F0CD80ED14FEAF0
:10523000D17C15F5001F0CEB4C0C0CF1020C08BFD7
:105240004CEBD37C04E04FF0080C01E04FEAD37C38
:105250000CEB4C0526FA05F606F00706B6F1040C31
:1052600006D20EEB860CBDE870404CF0010C604796
:10527000DFE80CF0090B02024FF000414FF0000094
:10528000A1F5002170BD19461046012851EB01041B
:1052900018BFD4F5001484BF002001F0004170BD98
:1052A0000808A0F500114FEA3101704753EA010CDC
:1052B00017D41CF5801F58BFBCF5801F00F1068075
:1052C0008B4218BF704708BF8242704707D713F55B
:1052D000801F58BF11F5801F19D48B4270479B4225
:1052E00070471CF5801F08D5BCF5801FF7D5994283
:1052F00018BF704708BF904270474FF4001C1CEB6A
:10530000430F38BF1CEB410F01D2994270470FB4D5
:105310000CBC03BCFFF7C1BE91EA030F10B581F0CE
:1053200000413FF5B9AB83F0004300F009B800003D
:1053300010B591EA030F48BF83F000433FF5ACABD3
:10534000841A71EB030C07D212198CF0004C43EB5A
:105350000C03001B61EB0C01DFF8A4E14FEA1154D0
:10536000A4EB135C1EEA430F18BF9EEA445F00F0F3
:10537000B08023EA6E03524221EA0451C3EB6E036C
:1053800038BF5B1EDCF1200E25D322FA0CFE10EB99
:105390000E0043FA0CFE41EB0E01CCF1200E03FA95
:1053A0000EFE10EB0E0051F10001CCF1200E29D4BD
:1053B00012FA0EF201EB0451BDE8104058BF7047DD
:1053C000401C1CBFB2F1004F704700280CBF491CA5
:1053D00020F00100704712EB020E43EB030218BFEE
:1053E0004FF0010E4EEA4202ACF1200CDCF11E0E31
:1053F00054D943FA0CFE10EB0E0051F1FF31CCF101
:105400001E0ED5D50EF1010E12FA0EFE404141EBF3
:10541000010101EB445C5FEA5C5C10D910EBDE70CB
:1054200001EB045138BFBEF1004FBDE8104018BF7A
:10543000704700280CBF491C20F00100704730D293
:105440004FEAD42C11F5001124F400641BD0B1FAFA
:1054500081F20B3AA41AA41ED2F12003914030FA33
:1054600003F31943904001EBCC71002C01EB045184
:10547000BDE81040A8BF704701F1C0414FF00000E7
:1054800001F000417047B0FA80F310FA03F100D147
:1054900010BDE41A173C4805C90AE4E701EB0451C2
:1054A00010BD491001EB0451BDE810404FEA300037
:1054B00002E04FF0000170474A0008BF0042F8D0F8
:1054C000B2F5001F28BF704701F000414FF0000007
:1054D00070479EEA445F07D011EA5E0FBDE81040B6
:1054E00004BF002100207047BDE8104070B5FFF7F1
:1054F00089FE00BF40DFF63E83F000411046704752
:105500000000E0FF43004FEAD30C4FEA3C0C43405D
:105510001FBF40070CF1605113F0FE4F70471CF0A5
:10552000006F03D100200CF0004170470CF00043E5
:1055300043EA507010B540EACC0000F05CFA00BFBE
:10554000000000924FEA0001FFF7AABE4FF00041B1
:105550004FF00000A1F500217047000090EA010F14
:1055600048BF81F0004100F1D482421A3CBF801A4A
:1055700089184FEAD0524FF07F4C1CEA410FA2EB42
:10558000D15318BF9CEA026F00F03B804FF0004CF3
:105590004CEA00204CEA012121FA03FC10EB0C0C30
:1055A0001ED202F1FF325FEA1C2040EBC25038BF2E
:1055B00070471CF07F0F4FEA400C18BFBCF17F4FC3
:1055C00038BF7047C3F12003994008BF20F00100A5
:1055D000BCF17F4F38BF7047A0F1C04000F051BA16
:1055E0004FEA3C00000A40EBC25028BF1CF0FF0FFE
:1055F0004FEA400CE6D018BFBCF17F4F38BF704770
:10560000EAE79CEA026F05D010EA5C0F08BF00F0E1
:105610000040704710B500F0EEF900BF64FBBE3EDD
:10562000401058BFC0F14040491058BFC1F140413F
:105630008142EFF3008070474FF47F0C1CEAD012D8
:105640001EBF1CEAD11392EA0C0F93EA0C0F00F074
:10565000858090EA010F48BF42F4807240F4000C4C
:1056600041F400002CF07F4120F07F4000B58142E2
:10567000A2EB03020FF2081CACEB504EC0F100008D
:105680009EF800E04FEA4E0E00FB0EFC38BF4900CA
:105690004FEA2C1C02F5FA020CFB0EF34FEACE1E69
:1056A0004FEA112C4FEAC1210EEB635E42EB22421E
:1056B0000EFB0CFC4FEA1C5300FB03114FEA112CAC
:1056C0004FEA01310EFB0CFC4FEADC4C00FB0C11E5
:1056D000C14228BF09184CEB03335DF804EB10EB13
:1056E000410143EBC250B2F57C0F38BF704729D55A
:1056F00012F0F00F1CBF00F1C04000F000407047F6
:10570000008182838485868788898B8C8D8E8F919A
:105710009293959697999A9C9D9FA0A2A3A5A7A8BE
:10572000AAACAEB0B2B3B5B7B9BCBEC0C2C5C7C9EA
:10573000CCCED1D4D7D9DCDFE2E6E9ECF0F3F7FA4E
:10574000FE0000004FEA400C0CF1807CBCF17E4F63
:1057500028BF7047B0F1C04000F093B990EA010F44
:105760000CEAD11348BF42F48072624538BF6345EA
:1057700007D213F47F0F16D080EA010000F000403A
:10578000704710B500F037F9097EFC3E00F005B80F
:1057900080EA010000F00040704780EA010000F05C
:1057A000004000F06EB912F47F0F04BF024870474A
:1057B00080EA010000F065B90000C07F41000B0ED7
:1057C000D3F19E0208D950F400034FEA032323FAD1
:1057D00002F048BF4042704710B500F00CF900BF1E
:1057E00049922480002070476FF0004282EA200036
:1057F00070470000C10DD1F19E0206DB4FEA002385
:1058000043F0004323FA02F07047004207D54FEA05
:105810004001B1F1FE4F02D24FF00000704710B5C9
:1058200000F0E9F849922480002070476FEA2000D8
:105830007047000010F0004148BF4042B0FA80F3CA
:1058400010FA03F2C3F19D030BD051EAC35101EBEF
:105850001220530638BF704700F1010008BF20F046
:1058600001007047B0FA80F310FA03F2C3F19D0310
:105870000AD0D90501EB1220530638BF704700F15A
:10588000010008BF20F001007047000050EA010C41
:1058900000F113801CF5000F58BFBCF5000F01D4B8
:1058A0008842704707D710F5000F58BF11F5000F59
:1058B00015D488427047894270471CF5000F04D503
:1058C000BCF5000FF7D5814270474FF0807C1CEB90
:1058D000400F38BF1CEB410F01D28142704710B519
:1058E00000F089F8922449004FF000504FF08051A9
:1058F000FFF796BE4FF47F0C1CEAD0121EBF1CEAC5
:10590000D11392EA0C0F93EA0C0F00F0478090EA53
:10591000010F48BF42F480724FF0004C4CEA002067
:105920004CEA012102EB0302A0FB0113A2F50002E5
:10593000002918BF43F001035B0028BF4FEA33037F
:1059400042EB22425FEA132C4CEBC2502EBFBCEB61
:10595000436FB2F57C0F70474FEA036CBCF1004F08
:1059600008BF20F00100B2F57C0F38BF70470BD59F
:1059700082F0FF0212F5803FC8BF704700F1C040BF
:10598000D8BF00F00040704700F5000C5FEA4C0CF7
:1059900048BF7047B0F1C04000F073B890EA010F03
:1059A0000CEAD11348BF42F48072624538BF6345A8
:1059B00004D280EA010000F00040704710B500F00A
:1059C0001AF800BF8900013E00F007B800F009B8DE
:1059D0005FEA410C5FEA1C6C08D080EA010000F02D
:1059E00050B85FEA400C5FEA1C6CF6D14FF0004003
:1059F000A0F5800070470EF1020E2EF0030E5EF847
:105A0000044B244204D44FEA4102B2F17F4F11D833
:105A10004FEA4003B3F17F4F0CD80ED14FEAD07C50
:105A2000B2F17F4F0CEB4C0C0CF1020C08BF4CEBAD
:105A3000D17C04E04FF0080C01E04FEAD17C0CEB84
:105A40004C0324FA03F404F00704B4F1040C06D266
:105A50000EEB840CBDE810404CF0010C6047DFE811
:105A60000CF0070802024FF00040A0F5800010BDC6
:105A70000846420018BFD2F1807288BF00F0004093
:105A800010BDFF2141EAD050C005704751EA000C1B
:105A900000F113801CF5000F58BFBCF5000F01D4B6
:105AA0008142704707D711F5000F58BF10F5000F5E
:105AB00015D481427047894270471CF5000F04D508
:105AC000BCF5000FF7D5884270474FF0807C1CEB87
:105AD000410F38BF1CEB400F01D28842704780EA6B
:105AE000010081EA000180EA0100FFF7F8BE80F0C2
:105AF000004090EA010F7FF538AD81F0004100F0E1
:105B000008B8000090EA010F48BF81F000413FF55E
:105B10002CAD421A04D882F00042A0EB02001144DE
:105B20004FEAD0524FF07F4C1CEA410FA2EBD15309
:105B300018BF9CEA026F4AD04FF0004C4CEA00209C
:105B40004CEA012121FA03FCB0EB0C0C0FD412F04B
:105B5000FE0F36D05FEA4C001DD5001240EBC2505C
:105B600038BF70471CF03F0F18BF70470BE0A2F121
:105B700001025FEA1C2040EBC25038BF70471CF0A6
:105B80007F0F18BF7047C3F12003994014BF401E18
:105B900020F00100704780084FEA122308BF7047C9
:105BA000B0FA80FCA2EB0C02CCF1280C60FA0CF0ED
:105BB00093EA122F04BF00EBC25070474FEAC37044
:105BC0007047130A5FEADC1008BF7047F6E79CEAEB
:105BD000026F04D010EA5C0F08BF0020704710B5B8
:105BE000FFF709FF40DFF63E81F0004070474FF0BD
:105BF00000007047DAF7D5BF0CF00F03092B08BF80
:105C0000082000F05F800A2B0BD0082B18BF7047CC
:105C100008BF1CF0400F0AD04FF000004FF0000109
:105C200070471CF0400F18BF4FF0004070471CF049
:105C3000100F08D020F0704300F07F4242EAD301F9
:105C40004FEA4370704700F0604021F07F4242EA23
:105C5000000201F07F4040EA727070474FF0FF0C85
:105C60004CF4E06C1CEA11531CBF9CEA030C9445F5
:105C7000C2BFDA4201EB02517047002B0DD0BCF1DC
:105C8000000F0FD0002A01F00041A4BF41F0E04115
:105C900041F07F614FF00000704701F000414FF08C
:105CA0000000704750EA01334FF09B0C18BF4CF0D6
:105CB000806C7EF491AF7047DBF7F6BBDBF7E6BD97
:105CC000DBF774BF1CF4801F11D01CF4E02F03D04D
:105CD0006FEACC31490070474FF04050EFF300823B
:105CE00022F0704242EA000282F3008870474FF0CF
:105CF00000007047030406080C1018203000000054
:105D0000000000000001020304060708090000006B
:105D1000000102030480402010080402010000007A
:105D200000007E00000000007E0001F8000000007E
:105D30000000000000007E3FFFFFF8007F0001F838
:105D4000000000000000000000007E3FFFFFF81F81
:105D5000FFFFFFFFE000000000000000001C7E00CD
:105D60000000001FFFFFFFFFE00000000000000038
:105D7000001C7E00000000007F0001F80000000011
:105D800000000000001C7E00000000003F0001F841
:105D90000000000000000000001C7E0FFFFFE0007C
:105DA000000000000000000000000000001C7E0F4A
:105DB000FFFFE00000000000000000000000000005
:105DC000001C7FCFC007E007E7E03F0000000000B5
:105DD00000000000001C7FCFC007E007E3E03F00A9
:105DE0000000000000000000001C7FCFC007E0079B
:105DF000E3E07FFFC000000000000000001C7E0FF9
:105E0000C007E007E3E07FFF800000000000000023
:105E1000001C7E0FC007E007E3E07EFC00000000EE
:105E200000000000001C7E0FC007E007E3E0FC7EDE
:105E30000000000000000000001C7E0FC007E0070B
:105E4000C3E0FC3E0000000000000000001C7E0FCC
:105E5000FFC7E0060381FC3F0000000000000000D7
:105E6000001C7E0FFFC7E0000201F81F8000000049
:105E700000000000001C7E0FC007E00000000000D2
:105E80000000000000000000001C7E0FC007E000C2
:105E9000000000000000000000000000001C7E0F59
:105EA000C007E007FFFFFFFE000000000000000049
:105EB000001C7E0FC007E007FFFFFFFE0000000090
:105EC00000000000001C7E0FC007E007E07F1FBF3E
:105ED0000000000000000000001C7E0FC007E0076B
:105EE000E07E1F1F8000000000000000001C7E0FED
:105EF000C007E007E07E3F1FC00000000000000078
:105F0000001C7E0FC007E007E07C3F0FC0000000D0
:105F100000000000001C7E0FC007E007E0FC7E0FC1
:105F2000C000000000000000001C7E0FC007E0075A
:105F3000E0FC7E0FC000000000000000001C7E0F8F
:105F4000C007E007E0F87E0FC0000000000000007E
:105F5000001C7E0FFFFFE007E1F8FC0FC00000000F
:105F600000000000001C7E0FFFFFE007E1F8FC0FBF
:105F7000C00000000000000000007E0000000007DC
:105F8000E3F0FC0FC00000000000000000007E00F5
:105F900000000007E3F1F80FC0000000000000005F
:105FA00000007E0000000007E3F1F80FC0000000D1
:105FB0000000000000007E3FFFFFE00FE7F3F81F46
:105FC000C00000000000000000007E3FFFFFF01F47
:105FD000FFFFFFFFE00000000000000000007E3F28
:105FE000FFFFF81FFFFFFFFFF000000000000000B0
:105FF00000000000000000000000000000000000A1
:106000000000000000000000000000000000000090
:106010000000000000000000000000000000000080
:106020000000000000000000000000000000000070
:10603000000000000000000000003FE00000000041
:106040000000000000000000000000000001FFF858
:106050000000000000000000000000000000000040
:106060000007FFFE0000000000000000000000002C
:1060700000000000001FFFFF000000000000000003
:106080000000000000000000003FFFFF8000000053
:1060900000000000000000000000000000FFFFFF03
:1060A000800001FF000FF9FF80FF9FFFFC7FFFE0F2
:1060B00001FFC1FFC00003FE000FF9FF01FF9FFFBA
:1060C000FCFFFFF803FF80FFC00003FE001FF9FF85
:1060D00001FF3FFFF8FFFFFC07FF00FFE00003FEAA
:1060E000001FF1FE01FF3FFFF8FFFFFC0FFE007FE6
:1060F000E00007FC001FF3FE03FE3FFFF1FF1FFE61
:106100001FFC007FE00007FC003FF3FE03FE7FC0A2
:1061100001FF07FE1FF8007FE00007FC003FE7FEDD
:1061200003FE7FC001FE03FE3FF8007FE0000FF892
:10613000003FE7FC07FE7FC003FE03FE7FF0007F09
:10614000E0000FF8003FE7FC07FCFFC003FE03FE82
:106150007FF0007FE0000FF8007FC7FC07FCFF80A6
:1061600003FE03FEFFE0007FE0001FF0007FCFF89A
:106170000FF8FF8007FC07FCFFE0007FE0001FF046
:10618000007FCFF80FF9FF0007FC07FDFFC000FFFD
:10619000E0001FF000FF9FFFFFF9FFFF87FC0FF9F2
:1061A000FFC000FFE0003FE000FF9FFFFFF9FFFF9F
:1061B0008FF83FF3FF8000FFE0003FE001FF9FFF0B
:1061C000FFF3FFFF8FFFFFE3FF8000FFC0003FE012
:1061D00001FF1FFFFFF3FFFF0FFFFFC3FF8000FF63
:1061E000C0007FC001FF3FFFFFE3FFFF1FF7FF037A
:1061F000FF8001FFC0007FC001FF3FE03FE7FE00DE
:106200001FF7FC07FF0001FF80007FC003FE7FC077
:106210003FE7FC001FF7FC07FF0001FF8000FF8045
:1062200003FE7FC07FE7FC003FE7FC07FF0003FFA2
:106230008000FF8003FE7FC07FCFFC003FE7FC07AC
:10624000FF0003FF0000FF8007FC7FC07FCFF80046
:106250003FE7FC07FF0007FF0001FF0007FCFF808E
:10626000FFCFF8007FC7FE07FF0007FE0001FF0019
:1062700007FCFF80FF8FF8007FC7FE07FE000FFEC0
:106280000001FF000FF8FF80FF9FF0007FC7FE07AF
:10629000FE001FFC0003FFFF8FF9FF01FF9FFFFCC3
:1062A000FF83FE07FF001FF80003FFFF8FF9FF01C8
:1062B000FF3FFFFCFF83FE07FF003FF00003FFFFEF
:1062C0009FF1FF01FF3FFFFCFF83FF03FF007FF013
:1062D0000007FFFF9FF3FE03FF3FFFF9FF03FF03EC
:1062E000FF01FFE00007FFFF1FF3FE03FE3FFFF982
:1062F000FF03FF03FF87FFC0000000000000000055
:106300000000000000000001FFFFFF00000000008F
:10631000000000000000000000000000FFFFFE0081
:10632000000000000000000000000000000000006D
:106330007FFFFC00000000000000000000000000E3
:10634000000000003FFFF00000000000000000001F
:1063500000000000000000001FFF8000000000009F
:1063600000000000000000000000000007FE000028
:10637000000000000000000000000000000000001D
:1063800000000000F0000000FFFFF8000000000027
:106390000000000000000003F0000000FFFFFC0010
:1063A000000000000000000000000007F0000000F6
:1063B000FFFFFC0000000000000000000000000FD4
:1063C000F00000007FFFFE00000000000000000061
:1063D0000000000FF00000007FFFFE000000000042
:1063E000000000000000001FF00000003FFFFE0062
:1063F00000000000000000000000003FF00000006E
:106400003FFFFE0000000000000000000000003F11
:10641000F00000001FFFFE00000000000000000070
:106420000000007FF00000001FFFFE0000000000E1
:10643000000000000000007FF00001800FFFFE0060
:1064400000000000000000000000007FF00001805C
:106450000FFFFE0000000000000000000000007FB1
:10646000F00003C007FFFE00000000000000000075
:106470000000007FF00003C007FFFE0000000000E6
:10648000000000000000007FF00007C007FFFE00D2
:1064900000000000000000000000007FF00007E0A6
:1064A00003FFFE0000000000000000000000007F6D
:1064B000F00007E003FFFE00000000000000000005
:1064C0000000007FF0000FF001FFFE000000000060
:1064D000000000000000007FF0000FF001FFFE0050
:1064E00000000000000000000000007FF0001FF826
:1064F00000FFFE0000000000000000000000007F20
:10650000F0001FF800FFFE00000000000000000087
:106510000000007FF0001FF8007FFE000000000078
:10652000000000000000007FF0003FFC007FFE0044
:1065300000000000000000000000007FF0003FFFAE
:10654000FFFFFE0000000000000000000000007FD0
:10655000F0007FFFFFFFFE000000000000000000D1
:106560000000007FF0007FFFFFFFFE000000000042
:10657000000000000000007FF000FFFFFFFFFE00B2
:1065800000000000000000000000007FF000FFFF9E
:10659000FFFFFE0000000000000000000000007F80
:1065A000F000FFFFFFFFFE00000000000000000001
:1065B0000000007FF001FFFFFFFFFE000000000071
:1065C000000000000000007FF001FFFFFFFFFE0061
:1065D00000000000000000000000007FF001FFFB51
:1065E000FFFFFE0000000000000000000000007F30
:1065F000F001FFF1FFFFFE000000000000000000BE
:106600000000007FF001FFF1FFFFFE00000000002E
:10661000000000000000007FF001FFF3800FFE008B
:1066200000000000000000000000007FF001FFE318
:10663000800FFE0000000000000000000000007F4E
:10664000F001FFC7800FFE00000000000000000006
:106650000000007FF800FE0F000FFE0000000000A9
:10666000000000000000007FF800FE1E000FFE008A
:1066700000000000000000000000007FF8007E7EA7
:10668000000FFE0000000000000000000000007F7E
:10669000FC003FF8000FFE000000000000000000BA
:1066A0000000007FFC000FF0000FFE000000000063
:1066B000000000000000007FFE000000000FFE0050
:1066C00000000000000000000000007FFE0000004D
:1066D000000FFE0000000000000000000000007F2E
:1066E000FF000000000FFE0000000000000000009E
:1066F0000000007FFF800000000FFE00000000008F
:10670000000000000000007FFFC00000000FFE003E
:1067100000000000000000000000007FFFE000001B
:10672000000FFE0000000000000000000000007FDD
:10673000FFF00000000FFE0000000000000000005D
:106740000000007FFFF80000000FFE0000000000C6
:10675000000000000000007FFFFE0000000FFE00B0
:1067600000000000000000000000007FFFFF80002C
:10677000000FFE0000000000000000000000007F8D
:10678000FFFFF000000FFE0000000000000000000E
:106790000000007FFFFFFFFE000FFE000000000072
:1067A000000000000000007FFFFFFFFE000FFE0062
:1067B00000000000000000000000007FFFFFFFFC61
:1067C000000FFC0000000000000000000000007F3F
:1067D000FFFFFFF8000FFC000000000000000000B9
:1067E0000000007FFFFFFFF0000FF8000000000036
:1067F000000000000000007FFFFFFFE0000FF0003E
:1068000000000000000000000000007FFFFFFFC04C
:10681000000FE00000000000000000000000007F0A
:10682000FFFFFF80000FC00000000000000000001C
:106830000000003FFFFFFF00000F8000000000008D
:10684000000000000000003FFFFFFE00000F0000FE
:1068500000000000000000000000000FFFFFFC002F
:10686000000E00000000000000000000000000001A
:106870000000000000000000000000000000000018
:106880000000000000000000000000000000000008
:1068900000000000000000000000000000000000F8
:1068A00000000000000000000000000000000000E8
:1068B00000000000000000000000000000000000D8
:1068C00000000000000000000000000000000000C8
:1068D00000000000000000000000000000000000B8
:1068E00000000000000000000000000000000000A8
:1068F0000000000000000000000000000000000098
:106900000000000000000000000000000000000087
:106910000000000000000000000000000000000077
:106920000000000000000000000000000000000067
:106930000000000000000000000000000000000057
:106940000000000000000000000000000000000047
:106950000000000000000000000000000000000037
:106960000000000000000000000000000000000027
:106970000060003FC0E0380FC0781C3FFC00000002
:10698000000000000060007FE0E0380FC07C1C3F8A
:10699000FE00000000000000006000E070E0381C15
:1069A000E07E1C000E00000000000000006000C03F
:1069B00030E0381CE0771C000E00000000000000F2
:1069C000006000C030E7F81870739C380E000000BB
:1069D00000000000006000C030E7F8387071DC385B
:1069E0000E00000000000000007000C030E03830F1
:1069F0003070FC380E00000000000000007800E05D
:106A000070E0387038707C381E0000000000000014
:106A1000003FF07FE0E03873F8703C3FFE0000007C
:106A200000000000001FF83FC0E038E3FC701C3F8E
:106A3000FC0000000010203B232E534E45672F47DB
:106A40004A2C46274567625C45676C1B22266C1BF7
:106A50000311042B45673C5A45675B1C45676D086D
:106A60000C595E0957524A2C03114A2C54484A2C9F
:106A7000440F10203B566A0B4A456710203B575283
:106A80001635556E642135556E643E3F566A0A13BD
:106A9000403900462700136F4F0032181318301882
:106AA0004318143D6400566A64002D3A220703110E
:106AB000456764005365742056616C756500134F1B
:106AC0004567756E69747320736574757000501C2A
:106AD000134F54656D7020556E69737400A5F1A64F
:106AE0001A03114C6F636B20536176650027F00326
:106AF00011496E74657276616C205361766500038E
:106B00001127F0005361766520496E7465727661D5
:106B10006C3A004668001D6D696E0061290206002E
:106B20004229020600251F566A534A52657365744E
:106B30002043616C008182566A8384436C69636B75
:106B400020456E74657200086A64005374616E6457
:106B50006172642056616C75653A002D002B0085CA
:106B60008682086A4187496E205374616E6461723F
:106B70006420536F6C7574696F6E008889688A8BA6
:106B800057616974696E672E2E2E00566A7E7F5398
:106B900075636365737366756C004661696C005656
:106BA0006A8C8D8E8F1800466972737420506F69DD
:106BB0006E743A008E9018005365636F6E642050B7
:106BC0006F696E743A00918F184E65787420506F1B
:106BD000696E740092934B4C8A8B53656172636843
:106BE000696E672E2E2E0044617461207361766594
:106BF00064007375636365737366756C6C79009B71
:106C00004A2C4E6F20446174610097989496004D11
:106C100061782053697A653A200031303030300095
:106C2000143D9596005573652053697A653A2000A6
:106C3000143D999A0053656C65637465643A20004D
:106C40009C9D00547970653A200044543A00534E9C
:106C50003A003C5A5072657373757265005B1C5341
:106C6000616C696E69747900A01C004C6F6E676975
:106C7000747564653A00A11C004C61746974756494
:106C8000653A009B10203B4E6F2050726F62652169
:106C900000251F0E0D45675265736574204D6574A0
:106CA000657220000E0D45675265736574004D488E
:106CB0005F456750726F6D707420546F6E6500048D
:106CC0002B5F416C61726D20546F6E650001285F0F
:106CD0004B657970616420546F6E6500A84AA61AEE
:106CE0004175746F204C6F636B00A71B4D616E750F
:106CF000616C006C1B4175746F0049443A00536528
:106D00006E736F72730053797374656D00486973A5
:106D1000746F726963616C204461746100446174D2
:106D2000652F54696D65004C616E6775616765001C
:106D30004175746F6D617469632053687574646F15
:106D4000776E004175746F6D61746963205361766D
:106D50006500416C61726D0041697220507265730B
:106D6000737572650053616C696E69747900475080
:106D700053205175657269657300496E737472753D
:106D80006D656E7420496E666F00446174612053B6
:106D9000746F7265004461746120566965770044C0
:106DA0006174612044656C6574650043616C69625F
:106DB000726174696F6E0053657474696E677300F5
:106DC00053656E736F7220496E666F00536176650E
:106DD000004F4646004F4E004C6F772054483A0013
:106DE000486967682054483A00534E3A0048572093
:106DF00056657273696F6E3A005357205665727309
:106E0000696F6E3A005A65726F20506F696E740038
:106E10004F6E6520506F696E740054776F20506F0D
:106E2000696E7400546872656520506F696E7400F5
:106E300043757272656E743A005374616E64617268
:106E4000643A00436F6E6669726D004D656E750041
:106E5000446174653A0054696D653A00556E697411
:106E60003A006C1B4B4C45055365617263682050BA
:106E7000726F6265004B4C685365617263680020F5
:106E8000707074006D672F4C00202020250056651F
:106E9000722E41005665722E42005665722E4300D6
:106EA0005665722E44006B506100491E0311456700
:106EB0007B536176652073657474696E6700491E43
:106EC000A2A34A2C7B5769706520646174610049F4
:106ED0001E3E3F566A7B43616C6962726174696FE2
:106EE0006E00491E251F0E0D7B466163746F72791B
:106EF00020726573746F7265007C7D7E7F7C7D8CF3
:106F00008D4A2C03117E7F03118C8D4959657300C6
:106F10001E4E6F00701D69711D69721D693520203C
:106F20006D696E75746573003130206D696E7574AE
:106F30006573003230206D696E75746573002020B2
:106F4000444F2020002020704820200020547572DB
:106F50002000002046434C200000202045432020F4
:106F600000204F5250200000204E48334E20002079
:106F700020462D20200020434C2D20000020436877
:106F80006C2000002042676120000020434F442015
:106F90000000204D4C53532000204F695720000023
:106FA0002020202020200068516F6F7778797A7731
:106FB00078797A6F6851737475766F605160516F2C
:106FC0006F73747576000000000000000000000080
:106FD00000000000000000000000000000000000B1
:106FE000000000000000FFFFF080001080001C8007
:106FF00000148000148000148000148000148000AD
:107000001C800010FFFFF0FFFFF0800010BC001C90
:10701000BC0014BC0014BC0014BC0014BC0014BCA4
:10702000001C800010FFFFF0FFFFF0800010BCF09C
:107030001CBCF014BCF014BCF014BCF014BCF01474
:10704000BCF01C800010FFFFF0FFFFF0800010BCC0
:10705000F3DCBCF3D4BCF3D4BCF3D4BCF3D4BCF3A6
:10706000D4BCF3DC800010FFFFF0000C00003E00F9
:10707000004C00308010790018FFFFFC7820183099
:1070800010100009C00007C00001C01FFFFFFFFF74
:10709000FFFFFFFFFF007FFFFFFFFFFFFFFFFFFF7F
:1070A000C07FFFFFFFFFFFFFFFFFFFE0F8000000D2
:1070B000000000000001E0F00000000000000000FF
:1070C00000F0E0000000000000000000F0E0000020
:1070D00000000000000000F0E000000000000000E0
:1070E0000000F0E0000000000000000000F0E00000
:1070F0000000000000000000F0E0000000000000C0
:10710000000000F0E0000000000000000000F0E0DF
:10711000000000000000000000F0E000000000009F
:1071200000000000FCE0000000000000000000FF84
:10713000E0000000000000000000FFE00000000090
:107140000000000000FFE000000000000000000060
:10715000FFE0000000000000000000FFE000000071
:10716000000000000000FFE0000000000000000040
:1071700000FFE0000000000000000000FFE0000051
:1071800000000000000000FFE00000000000000020
:107190000000FFE0000000000000000000FFE00031
:1071A0000000000000000000FFE000000000000000
:1071B000000000FFE0000000000000000000FFE011
:1071C000000000000000000000FFE00000000000E0
:1071D00000000000FFE0000000000000000000FCD4
:1071E000E0000000000000000000F0E000000000EF
:1071F0000000000000F0E0000000000000000000BF
:10720000F0E0000000000000000000F0E0000000DE
:10721000000000000000F0E000000000000000009E
:1072200000F0E0000000000000000000F0E00000BE
:1072300000000000000000F0F0000000000000006E
:107240000000F0F8000000000000000001E07FFFF7
:10725000FFFFFFFFFFFFFFFFE07FFFFFFFFFFFFFDD
:10726000FFFFFFC01FFFFFFFFFFFFFFFFFFF001F2C
:10727000FFFFFFFFFFFFFFFFFF007FFFFFFFFFFF9D
:10728000FFFFFFFFC07FFFFFFFFFFFFFFFFFFFE0EC
:10729000F8000000000000000001E0F00000000025
:1072A0000000000000F0E00000000000000000000E
:1072B000F0E3FFFFF0000000000000F0E3FFFFF04C
:1072C000000000000000F0E3FFFFF00000000000FD
:1072D00000F0E3FFFFF0000000000000F0E3FFFF1C
:1072E000F0000000000000F0E3FFFFF000000000ED
:1072F0000000F0E3FFFFF0000000000000F0E3FFFB
:10730000FFF0000000000000FCE3FFFFF0000000C1
:10731000000000FFE3FFFFF0000000000000FFE3BB
:10732000FFFFF0000000000000FFE3FFFFF000009F
:1073300000000000FFE3FFFFF0000000000000FF7E
:10734000E3FFFFF0000000000000FFE3FFFFF0009C
:107350000000000000FFE3FFFFF00000000000005D
:10736000FFE3FFFFF0000000000000FFE3FFFFF07D
:10737000000000000000FFE3FFFFF000000000003D
:1073800000FFE3FFFFF0000000000000FFE3FFFF4D
:10739000F0000000000000FFE3FFFFF0000000002D
:1073A0000000FFE3FFFFF0000000000000FFE3FF2C
:1073B000FFF0000000000000FFE3FFFFF00000000E
:1073C000000000FCE3FFFFF0000000000000F0E31D
:1073D000FFFFF0000000000000F0E3FFFFF00000FE
:1073E00000000000F0E3FFFFF0000000000000F0EC
:1073F000E3FFFFF0000000000000F0E3FFFFF000FB
:107400000000000000F0E3FFFFF0000000000000BB
:10741000F0E0000000000000000000F0F0000000BC
:10742000000000000000F0F8000000000000000074
:1074300001E07FFFFFFFFFFFFFFFFFFFE07FFFFF98
:10744000FFFFFFFFFFFFFFC01FFFFFFFFFFFFFFF6B
:10745000FFFF001FFFFFFFFFFFFFFFFFFF007FFF9A
:10746000FFFFFFFFFFFFFFFFC07FFFFFFFFFFFFFEB
:10747000FFFFFFE0F8000000000000000001E0F066
:10748000000000000000000000F0E000000000002C
:1074900000000000F0E3FFFFF1FFFFF8000000F044
:1074A000E3FFFFF1FFFFF8000000F0E3FFFFF1FF53
:1074B000FFF8000000F0E3FFFFF1FFFFF80000001D
:1074C000F0E3FFFFF1FFFFF8000000F0E3FFFFF142
:1074D000FFFFF8000000F0E3FFFFF1FFFFF80000FE
:1074E00000F0E3FFFFF1FFFFF8000000FCE3FFFF07
:1074F000F1FFFFF8000000FFE3FFFFF1FFFFF800DE
:107500000000FFE3FFFFF1FFFFF8000000FFE3FFD3
:10751000FFF1FFFFF8000000FFE3FFFFF1FFFFF8BE
:10752000000000FFE3FFFFF1FFFFF8000000FFE3B2
:10753000FFFFF1FFFFF8000000FFE3FFFFF1FFFF97
:10754000F8000000FFE3FFFFF1FFFFF8000000FF7D
:10755000E3FFFFF1FFFFF8000000FFE3FFFFF1FF93
:10756000FFF8000000FFE3FFFFF1FFFFF80000005D
:10757000FFE3FFFFF1FFFFF8000000FFE3FFFFF173
:10758000FFFFF8000000FFE3FFFFF1FFFFF800003E
:1075900000FFE3FFFFF1FFFFF8000000FFE3FFFF44
:1075A000F1FFFFF8000000FCE3FFFFF1FFFFF80030
:1075B0000000F0E3FFFFF1FFFFF8000000F0E3FF41
:1075C000FFF1FFFFF8000000F0E3FFFFF1FFFFF81D
:1075D000000000F0E3FFFFF1FFFFF8000000F0E320
:1075E000FFFFF1FFFFF8000000F0E3FFFFF1FFFFF6
:1075F000F8000000F0E0000000000000000000F0D3
:10760000F0000000000000000000F0F800000000A2
:107610000000000001E07FFFFFFFFFFFFFFFFFFF13
:10762000E07FFFFFFFFFFFFFFFFFFFC01FFFFFFF28
:10763000FFFFFFFFFFFF001FFFFFFFFFFFFFFFFF39
:10764000FF007FFFFFFFFFFFFFFFFFFFC07FFFFF88
:10765000FFFFFFFFFFFFFFE0F80000000000000059
:107660000001E0F0000000000000000000F0E00079
:107670000000000000000000F0E3FFFFF1FFFFF852
:10768000FFFFF8F0E3FFFFF1FFFFF8FFFFF8F0E383
:10769000FFFFF1FFFFF8FFFFF8F0E3FFFFF1FFFF4F
:1076A000F8FFFFF8F0E3FFFFF1FFFFF8FFFFF8F04E
:1076B000E3FFFFF1FFFFF8FFFFF8F0E3FFFFF1FF4B
:1076C000FFF8FFFFF8F0E3FFFFF1FFFFF8FFFFF81F
:1076D000FCE3FFFFF1FFFFF8FFFFF8FFE3FFFFF11F
:1076E000FFFFF8FFFFF8FFE3FFFFF1FFFFF8FFFFE9
:1076F000F8FFE3FFFFF1FFFFF8FFFFF8FFE3FFFFF5
:10770000F1FFFFF8FFFFF8FFE3FFFFF1FFFFF8FFD6
:10771000FFF8FFE3FFFFF1FFFFF8FFFFF8FFE3FFD4
:10772000FFF1FFFFF8FFFFF8FFE3FFFFF1FFFFF8B6
:10773000FFFFF8FFE3FFFFF1FFFFF8FFFFF8FFE3B4
:10774000FFFFF1FFFFF8FFFFF8FFE3FFFFF1FFFF8F
:10775000F8FFFFF8FFE3FFFFF1FFFFF8FFFFF8FF7F
:10776000E3FFFFF1FFFFF8FFFFF8FFE3FFFFF1FF8B
:10777000FFF8FFFFF8FFE3FFFFF1FFFFF8FFFFF85F
:10778000FFE3FFFFF1FFFFF8FFFFF8FCE3FFFFF16E
:10779000FFFFF8FFFFF8F0E3FFFFF1FFFFF8FFFF47
:1077A000F8F0E3FFFFF1FFFFF8FFFFF8F0E3FFFF62
:1077B000F1FFFFF8FFFFF8F0E3FFFFF1FFFFF8FF35
:1077C000FFF8F0E3FFFFF1FFFFF8FFFFF8F0E3FF42
:1077D000FFF1FFFFF8FFFFF8F0E0000000000000FD
:1077E000000000F0F0000000000000000000F0F8D1
:1077F000000000000000000001E07FFFFFFFFFFF2E
:10780000FFFFFFFFE07FFFFFFFFFFFFFFFFFFFC066
:107810001FFFFFFFFFFFFFFFFFFF000003C000008F
:1078200007E000000FF000000FF000001FF800005C
:107830001FF800003E7C00007C3E00007C3E000003
:10784000FC3F0000FC3F0001FC3F8003FC3FC00305
:10785000FC3FC007FC3FE007FC3FE00FFE7FF01F4E
:10786000FFFFF81FFFFFF83FFE7FFC3FFC3FFC7F60
:10787000FC3FFEFFFE7FFFFFFFFFFFFFFFFFFF7FDD
:10788000FFFFFE0000000000000000003E3CE04260
:107890004440424440408040208040188040048E54
:1078A000400284404244404244427C38FE00000092
:1078B00000000003C00E7008101818181818181FC0
:1078C000F83FFC3FFC3E7C3FFC3E7C3E7C3E7C3FE8
:1078D000FC1FF80000000000000000018003C0074A
:1078E000E00FF01FF83FFC7FFE7FFE00000000006D
:1078F000000000000000000000000000007FFE7F8C
:10790000FE3FFC1FF80FF007E003C00180000000FD
:10791000000000A9AA456746696C746572696E67C4
:107920002073657474696E677300AB4A00506172AE
:10793000616D657465723A0028322D34302900ACCF
:10794000466173740068884E6F726D616C00AD5350
:107950006C6F7700CF10203B4E4F2053656E736FD6
:107960007200501C54656D700032185A65726F00B9
:10797000A2B8436C65616E696E6700491E3E3F5652
:10798000A2B8436C65616E696E6700BBBC4E54550E
:107990000085999AF4F5F2E353656C6563742043AE
:1079A0006F6E204D657300412A5D566A444F2D432A
:1079B000616C6962726174696F6E00412A5D444F47
:1079C00000415D444F00DCDD332500DCDD1C444F0D
:1079D0002500B9BA566A434F442D43616C696272FF
:1079E0006174696F6E00B9BAB6B9BAB7B9BABD43B6
:1079F0004F44203100434F44203200434F44203352
:107A0000006B1CB66B1CB76B1CBD5475722031002B
:107A1000547572203200547572203300B9BA434F46
:107A20004400F7F8544F43006B1C32185475722011
:107A30005A65726F006B1CBF3354757220536C6FA4
:107A4000706500B9BA3218434F44205A65726F000E
:107A5000B9BABF33434F4420536C6F706500C0C147
:107A6000534A434F4420436F656666696369656E98
:107A70007400143DEAEB1C43757272656E742061EC
:107A800062736F7262616E636500EAEB1C004162B3
:107A9000736F7262616E636500195A004162736FA1
:107AA0007262616E636500ECED32353400EEEF33E7
:107AB0003635006B1C54485475722053657400F2BF
:107AC000E3838445674D6573204D6F64652053657E
:107AD000740013F3F2E34627456753696E676C65DC
:107AE000204D65732054696D65205365740013F350
:107AF000F2E3838453696E676C65204D6573204D96
:107B00006F646500F4F5F2E38384436F6E74696E0D
:107B1000756F7573204D6573204D6F646500AEAF52
:107B2000566A4E48334E2D43616C696272617469C6
:107B30006F6E00806FB0D8806FB2B3806FB4B570D5
:107B40004820342E303000704820362E38360070F1
:107B50004820392E313800806FB0B1806FD9D8807D
:107B60006FDADBC9704820342E303100704820377E
:107B70002E30300070482031302E303100AEAFB69C
:107B8000AEAFB74E48334E2031004E48334E203210
:107B900000AEAF4E48334E006D563A0080566A70C4
:107BA000482D43616C6962726174696F6E00807008
:107BB00048000887D4232E5374616E646172642078
:107BC0006C697175696400D56F0887D4474200D627
:107BD000D70887D455534100342E30302F362E38F5
:107BE000362F392E313800342E30312F372E3030A9
:107BF0002F31302E303100191533566A436F6E64C1
:107C00002D43616C6962726174696F6E00F9FA5498
:107C10004453001915191533454300F9FAFBFC5379
:107C20004A4567436F6E76436F6566667365740099
:107C3000501C534A456754656D70436F65666673A3
:107C40006574005B1C134F456753616C205365746A
:107C50002055696E74000405505054000625000735
:107C60002525006B1C566A5475722D43616C696240
:107C7000726174696F6E006B1C54757200C4C54FDD
:107C8000525000C6462D00C7CE434C2D00E0E1E225
:107C9000566A43686C2D43616C6962726174696FE6
:107CA0006E00E0E1E243686C00DEDF75672F4C0098
:107CB000E0E1E243686C0021184869676820706F52
:107CC000696E7400E3E445674D6561737572652004
:107CD0005377697463680016E3E4E5E7E8E94C6FFD
:107CE0007720353075672F4C0021E3E4E5D8DEDFDF
:107CF000E6486967682035303075672F4C00CACB7D
:107D0000B6426761203100CACBB7426761203200BA
:107D1000CAE1CB42676100F632566A496E73696404
:107D200065205A65726F2043616C000E0D83844696
:107D30006163746F727479009D24999A4D6F6465C4
:107D40006C2073656C656374696F6E000001443765
:107D5000303200020342353830003134371C4D4C8C
:107D6000535300F2E3134F45674D657320556E6919
:107D7000742053657400081A184A456743616C20E3
:107D80004E756D2053657400321845675A65726FE1
:107D90002053657400BF334567536C6F7065205383
:107DA00065740008090A090B0C0D6D672F4C0067FC
:107DB0002F4C0070706D002500CD68FE4F69570094
:107DC000501CC0C1534A456754656D7020436F6DA8
:107DD00070656E736174696F6E00F2E3584F4567AA
:107DE0004D6573204765617220506F7273697469C5
:107DF0006F6E000E0F10111213436C65616E2043FD
:107E000079636C652053657400501C838445675406
:107E1000656D70204D6F64652053657400566A531C
:107E20004A0C5943616C20436F65666669636965F6
:107E30006E74006C1B4175746F00160B0C31307042
:107E4000706D0016171831303070706D00191A41BE
:107E50005443001B1A4D5443003218534A5A65725A
:107E60006F00BF33534A536C6F706500A3A4194F62
:107E700064426C616E6B004B3A00423A00BF33566D
:107E80006A536C6F70652043616C001318566A4F1B
:107E90006E6520506F696E74003218566A5A6572AA
:107EA0006F2043616C000887566A8F4F69572043E3
:107EB000616C204F6E65000887566A904F695720A5
:107EC00043616C2054776F000887566A434F6957A7
:107ED0002043616C20546872656500CC5D46756C0A
:107EE0006C206F787967656E0056322E312E360021
:107EF0008040201008040201245043415331302CAB
:107F0000332A31460D0A0000CDCCCC3D9A99993EDA
:107F10000000003F04000008000000000000000214
:107F2000000100001000000002400000000000A05E
:107F30000000000005400000000000C80000000034
:107F40000C4000000000409C0000000019400000B0
:107F50000020BCBE0000000034400000BFC91B8EE2
:107F600000000004B5400000504BCFD06607E2CFC0
:107F7000010000006C4100003E8251AADFEEA734F0
:107F800001000000D9420000DCB5A0E23A301F97A2
:107F9000FFFFFFFFB4450000FD25A0C8E9A3C14FC6
:107FA000FFFFFFFFFF3F0000000000800000000017
:107FB000FF3F000000000080000000001881020860
:107FC00000000020AC58000060010008E49D020899
:107FD000AC58002044450000C40100080000000027
:107FE0000000F07FFFFFFFFFFFFFEF7F1C0000009E
:107FF00043000000F8FFFFFF0C0000000E0000002F
:108000000F0000002E0000001001000043000000DF
:10801000F8FFFFFF004040404040404040404141A9
:10802000414141404040404040404040404040404D
:1080300040404040400502020202020202020202E7
:1080400002020202022020202020202020202002E4
:108050000202020202029090909090901010101074
:108060001010101010101010101010101010101010
:1080700002020202020288888888888808080808A4
:108080000808080808080808080808080808080870
:108090000202020240000000000000000000000098
:1080A00000000000000000000000000000000000D0
:1080B00000000000000000000000000000000000C0
:1080C00000000000000000000000000000000000B0
:1080D00000000000000000000000000000000000A0
:1080E0000000000000000000000000000000000090
:1080F0000000000000000000000000000000000080
:10810000000000000000000000000000000000006F
:1081100000000000000000001200011210044301E2
:10812000000100051C68FF1F00016360600A8318DE
:108130001806200E02040404080810101020204025
:108140004027400C44A4A8A8B0541A2A2A4A442D17
:108150004324420132243050050008380801323EE1
:1081600057123C1B60080204081020427E103009A0
:10817000020418040242423C30400B040C0C14244C
:1081800024447F0404A1500C7E4040407844020205
:1081900042443860100540405C626043221C20521B
:1081A000429173101060322485415013384490502E
:1081B00005463A02029010081010182828243C1690
:1081C00032E7402006F844444478243344F8F7204A
:1081D000053E42428001617053F844D05120B00CFA
:1081E000FC424848784848404242FC104004404025
:1081F000E0801344444050048E84444022E73C22F3
:108200007E054170637C1001427C70651F1005087B
:108210000888F070300CEE44485070504848444490
:10822000EE4053E040013342FE9023EE6C011254C5
:108230000132D620500CC7626252524A4A4A464620
:10824000E2F042820151C022FC80737C40A0612098
:108250006005B24C380620227C6F6742E30037404D
:10826000209041A063FE92B091D035E2623CE05490
:10827000074424242828188022D69B1004546C28F4
:10828000015130540824241818182424709006EE44
:1082900044442828502B7E84506720205045B44801
:1082A000060C34444C36AA1006C040405864C473CF
:1082B000645820171C22155900140500060202B448
:1082C00015E47A3BBB19045B7E40509406000C1207
:1082D000107C7035E4159D53403CC25AC05055A0E7
:1082E00094063030000070A0130C0C70320401535F
:1082F000447890164EA35648A0C71070D03534224B
:10830000490172ED1092DC6069A469F0212042D825
:10831000E055A2100500001A261F5005261A020774
:10832000501004EE32200182F8C0540542403C0255
:10833000A029D231E073120C50D6C610557471903A
:108340007008DB894A5A542424303676A2726E3083
:1083500045B46F101002041F7E44F2038F227E1C6E
:1083600004910B1DE203180408087FC5857C1E627A
:1083700091035E0830045A00EF21093D3F045DACD3
:1083800003200A1008080402000040200A2D1E04E1
:108390001D5204C240C000052D7B40400001100466
:1083A0001C003E0202131C1C200803E007300E389C
:1083B0001C010004100C380E02231C0C1C0C0713AB
:1083C0000E38073003E011051005C001C01F04017D
:1083D0001E0200051203E01FFC9C300A07F00C3C53
:1083E000181C300E306E13000EAD10081C00380043
:1083F0007000E034000F1480030006060C06180617
:10840000300E3FFC3F402008E01C703838381C021A
:10841000613C11AA127848120C4E41C6120CE103BD
:10842000143807C012706C1005F000F0010210043F
:1084300003700602120C02300B1870387030706036
:10844000707FFE203102071203FE5C80070FFE0FD3
:10845000FE18000214041BF01E4E32187C618000CE
:108460000417301C3080340501F0071C65313E9440
:108470000A38003BF03F383C1C3C8C211F0C071293
:108480000E1C0F3803F090061C0B1FFE1FFE180C6D
:1084900038183018A30330043000600216C096422A
:1084A000800292030205148025FE45FA14093C0E51
:1084B0003C0C1F1C0FB054400AF8387C383C701E2E
:1084C000700E0205184015801406303818381C3517
:1084D000512C540B700E781E383E1C7E0FCECE16DB
:1084E00018A00007657038E00FC00001033A7FFF55
:1084F0003E25F1B562C008003180318060C00221A4
:1085000014CD2C08100406001E04011202E31F8083
:1085100050414425A619E219A9100418003060B68C
:108520007F2224083E006300618061C42406000F9E
:10853000000180D62186CC0461803FC2031300076E
:1085400002120F0210041B003302100663007FC0EA
:1085500003161136B1502B3FC021292530043F00AE
:10856000394E01145020040F0019F0194770047F90
:108570000071F8E330C0F0327F8C416A21E6920C42
:10858000020114F02142854AE150211C56616834F1
:108590000661C033C01E20140431803358093F12D5
:1085A00009257C252261061DC506101840102010E3
:1085B0002013FEFA02144410401BFE3088D08811AC
:1085C0000810D0161C0550508823A2071013481C11
:1085D00049E0490049007DFC41444144794449282F
:1085E0000210111049104A284A448C8208000BF8E6
:1085F0000A081202101333F83040504097FC10E084
:1086000011501248144418425C103440100011FC00
:1086100011041104FD141108110015FC1944314412
:10862000D12811281110112851442182040004007E
:108630000FF01820644003801C70E00E1FF01A62D7
:1086400010064005101001000240137FFC03800556
:108650004005400920111021084FE481021810182C
:10866000200017FC0004408440845FF4408441846F
:108670004284448448845008200741044014400840
:10868000801E10000B1013FC0013FE302038205504
:10869000285524922412221422E24004A010405CA7
:1086A0002106233FF8681019FFFE050008881850BE
:1086B0002820C9180A060C0008200820FFFE082000
:1086C000432008F83F00111008208C218810083141
:1086D00018C1060100027D100608201FF002161CBA
:1086E00012082010902308CC4601800610182000A4
:1086F000C007A30541BC613021D2610412006C396E
:10870000B4000412FE2000021240023280FC432119
:10871000080211A22208B043410402127FFA1C1879
:108720000040784048A05110520865F6504048403B
:108730004FFC48406A5052450A2009484441404095
:1087400080084002100D13F81040308037FE508032
:1087500091000C2004081110FC25FA258011E0235B
:108760000008181404103020C236FEB81102240587
:10877000114010803C180613FE1020FC26300A1011
:1087800020142018203020D00C1C07102050A020CE
:1087900040C50740062004403FF8A051A635486573
:1087A000BA2408210811080910093812F867116B5A
:1087B000523F0831102004003FF04D11061C040404
:1087C0002004400711FB2570110D1C062000A0009D
:1087D000403E0C10093C0BE0122012203202100720
:1087E00053FE9220121002400A12120A128A132615
:1087F00012128A14181120112CFD34116413A411C3
:1088000024113411281D22E12241020060320202AB
:108810002303FC06416A216C480B00002488224493
:10882000424480045E41BA61C231CA10050A0102A5
:1088300001422602C05807FE4002800400221005B3
:10884000110011F8041C0600290047FEF50415A7C5
:10885000127C04200801FC0044FE44200219801808
:108860000A4484FD044504022804C0200B00803F14
:10887000FE222022203FFC061C0F23E020002FF0C8
:108880002410422041C086300E08180540044004E0
:10889000641D570D20060840049FE2F82110194C72
:1088A000172021C01DEA051C05FC00800180041C66
:1088B00008056009183104C13B0929422D470B31D5
:1088C00008199958081FFC20005FF0905ACD5003FA
:1088D00018050028002462201A202FA420242FA885
:1088E000289828924FAA4046808201004884481266
:1088F00087F2E02988230FE0741E0FCA0C140F7F43
:10890000FC40044FE4482448244FE4400CE019F4B0
:1089100061FC45D81702800F19F6440D3018C006C7
:1089200020403F7E489085082650089FE410201F75
:10893000E010A249E681AE29F22208B01AF0552DC6
:10894000950315E0496A1C1B13FE18805490509043
:10895000511291521154129012281428104410846C
:108960001102C0033D120412FD041006311039102B
:10897000550218069110111211031C04120E140056
:1089800004140413FC1043300447C4440181083E1E
:1089900040000425F0101A3B7C211441FE7A14A2F9
:1089A0007C2710F97C251025FE22102A103500287E
:1089B000F821F61D540428042011FC6048075420B7
:1089C000902017FE5451021C2B0010FC3C24242440
:1089D0004854BE882A102A503E7C2A902A103EFE17
:1089E0002A104A10421086102420FF20247E7EC4C4
:1089F00082287A120534047AC6054E19E219541AEF
:108A00002050340A200023FC22042204FBFE2413FD
:108A10002BFE3220E22022FC228422842484A4FC27
:108A20004884702184410229FA410A2D60031D699E
:108A30000F157A180501FCFD24D61AFCDA38042437
:108A40007DFCEE11068C061C20E0204340042280B1
:108A500002100A2FFC20842084210421703C08226B
:108A60000444044828906604151F150D477FFC2216
:108A700044094AA44A9451144204202405000023C6
:108A8000F88B1A80CE600A40801080110021F8E037
:108A90008F2C0450002016052C107FFE41029D747F
:108AA00001001D7002800C6032C8041C06E000202A
:108AB0000640B0073E4020031D5E03AC0D44442F2A
:108AC00088111022484FE40020FE031160741DFC41
:108AD00012041204820443FC4A000A401244124861
:108AE000E270224024422442283E10C00113021D9D
:108AF000C0051208EA1D21043C11A810A4FCA21113
:108B00002231203A24542454289088102C0410C078
:108B100013480C19401C1217FC84844888414011EA
:108B20004413482530E9202124061E215E065F01FA
:108B3000002003151E1C0540801FF8D00411E41509
:108B4000A262800210082200227C7F442202333E6F
:108B50007C06134422081404FF4404A21C0441149C
:108B6000827005100400801FA221023E1F4A061ECB
:108B70001072061404240424601C0487FC041604E8
:108B8000513824087C01200110FFFE222D180361BA
:108B900016255C1E3FA0031C044FF080800459F88A
:108BA0002102120A024C0406000260032934500913
:108BB0003E08224822483E48062C080822082A2857
:108BC000241060041FFC7C0A031C0C0822FE3C924B
:108BD000649264FEA492C106110C44072512210A76
:108BE0000204002E102D062F40F04C0322A0021C80
:108BF000071510191012081F119D2E047D3204B1A3
:108C00000E11401DFE075C111202849441084A6453
:108C1000089011081204E5FA72061D70064DA003B3
:108C2000280AFE7C2084288849207EA63C0E500E0F
:108C300050F8504888088809040A028C0A7DC00F41
:108C40008E3FAA0E5DDE06500800027BC24A424AF1
:108C50000163FFEA0A1C084A425A42854A08000397
:108C60003E21EC071C060110020EF484061D2608A6
:108C7000100710109014A018CA2C0503180C062811
:108C80000610087C08440845FE4406110A1E88D9CF
:108C90000632480A1E08DC040E1010C0052DA2057D
:108CA0001E09A60A2C04058018000591944D94060F
:108CB000116E1C09082104410281020514068DAAC7
:108CC000046DA2046DE2051C062900450083900393
:108CD0001C1449202A20083EFF442A44494488A401
:108CE0001028FE2822FA032C0D642818283444C2C8
:108CF0008210A0112C9A032FFDACA0035C0B15FC75
:108D0000182031FCD088105040098E065A081C07E4
:108D10007FFE42028424480E1D1E082DCA077C07D0
:108D200011202510420820093D260911402C05007C
:108D300033FED090042C083C112052A0247EA009C0
:108D40003C1E202023FE4840F888110423FE409258
:108D5000F890409000901912E112420E040008E2CF
:108D60000729941D1B0D1C0508520892DC073102CF
:108D70001D40042F1FFE790F2F23F89E091C078327
:108D8000F842084208FC0730070027FCE4A424024C
:108D90003E2F20074DF6083D990F1D88041E04EB59
:108DA000062DE2056DE005560124A1041C07010013
:108DB000088448923E062DB6121D160911861C0520
:108DC0002010403FA6061DF8081E084E094E04A6B6
:108DD000091D0207D70000624C0D0440444424449E
:108DE000144814500440000910047BF84AB81004D9
:108DF00053F862065C124BF84A444A486A305220E3
:108E000042104288430642A00A441111FEFC0010A1
:108E10008831043A02548850889050601C051088AC
:108E20001306E00813200BE81404100031023C0480
:108E3000500091EE094D740A21061D2E051C0424D4
:108E400010A43E045C0DA8102033FC3804540450D8
:108E50000491D0032D7A041E003A0515F02EFCDE95
:108E6000143008F3E4122412241306180617E41829
:108E7000041060AD60053D62052D6A051C09902057
:108E800088208840805F00082D200A3C0A7F200847
:108E90002808240F22F0B0051F3FF83B0731025687
:108EA000FF605DE809A2F8062D490331061D1E0486
:108EB000180440009F7A1E7F080314130A107FD005
:108EC00004103F900412FFEA040A04060402E02C96
:108ED00004480A48600B1E3100072C04511090E032
:108EE000033DE8031E11E2032F140680052D6E06D4
:108EF0002D86092D4604C56E45D42D50092D2C0B09
:108F00004D560B3E11A60465E01D60062EFEDC09E1
:108F10001C1811FC21243D2465FC6524A52425FC96
:108F200025203CA0244020B00340031347FCD73C3D
:108F3000094003F80088E08827AC0A1F23F89C0446
:108F40001C0708320823F80240061D56051D230899
:108F5000C31008082D29042805402880109E2F0FD3
:108F6000FC4404140433F832E61A92843212042BBF
:108F70001208A07DC0093B20FDF4410218081D2005
:108F8000E120412007A08D76084D4A0321122F08C9
:108F900088BC0849802DD6062DC00B2104E9A87293
:108FA000FF408D22048D26044D400C2DC80A1E3C26
:108FB00063132C0441FCBD66073F24FD6A074DEA9C
:108FC0000A1610F91C06014041202180032C0802DA
:108FD0002016201BFC12C2091EFCC20721088C05AA
:108FE000FE22000280063D77081F14441C061C0B5D
:108FF00044E040204820442FFE247E053D220CCD35
:10900000B209AE10C0093D900435967C0829282588
:109010002445448130044D98093DE00C2C068440E1
:10902000A44094E00C2C0E4EA44AA44EA440C44686
:109030005458B441C4070E240C1C0E3E7E4E0C1E28
:109040004033123E44100B124208AE38C9131C04C0
:109050001838241F04A1028C04243E18A80F3C04D5
:109060003C1842DD171004024204261DBD0A1D6A89
:1090700017927E2012FC521248023C0878DC4862AB
:1090800048424036178EFCF6142D81182E70F209D6
:109090001E3ED5091C04441038B106BC083C1042E1
:1090A0007C42003C940E1D7F151E3E5B05211D1267
:1090B000021FBE7C831331C010045C0062BC4102FD
:1090C000A15F1C073E0042C04240E3072C075C80C2
:1090D00062804280D417EC044238E7F40E11601C21
:1090E00004DC1062BD0531020F107CE7FA182E3C3B
:1090F00050162C05407E3C40951802117C20317A98
:10910000254E81BC1E0E0C0C1E21C40F3E31E810F2
:1091100041025200062D7E052DCA071C1C23F8F8BB
:109120000027BC24A42CA437BCE0402FFE216022E1
:10913000502448B846404009AC063C0E090011FED8
:1091400012803280348050F890A2084F10FCAA0898
:109150001F1080D3041C04480040C20B1DE8082ED9
:10916000209E08100444222802440A122A32444A4B
:1091700040868102D91FFE40140A5244021C078413
:1091800010841E84F1240E2D800C6DD81545353CBD
:1091900004D8426491181D54171C064258E7400039
:1091A000EF0B1C09902090109013FC0054061FF048
:1091B00090FC0A110E2D7C0F1E12FD041E47200B81
:1091C0005E0422064DF60B2D38042DF00E3DB00C3A
:1091D0002C061040088006A80F1C0517FC11106013
:1091E0000F1DE0031C043BF856E4031E9010036DB2
:1091F000A00419171244022D9C041D2A0D3E3E8E18
:109200000E1DFB041C07220F12780A2000091E0005
:10921000E5183F27FC60044C0440E7FE5C042D6029
:1092200004122B4E1C04222802160D1408203C2781
:10923000C02040F8361C0820402940365CE4400637
:109240001004275C24062C04A7FC44C0051C16400F
:1092500017FE11208120423C424416641294234898
:10926000E2482230720D9C0550228803A00C6D98B4
:109270000E1D13072E20740B1D680D2D600E2D3E44
:10928000071F4023360F1208481E3055061D000FD9
:109290001D620E2D96032D66060D18241B8D261BB0
:1092A0000D13441B4E0043173D300E1D2E0E1D7432
:1092B000043F0041601065442DF20D1D80051D3EE8
:1092C0000E200C4440548054FE5508568854021F0A
:1092D00050543E086C092850248845048202600DD1
:1092E0003DFC0F2DBA041F0021500ADC0A030405BF
:1092F000041928E11001A9160E13FFC015CD980915
:10930000E12A11925D260F1009024002200210028C
:10931000080261123DDE096DCA0F6DFA0E61024D41
:10932000E0066E0242101DE4055C06304057FC90DA
:109330003E104F104080081D60161DE7055E1FE6B9
:10934000043DD8111DF0093D000E1D600C7E001675
:109350000B5D06104DFE105E040E103D2C07FD9CAB
:109360000F3DA40F1C0441084160068D52112D5E73
:109370000E181022003EF822883E9022502F20F234
:109380005042006DE8056D440689C465801C0422C6
:10939000401220111E04680B4FF7FC7E062D0008BA
:1093A0004F141C00031C04200027C2031C042110BE
:1093B000F0EC102C0921B0264E3040E3F88C032944
:1093C000B41EA08C1A2DC010654020057FFC0480BF
:1093D000021DB4071F80108A0D2F407CC0114E1152
:1093E000FC103D3412680511106008045D80072CE4
:1093F00004047F8476081C071224FFA412242A0E7A
:10940000980514410881AC1D7E111EFC140B13F845
:10941000FD043C15110E17F8180837BCD0A412A48F
:109420001128129054A8284698125D9E081D260403
:109430002DA8082D2A041408222012280A3006CF4D
:109440001D600A1C11200824104430F848108423A1
:10945000024000FDFCA6087D400E4D680E1E25BB97
:10946000102C05F82010FC720E1C04FDFE40150D9A
:109470001C041C2AE001082D87121D60031DC00773
:109480001C0683F8404047B0071E139C035EE3A40C
:10949000032DA0036D20112F8824C2102D6E0C8582
:1094A000722D180C4D00074DF0087DF408910C2525
:1094B000621409500050F0230C02040D41021DF902
:1094C000083C04030C0130092DC0092C083CA420E1
:1094D000A84020BD280B2DA0073DA8071C04145050
:1094E00018100B4F02029813BE0136076DDC072DD2
:1094F000E00B1E00401B2D300F2C0B002003FEF054
:109500000210941050600C1C0A13FE14281844100A
:10951000820380041F207C400E201AFE8442447087
:1095200047C41444143C2420E41024542542294206
:10953000294A1238402D20151C0D822242244A202F
:109540000BFC1284128860041C0550222024A20304
:109550000F1E090600145DE0101007F81848544863
:1095600050023D5E131DA20D3D64051DC0094DF066
:10957000041C0A3208ABF8A000A7FCA4960B1D0E31
:10958000051D3606AC09211020E023182C06200A00
:109590001E041E0AC01140500810FFD01112320ADA
:1095A0000C0A1B066082201C0424900B3E0D4C0DFF
:1095B00060500412248A0B0A10866042B8173E04D9
:1095C000BA161004140024021E44F41615649F6099
:1095D0001FC004DC0518082438FF07900408183E53
:1095E000201138CD8007DC0522601C6020085C0853
:1095F000404240245C186206209F223C8D1B1E388E
:1096000005064DB6073C0446003A820890042460E3
:1096100018807004083C38775E088A08AF3E3C6AC0
:109620001C1D371AD20802FE3E99073E426D092DD5
:1096300063123E20A7072DA6204DE0031FFC841CCB
:10964000153E402A061E215C0A1004212022016FCB
:10965000241EBB1C1F3E383108738280021F4282C9
:10966000281E9D210972F8C06D7E08AF4400530585
:109670001008C7FE629262105202324A021246027B
:1096800092E240D2E73E9E42400891C02D2B0A3E16
:10969000187307D1215C173CC74262426202520430
:1096A00052184A044A024A424642463CE2831D1F7F
:1096B000481412081C054108BE48860C1C0D287F62
:1096C0000E08782A082908490888950C1D5D101D88
:1096D00070074C1200407E400240046008501A4857
:1096E0002C444A440A860751022C050A48095002B4
:1096F000033C083402380451F090E0101D081219A0
:109700009E1E17BA115DE0091D1C21100848424831
:1097100080788048021D69099005424044E0E05E7F
:10972000E0600A8102AF42004B1C1738FC5F210247
:1097300010047C82480216445FCC044238E3400A9D
:109740004DD609727C42AD8B1B7D600A000511006D
:10975000487E48202B3EE07E728002119F0C042838
:109760004238FE200A5D9F0AB1024D05206D961316
:109770008C0B0480248024FC24A02510E20D2D38BD
:10978000154DB4132D640F1F13F844131C13BC5450
:10979000A417BC2040EFFE215022482C4620400157
:1097A000760C19763E0860131D6A095C1017FE24BA
:1097B00092E492256A26462402240A0480162DDCAF
:1097C000073C0A7D9005A009400940113C0F4C045C
:1097D000410681C004FDCA0BFDDC070D1B80068518
:1097E000011D20031C0640C6204218C30B1DE321A7
:1097F0002C0446427BB7164DA3115D78051D9B17BF
:109800002C041C1022AC0D2D42060F10401C851F8D
:109810001EFE081A6102CEEDC91B31603C0EFE200F
:1098200049184904490249424942ED46221D80191E
:109830003D1C181C044908F9DC112DB6071C04F95D
:10984000F841CA087C061908E1084784082E3C8CB8
:10985000231804448044611C04448E428C051E423B
:10986000A8219D4C123EE7E8211D620471C0CDA0E5
:109870000B2D06171E18EB161DED161DA40BFE442E
:10988000200C3D8622B1012DE720AD200D6642025D
:1098900069000C0428601060200D3D2105BD2104E5
:1098A0001E60E1042D000C2D3610200C21FC390423
:1098B0004A0455F4811421021EF4A2153C072829FC
:1098C00012310220600B1E0E26062DD9121EFFE15A
:1098D000121C0418441C68121E2AE3123E88E1126E
:1098E000D6088027C63E1B280842384240463C7BAB
:1098F000F3563CC03EE0540A3DCC0A55C01E42150A
:109900000C31811C040020788F0E2102434BFE088D
:1099100021106D671A25A02DD5131C0449F8F8896C
:10992000141D60121C0D20FA22417400A81924E2B3
:10993000224080194D181B2DD6072D280AEF042030
:10994000C012AF00006E0F2DBE1B410441341D68D4
:109950000B4C06001DFCF104E2121E10981D1C04A5
:1099600039FE5466173E91C8163E13A0123DB3054A
:10997000527EBA1E781F0E2D830A48064208440400
:1099800038FE1E4024162D3115ADFB052DF01104B7
:1099900004102000407F76C6E0F80546187B00E101
:1099A0005F3E08800E1DF40F753F11612EE0AB1C69
:1099B000AD15051DDC1752FE612C0507F87908F07E
:1099C0001C18054920493CDC1C08044A887A884A4E
:1099D000503E0C3F5008600A8DE01A6D6A17158AD8
:1099E0004D260F6E3E9D1E2F3C7EA0041008424067
:1099F0000278044408E01DF4249F447E40050D11C4
:109A0000A007AE008A1E4D60071DC4051D600759E2
:109A1000FFBD60070D1AE00F10197BFE480051FCD6
:109A20005104610451FC48004BFE4A8A6A5253FEBD
:109A30004222021F2A42C0161C0A03FC190C2504EC
:109A400025041984151D222221063D3E095D4C2165
:109A50002F04271609100554855445021215021CBF
:109A6000052554E55462181C068422442414ED2371
:109A70001D6F051D12132DF4131F080A71191C0701
:109A80001040E0A020A080172C051022082480168A
:109A90002D400A1EFEC80E3C05A00120F3BE185E34
:109AA0001062195C04282047800A1C0421FC24371A
:109AB0001B17FBFE182C0F944050FD10409003FE26
:109AC0001C28E04440A0091D80122DEC0D1C080547
:109AD000F40444E444277A176C0D25F425142D145E
:109AE00035F4240404147C241C04FE3892CE09B1FD
:109AF00002BDC0074D9F047DF517FD001113FEF850
:109B000040B24202BD80045D3F051DA81D8D9F0728
:109B10004DC5272D9F252F2020540B1C0650409308
:109B2000FEFC321D2C0811FC1C04F08850A2142DE0
:109B3000EC272DCE0F1DFA041C04FA1015C21914BF
:109B40000719243124D124102DC2141C0A88510471
:109B500026020008301094033C0740488049003238
:109B6000BD082C0C130C249244928492049203D8C6
:109B7000255DE0173E87BE19158A15042D020F2DAD
:109B8000000F3E27801801FF0101FF0101FF0101C5
:109B9000FF0101FF01019D011FF87E4C2E3E043D97
:109BA000175E085F068F10F8962B5C0400183C3691
:109BB0000F7D6117B0052442187E401D26141C0538
:109BC00044407878390D2E02C00B0C05104444F83F
:109BD00038A01711364109110BAE3CA0176EFCFEE0
:109BE0000A6F7C7C562E9EE0610DFC04FE00920004
:109BF0000DAD200710064400A400A8021008B00014
:109C000054001A002A024F4A00F52F0D1FC006CD3E
:109C1000400C1F3E49461D7C0849384940493CEDEF
:109C2000E40E0D1BC00ACDED0C3E3E4E161E38DA7A
:109C3000090E103C450F1D4F2D5C04D86464E016DE
:109C4000C004645858E40D1BC00C0118E10D1D0040
:109C5000132DC0161E209C161E00780E1C0447FCF7
:109C600050881C1C0423F8E2F2174DF6172D201B18
:109C70004D16254F2FE87A1A2C05200827C81C1CE2
:109C80003C0427C840201B0D1E80200D1E201F0DE8
:109C90001E001BDD200D2FC62427173D652DCFE7A5
:109CA0003B422D3DF40E6E3C1E190C052812420C51
:109CB0003C201A7D800B1D61185D800BDC0464184C
:109CC00058A50F25A02FFE641B0E1D1F0E8C0564CA
:109CD0004958EDE40F100810FE1092181028021ECB
:109CE000241A1A4D8B090E29E7C0094007EEFE6CB5
:109CF000926C10025254020004FFD638000101FF9A
:109D00000101FF0101FF0101FF0101FF0101FF014D
:109D100001FF0101FF0101FF0101FF0101FF01013D
:109D2000FF0101FF0101FF0101FF0101FF0101FF2F
:109D30000101FF0101FF0101FF0101FF0101FF011D
:109D400001FF0101FF0101FF0101FF0101FF01010D
:109D5000FF0101FF0101FF0101FF0101FF0101E21C
:109D60000110067F6E02088404128904128E041208
:109D70009404129A0412A0184DA2391DE4435E0EF9
:109D8000AD390D23CE25DD9D4C0D3D1C2612AA8C30
:109D900012B1A42DF35110051F1C1F1E0231050125
:109DA000268E057A5C0006A16D06010800014709B0
:109DB00011EC8D79531E1F83511E1FCE4E4104811D
:109DC0000A01B401071CE9CB8883711F20091FE534
:109DD000021401222DCC477E0EF43EC1080146013B
:049DE000000000007F
:0400000508000125C9
:00000001FF
